region,area,gym,sub_area,group,role,trainer_class,name,game,version_group,canonical,tier,tier_note,prize,prize_note,team_size,slot,species,ndex,level,gender,type1,type2,ability,moves,held_item,page,source
kanto,Pewter City,Pewter Gym,,,leader,Gym Leader,Brock,FRLG,firered-leafgreen,1,base,,1400,,2,1,Geodude,74,12,male,Rock,Ground,Rock Head,Tackle (Normal); Defense Curl (Normal),,Pewter Gym,bulbapedia
kanto,Pewter City,Pewter Gym,,,leader,Gym Leader,Brock,FRLG,firered-leafgreen,1,base,,1400,,2,2,Onix,95,14,male,Rock,Ground,Rock Head,Tackle (Normal); Bind (Normal); Rock Tomb (Rock),,Pewter Gym,bulbapedia
kanto,Pewter City,Pewter Gym,,,leader,Gym Leader,Brock,PE,lets-go-pikachu-lets-go-eevee,0,base,,1920,,2,1,Geodude,74,11,male,Rock,Ground,,"Tackle (Normal, Physical)",,Pewter Gym,bulbapedia
kanto,Pewter City,Pewter Gym,,,leader,Gym Leader,Brock,PE,lets-go-pikachu-lets-go-eevee,0,base,,1920,,2,2,Onix,95,12,male,Rock,Ground,,"Headbutt (Normal, Physical); Bind (Normal, Physical); Rock Throw (Rock, Physical)",,Pewter Gym,bulbapedia
kanto,Pewter City,Pewter Gym,,,leader,Gym Leader,Brock,PE,lets-go-pikachu-lets-go-eevee,0,rematch,,13680,,5,1,Onix,95,56,male,Rock,Ground,,"Stealth Rock (Rock, Status); Iron Tail (Steel, Physical); Rock Slide (Rock, Physical); Earthquake (Ground, Physical)",,Pewter Gym,bulbapedia
kanto,Pewter City,Pewter Gym,,,leader,Gym Leader,Brock,PE,lets-go-pikachu-lets-go-eevee,0,rematch,,13680,,5,2,Kabutops,141,56,female,Rock,Water,,"X-Scissor (Bug, Physical); Rock Slide (Rock, Physical); Aqua Jet (Water, Physical); Brick Break (Fighting, Physical)",,Pewter Gym,bulbapedia
kanto,Pewter City,Pewter Gym,,,leader,Gym Leader,Brock,PE,lets-go-pikachu-lets-go-eevee,0,rematch,,13680,,5,3,Omastar,139,56,male,Rock,Water,,"Blizzard (Ice, Special); Hydro Pump (Water, Special); Seismic Toss (Fighting, Physical); Reflect (Psychic, Status)",,Pewter Gym,bulbapedia
kanto,Pewter City,Pewter Gym,,,leader,Gym Leader,Brock,PE,lets-go-pikachu-lets-go-eevee,0,rematch,,13680,,5,4,Aerodactyl,142,56,male,Rock,Flying,,"Crunch (Dark, Physical); Rock Slide (Rock, Physical); Earthquake (Ground, Physical); Iron Tail (Steel, Physical)",,Pewter Gym,bulbapedia
kanto,Pewter City,Pewter Gym,,,leader,Gym Leader,Brock,PE,lets-go-pikachu-lets-go-eevee,0,rematch,,13680,,5,5,Golem,76,57,male,Rock,Ground,,"Earthquake (Ground, Physical); Rock Slide (Rock, Physical); Fire Punch (Fire, Physical); Thunder Punch (Electric, Physical)",,Pewter Gym,bulbapedia
kanto,Cerulean City,Cerulean Gym,,,leader,Gym Leader,Misty,FRLG,firered-leafgreen,1,base,,2100,,2,1,Staryu,120,18,none,Water,,Natural Cure,Tackle (Normal); Harden (Normal); Recover (Normal); Water Pulse (Water),,Cerulean Gym,bulbapedia
kanto,Cerulean City,Cerulean Gym,,,leader,Gym Leader,Misty,FRLG,firered-leafgreen,1,base,,2100,,2,2,Starmie,121,21,none,Water,Psychic,Natural Cure,Rapid Spin (Normal); Swift (Normal); Recover (Normal); Water Pulse (Water),,Cerulean Gym,bulbapedia
kanto,Cerulean City,Cerulean Gym,,,leader,Gym Leader,Misty,PE,lets-go-pikachu-lets-go-eevee,0,base,,3040,,2,1,Psyduck,54,18,male,Water,,,"Confusion (Psychic, Special); Water Gun (Water, Special)",,Cerulean Gym,bulbapedia
kanto,Cerulean City,Cerulean Gym,,,leader,Gym Leader,Misty,PE,lets-go-pikachu-lets-go-eevee,0,base,,3040,,2,2,Starmie,121,19,none,Water,Psychic,,"Scald (Water, Special); Swift (Normal, Special); Psywave (Psychic, Special)",,Cerulean Gym,bulbapedia
kanto,Cerulean City,Cerulean Gym,,,leader,Gym Leader,Misty,PE,lets-go-pikachu-lets-go-eevee,0,rematch,,13680,,5,1,Golduck,55,56,male,Water,,,"Scald (Water, Special); Psychic (Psychic, Special); Ice Beam (Ice, Special); Light Screen (Psychic, Status)",,Cerulean Gym,bulbapedia
kanto,Cerulean City,Cerulean Gym,,,leader,Gym Leader,Misty,PE,lets-go-pikachu-lets-go-eevee,0,rematch,,13680,,5,2,Dewgong,87,56,female,Water,Ice,,"Aqua Jet (Water, Physical); Ice Shard (Ice, Physical); Waterfall (Water, Physical); Iron Tail (Steel, Physical)",,Cerulean Gym,bulbapedia
kanto,Cerulean City,Cerulean Gym,,,leader,Gym Leader,Misty,PE,lets-go-pikachu-lets-go-eevee,0,rematch,,13680,,5,3,Vaporeon,134,56,female,Water,,,"Hydro Pump (Water, Special); Blizzard (Ice, Special); Quick Attack (Normal, Physical); Shadow Ball (Ghost, Special)",,Cerulean Gym,bulbapedia
kanto,Cerulean City,Cerulean Gym,,,leader,Gym Leader,Misty,PE,lets-go-pikachu-lets-go-eevee,0,rematch,,13680,,5,4,Starmie,121,56,none,Water,Psychic,,"Hydro Pump (Water, Special); Dazzling Gleam (Fairy, Special); Psychic (Psychic, Special); Thunderbolt (Electric, Special)",,Cerulean Gym,bulbapedia
kanto,Cerulean City,Cerulean Gym,,,leader,Gym Leader,Misty,PE,lets-go-pikachu-lets-go-eevee,0,rematch,,13680,,5,5,Gyarados,130,57,male,Water,Flying,,"Waterfall (Water, Physical); Crunch (Dark, Physical); Outrage (Dragon, Physical); Iron Tail (Steel, Physical)",,Cerulean Gym,bulbapedia
kanto,Vermilion City,Vermilion Gym,,,leader,Gym Leader,Lt. Surge,FRLG,firered-leafgreen,1,base,,2400,,3,1,Voltorb,100,21,none,Electric,,Soundproof,Shock Wave (Electric); Tackle (Normal); Screech (Normal); SonicBoom (Normal),,Vermilion Gym,bulbapedia
kanto,Vermilion City,Vermilion Gym,,,leader,Gym Leader,Lt. Surge,FRLG,firered-leafgreen,1,base,,2400,,3,2,Pikachu,25,18,male,Electric,,Static,Shock Wave (Electric); Thunder Wave (Electric); Quick Attack (Normal); Double Team (Normal),,Vermilion Gym,bulbapedia
kanto,Vermilion City,Vermilion Gym,,,leader,Gym Leader,Lt. Surge,FRLG,firered-leafgreen,1,base,,2400,,3,3,Raichu,26,24,male,Electric,,Static,Shock Wave (Electric); Thunder Wave (Electric); Quick Attack (Normal); Double Team (Normal),,Vermilion Gym,bulbapedia
kanto,Vermilion City,Vermilion Gym,,,leader,Gym Leader,Lt. Surge,PE,lets-go-pikachu-lets-go-eevee,0,base,,4160,,3,1,Voltorb,100,25,none,Electric,,,"Thunderbolt (Electric, Special); Swift (Normal, Special); Light Screen (Psychic, Status)",,Vermilion Gym,bulbapedia
kanto,Vermilion City,Vermilion Gym,,,leader,Gym Leader,Lt. Surge,PE,lets-go-pikachu-lets-go-eevee,0,base,,4160,,3,2,Magnemite,81,25,none,Electric,Steel,,"Thunderbolt (Electric, Special); Sonic Boom (Normal, Special)",,Vermilion Gym,bulbapedia
kanto,Vermilion City,Vermilion Gym,,,leader,Gym Leader,Lt. Surge,PE,lets-go-pikachu-lets-go-eevee,0,base,,4160,,3,3,Raichu,26,26,male,Electric,,,"Thunderbolt (Electric, Special); Quick Attack (Normal, Physical); Double Kick (Fighting, Physical)",,Vermilion Gym,bulbapedia
kanto,Vermilion City,Vermilion Gym,,,leader,Gym Leader,Lt. Surge,PE,lets-go-pikachu-lets-go-eevee,0,rematch,,13680,,5,1,Electrode,101,56,none,Electric,,,"Mirror Coat (Psychic, Special); Explosion (Normal, Physical); Thunderbolt (Electric, Special); Foul Play (Dark, Physical)",,Vermilion Gym,bulbapedia
kanto,Vermilion City,Vermilion Gym,,,leader,Gym Leader,Lt. Surge,PE,lets-go-pikachu-lets-go-eevee,0,rematch,,13680,,5,2,Jolteon,135,56,female,Electric,,,"Thunder (Electric, Special); Shadow Ball (Ghost, Special); Reflect (Psychic, Status); Quick Attack (Normal, Physical)",,Vermilion Gym,bulbapedia
kanto,Vermilion City,Vermilion Gym,,,leader,Gym Leader,Lt. Surge,PE,lets-go-pikachu-lets-go-eevee,0,rematch,,13680,,5,3,Electabuzz,125,56,male,Electric,,,"Thunder Punch (Electric, Physical); Ice Punch (Ice, Physical); Fire Punch (Fire, Physical); Brick Break (Fighting, Physical)",,Vermilion Gym,bulbapedia
kanto,Vermilion City,Vermilion Gym,,,leader,Gym Leader,Lt. Surge,PE,lets-go-pikachu-lets-go-eevee,0,rematch,,13680,,5,4,Magneton,82,56,none,Electric,Steel,,"Thunder (Electric, Special); Flash Cannon (Steel, Special); Tri Attack (Normal, Special); Hyper Beam (Normal, Special)",,Vermilion Gym,bulbapedia
kanto,Vermilion City,Vermilion Gym,,,leader,Gym Leader,Lt. Surge,PE,lets-go-pikachu-lets-go-eevee,0,rematch,,13680,,5,5,Raichu,26,57,male,Electric,,,"Thunder Punch (Electric, Physical); Iron Tail (Steel, Physical); Brick Break (Fighting, Physical); Quick Attack (Normal, Physical)",,Vermilion Gym,bulbapedia
kanto,Celadon City,Celadon Gym,,,leader,Gym Leader,Erika,FRLG,firered-leafgreen,1,base,,2900,,3,1,Victreebel,71,29,female,Grass,Poison,Chlorophyll,Stun Spore (Grass); Acid (Poison); PoisonPowder (Poison); Giga Drain (Grass),,Celadon Gym,bulbapedia
kanto,Celadon City,Celadon Gym,,,leader,Gym Leader,Erika,FRLG,firered-leafgreen,1,base,,2900,,3,2,Tangela,114,24,female,Grass,,Chlorophyll,PoisonPowder (Poison); Constrict (Normal); Ingrain (Grass); Giga Drain (Grass),,Celadon Gym,bulbapedia
kanto,Celadon City,Celadon Gym,,,leader,Gym Leader,Erika,FRLG,firered-leafgreen,1,base,,2900,,3,3,Vileplume,45,29,female,Grass,Poison,Chlorophyll,Sleep Powder (Grass); Acid (Poison); Stun Spore (Grass); Giga Drain (Grass),,Celadon Gym,bulbapedia
kanto,Celadon City,Celadon Gym,,,leader,Gym Leader,Erika,PE,lets-go-pikachu-lets-go-eevee,0,base,,5440,,3,1,Tangela,114,33,female,Grass,,,"Mega Drain (Grass, Special); Sleep Powder (Grass, Status); Bind (Normal, Physical)",,Celadon Gym,bulbapedia
kanto,Celadon City,Celadon Gym,,,leader,Gym Leader,Erika,PE,lets-go-pikachu-lets-go-eevee,0,base,,5440,,3,2,Weepinbell,70,33,female,Grass,Poison,,"Mega Drain (Grass, Special); Poison Jab (Poison, Physical)",,Celadon Gym,bulbapedia
kanto,Celadon City,Celadon Gym,,,leader,Gym Leader,Erika,PE,lets-go-pikachu-lets-go-eevee,0,base,,5440,,3,3,Vileplume,45,34,female,Grass,Poison,,"Mega Drain (Grass, Special); Moonblast (Fairy, Special)",,Celadon Gym,bulbapedia
kanto,Celadon City,Celadon Gym,,,leader,Gym Leader,Erika,PE,lets-go-pikachu-lets-go-eevee,0,rematch,,13680,,5,1,Tangela,114,56,female,Grass,,,"Mega Drain (Grass, Special); Sludge Bomb (Poison, Special); Reflect (Psychic, Status); Power Whip (Grass, Physical)",,Celadon Gym,bulbapedia
kanto,Celadon City,Celadon Gym,,,leader,Gym Leader,Erika,PE,lets-go-pikachu-lets-go-eevee,0,rematch,,13680,,5,2,Parasect,47,56,female,Bug,Grass,,"Solar Beam (Grass, Special); Brick Break (Fighting, Physical); Leech Life (Bug, Physical); Spore (Grass, Status)",,Celadon Gym,bulbapedia
kanto,Celadon City,Celadon Gym,,,leader,Gym Leader,Erika,PE,lets-go-pikachu-lets-go-eevee,0,rematch,,13680,,5,3,Exeggutor,103,56,female,Grass,Psychic,,"Solar Beam (Grass, Special); Sludge Bomb (Poison, Special); Hyper Beam (Normal, Special); Psychic (Psychic, Special)",,Celadon Gym,bulbapedia
kanto,Celadon City,Celadon Gym,,,leader,Gym Leader,Erika,PE,lets-go-pikachu-lets-go-eevee,0,rematch,,13680,,5,4,Victreebel,71,56,female,Grass,Poison,,"Power Whip (Grass, Physical); Poison Jab (Poison, Physical); Reflect (Psychic, Status); Swords Dance (Normal, Status)",,Celadon Gym,bulbapedia
kanto,Celadon City,Celadon Gym,,,leader,Gym Leader,Erika,PE,lets-go-pikachu-lets-go-eevee,0,rematch,,13680,,5,5,Vileplume,45,57,female,Grass,Poison,,"Moonblast (Fairy, Special); Petal Dance (Grass, Special); Sludge Bomb (Poison, Special); Stun Spore (Grass, Status)",,Celadon Gym,bulbapedia
kanto,Fuchsia City,Fuchsia Gym,,,leader,Gym Leader,Koga,FRLG,firered-leafgreen,1,base,,4300,,4,1,Koffing,109,37,male,Poison,,Levitate,Selfdestruct (Normal); Sludge (Poison); SmokeScreen (Normal); Toxic (Poison),,Fuchsia Gym,bulbapedia
kanto,Fuchsia City,Fuchsia Gym,,,leader,Gym Leader,Koga,FRLG,firered-leafgreen,1,base,,4300,,4,2,Muk,89,39,male,Poison,,Sticky Hold,Minimize (Normal); Sludge (Poison); Acid Armor (Poison); Toxic (Poison),,Fuchsia Gym,bulbapedia
kanto,Fuchsia City,Fuchsia Gym,,,leader,Gym Leader,Koga,FRLG,firered-leafgreen,1,base,,4300,,4,3,Koffing,109,37,male,Poison,,Levitate,Selfdestruct (Normal); Sludge (Poison); SmokeScreen (Normal); Toxic (Poison),,Fuchsia Gym,bulbapedia
kanto,Fuchsia City,Fuchsia Gym,,,leader,Gym Leader,Koga,FRLG,firered-leafgreen,1,base,,4300,,4,4,Weezing,110,43,male,Poison,,Levitate,Tackle (Normal); Sludge (Poison); SmokeScreen (Normal); Toxic (Poison),,Fuchsia Gym,bulbapedia
kanto,Fuchsia City,Fuchsia Gym,,,leader,Gym Leader,Koga,PE,lets-go-pikachu-lets-go-eevee,0,base,,7040,,4,1,Weezing,110,43,male,Poison,,,"Toxic (Poison, Status); Protect (Normal, Status); Sludge Bomb (Poison, Special); Explosion (Normal, Physical)",,Fuchsia Gym,bulbapedia
kanto,Fuchsia City,Fuchsia Gym,,,leader,Gym Leader,Koga,PE,lets-go-pikachu-lets-go-eevee,0,base,,7040,,4,2,Muk,89,43,male,Poison,,,"Toxic (Poison, Status); Protect (Normal, Status); Sludge Bomb (Poison, Special); Moonblast (Fairy, Special)",,Fuchsia Gym,bulbapedia
kanto,Fuchsia City,Fuchsia Gym,,,leader,Gym Leader,Koga,PE,lets-go-pikachu-lets-go-eevee,0,base,,7040,,4,3,Golbat,42,43,female,Poison,Flying,,"Toxic (Poison, Status); Protect (Normal, Status); Fly (Flying, Physical); Leech Life (Bug, Physical)",,Fuchsia Gym,bulbapedia
kanto,Fuchsia City,Fuchsia Gym,,,leader,Gym Leader,Koga,PE,lets-go-pikachu-lets-go-eevee,0,base,,7040,,4,4,Venomoth,49,44,male,Bug,Poison,,"Sludge Bomb (Poison, Special); Protect (Normal, Status); Psychic (Psychic, Special); Bug Buzz (Bug, Special)",,Fuchsia Gym,bulbapedia
kanto,Fuchsia City,Fuchsia Gym,,,leader,Gym Leader,Koga,PE,lets-go-pikachu-lets-go-eevee,0,rematch,,13680,,5,1,Tentacruel,73,56,female,Water,Poison,,"Toxic (Poison, Status); Hydro Pump (Water, Special); Sludge Bomb (Poison, Special); Mega Drain (Grass, Special)",,Fuchsia Gym,bulbapedia
kanto,Fuchsia City,Fuchsia Gym,,,leader,Gym Leader,Koga,PE,lets-go-pikachu-lets-go-eevee,0,rematch,,13680,,5,2,Weezing,110,56,male,Poison,,,"Toxic (Poison, Status); Sludge Bomb (Poison, Special); Fire Blast (Fire, Special); Thunder (Electric, Special)",,Fuchsia Gym,bulbapedia
kanto,Fuchsia City,Fuchsia Gym,,,leader,Gym Leader,Koga,PE,lets-go-pikachu-lets-go-eevee,0,rematch,,13680,,5,3,Golbat,42,56,female,Poison,Flying,,"Crunch (Dark, Physical); U-turn (Bug, Physical); Fly (Flying, Physical); Leech Life (Bug, Physical)",,Fuchsia Gym,bulbapedia
kanto,Fuchsia City,Fuchsia Gym,,,leader,Gym Leader,Koga,PE,lets-go-pikachu-lets-go-eevee,0,rematch,,13680,,5,4,Venomoth,49,56,male,Bug,Poison,,"Sludge Bomb (Poison, Special); Mega Drain (Grass, Special); Psychic (Psychic, Special); Bug Buzz (Bug, Special)",,Fuchsia Gym,bulbapedia
kanto,Fuchsia City,Fuchsia Gym,,,leader,Gym Leader,Koga,PE,lets-go-pikachu-lets-go-eevee,0,rematch,,13680,,5,5,Muk,89,57,male,Poison,,,"Dark Pulse (Dark, Special); Sludge Bomb (Poison, Special); Mega Drain (Grass, Special); Moonblast (Fairy, Special)",,Fuchsia Gym,bulbapedia
kanto,Saffron City,Saffron Gym,,,leader,Gym Leader,Sabrina,FRLG,firered-leafgreen,1,base,,4300,,4,1,Kadabra,64,38,male,Psychic,,Synchronize,Psybeam (Psychic); Reflect (Psychic); Future Sight (Psychic); Calm Mind (Psychic),,Saffron Gym,bulbapedia
kanto,Saffron City,Saffron Gym,,,leader,Gym Leader,Sabrina,FRLG,firered-leafgreen,1,base,,4300,,4,2,Mr. Mime,122,37,female,Psychic,,Soundproof,Barrier (Psychic); Psybeam (Psychic); Baton Pass (Normal); Calm Mind (Psychic),,Saffron Gym,bulbapedia
kanto,Saffron City,Saffron Gym,,,leader,Gym Leader,Sabrina,FRLG,firered-leafgreen,1,base,,4300,,4,3,Venomoth,49,38,female,Bug,Poison,Shield Dust,Psybeam (Psychic); Gust (Flying); Leech Life (Bug); Supersonic (Normal),,Saffron Gym,bulbapedia
kanto,Saffron City,Saffron Gym,,,leader,Gym Leader,Sabrina,FRLG,firered-leafgreen,1,base,,4300,,4,4,Alakazam,65,43,male,Psychic,,Synchronize,Psychic (Psychic); Recover (Normal); Future Sight (Psychic); Calm Mind (Psychic),,Saffron Gym,bulbapedia
kanto,Saffron City,Saffron Gym,,,leader,Gym Leader,Sabrina,PE,lets-go-pikachu-lets-go-eevee,0,base,,7040,,4,1,Mr. Mime,122,43,male,Psychic,Fairy,,"Psychic (Psychic, Special); Reflect (Psychic, Status); Light Screen (Psychic, Status); Double Slap (Normal, Physical)",,Saffron Gym,bulbapedia
kanto,Saffron City,Saffron Gym,,,leader,Gym Leader,Sabrina,PE,lets-go-pikachu-lets-go-eevee,0,base,,7040,,4,2,Slowbro,80,43,female,Water,Psychic,,"Psychic (Psychic, Special); Yawn (Normal, Status); Surf (Water, Special); Calm Mind (Psychic, Status)",,Saffron Gym,bulbapedia
kanto,Saffron City,Saffron Gym,,,leader,Gym Leader,Sabrina,PE,lets-go-pikachu-lets-go-eevee,0,base,,7040,,4,3,Jynx,124,43,female,Ice,Psychic,,"Psychic (Psychic, Special); Lovely Kiss (Normal, Status); Ice Punch (Ice, Physical)",,Saffron Gym,bulbapedia
kanto,Saffron City,Saffron Gym,,,leader,Gym Leader,Sabrina,PE,lets-go-pikachu-lets-go-eevee,0,base,,7040,,4,4,Alakazam,65,44,male,Psychic,,,"Psychic (Psychic, Special); Night Shade (Ghost, Special)",,Saffron Gym,bulbapedia
kanto,Saffron City,Saffron Gym,,,leader,Gym Leader,Sabrina,PE,lets-go-pikachu-lets-go-eevee,0,rematch,,13680,,5,1,Mr. Mime,122,56,male,Psychic,Fairy,,"Psychic (Psychic, Special); Dazzling Gleam (Fairy, Special); Reflect (Psychic, Status); Light Screen (Psychic, Status)",,Saffron Gym,bulbapedia
kanto,Saffron City,Saffron Gym,,,leader,Gym Leader,Sabrina,PE,lets-go-pikachu-lets-go-eevee,0,rematch,,13680,,5,2,Jynx,124,56,female,Ice,Psychic,,"Psychic (Psychic, Special); Blizzard (Ice, Special); Shadow Ball (Ghost, Special); Lovely Kiss (Normal, Status)",,Saffron Gym,bulbapedia
kanto,Saffron City,Saffron Gym,,,leader,Gym Leader,Sabrina,PE,lets-go-pikachu-lets-go-eevee,0,rematch,,13680,,5,3,Hypno,97,56,male,Psychic,,,"Dream Eater (Psychic, Special); Hypnosis (Psychic, Status); Thunder Punch (Electric, Physical); Fire Punch (Fire, Physical)",,Saffron Gym,bulbapedia
kanto,Saffron City,Saffron Gym,,,leader,Gym Leader,Sabrina,PE,lets-go-pikachu-lets-go-eevee,0,rematch,,13680,,5,4,Slowbro,80,56,female,Water,Psychic,,"Psychic (Psychic, Special); Ice Beam (Ice, Special); Shadow Ball (Ghost, Special); Scald (Water, Special)",,Saffron Gym,bulbapedia
kanto,Saffron City,Saffron Gym,,,leader,Gym Leader,Sabrina,PE,lets-go-pikachu-lets-go-eevee,0,rematch,,13680,,5,5,Alakazam,65,57,male,Psychic,,,"Psychic (Psychic, Special); Dazzling Gleam (Fairy, Special); Shadow Ball (Ghost, Special); Tri Attack (Normal, Special)",,Saffron Gym,bulbapedia
kanto,Cinnabar Island,Cinnabar Gym,,,leader,Gym Leader,Blaine,FRLG,firered-leafgreen,1,base,,4700,,4,1,Growlithe,58,42,male,Fire,,Intimidate,Bite (Dark); Roar (Normal); Take Down (Normal); Fire Blast (Fire),,Cinnabar Gym,bulbapedia
kanto,Cinnabar Island,Cinnabar Gym,,,leader,Gym Leader,Blaine,FRLG,firered-leafgreen,1,base,,4700,,4,2,Ponyta,77,40,male,Fire,,Flash Fire,Stomp (Normal); Bounce (Flying); Fire Spin (Fire); Fire Blast (Fire),,Cinnabar Gym,bulbapedia
kanto,Cinnabar Island,Cinnabar Gym,,,leader,Gym Leader,Blaine,FRLG,firered-leafgreen,1,base,,4700,,4,3,Rapidash,78,42,male,Fire,,Flash Fire,Stomp (Normal); Bounce (Flying); Fire Spin (Fire); Fire Blast (Fire),,Cinnabar Gym,bulbapedia
kanto,Cinnabar Island,Cinnabar Gym,,,leader,Gym Leader,Blaine,FRLG,firered-leafgreen,1,base,,4700,,4,4,Arcanine,59,47,male,Fire,,Intimidate,Bite (Dark); Roar (Normal); Take Down (Normal); Fire Blast (Fire),,Cinnabar Gym,bulbapedia
kanto,Cinnabar Island,Cinnabar Gym,,,leader,Gym Leader,Blaine,PE,lets-go-pikachu-lets-go-eevee,0,base,,7680,,4,1,Magmar,126,47,male,Fire,,,"Flamethrower (Fire, Special); Low Kick (Fighting, Physical); Confuse Ray (Ghost, Status)",,Cinnabar Gym,bulbapedia
kanto,Cinnabar Island,Cinnabar Gym,,,leader,Gym Leader,Blaine,PE,lets-go-pikachu-lets-go-eevee,0,base,,7680,,4,2,Rapidash,78,47,male,Fire,,,"Flare Blitz (Fire, Physical); Quick Attack (Normal, Physical); Fury Attack (Normal, Physical)",,Cinnabar Gym,bulbapedia
kanto,Cinnabar Island,Cinnabar Gym,,,leader,Gym Leader,Blaine,PE,lets-go-pikachu-lets-go-eevee,0,base,,7680,,4,3,Ninetales,38,47,female,Fire,,,"Fire Blast (Fire, Special); Quick Attack (Normal, Physical)",,Cinnabar Gym,bulbapedia
kanto,Cinnabar Island,Cinnabar Gym,,,leader,Gym Leader,Blaine,PE,lets-go-pikachu-lets-go-eevee,0,base,,7680,,4,4,Arcanine,59,48,male,Fire,,,"Flare Blitz (Fire, Physical); Outrage (Dragon, Physical); Crunch (Dark, Physical)",,Cinnabar Gym,bulbapedia
kanto,Cinnabar Island,Cinnabar Gym,,,leader,Gym Leader,Blaine,PE,lets-go-pikachu-lets-go-eevee,0,rematch,,13680,,5,1,Magmar,126,56,male,Fire,,,"Fire Punch (Fire, Physical); Thunder Punch (Electric, Physical); Brick Break (Fighting, Physical); Will-O-Wisp (Fire, Status)",,Cinnabar Gym,bulbapedia
kanto,Cinnabar Island,Cinnabar Gym,,,leader,Gym Leader,Blaine,PE,lets-go-pikachu-lets-go-eevee,0,rematch,,13680,,5,2,Rapidash,78,56,male,Fire,,,"Flare Blitz (Fire, Physical); Quick Attack (Normal, Physical); Megahorn (Bug, Physical); Drill Run (Ground, Physical)",,Cinnabar Gym,bulbapedia
kanto,Cinnabar Island,Cinnabar Gym,,,leader,Gym Leader,Blaine,PE,lets-go-pikachu-lets-go-eevee,0,rematch,,13680,,5,3,Ninetales,38,56,female,Fire,,,"Fire Blast (Fire, Special); Quick Attack (Normal, Physical); Dark Pulse (Dark, Special); Solar Beam (Grass, Special)",,Cinnabar Gym,bulbapedia
kanto,Cinnabar Island,Cinnabar Gym,,,leader,Gym Leader,Blaine,PE,lets-go-pikachu-lets-go-eevee,0,rematch,,13680,,5,4,Flareon,136,56,male,Fire,,,"Flare Blitz (Fire, Physical); Quick Attack (Normal, Physical); Superpower (Fighting, Physical); Iron Tail (Steel, Physical)",,Cinnabar Gym,bulbapedia
kanto,Cinnabar Island,Cinnabar Gym,,,leader,Gym Leader,Blaine,PE,lets-go-pikachu-lets-go-eevee,0,rematch,,13680,,5,5,Arcanine,59,57,male,Fire,,,"Flare Blitz (Fire, Physical); Outrage (Dragon, Physical); Crunch (Dark, Physical); Play Rough (Fairy, Physical)",,Cinnabar Gym,bulbapedia
kanto,Viridian City,Viridian Gym,,,leader,Gym Leader,Giovanni,FRLG,firered-leafgreen,1,base,,5000,,5,1,Rhyhorn,111,45,male,Ground,Rock,Lightningrod,Take Down (Normal); Rock Blast (Rock); Scary Face (Normal); Earthquake (Ground),,Viridian Gym,bulbapedia
kanto,Viridian City,Viridian Gym,,,leader,Gym Leader,Giovanni,FRLG,firered-leafgreen,1,base,,5000,,5,2,Dugtrio,51,42,male,Ground,,Sand Veil,Slash (Normal); Sand Tomb (Ground); Mud-Slap (Ground); Earthquake (Ground),,Viridian Gym,bulbapedia
kanto,Viridian City,Viridian Gym,,,leader,Gym Leader,Giovanni,FRLG,firered-leafgreen,1,base,,5000,,5,3,Nidoqueen,31,44,female,Poison,Ground,Poison Point,Double Kick (Fighting); Earthquake (Ground); Poison Sting (Poison); Body Slam (Normal),,Viridian Gym,bulbapedia
kanto,Viridian City,Viridian Gym,,,leader,Gym Leader,Giovanni,FRLG,firered-leafgreen,1,base,,5000,,5,4,Nidoking,34,45,male,Poison,Ground,Poison Point,Double Kick (Fighting); Earthquake (Ground); Poison Sting (Poison); Thrash (Normal),,Viridian Gym,bulbapedia
kanto,Viridian City,Viridian Gym,,,leader,Gym Leader,Giovanni,FRLG,firered-leafgreen,1,base,,5000,,5,5,Rhyhorn,111,50,male,Ground,Rock,Lightningrod,Take Down (Normal); Rock Blast (Rock); Scary Face (Normal); Earthquake (Ground),,Viridian Gym,bulbapedia
kanto,Viridian City,Viridian Gym,,,leader,Gym Leader,Giovanni,PE,lets-go-pikachu-lets-go-eevee,0,base,,8000,,4,1,Dugtrio,51,49,male,Ground,,,"Slash (Normal, Physical); Sucker Punch (Dark, Physical); Earthquake (Ground, Physical)",,Viridian Gym,bulbapedia
kanto,Viridian City,Viridian Gym,,,leader,Gym Leader,Giovanni,PE,lets-go-pikachu-lets-go-eevee,0,base,,8000,,4,2,Nidoqueen,31,49,female,Poison,Ground,,"Super Fang (Normal, Physical); Earthquake (Ground, Physical); Crunch (Dark, Physical)",,Viridian Gym,bulbapedia
kanto,Viridian City,Viridian Gym,,,leader,Gym Leader,Giovanni,PE,lets-go-pikachu-lets-go-eevee,0,base,,8000,,4,3,Nidoking,34,49,male,Poison,Ground,,"Megahorn (Bug, Physical); Earthquake (Ground, Physical); Poison Jab (Poison, Physical); Horn Drill (Normal, Physical)",,Viridian Gym,bulbapedia
kanto,Viridian City,Viridian Gym,,,leader,Gym Leader,Giovanni,PE,lets-go-pikachu-lets-go-eevee,0,base,,8000,,4,4,Rhydon,112,50,male,Ground,Rock,,"Earthquake (Ground, Physical); Rock Slide (Rock, Physical); Megahorn (Bug, Physical)",,Viridian Gym,bulbapedia
kanto,Viridian City,Viridian Gym,,,leader,Gym Leader,Blue,PE,lets-go-pikachu-lets-go-eevee,0,rematch,,19040,,6,1,Tauros,128,66,male,Normal,,,"Double-Edge (Normal, Physical); Rock Slide (Rock, Physical); Earthquake (Ground, Physical); Iron Tail (Steel, Physical)",,Viridian Gym,bulbapedia
kanto,Viridian City,Viridian Gym,,,leader,Gym Leader,Blue,PE,lets-go-pikachu-lets-go-eevee,0,rematch,,19040,,6,2,Alakazam,65,66,male,Psychic,,,"Dazzling Gleam (Fairy, Special); Psychic (Psychic, Special); Reflect (Psychic, Status); Foul Play (Dark, Physical)",,Viridian Gym,bulbapedia
kanto,Viridian City,Viridian Gym,,,leader,Gym Leader,Blue,PE,lets-go-pikachu-lets-go-eevee,0,rematch,,19040,,6,3,Gyarados,130,66,male,Water,Flying,,"Waterfall (Water, Physical); Crunch (Dark, Physical); Earthquake (Ground, Physical); Outrage (Dragon, Physical)",,Viridian Gym,bulbapedia
kanto,Viridian City,Viridian Gym,,,leader,Gym Leader,Blue,PE,lets-go-pikachu-lets-go-eevee,0,rematch,,19040,,6,4,Exeggutor,103,66,male,Grass,Psychic,,"Power Whip (Grass, Physical); Light Screen (Psychic, Status); Stomp (Normal, Physical); Psychic (Psychic, Special)",,Viridian Gym,bulbapedia
kanto,Viridian City,Viridian Gym,,,leader,Gym Leader,Blue,PE,lets-go-pikachu-lets-go-eevee,0,rematch,,19040,,6,5,Aerodactyl,142,66,male,Rock,Flying,,"Rock Slide (Rock, Physical); Earthquake (Ground, Physical); Iron Tail (Steel, Physical); Crunch (Dark, Physical)",,Viridian Gym,bulbapedia
kanto,Viridian City,Viridian Gym,,,leader,Gym Leader,Blue,PE,lets-go-pikachu-lets-go-eevee,0,rematch,,19040,,6,6,Charizard,6,68,male,Fire,Flying,,"Fire Blast (Fire, Special); Dragon Pulse (Dragon, Special); Hyper Beam (Normal, Special); Air Slash (Flying, Special)",,Viridian Gym,bulbapedia
kanto,Route 1,,,,trainer,Youngster,Ronny,PE,lets-go-pikachu-lets-go-eevee,0,after-delivering-professor-oak-s-parcel,After delivering Professor Oak's Parcel,60,3 Poké Balls,1,1,Rattata,19,3,male,,,,,,Kanto Route 1,bulbapedia
kanto,Route 3,,,,trainer,Lass,Janice,FRLG,firered-leafgreen,1,base,,144,,2,1,Pidgey,16,9,female,,,,,,Kanto Route 3,bulbapedia
kanto,Route 3,,,,trainer,Lass,Janice,FRLG,firered-leafgreen,1,base,,144,,2,2,Pidgey,16,9,female,,,,,,Kanto Route 3,bulbapedia
kanto,Route 3,,,,trainer,Bug Catcher,Colton,FRLG,firered-leafgreen,1,base,,120,,3,1,Caterpie,10,10,male,,,,,,Kanto Route 3,bulbapedia
kanto,Route 3,,,,trainer,Bug Catcher,Colton,FRLG,firered-leafgreen,1,base,,120,,3,2,Weedle,13,10,male,,,,,,Kanto Route 3,bulbapedia
kanto,Route 3,,,,trainer,Bug Catcher,Colton,FRLG,firered-leafgreen,1,base,,120,,3,3,Caterpie,10,10,male,,,,,,Kanto Route 3,bulbapedia
kanto,Route 3,,,,trainer,Youngster,Ben,FRLG,firered-leafgreen,1,base,,176,,2,1,Rattata,19,11,male,,,,,,Kanto Route 3,bulbapedia
kanto,Route 3,,,,trainer,Youngster,Ben,FRLG,firered-leafgreen,1,base,,176,,2,2,Ekans,23,11,male,,,,,,Kanto Route 3,bulbapedia
kanto,Route 3,,,,trainer,Bug Catcher,Greg,FRLG,firered-leafgreen,1,base,,108,,4,1,Weedle,13,9,male,,,,,,Kanto Route 3,bulbapedia
kanto,Route 3,,,,trainer,Bug Catcher,Greg,FRLG,firered-leafgreen,1,base,,108,,4,2,Kakuna,14,9,male,,,,,,Kanto Route 3,bulbapedia
kanto,Route 3,,,,trainer,Bug Catcher,Greg,FRLG,firered-leafgreen,1,base,,108,,4,3,Caterpie,10,9,male,,,,,,Kanto Route 3,bulbapedia
kanto,Route 3,,,,trainer,Bug Catcher,Greg,FRLG,firered-leafgreen,1,base,,108,,4,4,Metapod,11,9,male,,,,,,Kanto Route 3,bulbapedia
kanto,Route 3,,,,trainer,Youngster,Calvin,FRLG,firered-leafgreen,1,base,,224,,1,1,Spearow,21,14,male,,,,,,Kanto Route 3,bulbapedia
kanto,Route 3,,,,trainer,Lass,Sally,FRLG,firered-leafgreen,1,base,,160,,2,1,Rattata,19,10,female,,,,,,Kanto Route 3,bulbapedia
kanto,Route 3,,,,trainer,Lass,Sally,FRLG,firered-leafgreen,1,base,,160,,2,2,Nidoran♀,29,10,,,,,,,Kanto Route 3,bulbapedia
kanto,Route 3,,,,trainer,Bug Catcher,James,FRLG,firered-leafgreen,1,base,,132,,2,1,Caterpie,10,11,male,,,,,,Kanto Route 3,bulbapedia
kanto,Route 3,,,,trainer,Bug Catcher,James,FRLG,firered-leafgreen,1,base,,132,,2,2,Metapod,11,11,male,,,,,,Kanto Route 3,bulbapedia
kanto,Route 3,,,,trainer,Lass,Robin,FRLG,firered-leafgreen,1,base,,224,,1,1,Jigglypuff,39,14,female,,,,,,Kanto Route 3,bulbapedia
kanto,Route 3,,,,trainer,Lass,Janice,FRLG,firered-leafgreen,1,rematch,Rematch,320,,2,1,Pidgeotto,17,20,female,,,,,,Kanto Route 3,bulbapedia
kanto,Route 3,,,,trainer,Lass,Janice,FRLG,firered-leafgreen,1,rematch,Rematch,320,,2,2,Pidgeotto,17,20,female,,,,,,Kanto Route 3,bulbapedia
kanto,Route 3,,,,trainer,Lass,Janice,FRLG,firered-leafgreen,1,after-reaching-fuchsia-city,After reaching Fuchsia City and defeating the previous team,448,,2,1,Pidgeotto,17,28,female,,,,,,Kanto Route 3,bulbapedia
kanto,Route 3,,,,trainer,Lass,Janice,FRLG,firered-leafgreen,1,after-reaching-fuchsia-city,After reaching Fuchsia City and defeating the previous team,448,,2,2,Pidgeotto,17,28,female,,,,,,Kanto Route 3,bulbapedia
kanto,Route 3,,,,trainer,Bug Catcher,Colton,FRLG,firered-leafgreen,1,rematch,Rematch,228,,3,1,Metapod,11,19,male,,,,,,Kanto Route 3,bulbapedia
kanto,Route 3,,,,trainer,Bug Catcher,Colton,FRLG,firered-leafgreen,1,rematch,Rematch,228,,3,2,Weedle,13,19,male,,,,,,Kanto Route 3,bulbapedia
kanto,Route 3,,,,trainer,Bug Catcher,Colton,FRLG,firered-leafgreen,1,rematch,Rematch,228,,3,3,Metapod,11,19,male,,,,,,Kanto Route 3,bulbapedia
kanto,Route 3,,,,trainer,Bug Catcher,Colton,FRLG,firered-leafgreen,1,after-reaching-fuchsia-city,After reaching Fuchsia City and defeating the previous team,324,,3,1,Butterfree,12,27,male,,,,,,Kanto Route 3,bulbapedia
kanto,Route 3,,,,trainer,Bug Catcher,Colton,FRLG,firered-leafgreen,1,after-reaching-fuchsia-city,After reaching Fuchsia City and defeating the previous team,324,,3,2,Kakuna,14,27,male,,,,,,Kanto Route 3,bulbapedia
kanto,Route 3,,,,trainer,Bug Catcher,Colton,FRLG,firered-leafgreen,1,after-reaching-fuchsia-city,After reaching Fuchsia City and defeating the previous team,324,,3,3,Butterfree,12,27,male,,,,,,Kanto Route 3,bulbapedia
kanto,Route 3,,,,trainer,Bug Catcher,Colton,FRLG,firered-leafgreen,1,after-delivering-the-sapphire-to-celio,After delivering the Sapphire to Celio and defeating the previous team,612,,3,1,Butterfree,12,51,male,,,,,,Kanto Route 3,bulbapedia
kanto,Route 3,,,,trainer,Bug Catcher,Colton,FRLG,firered-leafgreen,1,after-delivering-the-sapphire-to-celio,After delivering the Sapphire to Celio and defeating the previous team,612,,3,2,Beedrill,15,54,male,,,,,,Kanto Route 3,bulbapedia
kanto,Route 3,,,,trainer,Bug Catcher,Colton,FRLG,firered-leafgreen,1,after-delivering-the-sapphire-to-celio,After delivering the Sapphire to Celio and defeating the previous team,612,,3,3,Butterfree,12,51,male,,,,,,Kanto Route 3,bulbapedia
kanto,Route 3,,,,trainer,Youngster,Ben,FRLG,firered-leafgreen,1,rematch,Rematch,272,,2,1,Rattata,19,17,male,,,,,,Kanto Route 3,bulbapedia
kanto,Route 3,,,,trainer,Youngster,Ben,FRLG,firered-leafgreen,1,rematch,Rematch,272,,2,2,Ekans,23,17,male,,,,,,Kanto Route 3,bulbapedia
kanto,Route 3,,,,trainer,Youngster,Ben,FRLG,firered-leafgreen,1,after-reaching-fuchsia-city,After reaching Fuchsia City and defeating the previous team,448,,2,1,Raticate,20,28,male,,,,,,Kanto Route 3,bulbapedia
kanto,Route 3,,,,trainer,Youngster,Ben,FRLG,firered-leafgreen,1,after-reaching-fuchsia-city,After reaching Fuchsia City and defeating the previous team,448,,2,2,Ekans,23,28,male,,,,,,Kanto Route 3,bulbapedia
kanto,Route 3,,,,trainer,Youngster,Ben,FRLG,firered-leafgreen,1,after-becoming-champion,After becoming Champion and defeating the previous team,768,,2,1,Raticate,20,48,male,,,,,,Kanto Route 3,bulbapedia
kanto,Route 3,,,,trainer,Youngster,Ben,FRLG,firered-leafgreen,1,after-becoming-champion,After becoming Champion and defeating the previous team,768,,2,2,Arbok,24,48,male,,,,,,Kanto Route 3,bulbapedia
kanto,Route 3,,,,trainer,Lass,Janice,PE,lets-go-pikachu-lets-go-eevee,0,base,,140,3 Poké Balls,1,1,Oddish,43,6,female,,,,,,Kanto Route 3,bulbapedia
kanto,Route 3,,,,trainer,Coach Trainer,Kareem,PE,lets-go-pikachu-lets-go-eevee,0,base,,1100,,1,1,Bulbasaur,1,11,male,,,,,,Kanto Route 3,bulbapedia
kanto,Route 3,,,,trainer,Youngster,Calvin,PE,lets-go-pikachu-lets-go-eevee,0,base,,120,3 Poké Balls,1,1,Spearow,21,6,male,,,,,,Kanto Route 3,bulbapedia
kanto,Route 3,,,,trainer,Camper,Victor,PE,lets-go-pikachu-lets-go-eevee,0,base,,140,2 Great Balls,1,1,Nidoran♂,32,7,,,,,,,Kanto Route 3,bulbapedia
kanto,Route 3,,,,trainer,Picnicker,Robin,PE,lets-go-pikachu-lets-go-eevee,0,base,,140,2 Great Balls,1,1,Nidoran♀,29,7,,,,,,,Kanto Route 3,bulbapedia
kanto,Route 3,,,,trainer,Youngster,Ben,PE,lets-go-pikachu-lets-go-eevee,0,base,,120,3 Poké Balls,1,1,Rattata,19,6,male,,,,,,Kanto Route 3,bulbapedia
kanto,Route 3,,,,trainer,Bug Catcher,Greg,PE,lets-go-pikachu-lets-go-eevee,0,base,,60,3 Poké Balls,1,1,Kakuna,14,5,male,,,,,,Kanto Route 3,bulbapedia
kanto,Route 4,,,Requires Surf,trainer,Lass,Crissy,FRLG,firered-leafgreen,1,base,,496,,3,1,Paras,46,31,female,,,,,,Kanto Route 4,bulbapedia
kanto,Route 4,,,Requires Surf,trainer,Lass,Crissy,FRLG,firered-leafgreen,1,base,,496,,3,2,Paras,46,31,female,,,,,,Kanto Route 4,bulbapedia
kanto,Route 4,,,Requires Surf,trainer,Lass,Crissy,FRLG,firered-leafgreen,1,base,,496,,3,3,Parasect,47,31,female,,,,,,Kanto Route 4,bulbapedia
kanto,Route 4,,Western segment,,trainer,Coach Trainer,Oberon,PE,lets-go-pikachu-lets-go-eevee,0,base,,1300,,1,1,Meowth,52,13,female,,,,,,Kanto Route 4,bulbapedia
kanto,Route 6,,,,trainer,Bug Catcher,Keigo,FRLG,firered-leafgreen,1,base,,192,,3,1,Weedle,13,16,male,,,,,,Kanto Route 6,bulbapedia
kanto,Route 6,,,,trainer,Bug Catcher,Keigo,FRLG,firered-leafgreen,1,base,,192,,3,2,Caterpie,10,16,male,,,,,,Kanto Route 6,bulbapedia
kanto,Route 6,,,,trainer,Bug Catcher,Keigo,FRLG,firered-leafgreen,1,base,,192,,3,3,Weedle,13,16,male,,,,,,Kanto Route 6,bulbapedia
kanto,Route 6,,,,trainer,Camper,Ricky,FRLG,firered-leafgreen,1,base,,400,,1,1,Squirtle,7,20,male,,,,,,Kanto Route 6,bulbapedia
kanto,Route 6,,,,trainer,Picnicker,Nancy,FRLG,firered-leafgreen,1,base,,320,,2,1,Rattata,19,16,female,,,,,,Kanto Route 6,bulbapedia
kanto,Route 6,,,,trainer,Picnicker,Nancy,FRLG,firered-leafgreen,1,base,,320,,2,2,Pikachu,25,16,female,,,,,,Kanto Route 6,bulbapedia
kanto,Route 6,,,,trainer,Bug Catcher,Elijah,FRLG,firered-leafgreen,1,base,,240,,1,1,Butterfree,12,20,male,,,,,,Kanto Route 6,bulbapedia
kanto,Route 6,,,,trainer,Picnicker,Isabelle,FRLG,firered-leafgreen,1,base,,320,,3,1,Pidgey,16,16,female,,,,,,Kanto Route 6,bulbapedia
kanto,Route 6,,,,trainer,Picnicker,Isabelle,FRLG,firered-leafgreen,1,base,,320,,3,2,Pidgey,16,16,female,,,,,,Kanto Route 6,bulbapedia
kanto,Route 6,,,,trainer,Picnicker,Isabelle,FRLG,firered-leafgreen,1,base,,320,,3,3,Pidgey,16,16,female,,,,,,Kanto Route 6,bulbapedia
kanto,Route 6,,,,trainer,Camper,Jeff,FRLG,firered-leafgreen,1,base,,320,,2,1,Spearow,21,16,male,,,,,,Kanto Route 6,bulbapedia
kanto,Route 6,,,,trainer,Camper,Jeff,FRLG,firered-leafgreen,1,base,,320,,2,2,Raticate,20,16,male,,,,,,Kanto Route 6,bulbapedia
kanto,Route 6,,,,trainer,Camper,Ricky,FRLG,firered-leafgreen,1,rematch,Rematch,440,,1,1,Squirtle,7,22,male,,,,,,Kanto Route 6,bulbapedia
kanto,Route 6,,,,trainer,Camper,Ricky,FRLG,firered-leafgreen,1,after-reaching-fuchsia-city,After reaching Fuchsia City and defeating the previous team,600,,1,1,Wartortle,8,30,male,,,,,,Kanto Route 6,bulbapedia
kanto,Route 6,,,,trainer,Camper,Ricky,FRLG,firered-leafgreen,1,after-delivering-the-sapphire-to-celio,After delivering the Sapphire to Celio and defeating the previous team,1100,,1,1,Wartortle,8,55,male,,,,,,Kanto Route 6,bulbapedia
kanto,Route 6,,,,trainer,Picnicker,Isabelle,FRLG,firered-leafgreen,1,rematch,Rematch,360,,3,1,Pidgeotto,17,21,female,,,,,,Kanto Route 6,bulbapedia
kanto,Route 6,,,,trainer,Picnicker,Isabelle,FRLG,firered-leafgreen,1,rematch,Rematch,360,,3,2,Pidgeotto,17,21,female,,,,,,Kanto Route 6,bulbapedia
kanto,Route 6,,,,trainer,Picnicker,Isabelle,FRLG,firered-leafgreen,1,rematch,Rematch,360,,3,3,Pidgey,16,18,female,,,,,,Kanto Route 6,bulbapedia
kanto,Route 6,,,,trainer,Picnicker,Isabelle,FRLG,firered-leafgreen,1,after-reaching-fuchsia-city,After reaching Fuchsia City and defeating the previous team,520,,3,1,Pidgeotto,17,29,female,,,,,,Kanto Route 6,bulbapedia
kanto,Route 6,,,,trainer,Picnicker,Isabelle,FRLG,firered-leafgreen,1,after-reaching-fuchsia-city,After reaching Fuchsia City and defeating the previous team,520,,3,2,Pidgeotto,17,29,female,,,,,,Kanto Route 6,bulbapedia
kanto,Route 6,,,,trainer,Picnicker,Isabelle,FRLG,firered-leafgreen,1,after-reaching-fuchsia-city,After reaching Fuchsia City and defeating the previous team,520,,3,3,Pidgeotto,17,26,female,,,,,,Kanto Route 6,bulbapedia
kanto,Route 6,,,,trainer,Picnicker,Isabelle,FRLG,firered-leafgreen,1,after-becoming-champion,After becoming Champion and defeating the previous team,1000,,3,1,Pidgeotto,17,47,female,,,,,,Kanto Route 6,bulbapedia
kanto,Route 6,,,,trainer,Picnicker,Isabelle,FRLG,firered-leafgreen,1,after-becoming-champion,After becoming Champion and defeating the previous team,1000,,3,2,Pidgeotto,17,47,female,,,,,,Kanto Route 6,bulbapedia
kanto,Route 6,,,,trainer,Picnicker,Isabelle,FRLG,firered-leafgreen,1,after-becoming-champion,After becoming Champion and defeating the previous team,1000,,3,3,Pidgeot,18,50,female,,,,,,Kanto Route 6,bulbapedia
kanto,Route 6,,,,trainer,Camper,Jeff,FRLG,firered-leafgreen,1,rematch,Rematch,420,,2,1,Spearow,21,21,male,,,,,,Kanto Route 6,bulbapedia
kanto,Route 6,,,,trainer,Camper,Jeff,FRLG,firered-leafgreen,1,rematch,Rematch,420,,2,2,Raticate,20,21,male,,,,,,Kanto Route 6,bulbapedia
kanto,Route 6,,,,trainer,Camper,Jeff,FRLG,firered-leafgreen,1,after-reaching-fuchsia-city,After reaching Fuchsia City and defeating the previous team,650,,2,1,Fearow,22,29,male,,,,,,Kanto Route 6,bulbapedia
kanto,Route 6,,,,trainer,Camper,Jeff,FRLG,firered-leafgreen,1,after-reaching-fuchsia-city,After reaching Fuchsia City and defeating the previous team,650,,2,2,Raticate,20,29,male,,,,,,Kanto Route 6,bulbapedia
kanto,Route 6,,,,trainer,Camper,Jeff,FRLG,firered-leafgreen,1,after-delivering-the-sapphire-to-celio,After delivering the Sapphire to Celio and defeating the previous team,1080,,2,1,Fearow,22,54,male,,,,,,Kanto Route 6,bulbapedia
kanto,Route 6,,,,trainer,Camper,Jeff,FRLG,firered-leafgreen,1,after-delivering-the-sapphire-to-celio,After delivering the Sapphire to Celio and defeating the previous team,1080,,2,2,Raticate,20,54,male,,,,,,Kanto Route 6,bulbapedia
kanto,Route 6,,,,trainer,Camper,Ricky,PE,lets-go-pikachu-lets-go-eevee,0,base,,300,2 Great Balls,2,1,Sandshrew,27,15,male,,,,,,Kanto Route 6,bulbapedia
kanto,Route 6,,,,trainer,Camper,Ricky,PE,lets-go-pikachu-lets-go-eevee,0,base,,300,2 Great Balls,2,2,Nidoran♂,32,15,,,,,,,Kanto Route 6,bulbapedia
kanto,Route 6,,,,trainer,Picnicker,Nancy,PE,lets-go-pikachu-lets-go-eevee,0,base,,300,2 Great Balls,2,1,Nidoran♀,29,15,,,,,,,Kanto Route 6,bulbapedia
kanto,Route 6,,,,trainer,Picnicker,Nancy,PE,lets-go-pikachu-lets-go-eevee,0,base,,300,2 Great Balls,2,2,Jigglypuff,39,15,female,,,,,,Kanto Route 6,bulbapedia
kanto,Route 6,,,,trainer,Gentleman,Edward,PE,lets-go-pikachu-lets-go-eevee,0,base,,1920,3 Poké Balls,1,1,Eevee,133,16,male,,,,,,Kanto Route 6,bulbapedia
kanto,Route 6,,,,trainer,Sailor,Elijah,PE,lets-go-pikachu-lets-go-eevee,0,base,,960,3 Poké Balls,1,1,Tentacool,72,16,male,,,,,,Kanto Route 6,bulbapedia
kanto,Route 6,,,,trainer,Picnicker,Isabelle,PE,lets-go-pikachu-lets-go-eevee,0,base,,300,2 Great Balls,1,1,Charmander,4,15,female,,,,,,Kanto Route 6,bulbapedia
kanto,Route 6,,,,trainer,Camper,Jeff,PE,lets-go-pikachu-lets-go-eevee,0,base,,300,2 Great Balls,1,1,Bellsprout,69,15,male,,,,,,Kanto Route 6,bulbapedia
kanto,Route 7,,,,trainer,Ace Trainer,Yvette,PE,lets-go-pikachu-lets-go-eevee,0,base,,2800,5 Ultra Balls,3,1,Raichu,26,28,male,,,,,,Kanto Route 7,bulbapedia
kanto,Route 7,,,,trainer,Ace Trainer,Yvette,PE,lets-go-pikachu-lets-go-eevee,0,base,,2800,5 Ultra Balls,3,2,Dugtrio,51,29,female,,,,,,Kanto Route 7,bulbapedia
kanto,Route 7,,,,trainer,Ace Trainer,Yvette,PE,lets-go-pikachu-lets-go-eevee,0,base,,2800,5 Ultra Balls,3,3,Seel,86,28,male,,,,,,Kanto Route 7,bulbapedia
kanto,Route 7,,,,trainer,Coach Trainer,Alpesh,PE,lets-go-pikachu-lets-go-eevee,0,base,,3000,,2,1,Farfetch'd,83,29,male,,,,,,Kanto Route 7,bulbapedia
kanto,Route 7,,,,trainer,Coach Trainer,Alpesh,PE,lets-go-pikachu-lets-go-eevee,0,base,,3000,,2,2,Wigglytuff,40,30,male,,,,,,Kanto Route 7,bulbapedia
kanto,Route 8,,,East to West,trainer,Lass,Julia,FRLG,firered-leafgreen,1,base,,352,,2,1,Clefairy,35,22,female,,,,,,Kanto Route 8,bulbapedia
kanto,Route 8,,,East to West,trainer,Lass,Julia,FRLG,firered-leafgreen,1,base,,352,,2,2,Clefairy,35,22,female,,,,,,Kanto Route 8,bulbapedia
kanto,Route 8,,,East to West,trainer,Gamer,Rich,FRLG,firered-leafgreen,1,base,,1728,,2,1,Growlithe,58,24,male,,,,,,Kanto Route 8,bulbapedia
kanto,Route 8,,,East to West,trainer,Gamer,Rich,FRLG,firered-leafgreen,1,base,,1728,,2,2,Vulpix,37,24,female,,,,,,Kanto Route 8,bulbapedia
kanto,Route 8,,,East to West,trainer,Super Nerd,Glenn,FRLG,firered-leafgreen,1,base,,528,,3,1,Grimer,88,22,male,,,,,,Kanto Route 8,bulbapedia
kanto,Route 8,,,East to West,trainer,Super Nerd,Glenn,FRLG,firered-leafgreen,1,base,,528,,3,2,Muk,89,22,male,,,,,,Kanto Route 8,bulbapedia
kanto,Route 8,,,East to West,trainer,Super Nerd,Glenn,FRLG,firered-leafgreen,1,base,,528,,3,3,Grimer,88,22,male,,,,,,Kanto Route 8,bulbapedia
kanto,Route 8,,,East to West,trainer,Twins,Eli & Anne,FRLG,firered-leafgreen,1,base,,528,,2,1,Clefairy,35,22,female,,,,,,Kanto Route 8,bulbapedia
kanto,Route 8,,,East to West,trainer,Twins,Eli & Anne,FRLG,firered-leafgreen,1,base,,528,,2,2,Jigglypuff,39,22,female,,,,,,Kanto Route 8,bulbapedia
kanto,Route 8,,,East to West,trainer,Lass,Paige,FRLG,firered-leafgreen,1,base,,368,,2,1,Nidoran♀,29,23,none,,,,,,Kanto Route 8,bulbapedia
kanto,Route 8,,,East to West,trainer,Lass,Paige,FRLG,firered-leafgreen,1,base,,368,,2,2,Nidorina,30,23,female,,,,,,Kanto Route 8,bulbapedia
kanto,Route 8,,,East to West,trainer,Super Nerd,Leslie,FRLG,firered-leafgreen,1,base,,624,,1,1,Koffing,109,26,male,,,,,,Kanto Route 8,bulbapedia
kanto,Route 8,,,East to West,trainer,Lass,Andrea,FRLG,firered-leafgreen,1,base,,384,,3,1,Meowth,52,24,female,,,,,,Kanto Route 8,bulbapedia
kanto,Route 8,,,East to West,trainer,Lass,Andrea,FRLG,firered-leafgreen,1,base,,384,,3,2,Meowth,52,24,female,,,,,,Kanto Route 8,bulbapedia
kanto,Route 8,,,East to West,trainer,Lass,Andrea,FRLG,firered-leafgreen,1,base,,384,,3,3,Meowth,52,24,female,,,,,,Kanto Route 8,bulbapedia
kanto,Route 8,,,East to West,trainer,Lass,Megan,FRLG,firered-leafgreen,1,base,,304,,5,1,Pidgey,16,19,female,,,,,,Kanto Route 8,bulbapedia
kanto,Route 8,,,East to West,trainer,Lass,Megan,FRLG,firered-leafgreen,1,base,,304,,5,2,Rattata,19,19,female,,,,,,Kanto Route 8,bulbapedia
kanto,Route 8,,,East to West,trainer,Lass,Megan,FRLG,firered-leafgreen,1,base,,304,,5,3,Nidoran♂,32,19,none,,,,,,Kanto Route 8,bulbapedia
kanto,Route 8,,,East to West,trainer,Lass,Megan,FRLG,firered-leafgreen,1,base,,304,,5,4,Meowth,52,19,female,,,,,,Kanto Route 8,bulbapedia
kanto,Route 8,,,East to West,trainer,Lass,Megan,FRLG,firered-leafgreen,1,base,,304,,5,5,Pikachu,25,19,female,,,,,,Kanto Route 8,bulbapedia
kanto,Route 8,,,East to West,trainer,Biker,Jaren,FRLG,firered-leafgreen,1,base,,480,,2,1,Grimer,88,24,male,,,,,,Kanto Route 8,bulbapedia
kanto,Route 8,,,East to West,trainer,Biker,Jaren,FRLG,firered-leafgreen,1,base,,480,,2,2,Grimer,88,24,male,,,,,,Kanto Route 8,bulbapedia
kanto,Route 8,,,East to West,trainer,Biker,Ricardo,FRLG,firered-leafgreen,1,base,,460,,3,1,Koffing,109,22,male,,,,,,Kanto Route 8,bulbapedia
kanto,Route 8,,,East to West,trainer,Biker,Ricardo,FRLG,firered-leafgreen,1,base,,460,,3,2,Koffing,109,22,male,,,,,,Kanto Route 8,bulbapedia
kanto,Route 8,,,East to West,trainer,Biker,Ricardo,FRLG,firered-leafgreen,1,base,,460,,3,3,Grimer,88,23,male,,,,,,Kanto Route 8,bulbapedia
kanto,Route 8,,,East to West,trainer,Gamer,Stan,FRLG,firered-leafgreen,1,base,,1584,,3,1,Poliwag,60,22,male,,,,,,Kanto Route 8,bulbapedia
kanto,Route 8,,,East to West,trainer,Gamer,Stan,FRLG,firered-leafgreen,1,base,,1584,,3,2,Poliwag,60,22,male,,,,,,Kanto Route 8,bulbapedia
kanto,Route 8,,,East to West,trainer,Gamer,Stan,FRLG,firered-leafgreen,1,base,,1584,,3,3,Poliwhirl,61,22,male,,,,,,Kanto Route 8,bulbapedia
kanto,Route 8,,,East to West,trainer,Super Nerd,Aidan,FRLG,firered-leafgreen,1,base,,480,,4,1,Voltorb,100,20,none,,,,,,Kanto Route 8,bulbapedia
kanto,Route 8,,,East to West,trainer,Super Nerd,Aidan,FRLG,firered-leafgreen,1,base,,480,,4,2,Voltorb,100,20,none,,,,,,Kanto Route 8,bulbapedia
kanto,Route 8,,,East to West,trainer,Super Nerd,Aidan,FRLG,firered-leafgreen,1,base,,480,,4,3,Magnemite,81,20,none,,,,,,Kanto Route 8,bulbapedia
kanto,Route 8,,,East to West,trainer,Super Nerd,Aidan,FRLG,firered-leafgreen,1,base,,480,,4,4,Koffing,109,20,male,,,,,,Kanto Route 8,bulbapedia
kanto,Route 8,,,East to West,trainer,Gamer,Rich,FRLG,firered-leafgreen,1,after-reaching-fuchsia-city,After reaching Fuchsia City,2160,,2,1,Growlithe,58,30,male,,,,,,Kanto Route 8,bulbapedia
kanto,Route 8,,,East to West,trainer,Gamer,Rich,FRLG,firered-leafgreen,1,after-reaching-fuchsia-city,After reaching Fuchsia City,2160,,2,2,Vulpix,37,30,female,,,,,,Kanto Route 8,bulbapedia
kanto,Route 8,,,East to West,trainer,Super Nerd,Glenn,FRLG,firered-leafgreen,1,after-reaching-fuchsia-city,After reaching Fuchsia City,672,,3,1,Muk,89,28,male,,,,,,Kanto Route 8,bulbapedia
kanto,Route 8,,,East to West,trainer,Super Nerd,Glenn,FRLG,firered-leafgreen,1,after-reaching-fuchsia-city,After reaching Fuchsia City,672,,3,2,Muk,89,28,male,,,,,,Kanto Route 8,bulbapedia
kanto,Route 8,,,East to West,trainer,Super Nerd,Glenn,FRLG,firered-leafgreen,1,after-reaching-fuchsia-city,After reaching Fuchsia City,672,,3,3,Muk,89,28,male,,,,,,Kanto Route 8,bulbapedia
kanto,Route 8,,,East to West,trainer,Twins,Eli & Anne,FRLG,firered-leafgreen,1,after-reaching-fuchsia-city,After reaching Fuchsia City,672,,2,1,Clefairy,35,28,female,,,,,,Kanto Route 8,bulbapedia
kanto,Route 8,,,East to West,trainer,Twins,Eli & Anne,FRLG,firered-leafgreen,1,after-reaching-fuchsia-city,After reaching Fuchsia City,672,,2,2,Jigglypuff,39,28,female,,,,,,Kanto Route 8,bulbapedia
kanto,Route 8,,,East to West,trainer,Lass,Megan,FRLG,firered-leafgreen,1,after-reaching-celadon-city,After reaching Celadon City,352,,5,1,Pidgeotto,17,22,female,,,,,,Kanto Route 8,bulbapedia
kanto,Route 8,,,East to West,trainer,Lass,Megan,FRLG,firered-leafgreen,1,after-reaching-celadon-city,After reaching Celadon City,352,,5,2,Raticate,20,22,female,,,,,,Kanto Route 8,bulbapedia
kanto,Route 8,,,East to West,trainer,Lass,Megan,FRLG,firered-leafgreen,1,after-reaching-celadon-city,After reaching Celadon City,352,,5,3,Nidoran♂,32,23,none,,,,,,Kanto Route 8,bulbapedia
kanto,Route 8,,,East to West,trainer,Lass,Megan,FRLG,firered-leafgreen,1,after-reaching-celadon-city,After reaching Celadon City,352,,5,4,Meowth,52,21,female,,,,,,Kanto Route 8,bulbapedia
kanto,Route 8,,,East to West,trainer,Lass,Megan,FRLG,firered-leafgreen,1,after-reaching-celadon-city,After reaching Celadon City,352,,5,5,Pikachu,25,22,female,,,,,,Kanto Route 8,bulbapedia
kanto,Route 8,,,East to West,trainer,Lass,Megan,FRLG,firered-leafgreen,1,after-becoming-champion,After becoming Champion and defeating the previous team,768,,5,1,Pidgeot,18,46,female,,,,,,Kanto Route 8,bulbapedia
kanto,Route 8,,,East to West,trainer,Lass,Megan,FRLG,firered-leafgreen,1,after-becoming-champion,After becoming Champion and defeating the previous team,768,,5,2,Raticate,20,47,female,,,,,,Kanto Route 8,bulbapedia
kanto,Route 8,,,East to West,trainer,Lass,Megan,FRLG,firered-leafgreen,1,after-becoming-champion,After becoming Champion and defeating the previous team,768,,5,3,Nidorino,33,47,male,,,,,,Kanto Route 8,bulbapedia
kanto,Route 8,,,East to West,trainer,Lass,Megan,FRLG,firered-leafgreen,1,after-becoming-champion,After becoming Champion and defeating the previous team,768,,5,4,Persian,53,47,female,,,,,,Kanto Route 8,bulbapedia
kanto,Route 8,,,East to West,trainer,Lass,Megan,FRLG,firered-leafgreen,1,after-becoming-champion,After becoming Champion and defeating the previous team,768,,5,5,Raichu,26,48,female,,,,,,Kanto Route 8,bulbapedia
kanto,Route 8,,,East to West,trainer,Biker,Jaren,FRLG,firered-leafgreen,1,after-reaching-fuchsia-city,After reaching Fuchsia City,600,,2,1,Muk,89,28,male,,,,,,Kanto Route 8,bulbapedia
kanto,Route 8,,,East to West,trainer,Biker,Jaren,FRLG,firered-leafgreen,1,after-reaching-fuchsia-city,After reaching Fuchsia City,600,,2,2,Muk,89,30,male,,,,,,Kanto Route 8,bulbapedia
kanto,Route 8,,,East to West,trainer,Beauty,Aubrey,PE,lets-go-pikachu-lets-go-eevee,0,base,,1560,3 Poké Balls,1,1,Clefairy,35,26,female,,,,,,Kanto Route 8,bulbapedia
kanto,Route 8,,,East to West,trainer,Gamer,Rich,PE,lets-go-pikachu-lets-go-eevee,0,base,,4200,3 Poké Balls,1,1,Seaking,119,35,male,,,,,,Kanto Route 8,bulbapedia
kanto,Route 8,,,East to West Requires Chop Down,trainer,Ace Trainer,Kyla,PE,lets-go-pikachu-lets-go-eevee,0,base,,2900,5 Ultra Balls,2,1,Kadabra,64,28,male,,,,,,Kanto Route 8,bulbapedia
kanto,Route 8,,,East to West Requires Chop Down,trainer,Ace Trainer,Kyla,PE,lets-go-pikachu-lets-go-eevee,0,base,,2900,5 Ultra Balls,2,2,Machoke,67,29,male,,,,,,Kanto Route 8,bulbapedia
kanto,Route 8,,,East to West,trainer,Super Nerd,Aidan,PE,lets-go-pikachu-lets-go-eevee,0,base,,1080,3 Poké Balls,1,1,Koffing,109,27,male,,,,,,Kanto Route 8,bulbapedia
kanto,Route 8,,,East to West,trainer,Rocker,Glenn,PE,lets-go-pikachu-lets-go-eevee,0,base,,756,3 Poké Balls,1,1,Jolteon,135,27,male,,,,,,Kanto Route 8,bulbapedia
kanto,Route 8,,,East to West,trainer,Gamer,Stan,PE,lets-go-pikachu-lets-go-eevee,0,base,,4200,3 Poké Balls,1,1,Rhyhorn,111,35,male,,,,,,Kanto Route 8,bulbapedia
kanto,Route 8,,,East to West,trainer,Lass,Andrea,PE,lets-go-pikachu-lets-go-eevee,0,base,,500,3 Poké Balls,3,1,Meowth,52,25,female,,,,,,Kanto Route 8,bulbapedia
kanto,Route 8,,,East to West,trainer,Lass,Andrea,PE,lets-go-pikachu-lets-go-eevee,0,base,,500,3 Poké Balls,3,2,Meowth,52,25,female,,,,,,Kanto Route 8,bulbapedia
kanto,Route 8,,,East to West,trainer,Lass,Andrea,PE,lets-go-pikachu-lets-go-eevee,0,base,,500,3 Poké Balls,3,3,Meowth,52,25,female,,,,,,Kanto Route 8,bulbapedia
kanto,Route 8,,,East to West,trainer,Lass,Megan,PE,lets-go-pikachu-lets-go-eevee,0,base,,500,3 Poké Balls,1,1,Pikachu,25,25,male,,,,,,Kanto Route 8,bulbapedia
kanto,Route 8,,,East to West,trainer,Super Nerd,Leslie,PE,lets-go-pikachu-lets-go-eevee,0,base,,1080,3 Poké Balls,1,1,Magnemite,81,27,,,,,,,Kanto Route 8,bulbapedia
kanto,Route 9,,,,trainer,Picnicker,Alicia,FRLG,firered-leafgreen,1,base,,360,,4,1,Oddish,43,18,female,,,,,,Kanto Route 9,bulbapedia
kanto,Route 9,,,,trainer,Picnicker,Alicia,FRLG,firered-leafgreen,1,base,,360,,4,2,Bellsprout,69,18,female,,,,,,Kanto Route 9,bulbapedia
kanto,Route 9,,,,trainer,Picnicker,Alicia,FRLG,firered-leafgreen,1,base,,360,,4,3,Oddish,43,18,female,,,,,,Kanto Route 9,bulbapedia
kanto,Route 9,,,,trainer,Picnicker,Alicia,FRLG,firered-leafgreen,1,base,,360,,4,4,Bellsprout,69,18,female,,,,,,Kanto Route 9,bulbapedia
kanto,Route 9,,,,trainer,Hiker,Jeremy,FRLG,firered-leafgreen,1,base,,720,,2,1,Machop,66,20,male,,,,,,Kanto Route 9,bulbapedia
kanto,Route 9,,,,trainer,Hiker,Jeremy,FRLG,firered-leafgreen,1,base,,720,,2,2,Onix,95,20,male,,,,,,Kanto Route 9,bulbapedia
kanto,Route 9,,,,trainer,Camper,Chris,FRLG,firered-leafgreen,1,base,,420,,2,1,Growlithe,58,21,male,,,,,,Kanto Route 9,bulbapedia
kanto,Route 9,,,,trainer,Camper,Chris,FRLG,firered-leafgreen,1,base,,420,,2,2,Charmander,4,21,male,,,,,,Kanto Route 9,bulbapedia
kanto,Route 9,,,,trainer,Bug Catcher,Brent,FRLG,firered-leafgreen,1,base,,228,,2,1,Beedrill,15,19,male,,,,,,Kanto Route 9,bulbapedia
kanto,Route 9,,,,trainer,Bug Catcher,Brent,FRLG,firered-leafgreen,1,base,,228,,2,2,Beedrill,15,19,male,,,,,,Kanto Route 9,bulbapedia
kanto,Route 9,,,,trainer,Hiker,Alan,FRLG,firered-leafgreen,1,base,,756,,2,1,Geodude,74,21,male,,,,,,Kanto Route 9,bulbapedia
kanto,Route 9,,,,trainer,Hiker,Alan,FRLG,firered-leafgreen,1,base,,756,,2,2,Onix,95,21,male,,,,,,Kanto Route 9,bulbapedia
kanto,Route 9,,,,trainer,Bug Catcher,Conner,FRLG,firered-leafgreen,1,base,,240,,3,1,Caterpie,10,20,male,,,,,,Kanto Route 9,bulbapedia
kanto,Route 9,,,,trainer,Bug Catcher,Conner,FRLG,firered-leafgreen,1,base,,240,,3,2,Weedle,13,20,male,,,,,,Kanto Route 9,bulbapedia
kanto,Route 9,,,,trainer,Bug Catcher,Conner,FRLG,firered-leafgreen,1,base,,240,,3,3,Venonat,48,20,male,,,,,,Kanto Route 9,bulbapedia
kanto,Route 9,,,,trainer,Camper,Drew,FRLG,firered-leafgreen,1,base,,380,,4,1,Rattata,19,19,male,,,,,,Kanto Route 9,bulbapedia
kanto,Route 9,,,,trainer,Camper,Drew,FRLG,firered-leafgreen,1,base,,380,,4,2,Sandshrew,27,19,male,,,,,,Kanto Route 9,bulbapedia
kanto,Route 9,,,,trainer,Camper,Drew,FRLG,firered-leafgreen,1,base,,380,,4,3,Ekans,23,19,male,,,,,,Kanto Route 9,bulbapedia
kanto,Route 9,,,,trainer,Camper,Drew,FRLG,firered-leafgreen,1,base,,380,,4,4,Sandshrew,27,19,male,,,,,,Kanto Route 9,bulbapedia
kanto,Route 9,,,,trainer,Hiker,Brice,FRLG,firered-leafgreen,1,base,,720,,3,1,Geodude,74,20,male,,,,,,Kanto Route 9,bulbapedia
kanto,Route 9,,,,trainer,Hiker,Brice,FRLG,firered-leafgreen,1,base,,720,,3,2,Geodude,74,20,male,,,,,,Kanto Route 9,bulbapedia
kanto,Route 9,,,,trainer,Hiker,Brice,FRLG,firered-leafgreen,1,base,,720,,3,3,Machop,66,20,male,,,,,,Kanto Route 9,bulbapedia
kanto,Route 9,,,,trainer,Picnicker,Caitlin,FRLG,firered-leafgreen,1,base,,460,,1,1,Meowth,52,23,female,,,,,,Kanto Route 9,bulbapedia
kanto,Route 9,,,,trainer,Picnicker,Alicia,FRLG,firered-leafgreen,1,rematch,Rematch,500,After reaching Celadon City,1,1,Meowth,52,25,female,,,,,,Kanto Route 9,bulbapedia
kanto,Route 9,,,,trainer,Picnicker,Alicia,FRLG,firered-leafgreen,1,after-reaching-fuchsia-city,After reaching Fuchsia City and defeating the previous team,600,,1,1,Persian,53,30,female,,,,,,Kanto Route 9,bulbapedia
kanto,Route 9,,,,trainer,Picnicker,Alicia,FRLG,firered-leafgreen,1,after-delivering-the-sapphire-to-celio,After delivering the Sapphire to Celio and defeating the previous team,1100,,1,1,Persian,53,55,female,,,,,,Kanto Route 9,bulbapedia
kanto,Route 9,,,,trainer,Hiker,Jeremy,FRLG,firered-leafgreen,1,after-reaching-fuchsia-city,After reaching Fuchsia City,1008,,2,1,Machoke,67,30,male,,,,,,Kanto Route 9,bulbapedia
kanto,Route 9,,,,trainer,Hiker,Jeremy,FRLG,firered-leafgreen,1,after-reaching-fuchsia-city,After reaching Fuchsia City,1008,,2,2,Onix,95,28,male,,,,,,Kanto Route 9,bulbapedia
kanto,Route 9,,,,trainer,Camper,Chris,FRLG,firered-leafgreen,1,after-reaching-celadon-city,After reaching Celadon City,480,,2,1,Growlithe,58,24,male,,,,,,Kanto Route 9,bulbapedia
kanto,Route 9,,,,trainer,Camper,Chris,FRLG,firered-leafgreen,1,after-reaching-celadon-city,After reaching Celadon City,480,,2,2,Charmander,4,24,male,,,,,,Kanto Route 9,bulbapedia
kanto,Route 9,,,,trainer,Camper,Chris,FRLG,firered-leafgreen,1,after-reaching-fuchsia-city,After reaching Fuchsia City and defeating the previous team,580,,2,1,Growlithe,58,29,male,,,,,,Kanto Route 9,bulbapedia
kanto,Route 9,,,,trainer,Camper,Chris,FRLG,firered-leafgreen,1,after-reaching-fuchsia-city,After reaching Fuchsia City and defeating the previous team,580,,2,2,Charmeleon,5,29,male,,,,,,Kanto Route 9,bulbapedia
kanto,Route 9,,,,trainer,Camper,Chris,FRLG,firered-leafgreen,1,after-delivering-the-sapphire-to-celio,After delivering the Sapphire to Celio and defeating the previous team,1080,,2,1,Arcanine,59,54,male,,,,,,Kanto Route 9,bulbapedia
kanto,Route 9,,,,trainer,Camper,Chris,FRLG,firered-leafgreen,1,after-delivering-the-sapphire-to-celio,After delivering the Sapphire to Celio and defeating the previous team,1080,,2,2,Charmeleon,5,54,male,,,,,,Kanto Route 9,bulbapedia
kanto,Route 9,,,,trainer,Picnicker,Alicia,PE,lets-go-pikachu-lets-go-eevee,0,base,,420,2 Great Balls,2,1,Eevee,133,21,female,,,,,,Kanto Route 9,bulbapedia
kanto,Route 9,,,,trainer,Picnicker,Alicia,PE,lets-go-pikachu-lets-go-eevee,0,base,,420,2 Great Balls,2,2,Gloom,44,21,female,,,,,,Kanto Route 9,bulbapedia
kanto,Route 9,,,,trainer,Bug Catcher,Conner,PE,lets-go-pikachu-lets-go-eevee,0,base,,228,3 Poké Balls,1,1,Paras,46,19,male,,,,,,Kanto Route 9,bulbapedia
kanto,Route 9,,,,trainer,Hiker,Jeremy,PE,lets-go-pikachu-lets-go-eevee,0,base,,880,3 Poké Balls,1,1,Onix,95,22,female,,,,,,Kanto Route 9,bulbapedia
kanto,Route 9,,,,trainer,Camper,Drew,PE,lets-go-pikachu-lets-go-eevee,0,base,,420,2 Great Balls,2,1,Sandshrew,27,21,male,,,,,,Kanto Route 9,bulbapedia
kanto,Route 9,,,,trainer,Camper,Drew,PE,lets-go-pikachu-lets-go-eevee,0,base,,420,2 Great Balls,2,2,Raticate,20,21,male,,,,,,Kanto Route 9,bulbapedia
kanto,Route 9,,,,trainer,Youngster,Chris,PE,lets-go-pikachu-lets-go-eevee,0,base,,400,3 Poké Balls,2,1,Diglett,50,20,male,,,,,,Kanto Route 9,bulbapedia
kanto,Route 9,,,,trainer,Youngster,Chris,PE,lets-go-pikachu-lets-go-eevee,0,base,,400,3 Poké Balls,2,2,Fearow,22,20,male,,,,,,Kanto Route 9,bulbapedia
kanto,Route 9,,,,trainer,Black Belt,Brice,PE,lets-go-pikachu-lets-go-eevee,0,base,,644,3 Poké Balls,1,1,Mankey,56,23,male,,,,,,Kanto Route 9,bulbapedia
kanto,Route 9,,,,trainer,Picnicker,Caitlin,PE,lets-go-pikachu-lets-go-eevee,0,base,,420,2 Great Balls,2,1,Goldeen,118,21,female,,,,,,Kanto Route 9,bulbapedia
kanto,Route 9,,,,trainer,Picnicker,Caitlin,PE,lets-go-pikachu-lets-go-eevee,0,base,,420,2 Great Balls,2,2,Pidgeotto,17,21,female,,,,,,Kanto Route 9,bulbapedia
kanto,Route 9,,,,trainer,Hiker,Alan,PE,lets-go-pikachu-lets-go-eevee,0,base,,880,3 Poké Balls,3,1,Geodude,74,22,male,,,,,,Kanto Route 9,bulbapedia
kanto,Route 9,,,,trainer,Hiker,Alan,PE,lets-go-pikachu-lets-go-eevee,0,base,,880,3 Poké Balls,3,2,Geodude,74,22,male,,,,,,Kanto Route 9,bulbapedia
kanto,Route 9,,,,trainer,Hiker,Alan,PE,lets-go-pikachu-lets-go-eevee,0,base,,880,3 Poké Balls,3,3,Geodude,74,22,male,,,,,,Kanto Route 9,bulbapedia
kanto,Route 10,,,Northern segment,trainer,Picnicker,Heidi,FRLG,firered-leafgreen,1,base,,400,,2,1,Pikachu,25,20,female,,,,,,Kanto Route 10,bulbapedia
kanto,Route 10,,,Northern segment,trainer,Picnicker,Heidi,FRLG,firered-leafgreen,1,base,,400,,2,2,Clefairy,35,20,female,,,,,,Kanto Route 10,bulbapedia
kanto,Route 10,,,Northern segment Requires Surf,trainer,PokéManiac,Mark,FRLG,firered-leafgreen,1,base,,1392,,2,1,Rhyhorn,111,29,male,,,,,,Kanto Route 10,bulbapedia
kanto,Route 10,,,Northern segment Requires Surf,trainer,PokéManiac,Mark,FRLG,firered-leafgreen,1,base,,1392,,2,2,Lickitung,108,29,male,,,,,,Kanto Route 10,bulbapedia
kanto,Route 10,,,Southern segment,trainer,Picnicker,Carol,FRLG,firered-leafgreen,1,base,,420,,2,1,Pidgey,16,21,female,,,,,,Kanto Route 10,bulbapedia
kanto,Route 10,,,Southern segment,trainer,Picnicker,Carol,FRLG,firered-leafgreen,1,base,,420,,2,2,Pidgeotto,17,21,female,,,,,,Kanto Route 10,bulbapedia
kanto,Route 10,,,Southern segment,trainer,Hiker,Clark,FRLG,firered-leafgreen,1,base,,756,,2,1,Geodude,74,21,male,,,,,,Kanto Route 10,bulbapedia
kanto,Route 10,,,Southern segment,trainer,Hiker,Clark,FRLG,firered-leafgreen,1,base,,756,,2,2,Onix,95,21,male,,,,,,Kanto Route 10,bulbapedia
kanto,Route 10,,,Southern segment,trainer,Hiker,Trent,FRLG,firered-leafgreen,1,base,,684,,2,1,Onix,95,19,male,,,,,,Kanto Route 10,bulbapedia
kanto,Route 10,,,Southern segment,trainer,Hiker,Trent,FRLG,firered-leafgreen,1,base,,684,,2,2,Graveler,75,19,male,,,,,,Kanto Route 10,bulbapedia
kanto,Route 10,,,Southern segment,trainer,PokéManiac,Herman,FRLG,firered-leafgreen,1,base,,960,,2,1,Cubone,104,20,male,,,,,,Kanto Route 10,bulbapedia
kanto,Route 10,,,Southern segment,trainer,PokéManiac,Herman,FRLG,firered-leafgreen,1,base,,960,,2,2,Slowpoke,79,20,male,,,,,,Kanto Route 10,bulbapedia
kanto,Route 10,,,Southern segment,trainer,PokéManiac,Mark,FRLG,firered-leafgreen,1,after-reaching-fuchsia-city,After reaching Fuchsia City,1584,,2,1,Rhyhorn,111,33,male,,,,,,Kanto Route 10,bulbapedia
kanto,Route 10,,,Southern segment,trainer,PokéManiac,Mark,FRLG,firered-leafgreen,1,after-reaching-fuchsia-city,After reaching Fuchsia City,1584,,2,2,Lickitung,108,33,male,,,,,,Kanto Route 10,bulbapedia
kanto,Route 10,,,Southern segment,trainer,PokéManiac,Mark,FRLG,firered-leafgreen,1,after-delivering-the-sapphire-to-celio,After delivering the Sapphire to Celio and defeating the previous team,2592,,2,1,Rhydon,112,54,male,,,,,,Kanto Route 10,bulbapedia
kanto,Route 10,,,Southern segment,trainer,PokéManiac,Mark,FRLG,firered-leafgreen,1,after-delivering-the-sapphire-to-celio,After delivering the Sapphire to Celio and defeating the previous team,2592,,2,2,Lickitung,108,54,male,,,,,,Kanto Route 10,bulbapedia
kanto,Route 10,,,Southern segment,trainer,Hiker,Trent,FRLG,firered-leafgreen,1,after-reaching-fuchsia-city,After reaching Fuchsia City,1116,,2,1,Onix,95,31,male,,,,,,Kanto Route 10,bulbapedia
kanto,Route 10,,,Southern segment,trainer,Hiker,Trent,FRLG,firered-leafgreen,1,after-reaching-fuchsia-city,After reaching Fuchsia City,1116,,2,2,Graveler,75,31,male,,,,,,Kanto Route 10,bulbapedia
kanto,Route 10,,,Southern segment,trainer,PokéManiac,Herman,FRLG,firered-leafgreen,1,after-reaching-fuchsia-city,After reaching Fuchsia City,1392,,2,1,Marowak,105,29,male,,,,,,Kanto Route 10,bulbapedia
kanto,Route 10,,,Southern segment,trainer,PokéManiac,Herman,FRLG,firered-leafgreen,1,after-reaching-fuchsia-city,After reaching Fuchsia City,1392,,2,2,Slowbro,80,29,male,,,,,,Kanto Route 10,bulbapedia
kanto,Route 10,,,Southern segment,trainer,PokéManiac,Herman,FRLG,firered-leafgreen,1,after-delivering-the-sapphire-to-celio,After delivering the Sapphire to Celio and defeating the previous team,2593,,2,1,Marowak,105,54,male,,,,,,Kanto Route 10,bulbapedia
kanto,Route 10,,,Southern segment,trainer,PokéManiac,Herman,FRLG,firered-leafgreen,1,after-delivering-the-sapphire-to-celio,After delivering the Sapphire to Celio and defeating the previous team,2593,,2,2,Slowbro,80,54,male,,,,,,Kanto Route 10,bulbapedia
kanto,Route 10,,,Northern segment,trainer,Team Rocket Grunt,,PE,lets-go-pikachu-lets-go-eevee,0,base,,616,,1,1,Raticate,20,22,male,,,,,,Kanto Route 10,bulbapedia
kanto,Route 10,,,Northern segment,trainer,Camper,Vance,PE,lets-go-pikachu-lets-go-eevee,0,base,,440,2 Great Balls,2,1,Eevee,133,22,female,,,,,,Kanto Route 10,bulbapedia
kanto,Route 10,,,Northern segment,trainer,Camper,Vance,PE,lets-go-pikachu-lets-go-eevee,0,base,,440,2 Great Balls,2,2,Psyduck,54,22,male,,,,,,Kanto Route 10,bulbapedia
kanto,Route 10,,,Northern segment,trainer,Coach Trainer,Tasha,PE,lets-go-pikachu-lets-go-eevee,0,base,,2600,,2,1,Poliwhirl,61,25,male,,,,,,Kanto Route 10,bulbapedia
kanto,Route 10,,,Northern segment,trainer,Coach Trainer,Tasha,PE,lets-go-pikachu-lets-go-eevee,0,base,,2600,,2,2,Primeape,57,26,female,,,,,,Kanto Route 10,bulbapedia
kanto,Route 10,,,Northern segment Requires Sea Skim,trainer,Poké Maniac,Mark,PE,lets-go-pikachu-lets-go-eevee,0,base,,2016,3 Poké Balls,2,1,Rhyhorn,111,42,male,,,,,,Kanto Route 10,bulbapedia
kanto,Route 10,,,Northern segment Requires Sea Skim,trainer,Poké Maniac,Mark,PE,lets-go-pikachu-lets-go-eevee,0,base,,2016,3 Poké Balls,2,2,Lickitung,108,42,male,,,,,,Kanto Route 10,bulbapedia
kanto,Route 10,,,Southern segment,trainer,Hiker,Clark,PE,lets-go-pikachu-lets-go-eevee,0,base,,1000,3 Poké Balls,2,1,Geodude,74,25,male,,,,,,Kanto Route 10,bulbapedia
kanto,Route 10,,,Southern segment,trainer,Hiker,Clark,PE,lets-go-pikachu-lets-go-eevee,0,base,,1000,3 Poké Balls,2,2,Graveler,75,25,male,,,,,,Kanto Route 10,bulbapedia
kanto,Route 10,,,Southern segment,trainer,Picnicker,Carol,PE,lets-go-pikachu-lets-go-eevee,0,base,,480,2 Great Balls,2,1,Pikachu,25,24,female,,,,,,Kanto Route 10,bulbapedia
kanto,Route 10,,,Southern segment,trainer,Picnicker,Carol,PE,lets-go-pikachu-lets-go-eevee,0,base,,480,2 Great Balls,2,2,Pidgeotto,17,24,female,,,,,,Kanto Route 10,bulbapedia
kanto,Route 10,,,Southern segment,trainer,Camper,Trent,PE,lets-go-pikachu-lets-go-eevee,0,base,,480,2 Great Balls,2,1,Krabby,98,24,male,,,,,,Kanto Route 10,bulbapedia
kanto,Route 10,,,Southern segment,trainer,Camper,Trent,PE,lets-go-pikachu-lets-go-eevee,0,base,,480,2 Great Balls,2,2,Sandslash,28,24,male,,,,,,Kanto Route 10,bulbapedia
kanto,Route 10,,,Southern segment,trainer,Poké Maniac,Damian,PE,lets-go-pikachu-lets-go-eevee,0,base,,1200,3 Poké Balls,1,1,Charmeleon,5,25,male,,,,,,Kanto Route 10,bulbapedia
kanto,Route 11,,,,trainer,Youngster,Eddie,FRLG,firered-leafgreen,1,base,,336,,1,1,Ekans,23,21,male,,,,,,Kanto Route 11,bulbapedia
kanto,Route 11,,,,trainer,Gamer,Hugo,FRLG,firered-leafgreen,1,base,,1296,,2,1,Poliwag,60,18,male,,,,,,Kanto Route 11,bulbapedia
kanto,Route 11,,,,trainer,Gamer,Hugo,FRLG,firered-leafgreen,1,base,,1296,,2,2,Horsea,116,18,male,,,,,,Kanto Route 11,bulbapedia
kanto,Route 11,,,,trainer,Engineer,Bernie,FRLG,firered-leafgreen,1,base,,864,,3,1,Magnemite,81,18,none,,,,,,Kanto Route 11,bulbapedia
kanto,Route 11,,,,trainer,Engineer,Bernie,FRLG,firered-leafgreen,1,base,,864,,3,2,Magnemite,81,18,none,,,,,,Kanto Route 11,bulbapedia
kanto,Route 11,,,,trainer,Engineer,Bernie,FRLG,firered-leafgreen,1,base,,864,,3,3,Magneton,82,18,none,,,,,,Kanto Route 11,bulbapedia
kanto,Route 11,,,,trainer,Youngster,Dave,FRLG,firered-leafgreen,1,base,,288,,2,1,Nidoran♂,32,18,,,,,,,Kanto Route 11,bulbapedia
kanto,Route 11,,,,trainer,Youngster,Dave,FRLG,firered-leafgreen,1,base,,288,,2,2,Nidorino,33,18,male,,,,,,Kanto Route 11,bulbapedia
kanto,Route 11,,,,trainer,Youngster,Dillon,FRLG,firered-leafgreen,1,base,,304,,2,1,Sandshrew,27,19,male,,,,,,Kanto Route 11,bulbapedia
kanto,Route 11,,,,trainer,Youngster,Dillon,FRLG,firered-leafgreen,1,base,,304,,2,2,Zubat,41,19,male,,,,,,Kanto Route 11,bulbapedia
kanto,Route 11,,,,trainer,Gamer,Jasper,FRLG,firered-leafgreen,1,base,,1296,,2,1,Bellsprout,69,18,male,,,,,,Kanto Route 11,bulbapedia
kanto,Route 11,,,,trainer,Gamer,Jasper,FRLG,firered-leafgreen,1,base,,1296,,2,2,Oddish,43,18,male,,,,,,Kanto Route 11,bulbapedia
kanto,Route 11,,,,trainer,Engineer,Braxton,FRLG,firered-leafgreen,1,base,,1008,,1,1,Magnemite,81,21,none,,,,,,Kanto Route 11,bulbapedia
kanto,Route 11,,,,trainer,Gamer,Darian,FRLG,firered-leafgreen,1,base,,1296,,2,1,Growlithe,58,18,male,,,,,,Kanto Route 11,bulbapedia
kanto,Route 11,,,,trainer,Gamer,Darian,FRLG,firered-leafgreen,1,base,,1296,,2,2,Vulpix,37,18,female,,,,,,Kanto Route 11,bulbapedia
kanto,Route 11,,,,trainer,Youngster,Yasu,FRLG,firered-leafgreen,1,base,,272,,3,1,Rattata,19,17,male,,,,,,Kanto Route 11,bulbapedia
kanto,Route 11,,,,trainer,Youngster,Yasu,FRLG,firered-leafgreen,1,base,,272,,3,2,Rattata,19,17,male,,,,,,Kanto Route 11,bulbapedia
kanto,Route 11,,,,trainer,Youngster,Yasu,FRLG,firered-leafgreen,1,base,,272,,3,3,Raticate,20,17,male,,,,,,Kanto Route 11,bulbapedia
kanto,Route 11,,,,trainer,Gamer,Dirk,FRLG,firered-leafgreen,1,base,,1296,,2,1,Voltorb,100,18,none,,,,,,Kanto Route 11,bulbapedia
kanto,Route 11,,,,trainer,Gamer,Dirk,FRLG,firered-leafgreen,1,base,,1296,,2,2,Magnemite,81,18,none,,,,,,Kanto Route 11,bulbapedia
kanto,Route 11,,,,trainer,Engineer,Bernie,FRLG,firered-leafgreen,1,after-reaching-fuchsia-city,After reaching Fuchsia City,1344,,3,1,Magneton,82,28,none,,,,,,Kanto Route 11,bulbapedia
kanto,Route 11,,,,trainer,Engineer,Bernie,FRLG,firered-leafgreen,1,after-reaching-fuchsia-city,After reaching Fuchsia City,1344,,3,2,Magneton,82,28,none,,,,,,Kanto Route 11,bulbapedia
kanto,Route 11,,,,trainer,Engineer,Bernie,FRLG,firered-leafgreen,1,after-reaching-fuchsia-city,After reaching Fuchsia City,1344,,3,3,Magneton,82,28,none,,,,,,Kanto Route 11,bulbapedia
kanto,Route 11,,,,trainer,Gamer,Darian,FRLG,firered-leafgreen,1,after-reaching-fuchsia-city,After reaching Fuchsia City,2088,,2,1,Growlithe,58,29,male,,,,,,Kanto Route 11,bulbapedia
kanto,Route 11,,,,trainer,Gamer,Darian,FRLG,firered-leafgreen,1,after-reaching-fuchsia-city,After reaching Fuchsia City,2088,,2,2,Vulpix,37,29,female,,,,,,Kanto Route 11,bulbapedia
kanto,Route 11,,,,trainer,Youngster,Yasu,FRLG,firered-leafgreen,1,after-reaching-celadon-city,After reaching Celadon City,352,,3,1,Rattata,19,22,male,,,,,,Kanto Route 11,bulbapedia
kanto,Route 11,,,,trainer,Youngster,Yasu,FRLG,firered-leafgreen,1,after-reaching-celadon-city,After reaching Celadon City,352,,3,2,Raticate,20,22,male,,,,,,Kanto Route 11,bulbapedia
kanto,Route 11,,,,trainer,Youngster,Yasu,FRLG,firered-leafgreen,1,after-reaching-celadon-city,After reaching Celadon City,352,,3,3,Raticate,20,22,male,,,,,,Kanto Route 11,bulbapedia
kanto,Route 11,,,,trainer,Youngster,Yasu,FRLG,firered-leafgreen,1,after-becoming-champion,After becoming Champion and defeating the previous team,752,,3,1,Raticate,20,47,male,,,,,,Kanto Route 11,bulbapedia
kanto,Route 11,,,,trainer,Youngster,Yasu,FRLG,firered-leafgreen,1,after-becoming-champion,After becoming Champion and defeating the previous team,752,,3,2,Raticate,20,47,male,,,,,,Kanto Route 11,bulbapedia
kanto,Route 11,,,,trainer,Youngster,Yasu,FRLG,firered-leafgreen,1,after-becoming-champion,After becoming Champion and defeating the previous team,752,,3,3,Raticate,20,47,male,,,,,,Kanto Route 11,bulbapedia
kanto,Route 11,,,,trainer,Coach Trainer,Will,PE,lets-go-pikachu-lets-go-eevee,0,base,,2100,,1,1,Rattata,19,21,male,,,,,,Kanto Route 11,bulbapedia
kanto,Route 11,,,,trainer,Sailor,Dirk,PE,lets-go-pikachu-lets-go-eevee,0,base,,1080,3 Poké Balls,2,1,Poliwag,60,18,male,,,,,,Kanto Route 11,bulbapedia
kanto,Route 11,,,,trainer,Sailor,Dirk,PE,lets-go-pikachu-lets-go-eevee,0,base,,1080,3 Poké Balls,2,2,Machop,66,18,male,,,,,,Kanto Route 11,bulbapedia
kanto,Route 11,,,,trainer,Youngster,Eddie,PE,lets-go-pikachu-lets-go-eevee,0,base,,320,3 Poké Balls,1,1,Nidorino,33,16,male,,,,,,Kanto Route 11,bulbapedia
kanto,Route 11,,,,trainer,Gentleman,Wilco,PE,lets-go-pikachu-lets-go-eevee,0,base,,2160,3 Poké Balls,1,1,Vulpix,37,18,female,,,,,,Kanto Route 11,bulbapedia
kanto,Route 11,,,,trainer,Engineer,Bernie,PE,lets-go-pikachu-lets-go-eevee,0,base,,1080,3 Poké Balls,2,1,Magnemite,81,18,,,,,,,Kanto Route 11,bulbapedia
kanto,Route 11,,,,trainer,Engineer,Bernie,PE,lets-go-pikachu-lets-go-eevee,0,base,,1080,3 Poké Balls,2,2,Voltorb,100,18,,,,,,,Kanto Route 11,bulbapedia
kanto,Route 11,,,,trainer,Engineer,Braxton,PE,lets-go-pikachu-lets-go-eevee,0,base,,1080,3 Poké Balls,1,1,Voltorb,100,18,,,,,,,Kanto Route 11,bulbapedia
kanto,Route 11,,,,trainer,Gamer,Hugo,PE,lets-go-pikachu-lets-go-eevee,0,base,,3120,3 Poké Balls,1,1,Diglett,50,26,male,,,,,,Kanto Route 11,bulbapedia
kanto,Route 11,,,,trainer,Sailor,Yasu,PE,lets-go-pikachu-lets-go-eevee,0,base,,1080,3 Poké Balls,1,1,Slowpoke,79,18,male,,,,,,Kanto Route 11,bulbapedia
kanto,Route 11,,,,trainer,Lass,Tomoe,PE,lets-go-pikachu-lets-go-eevee,0,base,,320,3 Poké Balls,2,1,Jigglypuff,39,16,male,,,,,,Kanto Route 11,bulbapedia
kanto,Route 11,,,,trainer,Lass,Tomoe,PE,lets-go-pikachu-lets-go-eevee,0,base,,320,3 Poké Balls,2,2,Nidorina,30,16,female,,,,,,Kanto Route 11,bulbapedia
kanto,Route 12,,,North of Snorlax,trainer,Fisherman,Ned,FRLG,firered-leafgreen,1,base,,792,,3,1,Goldeen,118,22,male,,,,,,Kanto Route 12,bulbapedia
kanto,Route 12,,,North of Snorlax,trainer,Fisherman,Ned,FRLG,firered-leafgreen,1,base,,792,,3,2,Poliwag,60,22,male,,,,,,Kanto Route 12,bulbapedia
kanto,Route 12,,,North of Snorlax,trainer,Fisherman,Ned,FRLG,firered-leafgreen,1,base,,792,,3,3,Goldeen,118,22,male,,,,,,Kanto Route 12,bulbapedia
kanto,Route 12,,,North of Snorlax,trainer,Fisherman,Chip,FRLG,firered-leafgreen,1,base,,864,,2,1,Tentacool,72,24,male,,,,,,Kanto Route 12,bulbapedia
kanto,Route 12,,,North of Snorlax,trainer,Fisherman,Chip,FRLG,firered-leafgreen,1,base,,864,,2,2,Goldeen,118,24,male,,,,,,Kanto Route 12,bulbapedia
kanto,Route 12,,,North of Snorlax,trainer,Fisherman,Hank,FRLG,firered-leafgreen,1,base,,972,,1,1,Goldeen,118,27,male,,,,,,Kanto Route 12,bulbapedia
kanto,Route 12,,,North of Snorlax,trainer,Fisherman,Elliot,FRLG,firered-leafgreen,1,base,,756,,4,1,Poliwag,60,21,male,,,,,,Kanto Route 12,bulbapedia
kanto,Route 12,,,North of Snorlax,trainer,Fisherman,Elliot,FRLG,firered-leafgreen,1,base,,756,,4,2,Shellder,90,21,male,,,,,,Kanto Route 12,bulbapedia
kanto,Route 12,,,North of Snorlax,trainer,Fisherman,Elliot,FRLG,firered-leafgreen,1,base,,756,,4,3,Goldeen,118,21,male,,,,,,Kanto Route 12,bulbapedia
kanto,Route 12,,,North of Snorlax,trainer,Fisherman,Elliot,FRLG,firered-leafgreen,1,base,,756,,4,4,Horsea,116,21,male,,,,,,Kanto Route 12,bulbapedia
kanto,Route 12,,,North of Snorlax,trainer,Young Couple,Gia & Jes,FRLG,firered-leafgreen,1,base,,1344,,2,1,Nidoran♂,32,24,,,,,,,Kanto Route 12,bulbapedia
kanto,Route 12,,,North of Snorlax,trainer,Young Couple,Gia & Jes,FRLG,firered-leafgreen,1,base,,1344,,2,2,Nidoran♀,29,24,,,,,,,Kanto Route 12,bulbapedia
kanto,Route 12,,,South of Snorlax,trainer,Rocker,Luca,FRLG,firered-leafgreen,1,base,,696,,2,1,Voltorb,100,29,,,,,,,Kanto Route 12,bulbapedia
kanto,Route 12,,,South of Snorlax,trainer,Rocker,Luca,FRLG,firered-leafgreen,1,base,,696,,2,2,Electrode,101,29,,,,,,,Kanto Route 12,bulbapedia
kanto,Route 12,,,South of Snorlax Requires Cut,trainer,Camper,Justin,FRLG,firered-leafgreen,1,base,,580,,2,1,Nidoran♂,32,29,,,,,,,Kanto Route 12,bulbapedia
kanto,Route 12,,,South of Snorlax Requires Cut,trainer,Camper,Justin,FRLG,firered-leafgreen,1,base,,580,,2,2,Nidorino,33,29,male,,,,,,Kanto Route 12,bulbapedia
kanto,Route 12,,,South of Snorlax,trainer,Fisherman,Andrew,FRLG,firered-leafgreen,1,base,,864,,2,1,Magikarp,129,24,male,,,,,,Kanto Route 12,bulbapedia
kanto,Route 12,,,South of Snorlax,trainer,Fisherman,Andrew,FRLG,firered-leafgreen,1,base,,864,,2,2,Magikarp,129,24,male,,,,,,Kanto Route 12,bulbapedia
kanto,Route 12,,,South of Snorlax,trainer,Fisherman,Elliot,FRLG,firered-leafgreen,1,after-reaching-fuchsia-city,After reaching Fuchsia City,1008,,4,1,Poliwhirl,61,28,male,,,,,,Kanto Route 12,bulbapedia
kanto,Route 12,,,South of Snorlax,trainer,Fisherman,Elliot,FRLG,firered-leafgreen,1,after-reaching-fuchsia-city,After reaching Fuchsia City,1008,,4,2,Cloyster,91,28,male,,,,,,Kanto Route 12,bulbapedia
kanto,Route 12,,,South of Snorlax,trainer,Fisherman,Elliot,FRLG,firered-leafgreen,1,after-reaching-fuchsia-city,After reaching Fuchsia City,1008,,4,3,Seaking,119,28,male,,,,,,Kanto Route 12,bulbapedia
kanto,Route 12,,,South of Snorlax,trainer,Fisherman,Elliot,FRLG,firered-leafgreen,1,after-reaching-fuchsia-city,After reaching Fuchsia City,1008,,4,4,Seadra,117,28,male,,,,,,Kanto Route 12,bulbapedia
kanto,Route 12,,,South of Snorlax,trainer,Young Couple,Gia & Jes,FRLG,firered-leafgreen,1,after-reaching-fuchsia-city,After reaching Fuchsia City,1680,,2,1,Nidorino,33,30,male,,,,,,Kanto Route 12,bulbapedia
kanto,Route 12,,,South of Snorlax,trainer,Young Couple,Gia & Jes,FRLG,firered-leafgreen,1,after-reaching-fuchsia-city,After reaching Fuchsia City,1680,,2,2,Nidorina,30,30,female,,,,,,Kanto Route 12,bulbapedia
kanto,Route 12,,,South of Snorlax,trainer,Young Couple,Gia & Jes,FRLG,firered-leafgreen,1,after-delivering-the-sapphire-to-celio,After delivering the Sapphire to Celio and defeating the previous team,3080,,2,1,Nidoking,34,55,male,,,,,,Kanto Route 12,bulbapedia
kanto,Route 12,,,South of Snorlax,trainer,Young Couple,Gia & Jes,FRLG,firered-leafgreen,1,after-delivering-the-sapphire-to-celio,After delivering the Sapphire to Celio and defeating the previous team,3080,,2,2,Nidoqueen,31,55,female,,,,,,Kanto Route 12,bulbapedia
kanto,Route 12,,,South of Snorlax,trainer,Rocker,Luca,FRLG,firered-leafgreen,1,after-reaching-fuchsia-city,After reaching Fuchsia City,792,,2,1,Electrode,101,33,,,,,,,Kanto Route 12,bulbapedia
kanto,Route 12,,,South of Snorlax,trainer,Rocker,Luca,FRLG,firered-leafgreen,1,after-reaching-fuchsia-city,After reaching Fuchsia City,792,,2,2,Electrode,101,33,,,,,,,Kanto Route 12,bulbapedia
kanto,Route 12,,,North of Snorlax,trainer,Fisherman,Ned,PE,lets-go-pikachu-lets-go-eevee,0,base,,1080,3 Poké Balls,1,1,Staryu,120,27,,,,,,,Kanto Route 12,bulbapedia
kanto,Route 12,,,North of Snorlax,trainer,Fisherman,Chip,PE,lets-go-pikachu-lets-go-eevee,0,base,,1080,3 Poké Balls,1,1,Poliwhirl,61,27,male,,,,,,Kanto Route 12,bulbapedia
kanto,Route 12,,,North of Snorlax,trainer,Fisherman,Hank,PE,lets-go-pikachu-lets-go-eevee,0,base,,1080,3 Poké Balls,3,1,Magikarp,129,27,male,,,,,,Kanto Route 12,bulbapedia
kanto,Route 12,,,North of Snorlax,trainer,Fisherman,Hank,PE,lets-go-pikachu-lets-go-eevee,0,base,,1080,3 Poké Balls,3,2,Seaking,119,27,male,,,,,,Kanto Route 12,bulbapedia
kanto,Route 12,,,North of Snorlax,trainer,Fisherman,Hank,PE,lets-go-pikachu-lets-go-eevee,0,base,,1080,3 Poké Balls,3,3,Poliwag,60,27,female,,,,,,Kanto Route 12,bulbapedia
kanto,Route 12,,,North of Snorlax,trainer,Fisherman,Elliot,PE,lets-go-pikachu-lets-go-eevee,0,base,,1080,3 Poké Balls,2,1,Gyarados,130,27,male,,,,,,Kanto Route 12,bulbapedia
kanto,Route 12,,,North of Snorlax,trainer,Fisherman,Elliot,PE,lets-go-pikachu-lets-go-eevee,0,base,,1080,3 Poké Balls,2,2,Magikarp,129,27,male,,,,,,Kanto Route 12,bulbapedia
kanto,Route 12,,,North of Snorlax,trainer,Ace Trainer,Zach,PE,lets-go-pikachu-lets-go-eevee,0,base,,2900,5 Ultra Balls,2,1,Tangela,114,28,male,,,,,,Kanto Route 12,bulbapedia
kanto,Route 12,,,North of Snorlax,trainer,Ace Trainer,Zach,PE,lets-go-pikachu-lets-go-eevee,0,base,,2900,5 Ultra Balls,2,2,Onix,95,29,male,,,,,,Kanto Route 12,bulbapedia
kanto,Route 12,,,South of Snorlax,trainer,Fisherman,Andrew,PE,lets-go-pikachu-lets-go-eevee,0,base,,1440,3 Poké Balls,2,1,Tentacool,72,36,female,,,,,,Kanto Route 12,bulbapedia
kanto,Route 12,,,South of Snorlax,trainer,Fisherman,Andrew,PE,lets-go-pikachu-lets-go-eevee,0,base,,1440,3 Poké Balls,2,2,Kingler,99,36,male,,,,,,Kanto Route 12,bulbapedia
kanto,Route 12,,,South of Snorlax Requires Chop Down,trainer,Rocker,Luca,PE,lets-go-pikachu-lets-go-eevee,0,base,,1008,3 Poké Balls,1,1,Electabuzz,125,36,male,,,,,,Kanto Route 12,bulbapedia
kanto,Route 12,,,South of Snorlax,trainer,Camper,Justin,PE,lets-go-pikachu-lets-go-eevee,0,base,,700,2 Great Balls,2,1,Nidoran♂,32,35,,,,,,,Kanto Route 12,bulbapedia
kanto,Route 12,,,South of Snorlax,trainer,Camper,Justin,PE,lets-go-pikachu-lets-go-eevee,0,base,,700,2 Great Balls,2,2,Nidorino,33,35,male,,,,,,Kanto Route 12,bulbapedia
kanto,Route 12,,,South of Snorlax,trainer,Coach Trainer,Priya,PE,lets-go-pikachu-lets-go-eevee,0,base,,3900,,2,1,Butterfree,12,38,female,,,,,,Kanto Route 12,bulbapedia
kanto,Route 12,,,South of Snorlax,trainer,Coach Trainer,Priya,PE,lets-go-pikachu-lets-go-eevee,0,base,,3900,,2,2,Clefable,36,39,female,,,,,,Kanto Route 12,bulbapedia
kanto,Route 13,,,,trainer,Picnicker,Alma,FRLG,firered-leafgreen,1,base,,560,,3,1,Goldeen,118,28,female,,,,,,Kanto Route 13,bulbapedia
kanto,Route 13,,,,trainer,Picnicker,Alma,FRLG,firered-leafgreen,1,base,,560,,3,2,Poliwag,60,28,female,,,,,,Kanto Route 13,bulbapedia
kanto,Route 13,,,,trainer,Picnicker,Alma,FRLG,firered-leafgreen,1,base,,560,,3,3,Horsea,116,28,female,,,,,,Kanto Route 13,bulbapedia
kanto,Route 13,,,,trainer,Bird Keeper,Sebastian,FRLG,firered-leafgreen,1,base,,696,,2,1,Pidgey,16,29,male,,,,,,Kanto Route 13,bulbapedia
kanto,Route 13,,,,trainer,Bird Keeper,Sebastian,FRLG,firered-leafgreen,1,base,,696,,2,2,Pidgeotto,17,29,male,,,,,,Kanto Route 13,bulbapedia
kanto,Route 13,,,,trainer,Picnicker,Susie,FRLG,firered-leafgreen,1,base,,480,,5,1,Pidgey,16,24,female,,,,,,Kanto Route 13,bulbapedia
kanto,Route 13,,,,trainer,Picnicker,Susie,FRLG,firered-leafgreen,1,base,,480,,5,2,Meowth,52,24,female,,,,,,Kanto Route 13,bulbapedia
kanto,Route 13,,,,trainer,Picnicker,Susie,FRLG,firered-leafgreen,1,base,,480,,5,3,Rattata,19,24,female,,,,,,Kanto Route 13,bulbapedia
kanto,Route 13,,,,trainer,Picnicker,Susie,FRLG,firered-leafgreen,1,base,,480,,5,4,Pikachu,25,24,female,,,,,,Kanto Route 13,bulbapedia
kanto,Route 13,,,,trainer,Picnicker,Susie,FRLG,firered-leafgreen,1,base,,480,,5,5,Meowth,52,24,female,,,,,,Kanto Route 13,bulbapedia
kanto,Route 13,,,,trainer,Beauty,Lola,FRLG,firered-leafgreen,1,base,,1944,,3,1,Rattata,19,27,female,,,,,,Kanto Route 13,bulbapedia
kanto,Route 13,,,,trainer,Beauty,Lola,FRLG,firered-leafgreen,1,base,,1944,,3,2,Pikachu,25,27,female,,,,,,Kanto Route 13,bulbapedia
kanto,Route 13,,,,trainer,Beauty,Lola,FRLG,firered-leafgreen,1,base,,1944,,3,3,Rattata,19,27,female,,,,,,Kanto Route 13,bulbapedia
kanto,Route 13,,,,trainer,Beauty,Sheila,FRLG,firered-leafgreen,1,base,,480,,2,1,Clefairy,35,29,female,,,,,,Kanto Route 13,bulbapedia
kanto,Route 13,,,,trainer,Beauty,Sheila,FRLG,firered-leafgreen,1,base,,480,,2,2,Meowth,52,29,female,,,,,,Kanto Route 13,bulbapedia
kanto,Route 13,,,,trainer,Picnicker,Valerie,FRLG,firered-leafgreen,1,base,,600,,2,1,Poliwag,60,30,female,,,,,,Kanto Route 13,bulbapedia
kanto,Route 13,,,,trainer,Picnicker,Valerie,FRLG,firered-leafgreen,1,base,,600,,2,2,Poliwag,60,30,female,,,,,,Kanto Route 13,bulbapedia
kanto,Route 13,,,,trainer,Picnicker,Gwen,FRLG,firered-leafgreen,1,base,,540,,4,1,Pidgey,16,27,female,,,,,,Kanto Route 13,bulbapedia
kanto,Route 13,,,,trainer,Picnicker,Gwen,FRLG,firered-leafgreen,1,base,,540,,4,2,Meowth,52,27,female,,,,,,Kanto Route 13,bulbapedia
kanto,Route 13,,,,trainer,Picnicker,Gwen,FRLG,firered-leafgreen,1,base,,540,,4,3,Pidgey,16,27,female,,,,,,Kanto Route 13,bulbapedia
kanto,Route 13,,,,trainer,Picnicker,Gwen,FRLG,firered-leafgreen,1,base,,540,,4,4,Pidgeotto,17,27,female,,,,,,Kanto Route 13,bulbapedia
kanto,Route 13,,,,trainer,Bird Keeper,Robert,FRLG,firered-leafgreen,1,base,,624,,4,1,Pidgey,16,26,male,,,,,,Kanto Route 13,bulbapedia
kanto,Route 13,,,,trainer,Bird Keeper,Robert,FRLG,firered-leafgreen,1,base,,624,,4,2,Pidgeotto,17,26,male,,,,,,Kanto Route 13,bulbapedia
kanto,Route 13,,,,trainer,Bird Keeper,Robert,FRLG,firered-leafgreen,1,base,,624,,4,3,Spearow,21,26,male,,,,,,Kanto Route 13,bulbapedia
kanto,Route 13,,,,trainer,Bird Keeper,Robert,FRLG,firered-leafgreen,1,base,,624,,4,4,Fearow,22,26,male,,,,,,Kanto Route 13,bulbapedia
kanto,Route 13,,,,trainer,Bird Keeper,Perry,FRLG,firered-leafgreen,1,base,,600,,5,1,Spearow,21,25,male,,,,,,Kanto Route 13,bulbapedia
kanto,Route 13,,,,trainer,Bird Keeper,Perry,FRLG,firered-leafgreen,1,base,,600,,5,2,Pidgey,16,25,male,,,,,,Kanto Route 13,bulbapedia
kanto,Route 13,,,,trainer,Bird Keeper,Perry,FRLG,firered-leafgreen,1,base,,600,,5,3,Pidgey,16,25,male,,,,,,Kanto Route 13,bulbapedia
kanto,Route 13,,,,trainer,Bird Keeper,Perry,FRLG,firered-leafgreen,1,base,,600,,5,4,Spearow,21,25,male,,,,,,Kanto Route 13,bulbapedia
kanto,Route 13,,,,trainer,Bird Keeper,Perry,FRLG,firered-leafgreen,1,base,,600,,5,5,Spearow,21,25,male,,,,,,Kanto Route 13,bulbapedia
kanto,Route 13,,,,trainer,Biker,Jared,FRLG,firered-leafgreen,1,base,,560,,3,1,Koffing,109,28,male,,,,,,Kanto Route 13,bulbapedia
kanto,Route 13,,,,trainer,Biker,Jared,FRLG,firered-leafgreen,1,base,,560,,3,2,Koffing,109,28,male,,,,,,Kanto Route 13,bulbapedia
kanto,Route 13,,,,trainer,Biker,Jared,FRLG,firered-leafgreen,1,base,,560,,3,3,Koffing,109,28,male,,,,,,Kanto Route 13,bulbapedia
kanto,Route 13,,,,trainer,Picnicker,Susie,FRLG,firered-leafgreen,1,after-reaching-fuchsia-city,After reaching Fuchsia City,540,,5,1,Pidgeotto,17,27,female,,,,,,Kanto Route 13,bulbapedia
kanto,Route 13,,,,trainer,Picnicker,Susie,FRLG,firered-leafgreen,1,after-reaching-fuchsia-city,After reaching Fuchsia City,540,,5,2,Meowth,52,27,female,,,,,,Kanto Route 13,bulbapedia
kanto,Route 13,,,,trainer,Picnicker,Susie,FRLG,firered-leafgreen,1,after-reaching-fuchsia-city,After reaching Fuchsia City,540,,5,3,Raticate,20,27,female,,,,,,Kanto Route 13,bulbapedia
kanto,Route 13,,,,trainer,Picnicker,Susie,FRLG,firered-leafgreen,1,after-reaching-fuchsia-city,After reaching Fuchsia City,540,,5,4,Pikachu,25,27,female,,,,,,Kanto Route 13,bulbapedia
kanto,Route 13,,,,trainer,Picnicker,Susie,FRLG,firered-leafgreen,1,after-reaching-fuchsia-city,After reaching Fuchsia City,540,,5,5,Meowth,52,27,female,,,,,,Kanto Route 13,bulbapedia
kanto,Route 13,,,,trainer,Picnicker,Susie,FRLG,firered-leafgreen,1,after-becoming-champion,After becoming Champion and defeating the previous team,940,,5,1,Pidgeotto,17,47,female,,,,,,Kanto Route 13,bulbapedia
kanto,Route 13,,,,trainer,Picnicker,Susie,FRLG,firered-leafgreen,1,after-becoming-champion,After becoming Champion and defeating the previous team,940,,5,2,Persian,53,47,female,,,,,,Kanto Route 13,bulbapedia
kanto,Route 13,,,,trainer,Picnicker,Susie,FRLG,firered-leafgreen,1,after-becoming-champion,After becoming Champion and defeating the previous team,940,,5,3,Raticate,20,47,female,,,,,,Kanto Route 13,bulbapedia
kanto,Route 13,,,,trainer,Picnicker,Susie,FRLG,firered-leafgreen,1,after-becoming-champion,After becoming Champion and defeating the previous team,940,,5,4,Pikachu,25,47,female,,,,,,Kanto Route 13,bulbapedia
kanto,Route 13,,,,trainer,Picnicker,Susie,FRLG,firered-leafgreen,1,after-becoming-champion,After becoming Champion and defeating the previous team,940,,5,5,Persian,53,47,female,,,,,,Kanto Route 13,bulbapedia
kanto,Route 13,,,,trainer,Picnicker,Susie,FRLG,firered-leafgreen,1,after-delivering-the-sapphire-to-celio,After delivering the Sapphire to Celio and defeating the previous team,1040,,5,1,Pidgeot,18,52,female,,,,,,Kanto Route 13,bulbapedia
kanto,Route 13,,,,trainer,Picnicker,Susie,FRLG,firered-leafgreen,1,after-delivering-the-sapphire-to-celio,After delivering the Sapphire to Celio and defeating the previous team,1040,,5,2,Persian,53,52,female,,,,,,Kanto Route 13,bulbapedia
kanto,Route 13,,,,trainer,Picnicker,Susie,FRLG,firered-leafgreen,1,after-delivering-the-sapphire-to-celio,After delivering the Sapphire to Celio and defeating the previous team,1040,,5,3,Raticate,20,52,female,,,,,,Kanto Route 13,bulbapedia
kanto,Route 13,,,,trainer,Picnicker,Susie,FRLG,firered-leafgreen,1,after-delivering-the-sapphire-to-celio,After delivering the Sapphire to Celio and defeating the previous team,1040,,5,4,Raichu,26,52,female,,,,,,Kanto Route 13,bulbapedia
kanto,Route 13,,,,trainer,Picnicker,Susie,FRLG,firered-leafgreen,1,after-delivering-the-sapphire-to-celio,After delivering the Sapphire to Celio and defeating the previous team,1040,,5,5,Persian,53,52,female,,,,,,Kanto Route 13,bulbapedia
kanto,Route 13,,,,trainer,Beauty,Sheila,FRLG,firered-leafgreen,1,after-becoming-champion,After becoming Champion,3528,,2,1,Clefairy,35,49,female,,,,,,Kanto Route 13,bulbapedia
kanto,Route 13,,,,trainer,Beauty,Sheila,FRLG,firered-leafgreen,1,after-becoming-champion,After becoming Champion,3528,,2,2,Persian,53,49,female,,,,,,Kanto Route 13,bulbapedia
kanto,Route 13,,,,trainer,Bird Keeper,Robert,FRLG,firered-leafgreen,1,after-reaching-fuchsia-city,After reaching Fuchsia City,672,,4,1,Pidgeotto,17,28,male,,,,,,Kanto Route 13,bulbapedia
kanto,Route 13,,,,trainer,Bird Keeper,Robert,FRLG,firered-leafgreen,1,after-reaching-fuchsia-city,After reaching Fuchsia City,672,,4,2,Pidgeotto,17,28,male,,,,,,Kanto Route 13,bulbapedia
kanto,Route 13,,,,trainer,Bird Keeper,Robert,FRLG,firered-leafgreen,1,after-reaching-fuchsia-city,After reaching Fuchsia City,672,,4,3,Fearow,22,28,male,,,,,,Kanto Route 13,bulbapedia
kanto,Route 13,,,,trainer,Bird Keeper,Robert,FRLG,firered-leafgreen,1,after-reaching-fuchsia-city,After reaching Fuchsia City,672,,4,4,Fearow,22,28,male,,,,,,Kanto Route 13,bulbapedia
kanto,Route 13,,,,trainer,Bird Keeper,Robert,FRLG,firered-leafgreen,1,after-becoming-champion,After becoming Champion and defeating the previous team,1128,,4,1,Pidgeot,18,47,male,,,,,,Kanto Route 13,bulbapedia
kanto,Route 13,,,,trainer,Bird Keeper,Robert,FRLG,firered-leafgreen,1,after-becoming-champion,After becoming Champion and defeating the previous team,1128,,4,2,Pidgeot,18,47,male,,,,,,Kanto Route 13,bulbapedia
kanto,Route 13,,,,trainer,Bird Keeper,Robert,FRLG,firered-leafgreen,1,after-becoming-champion,After becoming Champion and defeating the previous team,1128,,4,3,Fearow,22,47,male,,,,,,Kanto Route 13,bulbapedia
kanto,Route 13,,,,trainer,Bird Keeper,Robert,FRLG,firered-leafgreen,1,after-becoming-champion,After becoming Champion and defeating the previous team,1128,,4,4,Fearow,22,47,male,,,,,,Kanto Route 13,bulbapedia
kanto,Route 13,,,,trainer,Camper,Nash,PE,lets-go-pikachu-lets-go-eevee,0,base,,740,2 Great Balls,2,1,Sandshrew,27,37,male,,,,,,Kanto Route 13,bulbapedia
kanto,Route 13,,,,trainer,Camper,Nash,PE,lets-go-pikachu-lets-go-eevee,0,base,,740,2 Great Balls,2,2,Sandslash,28,37,male,,,,,,Kanto Route 13,bulbapedia
kanto,Route 13,,,,trainer,Picnicker,Susie,PE,lets-go-pikachu-lets-go-eevee,0,base,,740,2 Great Balls,2,1,Jigglypuff,39,37,female,,,,,,Kanto Route 13,bulbapedia
kanto,Route 13,,,,trainer,Picnicker,Susie,PE,lets-go-pikachu-lets-go-eevee,0,base,,740,2 Great Balls,2,2,Weepinbell,70,37,female,,,,,,Kanto Route 13,bulbapedia
kanto,Route 13,,,,trainer,Beauty,Lola,PE,lets-go-pikachu-lets-go-eevee,0,base,,2220,3 Poké Balls,1,1,Chansey,113,37,female,,,,,,Kanto Route 13,bulbapedia
kanto,Route 13,,,Requires Chop Down,trainer,Ace Trainer,Kite,PE,lets-go-pikachu-lets-go-eevee,0,base,,4000,5 Ultra Balls,3,1,Graveler,75,39,female,,,,,,Kanto Route 13,bulbapedia
kanto,Route 13,,,Requires Chop Down,trainer,Ace Trainer,Kite,PE,lets-go-pikachu-lets-go-eevee,0,base,,4000,5 Ultra Balls,3,2,Magneton,82,39,,,,,,,Kanto Route 13,bulbapedia
kanto,Route 13,,,Requires Chop Down,trainer,Ace Trainer,Kite,PE,lets-go-pikachu-lets-go-eevee,0,base,,4000,5 Ultra Balls,3,3,Haunter,93,40,male,,,,,,Kanto Route 13,bulbapedia
kanto,Route 13,,,,trainer,Bug Catcher,Milo,PE,lets-go-pikachu-lets-go-eevee,0,base,,432,3 Poké Balls,2,1,Scyther,123,36,male,,,,,,Kanto Route 13,bulbapedia
kanto,Route 13,,,,trainer,Bug Catcher,Milo,PE,lets-go-pikachu-lets-go-eevee,0,base,,432,3 Poké Balls,2,2,Pinsir,127,36,male,,,,,,Kanto Route 13,bulbapedia
kanto,Route 13,,,,trainer,Bird Keeper,Robert,PE,lets-go-pikachu-lets-go-eevee,0,base,,2340,3 Poké Balls,2,1,Doduo,84,39,male,,,,,,Kanto Route 13,bulbapedia
kanto,Route 13,,,,trainer,Bird Keeper,Robert,PE,lets-go-pikachu-lets-go-eevee,0,base,,2340,3 Poké Balls,2,2,Pidgeotto,17,39,female,,,,,,Kanto Route 13,bulbapedia
kanto,Route 13,,,,trainer,Picnicker,Gwen,PE,lets-go-pikachu-lets-go-eevee,0,base,,740,2 Great Balls,2,1,Raticate,20,37,female,,,,,,Kanto Route 13,bulbapedia
kanto,Route 13,,,,trainer,Picnicker,Gwen,PE,lets-go-pikachu-lets-go-eevee,0,base,,740,2 Great Balls,2,2,Golduck,55,37,male,,,,,,Kanto Route 13,bulbapedia
kanto,Route 13,,,,trainer,Beauty,Sheila,PE,lets-go-pikachu-lets-go-eevee,0,base,,2220,3 Poké Balls,2,1,Eevee,133,37,male,,,,,,Kanto Route 13,bulbapedia
kanto,Route 13,,,,trainer,Beauty,Sheila,PE,lets-go-pikachu-lets-go-eevee,0,base,,2220,3 Poké Balls,2,2,Persian,53,37,female,,,,,,Kanto Route 13,bulbapedia
kanto,Route 13,,,,trainer,Camper,Perry,PE,lets-go-pikachu-lets-go-eevee,0,base,,740,2 Great Balls,2,1,Growlithe,58,37,male,,,,,,Kanto Route 13,bulbapedia
kanto,Route 13,,,,trainer,Camper,Perry,PE,lets-go-pikachu-lets-go-eevee,0,base,,740,2 Great Balls,2,2,Nidorino,33,37,male,,,,,,Kanto Route 13,bulbapedia
kanto,Route 13,,,,trainer,Punk Guy,Jared,PE,lets-go-pikachu-lets-go-eevee,0,base,,1064,3 Poké Balls,1,1,Golbat,42,38,male,,,,,,Kanto Route 13,bulbapedia
kanto,Route 14,,,,trainer,Bird Keeper,Carter,FRLG,firered-leafgreen,1,base,,672,,3,1,Pidgey,16,28,male,,,,,,Kanto Route 14,bulbapedia
kanto,Route 14,,,,trainer,Bird Keeper,Carter,FRLG,firered-leafgreen,1,base,,672,,3,2,Doduo,84,28,male,,,,,,Kanto Route 14,bulbapedia
kanto,Route 14,,,,trainer,Bird Keeper,Carter,FRLG,firered-leafgreen,1,base,,672,,3,3,Pidgeotto,17,28,male,,,,,,Kanto Route 14,bulbapedia
kanto,Route 14,,,,trainer,Bird Keeper,Mitch,FRLG,firered-leafgreen,1,base,,624,,4,1,Pidgey,16,26,male,,,,,,Kanto Route 14,bulbapedia
kanto,Route 14,,,,trainer,Bird Keeper,Mitch,FRLG,firered-leafgreen,1,base,,624,,4,2,Spearow,21,26,male,,,,,,Kanto Route 14,bulbapedia
kanto,Route 14,,,,trainer,Bird Keeper,Mitch,FRLG,firered-leafgreen,1,base,,624,,4,3,Pidgey,16,26,male,,,,,,Kanto Route 14,bulbapedia
kanto,Route 14,,,,trainer,Bird Keeper,Mitch,FRLG,firered-leafgreen,1,base,,624,,4,4,Fearow,22,26,male,,,,,,Kanto Route 14,bulbapedia
kanto,Route 14,,,,trainer,Bird Keeper,Marlon,FRLG,firered-leafgreen,1,base,,672,,3,1,Spearow,21,28,male,,,,,,Kanto Route 14,bulbapedia
kanto,Route 14,,,,trainer,Bird Keeper,Marlon,FRLG,firered-leafgreen,1,base,,672,,3,2,Doduo,84,28,male,,,,,,Kanto Route 14,bulbapedia
kanto,Route 14,,,,trainer,Bird Keeper,Marlon,FRLG,firered-leafgreen,1,base,,672,,3,3,Fearow,22,28,male,,,,,,Kanto Route 14,bulbapedia
kanto,Route 14,,,,trainer,Bird Keeper,Beck,FRLG,firered-leafgreen,1,base,,696,,2,1,Pidgeotto,17,29,male,,,,,,Kanto Route 14,bulbapedia
kanto,Route 14,,,,trainer,Bird Keeper,Beck,FRLG,firered-leafgreen,1,base,,696,,2,2,Fearow,22,29,male,,,,,,Kanto Route 14,bulbapedia
kanto,Route 14,,,,trainer,Bird Keeper,Donald,FRLG,firered-leafgreen,1,base,,792,,1,1,Farfetch'd,83,33,male,,,,,,Kanto Route 14,bulbapedia
kanto,Route 14,,,,trainer,Bird Keeper,Benny,FRLG,firered-leafgreen,1,base,,696,,2,1,Spearow,21,29,male,,,,,,Kanto Route 14,bulbapedia
kanto,Route 14,,,,trainer,Bird Keeper,Benny,FRLG,firered-leafgreen,1,base,,696,,2,2,Fearow,22,29,male,,,,,,Kanto Route 14,bulbapedia
kanto,Route 14,,,,trainer,Twins,Kiri & Jan,FRLG,firered-leafgreen,1,base,,696,,2,1,Charmander,4,29,male,,,,,,Kanto Route 14,bulbapedia
kanto,Route 14,,,,trainer,Twins,Kiri & Jan,FRLG,firered-leafgreen,1,base,,696,,2,2,Squirtle,7,29,male,,,,,,Kanto Route 14,bulbapedia
kanto,Route 14,,,,trainer,Biker,Gerald,FRLG,firered-leafgreen,1,base,,580,,2,1,Koffing,109,29,male,,,,,,Kanto Route 14,bulbapedia
kanto,Route 14,,,,trainer,Biker,Gerald,FRLG,firered-leafgreen,1,base,,580,,2,2,Muk,89,29,male,,,,,,Kanto Route 14,bulbapedia
kanto,Route 14,,,,trainer,Biker,Malik,FRLG,firered-leafgreen,1,base,,580,,2,1,Koffing,109,29,male,,,,,,Kanto Route 14,bulbapedia
kanto,Route 14,,,,trainer,Biker,Malik,FRLG,firered-leafgreen,1,base,,580,,2,2,Grimer,88,29,male,,,,,,Kanto Route 14,bulbapedia
kanto,Route 14,,,,trainer,Biker,Isaac,FRLG,firered-leafgreen,1,base,,560,,3,1,Grimer,88,28,male,,,,,,Kanto Route 14,bulbapedia
kanto,Route 14,,,,trainer,Biker,Isaac,FRLG,firered-leafgreen,1,base,,560,,3,2,Grimer,88,28,male,,,,,,Kanto Route 14,bulbapedia
kanto,Route 14,,,,trainer,Biker,Isaac,FRLG,firered-leafgreen,1,base,,560,,3,3,Koffing,109,28,male,,,,,,Kanto Route 14,bulbapedia
kanto,Route 14,,,,trainer,Biker,Lukas,FRLG,firered-leafgreen,1,base,,520,,4,1,Koffing,109,26,male,,,,,,Kanto Route 14,bulbapedia
kanto,Route 14,,,,trainer,Biker,Lukas,FRLG,firered-leafgreen,1,base,,520,,4,2,Koffing,109,26,male,,,,,,Kanto Route 14,bulbapedia
kanto,Route 14,,,,trainer,Biker,Lukas,FRLG,firered-leafgreen,1,base,,520,,4,3,Grimer,88,26,male,,,,,,Kanto Route 14,bulbapedia
kanto,Route 14,,,,trainer,Biker,Lukas,FRLG,firered-leafgreen,1,base,,520,,4,4,Koffing,109,26,male,,,,,,Kanto Route 14,bulbapedia
kanto,Route 14,,,,trainer,Bird Keeper,Marlon,FRLG,firered-leafgreen,1,after-reaching-fuchsia-city,After reaching Fuchsia City,720,,3,1,Fearow,22,30,male,,,,,,Kanto Route 14,bulbapedia
kanto,Route 14,,,,trainer,Bird Keeper,Marlon,FRLG,firered-leafgreen,1,after-reaching-fuchsia-city,After reaching Fuchsia City,720,,3,2,Doduo,84,30,male,,,,,,Kanto Route 14,bulbapedia
kanto,Route 14,,,,trainer,Bird Keeper,Marlon,FRLG,firered-leafgreen,1,after-reaching-fuchsia-city,After reaching Fuchsia City,720,,3,3,Fearow,22,30,male,,,,,,Kanto Route 14,bulbapedia
kanto,Route 14,,,,trainer,Bird Keeper,Marlon,FRLG,firered-leafgreen,1,after-becoming-champion,After becoming Champion and defeating the previous team,1152,,3,1,Fearow,22,48,male,,,,,,Kanto Route 14,bulbapedia
kanto,Route 14,,,,trainer,Bird Keeper,Marlon,FRLG,firered-leafgreen,1,after-becoming-champion,After becoming Champion and defeating the previous team,1152,,3,2,Dodrio,85,48,male,,,,,,Kanto Route 14,bulbapedia
kanto,Route 14,,,,trainer,Bird Keeper,Marlon,FRLG,firered-leafgreen,1,after-becoming-champion,After becoming Champion and defeating the previous team,1152,,3,3,Fearow,22,48,male,,,,,,Kanto Route 14,bulbapedia
kanto,Route 14,,,,trainer,Bird Keeper,Benny,FRLG,firered-leafgreen,1,after-reaching-fuchsia-city,After reaching Fuchsia City,768,,2,1,Fearow,22,32,male,,,,,,Kanto Route 14,bulbapedia
kanto,Route 14,,,,trainer,Bird Keeper,Benny,FRLG,firered-leafgreen,1,after-reaching-fuchsia-city,After reaching Fuchsia City,768,,2,2,Fearow,22,32,male,,,,,,Kanto Route 14,bulbapedia
kanto,Route 14,,,,trainer,Bird Keeper,Benny,FRLG,firered-leafgreen,1,after-becoming-champion,After becoming Champion and defeating the previous team,1176,,2,1,Fearow,22,49,male,,,,,,Kanto Route 14,bulbapedia
kanto,Route 14,,,,trainer,Bird Keeper,Benny,FRLG,firered-leafgreen,1,after-becoming-champion,After becoming Champion and defeating the previous team,1176,,2,2,Fearow,22,49,male,,,,,,Kanto Route 14,bulbapedia
kanto,Route 14,,,,trainer,Biker,Lukas,FRLG,firered-leafgreen,1,after-becoming-champion,After becoming Champion,940,,4,1,Koffing,109,47,male,,,,,,Kanto Route 14,bulbapedia
kanto,Route 14,,,,trainer,Biker,Lukas,FRLG,firered-leafgreen,1,after-becoming-champion,After becoming Champion,940,,4,2,Koffing,109,47,male,,,,,,Kanto Route 14,bulbapedia
kanto,Route 14,,,,trainer,Biker,Lukas,FRLG,firered-leafgreen,1,after-becoming-champion,After becoming Champion,940,,4,3,Muk,89,47,male,,,,,,Kanto Route 14,bulbapedia
kanto,Route 14,,,,trainer,Biker,Lukas,FRLG,firered-leafgreen,1,after-becoming-champion,After becoming Champion,940,,4,4,Weezing,110,47,male,,,,,,Kanto Route 14,bulbapedia
kanto,Route 14,,,,trainer,Camper,Beck,PE,lets-go-pikachu-lets-go-eevee,0,base,,740,2 Great Balls,1,1,Flareon,136,37,male,,,,,,Kanto Route 14,bulbapedia
kanto,Route 14,,,,trainer,Camper,Carter,PE,lets-go-pikachu-lets-go-eevee,0,base,,740,2 Great Balls,2,1,Psyduck,54,37,male,,,,,,Kanto Route 14,bulbapedia
kanto,Route 14,,,,trainer,Camper,Carter,PE,lets-go-pikachu-lets-go-eevee,0,base,,740,2 Great Balls,2,2,Dugtrio,51,37,male,,,,,,Kanto Route 14,bulbapedia
kanto,Route 14,,,,trainer,Bird Keeper,Benny,PE,lets-go-pikachu-lets-go-eevee,0,base,,2340,3 Poké Balls,2,1,Pidgeotto,17,39,female,,,,,,Kanto Route 14,bulbapedia
kanto,Route 14,,,,trainer,Bird Keeper,Benny,PE,lets-go-pikachu-lets-go-eevee,0,base,,2340,3 Poké Balls,2,2,Fearow,22,39,male,,,,,,Kanto Route 14,bulbapedia
kanto,Route 14,,,,trainer,Bird Keeper,Donald,PE,lets-go-pikachu-lets-go-eevee,0,base,,2340,3 Poké Balls,2,1,Fearow,22,39,male,,,,,,Kanto Route 14,bulbapedia
kanto,Route 14,,,,trainer,Bird Keeper,Donald,PE,lets-go-pikachu-lets-go-eevee,0,base,,2340,3 Poké Balls,2,2,Pidgeot,18,39,male,,,,,,Kanto Route 14,bulbapedia
kanto,Route 14,,,,trainer,Ace Trainer,Kindra,PE,lets-go-pikachu-lets-go-eevee,0,base,,3900,5 Ultra Balls,3,1,Vaporeon,134,40,female,,,,,,Kanto Route 14,bulbapedia
kanto,Route 14,,,,trainer,Ace Trainer,Kindra,PE,lets-go-pikachu-lets-go-eevee,0,base,,3900,5 Ultra Balls,3,2,Sandslash,28,39,female,,,,,,Kanto Route 14,bulbapedia
kanto,Route 14,,,,trainer,Ace Trainer,Kindra,PE,lets-go-pikachu-lets-go-eevee,0,base,,3900,5 Ultra Balls,3,3,Dodrio,85,39,female,,,,,,Kanto Route 14,bulbapedia
kanto,Route 14,,,,trainer,Punk Guy,Harvey,PE,lets-go-pikachu-lets-go-eevee,0,base,,1064,3 Poké Balls,2,1,Raticate,20,38,male,,,,,,Kanto Route 14,bulbapedia
kanto,Route 14,,,,trainer,Punk Guy,Harvey,PE,lets-go-pikachu-lets-go-eevee,0,base,,1064,3 Poké Balls,2,2,Raticate,20,38,male,,,,,,Kanto Route 14,bulbapedia
kanto,Route 14,,,,trainer,Punk Guy,Malik,PE,lets-go-pikachu-lets-go-eevee,0,base,,1064,3 Poké Balls,1,1,Rhyhorn,111,38,male,,,,,,Kanto Route 14,bulbapedia
kanto,Route 14,,,,trainer,Punk Guy,Gerald,PE,lets-go-pikachu-lets-go-eevee,0,base,,1064,3 Poké Balls,1,1,Magmar,126,38,male,,,,,,Kanto Route 14,bulbapedia
kanto,Route 14,,,,trainer,Punk Guy,Felix,PE,lets-go-pikachu-lets-go-eevee,0,base,,1064,3 Poké Balls,1,1,Weezing,110,38,female,,,,,,Kanto Route 14,bulbapedia
kanto,Route 14,,,,trainer,Roughneck,Zeek,PE,lets-go-pikachu-lets-go-eevee,0,base,,1064,3 Poké Balls,1,1,Machoke,67,38,male,,,,,,Kanto Route 14,bulbapedia
kanto,Route 15,,,North path (requires Cut),trainer,Picnicker,Becky,FRLG,firered-leafgreen,1,base,,580,,2,1,Pikachu,25,29,female,,,,,,Kanto Route 15,bulbapedia
kanto,Route 15,,,North path (requires Cut),trainer,Picnicker,Becky,FRLG,firered-leafgreen,1,base,,580,,2,2,Raichu,26,29,female,,,,,,Kanto Route 15,bulbapedia
kanto,Route 15,,,North path (requires Cut),trainer,Crush Kin,Ron & Mya,FRLG,firered-leafgreen,1,base,,1392,,2,1,Hitmonchan,107,29,male,,,,,Black Belt,Kanto Route 15,bulbapedia
kanto,Route 15,,,North path (requires Cut),trainer,Crush Kin,Ron & Mya,FRLG,firered-leafgreen,1,base,,1392,,2,2,Hitmonlee,106,29,male,,,,,Black Belt,Kanto Route 15,bulbapedia
kanto,Route 15,,,North path (requires Cut),trainer,Picnicker,Celia,FRLG,firered-leafgreen,1,base,,660,,1,1,Clefairy,35,33,female,,,,,,Kanto Route 15,bulbapedia
kanto,Route 15,,,South path,trainer,Biker,Ernest,FRLG,firered-leafgreen,1,base,,500,,5,1,Koffing,109,25,male,,,,,,Kanto Route 15,bulbapedia
kanto,Route 15,,,South path,trainer,Biker,Ernest,FRLG,firered-leafgreen,1,base,,500,,5,2,Koffing,109,25,male,,,,,,Kanto Route 15,bulbapedia
kanto,Route 15,,,South path,trainer,Biker,Ernest,FRLG,firered-leafgreen,1,base,,500,,5,3,Weezing,110,25,male,,,,,,Kanto Route 15,bulbapedia
kanto,Route 15,,,South path,trainer,Biker,Ernest,FRLG,firered-leafgreen,1,base,,500,,5,4,Koffing,109,25,male,,,,,,Kanto Route 15,bulbapedia
kanto,Route 15,,,South path,trainer,Biker,Ernest,FRLG,firered-leafgreen,1,base,,500,,5,5,Grimer,88,25,male,,,,,,Kanto Route 15,bulbapedia
kanto,Route 15,,,South path,trainer,Biker,Alex,FRLG,firered-leafgreen,1,base,,560,,3,1,Koffing,109,28,male,,,,,,Kanto Route 15,bulbapedia
kanto,Route 15,,,South path,trainer,Biker,Alex,FRLG,firered-leafgreen,1,base,,560,,3,2,Grimer,88,28,male,,,,,,Kanto Route 15,bulbapedia
kanto,Route 15,,,South path,trainer,Biker,Alex,FRLG,firered-leafgreen,1,base,,560,,3,3,Weezing,110,28,male,,,,,,Kanto Route 15,bulbapedia
kanto,Route 15,,,South path,trainer,Beauty,Grace,FRLG,firered-leafgreen,1,base,,2088,,2,1,Pidgeotto,17,29,female,,,,,,Kanto Route 15,bulbapedia
kanto,Route 15,,,South path,trainer,Beauty,Grace,FRLG,firered-leafgreen,1,base,,2088,,2,2,Wigglytuff,40,29,female,,,,,,Kanto Route 15,bulbapedia
kanto,Route 15,,,South path,trainer,Beauty,Olivia,FRLG,firered-leafgreen,1,base,,2088,,2,1,Bulbasaur,1,29,male,,,,,,Kanto Route 15,bulbapedia
kanto,Route 15,,,South path,trainer,Beauty,Olivia,FRLG,firered-leafgreen,1,base,,2088,,2,2,Ivysaur,2,29,male,,,,,,Kanto Route 15,bulbapedia
kanto,Route 15,,,South path,trainer,Picnicker,Kindra,FRLG,firered-leafgreen,1,base,,560,,3,1,Gloom,44,28,female,,,,,,Kanto Route 15,bulbapedia
kanto,Route 15,,,South path,trainer,Picnicker,Kindra,FRLG,firered-leafgreen,1,base,,560,,3,2,Oddish,43,28,female,,,,,,Kanto Route 15,bulbapedia
kanto,Route 15,,,South path,trainer,Picnicker,Kindra,FRLG,firered-leafgreen,1,base,,560,,3,3,Oddish,43,28,female,,,,,,Kanto Route 15,bulbapedia
kanto,Route 15,,,South path,trainer,Bird Keeper,Chester,FRLG,firered-leafgreen,1,base,,672,,3,1,Dodrio,85,28,male,,,,,,Kanto Route 15,bulbapedia
kanto,Route 15,,,South path,trainer,Bird Keeper,Chester,FRLG,firered-leafgreen,1,base,,672,,3,2,Doduo,84,28,male,,,,,,Kanto Route 15,bulbapedia
kanto,Route 15,,,South path,trainer,Bird Keeper,Chester,FRLG,firered-leafgreen,1,base,,672,,3,3,Doduo,84,28,male,,,,,,Kanto Route 15,bulbapedia
kanto,Route 15,,,South path,trainer,Bird Keeper,Edwin,FRLG,firered-leafgreen,1,base,,624,,4,1,Pidgeotto,17,26,male,,,,,,Kanto Route 15,bulbapedia
kanto,Route 15,,,South path,trainer,Bird Keeper,Edwin,FRLG,firered-leafgreen,1,base,,624,,4,2,Farfetch'd,83,26,male,,,,,,Kanto Route 15,bulbapedia
kanto,Route 15,,,South path,trainer,Bird Keeper,Edwin,FRLG,firered-leafgreen,1,base,,624,,4,3,Doduo,84,26,male,,,,,,Kanto Route 15,bulbapedia
kanto,Route 15,,,South path,trainer,Bird Keeper,Edwin,FRLG,firered-leafgreen,1,base,,624,,4,4,Pidgey,16,26,male,,,,,,Kanto Route 15,bulbapedia
kanto,Route 15,,,South path,trainer,Picnicker,Yazmin,FRLG,firered-leafgreen,1,base,,580,,3,1,Bellsprout,69,29,female,,,,,,Kanto Route 15,bulbapedia
kanto,Route 15,,,South path,trainer,Picnicker,Yazmin,FRLG,firered-leafgreen,1,base,,580,,3,2,Oddish,43,29,female,,,,,,Kanto Route 15,bulbapedia
kanto,Route 15,,,South path,trainer,Picnicker,Yazmin,FRLG,firered-leafgreen,1,base,,580,,3,3,Tangela,114,29,female,,,,,,Kanto Route 15,bulbapedia
kanto,Route 15,,,South path,trainer,Beauty,Grace,FRLG,firered-leafgreen,1,after-becoming-champion,After becoming Champion,3528,,2,1,Pidgeot,18,49,female,,,,,,Kanto Route 15,bulbapedia
kanto,Route 15,,,South path,trainer,Beauty,Grace,FRLG,firered-leafgreen,1,after-becoming-champion,After becoming Champion,3528,,2,2,Wigglytuff,40,49,female,,,,,,Kanto Route 15,bulbapedia
kanto,Route 15,,,South path,trainer,Bird Keeper,Chester,FRLG,firered-leafgreen,1,after-reaching-fuchsia-city,After reaching Fuchsia City,720,,3,1,Dodrio,85,30,male,,,,,,Kanto Route 15,bulbapedia
kanto,Route 15,,,South path,trainer,Bird Keeper,Chester,FRLG,firered-leafgreen,1,after-reaching-fuchsia-city,After reaching Fuchsia City,720,,3,2,Dodrio,85,30,male,,,,,,Kanto Route 15,bulbapedia
kanto,Route 15,,,South path,trainer,Bird Keeper,Chester,FRLG,firered-leafgreen,1,after-reaching-fuchsia-city,After reaching Fuchsia City,720,,3,3,Doduo,84,30,male,,,,,,Kanto Route 15,bulbapedia
kanto,Route 15,,,South path,trainer,Bird Keeper,Chester,FRLG,firered-leafgreen,1,after-becoming-champion,After becoming Champion and defeating the previous team,1152,,3,1,Dodrio,85,48,male,,,,,,Kanto Route 15,bulbapedia
kanto,Route 15,,,South path,trainer,Bird Keeper,Chester,FRLG,firered-leafgreen,1,after-becoming-champion,After becoming Champion and defeating the previous team,1152,,3,2,Dodrio,85,48,male,,,,,,Kanto Route 15,bulbapedia
kanto,Route 15,,,South path,trainer,Bird Keeper,Chester,FRLG,firered-leafgreen,1,after-becoming-champion,After becoming Champion and defeating the previous team,1152,,3,3,Dodrio,85,48,male,,,,,,Kanto Route 15,bulbapedia
kanto,Route 15,,,South path,trainer,Picnicker,Becky,FRLG,firered-leafgreen,1,after-reaching-fuchsia-city,After reaching Fuchsia City,640,,2,1,Pikachu,25,32,female,,,,,,Kanto Route 15,bulbapedia
kanto,Route 15,,,South path,trainer,Picnicker,Becky,FRLG,firered-leafgreen,1,after-reaching-fuchsia-city,After reaching Fuchsia City,640,,2,2,Raichu,26,32,female,,,,,,Kanto Route 15,bulbapedia
kanto,Route 15,,,South path,trainer,Picnicker,Becky,FRLG,firered-leafgreen,1,after-becoming-champion,After becoming Champion and defeating the previous team,980,,2,1,Pikachu,25,49,female,,,,,,Kanto Route 15,bulbapedia
kanto,Route 15,,,South path,trainer,Picnicker,Becky,FRLG,firered-leafgreen,1,after-becoming-champion,After becoming Champion and defeating the previous team,980,,2,2,Raichu,26,49,female,,,,,,Kanto Route 15,bulbapedia
kanto,Route 15,,,South path,trainer,Picnicker,Becky,FRLG,firered-leafgreen,1,after-delivering-the-sapphire-to-celio,After delivering the Sapphire to Celio and defeating the previous team,1080,,2,1,Raichu,26,54,female,,,,,,Kanto Route 15,bulbapedia
kanto,Route 15,,,South path,trainer,Picnicker,Becky,FRLG,firered-leafgreen,1,after-delivering-the-sapphire-to-celio,After delivering the Sapphire to Celio and defeating the previous team,1080,,2,2,Raichu,26,54,female,,,,,,Kanto Route 15,bulbapedia
kanto,Route 15,,,South path,trainer,Crush Kin,Ron & Mya,FRLG,firered-leafgreen,1,after-reaching-fuchsia-city,After reaching Fuchsia City,1584,,2,1,Hitmonchan,107,33,male,,,,,Black Belt,Kanto Route 15,bulbapedia
kanto,Route 15,,,South path,trainer,Crush Kin,Ron & Mya,FRLG,firered-leafgreen,1,after-reaching-fuchsia-city,After reaching Fuchsia City,1584,,2,2,Hitmonlee,106,33,male,,,,,Black Belt,Kanto Route 15,bulbapedia
kanto,Route 15,,,South path,trainer,Crush Kin,Ron & Mya,FRLG,firered-leafgreen,1,after-becoming-champion,After becoming Champion and defeating the previous team,2448,,2,1,Hitmonchan,107,51,male,,,,,Black Belt,Kanto Route 15,bulbapedia
kanto,Route 15,,,South path,trainer,Crush Kin,Ron & Mya,FRLG,firered-leafgreen,1,after-becoming-champion,After becoming Champion and defeating the previous team,2448,,2,2,Hitmonlee,106,51,male,,,,,Black Belt,Kanto Route 15,bulbapedia
kanto,Route 15,,,South path,trainer,Crush Kin,Ron & Mya,FRLG,firered-leafgreen,1,after-delivering-the-sapphire-to-celio,After delivering the Sapphire to Celio and defeating the previous team,2688,,2,1,Hitmonchan,107,56,male,,,,,Black Belt,Kanto Route 15,bulbapedia
kanto,Route 15,,,South path,trainer,Crush Kin,Ron & Mya,FRLG,firered-leafgreen,1,after-delivering-the-sapphire-to-celio,After delivering the Sapphire to Celio and defeating the previous team,2688,,2,2,Hitmonlee,106,56,male,,,,,Black Belt,Kanto Route 15,bulbapedia
kanto,Route 15,,,North path (requires Chop Down),trainer,Coach Trainer,Midge,PE,lets-go-pikachu-lets-go-eevee,0,base,,4100,,2,1,Machoke,67,40,female,,,,,,Kanto Route 15,bulbapedia
kanto,Route 15,,,North path (requires Chop Down),trainer,Coach Trainer,Midge,PE,lets-go-pikachu-lets-go-eevee,0,base,,4100,,2,2,Magmar,126,41,male,,,,,,Kanto Route 15,bulbapedia
kanto,Route 15,,,North path (requires Chop Down),trainer,Picnicker,Yazmin,PE,lets-go-pikachu-lets-go-eevee,0,base,,740,2 Great Balls,2,1,Tangela,114,37,female,,,,,,Kanto Route 15,bulbapedia
kanto,Route 15,,,North path (requires Chop Down),trainer,Picnicker,Yazmin,PE,lets-go-pikachu-lets-go-eevee,0,base,,740,2 Great Balls,2,2,Seaking,119,37,male,,,,,,Kanto Route 15,bulbapedia
kanto,Route 15,,,South path,trainer,Punk Guy,Ernest,PE,lets-go-pikachu-lets-go-eevee,0,base,,1064,3 Poké Balls,2,1,Primeape,57,38,male,,,,,,Kanto Route 15,bulbapedia
kanto,Route 15,,,South path,trainer,Punk Guy,Ernest,PE,lets-go-pikachu-lets-go-eevee,0,base,,1064,3 Poké Balls,2,2,Muk,89,38,male,,,,,,Kanto Route 15,bulbapedia
kanto,Route 15,,,South path,trainer,Punk Guy,Alex,PE,lets-go-pikachu-lets-go-eevee,0,base,,1064,3 Poké Balls,1,1,Arbok,24,38,male,,,,,,Kanto Route 15,bulbapedia
kanto,Route 15,,,South path,trainer,Beauty,Lana,PE,lets-go-pikachu-lets-go-eevee,0,base,,2220,3 Poké Balls,3,1,Growlithe,58,37,male,,,,,,Kanto Route 15,bulbapedia
kanto,Route 15,,,South path,trainer,Beauty,Lana,PE,lets-go-pikachu-lets-go-eevee,0,base,,2220,3 Poké Balls,3,2,Growlithe,58,37,male,,,,,,Kanto Route 15,bulbapedia
kanto,Route 15,,,South path,trainer,Beauty,Lana,PE,lets-go-pikachu-lets-go-eevee,0,base,,2220,3 Poké Balls,3,3,Growlithe,58,37,female,,,,,,Kanto Route 15,bulbapedia
kanto,Route 15,,,South path,trainer,Bird Keeper,Edwin,PE,lets-go-pikachu-lets-go-eevee,0,base,,2340,3 Poké Balls,1,1,Dodrio,85,39,male,,,,,,Kanto Route 15,bulbapedia
kanto,Route 16,,,Northern half (requires Cut),trainer,Young Couple,Lea & Jed,FRLG,firered-leafgreen,1,base,,1624,,2,1,Rapidash,78,29,male,,,,,,Kanto Route 16,bulbapedia
kanto,Route 16,,,Northern half (requires Cut),trainer,Young Couple,Lea & Jed,FRLG,firered-leafgreen,1,base,,1624,,2,2,Ninetales,38,29,female,,,,,,Kanto Route 16,bulbapedia
kanto,Route 16,,,Main path,trainer,Biker,Lao,FRLG,firered-leafgreen,1,base,,580,,2,1,Grimer,88,29,male,,,,,,Kanto Route 16,bulbapedia
kanto,Route 16,,,Main path,trainer,Biker,Lao,FRLG,firered-leafgreen,1,base,,580,,2,2,Koffing,109,29,male,,,,,,Kanto Route 16,bulbapedia
kanto,Route 16,,,Main path,trainer,Cue Ball,Koji,FRLG,firered-leafgreen,1,base,,672,,3,1,Machop,66,28,male,,,,,,Kanto Route 16,bulbapedia
kanto,Route 16,,,Main path,trainer,Cue Ball,Koji,FRLG,firered-leafgreen,1,base,,672,,3,2,Mankey,56,28,male,,,,,,Kanto Route 16,bulbapedia
kanto,Route 16,,,Main path,trainer,Cue Ball,Koji,FRLG,firered-leafgreen,1,base,,672,,3,3,Machop,66,28,male,,,,,,Kanto Route 16,bulbapedia
kanto,Route 16,,,Main path,trainer,Cue Ball,Luke,FRLG,firered-leafgreen,1,base,,696,,2,1,Mankey,56,29,male,,,,,,Kanto Route 16,bulbapedia
kanto,Route 16,,,Main path,trainer,Cue Ball,Luke,FRLG,firered-leafgreen,1,base,,696,,2,2,Machop,66,29,male,,,,,,Kanto Route 16,bulbapedia
kanto,Route 16,,,Main path,trainer,Biker,Hideo,FRLG,firered-leafgreen,1,base,,660,,1,1,Weezing,110,33,male,,,,,,Kanto Route 16,bulbapedia
kanto,Route 16,,,Main path,trainer,Biker,Ruben,FRLG,firered-leafgreen,1,base,,560,,3,1,Weezing,110,28,male,,,,,,Kanto Route 16,bulbapedia
kanto,Route 16,,,Main path,trainer,Biker,Ruben,FRLG,firered-leafgreen,1,base,,560,,3,2,Koffing,109,28,male,,,,,,Kanto Route 16,bulbapedia
kanto,Route 16,,,Main path,trainer,Biker,Ruben,FRLG,firered-leafgreen,1,base,,560,,3,3,Weezing,110,28,male,,,,,,Kanto Route 16,bulbapedia
kanto,Route 16,,,Main path,trainer,Cue Ball,Camron,FRLG,firered-leafgreen,1,base,,696,,2,1,Mankey,56,29,male,,,,,,Kanto Route 16,bulbapedia
kanto,Route 16,,,Main path,trainer,Cue Ball,Camron,FRLG,firered-leafgreen,1,base,,696,,2,2,Machop,66,29,male,,,,,,Kanto Route 16,bulbapedia
kanto,Route 16,,,Main path,trainer,Biker,Ruben,FRLG,firered-leafgreen,1,after-becoming-champion,After becoming Champion,960,,3,1,Weezing,110,48,male,,,,,,Kanto Route 16,bulbapedia
kanto,Route 16,,,Main path,trainer,Biker,Ruben,FRLG,firered-leafgreen,1,after-becoming-champion,After becoming Champion,960,,3,2,Weezing,110,48,male,,,,,,Kanto Route 16,bulbapedia
kanto,Route 16,,,Main path,trainer,Biker,Ruben,FRLG,firered-leafgreen,1,after-becoming-champion,After becoming Champion,960,,3,3,Weezing,110,48,male,,,,,,Kanto Route 16,bulbapedia
kanto,Route 16,,,Main path,trainer,Cue Ball,Camron,FRLG,firered-leafgreen,1,after-becoming-champion,After becoming Champion,1176,,2,1,Primeape,57,49,male,,,,,,Kanto Route 16,bulbapedia
kanto,Route 16,,,Main path,trainer,Cue Ball,Camron,FRLG,firered-leafgreen,1,after-becoming-champion,After becoming Champion,1176,,2,2,Machoke,67,49,male,,,,,,Kanto Route 16,bulbapedia
kanto,Route 16,,,Northern half (requires Chop Down),trainer,Punk Guy,Lao,PE,lets-go-pikachu-lets-go-eevee,0,base,,1008,3 Poké Balls,2,1,Onix,95,36,male,,,,,,Kanto Route 16,bulbapedia
kanto,Route 16,,,Northern half (requires Chop Down),trainer,Punk Guy,Lao,PE,lets-go-pikachu-lets-go-eevee,0,base,,1008,3 Poké Balls,2,2,Muk,89,36,male,,,,,,Kanto Route 16,bulbapedia
kanto,Route 16,,,Northern half (requires Chop Down),trainer,Roughneck,Koji,PE,lets-go-pikachu-lets-go-eevee,0,base,,1008,3 Poké Balls,3,1,Raticate,20,36,male,,,,,,Kanto Route 16,bulbapedia
kanto,Route 16,,,Northern half (requires Chop Down),trainer,Roughneck,Koji,PE,lets-go-pikachu-lets-go-eevee,0,base,,1008,3 Poké Balls,3,2,Rhyhorn,111,36,male,,,,,,Kanto Route 16,bulbapedia
kanto,Route 16,,,Northern half (requires Chop Down),trainer,Roughneck,Koji,PE,lets-go-pikachu-lets-go-eevee,0,base,,1008,3 Poké Balls,3,3,Koffing,109,36,female,,,,,,Kanto Route 16,bulbapedia
kanto,Route 16,,,Northern half (requires Chop Down),trainer,Punk Guy,Hideo,PE,lets-go-pikachu-lets-go-eevee,0,base,,1008,3 Poké Balls,2,1,Arbok,24,36,female,,,,,,Kanto Route 16,bulbapedia
kanto,Route 16,,,Northern half (requires Chop Down),trainer,Punk Guy,Hideo,PE,lets-go-pikachu-lets-go-eevee,0,base,,1008,3 Poké Balls,2,2,Fearow,22,36,male,,,,,,Kanto Route 16,bulbapedia
kanto,Route 16,,,Main path,trainer,Camper,Ruben,PE,lets-go-pikachu-lets-go-eevee,0,base,,700,2 Great Balls,2,1,Psyduck,54,35,female,,,,,,Kanto Route 16,bulbapedia
kanto,Route 16,,,Main path,trainer,Camper,Ruben,PE,lets-go-pikachu-lets-go-eevee,0,base,,700,2 Great Balls,2,2,Psyduck,54,35,male,,,,,,Kanto Route 16,bulbapedia
kanto,Route 17,,,,trainer,Cue Ball,Isaiah,FRLG,firered-leafgreen,1,base,,696,,2,1,Machop,66,29,male,,,,,,Kanto Route 17,bulbapedia
kanto,Route 17,,,,trainer,Cue Ball,Isaiah,FRLG,firered-leafgreen,1,base,,696,,2,2,Machamp,68,29,male,,,,,,Kanto Route 17,bulbapedia
kanto,Route 17,,,,trainer,Biker,Virgil,FRLG,firered-leafgreen,1,base,,560,,3,1,Weezing,110,28,male,,,,,,Kanto Route 17,bulbapedia
kanto,Route 17,,,,trainer,Biker,Virgil,FRLG,firered-leafgreen,1,base,,560,,3,2,Koffing,109,28,male,,,,,,Kanto Route 17,bulbapedia
kanto,Route 17,,,,trainer,Biker,Virgil,FRLG,firered-leafgreen,1,base,,560,,3,3,Weezing,110,28,male,,,,,,Kanto Route 17,bulbapedia
kanto,Route 17,,,,trainer,Cue Ball,Raul,FRLG,firered-leafgreen,1,base,,696,,2,1,Mankey,56,29,male,,,,,,Kanto Route 17,bulbapedia
kanto,Route 17,,,,trainer,Cue Ball,Raul,FRLG,firered-leafgreen,1,base,,696,,2,2,Primeape,57,29,male,,,,,,Kanto Route 17,bulbapedia
kanto,Route 17,,,,trainer,Biker,Billy,FRLG,firered-leafgreen,1,base,,660,,1,1,Muk,89,33,male,,,,,,Kanto Route 17,bulbapedia
kanto,Route 17,,,,trainer,Cue Ball,Jamal,FRLG,firered-leafgreen,1,base,,624,,4,1,Mankey,56,26,male,,,,,,Kanto Route 17,bulbapedia
kanto,Route 17,,,,trainer,Cue Ball,Jamal,FRLG,firered-leafgreen,1,base,,624,,4,2,Mankey,56,26,male,,,,,,Kanto Route 17,bulbapedia
kanto,Route 17,,,,trainer,Cue Ball,Jamal,FRLG,firered-leafgreen,1,base,,624,,4,3,Machamp,68,26,male,,,,,,Kanto Route 17,bulbapedia
kanto,Route 17,,,,trainer,Cue Ball,Jamal,FRLG,firered-leafgreen,1,base,,624,,4,4,Machop,66,26,male,,,,,,Kanto Route 17,bulbapedia
kanto,Route 17,,,,trainer,Biker,Nikolas,FRLG,firered-leafgreen,1,base,,580,,2,1,Voltorb,100,29,,,,,,,Kanto Route 17,bulbapedia
kanto,Route 17,,,,trainer,Biker,Nikolas,FRLG,firered-leafgreen,1,base,,580,,2,2,Voltorb,100,29,,,,,,,Kanto Route 17,bulbapedia
kanto,Route 17,,,,trainer,Cue Ball,Zeek,FRLG,firered-leafgreen,1,base,,792,,1,1,Machoke,67,33,male,,,,,,Kanto Route 17,bulbapedia
kanto,Route 17,,,,trainer,Cue Ball,Corey,FRLG,firered-leafgreen,1,base,,696,,2,1,Primeape,57,29,male,,,,,,Kanto Route 17,bulbapedia
kanto,Route 17,,,,trainer,Cue Ball,Corey,FRLG,firered-leafgreen,1,base,,696,,2,2,Machoke,67,29,male,,,,,,Kanto Route 17,bulbapedia
kanto,Route 17,,,,trainer,Biker,Jaxon,FRLG,firered-leafgreen,1,base,,580,,2,1,Weezing,110,29,male,,,,,,Kanto Route 17,bulbapedia
kanto,Route 17,,,,trainer,Biker,Jaxon,FRLG,firered-leafgreen,1,base,,580,,2,2,Muk,89,29,male,,,,,,Kanto Route 17,bulbapedia
kanto,Route 17,,,,trainer,Biker,William,FRLG,firered-leafgreen,1,base,,500,,5,1,Koffing,109,25,male,,,,,,Kanto Route 17,bulbapedia
kanto,Route 17,,,,trainer,Biker,William,FRLG,firered-leafgreen,1,base,,500,,5,2,Weezing,110,25,male,,,,,,Kanto Route 17,bulbapedia
kanto,Route 17,,,,trainer,Biker,William,FRLG,firered-leafgreen,1,base,,500,,5,3,Koffing,109,25,male,,,,,,Kanto Route 17,bulbapedia
kanto,Route 17,,,,trainer,Biker,William,FRLG,firered-leafgreen,1,base,,500,,5,4,Weezing,110,25,male,,,,,,Kanto Route 17,bulbapedia
kanto,Route 17,,,,trainer,Biker,William,FRLG,firered-leafgreen,1,base,,500,,5,5,Koffing,109,25,male,,,,,,Kanto Route 17,bulbapedia
kanto,Route 17,,,,trainer,Cue Ball,Isaiah,FRLG,firered-leafgreen,1,after-becoming-champion,After becoming Champion,1176,,2,1,Machoke,67,49,male,,,,,,Kanto Route 17,bulbapedia
kanto,Route 17,,,,trainer,Cue Ball,Isaiah,FRLG,firered-leafgreen,1,after-becoming-champion,After becoming Champion,1176,,2,2,Machamp,68,49,male,,,,,,Kanto Route 17,bulbapedia
kanto,Route 17,,,,trainer,Cue Ball,Corey,FRLG,firered-leafgreen,1,after-becoming-champion,After becoming Champion,1176,,2,1,Primeape,57,49,male,,,,,,Kanto Route 17,bulbapedia
kanto,Route 17,,,,trainer,Cue Ball,Corey,FRLG,firered-leafgreen,1,after-becoming-champion,After becoming Champion,1176,,2,2,Machamp,68,49,male,,,,,,Kanto Route 17,bulbapedia
kanto,Route 17,,,,trainer,Biker,Jaxon,FRLG,firered-leafgreen,1,after-becoming-champion,After becoming Champion,980,,2,1,Weezing,110,49,male,,,,,,Kanto Route 17,bulbapedia
kanto,Route 17,,,,trainer,Biker,Jaxon,FRLG,firered-leafgreen,1,after-becoming-champion,After becoming Champion,980,,2,2,Muk,89,49,male,,,,,,Kanto Route 17,bulbapedia
kanto,Route 17,,,,trainer,Picnicker,Dalia,PE,lets-go-pikachu-lets-go-eevee,0,base,,740,2 Great Balls,1,1,Vaporeon,134,37,female,,,,,,Kanto Route 17,bulbapedia
kanto,Route 17,,,,trainer,Beauty,Alexis,PE,lets-go-pikachu-lets-go-eevee,0,base,,2220,3 Poké Balls,1,1,Jolteon,135,37,male,,,,,,Kanto Route 17,bulbapedia
kanto,Route 17,,,,trainer,Lass,Mila,PE,lets-go-pikachu-lets-go-eevee,0,base,,720,3 Poké Balls,1,1,Flareon,136,36,female,,,,,,Kanto Route 17,bulbapedia
kanto,Route 17,,,,trainer,Ace Trainer,Johnson,PE,lets-go-pikachu-lets-go-eevee,0,base,,3900,5 Ultra Balls,3,1,Wartortle,8,40,male,,,,,,Kanto Route 17,bulbapedia
kanto,Route 17,,,,trainer,Ace Trainer,Johnson,PE,lets-go-pikachu-lets-go-eevee,0,base,,3900,5 Ultra Balls,3,2,Magneton,82,39,,,,,,,Kanto Route 17,bulbapedia
kanto,Route 17,,,,trainer,Ace Trainer,Johnson,PE,lets-go-pikachu-lets-go-eevee,0,base,,3900,5 Ultra Balls,3,3,Marowak,105,39,female,,,,,,Kanto Route 17,bulbapedia
kanto,Route 17,,,,trainer,Punk Guy,Corey,PE,lets-go-pikachu-lets-go-eevee,0,base,,1064,3 Poké Balls,2,1,Primeape,57,38,female,,,,,,Kanto Route 17,bulbapedia
kanto,Route 17,,,,trainer,Punk Guy,Corey,PE,lets-go-pikachu-lets-go-eevee,0,base,,1064,3 Poké Balls,2,2,Graveler,75,38,male,,,,,,Kanto Route 17,bulbapedia
kanto,Route 17,,,,trainer,Coach Trainer,Grantley,PE,lets-go-pikachu-lets-go-eevee,0,base,,4100,,3,1,Fearow,22,40,male,,,,,,Kanto Route 17,bulbapedia
kanto,Route 17,,,,trainer,Coach Trainer,Grantley,PE,lets-go-pikachu-lets-go-eevee,0,base,,4100,,3,2,Beedrill,15,40,male,,,,,,Kanto Route 17,bulbapedia
kanto,Route 17,,,,trainer,Coach Trainer,Grantley,PE,lets-go-pikachu-lets-go-eevee,0,base,,4100,,3,3,Sandslash,28,41,male,,,,,,Kanto Route 17,bulbapedia
kanto,Route 17,,,,trainer,Beauty,Samantha,PE,lets-go-pikachu-lets-go-eevee,0,base,,2220,3 Poké Balls,1,1,Weepinbell,70,37,female,,,,,,Kanto Route 17,bulbapedia
kanto,Route 17,,,,trainer,Gentleman,Orson,PE,lets-go-pikachu-lets-go-eevee,0,base,,4560,3 Poké Balls,1,1,Persian,53,38,female,,,,,,Kanto Route 17,bulbapedia
kanto,Route 17,,,,trainer,Ace Trainer,Maria,PE,lets-go-pikachu-lets-go-eevee,0,base,,3900,5 Ultra Balls,3,1,Exeggutor,103,40,male,,,,,,Kanto Route 17,bulbapedia
kanto,Route 17,,,,trainer,Ace Trainer,Maria,PE,lets-go-pikachu-lets-go-eevee,0,base,,3900,5 Ultra Balls,3,2,Ninetales,38,39,female,,,,,,Kanto Route 17,bulbapedia
kanto,Route 17,,,,trainer,Ace Trainer,Maria,PE,lets-go-pikachu-lets-go-eevee,0,base,,3900,5 Ultra Balls,3,3,Starmie,121,39,,,,,,,Kanto Route 17,bulbapedia
kanto,Route 17,,,,trainer,Picnicker,Misaki,PE,lets-go-pikachu-lets-go-eevee,0,base,,740,2 Great Balls,3,1,Vulpix,37,37,female,,,,,,Kanto Route 17,bulbapedia
kanto,Route 17,,,,trainer,Picnicker,Misaki,PE,lets-go-pikachu-lets-go-eevee,0,base,,740,2 Great Balls,3,2,Ivysaur,2,37,female,,,,,,Kanto Route 17,bulbapedia
kanto,Route 17,,,,trainer,Picnicker,Misaki,PE,lets-go-pikachu-lets-go-eevee,0,base,,740,2 Great Balls,3,3,Wigglytuff,40,37,female,,,,,,Kanto Route 17,bulbapedia
kanto,Route 18,,,,trainer,Bird Keeper,Jacob,FRLG,firered-leafgreen,1,base,,624,,4,1,Spearow,21,26,male,,,,,,Kanto Route 18,bulbapedia
kanto,Route 18,,,,trainer,Bird Keeper,Jacob,FRLG,firered-leafgreen,1,base,,624,,4,2,Spearow,21,26,male,,,,,,Kanto Route 18,bulbapedia
kanto,Route 18,,,,trainer,Bird Keeper,Jacob,FRLG,firered-leafgreen,1,base,,624,,4,3,Fearow,22,26,male,,,,,,Kanto Route 18,bulbapedia
kanto,Route 18,,,,trainer,Bird Keeper,Jacob,FRLG,firered-leafgreen,1,base,,624,,4,4,Spearow,21,26,male,,,,,,Kanto Route 18,bulbapedia
kanto,Route 18,,,,trainer,Bird Keeper,Wilton,FRLG,firered-leafgreen,1,base,,696,,2,1,Spearow,21,29,male,,,,,,Kanto Route 18,bulbapedia
kanto,Route 18,,,,trainer,Bird Keeper,Wilton,FRLG,firered-leafgreen,1,base,,696,,2,2,Fearow,22,29,male,,,,,,Kanto Route 18,bulbapedia
kanto,Route 18,,,,trainer,Bird Keeper,Ramiro,FRLG,firered-leafgreen,1,base,,816,,1,1,Dodrio,85,34,male,,,,,,Kanto Route 18,bulbapedia
kanto,Route 18,,,,trainer,Bird Keeper,Jacob,FRLG,firered-leafgreen,1,rematch,Rematch,672,,4,1,Fearow,22,28,male,,,,,,Kanto Route 18,bulbapedia
kanto,Route 18,,,,trainer,Bird Keeper,Jacob,FRLG,firered-leafgreen,1,rematch,Rematch,672,,4,2,Spearow,21,28,male,,,,,,Kanto Route 18,bulbapedia
kanto,Route 18,,,,trainer,Bird Keeper,Jacob,FRLG,firered-leafgreen,1,rematch,Rematch,672,,4,3,Fearow,22,28,male,,,,,,Kanto Route 18,bulbapedia
kanto,Route 18,,,,trainer,Bird Keeper,Jacob,FRLG,firered-leafgreen,1,rematch,Rematch,672,,4,4,Spearow,21,28,male,,,,,,Kanto Route 18,bulbapedia
kanto,Route 18,,,,trainer,Bird Keeper,Jacob,FRLG,firered-leafgreen,1,after-becoming-champion,After becoming Champion and defeating the previous team,1128,,4,1,Fearow,22,47,male,,,,,,Kanto Route 18,bulbapedia
kanto,Route 18,,,,trainer,Bird Keeper,Jacob,FRLG,firered-leafgreen,1,after-becoming-champion,After becoming Champion and defeating the previous team,1128,,4,2,Fearow,22,47,male,,,,,,Kanto Route 18,bulbapedia
kanto,Route 18,,,,trainer,Bird Keeper,Jacob,FRLG,firered-leafgreen,1,after-becoming-champion,After becoming Champion and defeating the previous team,1128,,4,3,Fearow,22,47,male,,,,,,Kanto Route 18,bulbapedia
kanto,Route 18,,,,trainer,Bird Keeper,Jacob,FRLG,firered-leafgreen,1,after-becoming-champion,After becoming Champion and defeating the previous team,1128,,4,4,Fearow,22,47,male,,,,,,Kanto Route 18,bulbapedia
kanto,Route 18,,,,trainer,Bird Keeper,Wilton,PE,lets-go-pikachu-lets-go-eevee,0,base,,2340,3 Poké Balls,2,1,Fearow,22,39,male,,,,,,Kanto Route 18,bulbapedia
kanto,Route 18,,,,trainer,Bird Keeper,Wilton,PE,lets-go-pikachu-lets-go-eevee,0,base,,2340,3 Poké Balls,2,2,Dodrio,85,39,male,,,,,,Kanto Route 18,bulbapedia
kanto,Route 18,,,,trainer,Bird Keeper,Ramiro,PE,lets-go-pikachu-lets-go-eevee,0,base,,2340,3 Poké Balls,1,1,Pidgeot,18,39,male,,,,,,Kanto Route 18,bulbapedia
kanto,Route 18,,,,trainer,Bird Keeper,Jacob,PE,lets-go-pikachu-lets-go-eevee,0,base,,2340,3 Poké Balls,3,1,Farfetch'd,83,39,male,,,,,,Kanto Route 18,bulbapedia
kanto,Route 18,,,,trainer,Bird Keeper,Jacob,PE,lets-go-pikachu-lets-go-eevee,0,base,,2340,3 Poké Balls,3,2,Farfetch'd,83,39,male,,,,,,Kanto Route 18,bulbapedia
kanto,Route 18,,,,trainer,Bird Keeper,Jacob,PE,lets-go-pikachu-lets-go-eevee,0,base,,2340,3 Poké Balls,3,3,Farfetch'd,83,39,male,,,,,,Kanto Route 18,bulbapedia
kanto,Route 24,,,Nugget Bridge,trainer,Bug Catcher,Cale,FRLG,firered-leafgreen,1,base,,120,,4,1,Caterpie,10,10,male,,,,,,Kanto Route 24,bulbapedia
kanto,Route 24,,,Nugget Bridge,trainer,Bug Catcher,Cale,FRLG,firered-leafgreen,1,base,,120,,4,2,Weedle,13,10,male,,,,,,Kanto Route 24,bulbapedia
kanto,Route 24,,,Nugget Bridge,trainer,Bug Catcher,Cale,FRLG,firered-leafgreen,1,base,,120,,4,3,Metapod,11,10,male,,,,,,Kanto Route 24,bulbapedia
kanto,Route 24,,,Nugget Bridge,trainer,Bug Catcher,Cale,FRLG,firered-leafgreen,1,base,,120,,4,4,Kakuna,14,10,male,,,,,,Kanto Route 24,bulbapedia
kanto,Route 24,,,Nugget Bridge,trainer,Lass,Ali,FRLG,firered-leafgreen,1,base,,192,,3,1,Pidgey,16,12,female,,,,,,Kanto Route 24,bulbapedia
kanto,Route 24,,,Nugget Bridge,trainer,Lass,Ali,FRLG,firered-leafgreen,1,base,,192,,3,2,Oddish,43,12,female,,,,,,Kanto Route 24,bulbapedia
kanto,Route 24,,,Nugget Bridge,trainer,Lass,Ali,FRLG,firered-leafgreen,1,base,,192,,3,3,Bellsprout,69,12,female,,,,,,Kanto Route 24,bulbapedia
kanto,Route 24,,,Nugget Bridge,trainer,Youngster,Timmy,FRLG,firered-leafgreen,1,base,,224,,2,1,Sandshrew,27,14,male,,,,,,Kanto Route 24,bulbapedia
kanto,Route 24,,,Nugget Bridge,trainer,Youngster,Timmy,FRLG,firered-leafgreen,1,base,,224,,2,2,Ekans,23,14,male,,,,,,Kanto Route 24,bulbapedia
kanto,Route 24,,,Nugget Bridge,trainer,Lass,Reli,FRLG,firered-leafgreen,1,base,,256,,2,1,Nidoran♂,32,16,,,,,,,Kanto Route 24,bulbapedia
kanto,Route 24,,,Nugget Bridge,trainer,Lass,Reli,FRLG,firered-leafgreen,1,base,,256,,2,2,Nidoran♀,29,16,,,,,,,Kanto Route 24,bulbapedia
kanto,Route 24,,,Nugget Bridge,trainer,Camper,Ethan,FRLG,firered-leafgreen,1,base,,360,,1,1,Mankey,56,18,male,,,,,,Kanto Route 24,bulbapedia
kanto,Route 24,,,Nugget Bridge,trainer,Team Rocket Grunt,,FRLG,firered-leafgreen,1,base,,480,,2,1,Ekans,23,15,male,,,,,,Kanto Route 24,bulbapedia
kanto,Route 24,,,Nugget Bridge,trainer,Team Rocket Grunt,,FRLG,firered-leafgreen,1,base,,480,,2,2,Zubat,41,15,male,,,,,,Kanto Route 24,bulbapedia
kanto,Route 24,,,Grassy area,trainer,Camper,Shane,FRLG,firered-leafgreen,1,base,,280,,2,1,Rattata,19,14,male,,,,,,Kanto Route 24,bulbapedia
kanto,Route 24,,,Grassy area,trainer,Camper,Shane,FRLG,firered-leafgreen,1,base,,280,,2,2,Ekans,23,14,male,,,,,,Kanto Route 24,bulbapedia
kanto,Route 24,,,Grassy area,trainer,Youngster,Timmy,FRLG,firered-leafgreen,1,rematch,Rematch,304,,3,1,Raticate,20,19,male,,,,,,Kanto Route 24,bulbapedia
kanto,Route 24,,,Grassy area,trainer,Youngster,Timmy,FRLG,firered-leafgreen,1,rematch,Rematch,304,,3,2,Ekans,23,19,male,,,,,,Kanto Route 24,bulbapedia
kanto,Route 24,,,Grassy area,trainer,Youngster,Timmy,FRLG,firered-leafgreen,1,rematch,Rematch,304,,3,3,Zubat,41,19,male,,,,,,Kanto Route 24,bulbapedia
kanto,Route 24,,,Grassy area,trainer,Youngster,Timmy,FRLG,firered-leafgreen,1,after-reaching-fuchsia-city,After reaching Fuchsia City and defeating the previous team,432,,3,1,Raticate,20,27,male,,,,,,Kanto Route 24,bulbapedia
kanto,Route 24,,,Grassy area,trainer,Youngster,Timmy,FRLG,firered-leafgreen,1,after-reaching-fuchsia-city,After reaching Fuchsia City and defeating the previous team,432,,3,2,Ekans,23,27,male,,,,,,Kanto Route 24,bulbapedia
kanto,Route 24,,,Grassy area,trainer,Youngster,Timmy,FRLG,firered-leafgreen,1,after-reaching-fuchsia-city,After reaching Fuchsia City and defeating the previous team,432,,3,3,Golbat,42,27,male,,,,,,Kanto Route 24,bulbapedia
kanto,Route 24,,,Grassy area,trainer,Youngster,Timmy,FRLG,firered-leafgreen,1,after-delivering-the-sapphire-to-celio,After delivering the Sapphire to Celio and defeating the previous team,832,,3,1,Raticate,20,52,male,,,,,,Kanto Route 24,bulbapedia
kanto,Route 24,,,Grassy area,trainer,Youngster,Timmy,FRLG,firered-leafgreen,1,after-delivering-the-sapphire-to-celio,After delivering the Sapphire to Celio and defeating the previous team,832,,3,2,Arbok,24,52,male,,,,,,Kanto Route 24,bulbapedia
kanto,Route 24,,,Grassy area,trainer,Youngster,Timmy,FRLG,firered-leafgreen,1,after-delivering-the-sapphire-to-celio,After delivering the Sapphire to Celio and defeating the previous team,832,,3,3,Golbat,42,52,male,,,,,,Kanto Route 24,bulbapedia
kanto,Route 24,,,Grassy area,trainer,Lass,Reli,FRLG,firered-leafgreen,1,rematch,Rematch,320,,2,1,Pidgey,16,20,female,,,,,,Kanto Route 24,bulbapedia
kanto,Route 24,,,Grassy area,trainer,Lass,Reli,FRLG,firered-leafgreen,1,rematch,Rematch,320,,2,2,Nidoran♀,29,20,,,,,,,Kanto Route 24,bulbapedia
kanto,Route 24,,,Grassy area,trainer,Lass,Reli,FRLG,firered-leafgreen,1,after-reaching-fuchsia-city,After reaching Fuchsia City and defeating the previous team,448,,2,1,Pidgeotto,17,28,female,,,,,,Kanto Route 24,bulbapedia
kanto,Route 24,,,Grassy area,trainer,Lass,Reli,FRLG,firered-leafgreen,1,after-reaching-fuchsia-city,After reaching Fuchsia City and defeating the previous team,448,,2,2,Nidorina,30,28,female,,,,,,Kanto Route 24,bulbapedia
kanto,Route 24,,,Nugget Bridge,trainer,Bug Catcher,Cale,PE,lets-go-pikachu-lets-go-eevee,0,base,,108,3 Poké Balls,1,1,Venonat,48,9,male,,,,,,Kanto Route 24,bulbapedia
kanto,Route 24,,,Nugget Bridge,trainer,Lass,Ali,PE,lets-go-pikachu-lets-go-eevee,0,base,,200,3 Poké Balls,1,1,Psyduck,54,10,male,,,,,,Kanto Route 24,bulbapedia
kanto,Route 24,,,Nugget Bridge,trainer,Youngster,Timmy,PE,lets-go-pikachu-lets-go-eevee,0,base,,200,3 Poké Balls,1,1,Sandshrew,27,10,male,,,,,,Kanto Route 24,bulbapedia
kanto,Route 24,,,Nugget Bridge,trainer,Lass,Reli,PE,lets-go-pikachu-lets-go-eevee,0,base,,200,3 Poké Balls,1,1,Meowth,52,10,female,,,,,,Kanto Route 24,bulbapedia
kanto,Route 24,,,Nugget Bridge,trainer,Camper,Kevin,PE,lets-go-pikachu-lets-go-eevee,0,base,,220,2 Great Balls,1,1,Growlithe,58,11,male,,,,,,Kanto Route 24,bulbapedia
kanto,Route 24,,,Nugget Bridge,trainer,Team Rocket Grunt,,PE,lets-go-pikachu-lets-go-eevee,0,base,,308,,2,1,Zubat,41,11,male,,,,,,Kanto Route 24,bulbapedia
kanto,Route 24,,,Nugget Bridge,trainer,Team Rocket Grunt,,PE,lets-go-pikachu-lets-go-eevee,0,base,,308,,2,2,Koffing,109,11,male,,,,,,Kanto Route 24,bulbapedia
kanto,Route 24,,,Grassy area,trainer,Camper,Shane,PE,lets-go-pikachu-lets-go-eevee,0,base,,220,2 Great Balls,1,1,Spearow,21,11,male,,,,,,Kanto Route 24,bulbapedia
kanto,Route 25,,,,trainer,Hiker,Franklin,FRLG,firered-leafgreen,1,base,,540,,2,1,Machop,66,15,male,,,,,,Kanto Route 25,bulbapedia
kanto,Route 25,,,,trainer,Hiker,Franklin,FRLG,firered-leafgreen,1,base,,540,,2,2,Geodude,74,15,male,,,,,,Kanto Route 25,bulbapedia
kanto,Route 25,,,,trainer,Hiker,Wayne,FRLG,firered-leafgreen,1,base,,612,,1,1,Onix,95,17,male,,,,,,Kanto Route 25,bulbapedia
kanto,Route 25,,,,trainer,Youngster,Joey,FRLG,firered-leafgreen,1,base,,240,,2,1,Rattata,19,15,male,,,,,,Kanto Route 25,bulbapedia
kanto,Route 25,,,,trainer,Youngster,Joey,FRLG,firered-leafgreen,1,base,,240,,2,2,Spearow,21,15,male,,,,,,Kanto Route 25,bulbapedia
kanto,Route 25,,,,trainer,Youngster,Dan,FRLG,firered-leafgreen,1,base,,272,,1,1,Slowpoke,79,17,male,,,,,,Kanto Route 25,bulbapedia
kanto,Route 25,,,,trainer,Picnicker,Kelsey,FRLG,firered-leafgreen,1,base,,300,,2,1,Nidoran♂,32,15,,,,,,,Kanto Route 25,bulbapedia
kanto,Route 25,,,,trainer,Picnicker,Kelsey,FRLG,firered-leafgreen,1,base,,300,,2,2,Nidoran♀,29,15,,,,,,,Kanto Route 25,bulbapedia
kanto,Route 25,,,,trainer,Hiker,Nob,FRLG,firered-leafgreen,1,base,,468,,4,1,Geodude,74,13,male,,,,,,Kanto Route 25,bulbapedia
kanto,Route 25,,,,trainer,Hiker,Nob,FRLG,firered-leafgreen,1,base,,468,,4,2,Geodude,74,13,male,,,,,,Kanto Route 25,bulbapedia
kanto,Route 25,,,,trainer,Hiker,Nob,FRLG,firered-leafgreen,1,base,,468,,4,3,Machop,66,13,male,,,,,,Kanto Route 25,bulbapedia
kanto,Route 25,,,,trainer,Hiker,Nob,FRLG,firered-leafgreen,1,base,,468,,4,4,Geodude,74,13,male,,,,,,Kanto Route 25,bulbapedia
kanto,Route 25,,,,trainer,Camper,Flint,FRLG,firered-leafgreen,1,base,,280,,2,1,Rattata,19,14,male,,,,,,Kanto Route 25,bulbapedia
kanto,Route 25,,,,trainer,Camper,Flint,FRLG,firered-leafgreen,1,base,,280,,2,2,Ekans,23,14,male,,,,,,Kanto Route 25,bulbapedia
kanto,Route 25,,,,trainer,Youngster,Chad,FRLG,firered-leafgreen,1,base,,224,,2,1,Ekans,23,14,male,,,,,,Kanto Route 25,bulbapedia
kanto,Route 25,,,,trainer,Youngster,Chad,FRLG,firered-leafgreen,1,base,,224,,2,2,Sandshrew,27,14,male,,,,,,Kanto Route 25,bulbapedia
kanto,Route 25,,,,trainer,Lass,Haley,FRLG,firered-leafgreen,1,base,,208,,3,1,Oddish,43,13,female,,,,,,Kanto Route 25,bulbapedia
kanto,Route 25,,,,trainer,Lass,Haley,FRLG,firered-leafgreen,1,base,,208,,3,2,Pidgey,16,13,female,,,,,,Kanto Route 25,bulbapedia
kanto,Route 25,,,,trainer,Lass,Haley,FRLG,firered-leafgreen,1,base,,208,,3,3,Oddish,43,13,female,,,,,,Kanto Route 25,bulbapedia
kanto,Route 25,,,,trainer,Hiker,Franklin,FRLG,firered-leafgreen,1,after-reaching-celadon-city,After reaching Celadon City,900,,2,1,Machoke,67,25,male,,,,,,Kanto Route 25,bulbapedia
kanto,Route 25,,,,trainer,Hiker,Franklin,FRLG,firered-leafgreen,1,after-reaching-celadon-city,After reaching Celadon City,900,,2,2,Graveler,75,25,male,,,,,,Kanto Route 25,bulbapedia
kanto,Route 25,,,,trainer,Picnicker,Kelsey,FRLG,firered-leafgreen,1,rematch,Rematch,360,,2,1,Nidoran♂,32,21,,,,,,,Kanto Route 25,bulbapedia
kanto,Route 25,,,,trainer,Picnicker,Kelsey,FRLG,firered-leafgreen,1,rematch,Rematch,360,,2,2,Nidoran♀,29,21,,,,,,,Kanto Route 25,bulbapedia
kanto,Route 25,,,,trainer,Picnicker,Kelsey,FRLG,firered-leafgreen,1,after-reaching-fuchsia-city,After reaching Fuchsia City and defeating the previous team,420,,2,1,Nidorino,33,29,male,,,,,,Kanto Route 25,bulbapedia
kanto,Route 25,,,,trainer,Picnicker,Kelsey,FRLG,firered-leafgreen,1,after-reaching-fuchsia-city,After reaching Fuchsia City and defeating the previous team,420,,2,2,Nidorina,30,29,female,,,,,,Kanto Route 25,bulbapedia
kanto,Route 25,,,,trainer,Picnicker,Kelsey,FRLG,firered-leafgreen,1,after-becoming-champion,After becoming Champion and defeating the previous team,980,,2,1,Nidorino,33,49,male,,,,,,Kanto Route 25,bulbapedia
kanto,Route 25,,,,trainer,Picnicker,Kelsey,FRLG,firered-leafgreen,1,after-becoming-champion,After becoming Champion and defeating the previous team,980,,2,2,Nidorina,30,49,female,,,,,,Kanto Route 25,bulbapedia
kanto,Route 25,,,,trainer,Youngster,Chad,FRLG,firered-leafgreen,1,rematch,Rematch,320,,2,1,Ekans,23,20,male,,,,,,Kanto Route 25,bulbapedia
kanto,Route 25,,,,trainer,Youngster,Chad,FRLG,firered-leafgreen,1,rematch,Rematch,320,,2,2,Sandshrew,27,20,male,,,,,,Kanto Route 25,bulbapedia
kanto,Route 25,,,,trainer,Youngster,Chad,FRLG,firered-leafgreen,1,after-reaching-fuchsia-city,After reaching Fuchsia City and defeating the previous team,448,,2,1,Arbok,24,28,male,,,,,,Kanto Route 25,bulbapedia
kanto,Route 25,,,,trainer,Youngster,Chad,FRLG,firered-leafgreen,1,after-reaching-fuchsia-city,After reaching Fuchsia City and defeating the previous team,448,,2,2,Sandshrew,27,28,male,,,,,,Kanto Route 25,bulbapedia
kanto,Route 25,,,,trainer,Youngster,Chad,FRLG,firered-leafgreen,1,after-becoming-champion,After becoming Champion and defeating the previous team,768,,2,1,Arbok,24,48,male,,,,,,Kanto Route 25,bulbapedia
kanto,Route 25,,,,trainer,Youngster,Chad,FRLG,firered-leafgreen,1,after-becoming-champion,After becoming Champion and defeating the previous team,768,,2,2,Sandslash,28,48,male,,,,,,Kanto Route 25,bulbapedia
kanto,Route 25,,,,trainer,Hiker,Franklin,PE,lets-go-pikachu-lets-go-eevee,0,base,,560,3 Poké Balls,1,1,Onix,95,14,male,,,,,,Kanto Route 25,bulbapedia
kanto,Route 25,,,,trainer,Youngster,Chad,PE,lets-go-pikachu-lets-go-eevee,0,base,,240,3 Poké Balls,1,1,Diglett,50,12,male,,,,,,Kanto Route 25,bulbapedia
kanto,Route 25,,,,trainer,Bird Keeper,Joey,PE,lets-go-pikachu-lets-go-eevee,0,base,,900,3 Poké Balls,1,1,Pidgeotto,17,15,male,,,,,,Kanto Route 25,bulbapedia
kanto,Route 25,,,,trainer,Youngster,Dan,PE,lets-go-pikachu-lets-go-eevee,0,base,,240,3 Poké Balls,2,1,Ekans,23,12,male,,,,,,Kanto Route 25,bulbapedia
kanto,Route 25,,,,trainer,Youngster,Dan,PE,lets-go-pikachu-lets-go-eevee,0,base,,240,3 Poké Balls,2,2,Rattata,19,12,male,,,,,,Kanto Route 25,bulbapedia
kanto,Route 25,,,,trainer,Hiker,Nob,PE,lets-go-pikachu-lets-go-eevee,0,base,,560,3 Poké Balls,2,1,Geodude,74,14,male,,,,,,Kanto Route 25,bulbapedia
kanto,Route 25,,,,trainer,Hiker,Nob,PE,lets-go-pikachu-lets-go-eevee,0,base,,560,3 Poké Balls,2,2,Machop,66,14,male,,,,,,Kanto Route 25,bulbapedia
kanto,Route 25,,,,trainer,Picnicker,Kelsey,PE,lets-go-pikachu-lets-go-eevee,0,base,,260,2 Great Balls,1,1,Goldeen,118,13,female,,,,,,Kanto Route 25,bulbapedia
kanto,Route 25,,,,trainer,Camper,Dustin,PE,lets-go-pikachu-lets-go-eevee,0,base,,260,2 Great Balls,1,1,Squirtle,7,13,male,,,,,,Kanto Route 25,bulbapedia
kanto,Route 25,,,,trainer,Lass,Haley,PE,lets-go-pikachu-lets-go-eevee,0,base,,240,3 Poké Balls,2,1,Oddish,43,12,male,,,,,,Kanto Route 25,bulbapedia
kanto,Route 25,,,,trainer,Lass,Haley,PE,lets-go-pikachu-lets-go-eevee,0,base,,240,3 Poké Balls,2,2,Pidgey,16,12,female,,,,,,Kanto Route 25,bulbapedia
kanto,Route 25,,,,trainer,Fisherman,Wayne,PE,lets-go-pikachu-lets-go-eevee,0,base,,560,3 Poké Balls,2,1,Magikarp,129,14,male,,,,,,Kanto Route 25,bulbapedia
kanto,Route 25,,,,trainer,Fisherman,Wayne,PE,lets-go-pikachu-lets-go-eevee,0,base,,560,3 Poké Balls,2,2,Krabby,98,14,male,,,,,,Kanto Route 25,bulbapedia
kanto,Route 25,,,,trainer,Coach Trainer,Amala,PE,lets-go-pikachu-lets-go-eevee,0,base,,1600,,1,1,Machop,66,16,male,,,,,,Kanto Route 25,bulbapedia
kanto,Sea Route 19,,,,trainer,Swimmer♂,Richard,FRLG,firered-leafgreen,1,base,,120,,2,1,Tentacool,72,30,male,,,,,,Kanto Route 19,bulbapedia
kanto,Sea Route 19,,,,trainer,Swimmer♂,Richard,FRLG,firered-leafgreen,1,base,,120,,2,2,Shellder,90,30,male,,,,,,Kanto Route 19,bulbapedia
kanto,Sea Route 19,,,,trainer,Swimmer♂,Reece,FRLG,firered-leafgreen,1,base,,116,,3,1,Goldeen,118,29,male,,,,,,Kanto Route 19,bulbapedia
kanto,Sea Route 19,,,,trainer,Swimmer♂,Reece,FRLG,firered-leafgreen,1,base,,116,,3,2,Horsea,116,29,male,,,,,,Kanto Route 19,bulbapedia
kanto,Sea Route 19,,,,trainer,Swimmer♂,Reece,FRLG,firered-leafgreen,1,base,,116,,3,3,Staryu,120,29,,,,,,,Kanto Route 19,bulbapedia
kanto,Sea Route 19,,,Requires Surf,trainer,Swimmer♂,Tony,FRLG,firered-leafgreen,1,base,,120,,2,1,Horsea,116,30,male,,,,,,Kanto Route 19,bulbapedia
kanto,Sea Route 19,,,Requires Surf,trainer,Swimmer♂,Tony,FRLG,firered-leafgreen,1,base,,120,,2,2,Horsea,116,30,male,,,,,,Kanto Route 19,bulbapedia
kanto,Sea Route 19,,,Requires Surf,trainer,Swimmer♂,David,FRLG,firered-leafgreen,1,base,,116,,3,1,Goldeen,118,29,male,,,,,,Kanto Route 19,bulbapedia
kanto,Sea Route 19,,,Requires Surf,trainer,Swimmer♂,David,FRLG,firered-leafgreen,1,base,,116,,3,2,Shellder,90,29,male,,,,,,Kanto Route 19,bulbapedia
kanto,Sea Route 19,,,Requires Surf,trainer,Swimmer♂,David,FRLG,firered-leafgreen,1,base,,116,,3,3,Seaking,119,29,male,,,,,,Kanto Route 19,bulbapedia
kanto,Sea Route 19,,,Requires Surf,trainer,Swimmer♂,Douglas,FRLG,firered-leafgreen,1,base,,108,,4,1,Horsea,116,27,male,,,,,,Kanto Route 19,bulbapedia
kanto,Sea Route 19,,,Requires Surf,trainer,Swimmer♂,Douglas,FRLG,firered-leafgreen,1,base,,108,,4,2,Tentacool,72,27,male,,,,,,Kanto Route 19,bulbapedia
kanto,Sea Route 19,,,Requires Surf,trainer,Swimmer♂,Douglas,FRLG,firered-leafgreen,1,base,,108,,4,3,Tentacool,72,27,male,,,,,,Kanto Route 19,bulbapedia
kanto,Sea Route 19,,,Requires Surf,trainer,Swimmer♂,Douglas,FRLG,firered-leafgreen,1,base,,108,,4,4,Goldeen,118,27,male,,,,,,Kanto Route 19,bulbapedia
kanto,Sea Route 19,,,Requires Surf,trainer,Swimmer♂,Matthew,FRLG,firered-leafgreen,1,base,,120,,2,1,Poliwag,60,30,male,,,,,,Kanto Route 19,bulbapedia
kanto,Sea Route 19,,,Requires Surf,trainer,Swimmer♂,Matthew,FRLG,firered-leafgreen,1,base,,120,,2,2,Poliwhirl,61,30,male,,,,,,Kanto Route 19,bulbapedia
kanto,Sea Route 19,,,Requires Surf,trainer,Sis and Bro,Lia & Luc,FRLG,firered-leafgreen,1,base,,240,,2,1,Goldeen,118,30,male,,,,,,Kanto Route 19,bulbapedia
kanto,Sea Route 19,,,Requires Surf,trainer,Sis and Bro,Lia & Luc,FRLG,firered-leafgreen,1,base,,240,,2,2,Seaking,119,30,male,,,,,,Kanto Route 19,bulbapedia
kanto,Sea Route 19,,,Requires Surf,trainer,Swimmer♂,Axle,FRLG,firered-leafgreen,1,base,,108,,5,1,Tentacool,72,27,male,,,,,,Kanto Route 19,bulbapedia
kanto,Sea Route 19,,,Requires Surf,trainer,Swimmer♂,Axle,FRLG,firered-leafgreen,1,base,,108,,5,2,Tentacool,72,27,male,,,,,,Kanto Route 19,bulbapedia
kanto,Sea Route 19,,,Requires Surf,trainer,Swimmer♂,Axle,FRLG,firered-leafgreen,1,base,,108,,5,3,Staryu,120,27,,,,,,,Kanto Route 19,bulbapedia
kanto,Sea Route 19,,,Requires Surf,trainer,Swimmer♂,Axle,FRLG,firered-leafgreen,1,base,,108,,5,4,Horsea,116,27,male,,,,,,Kanto Route 19,bulbapedia
kanto,Sea Route 19,,,Requires Surf,trainer,Swimmer♂,Axle,FRLG,firered-leafgreen,1,base,,108,,5,5,Tentacruel,73,27,male,,,,,,Kanto Route 19,bulbapedia
kanto,Sea Route 19,,,Requires Surf,trainer,Swimmer♀,Alice,FRLG,firered-leafgreen,1,base,,120,,2,1,Goldeen,118,30,female,,,,,,Kanto Route 19,bulbapedia
kanto,Sea Route 19,,,Requires Surf,trainer,Swimmer♀,Alice,FRLG,firered-leafgreen,1,base,,120,,2,2,Seaking,119,30,female,,,,,,Kanto Route 19,bulbapedia
kanto,Sea Route 19,,,Requires Surf,trainer,Swimmer♀,Anya,FRLG,firered-leafgreen,1,base,,108,,5,1,Poliwag,60,27,female,,,,,,Kanto Route 19,bulbapedia
kanto,Sea Route 19,,,Requires Surf,trainer,Swimmer♀,Anya,FRLG,firered-leafgreen,1,base,,108,,5,2,Goldeen,118,27,female,,,,,,Kanto Route 19,bulbapedia
kanto,Sea Route 19,,,Requires Surf,trainer,Swimmer♀,Anya,FRLG,firered-leafgreen,1,base,,108,,5,3,Seaking,119,27,female,,,,,,Kanto Route 19,bulbapedia
kanto,Sea Route 19,,,Requires Surf,trainer,Swimmer♀,Anya,FRLG,firered-leafgreen,1,base,,108,,5,4,Goldeen,118,27,female,,,,,,Kanto Route 19,bulbapedia
kanto,Sea Route 19,,,Requires Surf,trainer,Swimmer♀,Anya,FRLG,firered-leafgreen,1,base,,108,,5,5,Poliwag,60,27,female,,,,,,Kanto Route 19,bulbapedia
kanto,Sea Route 19,,,Requires Surf,trainer,Swimmer♀,Connie,FRLG,firered-leafgreen,1,base,,116,,3,1,Staryu,120,29,,,,,,,Kanto Route 19,bulbapedia
kanto,Sea Route 19,,,Requires Surf,trainer,Swimmer♀,Connie,FRLG,firered-leafgreen,1,base,,116,,3,2,Staryu,120,29,,,,,,,Kanto Route 19,bulbapedia
kanto,Sea Route 19,,,Requires Surf,trainer,Swimmer♀,Connie,FRLG,firered-leafgreen,1,base,,116,,3,3,Staryu,120,29,,,,,,,Kanto Route 19,bulbapedia
kanto,Sea Route 19,,,Requires Surf,trainer,Swimmer♂,Tony,FRLG,firered-leafgreen,1,after-becoming-champion,After becoming Champion,196,,2,1,Seadra,117,49,male,,,,,,Kanto Route 19,bulbapedia
kanto,Sea Route 19,,,Requires Surf,trainer,Swimmer♂,Tony,FRLG,firered-leafgreen,1,after-becoming-champion,After becoming Champion,196,,2,2,Seadra,117,49,male,,,,,,Kanto Route 19,bulbapedia
kanto,Sea Route 19,,,Requires Surf,trainer,Swimmer♂,Matthew,FRLG,firered-leafgreen,1,after-becoming-champion,After becoming Champion,196,,2,1,Poliwhirl,61,49,male,,,,,,Kanto Route 19,bulbapedia
kanto,Sea Route 19,,,Requires Surf,trainer,Swimmer♂,Matthew,FRLG,firered-leafgreen,1,after-becoming-champion,After becoming Champion,196,,2,2,Poliwrath,62,49,male,,,,,,Kanto Route 19,bulbapedia
kanto,Sea Route 19,,,Requires Surf,trainer,Swimmer♀,Alice,FRLG,firered-leafgreen,1,after-becoming-champion,After becoming Champion,196,,2,1,Seaking,119,49,female,,,,,,Kanto Route 19,bulbapedia
kanto,Sea Route 19,,,Requires Surf,trainer,Swimmer♀,Alice,FRLG,firered-leafgreen,1,after-becoming-champion,After becoming Champion,196,,2,2,Seaking,119,49,female,,,,,,Kanto Route 19,bulbapedia
kanto,Sea Route 19,,,,trainer,Swimmer,Reece,PE,lets-go-pikachu-lets-go-eevee,0,base,,760,3 Poké Balls,1,1,Dratini,147,38,female,,,,,,Kanto Route 19,bulbapedia
kanto,Sea Route 19,,,,trainer,Swimmer,Richard,PE,lets-go-pikachu-lets-go-eevee,0,base,,760,3 Poké Balls,1,1,Starmie,121,38,,,,,,,Kanto Route 19,bulbapedia
kanto,Sea Route 19,,,Requires Sea Skim,trainer,Beauty,Alice,PE,lets-go-pikachu-lets-go-eevee,0,base,,820,3 Poké Balls,2,1,Golduck,55,41,female,,,,,,Kanto Route 19,bulbapedia
kanto,Sea Route 19,,,Requires Sea Skim,trainer,Beauty,Alice,PE,lets-go-pikachu-lets-go-eevee,0,base,,820,3 Poké Balls,2,2,Cloyster,91,41,male,,,,,,Kanto Route 19,bulbapedia
kanto,Sea Route 19,,,Requires Sea Skim,trainer,Swimmer,Axle,PE,lets-go-pikachu-lets-go-eevee,0,base,,840,3 Poké Balls,1,1,Poliwhirl,61,42,male,,,,,,Kanto Route 19,bulbapedia
kanto,Sea Route 19,,,Requires Sea Skim,trainer,Swimmer,David,PE,lets-go-pikachu-lets-go-eevee,0,base,,840,3 Poké Balls,3,1,Seel,86,42,female,,,,,,Kanto Route 19,bulbapedia
kanto,Sea Route 19,,,Requires Sea Skim,trainer,Swimmer,David,PE,lets-go-pikachu-lets-go-eevee,0,base,,840,3 Poké Balls,3,2,Seel,86,42,male,,,,,,Kanto Route 19,bulbapedia
kanto,Sea Route 19,,,Requires Sea Skim,trainer,Swimmer,David,PE,lets-go-pikachu-lets-go-eevee,0,base,,840,3 Poké Balls,3,3,Seadra,117,42,male,,,,,,Kanto Route 19,bulbapedia
kanto,Sea Route 19,,,Requires Sea Skim,trainer,Beauty,Connie,PE,lets-go-pikachu-lets-go-eevee,0,base,,820,3 Poké Balls,1,1,Vaporeon,134,41,female,,,,,,Kanto Route 19,bulbapedia
kanto,Sea Route 19,,,Requires Sea Skim,trainer,Beauty,Anya,PE,lets-go-pikachu-lets-go-eevee,0,base,,820,3 Poké Balls,2,1,Seel,86,41,female,,,,,,Kanto Route 19,bulbapedia
kanto,Sea Route 19,,,Requires Sea Skim,trainer,Beauty,Anya,PE,lets-go-pikachu-lets-go-eevee,0,base,,820,3 Poké Balls,2,2,Seaking,119,41,female,,,,,,Kanto Route 19,bulbapedia
kanto,Sea Route 20,,,East of the islands,trainer,Swimmer♂,Barry,FRLG,firered-leafgreen,1,base,,124,,2,1,Shellder,90,31,male,,,,,,Kanto Route 20,bulbapedia
kanto,Sea Route 20,,,East of the islands,trainer,Swimmer♂,Barry,FRLG,firered-leafgreen,1,base,,124,,2,2,Cloyster,91,31,male,,,,,,Kanto Route 20,bulbapedia
kanto,Sea Route 20,,,East of the islands,trainer,Swimmer♂,Darrin,FRLG,firered-leafgreen,1,base,,112,,4,1,Horsea,116,28,male,,,,,,Kanto Route 20,bulbapedia
kanto,Sea Route 20,,,East of the islands,trainer,Swimmer♂,Darrin,FRLG,firered-leafgreen,1,base,,112,,4,2,Horsea,116,28,male,,,,,,Kanto Route 20,bulbapedia
kanto,Sea Route 20,,,East of the islands,trainer,Swimmer♂,Darrin,FRLG,firered-leafgreen,1,base,,112,,4,3,Horsea,116,28,male,,,,,,Kanto Route 20,bulbapedia
kanto,Sea Route 20,,,East of the islands,trainer,Swimmer♂,Darrin,FRLG,firered-leafgreen,1,base,,112,,4,4,Seadra,117,28,male,,,,,,Kanto Route 20,bulbapedia
kanto,Sea Route 20,,,East of the islands,trainer,Swimmer♀,Shirley,FRLG,firered-leafgreen,1,base,,120,,3,1,Seadra,117,30,female,,,,,,Kanto Route 20,bulbapedia
kanto,Sea Route 20,,,East of the islands,trainer,Swimmer♀,Shirley,FRLG,firered-leafgreen,1,base,,120,,3,2,Horsea,116,30,female,,,,,,Kanto Route 20,bulbapedia
kanto,Sea Route 20,,,East of the islands,trainer,Swimmer♀,Shirley,FRLG,firered-leafgreen,1,base,,120,,3,3,Seadra,117,30,female,,,,,,Kanto Route 20,bulbapedia
kanto,Sea Route 20,,,East of the islands,trainer,Swimmer♀,Tiffany,FRLG,firered-leafgreen,1,base,,140,,1,1,Seaking,119,35,female,,,,,,Kanto Route 20,bulbapedia
kanto,Sea Route 20,,,West of the islands,trainer,Picnicker,Irene,FRLG,firered-leafgreen,1,base,,600,,3,1,Tentacool,72,30,female,,,,,,Kanto Route 20,bulbapedia
kanto,Sea Route 20,,,West of the islands,trainer,Picnicker,Irene,FRLG,firered-leafgreen,1,base,,600,,3,2,Horsea,116,30,female,,,,,,Kanto Route 20,bulbapedia
kanto,Sea Route 20,,,West of the islands,trainer,Picnicker,Irene,FRLG,firered-leafgreen,1,base,,600,,3,3,Seel,86,30,female,,,,,,Kanto Route 20,bulbapedia
kanto,Sea Route 20,,,West of the islands,trainer,Bird Keeper,Roger,FRLG,firered-leafgreen,1,base,,720,,3,1,Fearow,22,30,male,,,,,,Kanto Route 20,bulbapedia
kanto,Sea Route 20,,,West of the islands,trainer,Bird Keeper,Roger,FRLG,firered-leafgreen,1,base,,720,,3,2,Fearow,22,30,male,,,,,,Kanto Route 20,bulbapedia
kanto,Sea Route 20,,,West of the islands,trainer,Bird Keeper,Roger,FRLG,firered-leafgreen,1,base,,720,,3,3,Pidgeotto,17,30,male,,,,,,Kanto Route 20,bulbapedia
kanto,Sea Route 20,,,West of the islands,trainer,Swimmer♀,Nora,FRLG,firered-leafgreen,1,base,,120,,3,1,Shellder,90,30,female,,,,,,Kanto Route 20,bulbapedia
kanto,Sea Route 20,,,West of the islands,trainer,Swimmer♀,Nora,FRLG,firered-leafgreen,1,base,,120,,3,2,Shellder,90,30,female,,,,,,Kanto Route 20,bulbapedia
kanto,Sea Route 20,,,West of the islands,trainer,Swimmer♀,Nora,FRLG,firered-leafgreen,1,base,,120,,3,3,Cloyster,91,30,female,,,,,,Kanto Route 20,bulbapedia
kanto,Sea Route 20,,,West of the islands,trainer,Swimmer♂,Dean,FRLG,firered-leafgreen,1,base,,140,,1,1,Staryu,120,35,,,,,,,Kanto Route 20,bulbapedia
kanto,Sea Route 20,,,West of the islands,trainer,Picnicker,Missy,FRLG,firered-leafgreen,1,base,,620,,2,1,Goldeen,118,31,female,,,,,,Kanto Route 20,bulbapedia
kanto,Sea Route 20,,,West of the islands,trainer,Picnicker,Missy,FRLG,firered-leafgreen,1,base,,620,,2,2,Seaking,119,31,female,,,,,,Kanto Route 20,bulbapedia
kanto,Sea Route 20,,,West of the islands,trainer,Swimmer♀,Melissa,FRLG,firered-leafgreen,1,base,,124,,2,1,Poliwag,60,31,female,,,,,,Kanto Route 20,bulbapedia
kanto,Sea Route 20,,,West of the islands,trainer,Swimmer♀,Melissa,FRLG,firered-leafgreen,1,base,,124,,2,2,Seaking,119,31,female,,,,,,Kanto Route 20,bulbapedia
kanto,Sea Route 20,,,West of the islands,trainer,Swimmer♂,Darrin,FRLG,firered-leafgreen,1,after-delivering-the-sapphire-to-celio,After delivering the Sapphire to Celio,208,,4,1,Seadra,117,52,male,,,,,,Kanto Route 20,bulbapedia
kanto,Sea Route 20,,,West of the islands,trainer,Swimmer♂,Darrin,FRLG,firered-leafgreen,1,after-delivering-the-sapphire-to-celio,After delivering the Sapphire to Celio,208,,4,2,Seadra,117,52,male,,,,,,Kanto Route 20,bulbapedia
kanto,Sea Route 20,,,West of the islands,trainer,Swimmer♂,Darrin,FRLG,firered-leafgreen,1,after-delivering-the-sapphire-to-celio,After delivering the Sapphire to Celio,208,,4,3,Seadra,117,52,male,,,,,,Kanto Route 20,bulbapedia
kanto,Sea Route 20,,,West of the islands,trainer,Swimmer♂,Darrin,FRLG,firered-leafgreen,1,after-delivering-the-sapphire-to-celio,After delivering the Sapphire to Celio,208,,4,4,Seadra,117,52,male,,,,,,Kanto Route 20,bulbapedia
kanto,Sea Route 20,,,West of the islands,trainer,Picnicker,Missy,FRLG,firered-leafgreen,1,after-becoming-champion,After becoming Champion,700,,2,1,Seaking,119,49,female,,,,,,Kanto Route 20,bulbapedia
kanto,Sea Route 20,,,West of the islands,trainer,Picnicker,Missy,FRLG,firered-leafgreen,1,after-becoming-champion,After becoming Champion,700,,2,2,Seaking,119,49,female,,,,,,Kanto Route 20,bulbapedia
kanto,Sea Route 20,,,West of the islands,trainer,Picnicker,Missy,FRLG,firered-leafgreen,1,after-delivering-the-sapphire-to-celio,After delivering the Sapphire to Celio and defeating the previous team,1080,,2,1,Seaking,119,54,female,,,,,,Kanto Route 20,bulbapedia
kanto,Sea Route 20,,,West of the islands,trainer,Picnicker,Missy,FRLG,firered-leafgreen,1,after-delivering-the-sapphire-to-celio,After delivering the Sapphire to Celio and defeating the previous team,1080,,2,2,Seaking,119,54,female,,,,,,Kanto Route 20,bulbapedia
kanto,Sea Route 20,,,West of the islands,trainer,Swimmer♀,Melissa,FRLG,firered-leafgreen,1,after-becoming-champion,After becoming Champion,196,,2,1,Poliwhirl,61,49,female,,,,,,Kanto Route 20,bulbapedia
kanto,Sea Route 20,,,West of the islands,trainer,Swimmer♀,Melissa,FRLG,firered-leafgreen,1,after-becoming-champion,After becoming Champion,196,,2,2,Seaking,119,49,female,,,,,,Kanto Route 20,bulbapedia
kanto,Sea Route 20,,,East of the islands,trainer,Swimmer,Douglas,PE,lets-go-pikachu-lets-go-eevee,0,base,,820,3 Poké Balls,1,1,Gyarados,130,42,male,,,,,,Kanto Route 20,bulbapedia
kanto,Sea Route 20,,,East of the islands,trainer,Swimmer,Darrin,PE,lets-go-pikachu-lets-go-eevee,0,base,,880,3 Poké Balls,2,1,Golduck,55,44,male,,,,,,Kanto Route 20,bulbapedia
kanto,Sea Route 20,,,East of the islands,trainer,Swimmer,Darrin,PE,lets-go-pikachu-lets-go-eevee,0,base,,880,3 Poké Balls,2,2,Gyarados,130,44,male,,,,,,Kanto Route 20,bulbapedia
kanto,Sea Route 20,,,East of the islands,trainer,Beauty,Shirley,PE,lets-go-pikachu-lets-go-eevee,0,base,,820,3 Poké Balls,2,1,Wartortle,8,41,female,,,,,,Kanto Route 20,bulbapedia
kanto,Sea Route 20,,,East of the islands,trainer,Beauty,Shirley,PE,lets-go-pikachu-lets-go-eevee,0,base,,820,3 Poké Balls,2,2,Starmie,121,41,,,,,,,Kanto Route 20,bulbapedia
kanto,Sea Route 20,,,West of the islands,trainer,Picnicker,Irene,PE,lets-go-pikachu-lets-go-eevee,0,base,,860,2 Great Balls,3,1,Marowak,105,43,female,,,,,,Kanto Route 20,bulbapedia
kanto,Sea Route 20,,,West of the islands,trainer,Picnicker,Irene,PE,lets-go-pikachu-lets-go-eevee,0,base,,860,2 Great Balls,3,2,Gloom,44,43,female,,,,,,Kanto Route 20,bulbapedia
kanto,Sea Route 20,,,West of the islands,trainer,Picnicker,Irene,PE,lets-go-pikachu-lets-go-eevee,0,base,,860,2 Great Balls,3,3,Wigglytuff,40,43,female,,,,,,Kanto Route 20,bulbapedia
kanto,Sea Route 20,,,West of the islands,trainer,Beauty,Hansol,PE,lets-go-pikachu-lets-go-eevee,0,base,,860,3 Poké Balls,1,1,Slowbro,80,43,male,,,,,,Kanto Route 20,bulbapedia
kanto,Sea Route 20,,,West of the islands,trainer,Bird Keeper,Roger,PE,lets-go-pikachu-lets-go-eevee,0,base,,2700,3 Poké Balls,3,1,Fearow,22,45,male,,,,,,Kanto Route 20,bulbapedia
kanto,Sea Route 20,,,West of the islands,trainer,Bird Keeper,Roger,PE,lets-go-pikachu-lets-go-eevee,0,base,,2700,3 Poké Balls,3,2,Dodrio,85,45,male,,,,,,Kanto Route 20,bulbapedia
kanto,Sea Route 20,,,West of the islands,trainer,Bird Keeper,Roger,PE,lets-go-pikachu-lets-go-eevee,0,base,,2700,3 Poké Balls,3,3,Pidgeot,18,45,female,,,,,,Kanto Route 20,bulbapedia
kanto,Sea Route 20,,,West of the islands,trainer,Swimmer,Dean,PE,lets-go-pikachu-lets-go-eevee,0,base,,880,3 Poké Balls,3,1,Starmie,121,44,,,,,,,Kanto Route 20,bulbapedia
kanto,Sea Route 20,,,West of the islands,trainer,Swimmer,Dean,PE,lets-go-pikachu-lets-go-eevee,0,base,,880,3 Poké Balls,3,2,Tentacruel,73,44,female,,,,,,Kanto Route 20,bulbapedia
kanto,Sea Route 20,,,West of the islands,trainer,Swimmer,Dean,PE,lets-go-pikachu-lets-go-eevee,0,base,,880,3 Poké Balls,3,3,Kingler,99,44,male,,,,,,Kanto Route 20,bulbapedia
kanto,Sea Route 20,,,West of the islands,trainer,Picnicker,Missy,PE,lets-go-pikachu-lets-go-eevee,0,base,,820,2 Great Balls,1,1,Jolteon,135,41,female,,,,,,Kanto Route 20,bulbapedia
kanto,Sea Route 20,,,West of the islands,trainer,Beauty,Nora,PE,lets-go-pikachu-lets-go-eevee,0,base,,820,3 Poké Balls,1,1,Cloyster,91,41,male,,,,,,Kanto Route 20,bulbapedia
kanto,Sea Route 20,,,West of the islands,trainer,Beauty,Melissa,PE,lets-go-pikachu-lets-go-eevee,0,base,,860,3 Poké Balls,2,1,Seaking,119,43,male,,,,,,Kanto Route 20,bulbapedia
kanto,Sea Route 20,,,West of the islands,trainer,Beauty,Melissa,PE,lets-go-pikachu-lets-go-eevee,0,base,,860,3 Poké Balls,2,2,Jynx,124,43,female,,,,,,Kanto Route 20,bulbapedia
kanto,Sea Route 20,,,West of the islands,trainer,Ace Trainer,Marty,PE,lets-go-pikachu-lets-go-eevee,0,base,,4600,5 Ultra Balls,2,1,Golem,76,45,male,,,,,,Kanto Route 20,bulbapedia
kanto,Sea Route 20,,,West of the islands,trainer,Ace Trainer,Marty,PE,lets-go-pikachu-lets-go-eevee,0,base,,4600,5 Ultra Balls,2,2,Pinsir,127,46,male,,,,,,Kanto Route 20,bulbapedia
kanto,Mt. Moon,,1F,,trainer,Bug Catcher,Kent,FRLG,firered-leafgreen,1,base,,132,,2,1,Weedle,13,11,male,,,,,,Mt. Moon,bulbapedia
kanto,Mt. Moon,,1F,,trainer,Bug Catcher,Kent,FRLG,firered-leafgreen,1,base,,132,,2,2,Kakuna,14,11,male,,,,,,Mt. Moon,bulbapedia
kanto,Mt. Moon,,1F,,trainer,Lass,Iris,FRLG,firered-leafgreen,1,base,,224,,1,1,Clefairy,35,14,female,,,,,,Mt. Moon,bulbapedia
kanto,Mt. Moon,,1F,,trainer,Super Nerd,Jovan,FRLG,firered-leafgreen,1,base,,264,,2,1,Magnemite,81,11,,,,,,,Mt. Moon,bulbapedia
kanto,Mt. Moon,,1F,,trainer,Super Nerd,Jovan,FRLG,firered-leafgreen,1,base,,264,,2,2,Voltorb,100,11,,,,,,,Mt. Moon,bulbapedia
kanto,Mt. Moon,,1F,,trainer,Bug Catcher,Robby,FRLG,firered-leafgreen,1,base,,120,,3,1,Caterpie,10,10,male,,,,,,Mt. Moon,bulbapedia
kanto,Mt. Moon,,1F,,trainer,Bug Catcher,Robby,FRLG,firered-leafgreen,1,base,,120,,3,2,Metapod,11,10,male,,,,,,Mt. Moon,bulbapedia
kanto,Mt. Moon,,1F,,trainer,Bug Catcher,Robby,FRLG,firered-leafgreen,1,base,,120,,3,3,Caterpie,10,10,male,,,,,,Mt. Moon,bulbapedia
kanto,Mt. Moon,,1F,,trainer,Lass,Miriam,FRLG,firered-leafgreen,1,base,,176,,2,1,Oddish,43,11,female,,,,,,Mt. Moon,bulbapedia
kanto,Mt. Moon,,1F,,trainer,Lass,Miriam,FRLG,firered-leafgreen,1,base,,176,,2,2,Bellsprout,69,11,female,,,,,,Mt. Moon,bulbapedia
kanto,Mt. Moon,,1F,,trainer,Youngster,Josh,FRLG,firered-leafgreen,1,base,,160,,3,1,Rattata,19,10,male,,,,,,Mt. Moon,bulbapedia
kanto,Mt. Moon,,1F,,trainer,Youngster,Josh,FRLG,firered-leafgreen,1,base,,160,,3,2,Rattata,19,10,male,,,,,,Mt. Moon,bulbapedia
kanto,Mt. Moon,,1F,,trainer,Youngster,Josh,FRLG,firered-leafgreen,1,base,,160,,3,3,Zubat,41,10,male,,,,,,Mt. Moon,bulbapedia
kanto,Mt. Moon,,1F,,trainer,Hiker,Marcos,FRLG,firered-leafgreen,1,base,,360,,3,1,Geodude,74,10,male,,,,,,Mt. Moon,bulbapedia
kanto,Mt. Moon,,1F,,trainer,Hiker,Marcos,FRLG,firered-leafgreen,1,base,,360,,3,2,Geodude,74,10,male,,,,,,Mt. Moon,bulbapedia
kanto,Mt. Moon,,1F,,trainer,Hiker,Marcos,FRLG,firered-leafgreen,1,base,,360,,3,3,Onix,95,10,male,,,,,,Mt. Moon,bulbapedia
kanto,Mt. Moon,,B2F,,trainer,Team Rocket Grunt,,FRLG,firered-leafgreen,1,base,,352,,3,1,Sandshrew,27,11,male,,,,,,Mt. Moon,bulbapedia
kanto,Mt. Moon,,B2F,,trainer,Team Rocket Grunt,,FRLG,firered-leafgreen,1,base,,352,,3,2,Rattata,19,11,male,,,,,,Mt. Moon,bulbapedia
kanto,Mt. Moon,,B2F,,trainer,Team Rocket Grunt,,FRLG,firered-leafgreen,1,base,,352,,3,3,Zubat,41,11,male,,,,,,Mt. Moon,bulbapedia
kanto,Mt. Moon,,B2F,,trainer,Team Rocket Grunt,,FRLG,firered-leafgreen,1,base,,352,,2,1,Zubat,41,11,male,,,,,,Mt. Moon,bulbapedia
kanto,Mt. Moon,,B2F,,trainer,Team Rocket Grunt,,FRLG,firered-leafgreen,1,base,,352,,2,2,Ekans,23,11,male,,,,,,Mt. Moon,bulbapedia
kanto,Mt. Moon,,B2F,,trainer,Team Rocket Grunt,,FRLG,firered-leafgreen,1,base,,416,,2,1,Rattata,19,13,male,,,,,,Mt. Moon,bulbapedia
kanto,Mt. Moon,,B2F,,trainer,Team Rocket Grunt,,FRLG,firered-leafgreen,1,base,,416,,2,2,Sandshrew,27,13,male,,,,,,Mt. Moon,bulbapedia
kanto,Mt. Moon,,B2F,,trainer,Team Rocket Grunt,,FRLG,firered-leafgreen,1,base,,416,,2,1,Rattata,19,13,male,,,,,,Mt. Moon,bulbapedia
kanto,Mt. Moon,,B2F,,trainer,Team Rocket Grunt,,FRLG,firered-leafgreen,1,base,,416,,2,2,Zubat,41,13,male,,,,,,Mt. Moon,bulbapedia
kanto,Mt. Moon,,B2F,,trainer,Super Nerd,Miguel,FRLG,firered-leafgreen,1,base,,288,,3,1,Grimer,88,12,male,,,,,,Mt. Moon,bulbapedia
kanto,Mt. Moon,,B2F,,trainer,Super Nerd,Miguel,FRLG,firered-leafgreen,1,base,,288,,3,2,Voltorb,100,12,,,,,,,Mt. Moon,bulbapedia
kanto,Mt. Moon,,B2F,,trainer,Super Nerd,Miguel,FRLG,firered-leafgreen,1,base,,288,,3,3,Koffing,109,12,male,,,,,,Mt. Moon,bulbapedia
kanto,Mt. Moon,,1F,,trainer,Bug Catcher,Kent,PE,lets-go-pikachu-lets-go-eevee,0,base,,84,3 Poké Balls,1,1,Butterfree,12,7,male,,,,,,Mt. Moon,bulbapedia
kanto,Mt. Moon,,1F,,trainer,Lass,Evelyn,PE,lets-go-pikachu-lets-go-eevee,0,base,,160,3 Poké Balls,1,1,Bellsprout,69,8,female,,,,,,Mt. Moon,bulbapedia
kanto,Mt. Moon,,1F,,trainer,Super Nerd,Jovan,PE,lets-go-pikachu-lets-go-eevee,0,base,,400,3 Poké Balls,1,1,Grimer,88,10,male,,,,,,Mt. Moon,bulbapedia
kanto,Mt. Moon,,1F,,trainer,Youngster,Robby,PE,lets-go-pikachu-lets-go-eevee,0,base,,160,3 Poké Balls,1,1,Mankey,56,8,male,,,,,,Mt. Moon,bulbapedia
kanto,Mt. Moon,,1F,,trainer,Lass,Miriam,PE,lets-go-pikachu-lets-go-eevee,0,base,,160,3 Poké Balls,1,1,Clefairy,35,8,female,,,,,,Mt. Moon,bulbapedia
kanto,Mt. Moon,,1F,,trainer,Youngster,Josh,PE,lets-go-pikachu-lets-go-eevee,0,base,,160,3 Poké Balls,1,1,Sandshrew,27,8,male,,,,,,Mt. Moon,bulbapedia
kanto,Mt. Moon,,1F,,trainer,Hiker,Marcos,PE,lets-go-pikachu-lets-go-eevee,0,base,,400,3 Poké Balls,2,1,Geodude,74,10,male,,,,,,Mt. Moon,bulbapedia
kanto,Mt. Moon,,1F,,trainer,Hiker,Marcos,PE,lets-go-pikachu-lets-go-eevee,0,base,,400,3 Poké Balls,2,2,Geodude,74,10,male,,,,,,Mt. Moon,bulbapedia
kanto,Mt. Moon,,B2F,,trainer,Team Rocket Grunt,,PE,lets-go-pikachu-lets-go-eevee,0,base,,252,,1,1,Rattata,19,9,male,,,,,,Mt. Moon,bulbapedia
kanto,Mt. Moon,,B2F,,trainer,Team Rocket Grunt,,PE,lets-go-pikachu-lets-go-eevee,0,base,,252,,1,1,Drowzee,96,9,male,,,,,,Mt. Moon,bulbapedia
kanto,Mt. Moon,,B2F,,trainer,Team Rocket Grunt,,PE,lets-go-pikachu-lets-go-eevee,0,base,,252,,1,1,Zubat,41,9,female,,,,,,Mt. Moon,bulbapedia
kanto,Mt. Moon,,B2F,,trainer,Super Nerd,Miguel,PE,lets-go-pikachu-lets-go-eevee,0,base,,400,3 Poké Balls,2,1,Voltorb,100,10,,,,,,,Mt. Moon,bulbapedia
kanto,Mt. Moon,,B2F,,trainer,Super Nerd,Miguel,PE,lets-go-pikachu-lets-go-eevee,0,base,,400,3 Poké Balls,2,2,Magnemite,81,10,,,,,,,Mt. Moon,bulbapedia
kanto,Cerulean City,,,,trainer,Team Rocket Grunt,,FRLG,firered-leafgreen,1,after-obtaining-the-s-s-ticket,After obtaining the S.S. Ticket,544,,2,1,Machop,66,17,male,,,,,,Cerulean City,bulbapedia
kanto,Cerulean City,,,,trainer,Team Rocket Grunt,,FRLG,firered-leafgreen,1,after-obtaining-the-s-s-ticket,After obtaining the S.S. Ticket,544,,2,2,Drowzee,96,17,male,,,,,,Cerulean City,bulbapedia
kanto,Cerulean City,,,,trainer,Team Rocket Grunt,,PE,lets-go-pikachu-lets-go-eevee,0,after-obtaining-the-cascade-badge-and-s-s-ticket,After obtaining the Cascade Badge and S.S. Ticket,420,,1,1,Raticate,20,15,male,,,,,,Cerulean City,bulbapedia
kanto,Cerulean City,,,(Requires Sea Skim),trainer,Coach Trainer,Harjit,PE,lets-go-pikachu-lets-go-eevee,0,after-becoming-champion,After becoming Champion,5200,,5,1,Rhydon,112,52,female,,,,,,Cerulean City,bulbapedia
kanto,Cerulean City,,,(Requires Sea Skim),trainer,Coach Trainer,Harjit,PE,lets-go-pikachu-lets-go-eevee,0,after-becoming-champion,After becoming Champion,5200,,5,2,Rapidash,78,52,male,,,,,,Cerulean City,bulbapedia
kanto,Cerulean City,,,(Requires Sea Skim),trainer,Coach Trainer,Harjit,PE,lets-go-pikachu-lets-go-eevee,0,after-becoming-champion,After becoming Champion,5200,,5,3,Dewgong,87,52,female,,,,,,Cerulean City,bulbapedia
kanto,Cerulean City,,,(Requires Sea Skim),trainer,Coach Trainer,Harjit,PE,lets-go-pikachu-lets-go-eevee,0,after-becoming-champion,After becoming Champion,5200,,5,4,Seaking,119,52,male,,,,,,Cerulean City,bulbapedia
kanto,Cerulean City,,,(Requires Sea Skim),trainer,Coach Trainer,Harjit,PE,lets-go-pikachu-lets-go-eevee,0,after-becoming-champion,After becoming Champion,5200,,5,5,Nidoking,34,52,male,,,,,,Cerulean City,bulbapedia
kanto,Rock Tunnel,,,,trainer,PokéManiac,Ashton,FRLG,firered-leafgreen,1,base,,1104,,2,1,Cubone,104,23,male,,,,,,Rock Tunnel,bulbapedia
kanto,Rock Tunnel,,,,trainer,PokéManiac,Ashton,FRLG,firered-leafgreen,1,base,,1104,,2,2,Slowpoke,79,23,male,,,,,,Rock Tunnel,bulbapedia
kanto,Rock Tunnel,,,,trainer,PokéManiac,Winston,FRLG,firered-leafgreen,1,base,,1200,,1,1,Slowpoke,79,25,male,,,,,,Rock Tunnel,bulbapedia
kanto,Rock Tunnel,,,,trainer,Picnicker,Martha,FRLG,firered-leafgreen,1,base,,440,,2,1,Oddish,43,22,female,,,,,,Rock Tunnel,bulbapedia
kanto,Rock Tunnel,,,,trainer,Picnicker,Martha,FRLG,firered-leafgreen,1,base,,440,,2,2,Bulbasaur,1,22,male,,,,,,Rock Tunnel,bulbapedia
kanto,Rock Tunnel,,,,trainer,PokéManiac,Steve,FRLG,firered-leafgreen,1,base,,1056,,2,1,Charmander,4,22,male,,,,,,Rock Tunnel,bulbapedia
kanto,Rock Tunnel,,,,trainer,PokéManiac,Steve,FRLG,firered-leafgreen,1,base,,1056,,2,2,Cubone,104,22,male,,,,,,Rock Tunnel,bulbapedia
kanto,Rock Tunnel,,,,trainer,Hiker,Allen,FRLG,firered-leafgreen,1,base,,900,,1,1,Geodude,74,25,male,,,,,,Rock Tunnel,bulbapedia
kanto,Rock Tunnel,,,,trainer,Hiker,Eric,FRLG,firered-leafgreen,1,base,,720,,2,1,Machop,66,20,male,,,,,,Rock Tunnel,bulbapedia
kanto,Rock Tunnel,,,,trainer,Hiker,Eric,FRLG,firered-leafgreen,1,base,,720,,2,2,Onix,95,20,male,,,,,,Rock Tunnel,bulbapedia
kanto,Rock Tunnel,,,,trainer,Hiker,Lenny,FRLG,firered-leafgreen,1,base,,684,,4,1,Geodude,74,19,male,,,,,,Rock Tunnel,bulbapedia
kanto,Rock Tunnel,,,,trainer,Hiker,Lenny,FRLG,firered-leafgreen,1,base,,684,,4,2,Machop,66,19,male,,,,,,Rock Tunnel,bulbapedia
kanto,Rock Tunnel,,,,trainer,Hiker,Lenny,FRLG,firered-leafgreen,1,base,,684,,4,3,Geodude,74,19,male,,,,,,Rock Tunnel,bulbapedia
kanto,Rock Tunnel,,,,trainer,Hiker,Lenny,FRLG,firered-leafgreen,1,base,,684,,4,4,Geodude,74,19,male,,,,,,Rock Tunnel,bulbapedia
kanto,Rock Tunnel,,,,trainer,Hiker,Oliver,FRLG,firered-leafgreen,1,base,,720,,3,1,Onix,95,20,male,,,,,,Rock Tunnel,bulbapedia
kanto,Rock Tunnel,,,,trainer,Hiker,Oliver,FRLG,firered-leafgreen,1,base,,720,,3,2,Onix,95,20,male,,,,,,Rock Tunnel,bulbapedia
kanto,Rock Tunnel,,,,trainer,Hiker,Oliver,FRLG,firered-leafgreen,1,base,,720,,3,3,Geodude,74,20,male,,,,,,Rock Tunnel,bulbapedia
kanto,Rock Tunnel,,,,trainer,Hiker,Lucas,FRLG,firered-leafgreen,1,base,,756,,2,1,Geodude,74,21,male,,,,,,Rock Tunnel,bulbapedia
kanto,Rock Tunnel,,,,trainer,Hiker,Lucas,FRLG,firered-leafgreen,1,base,,756,,2,2,Graveler,75,21,male,,,,,,Rock Tunnel,bulbapedia
kanto,Rock Tunnel,,,,trainer,Picnicker,Sofia,FRLG,firered-leafgreen,1,base,,420,,3,1,Jigglypuff,39,21,female,,,,,,Rock Tunnel,bulbapedia
kanto,Rock Tunnel,,,,trainer,Picnicker,Sofia,FRLG,firered-leafgreen,1,base,,420,,3,2,Pidgey,16,21,female,,,,,,Rock Tunnel,bulbapedia
kanto,Rock Tunnel,,,,trainer,Picnicker,Sofia,FRLG,firered-leafgreen,1,base,,420,,3,3,Meowth,52,21,female,,,,,,Rock Tunnel,bulbapedia
kanto,Rock Tunnel,,,,trainer,Hiker,Dudley,FRLG,firered-leafgreen,1,base,,756,,3,1,Geodude,74,21,male,,,,,,Rock Tunnel,bulbapedia
kanto,Rock Tunnel,,,,trainer,Hiker,Dudley,FRLG,firered-leafgreen,1,base,,756,,3,2,Geodude,74,21,male,,,,,,Rock Tunnel,bulbapedia
kanto,Rock Tunnel,,,,trainer,Hiker,Dudley,FRLG,firered-leafgreen,1,base,,756,,3,3,Graveler,75,21,male,,,,,,Rock Tunnel,bulbapedia
kanto,Rock Tunnel,,,,trainer,PokéManiac,Cooper,FRLG,firered-leafgreen,1,base,,960,,3,1,Slowpoke,79,20,male,,,,,,Rock Tunnel,bulbapedia
kanto,Rock Tunnel,,,,trainer,PokéManiac,Cooper,FRLG,firered-leafgreen,1,base,,960,,3,2,Slowpoke,79,20,male,,,,,,Rock Tunnel,bulbapedia
kanto,Rock Tunnel,,,,trainer,PokéManiac,Cooper,FRLG,firered-leafgreen,1,base,,960,,3,3,Slowpoke,79,20,male,,,,,,Rock Tunnel,bulbapedia
kanto,Rock Tunnel,,,,trainer,Picnicker,Leah,FRLG,firered-leafgreen,1,base,,440,,2,1,Bellsprout,69,22,female,,,,,,Rock Tunnel,bulbapedia
kanto,Rock Tunnel,,,,trainer,Picnicker,Leah,FRLG,firered-leafgreen,1,base,,440,,2,2,Clefairy,35,22,female,,,,,,Rock Tunnel,bulbapedia
kanto,Rock Tunnel,,,,trainer,Picnicker,Ariana,FRLG,firered-leafgreen,1,base,,380,,4,1,Pidgey,16,19,female,,,,,,Rock Tunnel,bulbapedia
kanto,Rock Tunnel,,,,trainer,Picnicker,Ariana,FRLG,firered-leafgreen,1,base,,380,,4,2,Rattata,19,19,female,,,,,,Rock Tunnel,bulbapedia
kanto,Rock Tunnel,,,,trainer,Picnicker,Ariana,FRLG,firered-leafgreen,1,base,,380,,4,3,Rattata,19,19,female,,,,,,Rock Tunnel,bulbapedia
kanto,Rock Tunnel,,,,trainer,Picnicker,Ariana,FRLG,firered-leafgreen,1,base,,380,,4,4,Bellsprout,69,19,female,,,,,,Rock Tunnel,bulbapedia
kanto,Rock Tunnel,,,,trainer,Picnicker,Dana,FRLG,firered-leafgreen,1,base,,400,,3,1,Meowth,52,20,female,,,,,,Rock Tunnel,bulbapedia
kanto,Rock Tunnel,,,,trainer,Picnicker,Dana,FRLG,firered-leafgreen,1,base,,400,,3,2,Oddish,43,20,female,,,,,,Rock Tunnel,bulbapedia
kanto,Rock Tunnel,,,,trainer,Picnicker,Dana,FRLG,firered-leafgreen,1,base,,400,,3,3,Pidgey,16,20,female,,,,,,Rock Tunnel,bulbapedia
kanto,Rock Tunnel,,,,trainer,Poké Maniac,Ashton,PE,lets-go-pikachu-lets-go-eevee,0,base,,1104,3 Poké Balls,1,1,Slowpoke,79,23,male,,,,,,Rock Tunnel,bulbapedia
kanto,Rock Tunnel,,,,trainer,Poké Maniac,Winston,PE,lets-go-pikachu-lets-go-eevee,0,base,,1104,3 Poké Balls,1,1,Kangaskhan,115,23,female,,,,,,Rock Tunnel,bulbapedia
kanto,Rock Tunnel,,,,trainer,Black Belt,Dudley,PE,lets-go-pikachu-lets-go-eevee,0,base,,672,3 Poké Balls,1,1,Onix,95,24,male,,,,,,Rock Tunnel,bulbapedia
kanto,Rock Tunnel,,,,trainer,Hiker,Allen,PE,lets-go-pikachu-lets-go-eevee,0,base,,920,3 Poké Balls,3,1,Geodude,74,23,male,,,,,,Rock Tunnel,bulbapedia
kanto,Rock Tunnel,,,,trainer,Hiker,Allen,PE,lets-go-pikachu-lets-go-eevee,0,base,,920,3 Poké Balls,3,2,Onix,95,23,male,,,,,,Rock Tunnel,bulbapedia
kanto,Rock Tunnel,,,,trainer,Hiker,Allen,PE,lets-go-pikachu-lets-go-eevee,0,base,,920,3 Poké Balls,3,3,Graveler,75,23,male,,,,,,Rock Tunnel,bulbapedia
kanto,Rock Tunnel,,,,trainer,Black Belt,Eric,PE,lets-go-pikachu-lets-go-eevee,0,base,,672,3 Poké Balls,2,1,Mankey,56,24,male,,,,,,Rock Tunnel,bulbapedia
kanto,Rock Tunnel,,,,trainer,Black Belt,Eric,PE,lets-go-pikachu-lets-go-eevee,0,base,,672,3 Poké Balls,2,2,Poliwhirl,61,24,male,,,,,,Rock Tunnel,bulbapedia
kanto,Rock Tunnel,,,,trainer,Camper,Lenny,PE,lets-go-pikachu-lets-go-eevee,0,base,,440,2 Great Balls,1,1,Growlithe,58,22,male,,,,,,Rock Tunnel,bulbapedia
kanto,Rock Tunnel,,,,trainer,Hiker,Oliver,PE,lets-go-pikachu-lets-go-eevee,0,base,,920,3 Poké Balls,2,1,Onix,95,23,male,,,,,,Rock Tunnel,bulbapedia
kanto,Rock Tunnel,,,,trainer,Hiker,Oliver,PE,lets-go-pikachu-lets-go-eevee,0,base,,920,3 Poké Balls,2,2,Sandslash,28,23,male,,,,,,Rock Tunnel,bulbapedia
kanto,Rock Tunnel,,,,trainer,Hiker,Claus,PE,lets-go-pikachu-lets-go-eevee,0,base,,920,3 Poké Balls,2,1,Machop,66,23,male,,,,,,Rock Tunnel,bulbapedia
kanto,Rock Tunnel,,,,trainer,Hiker,Claus,PE,lets-go-pikachu-lets-go-eevee,0,base,,920,3 Poké Balls,2,2,Rhyhorn,111,23,male,,,,,,Rock Tunnel,bulbapedia
kanto,Rock Tunnel,,,,trainer,Poké Maniac,Cooper,PE,lets-go-pikachu-lets-go-eevee,0,base,,1104,3 Poké Balls,1,1,Ivysaur,2,23,male,,,,,,Rock Tunnel,bulbapedia
kanto,Rock Tunnel,,,,trainer,Ace Trainer,Sofia,PE,lets-go-pikachu-lets-go-eevee,0,base,,2500,5 Ultra Balls,2,1,Vulpix,37,24,female,,,,,,Rock Tunnel,bulbapedia
kanto,Rock Tunnel,,,,trainer,Ace Trainer,Sofia,PE,lets-go-pikachu-lets-go-eevee,0,base,,2500,5 Ultra Balls,2,2,Kadabra,64,25,male,,,,,,Rock Tunnel,bulbapedia
kanto,Rock Tunnel,,,,trainer,Ace Trainer,Charlie,PE,lets-go-pikachu-lets-go-eevee,0,base,,2500,5 Ultra Balls,2,1,Diglett,50,24,male,,,,,,Rock Tunnel,bulbapedia
kanto,Rock Tunnel,,,,trainer,Ace Trainer,Charlie,PE,lets-go-pikachu-lets-go-eevee,0,base,,2500,5 Ultra Balls,2,2,Flareon,136,25,male,,,,,,Rock Tunnel,bulbapedia
kanto,Rock Tunnel,,,,trainer,Black Belt,Steve,PE,lets-go-pikachu-lets-go-eevee,0,base,,672,3 Poké Balls,2,1,Machop,66,24,male,,,,,,Rock Tunnel,bulbapedia
kanto,Rock Tunnel,,,,trainer,Black Belt,Steve,PE,lets-go-pikachu-lets-go-eevee,0,base,,672,3 Poké Balls,2,2,Machop,66,24,male,,,,,,Rock Tunnel,bulbapedia
kanto,Rock Tunnel,,,,trainer,Picnicker,Leah,PE,lets-go-pikachu-lets-go-eevee,0,base,,440,2 Great Balls,1,1,Nidorina,30,22,female,,,,,,Rock Tunnel,bulbapedia
kanto,Rock Tunnel,,,,trainer,Camper,Leroy,PE,lets-go-pikachu-lets-go-eevee,0,base,,440,2 Great Balls,1,1,Nidorino,33,22,male,,,,,,Rock Tunnel,bulbapedia
kanto,Rock Tunnel,,,,trainer,Picnicker,Dana,PE,lets-go-pikachu-lets-go-eevee,0,base,,440,2 Great Balls,2,1,Meowth,52,22,female,,,,,,Rock Tunnel,bulbapedia
kanto,Rock Tunnel,,,,trainer,Picnicker,Dana,PE,lets-go-pikachu-lets-go-eevee,0,base,,440,2 Great Balls,2,2,Vulpix,37,22,female,,,,,,Rock Tunnel,bulbapedia
kanto,Kanto Power Plant,,,,trainer,Coach Trainer,Mable,PE,lets-go-pikachu-lets-go-eevee,0,base,,4500,,3,1,Omastar,139,44,male,,,,,,Kanto Power Plant,bulbapedia
kanto,Kanto Power Plant,,,,trainer,Coach Trainer,Mable,PE,lets-go-pikachu-lets-go-eevee,0,base,,4500,,3,2,Kabutops,141,44,male,,,,,,Kanto Power Plant,bulbapedia
kanto,Kanto Power Plant,,,,trainer,Coach Trainer,Mable,PE,lets-go-pikachu-lets-go-eevee,0,base,,4500,,3,3,Aerodactyl,142,45,male,,,,,,Kanto Power Plant,bulbapedia
kanto,Viridian Forest,,,,trainer,Bug Catcher,Rick,FRLG,firered-leafgreen,1,base,,72,,2,1,Weedle,13,6,male,,,,,,Viridian Forest,bulbapedia
kanto,Viridian Forest,,,,trainer,Bug Catcher,Rick,FRLG,firered-leafgreen,1,base,,72,,2,2,Caterpie,10,6,male,,,,,,Viridian Forest,bulbapedia
kanto,Viridian Forest,,,,trainer,Bug Catcher,Doug,FRLG,firered-leafgreen,1,base,,84,,3,1,Weedle,13,7,male,,,,,,Viridian Forest,bulbapedia
kanto,Viridian Forest,,,,trainer,Bug Catcher,Doug,FRLG,firered-leafgreen,1,base,,84,,3,2,Kakuna,14,7,male,,,,,,Viridian Forest,bulbapedia
kanto,Viridian Forest,,,,trainer,Bug Catcher,Doug,FRLG,firered-leafgreen,1,base,,84,,3,3,Weedle,13,7,male,,,,,,Viridian Forest,bulbapedia
kanto,Viridian Forest,,,,trainer,Bug Catcher,Anthony,FRLG,firered-leafgreen,1,base,,96,,2,1,Caterpie,10,7,male,,,,,,Viridian Forest,bulbapedia
kanto,Viridian Forest,,,,trainer,Bug Catcher,Anthony,FRLG,firered-leafgreen,1,base,,96,,2,2,Caterpie,10,8,male,,,,,,Viridian Forest,bulbapedia
kanto,Viridian Forest,,,,trainer,Bug Catcher,Charlie,FRLG,firered-leafgreen,1,base,,84,,3,1,Metapod,11,7,male,,,,,,Viridian Forest,bulbapedia
kanto,Viridian Forest,,,,trainer,Bug Catcher,Charlie,FRLG,firered-leafgreen,1,base,,84,,3,2,Caterpie,10,7,male,,,,,,Viridian Forest,bulbapedia
kanto,Viridian Forest,,,,trainer,Bug Catcher,Charlie,FRLG,firered-leafgreen,1,base,,84,,3,3,Metapod,11,7,male,,,,,,Viridian Forest,bulbapedia
kanto,Viridian Forest,,,,trainer,Bug Catcher,Sammy,FRLG,firered-leafgreen,1,base,,108,,1,1,Weedle,13,9,male,,,,,,Viridian Forest,bulbapedia
kanto,Viridian Forest,,,,trainer,Lass,Joana,PE,lets-go-pikachu-lets-go-eevee,0,base,,40,3 Poké Balls,1,1,Rattata,19,4,male,,,,,,Viridian Forest,bulbapedia
kanto,Viridian Forest,,,,trainer,Bug Catcher,Brian,PE,lets-go-pikachu-lets-go-eevee,0,base,,36,3 Poké Balls,1,1,Weedle,13,3,male,,,,,,Viridian Forest,bulbapedia
kanto,Viridian Forest,,,,trainer,Bug Catcher,Rick,PE,lets-go-pikachu-lets-go-eevee,0,base,,36,3 Poké Balls,1,1,Caterpie,10,3,male,,,,,,Viridian Forest,bulbapedia
kanto,Viridian Forest,,,,trainer,Lass,Brittany,PE,lets-go-pikachu-lets-go-eevee,0,base,,40,3 Poké Balls,1,1,Nidoran♀,29,4,,,,,,,Viridian Forest,bulbapedia
kanto,Viridian Forest,,,,trainer,Bug Catcher,Doug,PE,lets-go-pikachu-lets-go-eevee,0,base,,36,3 Poké Balls,1,1,Kakuna,14,3,male,,,,,,Viridian Forest,bulbapedia
kanto,Viridian Forest,,,,trainer,Lass,Jocelyn,PE,lets-go-pikachu-lets-go-eevee,0,base,,40,3 Poké Balls,1,1,Pidgey,16,4,female,,,,,,Viridian Forest,bulbapedia
kanto,Viridian Forest,,,,trainer,Bug Catcher,Sammy,PE,lets-go-pikachu-lets-go-eevee,0,base,,36,3 Poké Balls,1,1,Metapod,11,3,female,,,,,,Viridian Forest,bulbapedia
kanto,Seafoam Islands,,1F,,trainer,Coach Trainer,Yas,PE,lets-go-pikachu-lets-go-eevee,0,base,,4600,,3,1,Jolteon,135,46,female,,,,,,Seafoam Islands,bulbapedia
kanto,Seafoam Islands,,1F,,trainer,Coach Trainer,Yas,PE,lets-go-pikachu-lets-go-eevee,0,base,,4600,,3,2,Flareon,136,46,female,,,,,,Seafoam Islands,bulbapedia
kanto,Seafoam Islands,,1F,,trainer,Coach Trainer,Yas,PE,lets-go-pikachu-lets-go-eevee,0,base,,4600,,3,3,Vaporeon,134,46,female,,,,,,Seafoam Islands,bulbapedia
kanto,Pewter City,Pewter Gym,,,trainer,Camper,Liam,FRLG,firered-leafgreen,1,base,,220,,2,1,Geodude,74,10,male,,,,,,Pewter Gym,bulbapedia
kanto,Pewter City,Pewter Gym,,,trainer,Camper,Liam,FRLG,firered-leafgreen,1,base,,220,,2,2,Sandshrew,27,11,male,,,,,,Pewter Gym,bulbapedia
kanto,Pewter City,Pewter Gym,,,trainer,Picnicker,Amara,PE,lets-go-pikachu-lets-go-eevee,0,base,,140,,1,1,Geodude,74,7,female,,,,,,Pewter Gym,bulbapedia
kanto,Pewter City,Pewter Gym,,,trainer,Camper,Liam,PE,lets-go-pikachu-lets-go-eevee,0,base,,140,,1,1,Geodude,74,7,male,,,,,,Pewter Gym,bulbapedia
kanto,Cerulean City,Cerulean Gym,Yellow,,trainer,Swimmer,Luis,FRLG,firered-leafgreen,1,base,,64,,2,1,Horsea,116,16,male,,,,,,Cerulean Gym,bulbapedia
kanto,Cerulean City,Cerulean Gym,Yellow,,trainer,Swimmer,Luis,FRLG,firered-leafgreen,1,base,,64,,2,2,Shellder,90,16,male,,,,,,Cerulean Gym,bulbapedia
kanto,Cerulean City,Cerulean Gym,Yellow,,trainer,Picnicker,Diana,FRLG,firered-leafgreen,1,base,,380,,1,1,Goldeen,118,19,female,,,,,,Cerulean Gym,bulbapedia
kanto,Cerulean City,Cerulean Gym,,,trainer,Beauty,Lily,PE,lets-go-pikachu-lets-go-eevee,0,base,,320,,1,1,Goldeen,118,16,female,,,,,,Cerulean Gym,bulbapedia
kanto,Cerulean City,Cerulean Gym,,,trainer,Beauty,Violet,PE,lets-go-pikachu-lets-go-eevee,0,base,,320,,1,1,Shellder,90,16,female,,,,,,Cerulean Gym,bulbapedia
kanto,Cerulean City,Cerulean Gym,,,trainer,Beauty,Daisy,PE,lets-go-pikachu-lets-go-eevee,0,base,,320,,1,1,Seel,86,16,female,,,,,,Cerulean Gym,bulbapedia
kanto,Vermilion City,Vermilion Gym,,,trainer,Sailor,Dwayne,FRLG,firered-leafgreen,1,base,,672,,2,1,Pikachu,25,21,male,,,,,,Vermilion Gym,bulbapedia
kanto,Vermilion City,Vermilion Gym,,,trainer,Sailor,Dwayne,FRLG,firered-leafgreen,1,base,,672,,2,2,Pikachu,25,21,male,,,,,,Vermilion Gym,bulbapedia
kanto,Vermilion City,Vermilion Gym,,,trainer,Engineer,Baily,FRLG,firered-leafgreen,1,base,,1008,,2,1,Voltorb,100,21,,,,,,,Vermilion Gym,bulbapedia
kanto,Vermilion City,Vermilion Gym,,,trainer,Engineer,Baily,FRLG,firered-leafgreen,1,base,,1008,,2,2,Magnemite,81,21,,,,,,,Vermilion Gym,bulbapedia
kanto,Vermilion City,Vermilion Gym,,,trainer,Gentleman,Tucker,FRLG,firered-leafgreen,1,base,,1656,,1,1,Pikachu,25,23,male,,,,,,Vermilion Gym,bulbapedia
kanto,Vermilion City,Vermilion Gym,,,trainer,Sailor,Dwayne,PE,lets-go-pikachu-lets-go-eevee,0,base,,1320,,1,1,Magnemite,81,22,,,,,,,Vermilion Gym,bulbapedia
kanto,Vermilion City,Vermilion Gym,,,trainer,Rocker,Baily,PE,lets-go-pikachu-lets-go-eevee,0,base,,616,,2,1,Voltorb,100,22,,,,,,,Vermilion Gym,bulbapedia
kanto,Vermilion City,Vermilion Gym,,,trainer,Rocker,Baily,PE,lets-go-pikachu-lets-go-eevee,0,base,,616,,2,2,Voltorb,100,22,,,,,,,Vermilion Gym,bulbapedia
kanto,Vermilion City,Vermilion Gym,,,trainer,Gentleman,Tucker,PE,lets-go-pikachu-lets-go-eevee,0,base,,2640,,1,1,Pikachu,25,22,male,,,,,,Vermilion Gym,bulbapedia
kanto,Celadon City,Celadon Gym,Yellow,,trainer,Lass,Kay,FRLG,firered-leafgreen,1,base,,368,,2,1,Bellsprout,69,23,female,,,,,,Celadon Gym,bulbapedia
kanto,Celadon City,Celadon Gym,Yellow,,trainer,Lass,Kay,FRLG,firered-leafgreen,1,base,,368,,2,2,Weepinbell,70,23,female,,,,,,Celadon Gym,bulbapedia
kanto,Celadon City,Celadon Gym,Yellow,,trainer,Beauty,Bridget,FRLG,firered-leafgreen,1,base,,1512,,4,1,Oddish,43,21,female,,,,,,Celadon Gym,bulbapedia
kanto,Celadon City,Celadon Gym,Yellow,,trainer,Beauty,Bridget,FRLG,firered-leafgreen,1,base,,1512,,4,2,Oddish,43,21,female,,,,,,Celadon Gym,bulbapedia
kanto,Celadon City,Celadon Gym,Yellow,,trainer,Beauty,Bridget,FRLG,firered-leafgreen,1,base,,1512,,4,3,Bellsprout,69,21,female,,,,,,Celadon Gym,bulbapedia
kanto,Celadon City,Celadon Gym,Yellow,,trainer,Beauty,Bridget,FRLG,firered-leafgreen,1,base,,1512,,4,4,Bellsprout,69,21,female,,,,,,Celadon Gym,bulbapedia
kanto,Celadon City,Celadon Gym,Yellow,Requires Cut,trainer,Cooltrainer,Mary,FRLG,firered-leafgreen,1,base,,792,,5,1,Bellsprout,69,22,female,,,,,,Celadon Gym,bulbapedia
kanto,Celadon City,Celadon Gym,Yellow,Requires Cut,trainer,Cooltrainer,Mary,FRLG,firered-leafgreen,1,base,,792,,5,2,Oddish,43,22,female,,,,,,Celadon Gym,bulbapedia
kanto,Celadon City,Celadon Gym,Yellow,Requires Cut,trainer,Cooltrainer,Mary,FRLG,firered-leafgreen,1,base,,792,,5,3,Weepinbell,70,22,female,,,,,,Celadon Gym,bulbapedia
kanto,Celadon City,Celadon Gym,Yellow,Requires Cut,trainer,Cooltrainer,Mary,FRLG,firered-leafgreen,1,base,,792,,5,4,Gloom,44,22,female,,,,,,Celadon Gym,bulbapedia
kanto,Celadon City,Celadon Gym,Yellow,Requires Cut,trainer,Cooltrainer,Mary,FRLG,firered-leafgreen,1,base,,792,,5,5,Ivysaur,2,22,male,,,,,,Celadon Gym,bulbapedia
kanto,Celadon City,Celadon Gym,Yellow,Requires Cut,trainer,Lass,Lisa,FRLG,firered-leafgreen,1,base,,368,,2,1,Oddish,43,23,female,,,,,,Celadon Gym,bulbapedia
kanto,Celadon City,Celadon Gym,Yellow,Requires Cut,trainer,Lass,Lisa,FRLG,firered-leafgreen,1,base,,368,,2,2,Gloom,44,23,female,,,,,,Celadon Gym,bulbapedia
kanto,Celadon City,Celadon Gym,Yellow,,trainer,Picnicker,Tina,FRLG,firered-leafgreen,1,base,,480,,2,1,Bulbasaur,1,24,male,,,,,,Celadon Gym,bulbapedia
kanto,Celadon City,Celadon Gym,Yellow,,trainer,Picnicker,Tina,FRLG,firered-leafgreen,1,base,,480,,2,2,Ivysaur,2,24,male,,,,,,Celadon Gym,bulbapedia
kanto,Celadon City,Celadon Gym,Yellow,Requires Cut,trainer,Beauty,Lori,FRLG,firered-leafgreen,1,base,,1728,,1,1,Exeggcute,102,24,female,,,,,,Celadon Gym,bulbapedia
kanto,Celadon City,Celadon Gym,Yellow,,trainer,Beauty,Tamia,FRLG,firered-leafgreen,1,base,,1728,,2,1,Bellsprout,69,24,female,,,,,,Celadon Gym,bulbapedia
kanto,Celadon City,Celadon Gym,Yellow,,trainer,Beauty,Tamia,FRLG,firered-leafgreen,1,base,,1728,,2,2,Bellsprout,69,24,female,,,,,,Celadon Gym,bulbapedia
kanto,Celadon City,Celadon Gym,,,trainer,Lass,Kay,PE,lets-go-pikachu-lets-go-eevee,0,base,,560,,1,1,Oddish,43,28,female,,,,,,Celadon Gym,bulbapedia
kanto,Celadon City,Celadon Gym,,Requires Chop Down,trainer,Beauty,Mai,PE,lets-go-pikachu-lets-go-eevee,0,base,,1740,,1,1,Exeggcute,102,29,female,,,,,,Celadon Gym,bulbapedia
kanto,Celadon City,Celadon Gym,,Requires Chop Down,trainer,Picnicker,Tina,PE,lets-go-pikachu-lets-go-eevee,0,base,,580,,1,1,Gloom,44,29,female,,,,,,Celadon Gym,bulbapedia
kanto,Celadon City,Celadon Gym,,Requires Chop Down,trainer,Beauty,Tamia,PE,lets-go-pikachu-lets-go-eevee,0,base,,1740,,2,1,Oddish,43,29,female,,,,,,Celadon Gym,bulbapedia
kanto,Celadon City,Celadon Gym,,Requires Chop Down,trainer,Beauty,Tamia,PE,lets-go-pikachu-lets-go-eevee,0,base,,1740,,2,2,Weepinbell,70,29,female,,,,,,Celadon Gym,bulbapedia
kanto,Celadon City,Celadon Gym,,Requires Chop Down,trainer,Beauty,Lori,PE,lets-go-pikachu-lets-go-eevee,0,base,,1740,,1,1,Gloom,44,29,female,,,,,,Celadon Gym,bulbapedia
kanto,Celadon City,Celadon Gym,,Requires Chop Down,trainer,Ace Trainer,Mary,PE,lets-go-pikachu-lets-go-eevee,0,base,,3200,,2,1,Weepinbell,70,31,female,,,,,,Celadon Gym,bulbapedia
kanto,Celadon City,Celadon Gym,,Requires Chop Down,trainer,Ace Trainer,Mary,PE,lets-go-pikachu-lets-go-eevee,0,base,,3200,,2,2,Tangela,114,32,female,,,,,,Celadon Gym,bulbapedia
kanto,Celadon City,Celadon Gym,,Requires Chop Down,trainer,Lass,Lina,PE,lets-go-pikachu-lets-go-eevee,0,base,,560,,3,1,Bellsprout,69,28,female,,,,,,Celadon Gym,bulbapedia
kanto,Celadon City,Celadon Gym,,Requires Chop Down,trainer,Lass,Lina,PE,lets-go-pikachu-lets-go-eevee,0,base,,560,,3,2,Bellsprout,69,28,female,,,,,,Celadon Gym,bulbapedia
kanto,Celadon City,Celadon Gym,,Requires Chop Down,trainer,Lass,Lina,PE,lets-go-pikachu-lets-go-eevee,0,base,,560,,3,3,Bellsprout,69,28,female,,,,,,Celadon Gym,bulbapedia
kanto,Fuchsia City,Fuchsia Gym,Yellow,,trainer,Juggler,Nate,FRLG,firered-leafgreen,1,base,,1360,,2,1,Drowzee,96,34,male,,,,,,Fuchsia Gym,bulbapedia
kanto,Fuchsia City,Fuchsia Gym,Yellow,,trainer,Juggler,Nate,FRLG,firered-leafgreen,1,base,,1360,,2,2,Kadabra,64,34,male,,,,,,Fuchsia Gym,bulbapedia
kanto,Fuchsia City,Fuchsia Gym,Yellow,,trainer,Juggler,Kayden,FRLG,firered-leafgreen,1,base,,1520,,1,1,Hypno,97,38,male,,,,,,Fuchsia Gym,bulbapedia
kanto,Fuchsia City,Fuchsia Gym,Yellow,,trainer,Juggler,Kirk,FRLG,firered-leafgreen,1,base,,1240,,4,1,Drowzee,96,31,male,,,,,,Fuchsia Gym,bulbapedia
kanto,Fuchsia City,Fuchsia Gym,Yellow,,trainer,Juggler,Kirk,FRLG,firered-leafgreen,1,base,,1240,,4,2,Drowzee,96,31,male,,,,,,Fuchsia Gym,bulbapedia
kanto,Fuchsia City,Fuchsia Gym,Yellow,,trainer,Juggler,Kirk,FRLG,firered-leafgreen,1,base,,1240,,4,3,Kadabra,64,31,male,,,,,,Fuchsia Gym,bulbapedia
kanto,Fuchsia City,Fuchsia Gym,Yellow,,trainer,Juggler,Kirk,FRLG,firered-leafgreen,1,base,,1240,,4,4,Drowzee,96,31,male,,,,,,Fuchsia Gym,bulbapedia
kanto,Fuchsia City,Fuchsia Gym,Yellow,,trainer,Tamer,Edgar,FRLG,firered-leafgreen,1,base,,1320,,3,1,Arbok,24,33,male,,,,,,Fuchsia Gym,bulbapedia
kanto,Fuchsia City,Fuchsia Gym,Yellow,,trainer,Tamer,Edgar,FRLG,firered-leafgreen,1,base,,1320,,3,2,Arbok,24,33,male,,,,,,Fuchsia Gym,bulbapedia
kanto,Fuchsia City,Fuchsia Gym,Yellow,,trainer,Tamer,Edgar,FRLG,firered-leafgreen,1,base,,1320,,3,3,Sandslash,28,33,male,,,,,,Fuchsia Gym,bulbapedia
kanto,Fuchsia City,Fuchsia Gym,Yellow,,trainer,Tamer,Phil,FRLG,firered-leafgreen,1,base,,1360,,2,1,Sandslash,28,34,male,,,,,,Fuchsia Gym,bulbapedia
kanto,Fuchsia City,Fuchsia Gym,Yellow,,trainer,Tamer,Phil,FRLG,firered-leafgreen,1,base,,1360,,2,2,Arbok,24,34,male,,,,,,Fuchsia Gym,bulbapedia
kanto,Fuchsia City,Fuchsia Gym,Yellow,,trainer,Juggler,Shawn,FRLG,firered-leafgreen,1,base,,1360,,2,1,Drowzee,96,34,male,,,,,,Fuchsia Gym,bulbapedia
kanto,Fuchsia City,Fuchsia Gym,Yellow,,trainer,Juggler,Shawn,FRLG,firered-leafgreen,1,base,,1360,,2,2,Hypno,97,34,male,,,,,,Fuchsia Gym,bulbapedia
kanto,Fuchsia City,Fuchsia Gym,,,trainer,Tamer,Phil,PE,lets-go-pikachu-lets-go-eevee,0,base,,2460,,2,1,Nidorina,30,41,female,,,,,,Fuchsia Gym,bulbapedia
kanto,Fuchsia City,Fuchsia Gym,,,trainer,Tamer,Phil,PE,lets-go-pikachu-lets-go-eevee,0,base,,2460,,2,2,Nidorino,33,41,male,,,,,,Fuchsia Gym,bulbapedia
kanto,Fuchsia City,Fuchsia Gym,,,trainer,Ace Trainer,Kayden,PE,lets-go-pikachu-lets-go-eevee,0,base,,4200,,2,1,Muk,89,41,male,,,,,,Fuchsia Gym,bulbapedia
kanto,Fuchsia City,Fuchsia Gym,,,trainer,Ace Trainer,Kayden,PE,lets-go-pikachu-lets-go-eevee,0,base,,4200,,2,2,Beedrill,15,42,male,,,,,,Fuchsia Gym,bulbapedia
kanto,Fuchsia City,Fuchsia Gym,,,trainer,Juggler,Kirk,PE,lets-go-pikachu-lets-go-eevee,0,base,,1600,,1,1,Haunter,93,40,female,,,,,,Fuchsia Gym,bulbapedia
kanto,Fuchsia City,Fuchsia Gym,,,trainer,Juggler,Harry,PE,lets-go-pikachu-lets-go-eevee,0,base,,1600,,3,1,Haunter,93,40,male,,,,,,Fuchsia Gym,bulbapedia
kanto,Fuchsia City,Fuchsia Gym,,,trainer,Juggler,Harry,PE,lets-go-pikachu-lets-go-eevee,0,base,,1600,,3,2,Haunter,93,40,male,,,,,,Fuchsia Gym,bulbapedia
kanto,Fuchsia City,Fuchsia Gym,,,trainer,Juggler,Harry,PE,lets-go-pikachu-lets-go-eevee,0,base,,1600,,3,3,Haunter,93,40,female,,,,,,Fuchsia Gym,bulbapedia
kanto,Fuchsia City,Fuchsia Gym,,,trainer,Ace Trainer,Annie,PE,lets-go-pikachu-lets-go-eevee,0,base,,4200,,2,1,Ivysaur,2,41,female,,,,,,Fuchsia Gym,bulbapedia
kanto,Fuchsia City,Fuchsia Gym,,,trainer,Ace Trainer,Annie,PE,lets-go-pikachu-lets-go-eevee,0,base,,4200,,2,2,Weezing,110,42,male,,,,,,Fuchsia Gym,bulbapedia
kanto,Fuchsia City,Fuchsia Gym,,,trainer,Tamer,Edgar,PE,lets-go-pikachu-lets-go-eevee,0,base,,2460,,3,1,Arbok,24,41,female,,,,,,Fuchsia Gym,bulbapedia
kanto,Fuchsia City,Fuchsia Gym,,,trainer,Tamer,Edgar,PE,lets-go-pikachu-lets-go-eevee,0,base,,2460,,3,2,Arbok,24,41,male,,,,,,Fuchsia Gym,bulbapedia
kanto,Fuchsia City,Fuchsia Gym,,,trainer,Tamer,Edgar,PE,lets-go-pikachu-lets-go-eevee,0,base,,2460,,3,3,Arbok,24,41,male,,,,,,Fuchsia Gym,bulbapedia
kanto,Saffron City,Saffron Gym,Yellow,Southeast room,trainer,Psychic,Cameron,FRLG,firered-leafgreen,1,base,,660,,3,1,Slowpoke,79,33,male,,,,,,Saffron Gym,bulbapedia
kanto,Saffron City,Saffron Gym,Yellow,Southeast room,trainer,Psychic,Cameron,FRLG,firered-leafgreen,1,base,,660,,3,2,Slowpoke,79,33,male,,,,,,Saffron Gym,bulbapedia
kanto,Saffron City,Saffron Gym,Yellow,Southeast room,trainer,Psychic,Cameron,FRLG,firered-leafgreen,1,base,,660,,3,3,Slowbro,80,33,male,,,,,,Saffron Gym,bulbapedia
kanto,Saffron City,Saffron Gym,Yellow,East room,trainer,Psychic,Tyron,FRLG,firered-leafgreen,1,base,,680,,2,1,Mr. Mime,122,34,male,,,,,,Saffron Gym,bulbapedia
kanto,Saffron City,Saffron Gym,Yellow,East room,trainer,Psychic,Tyron,FRLG,firered-leafgreen,1,base,,680,,2,2,Kadabra,64,34,male,,,,,,Saffron Gym,bulbapedia
kanto,Saffron City,Saffron Gym,Yellow,West room,trainer,Channeler,Stacy,FRLG,firered-leafgreen,1,base,,1216,,1,1,Haunter,93,38,female,,,,,,Saffron Gym,bulbapedia
kanto,Saffron City,Saffron Gym,Yellow,Northwest room,trainer,Psychic,Preston,FRLG,firered-leafgreen,1,base,,760,,1,1,Slowbro,80,38,male,,,,,,Saffron Gym,bulbapedia
kanto,Saffron City,Saffron Gym,Yellow,North room,trainer,Channeler,Amanda,FRLG,firered-leafgreen,1,base,,1088,,2,1,Gastly,92,34,female,,,,,,Saffron Gym,bulbapedia
kanto,Saffron City,Saffron Gym,Yellow,North room,trainer,Channeler,Amanda,FRLG,firered-leafgreen,1,base,,1088,,2,2,Haunter,93,34,female,,,,,,Saffron Gym,bulbapedia
kanto,Saffron City,Saffron Gym,Yellow,Southwest room,trainer,Channeler,Tasha,FRLG,firered-leafgreen,1,base,,1056,,3,1,Gastly,92,33,female,,,,,,Saffron Gym,bulbapedia
kanto,Saffron City,Saffron Gym,Yellow,Southwest room,trainer,Channeler,Tasha,FRLG,firered-leafgreen,1,base,,1056,,3,2,Gastly,92,33,female,,,,,,Saffron Gym,bulbapedia
kanto,Saffron City,Saffron Gym,Yellow,Southwest room,trainer,Channeler,Tasha,FRLG,firered-leafgreen,1,base,,1056,,3,3,Haunter,93,33,female,,,,,,Saffron Gym,bulbapedia
kanto,Saffron City,Saffron Gym,Yellow,Northeast room,trainer,Psychic,Johan,FRLG,firered-leafgreen,1,base,,620,,4,1,Kadabra,64,31,male,,,,,,Saffron Gym,bulbapedia
kanto,Saffron City,Saffron Gym,Yellow,Northeast room,trainer,Psychic,Johan,FRLG,firered-leafgreen,1,base,,620,,4,2,Mr. Mime,122,31,male,,,,,,Saffron Gym,bulbapedia
kanto,Saffron City,Saffron Gym,Yellow,Northeast room,trainer,Psychic,Johan,FRLG,firered-leafgreen,1,base,,620,,4,3,Slowpoke,79,31,male,,,,,,Saffron Gym,bulbapedia
kanto,Saffron City,Saffron Gym,Yellow,Northeast room,trainer,Psychic,Johan,FRLG,firered-leafgreen,1,base,,620,,4,4,Kadabra,64,31,male,,,,,,Saffron Gym,bulbapedia
kanto,Saffron City,Saffron Gym,,,trainer,Psychic,Johan,PE,lets-go-pikachu-lets-go-eevee,0,base,,1968,,2,1,Slowbro,80,41,female,,,,,,Saffron Gym,bulbapedia
kanto,Saffron City,Saffron Gym,,,trainer,Psychic,Johan,PE,lets-go-pikachu-lets-go-eevee,0,base,,1968,,2,2,Kadabra,64,41,male,,,,,,Saffron Gym,bulbapedia
kanto,Saffron City,Saffron Gym,,,trainer,Channeler,Stacy,PE,lets-go-pikachu-lets-go-eevee,0,base,,1600,,2,1,Haunter,93,40,male,,,,,,Saffron Gym,bulbapedia
kanto,Saffron City,Saffron Gym,,,trainer,Channeler,Stacy,PE,lets-go-pikachu-lets-go-eevee,0,base,,1600,,2,2,Haunter,93,40,female,,,,,,Saffron Gym,bulbapedia
kanto,Saffron City,Saffron Gym,,,trainer,Ace Trainer,Amanda,PE,lets-go-pikachu-lets-go-eevee,0,base,,4200,,1,1,Jynx,124,42,female,,,,,,Saffron Gym,bulbapedia
kanto,Saffron City,Saffron Gym,,,trainer,Channeler,Imari,PE,lets-go-pikachu-lets-go-eevee,0,base,,1600,,3,1,Haunter,93,40,female,,,,,,Saffron Gym,bulbapedia
kanto,Saffron City,Saffron Gym,,,trainer,Channeler,Imari,PE,lets-go-pikachu-lets-go-eevee,0,base,,1600,,3,2,Haunter,93,40,male,,,,,,Saffron Gym,bulbapedia
kanto,Saffron City,Saffron Gym,,,trainer,Channeler,Imari,PE,lets-go-pikachu-lets-go-eevee,0,base,,1600,,3,3,Haunter,93,40,male,,,,,,Saffron Gym,bulbapedia
kanto,Saffron City,Saffron Gym,,,trainer,Ace Trainer,Cameron,PE,lets-go-pikachu-lets-go-eevee,0,base,,4200,,2,1,Kadabra,64,41,male,,,,,,Saffron Gym,bulbapedia
kanto,Saffron City,Saffron Gym,,,trainer,Ace Trainer,Cameron,PE,lets-go-pikachu-lets-go-eevee,0,base,,4200,,2,2,Kadabra,64,42,male,,,,,,Saffron Gym,bulbapedia
kanto,Saffron City,Saffron Gym,,,trainer,Psychic,Preston,PE,lets-go-pikachu-lets-go-eevee,0,base,,1968,,1,1,Hypno,97,41,male,,,,,,Saffron Gym,bulbapedia
kanto,Cinnabar Island,Cinnabar Gym,Yellow,,trainer,Burglar,Quinn,FRLG,firered-leafgreen,1,base,,3168,,3,1,Growlithe,58,36,male,,,,,,Cinnabar Gym,bulbapedia
kanto,Cinnabar Island,Cinnabar Gym,Yellow,,trainer,Burglar,Quinn,FRLG,firered-leafgreen,1,base,,3168,,3,2,Vulpix,37,36,female,,,,,,Cinnabar Gym,bulbapedia
kanto,Cinnabar Island,Cinnabar Gym,Yellow,,trainer,Burglar,Quinn,FRLG,firered-leafgreen,1,base,,3168,,3,3,Ninetales,38,36,female,,,,,,Cinnabar Gym,bulbapedia
kanto,Cinnabar Island,Cinnabar Gym,Yellow,,trainer,Super Nerd,Erik,FRLG,firered-leafgreen,1,base,,864,,3,1,Vulpix,37,36,female,,,,,,Cinnabar Gym,bulbapedia
kanto,Cinnabar Island,Cinnabar Gym,Yellow,,trainer,Super Nerd,Erik,FRLG,firered-leafgreen,1,base,,864,,3,2,Vulpix,37,36,female,,,,,,Cinnabar Gym,bulbapedia
kanto,Cinnabar Island,Cinnabar Gym,Yellow,,trainer,Super Nerd,Erik,FRLG,firered-leafgreen,1,base,,864,,3,3,Ninetales,38,36,female,,,,,,Cinnabar Gym,bulbapedia
kanto,Cinnabar Island,Cinnabar Gym,Yellow,,trainer,Super Nerd,Avery,FRLG,firered-leafgreen,1,base,,816,,4,1,Ponyta,77,34,male,,,,,,Cinnabar Gym,bulbapedia
kanto,Cinnabar Island,Cinnabar Gym,Yellow,,trainer,Super Nerd,Avery,FRLG,firered-leafgreen,1,base,,816,,4,2,Charmander,4,34,male,,,,,,Cinnabar Gym,bulbapedia
kanto,Cinnabar Island,Cinnabar Gym,Yellow,,trainer,Super Nerd,Avery,FRLG,firered-leafgreen,1,base,,816,,4,3,Vulpix,37,34,female,,,,,,Cinnabar Gym,bulbapedia
kanto,Cinnabar Island,Cinnabar Gym,Yellow,,trainer,Super Nerd,Avery,FRLG,firered-leafgreen,1,base,,816,,4,4,Growlithe,58,34,male,,,,,,Cinnabar Gym,bulbapedia
kanto,Cinnabar Island,Cinnabar Gym,Yellow,,trainer,Burglar,Ramon,FRLG,firered-leafgreen,1,base,,3608,,1,1,Ponyta,77,41,male,,,,,,Cinnabar Gym,bulbapedia
kanto,Cinnabar Island,Cinnabar Gym,Yellow,,trainer,Super Nerd,Derek,FRLG,firered-leafgreen,1,base,,984,,1,1,Rapidash,78,41,male,,,,,,Cinnabar Gym,bulbapedia
kanto,Cinnabar Island,Cinnabar Gym,Yellow,,trainer,Burglar,Dusty,FRLG,firered-leafgreen,1,base,,3256,,2,1,Vulpix,37,37,female,,,,,,Cinnabar Gym,bulbapedia
kanto,Cinnabar Island,Cinnabar Gym,Yellow,,trainer,Burglar,Dusty,FRLG,firered-leafgreen,1,base,,3256,,2,2,Growlithe,58,37,male,,,,,,Cinnabar Gym,bulbapedia
kanto,Cinnabar Island,Cinnabar Gym,Yellow,,trainer,Super Nerd,Zac,FRLG,firered-leafgreen,1,base,,888,,2,1,Growlithe,58,37,male,,,,,,Cinnabar Gym,bulbapedia
kanto,Cinnabar Island,Cinnabar Gym,Yellow,,trainer,Super Nerd,Zac,FRLG,firered-leafgreen,1,base,,888,,2,2,Vulpix,37,37,female,,,,,,Cinnabar Gym,bulbapedia
kanto,Cinnabar Island,Cinnabar Gym,,First question,trainer,Super Nerd,Erik,PE,lets-go-pikachu-lets-go-eevee,0,base,,1800,,1,1,Charmeleon,5,45,male,,,,,,Cinnabar Gym,bulbapedia
kanto,Cinnabar Island,Cinnabar Gym,,Second question,trainer,Burglar,Quinn,PE,lets-go-pikachu-lets-go-eevee,0,base,,3520,,1,1,Ninetales,38,44,male,,,,,,Cinnabar Gym,bulbapedia
kanto,Cinnabar Island,Cinnabar Gym,,Third question,trainer,Super Nerd,Derek,PE,lets-go-pikachu-lets-go-eevee,0,base,,1800,,1,1,Magmar,126,45,male,,,,,,Cinnabar Gym,bulbapedia
kanto,Cinnabar Island,Cinnabar Gym,,Fourth question,trainer,Burglar,Dusty,PE,lets-go-pikachu-lets-go-eevee,0,base,,3520,,2,1,Growlithe,58,44,female,,,,,,Cinnabar Gym,bulbapedia
kanto,Cinnabar Island,Cinnabar Gym,,Fourth question,trainer,Burglar,Dusty,PE,lets-go-pikachu-lets-go-eevee,0,base,,3520,,2,2,Rapidash,78,44,male,,,,,,Cinnabar Gym,bulbapedia
kanto,Viridian City,Viridian Gym,Yellow,,trainer,Tamer,Cole,FRLG,firered-leafgreen,1,base,,1560,,2,1,Arbok,24,39,male,,,,,,Viridian Gym,bulbapedia
kanto,Viridian City,Viridian Gym,Yellow,,trainer,Tamer,Cole,FRLG,firered-leafgreen,1,base,,1560,,2,2,Tauros,128,39,male,,,,,,Viridian Gym,bulbapedia
kanto,Viridian City,Viridian Gym,Yellow,,trainer,Black Belt,Kiyo,FRLG,firered-leafgreen,1,base,,1032,,1,1,Machoke,67,43,male,,,,,Black Belt,Viridian Gym,bulbapedia
kanto,Viridian City,Viridian Gym,Yellow,,trainer,Cooltrainer,Samuel,FRLG,firered-leafgreen,1,base,,1404,,5,1,Sandslash,28,37,male,,,,,,Viridian Gym,bulbapedia
kanto,Viridian City,Viridian Gym,Yellow,,trainer,Cooltrainer,Samuel,FRLG,firered-leafgreen,1,base,,1404,,5,2,Sandslash,28,37,male,,,,,,Viridian Gym,bulbapedia
kanto,Viridian City,Viridian Gym,Yellow,,trainer,Cooltrainer,Samuel,FRLG,firered-leafgreen,1,base,,1404,,5,3,Rhyhorn,111,38,male,,,,,,Viridian Gym,bulbapedia
kanto,Viridian City,Viridian Gym,Yellow,,trainer,Cooltrainer,Samuel,FRLG,firered-leafgreen,1,base,,1404,,5,4,Nidorino,33,39,male,,,,,,Viridian Gym,bulbapedia
kanto,Viridian City,Viridian Gym,Yellow,,trainer,Cooltrainer,Samuel,FRLG,firered-leafgreen,1,base,,1404,,5,5,Nidoking,34,39,male,,,,,,Viridian Gym,bulbapedia
kanto,Viridian City,Viridian Gym,Yellow,,trainer,Cooltrainer,Yuji,FRLG,firered-leafgreen,1,base,,1368,,5,1,Sandslash,28,38,male,,,,,,Viridian Gym,bulbapedia
kanto,Viridian City,Viridian Gym,Yellow,,trainer,Cooltrainer,Yuji,FRLG,firered-leafgreen,1,base,,1368,,5,2,Graveler,75,38,male,,,,,,Viridian Gym,bulbapedia
kanto,Viridian City,Viridian Gym,Yellow,,trainer,Cooltrainer,Yuji,FRLG,firered-leafgreen,1,base,,1368,,5,3,Onix,95,38,male,,,,,,Viridian Gym,bulbapedia
kanto,Viridian City,Viridian Gym,Yellow,,trainer,Cooltrainer,Yuji,FRLG,firered-leafgreen,1,base,,1368,,5,4,Graveler,75,38,male,,,,,,Viridian Gym,bulbapedia
kanto,Viridian City,Viridian Gym,Yellow,,trainer,Cooltrainer,Yuji,FRLG,firered-leafgreen,1,base,,1368,,5,5,Marowak,105,38,male,,,,,,Viridian Gym,bulbapedia
kanto,Viridian City,Viridian Gym,Yellow,,trainer,Black Belt,Atsushi,FRLG,firered-leafgreen,1,base,,960,,2,1,Machop,66,40,male,,,,,Black Belt,Viridian Gym,bulbapedia
kanto,Viridian City,Viridian Gym,Yellow,,trainer,Black Belt,Atsushi,FRLG,firered-leafgreen,1,base,,960,,2,2,Machoke,67,40,male,,,,,Black Belt,Viridian Gym,bulbapedia
kanto,Viridian City,Viridian Gym,Yellow,,trainer,Tamer,Jason,FRLG,firered-leafgreen,1,base,,1720,,1,1,Rhyhorn,111,43,male,,,,,,Viridian Gym,bulbapedia
kanto,Viridian City,Viridian Gym,Yellow,,trainer,Cooltrainer,Warren,FRLG,firered-leafgreen,1,base,,1404,,5,1,Marowak,105,37,male,,,,,,Viridian Gym,bulbapedia
kanto,Viridian City,Viridian Gym,Yellow,,trainer,Cooltrainer,Warren,FRLG,firered-leafgreen,1,base,,1404,,5,2,Marowak,105,37,male,,,,,,Viridian Gym,bulbapedia
kanto,Viridian City,Viridian Gym,Yellow,,trainer,Cooltrainer,Warren,FRLG,firered-leafgreen,1,base,,1404,,5,3,Rhyhorn,111,38,male,,,,,,Viridian Gym,bulbapedia
kanto,Viridian City,Viridian Gym,Yellow,,trainer,Cooltrainer,Warren,FRLG,firered-leafgreen,1,base,,1404,,5,4,Nidorina,30,39,female,,,,,,Viridian Gym,bulbapedia
kanto,Viridian City,Viridian Gym,Yellow,,trainer,Cooltrainer,Warren,FRLG,firered-leafgreen,1,base,,1404,,5,5,Nidoqueen,31,39,female,,,,,,Viridian Gym,bulbapedia
kanto,Viridian City,Viridian Gym,Yellow,,trainer,Black Belt,Takashi,FRLG,firered-leafgreen,1,base,,912,,3,1,Machoke,67,38,male,,,,,Black Belt,Viridian Gym,bulbapedia
kanto,Viridian City,Viridian Gym,Yellow,,trainer,Black Belt,Takashi,FRLG,firered-leafgreen,1,base,,912,,3,2,Machop,66,38,male,,,,,Black Belt,Viridian Gym,bulbapedia
kanto,Viridian City,Viridian Gym,Yellow,,trainer,Black Belt,Takashi,FRLG,firered-leafgreen,1,base,,912,,3,3,Machoke,67,38,male,,,,,Black Belt,Viridian Gym,bulbapedia
kanto,Viridian City,Viridian Gym,,,trainer,Ace Trainer,Samuel,PE,lets-go-pikachu-lets-go-eevee,0,base,,4800,,1,1,Nidoking,34,48,male,,,,,,Viridian Gym,bulbapedia
kanto,Viridian City,Viridian Gym,,,trainer,Tamer,Cole,PE,lets-go-pikachu-lets-go-eevee,0,base,,2820,,2,1,Nidorino,33,47,male,,,,,,Viridian Gym,bulbapedia
kanto,Viridian City,Viridian Gym,,,trainer,Tamer,Cole,PE,lets-go-pikachu-lets-go-eevee,0,base,,2820,,2,2,Rhyhorn,111,47,male,,,,,,Viridian Gym,bulbapedia
kanto,Viridian City,Viridian Gym,,,trainer,Ace Trainer,Kelly,PE,lets-go-pikachu-lets-go-eevee,0,base,,4800,,1,1,Nidoqueen,31,48,female,,,,,,Viridian Gym,bulbapedia
kanto,Viridian City,Viridian Gym,,,trainer,Ace Trainer,Yuji,PE,lets-go-pikachu-lets-go-eevee,0,base,,4800,,2,1,Dugtrio,51,47,male,,,,,,Viridian Gym,bulbapedia
kanto,Viridian City,Viridian Gym,,,trainer,Ace Trainer,Yuji,PE,lets-go-pikachu-lets-go-eevee,0,base,,4800,,2,2,Rhyhorn,111,48,male,,,,,,Viridian Gym,bulbapedia
kanto,Viridian City,Viridian Gym,,,trainer,Tamer,Jason,PE,lets-go-pikachu-lets-go-eevee,0,base,,2820,,1,1,Sandslash,28,47,female,,,,,,Viridian Gym,bulbapedia
kanto,Viridian City,Viridian Gym,,,trainer,Black Belt,Takashi,PE,lets-go-pikachu-lets-go-eevee,0,base,,1316,,1,1,Graveler,75,47,male,,,,,,Viridian Gym,bulbapedia
