pokemon,form,version_group,versions,location_area,method,levels,rate_overall,trade_for,note,rate_night,rate_morning,rate_day
abomasnow,abomasnow,brilliant-diamond-shining-pearl,brilliant-diamond;shining-pearl,mount-coronet-mountainside,walking-tall-grass,40,20%,,,,,
abra,abra,brilliant-diamond-shining-pearl,brilliant-diamond;shining-pearl,oreburgh-city,npc-trade,9,one,machop,,,,
abra,abra,brilliant-diamond-shining-pearl,brilliant-diamond;shining-pearl,route-203-sinnoh,walking-tall-grass,4 - 5,15%,,,,,
abra,abra,brilliant-diamond-shining-pearl,brilliant-diamond;shining-pearl,route-215-sinnoh,walking-tall-grass,20,10%,,,,,
absol,absol,brilliant-diamond-shining-pearl,brilliant-diamond;shining-pearl,big-bluff-cavern,walking-around,16 - 63,20%,,,,,
absol,absol,brilliant-diamond-shining-pearl,brilliant-diamond;shining-pearl,dazzling-cave,walking-around,16 - 63,varies,,Added after obtaining the National PokéDex,,,
absol,absol,brilliant-diamond-shining-pearl,brilliant-diamond;shining-pearl,dazzling-cave,walking-around,16 - 63,5%,,,,,
absol,absol,brilliant-diamond-shining-pearl,brilliant-diamond;shining-pearl,grassland-cave,walking-around,16 - 63,5%,,Added after obtaining the National PokéDex,,,
absol,absol,brilliant-diamond-shining-pearl,brilliant-diamond;shining-pearl,grassland-cave,walking-around,16 - 63,20%,,,,,
absol,absol,brilliant-diamond-shining-pearl,brilliant-diamond;shining-pearl,route-213-sinnoh,swarm,20,40%,,,,,
absol,absol,brilliant-diamond-shining-pearl,brilliant-diamond;shining-pearl,spacious-cave,walking-around,16 - 63,varies,,Added after obtaining the National PokéDex,,,
absol,absol,brilliant-diamond-shining-pearl,brilliant-diamond;shining-pearl,spacious-cave,walking-around,16 - 63,5%,,Added after obtaining the National PokéDex,,,
absol,absol,brilliant-diamond-shining-pearl,brilliant-diamond;shining-pearl,stargleam-cavern,walking-around,16 - 63,varies,,Added after obtaining the National PokéDex,,,
absol,absol,brilliant-diamond-shining-pearl,brilliant-diamond;shining-pearl,stargleam-cavern,walking-around,16 - 63,5%,,Added after obtaining the National PokéDex,,,
absol,absol,brilliant-diamond-shining-pearl,brilliant-diamond;shining-pearl,sunlit-cavern,walking-around,16 - 63,varies,,Added after obtaining the National PokéDex,,,
aerodactyl,aerodactyl,brilliant-diamond-shining-pearl,brilliant-diamond;shining-pearl,oreburgh-mining-museum,revive,1,one,,{Old Amber;ITEM;old-amber},,,
aipom,aipom,brilliant-diamond-shining-pearl,brilliant-diamond;shining-pearl,spacious-cave,walking-around,25 - 63,varies,,Added after obtaining TM97 (Defog),,,
anorith,anorith,brilliant-diamond-shining-pearl,brilliant-diamond;shining-pearl,oreburgh-mining-museum,revive,1,one,,{Claw Fossil;ITEM;claw-fossil},,,
arceus,arceus-normal,brilliant-diamond-shining-pearl,brilliant-diamond;shining-pearl,hall-of-origin,special-encounter,80,,,Respawns after entering the Hall of Fame if run from or defeated,,,
ariados,ariados,brilliant-diamond-shining-pearl,brilliant-diamond;shining-pearl,bogsunk-cavern,walking-around,16 - 63,varies,,Added after obtaining the National PokéDex,,,
ariados,ariados,brilliant-diamond-shining-pearl,brilliant-diamond;shining-pearl,grassland-cave,walking-around,16 - 63,varies,,Added after obtaining the National PokéDex,,,
ariados,ariados,brilliant-diamond-shining-pearl,brilliant-diamond;shining-pearl,route-229-sinnoh,walking-tall-grass,52,,,,20%,,
ariados,ariados,brilliant-diamond-shining-pearl,brilliant-diamond;shining-pearl,sunlit-cavern,walking-around,16 - 63,varies,,Added after obtaining the National PokéDex,,,
ariados,ariados,brilliant-diamond-shining-pearl,brilliant-diamond;shining-pearl,swampy-cave,walking-around,16 - 63,varies,,Added after obtaining the National PokéDex,,,
aron,aron,brilliant-diamond-shining-pearl,brilliant-diamond;shining-pearl,big-bluff-cavern,walking-around,16 - 63,varies,,Added after obtaining the National PokéDex,,,
aron,aron,brilliant-diamond-shining-pearl,brilliant-diamond,fuego-ironworks,poke-radar,29 - 30,22%,,,,,
aron,aron,brilliant-diamond-shining-pearl,brilliant-diamond;shining-pearl,glacial-cavern,walking-around,16 - 63,varies,,Added after obtaining the National PokéDex,,,
aron,aron,brilliant-diamond-shining-pearl,brilliant-diamond;shining-pearl,icy-cave,walking-around,16 - 63,varies,,Added after obtaining the National PokéDex,,,
aron,aron,brilliant-diamond-shining-pearl,brilliant-diamond;shining-pearl,rocky-cave,walking-around,16 - 63,varies,,Sandshrew,,,
aron,aron,brilliant-diamond-shining-pearl,brilliant-diamond;shining-pearl,whiteout-cave,walking-around,16 - 63,varies,,Added after obtaining the National PokéDex,,,
articuno,articuno,brilliant-diamond-shining-pearl,shining-pearl,ramanas-park-kanto-room,special-encounter,70,one,,Inser the {Kanto Slate;ITEM;kanto-slate} to battle.,,,
azelf,azelf,brilliant-diamond-shining-pearl,brilliant-diamond;shining-pearl,lake-valor-sinnoh,special-encounter,50,one,,Appears after dealing with {Dialga;POKEMON;dialga} {Brilliant Diamond;GAME;brilliant-diamond} / {Palkia;POKEMON;palkia} {Shining Pearl;GAME;shining-pearl}. Respawns after entering the Hall of Fame if run from or defeated,,,
azurill,azurill,brilliant-diamond-shining-pearl,brilliant-diamond;shining-pearl,great-marsh-area-1,walking-tall-grass,24,100%,,,,,
azurill,azurill,brilliant-diamond-shining-pearl,brilliant-diamond;shining-pearl,great-marsh-area-2,walking-tall-grass,24,100%,,,,,
azurill,azurill,brilliant-diamond-shining-pearl,brilliant-diamond;shining-pearl,great-marsh-area-3,walking-tall-grass,22,100%,,,,,
azurill,azurill,brilliant-diamond-shining-pearl,brilliant-diamond;shining-pearl,great-marsh-area-4,walking-tall-grass,22,100%,,,,,
azurill,azurill,brilliant-diamond-shining-pearl,brilliant-diamond;shining-pearl,great-marsh-area-5,walking-tall-grass,20,5%,,,,,
azurill,azurill,brilliant-diamond-shining-pearl,brilliant-diamond;shining-pearl,great-marsh-area-6,walking-tall-grass,20,100%,,,,,
azurill,azurill,brilliant-diamond-shining-pearl,brilliant-diamond;shining-pearl,great-marsh,walking-tall-grass,"22, 24, 26",10%,,"Pre-National PokéDex only, 2/32 selection chance",,,
azurill,azurill,brilliant-diamond-shining-pearl,brilliant-diamond;shining-pearl,trophy-garden,mr-backlot,"16, 18",5%,,Added after obtaining the National PokéDex,,,
bagon,bagon,brilliant-diamond-shining-pearl,shining-pearl,dazzling-cave,walking-around,16 - 63,varies,,Added after obtaining the National PokéDex,,,
bagon,bagon,brilliant-diamond-shining-pearl,shining-pearl,route-210-sinnoh-northern-foggy-part,poke-radar,25 - 26,22%,,,,,
bagon,bagon,brilliant-diamond-shining-pearl,shining-pearl,spacious-cave,walking-around,16 - 63,varies,,Added after obtaining the National PokéDex,,,
bagon,bagon,brilliant-diamond-shining-pearl,shining-pearl,stargleam-cavern,walking-around,16 - 63,varies,,Added after obtaining the National PokéDex,,,
baltoy,baltoy,brilliant-diamond-shining-pearl,brilliant-diamond;shining-pearl,big-bluff-cavern,walking-around,16 - 63,varies,,Added after obtaining the National PokéDex,,,
baltoy,baltoy,brilliant-diamond-shining-pearl,brilliant-diamond;shining-pearl,dazzling-cave,walking-around,16 - 63,varies,,Added after obtaining the National PokéDex,,,
baltoy,baltoy,brilliant-diamond-shining-pearl,brilliant-diamond;shining-pearl,rocky-cave,walking-around,16 - 63,varies,,Sandshrew,,,
baltoy,baltoy,brilliant-diamond-shining-pearl,brilliant-diamond;shining-pearl,route-206-sinnoh,poke-radar,14 - 16,22%,,,,,
baltoy,baltoy,brilliant-diamond-shining-pearl,brilliant-diamond;shining-pearl,stargleam-cavern,walking-around,16 - 63,varies,,Added after obtaining the National PokéDex,,,
banette,banette,brilliant-diamond-shining-pearl,brilliant-diamond;shining-pearl,dazzling-cave,walking-around,16 - 63,varies,,Added after obtaining the National PokéDex,,,
banette,banette,brilliant-diamond-shining-pearl,brilliant-diamond;shining-pearl,route-225-sinnoh,walking-tall-grass,"50, 52",,,,20%,,
banette,banette,brilliant-diamond-shining-pearl,brilliant-diamond;shining-pearl,route-226-sinnoh,walking-tall-grass,"51, 53",,,,20%,,
banette,banette,brilliant-diamond-shining-pearl,brilliant-diamond;shining-pearl,route-227-sinnoh,walking-tall-grass,54,,,,10%,,
banette,banette,brilliant-diamond-shining-pearl,brilliant-diamond;shining-pearl,stargleam-cavern,walking-around,16 - 63,varies,,Added after obtaining the National PokéDex,,,
banette,banette,brilliant-diamond-shining-pearl,brilliant-diamond;shining-pearl,stark-mountain-outside,walking-tall-grass,54,,,,10%,,
barboach,barboach,brilliant-diamond-shining-pearl,brilliant-diamond;shining-pearl,bogsunk-cavern,walking-around,25 - 63,varies,,Added after obtaining TM96 (Strength),,,
barboach,barboach,brilliant-diamond-shining-pearl,brilliant-diamond;shining-pearl,celestic-town,fishing-good-rod,10 - 25,45%,,,,,
barboach,barboach,brilliant-diamond-shining-pearl,brilliant-diamond;shining-pearl,eterna-city,fishing-good-rod,10 - 25,45%,,,,,
barboach,barboach,brilliant-diamond-shining-pearl,brilliant-diamond;shining-pearl,fountainspring-cave,walking-around,25 - 63,varies,,Added after obtaining TM96 (Strength),,,
barboach,barboach,brilliant-diamond-shining-pearl,brilliant-diamond;shining-pearl,great-marsh,fishing-good-rod,15 - 20,40%,,,,,
barboach,barboach,brilliant-diamond-shining-pearl,brilliant-diamond;shining-pearl,mount-coronet-southern-1f-oreburgh-city-hearthome-city-side,fishing-good-rod,10 - 25,45%,,,,,
barboach,barboach,brilliant-diamond-shining-pearl,brilliant-diamond;shining-pearl,mount-coronet-b1f,fishing-good-rod,10 - 25,45%,,,,,
barboach,barboach,brilliant-diamond-shining-pearl,brilliant-diamond;shining-pearl,mount-coronet-4f,fishing-good-rod,10 - 25,45%,,,,,
barboach,barboach,brilliant-diamond-shining-pearl,brilliant-diamond;shining-pearl,oreburgh-gate-b1f,fishing-good-rod,10 - 25,45%,,,,,
barboach,barboach,brilliant-diamond-shining-pearl,brilliant-diamond;shining-pearl,ravaged-path,fishing-good-rod,15 - 20,40%,,,,,
barboach,barboach,brilliant-diamond-shining-pearl,brilliant-diamond;shining-pearl,ravaged-path,fishing-good-rod,10 - 25,5%,,,,,
barboach,barboach,brilliant-diamond-shining-pearl,brilliant-diamond;shining-pearl,riverbank-cave,walking-around,25 - 63,varies,,Added after obtaining TM96 (Strength),,,
barboach,barboach,brilliant-diamond-shining-pearl,brilliant-diamond;shining-pearl,route-205-sinnoh-northern-part,fishing-good-rod,10 - 25,45%,,,,,
barboach,barboach,brilliant-diamond-shining-pearl,brilliant-diamond;shining-pearl,route-208-sinnoh,fishing-good-rod,10 - 25,45%,,,,,
barboach,barboach,brilliant-diamond-shining-pearl,brilliant-diamond;shining-pearl,route-210-sinnoh-northern-foggy-part,fishing-good-rod,10 - 25,45%,,,,,
barboach,barboach,brilliant-diamond-shining-pearl,brilliant-diamond;shining-pearl,route-212-sinnoh-southern-area,fishing-good-rod,10 - 25,45%,,,,,
barboach,barboach,brilliant-diamond-shining-pearl,brilliant-diamond;shining-pearl,route-227-sinnoh,fishing-good-rod,10 - 25,45%,,,,,
barboach,barboach,brilliant-diamond-shining-pearl,brilliant-diamond;shining-pearl,route-228-sinnoh,fishing-good-rod,10 - 25,45%,,,,,
barboach,barboach,brilliant-diamond-shining-pearl,brilliant-diamond;shining-pearl,still-water-cavern,walking-around,25 - 63,varies,,Added after obtaining TM96 (Strength),,,
barboach,barboach,brilliant-diamond-shining-pearl,brilliant-diamond;shining-pearl,swampy-cave,walking-around,25 - 63,varies,,Added after obtaining TM96 (Strength),,,
beautifly,beautifly,brilliant-diamond-shining-pearl,brilliant-diamond,eterna-forest,walking-tall-grass,12,2%,,,,,
beautifly,beautifly,brilliant-diamond-shining-pearl,brilliant-diamond;shining-pearl,route-224-sinnoh,walking-tall-grass,23,5%,,,,,
beautifly,beautifly,brilliant-diamond-shining-pearl,brilliant-diamond,route-230-sinnoh,walking-tall-grass,51,10%,,,,,
beldum,beldum,brilliant-diamond-shining-pearl,brilliant-diamond;shining-pearl,big-bluff-cavern,walking-around,16 - 63,varies,,Added after obtaining the National PokéDex,,,
beldum,beldum,brilliant-diamond-shining-pearl,brilliant-diamond;shining-pearl,glacial-cavern,walking-around,16 - 63,varies,,Added after obtaining the National PokéDex,,,
beldum,beldum,brilliant-diamond-shining-pearl,brilliant-diamond;shining-pearl,icy-cave,walking-around,16 - 63,varies,,Added after obtaining the National PokéDex,,,
beldum,beldum,brilliant-diamond-shining-pearl,brilliant-diamond;shining-pearl,rocky-cave,walking-around,16 - 63,varies,,Sandshrew,,,
beldum,beldum,brilliant-diamond-shining-pearl,brilliant-diamond;shining-pearl,route-228-sinnoh,swarm,53,40%,,,,,
beldum,beldum,brilliant-diamond-shining-pearl,brilliant-diamond;shining-pearl,whiteout-cave,walking-around,16 - 63,varies,,Added after obtaining the National PokéDex,,,
bellsprout,bellsprout,brilliant-diamond-shining-pearl,brilliant-diamond;shining-pearl,bogsunk-cavern,walking-around,16 - 63,varies,,Added after obtaining the National PokéDex,,,
bellsprout,bellsprout,brilliant-diamond-shining-pearl,brilliant-diamond;shining-pearl,grassland-cave,walking-around,16 - 63,varies,,Added after obtaining the National PokéDex,,,
bellsprout,bellsprout,brilliant-diamond-shining-pearl,brilliant-diamond;shining-pearl,riverbank-cave,walking-around,16 - 63,varies,,Added after obtaining the National PokéDex,,,
bellsprout,bellsprout,brilliant-diamond-shining-pearl,brilliant-diamond;shining-pearl,route-229-sinnoh,walking-tall-grass,"20, 22",5%,,,,,
bellsprout,bellsprout,brilliant-diamond-shining-pearl,brilliant-diamond;shining-pearl,route-230-sinnoh,walking-tall-grass,"18, 23",11%,,,,,
bellsprout,bellsprout,brilliant-diamond-shining-pearl,brilliant-diamond;shining-pearl,still-water-cavern,walking-around,16 - 63,varies,,Added after obtaining the National PokéDex,,,
bellsprout,bellsprout,brilliant-diamond-shining-pearl,brilliant-diamond;shining-pearl,sunlit-cavern,walking-around,16 - 63,varies,,Added after obtaining the National PokéDex,,,
bellsprout,bellsprout,brilliant-diamond-shining-pearl,brilliant-diamond;shining-pearl,swampy-cave,walking-around,16 - 63,varies,,Added after obtaining the National PokéDex,,,
bibarel,bibarel,brilliant-diamond-shining-pearl,brilliant-diamond;shining-pearl,fountainspring-cave,walking-around,25 - 63,varies,,Added after obtaining TM96 (Strength),,,
bibarel,bibarel,brilliant-diamond-shining-pearl,brilliant-diamond;shining-pearl,grassland-cave,walking-around,25 - 63,varies,,Added after obtaining TM96 (Strength),,,
bibarel,bibarel,brilliant-diamond-shining-pearl,brilliant-diamond;shining-pearl,great-marsh-area-1,walking-tall-grass,25,20%,,,,,
bibarel,bibarel,brilliant-diamond-shining-pearl,brilliant-diamond;shining-pearl,great-marsh-area-2,walking-tall-grass,25,20%,,,,,
bibarel,bibarel,brilliant-diamond-shining-pearl,brilliant-diamond;shining-pearl,great-marsh-area-3,walking-tall-grass,23,20%,,,,,
bibarel,bibarel,brilliant-diamond-shining-pearl,brilliant-diamond;shining-pearl,great-marsh-area-4,walking-tall-grass,23,20%,,,,,
bibarel,bibarel,brilliant-diamond-shining-pearl,brilliant-diamond;shining-pearl,great-marsh-area-5,walking-tall-grass,21,20%,,,,,
bibarel,bibarel,brilliant-diamond-shining-pearl,brilliant-diamond;shining-pearl,great-marsh-area-6,walking-tall-grass,21,20%,,,,,
bibarel,bibarel,brilliant-diamond-shining-pearl,brilliant-diamond;shining-pearl,great-marsh,walking-tall-grass,"22, 24, 26",10%,,"Pre-National PokéDex only, 1/32 selection chance",,,
bibarel,bibarel,brilliant-diamond-shining-pearl,brilliant-diamond;shining-pearl,lake-acuity-sinnoh,walking-tall-grass,34 - 35,,,,25%,35%,35%
bibarel,bibarel,brilliant-diamond-shining-pearl,brilliant-diamond;shining-pearl,lake-valor-sinnoh,walking-tall-grass,34 - 36,45%,,,,,
bibarel,bibarel,brilliant-diamond-shining-pearl,brilliant-diamond;shining-pearl,riverbank-cave,walking-around,25 - 63,varies,,Added after obtaining TM96 (Strength),,,
bibarel,bibarel,brilliant-diamond-shining-pearl,brilliant-diamond;shining-pearl,sendoff-spring,walking-tall-grass,52 - 54,45%,,,,,
bibarel,bibarel,brilliant-diamond-shining-pearl,brilliant-diamond;shining-pearl,route-208-sinnoh,walking-tall-grass,17 - 18,10%,,,,,
bibarel,bibarel,brilliant-diamond-shining-pearl,brilliant-diamond;shining-pearl,route-209-sinnoh,walking-tall-grass,16 - 18,,,,35%,35%,45%
bibarel,bibarel,brilliant-diamond-shining-pearl,brilliant-diamond;shining-pearl,route-210-sinnoh-northern-foggy-part,walking-tall-grass,24,20%,,,,,
bibarel,bibarel,brilliant-diamond-shining-pearl,brilliant-diamond;shining-pearl,route-212-sinnoh-southern-area,walking-tall-grass,"18, 20",25%,,,,,
bibarel,bibarel,brilliant-diamond-shining-pearl,brilliant-diamond;shining-pearl,route-212-sinnoh-southern-area,walking-tall-grass,19,,,,,10%,10%
bibarel,bibarel,brilliant-diamond-shining-pearl,brilliant-diamond;shining-pearl,spacious-cave,walking-around,25 - 63,varies,,Added after obtaining TM96 (Strength),,,
bibarel,bibarel,brilliant-diamond-shining-pearl,brilliant-diamond;shining-pearl,still-water-cavern,walking-around,25 - 63,varies,,Added after obtaining TM96 (Strength),,,
bibarel,bibarel,brilliant-diamond-shining-pearl,brilliant-diamond;shining-pearl,sunlit-cavern,walking-around,25 - 63,varies,,Added after obtaining TM96 (Strength),,,
bibarel,bibarel,brilliant-diamond-shining-pearl,brilliant-diamond;shining-pearl,valor-lakefront,walking-tall-grass,21 - 22,15%,,,,,
bidoof,bidoof,brilliant-diamond-shining-pearl,brilliant-diamond;shining-pearl,fountainspring-cave,walking-around,16 - 63,varies,,,,,
bidoof,bidoof,brilliant-diamond-shining-pearl,brilliant-diamond;shining-pearl,grassland-cave,walking-around,16 - 63,varies,,,,,
bidoof,bidoof,brilliant-diamond-shining-pearl,brilliant-diamond;shining-pearl,great-marsh-area-1,walking-tall-grass,26,100%,,,,,
bidoof,bidoof,brilliant-diamond-shining-pearl,brilliant-diamond;shining-pearl,great-marsh-area-2,walking-tall-grass,26,100%,,,,,
bidoof,bidoof,brilliant-diamond-shining-pearl,brilliant-diamond;shining-pearl,great-marsh-area-3,walking-tall-grass,24,100%,,,,,
bidoof,bidoof,brilliant-diamond-shining-pearl,brilliant-diamond;shining-pearl,great-marsh-area-4,walking-tall-grass,24,100%,,,,,
bidoof,bidoof,brilliant-diamond-shining-pearl,brilliant-diamond;shining-pearl,great-marsh-area-5,walking-tall-grass,22,5%,,,,,
bidoof,bidoof,brilliant-diamond-shining-pearl,brilliant-diamond;shining-pearl,great-marsh-area-6,walking-tall-grass,22,100%,,,,,
bidoof,bidoof,brilliant-diamond-shining-pearl,brilliant-diamond;shining-pearl,great-marsh,walking-tall-grass,"22, 24, 26",10%,,"Pre-National PokéDex only, 1/32 selection chance",,,
bidoof,bidoof,brilliant-diamond-shining-pearl,brilliant-diamond;shining-pearl,lake-verity-sinnoh,walking-tall-grass,2 - 4,,,,60%,50%,50%
bidoof,bidoof,brilliant-diamond-shining-pearl,brilliant-diamond;shining-pearl,riverbank-cave,walking-around,16 - 63,varies,,,,,
bidoof,bidoof,brilliant-diamond-shining-pearl,brilliant-diamond;shining-pearl,route-201-sinnoh,walking-tall-grass,2 - 3,,,,60%,50%,50%
bidoof,bidoof,brilliant-diamond-shining-pearl,brilliant-diamond;shining-pearl,route-202-sinnoh,walking-tall-grass,2 - 4,30%,,,,,
bidoof,bidoof,brilliant-diamond-shining-pearl,brilliant-diamond;shining-pearl,route-203-sinnoh,walking-tall-grass,4 - 6,15%,,,,,
bidoof,bidoof,brilliant-diamond-shining-pearl,brilliant-diamond;shining-pearl,route-204-sinnoh-south,walking-tall-grass,"4, 6",25%,,,,,
bidoof,bidoof,brilliant-diamond-shining-pearl,brilliant-diamond;shining-pearl,route-204-sinnoh-north,walking-tall-grass,"6, 8",25%,,,,,
bidoof,bidoof,brilliant-diamond-shining-pearl,brilliant-diamond;shining-pearl,route-205-sinnoh-southern-part,walking-tall-grass,9,10%,,,,,
bidoof,bidoof,brilliant-diamond-shining-pearl,brilliant-diamond;shining-pearl,route-205-sinnoh-northern-part,walking-tall-grass,10 - 12,45%,,,,,
bidoof,bidoof,brilliant-diamond-shining-pearl,brilliant-diamond;shining-pearl,route-208-sinnoh,walking-tall-grass,16,20%,,,,,
bidoof,bidoof,brilliant-diamond-shining-pearl,brilliant-diamond;shining-pearl,route-211-sinnoh-western-part,walking-tall-grass,12 - 13,25%,,,,,
bidoof,bidoof,brilliant-diamond-shining-pearl,brilliant-diamond;shining-pearl,route-211-sinnoh-western-part,walking-tall-grass,14,,,,,10%,10%
bidoof,bidoof,brilliant-diamond-shining-pearl,brilliant-diamond;shining-pearl,spacious-cave,walking-around,16 - 63,varies,,,,,
bidoof,bidoof,brilliant-diamond-shining-pearl,brilliant-diamond;shining-pearl,still-water-cavern,walking-around,16 - 63,varies,,,,,
bidoof,bidoof,brilliant-diamond-shining-pearl,brilliant-diamond;shining-pearl,sunlit-cavern,walking-around,16 - 63,varies,,,,,
bidoof,bidoof,brilliant-diamond-shining-pearl,brilliant-diamond;shining-pearl,valley-windworks,walking-tall-grass,8,10%,,,,,
bonsly,bonsly,brilliant-diamond-shining-pearl,shining-pearl,route-209-sinnoh,walking-tall-grass,16,,,,5%,25%,5%
bonsly,bonsly,brilliant-diamond-shining-pearl,shining-pearl,route-210-sinnoh-southern-part,walking-tall-grass,18,,,,,20%,
bonsly,bonsly,brilliant-diamond-shining-pearl,shining-pearl,route-210-sinnoh-southern-part,walking-tall-grass,20,5%,,,,,
bonsly,bonsly,brilliant-diamond-shining-pearl,brilliant-diamond;shining-pearl,trophy-garden,mr-backlot,"16, 18",5%,,Added after obtaining the National PokéDex,,,
bronzong,bronzong,brilliant-diamond-shining-pearl,brilliant-diamond;shining-pearl,mount-coronet-2f,walking-around,38,20%,,,,,
bronzong,bronzong,brilliant-diamond-shining-pearl,brilliant-diamond;shining-pearl,mount-coronet-3f,walking-around,38,20%,,,,,
bronzong,bronzong,brilliant-diamond-shining-pearl,brilliant-diamond;shining-pearl,mount-coronet-4f,walking-around,38 - 40,25%,,,,,
bronzong,bronzong,brilliant-diamond-shining-pearl,brilliant-diamond;shining-pearl,mount-coronet-4f-room-2,walking-around,38 - 40,25%,,,,,
bronzong,bronzong,brilliant-diamond-shining-pearl,brilliant-diamond;shining-pearl,mount-coronet-4f-room-3,walking-around,38 - 40,25%,,,,,
bronzong,bronzong,brilliant-diamond-shining-pearl,brilliant-diamond;shining-pearl,mount-coronet-5f,walking-around,40 - 42,25%,,,,,
bronzong,bronzong,brilliant-diamond-shining-pearl,brilliant-diamond;shining-pearl,mount-coronet-6f,walking-around,40 - 42,25%,,,,,
bronzong,bronzong,brilliant-diamond-shining-pearl,brilliant-diamond;shining-pearl,mount-coronet-tunnel-room,walking-around,39 - 40,5%,,,,,
bronzong,bronzong,brilliant-diamond-shining-pearl,brilliant-diamond;shining-pearl,mount-coronet-mountainside,walking-tall-grass,39 - 40,5%,,,,,
bronzong,bronzong,brilliant-diamond-shining-pearl,brilliant-diamond;shining-pearl,turnback-cave-before-encountering-pillar,walking-around,45 - 46,35%,,,,,
bronzong,bronzong,brilliant-diamond-shining-pearl,brilliant-diamond;shining-pearl,turnback-cave-between-first-and-second-pillar,walking-around,55 - 56,35%,,,,,
bronzong,bronzong,brilliant-diamond-shining-pearl,brilliant-diamond;shining-pearl,turnback-cave-between-second-and-third-pillar,walking-around,65 - 66,35%,,,,,
bronzor,bronzor,brilliant-diamond-shining-pearl,brilliant-diamond;shining-pearl,big-bluff-cavern,walking-around,25 - 63,varies,,Added after obtaining TM96 (Strength),,,
bronzor,bronzor,brilliant-diamond-shining-pearl,brilliant-diamond;shining-pearl,dazzling-cave,walking-around,25 - 63,varies,,Added after obtaining TM96 (Strength),,,
bronzor,bronzor,brilliant-diamond-shining-pearl,brilliant-diamond;shining-pearl,glacial-cavern,walking-around,25 - 63,varies,,Added after obtaining TM96 (Strength),,,
bronzor,bronzor,brilliant-diamond-shining-pearl,brilliant-diamond;shining-pearl,icy-cave,walking-around,25 - 63,varies,,Added after obtaining TM96 (Strength),,,
bronzor,bronzor,brilliant-diamond-shining-pearl,brilliant-diamond;shining-pearl,mount-coronet-2f,walking-around,36,5%,,,,,
bronzor,bronzor,brilliant-diamond-shining-pearl,brilliant-diamond;shining-pearl,mount-coronet-3f,walking-around,36,5%,,,,,
bronzor,bronzor,brilliant-diamond-shining-pearl,brilliant-diamond;shining-pearl,rocky-cave,walking-around,25 - 63,varies,,Added after obtaining TM96 (Strength),,,
bronzor,bronzor,brilliant-diamond-shining-pearl,brilliant-diamond;shining-pearl,route-206-sinnoh,walking-tall-grass,15,10%,,,,,
bronzor,bronzor,brilliant-diamond-shining-pearl,brilliant-diamond;shining-pearl,stargleam-cavern,walking-around,25 - 63,varies,,,,,
bronzor,bronzor,brilliant-diamond-shining-pearl,brilliant-diamond;shining-pearl,turnback-cave-before-encountering-pillar,walking-around,44,5%,,,,,
bronzor,bronzor,brilliant-diamond-shining-pearl,brilliant-diamond;shining-pearl,turnback-cave-between-first-and-second-pillar,walking-around,54,5%,,,,,
bronzor,bronzor,brilliant-diamond-shining-pearl,brilliant-diamond;shining-pearl,turnback-cave-between-second-and-third-pillar,walking-around,64,5%,,,,,
bronzor,bronzor,brilliant-diamond-shining-pearl,brilliant-diamond;shining-pearl,wayward-cave-1f,walking-around,14 - 16,40%,,,,,
bronzor,bronzor,brilliant-diamond-shining-pearl,brilliant-diamond;shining-pearl,wayward-cave-b1f,walking-around,15 - 17,40%,,,,,
budew,budew,brilliant-diamond-shining-pearl,brilliant-diamond;shining-pearl,eterna-forest,walking-tall-grass,10,,,,,10%,10%
budew,budew,brilliant-diamond-shining-pearl,brilliant-diamond;shining-pearl,eterna-forest,walking-tall-grass,11 - 12,19%,,,,,
budew,budew,brilliant-diamond-shining-pearl,brilliant-diamond;shining-pearl,grassland-cave,walking-around,16 - 63,varies,,,,,
budew,budew,brilliant-diamond-shining-pearl,brilliant-diamond;shining-pearl,great-marsh-area-1,walking-tall-grass,24,,,,,10%,10%
budew,budew,brilliant-diamond-shining-pearl,brilliant-diamond;shining-pearl,great-marsh-area-2,walking-tall-grass,24,,,,,10%,10%
budew,budew,brilliant-diamond-shining-pearl,brilliant-diamond;shining-pearl,great-marsh-area-3,walking-tall-grass,22,,,,,10%,10%
budew,budew,brilliant-diamond-shining-pearl,brilliant-diamond;shining-pearl,great-marsh-area-4,walking-tall-grass,22,,,,,10%,10%
budew,budew,brilliant-diamond-shining-pearl,brilliant-diamond;shining-pearl,great-marsh-area-5,walking-tall-grass,20,,,,,10%,10%
budew,budew,brilliant-diamond-shining-pearl,brilliant-diamond;shining-pearl,great-marsh-area-6,walking-tall-grass,20,,,,,10%,10%
budew,budew,brilliant-diamond-shining-pearl,brilliant-diamond;shining-pearl,riverbank-cave,walking-around,16 - 63,varies,,,,,
budew,budew,brilliant-diamond-shining-pearl,brilliant-diamond;shining-pearl,route-204-sinnoh-south,walking-tall-grass,4 - 5,,,,15%,25%,25%
budew,budew,brilliant-diamond-shining-pearl,brilliant-diamond;shining-pearl,route-204-sinnoh-north,walking-tall-grass,6 - 7,,,,15%,25%,25%
budew,budew,brilliant-diamond-shining-pearl,brilliant-diamond;shining-pearl,route-212-sinnoh-northern-area,walking-tall-grass,16,30%,,,,,
budew,budew,brilliant-diamond-shining-pearl,brilliant-diamond;shining-pearl,spacious-cave,walking-around,16 - 63,varies,,,,,
budew,budew,brilliant-diamond-shining-pearl,brilliant-diamond;shining-pearl,still-water-cavern,walking-around,16 - 63,varies,,,,,
budew,budew,brilliant-diamond-shining-pearl,brilliant-diamond;shining-pearl,sunlit-cavern,walking-around,16 - 63,varies,,,,,
buizel,buizel,brilliant-diamond-shining-pearl,brilliant-diamond;shining-pearl,fountainspring-cave,walking-around,16 - 63,varies,,,,,
buizel,buizel,brilliant-diamond-shining-pearl,brilliant-diamond;shining-pearl,riverbank-cave,walking-around,16 - 63,varies,,,,,
buizel,buizel,brilliant-diamond-shining-pearl,brilliant-diamond;shining-pearl,route-205-sinnoh-southern-part,walking-tall-grass,8 - 10,35%,,,,,
buizel,buizel,brilliant-diamond-shining-pearl,brilliant-diamond;shining-pearl,route-205-sinnoh-northern-part,walking-tall-grass,10 - 12,35%,,,,,
buizel,buizel,brilliant-diamond-shining-pearl,brilliant-diamond;shining-pearl,route-213-sinnoh,walking-tall-grass,20 - 21,30%,,,,,
buizel,buizel,brilliant-diamond-shining-pearl,brilliant-diamond;shining-pearl,route-224-sinnoh,walking-tall-grass,23,4%,,,,,
buizel,buizel,brilliant-diamond-shining-pearl,brilliant-diamond;shining-pearl,still-water-cavern,walking-around,16 - 63,varies,,,,,
buizel,buizel,brilliant-diamond-shining-pearl,brilliant-diamond;shining-pearl,valley-windworks,walking-tall-grass,7 - 9,35%,,,,,
bulbasaur,bulbasaur,brilliant-diamond-shining-pearl,brilliant-diamond;shining-pearl,bogsunk-cavern,walking-around,16 - 63,varies,,Added after obtaining the National PokéDex,,,
bulbasaur,bulbasaur,brilliant-diamond-shining-pearl,brilliant-diamond;shining-pearl,grassland-cave,walking-around,16 - 63,5%,,Added after obtaining the National PokéDex,,,
bulbasaur,bulbasaur,brilliant-diamond-shining-pearl,brilliant-diamond;shining-pearl,riverbank-cave,walking-around,16 - 63,varies,,Added after obtaining the National PokéDex,,,
bulbasaur,bulbasaur,brilliant-diamond-shining-pearl,brilliant-diamond;shining-pearl,still-water-cavern,walking-around,16 - 63,varies,,Added after obtaining the National PokéDex,,,
bulbasaur,bulbasaur,brilliant-diamond-shining-pearl,brilliant-diamond;shining-pearl,sunlit-cavern,walking-around,16 - 63,varies,,Added after obtaining the National PokéDex,,,
bulbasaur,bulbasaur,brilliant-diamond-shining-pearl,brilliant-diamond;shining-pearl,swampy-cave,walking-around,16 - 63,varies,,Added after obtaining the National PokéDex,,,
buneary,buneary,brilliant-diamond-shining-pearl,brilliant-diamond;shining-pearl,eterna-forest,walking-tall-grass,10 - 12,19%,,,,,
buneary,buneary,brilliant-diamond-shining-pearl,brilliant-diamond;shining-pearl,glacial-cavern,walking-around,16 - 63,varies,,,,,
buneary,buneary,brilliant-diamond-shining-pearl,brilliant-diamond;shining-pearl,grassland-cave,walking-around,16 - 63,varies,,,,,
buneary,buneary,brilliant-diamond-shining-pearl,brilliant-diamond;shining-pearl,icy-cave,walking-around,16 - 63,varies,,,,,
buneary,buneary,brilliant-diamond-shining-pearl,brilliant-diamond;shining-pearl,riverbank-cave,walking-around,16 - 63,varies,,,,,
buneary,buneary,brilliant-diamond-shining-pearl,brilliant-diamond;shining-pearl,spacious-cave,walking-around,16 - 63,varies,,,,,
buneary,buneary,brilliant-diamond-shining-pearl,brilliant-diamond;shining-pearl,still-water-cavern,walking-around,16 - 63,varies,,,,,
buneary,buneary,brilliant-diamond-shining-pearl,brilliant-diamond;shining-pearl,sunlit-cavern,walking-around,16 - 63,varies,,,,,
buneary,buneary,brilliant-diamond-shining-pearl,brilliant-diamond;shining-pearl,whiteout-cave,walking-around,16 - 63,varies,,,,,
cacnea,cacnea,brilliant-diamond-shining-pearl,brilliant-diamond;shining-pearl,big-bluff-cavern,walking-around,16 - 63,varies,,Added after obtaining the National PokéDex,,,
cacnea,cacnea,brilliant-diamond-shining-pearl,brilliant-diamond;shining-pearl,bogsunk-cavern,walking-around,16 - 63,varies,,Added after obtaining the National PokéDex,,,
cacnea,cacnea,brilliant-diamond-shining-pearl,brilliant-diamond;shining-pearl,grassland-cave,walking-around,16 - 63,varies,,Added after obtaining the National PokéDex,,,
cacnea,cacnea,brilliant-diamond-shining-pearl,brilliant-diamond;shining-pearl,rocky-cave,walking-around,16 - 63,varies,,Sandshrew,,,
cacnea,cacnea,brilliant-diamond-shining-pearl,brilliant-diamond;shining-pearl,route-228-sinnoh,walking-tall-grass,"23, 25",5%,,,,,
cacnea,cacnea,brilliant-diamond-shining-pearl,brilliant-diamond;shining-pearl,sunlit-cavern,walking-around,16 - 63,varies,,Added after obtaining the National PokéDex,,,
cacnea,cacnea,brilliant-diamond-shining-pearl,brilliant-diamond;shining-pearl,swampy-cave,walking-around,16 - 63,varies,,Added after obtaining the National PokéDex,,,
cacturne,cacturne,brilliant-diamond-shining-pearl,brilliant-diamond;shining-pearl,big-bluff-cavern,walking-around,16 - 63,varies,,Added after obtaining the National PokéDex,,,
cacturne,cacturne,brilliant-diamond-shining-pearl,brilliant-diamond;shining-pearl,bogsunk-cavern,walking-around,16 - 63,varies,,Added after obtaining the National PokéDex,,,
cacturne,cacturne,brilliant-diamond-shining-pearl,brilliant-diamond;shining-pearl,grassland-cave,walking-around,16 - 63,varies,,Added after obtaining the National PokéDex,,,
cacturne,cacturne,brilliant-diamond-shining-pearl,brilliant-diamond;shining-pearl,rocky-cave,walking-around,16 - 63,varies,,Sandshrew,,,
cacturne,cacturne,brilliant-diamond-shining-pearl,brilliant-diamond;shining-pearl,route-228-sinnoh,walking-tall-grass,52,,,,20%,,
cacturne,cacturne,brilliant-diamond-shining-pearl,brilliant-diamond;shining-pearl,route-228-sinnoh,walking-tall-grass,53,20%,,,,,
cacturne,cacturne,brilliant-diamond-shining-pearl,brilliant-diamond;shining-pearl,sunlit-cavern,walking-around,16 - 63,varies,,Added after obtaining the National PokéDex,,,
cacturne,cacturne,brilliant-diamond-shining-pearl,brilliant-diamond;shining-pearl,swampy-cave,walking-around,16 - 63,varies,,Added after obtaining the National PokéDex,,,
camerupt,camerupt,brilliant-diamond-shining-pearl,brilliant-diamond;shining-pearl,big-bluff-cavern,walking-around,16 - 63,varies,,Added after obtaining the National PokéDex,,,
camerupt,camerupt,brilliant-diamond-shining-pearl,brilliant-diamond;shining-pearl,rocky-cave,walking-around,16 - 63,varies,,Sandshrew,,,
camerupt,camerupt,brilliant-diamond-shining-pearl,brilliant-diamond;shining-pearl,sandsear-cave,walking-around,16 - 63,varies,,Added after obtaining the National PokéDex,,,
camerupt,camerupt,brilliant-diamond-shining-pearl,brilliant-diamond;shining-pearl,route-227-sinnoh,walking-tall-grass,55,20%,,,,,
camerupt,camerupt,brilliant-diamond-shining-pearl,brilliant-diamond;shining-pearl,stark-mountain-outside,walking-tall-grass,55,20%,,,,,
camerupt,camerupt,brilliant-diamond-shining-pearl,brilliant-diamond;shining-pearl,stark-mountain-inside-1,walking-around,56,5%,,,,,
camerupt,camerupt,brilliant-diamond-shining-pearl,brilliant-diamond;shining-pearl,stark-mountain-inside-2,walking-around,58,5%,,,,,
camerupt,camerupt,brilliant-diamond-shining-pearl,brilliant-diamond;shining-pearl,typhlo-cavern,walking-around,16 - 63,varies,,Added after obtaining the National PokéDex,,,
camerupt,camerupt,brilliant-diamond-shining-pearl,brilliant-diamond;shining-pearl,volcanic-cave,walking-around,16 - 63,varies,,Added after obtaining the National PokéDex,,,
carnivine,carnivine,brilliant-diamond-shining-pearl,brilliant-diamond;shining-pearl,great-marsh,walking-tall-grass,"22, 24, 26",10%,,5/32 selection chance,,,
carvanha,carvanha,brilliant-diamond-shining-pearl,brilliant-diamond;shining-pearl,fountainspring-cave,walking-around,16 - 63,varies,,Added after obtaining the National PokéDex,,,
carvanha,carvanha,brilliant-diamond-shining-pearl,brilliant-diamond;shining-pearl,great-marsh,fishing-super-rod,15 - 30,45%,,,,,
carvanha,carvanha,brilliant-diamond-shining-pearl,brilliant-diamond;shining-pearl,riverbank-cave,walking-around,16 - 63,varies,,Added after obtaining the National PokéDex,,,
carvanha,carvanha,brilliant-diamond-shining-pearl,brilliant-diamond;shining-pearl,still-water-cavern,walking-around,16 - 63,varies,,Added after obtaining the National PokéDex,,,
cascoon,cascoon,brilliant-diamond-shining-pearl,shining-pearl,eterna-forest,walking-tall-grass,10,20%,,,,,
cascoon,cascoon,brilliant-diamond-shining-pearl,shining-pearl,grassland-cave,walking-around,16 - 63,varies,,,,,
cascoon,cascoon,brilliant-diamond-shining-pearl,shining-pearl,riverbank-cave,walking-around,16 - 63,varies,,,,,
cascoon,cascoon,brilliant-diamond-shining-pearl,shining-pearl,still-water-cavern,walking-around,16 - 63,varies,,,,,
cascoon,cascoon,brilliant-diamond-shining-pearl,shining-pearl,sunlit-cavern,walking-around,16 - 63,varies,,,,,
castform,castform,brilliant-diamond-shining-pearl,brilliant-diamond;shining-pearl,trophy-garden,mr-backlot,"16, 18",5%,,Added after obtaining the National PokéDex,,,
caterpie,caterpie,brilliant-diamond-shining-pearl,brilliant-diamond,bogsunk-cavern,walking-around,16 - 63,varies,,Added after obtaining the National PokéDex,,,
caterpie,caterpie,brilliant-diamond-shining-pearl,brilliant-diamond,grassland-cave,walking-around,16 - 63,5%,,Added after obtaining the National PokéDex,,,
caterpie,caterpie,brilliant-diamond-shining-pearl,brilliant-diamond,riverbank-cave,walking-around,16 - 63,varies,,Added after obtaining the National PokéDex,,,
caterpie,caterpie,brilliant-diamond-shining-pearl,brilliant-diamond,spacious-cave,walking-around,16 - 63,varies,,Added after obtaining the National PokéDex,,,
caterpie,caterpie,brilliant-diamond-shining-pearl,brilliant-diamond,still-water-cavern,walking-around,16 - 63,varies,,Added after obtaining the National PokéDex,,,
caterpie,caterpie,brilliant-diamond-shining-pearl,brilliant-diamond,sunlit-cavern,walking-around,16 - 63,varies,,Added after obtaining the National PokéDex,,,
caterpie,caterpie,brilliant-diamond-shining-pearl,brilliant-diamond,swampy-cave,walking-around,16 - 63,varies,,Added after obtaining the National PokéDex,,,
chansey,chansey,brilliant-diamond-shining-pearl,brilliant-diamond;shining-pearl,route-209-sinnoh,walking-tall-grass,16,5%,,,,,
chansey,chansey,brilliant-diamond-shining-pearl,brilliant-diamond;shining-pearl,route-210-sinnoh-southern-part,walking-tall-grass,"18, 20",5%,,,,,
chansey,chansey,brilliant-diamond-shining-pearl,brilliant-diamond;shining-pearl,trophy-garden,mr-backlot,"16, 18",5%,,Added after obtaining the National PokéDex,,,
charmander,charmander,brilliant-diamond-shining-pearl,brilliant-diamond;shining-pearl,sandsear-cave,walking-around,16 - 63,varies,,Added after obtaining the National PokéDex,,,
charmander,charmander,brilliant-diamond-shining-pearl,brilliant-diamond;shining-pearl,typhlo-cavern,walking-around,16 - 63,varies,,Added after obtaining the National PokéDex,,,
charmander,charmander,brilliant-diamond-shining-pearl,brilliant-diamond;shining-pearl,volcanic-cave,walking-around,16 - 63,varies,,Added after obtaining the National PokéDex,,,
chatot,chatot,brilliant-diamond-shining-pearl,brilliant-diamond;shining-pearl,eterna-condominiums,npc-trade,15,one,buizel,,,,
chatot,chatot,brilliant-diamond-shining-pearl,brilliant-diamond;shining-pearl,route-222-sinnoh,walking-tall-grass,40 - 41,,,,,20%,20%
chatot,chatot,brilliant-diamond-shining-pearl,brilliant-diamond;shining-pearl,route-224-sinnoh,walking-tall-grass,"52, 54",,,,,20%,20%
cherubi,cherubi,brilliant-diamond-shining-pearl,brilliant-diamond;shining-pearl,grassland-cave,walking-around,16 - 63,varies,,,,,
cherubi,cherubi,brilliant-diamond-shining-pearl,brilliant-diamond;shining-pearl,sunlit-cavern,walking-around,16 - 63,varies,,,,,
chikorita,chikorita,brilliant-diamond-shining-pearl,brilliant-diamond;shining-pearl,grassland-cave,walking-around,16 - 63,varies,,Added after obtaining the National PokéDex,,,
chikorita,chikorita,brilliant-diamond-shining-pearl,brilliant-diamond;shining-pearl,riverbank-cave,walking-around,16 - 63,varies,,Added after obtaining the National PokéDex,,,
chikorita,chikorita,brilliant-diamond-shining-pearl,brilliant-diamond;shining-pearl,still-water-cavern,walking-around,16 - 63,varies,,Added after obtaining the National PokéDex,,,
chikorita,chikorita,brilliant-diamond-shining-pearl,brilliant-diamond;shining-pearl,sunlit-cavern,walking-around,16 - 63,varies,,Added after obtaining the National PokéDex,,,
chimchar,chimchar,brilliant-diamond-shining-pearl,brilliant-diamond;shining-pearl,lake-verity-sinnoh,npc-gift,5,one,,,,,
chimchar,chimchar,brilliant-diamond-shining-pearl,brilliant-diamond;shining-pearl,sandsear-cave,walking-around,16 - 63,varies,,Added after obtaining the National PokéDex,,,
chimchar,chimchar,brilliant-diamond-shining-pearl,brilliant-diamond;shining-pearl,typhlo-cavern,walking-around,16 - 63,varies,,Added after obtaining the National PokéDex,,,
chimchar,chimchar,brilliant-diamond-shining-pearl,brilliant-diamond;shining-pearl,volcanic-cave,walking-around,16 - 63,varies,,Added after obtaining the National PokéDex,,,
chimecho,chimecho,brilliant-diamond-shining-pearl,brilliant-diamond;shining-pearl,mount-coronet-4f-room-3,walking-around,40,5%,,,,,
chimecho,chimecho,brilliant-diamond-shining-pearl,brilliant-diamond;shining-pearl,mount-coronet-5f,walking-around,41 - 42,10%,,,,,
chimecho,chimecho,brilliant-diamond-shining-pearl,brilliant-diamond;shining-pearl,mount-coronet-6f,walking-around,41 - 42,10%,,,,,
chimecho,chimecho,brilliant-diamond-shining-pearl,brilliant-diamond;shining-pearl,sendoff-spring,walking-tall-grass,"52, 54",10%,,,,,
chinchou,chinchou,brilliant-diamond-shining-pearl,brilliant-diamond;shining-pearl,fountainspring-cave,walking-around,16 - 63,varies,,Added after obtaining the National PokéDex,,,
chinchou,chinchou,brilliant-diamond-shining-pearl,brilliant-diamond;shining-pearl,glacial-cavern,walking-around,16 - 63,varies,,Added after obtaining the National PokéDex,,,
chinchou,chinchou,brilliant-diamond-shining-pearl,brilliant-diamond;shining-pearl,icy-cave,walking-around,16 - 63,varies,,Added after obtaining the National PokéDex,,,
chinchou,chinchou,brilliant-diamond-shining-pearl,brilliant-diamond;shining-pearl,route-220-sinnoh,fishing-super-rod,15 - 25,40%,,,,,
chingling,chingling,brilliant-diamond-shining-pearl,brilliant-diamond;shining-pearl,dazzling-cave,walking-around,25 - 63,varies,,Added after obtaining TM96 (Strength),,,
chingling,chingling,brilliant-diamond-shining-pearl,brilliant-diamond;shining-pearl,lake-acuity-sinnoh,walking-tall-grass,"34, 36",10%,,,,,
chingling,chingling,brilliant-diamond-shining-pearl,brilliant-diamond;shining-pearl,lake-valor-sinnoh,walking-tall-grass,35 - 36,10%,,,,,
chingling,chingling,brilliant-diamond-shining-pearl,brilliant-diamond;shining-pearl,mount-coronet-southern-1f-oreburgh-city-hearthome-city-side,walking-around,15,10%,,,,,
chingling,chingling,brilliant-diamond-shining-pearl,brilliant-diamond;shining-pearl,mount-coronet-northern-1f-room-1-eterna-city-celestic-town-side,walking-around,13,10%,,,,,
chingling,chingling,brilliant-diamond-shining-pearl,brilliant-diamond;shining-pearl,mount-coronet-b1f,walking-around,30,10%,,,,,
chingling,chingling,brilliant-diamond-shining-pearl,brilliant-diamond;shining-pearl,mount-coronet-northern-1f-room-2,walking-around,30,10%,,,,,
chingling,chingling,brilliant-diamond-shining-pearl,brilliant-diamond;shining-pearl,mount-coronet-2f,walking-around,37 - 38,10%,,,,,
chingling,chingling,brilliant-diamond-shining-pearl,brilliant-diamond;shining-pearl,mount-coronet-3f,walking-around,37 - 38,10%,,,,,
chingling,chingling,brilliant-diamond-shining-pearl,brilliant-diamond;shining-pearl,mount-coronet-4f,walking-around,39 - 40,10%,,,,,
chingling,chingling,brilliant-diamond-shining-pearl,brilliant-diamond;shining-pearl,mount-coronet-4f-room-2,walking-around,39 - 40,10%,,,,,
chingling,chingling,brilliant-diamond-shining-pearl,brilliant-diamond;shining-pearl,mount-coronet-4f-room-3,walking-around,40,5%,,,,,
chingling,chingling,brilliant-diamond-shining-pearl,brilliant-diamond;shining-pearl,mount-coronet-tunnel-room,walking-around,"38, 40",10%,,,,,
chingling,chingling,brilliant-diamond-shining-pearl,brilliant-diamond;shining-pearl,mount-coronet-mountainside,walking-tall-grass,39 - 40,10%,,,,,
chingling,chingling,brilliant-diamond-shining-pearl,brilliant-diamond;shining-pearl,route-211-sinnoh-western-part,walking-tall-grass,13,10%,,,,,
chingling,chingling,brilliant-diamond-shining-pearl,brilliant-diamond;shining-pearl,route-211-sinnoh-eastern-part,walking-tall-grass,27 - 28,10%,,,,,
chingling,chingling,brilliant-diamond-shining-pearl,brilliant-diamond;shining-pearl,spacious-cave,walking-around,25 - 63,varies,,Added after obtaining TM96 (Strength),,,
chingling,chingling,brilliant-diamond-shining-pearl,brilliant-diamond;shining-pearl,stargleam-cavern,walking-around,25 - 63,varies,,Added after obtaining TM96 (Strength),,,
clamperl,clamperl,brilliant-diamond-shining-pearl,brilliant-diamond;shining-pearl,fountainspring-cave,walking-around,16 - 63,varies,,Added after obtaining the National PokéDex,,,
clamperl,clamperl,brilliant-diamond-shining-pearl,brilliant-diamond;shining-pearl,riverbank-cave,walking-around,16 - 63,varies,,Added after obtaining the National PokéDex,,,
clamperl,clamperl,brilliant-diamond-shining-pearl,brilliant-diamond;shining-pearl,route-219-sinnoh,fishing-super-rod,20 - 30,15%,,,,,
clamperl,clamperl,brilliant-diamond-shining-pearl,brilliant-diamond;shining-pearl,route-221-sinnoh,fishing-super-rod,20 - 30,15%,,,,,
clamperl,clamperl,brilliant-diamond-shining-pearl,brilliant-diamond;shining-pearl,still-water-cavern,walking-around,16 - 63,varies,,Added after obtaining the National PokéDex,,,
clefairy,clefairy,brilliant-diamond-shining-pearl,brilliant-diamond;shining-pearl,mount-coronet-b1f,walking-around,30 - 32,15%,,,,,
clefairy,clefairy,brilliant-diamond-shining-pearl,brilliant-diamond;shining-pearl,mount-coronet-northern-1f-room-2,walking-around,30 - 32,15%,,,,,
clefairy,clefairy,brilliant-diamond-shining-pearl,brilliant-diamond;shining-pearl,mount-coronet-2f,walking-around,36 - 38,15%,,,,,
clefairy,clefairy,brilliant-diamond-shining-pearl,brilliant-diamond;shining-pearl,mount-coronet-3f,walking-around,36 - 38,15%,,,,,
clefairy,clefairy,brilliant-diamond-shining-pearl,brilliant-diamond;shining-pearl,mount-coronet-4f,walking-around,38 - 40,15%,,,,,
clefairy,clefairy,brilliant-diamond-shining-pearl,brilliant-diamond;shining-pearl,mount-coronet-4f-room-2,walking-around,38 - 40,15%,,,,,
clefairy,clefairy,brilliant-diamond-shining-pearl,brilliant-diamond;shining-pearl,mount-coronet-4f-room-3,walking-around,38 - 40,15%,,,,,
clefairy,clefairy,brilliant-diamond-shining-pearl,brilliant-diamond;shining-pearl,mount-coronet-5f,walking-around,40 - 42,15%,,,,,
clefairy,clefairy,brilliant-diamond-shining-pearl,brilliant-diamond;shining-pearl,mount-coronet-6f,walking-around,40 - 42,15%,,,,,
clefairy,clefairy,brilliant-diamond-shining-pearl,brilliant-diamond;shining-pearl,mount-coronet-tunnel-room,walking-around,38 - 40,15%,,,,,
clefairy,clefairy,brilliant-diamond-shining-pearl,brilliant-diamond;shining-pearl,mount-coronet-mountainside,walking-tall-grass,38 - 39,5%,,,,,
clefairy,clefairy,brilliant-diamond-shining-pearl,brilliant-diamond;shining-pearl,trophy-garden,mr-backlot,"16, 18",5%,,Added after obtaining the National PokéDex,,,
cleffa,cleffa,brilliant-diamond-shining-pearl,brilliant-diamond;shining-pearl,mount-coronet-southern-1f-oreburgh-city-hearthome-city-side,walking-around,14,,,,5%,25%,5%
cleffa,cleffa,brilliant-diamond-shining-pearl,brilliant-diamond;shining-pearl,mount-coronet-northern-1f-room-1-eterna-city-celestic-town-side,walking-around,12,,,,5%,25%,5%
cleffa,cleffa,brilliant-diamond-shining-pearl,brilliant-diamond;shining-pearl,trophy-garden,mr-backlot,"16, 18",5%,,Added after obtaining the National PokéDex,,,
combee,combee,brilliant-diamond-shining-pearl,brilliant-diamond;shining-pearl,grassland-cave,walking-around,16 - 63,varies,,,,,
combee,combee,brilliant-diamond-shining-pearl,brilliant-diamond;shining-pearl,sunlit-cavern,walking-around,16 - 63,varies,,,,,
corphish,corphish,brilliant-diamond-shining-pearl,brilliant-diamond;shining-pearl,celestic-town,fishing-super-rod,30 - 40,40%,,,,,
corphish,corphish,brilliant-diamond-shining-pearl,brilliant-diamond;shining-pearl,fountainspring-cave,walking-around,16 - 63,varies,,Added after obtaining the National PokéDex,,,
corphish,corphish,brilliant-diamond-shining-pearl,brilliant-diamond;shining-pearl,riverbank-cave,walking-around,16 - 63,varies,,Added after obtaining the National PokéDex,,,
corphish,corphish,brilliant-diamond-shining-pearl,brilliant-diamond;shining-pearl,spacious-cave,walking-around,16 - 63,varies,,Added after obtaining the National PokéDex,,,
corphish,corphish,brilliant-diamond-shining-pearl,brilliant-diamond;shining-pearl,still-water-cavern,walking-around,16 - 63,varies,,Added after obtaining the National PokéDex,,,
corsola,corsola,brilliant-diamond-shining-pearl,brilliant-diamond;shining-pearl,fountainspring-cave,walking-around,16 - 63,varies,,Added after obtaining the National PokéDex,,,
corsola,corsola,brilliant-diamond-shining-pearl,brilliant-diamond;shining-pearl,riverbank-cave,walking-around,16 - 63,varies,,Added after obtaining the National PokéDex,,,
corsola,corsola,brilliant-diamond-shining-pearl,brilliant-diamond;shining-pearl,route-230-sinnoh,swarm,50,40%,,,,,
corsola,corsola,brilliant-diamond-shining-pearl,brilliant-diamond;shining-pearl,still-water-cavern,walking-around,16 - 63,varies,,Added after obtaining the National PokéDex,,,
cranidos,cranidos,brilliant-diamond-shining-pearl,brilliant-diamond;shining-pearl,oreburgh-mining-museum,revive,1,one,,{Skull Fossil;ITEM;skull-fossil},,,
crawdaunt,crawdaunt,brilliant-diamond-shining-pearl,brilliant-diamond;shining-pearl,celestic-town,fishing-super-rod,35 - 55,5%,,,,,
crawdaunt,crawdaunt,brilliant-diamond-shining-pearl,brilliant-diamond;shining-pearl,fountainspring-cave,walking-around,16 - 63,varies,,Added after obtaining the National PokéDex,,,
crawdaunt,crawdaunt,brilliant-diamond-shining-pearl,brilliant-diamond;shining-pearl,riverbank-cave,walking-around,16 - 63,varies,,Added after obtaining the National PokéDex,,,
crawdaunt,crawdaunt,brilliant-diamond-shining-pearl,brilliant-diamond;shining-pearl,spacious-cave,walking-around,16 - 63,varies,,Added after obtaining the National PokéDex,,,
crawdaunt,crawdaunt,brilliant-diamond-shining-pearl,brilliant-diamond;shining-pearl,still-water-cavern,walking-around,16 - 63,varies,,Added after obtaining the National PokéDex,,,
croagunk,croagunk,brilliant-diamond-shining-pearl,brilliant-diamond;shining-pearl,bogsunk-cavern,walking-around,16 - 63,varies,,,,,
croagunk,croagunk,brilliant-diamond-shining-pearl,brilliant-diamond;shining-pearl,great-marsh,walking-tall-grass,"22, 24, 26",10%,,5/32 selection chance,,,
croagunk,croagunk,brilliant-diamond-shining-pearl,brilliant-diamond;shining-pearl,riverbank-cave,walking-around,16 - 63,varies,,,,,
croagunk,croagunk,brilliant-diamond-shining-pearl,brilliant-diamond;shining-pearl,still-water-cavern,walking-around,16 - 63,varies,,,,,
croagunk,croagunk,brilliant-diamond-shining-pearl,brilliant-diamond;shining-pearl,swampy-cave,walking-around,16 - 63,varies,,,,,
cubone,cubone,brilliant-diamond-shining-pearl,brilliant-diamond;shining-pearl,big-bluff-cavern,walking-around,16 - 63,varies,,Added after obtaining the National PokéDex,,,
cubone,cubone,brilliant-diamond-shining-pearl,brilliant-diamond;shining-pearl,dazzling-cave,walking-around,16 - 63,varies,,Added after obtaining the National PokéDex,,,
cubone,cubone,brilliant-diamond-shining-pearl,brilliant-diamond;shining-pearl,riverbank-cave,walking-around,16 - 63,varies,,Added after obtaining the National PokéDex,,,
cubone,cubone,brilliant-diamond-shining-pearl,brilliant-diamond;shining-pearl,rocky-cave,walking-around,16 - 63,varies,,Sandshrew,,,
cubone,cubone,brilliant-diamond-shining-pearl,brilliant-diamond;shining-pearl,route-203-sinnoh,swarm,4,40%,,,,,
cubone,cubone,brilliant-diamond-shining-pearl,brilliant-diamond;shining-pearl,stargleam-cavern,walking-around,16 - 63,varies,,Added after obtaining the National PokéDex,,,
cubone,cubone,brilliant-diamond-shining-pearl,brilliant-diamond;shining-pearl,still-water-cavern,walking-around,16 - 63,varies,,Added after obtaining the National PokéDex,,,
cyndaquil,cyndaquil,brilliant-diamond-shining-pearl,brilliant-diamond;shining-pearl,sandsear-cave,walking-around,16 - 63,varies,,Added after obtaining the National PokéDex,,,
cyndaquil,cyndaquil,brilliant-diamond-shining-pearl,brilliant-diamond;shining-pearl,typhlo-cavern,walking-around,16 - 63,varies,,Added after obtaining the National PokéDex,,,
cyndaquil,cyndaquil,brilliant-diamond-shining-pearl,brilliant-diamond;shining-pearl,volcanic-cave,walking-around,16 - 63,varies,,Added after obtaining the National PokéDex,,,
darkrai,darkrai,brilliant-diamond-shining-pearl,brilliant-diamond;shining-pearl,newmoon-island,special-encounter,50,one,,Respawns after entering the Hall of Fame if run from or defeated,,,
delibird,delibird,brilliant-diamond-shining-pearl,brilliant-diamond;shining-pearl,glacial-cavern,walking-around,16 - 63,varies,,Added after obtaining the National PokéDex,,,
delibird,delibird,brilliant-diamond-shining-pearl,brilliant-diamond;shining-pearl,icy-cave,walking-around,16 - 63,varies,,Added after obtaining the National PokéDex,,,
delibird,delibird,brilliant-diamond-shining-pearl,brilliant-diamond;shining-pearl,route-216-sinnoh,swarm,32,40%,,,,,
delibird,delibird,brilliant-diamond-shining-pearl,brilliant-diamond;shining-pearl,whiteout-cave,walking-around,16 - 63,varies,,Added after obtaining the National PokéDex,,,
dewgong,dewgong,brilliant-diamond-shining-pearl,brilliant-diamond,fountainspring-cave,walking-around,16 - 63,varies,,Added after obtaining the National PokéDex,,,
dewgong,dewgong,brilliant-diamond-shining-pearl,brilliant-diamond,glacial-cavern,walking-around,16 - 63,varies,,Added after obtaining the National PokéDex,,,
dewgong,dewgong,brilliant-diamond-shining-pearl,brilliant-diamond,icy-cave,walking-around,16 - 63,varies,,Added after obtaining the National PokéDex,,,
dewgong,dewgong,brilliant-diamond-shining-pearl,brilliant-diamond,route-226-sinnoh,surfing,40 - 55,5%,,,,,
dewgong,dewgong,brilliant-diamond-shining-pearl,brilliant-diamond,route-230-sinnoh,surfing,40 - 55,5%,,,,,
dewgong,dewgong,brilliant-diamond-shining-pearl,brilliant-diamond,whiteout-cave,walking-around,16 - 63,varies,,Added after obtaining the National PokéDex,,,
dialga,dialga,brilliant-diamond-shining-pearl,brilliant-diamond,spear-pillar,special-encounter,47,one,,Appears as part of the story. Respawns after entering the Hall of Fame if run from or defeated,,,
diglett,diglett,brilliant-diamond-shining-pearl,brilliant-diamond;shining-pearl,route-228-sinnoh,walking-tall-grass,"23, 25",5%,,,,,
ditto,ditto,brilliant-diamond-shining-pearl,brilliant-diamond;shining-pearl,dazzling-cave,walking-around,16 - 63,varies,,Added after obtaining the National PokéDex,,,
ditto,ditto,brilliant-diamond-shining-pearl,brilliant-diamond;shining-pearl,route-218-sinnoh,poke-radar,29 - 30,22%,,,,,
ditto,ditto,brilliant-diamond-shining-pearl,brilliant-diamond;shining-pearl,stargleam-cavern,walking-around,16 - 63,varies,,Added after obtaining the National PokéDex,,,
doduo,doduo,brilliant-diamond-shining-pearl,brilliant-diamond;shining-pearl,grassland-cave,walking-around,16 - 63,varies,,Added after obtaining the National PokéDex,,,
doduo,doduo,brilliant-diamond-shining-pearl,brilliant-diamond;shining-pearl,route-201-sinnoh,swarm,2,40%,,,,,
doduo,doduo,brilliant-diamond-shining-pearl,brilliant-diamond;shining-pearl,spacious-cave,walking-around,16 - 63,varies,,Added after obtaining the National PokéDex,,,
doduo,doduo,brilliant-diamond-shining-pearl,brilliant-diamond;shining-pearl,sunlit-cavern,walking-around,16 - 63,varies,,Added after obtaining the National PokéDex,,,
dragonair,dragonair,brilliant-diamond-shining-pearl,brilliant-diamond;shining-pearl,mount-coronet-4f,fishing-super-rod,15 - 40,5%,,,,,
drapion,drapion,brilliant-diamond-shining-pearl,brilliant-diamond;shining-pearl,great-marsh,walking-tall-grass,"22, 24, 26",10%,,"Post-National PokéDex, 1/32 selection chance",,,
dratini,dratini,brilliant-diamond-shining-pearl,brilliant-diamond;shining-pearl,fountainspring-cave,walking-around,16 - 63,varies,,Added after obtaining the National PokéDex,,,
dratini,dratini,brilliant-diamond-shining-pearl,brilliant-diamond;shining-pearl,mount-coronet-4f,fishing-super-rod,15 - 20,40%,,,,,
drifloon,drifloon,brilliant-diamond-shining-pearl,brilliant-diamond;shining-pearl,valley-windworks,special-encounter,22,one,,Appears every Friday after Mars was defeated unless she was defeated on that Friday.,,,
drowzee,drowzee,brilliant-diamond-shining-pearl,brilliant-diamond;shining-pearl,dazzling-cave,walking-around,16 - 63,varies,,Added after obtaining the National PokéDex,,,
drowzee,drowzee,brilliant-diamond-shining-pearl,brilliant-diamond;shining-pearl,route-215-sinnoh,swarm,20 - 21,40%,,,,,
drowzee,drowzee,brilliant-diamond-shining-pearl,brilliant-diamond;shining-pearl,stargleam-cavern,walking-around,16 - 63,varies,,Added after obtaining the National PokéDex,,,
dugtrio,dugtrio,brilliant-diamond-shining-pearl,brilliant-diamond;shining-pearl,route-228-sinnoh,walking-tall-grass,52 - 54,30%,,,,,
dunsparce,dunsparce,brilliant-diamond-shining-pearl,brilliant-diamond;shining-pearl,route-208-sinnoh,swarm,16,40%,,,,,
dusclops,dusclops,brilliant-diamond-shining-pearl,brilliant-diamond;shining-pearl,dazzling-cave,walking-around,16 - 63,varies,,Added after obtaining the National PokéDex,,,
dusclops,dusclops,brilliant-diamond-shining-pearl,brilliant-diamond;shining-pearl,route-224-sinnoh,poke-radar,"52, 54",20%,,,,,
dusclops,dusclops,brilliant-diamond-shining-pearl,brilliant-diamond;shining-pearl,stargleam-cavern,walking-around,16 - 63,varies,,Added after obtaining the National PokéDex,,,
duskull,duskull,brilliant-diamond-shining-pearl,brilliant-diamond;shining-pearl,dazzling-cave,walking-around,16 - 63,varies,,Added after obtaining the National PokéDex,,,
duskull,duskull,brilliant-diamond-shining-pearl,brilliant-diamond,dazzling-cave,walking-around,16 - 63,20%,,,,,
duskull,duskull,brilliant-diamond-shining-pearl,shining-pearl,dazzling-cave,walking-around,16 - 63,25%,,,,,
duskull,duskull,brilliant-diamond-shining-pearl,brilliant-diamond;shining-pearl,route-224-sinnoh,poke-radar,23,2%,,,,,
duskull,duskull,brilliant-diamond-shining-pearl,brilliant-diamond;shining-pearl,stargleam-cavern,walking-around,16 - 63,varies,,Added after obtaining the National PokéDex,,,
duskull,duskull,brilliant-diamond-shining-pearl,brilliant-diamond,stargleam-cavern,walking-around,16 - 63,20%,,Added after obtaining the National PokéDex,,,
duskull,duskull,brilliant-diamond-shining-pearl,shining-pearl,stargleam-cavern,walking-around,16 - 63,25%,,Added after obtaining the National PokéDex,,,
dustox,dustox,brilliant-diamond-shining-pearl,shining-pearl,eterna-forest,walking-tall-grass,12,2%,,,,,
dustox,dustox,brilliant-diamond-shining-pearl,shining-pearl,route-230-sinnoh,walking-tall-grass,51,10%,,,,,
eevee,eevee,brilliant-diamond-shining-pearl,brilliant-diamond;shining-pearl,hearthome-city,npc-gift,5,one,,,,,
eevee,eevee,brilliant-diamond-shining-pearl,brilliant-diamond;shining-pearl,trophy-garden,mr-backlot,"16, 18",5%,,Added after obtaining the National PokéDex,,,
ekans,ekans,brilliant-diamond-shining-pearl,brilliant-diamond,bogsunk-cavern,walking-around,16 - 63,varies,,Added after obtaining the National PokéDex,,,
ekans,ekans,brilliant-diamond-shining-pearl,brilliant-diamond,grassland-cave,walking-around,16 - 63,varies,,Added after obtaining the National PokéDex,,,
ekans,ekans,brilliant-diamond-shining-pearl,brilliant-diamond,riverbank-cave,walking-around,16 - 63,varies,,Added after obtaining the National PokéDex,,,
ekans,ekans,brilliant-diamond-shining-pearl,brilliant-diamond,still-water-cavern,walking-around,16 - 63,varies,,Added after obtaining the National PokéDex,,,
ekans,ekans,brilliant-diamond-shining-pearl,brilliant-diamond,sunlit-cavern,walking-around,16 - 63,varies,,Added after obtaining the National PokéDex,,,
ekans,ekans,brilliant-diamond-shining-pearl,brilliant-diamond,swampy-cave,walking-around,16 - 63,varies,,Added after obtaining the National PokéDex,,,
electrike,electrike,brilliant-diamond-shining-pearl,brilliant-diamond;shining-pearl,valley-windworks,swarm,7,40%,,,,,
elekid,elekid,brilliant-diamond-shining-pearl,brilliant-diamond,dazzling-cave,walking-around,16 - 63,varies,,Added after obtaining the National PokéDex,,,
elekid,elekid,brilliant-diamond-shining-pearl,brilliant-diamond,dazzling-cave,walking-around,16 - 63,15%,,,,,
elekid,elekid,brilliant-diamond-shining-pearl,brilliant-diamond,glacial-cavern,walking-around,16 - 63,10%,,,,,
elekid,elekid,brilliant-diamond-shining-pearl,brilliant-diamond,stargleam-cavern,walking-around,16 - 63,varies,,Added after obtaining the National PokéDex,,,
elekid,elekid,brilliant-diamond-shining-pearl,brilliant-diamond,stargleam-cavern,walking-around,16 - 63,15%,,Added after obtaining the National PokéDex,,,
elekid,elekid,brilliant-diamond-shining-pearl,brilliant-diamond,whiteout-cave,walking-around,16 - 63,varies,,Added after obtaining the National PokéDex,,,
elekid,elekid,brilliant-diamond-shining-pearl,brilliant-diamond,whiteout-cave,walking-around,16 - 63,14.3%,,,,,
entei,entei,brilliant-diamond-shining-pearl,brilliant-diamond,ramanas-park-johto-room,special-encounter,70,one,,Inser the {Johto Slate;ITEM;johto-slate} to battle.,,,
exeggcute,exeggcute,brilliant-diamond-shining-pearl,brilliant-diamond;shining-pearl,great-marsh,walking-tall-grass,"22, 24, 26",10%,,"Post-National PokéDex, 1/32 selection chance",,,
farfetchd,farfetchd,brilliant-diamond-shining-pearl,brilliant-diamond;shining-pearl,fountainspring-cave,walking-around,16 - 63,varies,,Added after obtaining the National PokéDex,,,
farfetchd,farfetchd,brilliant-diamond-shining-pearl,brilliant-diamond;shining-pearl,grassland-cave,walking-around,16 - 63,varies,,Added after obtaining the National PokéDex,,,
farfetchd,farfetchd,brilliant-diamond-shining-pearl,brilliant-diamond;shining-pearl,route-221-sinnoh,swarm,28,40%,,,,,
farfetchd,farfetchd,brilliant-diamond-shining-pearl,brilliant-diamond;shining-pearl,spacious-cave,walking-around,16 - 63,varies,,Added after obtaining the National PokéDex,,,
farfetchd,farfetchd,brilliant-diamond-shining-pearl,brilliant-diamond;shining-pearl,sunlit-cavern,walking-around,16 - 63,varies,,Added after obtaining the National PokéDex,,,
fearow,fearow,brilliant-diamond-shining-pearl,brilliant-diamond;shining-pearl,route-225-sinnoh,walking-tall-grass,"50, 52",,,,,20%,20%
fearow,fearow,brilliant-diamond-shining-pearl,brilliant-diamond;shining-pearl,route-225-sinnoh,walking-tall-grass,51,20%,,,,,
fearow,fearow,brilliant-diamond-shining-pearl,brilliant-diamond;shining-pearl,route-226-sinnoh,walking-tall-grass,"51, 53",,,,,20%,20%
fearow,fearow,brilliant-diamond-shining-pearl,brilliant-diamond;shining-pearl,route-226-sinnoh,walking-tall-grass,52,20%,,,,,
fearow,fearow,brilliant-diamond-shining-pearl,brilliant-diamond;shining-pearl,route-227-sinnoh,walking-tall-grass,54,,,,,10%,10%
fearow,fearow,brilliant-diamond-shining-pearl,brilliant-diamond;shining-pearl,route-227-sinnoh,walking-tall-grass,55,10%,,,,,
fearow,fearow,brilliant-diamond-shining-pearl,brilliant-diamond;shining-pearl,stark-mountain-outside,walking-tall-grass,54,,,,,10%,10%
fearow,fearow,brilliant-diamond-shining-pearl,brilliant-diamond;shining-pearl,stark-mountain-outside,walking-tall-grass,55,10%,,,,,
feebas,feebas,brilliant-diamond-shining-pearl,brilliant-diamond;shining-pearl,mount-coronet-b1f,fishing-old-rod,10 - 20,50%,,Only on four random squares,,,
feebas,feebas,brilliant-diamond-shining-pearl,brilliant-diamond;shining-pearl,mount-coronet-b1f,fishing-good-rod,10 - 20,50%,,Only on four random squares,,,
feebas,feebas,brilliant-diamond-shining-pearl,brilliant-diamond;shining-pearl,mount-coronet-b1f,fishing-super-rod,10 - 20,50%,,Only on four random squares,,,
finneon,finneon,brilliant-diamond-shining-pearl,brilliant-diamond;shining-pearl,canalave-city,fishing-good-rod,10 - 25,45%,,,,,
finneon,finneon,brilliant-diamond-shining-pearl,brilliant-diamond;shining-pearl,fuego-ironworks,fishing-good-rod,10 - 25,45%,,,,,
finneon,finneon,brilliant-diamond-shining-pearl,brilliant-diamond;shining-pearl,iron-island-outside,fishing-good-rod,10 - 25,45%,,,,,
finneon,finneon,brilliant-diamond-shining-pearl,brilliant-diamond;shining-pearl,route-205-sinnoh-southern-part,fishing-good-rod,10 - 25,45%,,,,,
finneon,finneon,brilliant-diamond-shining-pearl,brilliant-diamond;shining-pearl,route-218-sinnoh,fishing-good-rod,10 - 25,45%,,,,,
finneon,finneon,brilliant-diamond-shining-pearl,brilliant-diamond;shining-pearl,route-219-sinnoh,fishing-good-rod,10 - 25,45%,,,,,
finneon,finneon,brilliant-diamond-shining-pearl,brilliant-diamond;shining-pearl,route-220-sinnoh,fishing-good-rod,10 - 25,45%,,,,,
finneon,finneon,brilliant-diamond-shining-pearl,brilliant-diamond;shining-pearl,route-221-sinnoh,fishing-good-rod,10 - 25,45%,,,,,
finneon,finneon,brilliant-diamond-shining-pearl,brilliant-diamond;shining-pearl,valley-windworks,fishing-good-rod,10 - 25,45%,,,,,
flaaffy,flaaffy,brilliant-diamond-shining-pearl,brilliant-diamond;shining-pearl,grassland-cave,walking-around,16 - 63,varies,,Added after obtaining the National PokéDex,,,
flaaffy,flaaffy,brilliant-diamond-shining-pearl,brilliant-diamond;shining-pearl,route-222-sinnoh,poke-radar,41 - 42,22%,,,,,
flaaffy,flaaffy,brilliant-diamond-shining-pearl,brilliant-diamond;shining-pearl,sunlit-cavern,walking-around,16 - 63,varies,,Added after obtaining the National PokéDex,,,
flaaffy,flaaffy,brilliant-diamond-shining-pearl,brilliant-diamond;shining-pearl,whiteout-cave,walking-around,16 - 63,varies,,Added after obtaining the National PokéDex,,,
floatzel,floatzel,brilliant-diamond-shining-pearl,brilliant-diamond;shining-pearl,fuego-ironworks,walking-tall-grass,29 - 30,25%,,,,,
floatzel,floatzel,brilliant-diamond-shining-pearl,brilliant-diamond;shining-pearl,route-213-sinnoh,walking-tall-grass,22,10%,,,,,
floatzel,floatzel,brilliant-diamond-shining-pearl,brilliant-diamond;shining-pearl,route-218-sinnoh,walking-tall-grass,28 - 30,35%,,,,,
floatzel,floatzel,brilliant-diamond-shining-pearl,brilliant-diamond;shining-pearl,route-221-sinnoh,walking-tall-grass,"28, 30",25%,,,,,
floatzel,floatzel,brilliant-diamond-shining-pearl,brilliant-diamond;shining-pearl,route-222-sinnoh,walking-tall-grass,"40, 42",25%,,,,,
floatzel,floatzel,brilliant-diamond-shining-pearl,brilliant-diamond;shining-pearl,route-222-sinnoh,walking-tall-grass,41,,,,10%,,
floatzel,floatzel,brilliant-diamond-shining-pearl,brilliant-diamond;shining-pearl,route-224-sinnoh,walking-tall-grass,53 - 54,,,,30%,20%,20%
floatzel,floatzel,brilliant-diamond-shining-pearl,brilliant-diamond;shining-pearl,route-230-sinnoh,walking-tall-grass,50 - 52,13%,,,,,
floatzel,floatzel,brilliant-diamond-shining-pearl,brilliant-diamond;shining-pearl,victory-road-sinnoh-b1f,walking-around,44 - 45,30%,,,,,
floatzel,floatzel,brilliant-diamond-shining-pearl,brilliant-diamond;shining-pearl,victory-road-sinnoh-1f-back-2,walking-around,50 - 51,30%,,Area is only accessible after entering the Hall of Fame and obtaining the National Pokédex,,,
furret,furret,brilliant-diamond-shining-pearl,brilliant-diamond;shining-pearl,big-bluff-cavern,walking-around,16 - 63,varies,,Added after obtaining the National PokéDex,,,
furret,furret,brilliant-diamond-shining-pearl,brilliant-diamond;shining-pearl,rocky-cave,walking-around,16 - 63,varies,,Sandshrew,,,
furret,furret,brilliant-diamond-shining-pearl,brilliant-diamond;shining-pearl,spacious-cave,walking-around,16 - 63,varies,,Added after obtaining the National PokéDex,,,
furret,furret,brilliant-diamond-shining-pearl,brilliant-diamond;shining-pearl,typhlo-cavern,walking-around,16 - 63,varies,,Added after obtaining the National PokéDex,,,
furret,furret,brilliant-diamond-shining-pearl,brilliant-diamond;shining-pearl,volcanic-cave,walking-around,16 - 63,varies,,Added after obtaining the National PokéDex,,,
furret,furret,brilliant-diamond-shining-pearl,brilliant-diamond;shining-pearl,whiteout-cave,walking-around,16 - 63,varies,,Added after obtaining the National PokéDex,,,
gabite,gabite,brilliant-diamond-shining-pearl,brilliant-diamond;shining-pearl,fountainspring-cave,walking-around,50 - 63,varies,,Added after obtaining TM99 (Waterfall),,,
gabite,gabite,brilliant-diamond-shining-pearl,brilliant-diamond;shining-pearl,riverbank-cave,walking-around,50 - 63,varies,,Added after obtaining TM99 (Waterfall),,,
gabite,gabite,brilliant-diamond-shining-pearl,brilliant-diamond;shining-pearl,still-water-cavern,walking-around,50 - 63,varies,,Added after obtaining TM99 (Waterfall),,,
gastly,gastly,brilliant-diamond-shining-pearl,brilliant-diamond;shining-pearl,dazzling-cave,walking-around,16 - 63,varies,,,,,
gastly,gastly,brilliant-diamond-shining-pearl,brilliant-diamond;shining-pearl,lost-tower-1f,walking-around,16,20%,,,,,
gastly,gastly,brilliant-diamond-shining-pearl,brilliant-diamond;shining-pearl,lost-tower-1f,walking-around,17,,,,10%,20%,20%
gastly,gastly,brilliant-diamond-shining-pearl,brilliant-diamond;shining-pearl,lost-tower-1f,walking-around,18,10%,,,,,
gastly,gastly,brilliant-diamond-shining-pearl,brilliant-diamond;shining-pearl,lost-tower-2f,walking-around,17,20%,,,,,
gastly,gastly,brilliant-diamond-shining-pearl,brilliant-diamond;shining-pearl,lost-tower-2f,walking-around,18,,,,10%,20%,20%
gastly,gastly,brilliant-diamond-shining-pearl,brilliant-diamond;shining-pearl,lost-tower-2f,walking-around,19,10%,,,,,
gastly,gastly,brilliant-diamond-shining-pearl,brilliant-diamond;shining-pearl,lost-tower-3f,walking-around,18,20%,,,,,
gastly,gastly,brilliant-diamond-shining-pearl,brilliant-diamond;shining-pearl,lost-tower-3f,walking-around,19,,,,10%,20%,20%
gastly,gastly,brilliant-diamond-shining-pearl,brilliant-diamond;shining-pearl,lost-tower-3f,walking-around,20,10%,,,,,
gastly,gastly,brilliant-diamond-shining-pearl,brilliant-diamond;shining-pearl,lost-tower-4f,walking-around,19,20%,,,,,
gastly,gastly,brilliant-diamond-shining-pearl,brilliant-diamond;shining-pearl,lost-tower-4f,walking-around,20,,,,10%,20%,20%
gastly,gastly,brilliant-diamond-shining-pearl,brilliant-diamond;shining-pearl,lost-tower-4f,walking-around,21,10%,,,,,
gastly,gastly,brilliant-diamond-shining-pearl,brilliant-diamond;shining-pearl,lost-tower-5f,walking-around,20,20%,,,,,
gastly,gastly,brilliant-diamond-shining-pearl,brilliant-diamond;shining-pearl,lost-tower-5f,walking-around,21,,,,10%,20%,20%
gastly,gastly,brilliant-diamond-shining-pearl,brilliant-diamond;shining-pearl,lost-tower-5f,walking-around,22,10%,,,,,
gastly,gastly,brilliant-diamond-shining-pearl,brilliant-diamond;shining-pearl,old-chateau,walking-around,12 - 16,100%,,,,,
gastly,gastly,brilliant-diamond-shining-pearl,brilliant-diamond;shining-pearl,route-209-sinnoh,walking-tall-grass,16,,,,10%,,
gastly,gastly,brilliant-diamond-shining-pearl,brilliant-diamond;shining-pearl,stargleam-cavern,walking-around,16 - 63,varies,,,,,
gastrodon,gastrodon-east,brilliant-diamond-shining-pearl,brilliant-diamond;shining-pearl,fountainspring-cave,walking-around,16 - 63,varies,,,,,
gastrodon,gastrodon-east,brilliant-diamond-shining-pearl,brilliant-diamond,route-222-sinnoh,walking-tall-grass,40 - 42,,,,40%,30%,30%
gastrodon,gastrodon-east,brilliant-diamond-shining-pearl,shining-pearl,route-222-sinnoh,walking-tall-grass,40,,,,10%,,
gastrodon,gastrodon-east,brilliant-diamond-shining-pearl,shining-pearl,route-222-sinnoh,walking-tall-grass,41 - 42,10%,,,,,
gastrodon,gastrodon-east,brilliant-diamond-shining-pearl,brilliant-diamond;shining-pearl,route-224-sinnoh,walking-tall-grass,52 - 53,,,,30%,20%,20%
gastrodon,gastrodon-east,brilliant-diamond-shining-pearl,brilliant-diamond;shining-pearl,route-230-sinnoh,walking-tall-grass,51,5%,,,,,
gastrodon,gastrodon-west,brilliant-diamond-shining-pearl,brilliant-diamond;shining-pearl,fuego-ironworks,walking-tall-grass,29 - 30,15%,,,,,
gastrodon,gastrodon-west,brilliant-diamond-shining-pearl,brilliant-diamond;shining-pearl,route-218-sinnoh,walking-tall-grass,28 - 30,20%,,,,,
gastrodon,gastrodon-west,brilliant-diamond-shining-pearl,brilliant-diamond,route-221-sinnoh,walking-tall-grass,29 - 30,10%,,,,,
gastrodon,gastrodon-west,brilliant-diamond-shining-pearl,shining-pearl,route-221-sinnoh,walking-tall-grass,28 - 30,30%,,,,,
geodude,geodude,brilliant-diamond-shining-pearl,brilliant-diamond;shining-pearl,big-bluff-cavern,walking-around,16 - 63,varies,,,,,
geodude,geodude,brilliant-diamond-shining-pearl,brilliant-diamond;shining-pearl,iron-island-1f,walking-around,29 - 31,35%,,,,,
geodude,geodude,brilliant-diamond-shining-pearl,brilliant-diamond;shining-pearl,iron-island-b1f,walking-around,31,100%,,,,,
geodude,geodude,brilliant-diamond-shining-pearl,brilliant-diamond;shining-pearl,iron-island-b2f-right,walking-around,31,100%,,,,,
geodude,geodude,brilliant-diamond-shining-pearl,brilliant-diamond;shining-pearl,iron-island-b2f-left,walking-around,32,100%,,,,,
geodude,geodude,brilliant-diamond-shining-pearl,brilliant-diamond;shining-pearl,iron-island-b3f,walking-around,32,100%,,,,,
geodude,geodude,brilliant-diamond-shining-pearl,brilliant-diamond;shining-pearl,maniac-tunnel,walking-around,22,95%,,Seen fewer than 10 Unown Forms,,,
geodude,geodude,brilliant-diamond-shining-pearl,brilliant-diamond;shining-pearl,maniac-tunnel,walking-around,23,90%,,Seen between 10 - 25 Unown  Forms,,,
geodude,geodude,brilliant-diamond-shining-pearl,brilliant-diamond;shining-pearl,maniac-tunnel,walking-around,24,80%,,Seen 26 or more Unown Forms,,,
geodude,geodude,brilliant-diamond-shining-pearl,brilliant-diamond;shining-pearl,mount-coronet-southern-1f-oreburgh-city-hearthome-city-side,walking-around,14,,,,10%,,10%
geodude,geodude,brilliant-diamond-shining-pearl,brilliant-diamond;shining-pearl,mount-coronet-southern-1f-oreburgh-city-hearthome-city-side,walking-around,15,20%,,,,,
geodude,geodude,brilliant-diamond-shining-pearl,brilliant-diamond;shining-pearl,mount-coronet-northern-1f-room-1-eterna-city-celestic-town-side,walking-around,12,,,,10%,,10%
geodude,geodude,brilliant-diamond-shining-pearl,brilliant-diamond;shining-pearl,mount-coronet-northern-1f-room-1-eterna-city-celestic-town-side,walking-around,13,20%,,,,,
geodude,geodude,brilliant-diamond-shining-pearl,brilliant-diamond;shining-pearl,oreburgh-gate-1f,walking-around,4 - 8,80%,,,,,
geodude,geodude,brilliant-diamond-shining-pearl,brilliant-diamond;shining-pearl,oreburgh-gate-b1f,walking-around,9,10%,,,,,
geodude,geodude,brilliant-diamond-shining-pearl,brilliant-diamond;shining-pearl,oreburgh-mine-b1f,walking-around,"5 - 7, 9, 10",70%,,,,,
geodude,geodude,brilliant-diamond-shining-pearl,brilliant-diamond;shining-pearl,oreburgh-mine-b2f,walking-around,"6 - 8, 10",70%,,,,,
geodude,geodude,brilliant-diamond-shining-pearl,brilliant-diamond;shining-pearl,ravaged-path,walking-around,5,20%,,,,,
geodude,geodude,brilliant-diamond-shining-pearl,brilliant-diamond;shining-pearl,rocky-cave,walking-around,16 - 63,varies,,,,,
geodude,geodude,brilliant-diamond-shining-pearl,brilliant-diamond,route-206-sinnoh,walking-tall-grass,14,10%,,,,,
geodude,geodude,brilliant-diamond-shining-pearl,shining-pearl,route-206-sinnoh,walking-tall-grass,14 - 16,35%,,,,,
geodude,geodude,brilliant-diamond-shining-pearl,brilliant-diamond;shining-pearl,route-207-sinnoh,walking-tall-grass,5 - 7,55%,,,,,
geodude,geodude,brilliant-diamond-shining-pearl,brilliant-diamond;shining-pearl,route-210-sinnoh-southern-part,walking-tall-grass,19,30%,,,,,
geodude,geodude,brilliant-diamond-shining-pearl,brilliant-diamond;shining-pearl,route-211-sinnoh-western-part,walking-tall-grass,13,10%,,,,,
geodude,geodude,brilliant-diamond-shining-pearl,brilliant-diamond;shining-pearl,route-214-sinnoh,walking-tall-grass,22,20%,,,,,
geodude,geodude,brilliant-diamond-shining-pearl,brilliant-diamond;shining-pearl,route-215-sinnoh,walking-tall-grass,"20, 22",25%,,,,,
geodude,geodude,brilliant-diamond-shining-pearl,brilliant-diamond;shining-pearl,route-215-sinnoh,walking-tall-grass,21,,,,,10%,
geodude,geodude,brilliant-diamond-shining-pearl,brilliant-diamond;shining-pearl,spacious-cave,walking-around,16 - 63,varies,,,,,
geodude,geodude,brilliant-diamond-shining-pearl,brilliant-diamond;shining-pearl,stark-mountain-inside-1,walking-around,"25, 27",5%,,,,,
geodude,geodude,brilliant-diamond-shining-pearl,brilliant-diamond;shining-pearl,stark-mountain-inside-2,walking-around,"27, 29",5%,,,,,
geodude,geodude,brilliant-diamond-shining-pearl,brilliant-diamond;shining-pearl,typhlo-cavern,walking-around,16 - 63,varies,,,,,
geodude,geodude,brilliant-diamond-shining-pearl,brilliant-diamond;shining-pearl,valor-lakefront,walking-tall-grass,20,20%,,,,,
geodude,geodude,brilliant-diamond-shining-pearl,brilliant-diamond;shining-pearl,volcanic-cave,walking-around,16 - 63,varies,,,,,
geodude,geodude,brilliant-diamond-shining-pearl,brilliant-diamond;shining-pearl,wayward-cave-1f,walking-around,15 - 16,15%,,,,,
geodude,geodude,brilliant-diamond-shining-pearl,brilliant-diamond;shining-pearl,wayward-cave-b1f,walking-around,16,10%,,,,,
gible,gible,brilliant-diamond-shining-pearl,brilliant-diamond;shining-pearl,fountainspring-cave,walking-around,42 - 63,varies,,Added after earning the Icicle Badge,,,
gible,gible,brilliant-diamond-shining-pearl,brilliant-diamond;shining-pearl,riverbank-cave,walking-around,42 - 63,varies,,Added after earning the Icicle Badge,,,
gible,gible,brilliant-diamond-shining-pearl,brilliant-diamond;shining-pearl,still-water-cavern,walking-around,42 - 63,varies,,Added after earning the Icicle Badge,,,
gible,gible,brilliant-diamond-shining-pearl,brilliant-diamond;shining-pearl,wayward-cave-b1f,walking-around,15 - 17,15%,,,,,
girafarig,girafarig,brilliant-diamond-shining-pearl,brilliant-diamond;shining-pearl,dazzling-cave,walking-around,25 - 63,varies,,Added after obtaining TM97 (Defog),,,
girafarig,girafarig,brilliant-diamond-shining-pearl,brilliant-diamond;shining-pearl,route-214-sinnoh,walking-tall-grass,24,10%,,,,,
girafarig,girafarig,brilliant-diamond-shining-pearl,brilliant-diamond;shining-pearl,stargleam-cavern,walking-around,25 - 63,varies,,Added after obtaining TM97 (Defog),,,
girafarig,girafarig,brilliant-diamond-shining-pearl,brilliant-diamond;shining-pearl,valor-lakefront,walking-tall-grass,21 - 22,30%,,,,,
giratina-altered,giratina-altered,brilliant-diamond-shining-pearl,brilliant-diamond;shining-pearl,turnback-cave,special-encounter,70,one,,Respawns after entering the Hall of Fame if defeated or run from.,,,
giratina-origin,giratina-origin,brilliant-diamond-shining-pearl,brilliant-diamond;shining-pearl,ramanas-park-distortion-room,special-encounter,100,one,,Inser the {Distortion Slate;ITEM;distortion-slate} to battle. Can not be caught,,,
glalie,glalie,brilliant-diamond-shining-pearl,brilliant-diamond;shining-pearl,glacial-cavern,walking-around,16 - 63,varies,,Added after obtaining the National PokéDex,,,
glalie,glalie,brilliant-diamond-shining-pearl,brilliant-diamond;shining-pearl,glacial-cavern,walking-around,16 - 63,10%,,,,,
glalie,glalie,brilliant-diamond-shining-pearl,brilliant-diamond;shining-pearl,icy-cave,walking-around,16 - 63,varies,,Added after obtaining the National PokéDex,,,
glalie,glalie,brilliant-diamond-shining-pearl,brilliant-diamond;shining-pearl,icy-cave,walking-around,16 - 63,14.3%,,,,,
glalie,glalie,brilliant-diamond-shining-pearl,brilliant-diamond;shining-pearl,whiteout-cave,walking-around,16 - 63,varies,,Added after obtaining the National PokéDex,,,
glalie,glalie,brilliant-diamond-shining-pearl,brilliant-diamond;shining-pearl,whiteout-cave,walking-around,16 - 63,14.3%,,,,,
glameow,glameow,brilliant-diamond-shining-pearl,shining-pearl,grassland-cave,walking-around,42 - 63,varies,,Added after earning the Icicle Badge,,,
glameow,glameow,brilliant-diamond-shining-pearl,shining-pearl,riverbank-cave,walking-around,42 - 63,varies,,Added after earning the Icicle Badge,,,
glameow,glameow,brilliant-diamond-shining-pearl,shining-pearl,route-218-sinnoh,walking-tall-grass,29 - 30,15%,,,,,
glameow,glameow,brilliant-diamond-shining-pearl,shining-pearl,route-222-sinnoh,walking-tall-grass,40,20%,,,,,
glameow,glameow,brilliant-diamond-shining-pearl,shining-pearl,spacious-cave,walking-around,42 - 63,varies,,Added after earning the Icicle Badge,,,
glameow,glameow,brilliant-diamond-shining-pearl,shining-pearl,still-water-cavern,walking-around,42 - 63,varies,,Added after earning the Icicle Badge,,,
glameow,glameow,brilliant-diamond-shining-pearl,shining-pearl,sunlit-cavern,walking-around,42 - 63,varies,,Added after earning the Icicle Badge,,,
gligar,gligar,brilliant-diamond-shining-pearl,brilliant-diamond;shining-pearl,big-bluff-cavern,walking-around,16 - 63,varies,,Added after obtaining the National PokéDex,,,
gligar,gligar,brilliant-diamond-shining-pearl,brilliant-diamond,bogsunk-cavern,walking-around,16 - 63,20%,,,,,
gligar,gligar,brilliant-diamond-shining-pearl,brilliant-diamond,rocky-cave,walking-around,16 - 63,varies,,Sandshrew,,,
gligar,gligar,brilliant-diamond-shining-pearl,brilliant-diamond,rocky-cave,walking-around,16 - 63,30%,,,,,
gligar,gligar,brilliant-diamond-shining-pearl,brilliant-diamond,sunlit-cavern,walking-around,16 - 63,30%,,Added after obtaining the National PokéDex,,,
gligar,gligar,brilliant-diamond-shining-pearl,brilliant-diamond,swampy-cave,walking-around,16 - 63,20%,,Added after obtaining the National PokéDex,,,
gloom,gloom,brilliant-diamond-shining-pearl,brilliant-diamond;shining-pearl,bogsunk-cavern,walking-around,16 - 63,varies,,Added after obtaining the National PokéDex,,,
gloom,gloom,brilliant-diamond-shining-pearl,brilliant-diamond;shining-pearl,grassland-cave,walking-around,16 - 63,varies,,Added after obtaining the National PokéDex,,,
gloom,gloom,brilliant-diamond-shining-pearl,brilliant-diamond;shining-pearl,riverbank-cave,walking-around,16 - 63,varies,,Added after obtaining the National PokéDex,,,
gloom,gloom,brilliant-diamond-shining-pearl,brilliant-diamond;shining-pearl,route-224-sinnoh,walking-tall-grass,53,5%,,,,,
gloom,gloom,brilliant-diamond-shining-pearl,brilliant-diamond;shining-pearl,route-229-sinnoh,walking-tall-grass,52,,,,,,10%
gloom,gloom,brilliant-diamond-shining-pearl,brilliant-diamond;shining-pearl,route-229-sinnoh,walking-tall-grass,51,20%,,,,,
gloom,gloom,brilliant-diamond-shining-pearl,brilliant-diamond;shining-pearl,route-230-sinnoh,walking-tall-grass,50,20%,,,,,
gloom,gloom,brilliant-diamond-shining-pearl,brilliant-diamond;shining-pearl,spacious-cave,walking-around,16 - 63,varies,,Added after obtaining the National PokéDex,,,
gloom,gloom,brilliant-diamond-shining-pearl,brilliant-diamond;shining-pearl,still-water-cavern,walking-around,16 - 63,varies,,Added after obtaining the National PokéDex,,,
gloom,gloom,brilliant-diamond-shining-pearl,brilliant-diamond;shining-pearl,sunlit-cavern,walking-around,16 - 63,varies,,Added after obtaining the National PokéDex,,,
gloom,gloom,brilliant-diamond-shining-pearl,brilliant-diamond;shining-pearl,swampy-cave,walking-around,16 - 63,varies,,Added after obtaining the National PokéDex,,,
golbat,golbat,brilliant-diamond-shining-pearl,brilliant-diamond;shining-pearl,bogsunk-cavern,walking-around,25 - 63,varies,,Added after obtaining TM96 (Strength),,,
golbat,golbat,brilliant-diamond-shining-pearl,brilliant-diamond;shining-pearl,grassland-cave,walking-around,25 - 63,varies,,Added after obtaining TM96 (Strength),,,
golbat,golbat,brilliant-diamond-shining-pearl,brilliant-diamond;shining-pearl,iron-island-1f,walking-around,31,10%,,,,,
golbat,golbat,brilliant-diamond-shining-pearl,brilliant-diamond;shining-pearl,iron-island-b1f,walking-around,30 - 31,20%,,,,,
golbat,golbat,brilliant-diamond-shining-pearl,brilliant-diamond;shining-pearl,iron-island-b2f-right,walking-around,30 - 31,20%,,,,,
golbat,golbat,brilliant-diamond-shining-pearl,brilliant-diamond;shining-pearl,iron-island-b2f-left,walking-around,31 - 32,20%,,,,,
golbat,golbat,brilliant-diamond-shining-pearl,brilliant-diamond;shining-pearl,iron-island-b3f,walking-around,31 - 32,20%,,,,,
golbat,golbat,brilliant-diamond-shining-pearl,brilliant-diamond;shining-pearl,lost-tower-3f,walking-around,19,100%,,,,,
golbat,golbat,brilliant-diamond-shining-pearl,brilliant-diamond;shining-pearl,lost-tower-4f,walking-around,20,4%,,,,,
golbat,golbat,brilliant-diamond-shining-pearl,brilliant-diamond;shining-pearl,lost-tower-4f,walking-around,21,100%,,,,,
golbat,golbat,brilliant-diamond-shining-pearl,brilliant-diamond;shining-pearl,lost-tower-5f,walking-around,21,5%,,,,,
golbat,golbat,brilliant-diamond-shining-pearl,brilliant-diamond;shining-pearl,lost-tower-5f,walking-around,22,4%,,,,,
golbat,golbat,brilliant-diamond-shining-pearl,brilliant-diamond;shining-pearl,lost-tower-5f,walking-around,23,100%,,,,,
golbat,golbat,brilliant-diamond-shining-pearl,brilliant-diamond;shining-pearl,mount-coronet-southern-1f-oreburgh-city-hearthome-city-side,surfing,20 - 40,10%,,,,,
golbat,golbat,brilliant-diamond-shining-pearl,brilliant-diamond;shining-pearl,mount-coronet-b1f,walking-around,31 - 32,20%,,,,,
golbat,golbat,brilliant-diamond-shining-pearl,brilliant-diamond;shining-pearl,mount-coronet-b1f,surfing,20 - 40,10%,,,,,
golbat,golbat,brilliant-diamond-shining-pearl,brilliant-diamond;shining-pearl,mount-coronet-northern-1f-room-2,walking-around,31 - 32,20%,,,,,
golbat,golbat,brilliant-diamond-shining-pearl,brilliant-diamond;shining-pearl,mount-coronet-2f,walking-around,37,10%,,,,,
golbat,golbat,brilliant-diamond-shining-pearl,brilliant-diamond;shining-pearl,mount-coronet-3f,walking-around,37,10%,,,,,
golbat,golbat,brilliant-diamond-shining-pearl,brilliant-diamond;shining-pearl,mount-coronet-4f,walking-around,39,10%,,,,,
golbat,golbat,brilliant-diamond-shining-pearl,brilliant-diamond;shining-pearl,mount-coronet-4f,surfing,20 - 40,10%,,,,,
golbat,golbat,brilliant-diamond-shining-pearl,brilliant-diamond;shining-pearl,mount-coronet-4f-room-2,walking-around,39,10%,,,,,
golbat,golbat,brilliant-diamond-shining-pearl,brilliant-diamond;shining-pearl,mount-coronet-4f-room-3,walking-around,39,10%,,,,,
golbat,golbat,brilliant-diamond-shining-pearl,brilliant-diamond;shining-pearl,mount-coronet-5f,walking-around,41,10%,,,,,
golbat,golbat,brilliant-diamond-shining-pearl,brilliant-diamond;shining-pearl,mount-coronet-6f,walking-around,41,10%,,,,,
golbat,golbat,brilliant-diamond-shining-pearl,brilliant-diamond;shining-pearl,mount-coronet-tunnel-room,walking-around,39,10%,,,,,
golbat,golbat,brilliant-diamond-shining-pearl,brilliant-diamond;shining-pearl,mount-coronet-mountainside,walking-tall-grass,39,,,,10%,,
golbat,golbat,brilliant-diamond-shining-pearl,brilliant-diamond;shining-pearl,oreburgh-gate-b1f,surfing,20 - 40,5%,,,,,
golbat,golbat,brilliant-diamond-shining-pearl,brilliant-diamond;shining-pearl,ravaged-path,surfing,20 - 40,5%,,,,,
golbat,golbat,brilliant-diamond-shining-pearl,brilliant-diamond;shining-pearl,route-227-sinnoh,walking-tall-grass,54,,,,10%,,
golbat,golbat,brilliant-diamond-shining-pearl,brilliant-diamond;shining-pearl,snowpoint-temple-1f,walking-around,50 - 52,35%,,,,,
golbat,golbat,brilliant-diamond-shining-pearl,brilliant-diamond;shining-pearl,snowpoint-temple-b1f,walking-around,52 - 54,35%,,,,,
golbat,golbat,brilliant-diamond-shining-pearl,brilliant-diamond;shining-pearl,snowpoint-temple-b2f,walking-around,52 - 54,35%,,,,,
golbat,golbat,brilliant-diamond-shining-pearl,brilliant-diamond;shining-pearl,snowpoint-temple-b3f,walking-around,52 - 54,35%,,,,,
golbat,golbat,brilliant-diamond-shining-pearl,brilliant-diamond;shining-pearl,snowpoint-temple-b4f,walking-around,54 - 56,35%,,,,,
golbat,golbat,brilliant-diamond-shining-pearl,brilliant-diamond;shining-pearl,snowpoint-temple-b5f,walking-around,54 - 56,35%,,,,,
golbat,golbat,brilliant-diamond-shining-pearl,brilliant-diamond;shining-pearl,spacious-cave,walking-around,25 - 63,varies,,Added after obtaining TM96 (Strength),,,
golbat,golbat,brilliant-diamond-shining-pearl,brilliant-diamond;shining-pearl,stark-mountain-outside,walking-tall-grass,54,,,,10%,,
golbat,golbat,brilliant-diamond-shining-pearl,brilliant-diamond;shining-pearl,stark-mountain-inside-1,walking-around,54,10%,,,,,
golbat,golbat,brilliant-diamond-shining-pearl,brilliant-diamond;shining-pearl,stark-mountain-inside-2,walking-around,56,10%,,,,,
golbat,golbat,brilliant-diamond-shining-pearl,brilliant-diamond;shining-pearl,sunlit-cavern,walking-around,25 - 63,varies,,Added after obtaining TM96 (Strength),,,
golbat,golbat,brilliant-diamond-shining-pearl,brilliant-diamond;shining-pearl,swampy-cave,walking-around,25 - 63,varies,,Added after obtaining TM96 (Strength),,,
golbat,golbat,brilliant-diamond-shining-pearl,brilliant-diamond;shining-pearl,turnback-cave-before-encountering-pillar,walking-around,45 - 46,30%,,,,,
golbat,golbat,brilliant-diamond-shining-pearl,brilliant-diamond;shining-pearl,turnback-cave-between-first-and-second-pillar,walking-around,55 - 56,30%,,,,,
golbat,golbat,brilliant-diamond-shining-pearl,brilliant-diamond;shining-pearl,turnback-cave-between-second-and-third-pillar,walking-around,65 - 66,30%,,,,,
golbat,golbat,brilliant-diamond-shining-pearl,brilliant-diamond;shining-pearl,victory-road-sinnoh-1f,walking-around,44 - 46,20%,,,,,
golbat,golbat,brilliant-diamond-shining-pearl,brilliant-diamond;shining-pearl,victory-road-sinnoh-2f,walking-around,45 - 47,20%,,,,,
golbat,golbat,brilliant-diamond-shining-pearl,brilliant-diamond;shining-pearl,victory-road-sinnoh-b1f,walking-around,44 - 46,20%,,,,,
golbat,golbat,brilliant-diamond-shining-pearl,brilliant-diamond;shining-pearl,victory-road-sinnoh-b1f,surfing,35 - 50,100%,,,,,
golbat,golbat,brilliant-diamond-shining-pearl,brilliant-diamond;shining-pearl,victory-road-sinnoh-1f-back-1,walking-around,50 - 52,20%,,Area is only accessible after entering the Hall of Fame and obtaining the National Pokédex,,,
golbat,golbat,brilliant-diamond-shining-pearl,brilliant-diamond;shining-pearl,victory-road-sinnoh-1f-back-2,walking-around,50 - 52,20%,,Area is only accessible after entering the Hall of Fame and obtaining the National Pokédex,,,
golbat,golbat,brilliant-diamond-shining-pearl,brilliant-diamond;shining-pearl,victory-road-sinnoh-1f-back-2,walking-around,50 - 52,20%,,Area is only accessible after entering the Hall of Fame and obtaining the National Pokédex,,,
golbat,golbat,brilliant-diamond-shining-pearl,brilliant-diamond;shining-pearl,victory-road-sinnoh-1f-back-2,surfing,40 - 55,90%,,Area is only accessible after entering the Hall of Fame and obtaining the National Pokédex,,,
goldeen,goldeen,brilliant-diamond-shining-pearl,brilliant-diamond;shining-pearl,lake-acuity-sinnoh,fishing-good-rod,10 - 25,45%,,,,,
goldeen,goldeen,brilliant-diamond-shining-pearl,brilliant-diamond;shining-pearl,lake-valor-sinnoh,fishing-good-rod,10 - 25,45%,,,,,
goldeen,goldeen,brilliant-diamond-shining-pearl,brilliant-diamond;shining-pearl,lake-verity-sinnoh,fishing-good-rod,10 - 25,45%,,,,,
goldeen,goldeen,brilliant-diamond-shining-pearl,brilliant-diamond;shining-pearl,resort-area,fishing-good-rod,10 - 25,45%,,,,,
goldeen,goldeen,brilliant-diamond-shining-pearl,brilliant-diamond;shining-pearl,sendoff-spring,fishing-good-rod,10 - 25,45%,,,,,
goldeen,goldeen,brilliant-diamond-shining-pearl,brilliant-diamond;shining-pearl,route-203-sinnoh,fishing-good-rod,10 - 25,45%,,,,,
goldeen,goldeen,brilliant-diamond-shining-pearl,brilliant-diamond;shining-pearl,route-204-sinnoh-south,fishing-good-rod,10 - 25,45%,,,,,
goldeen,goldeen,brilliant-diamond-shining-pearl,brilliant-diamond;shining-pearl,route-209-sinnoh,fishing-good-rod,10 - 25,45%,,,,,
goldeen,goldeen,brilliant-diamond-shining-pearl,brilliant-diamond;shining-pearl,route-212-sinnoh-northern-area,fishing-good-rod,10 - 25,45%,,,,,
goldeen,goldeen,brilliant-diamond-shining-pearl,brilliant-diamond;shining-pearl,route-214-sinnoh,fishing-good-rod,10 - 25,45%,,,,,
goldeen,goldeen,brilliant-diamond-shining-pearl,brilliant-diamond;shining-pearl,twinleaf-town,fishing-good-rod,10 - 25,45%,,,,,
golduck,golduck,brilliant-diamond-shining-pearl,brilliant-diamond;shining-pearl,celestic-town,surfing,20 - 40,10%,,,,,
golduck,golduck,brilliant-diamond-shining-pearl,brilliant-diamond;shining-pearl,eterna-city,surfing,20 - 40,10%,,,,,
golduck,golduck,brilliant-diamond-shining-pearl,brilliant-diamond;shining-pearl,great-marsh,walking-tall-grass,"22, 24, 26",10%,,2/32 selection chance,,,
golduck,golduck,brilliant-diamond-shining-pearl,brilliant-diamond;shining-pearl,lake-acuity-sinnoh,surfing,20 - 40,10%,,,,,
golduck,golduck,brilliant-diamond-shining-pearl,brilliant-diamond;shining-pearl,lake-valor-sinnoh,surfing,20 - 40,10%,,,,,
golduck,golduck,brilliant-diamond-shining-pearl,brilliant-diamond;shining-pearl,lake-verity-sinnoh,surfing,20 - 40,10%,,,,,
golduck,golduck,brilliant-diamond-shining-pearl,brilliant-diamond;shining-pearl,oreburgh-gate-b1f,surfing,20 - 40,5%,,,,,
golduck,golduck,brilliant-diamond-shining-pearl,brilliant-diamond;shining-pearl,ravaged-path,surfing,20 - 40,5%,,,,,
golduck,golduck,brilliant-diamond-shining-pearl,brilliant-diamond;shining-pearl,resort-area,surfing,40 - 55,100%,,,,,
golduck,golduck,brilliant-diamond-shining-pearl,brilliant-diamond;shining-pearl,sendoff-spring,walking-tall-grass,53 - 54,20%,,,,,
golduck,golduck,brilliant-diamond-shining-pearl,brilliant-diamond;shining-pearl,sendoff-spring,surfing,40 - 55,100%,,,,,
golduck,golduck,brilliant-diamond-shining-pearl,brilliant-diamond;shining-pearl,route-203-sinnoh,surfing,20 - 40,10%,,,,,
golduck,golduck,brilliant-diamond-shining-pearl,brilliant-diamond;shining-pearl,route-204-sinnoh-south,surfing,20 - 40,10%,,,,,
golduck,golduck,brilliant-diamond-shining-pearl,brilliant-diamond;shining-pearl,route-205-sinnoh-northern-part,surfing,20 - 40,10%,,,,,
golduck,golduck,brilliant-diamond-shining-pearl,brilliant-diamond;shining-pearl,route-208-sinnoh,surfing,20 - 40,10%,,,,,
golduck,golduck,brilliant-diamond-shining-pearl,brilliant-diamond;shining-pearl,route-209-sinnoh,surfing,20 - 40,10%,,,,,
golduck,golduck,brilliant-diamond-shining-pearl,brilliant-diamond;shining-pearl,route-210-sinnoh-northern-foggy-part,surfing,20 - 40,10%,,,,,
golduck,golduck,brilliant-diamond-shining-pearl,brilliant-diamond;shining-pearl,route-212-sinnoh-northern-area,surfing,20 - 40,10%,,,,,
golduck,golduck,brilliant-diamond-shining-pearl,brilliant-diamond;shining-pearl,route-214-sinnoh,surfing,20 - 40,10%,,,,,
golduck,golduck,brilliant-diamond-shining-pearl,brilliant-diamond;shining-pearl,route-225-sinnoh,surfing,40 - 55,70%,,,,,
golduck,golduck,brilliant-diamond-shining-pearl,brilliant-diamond;shining-pearl,route-226-sinnoh,walking-tall-grass,"51, 53",10%,,,,,
golduck,golduck,brilliant-diamond-shining-pearl,brilliant-diamond;shining-pearl,route-230-sinnoh,walking-tall-grass,52,10%,,,,,
golduck,golduck,brilliant-diamond-shining-pearl,brilliant-diamond;shining-pearl,twinleaf-town,surfing,20 - 40,10%,,,,,
graveler,graveler,brilliant-diamond-shining-pearl,brilliant-diamond;shining-pearl,big-bluff-cavern,walking-around,25 - 63,varies,,Added after obtaining TM97 (Defog),,,
graveler,graveler,brilliant-diamond-shining-pearl,brilliant-diamond;shining-pearl,iron-island-1f,walking-around,31 - 33,35%,,,,,
graveler,graveler,brilliant-diamond-shining-pearl,brilliant-diamond;shining-pearl,iron-island-b1f,walking-around,29 - 33,69%,,,,,
graveler,graveler,brilliant-diamond-shining-pearl,brilliant-diamond;shining-pearl,iron-island-b2f-right,walking-around,29 - 33,49%,,,,,
graveler,graveler,brilliant-diamond-shining-pearl,brilliant-diamond;shining-pearl,iron-island-b2f-left,walking-around,30 - 34,39%,,,,,
graveler,graveler,brilliant-diamond-shining-pearl,brilliant-diamond;shining-pearl,iron-island-b3f,walking-around,30 - 34,39%,,,,,
graveler,graveler,brilliant-diamond-shining-pearl,brilliant-diamond;shining-pearl,mount-coronet-b1f,walking-around,31,20%,,,,,
graveler,graveler,brilliant-diamond-shining-pearl,brilliant-diamond;shining-pearl,mount-coronet-northern-1f-room-2,walking-around,31,20%,,,,,
graveler,graveler,brilliant-diamond-shining-pearl,brilliant-diamond;shining-pearl,mount-coronet-2f,walking-around,36,20%,,,,,
graveler,graveler,brilliant-diamond-shining-pearl,brilliant-diamond;shining-pearl,mount-coronet-3f,walking-around,36,20%,,,,,
graveler,graveler,brilliant-diamond-shining-pearl,brilliant-diamond;shining-pearl,mount-coronet-4f,walking-around,38,20%,,,,,
graveler,graveler,brilliant-diamond-shining-pearl,brilliant-diamond;shining-pearl,mount-coronet-4f-room-2,walking-around,38,20%,,,,,
graveler,graveler,brilliant-diamond-shining-pearl,brilliant-diamond;shining-pearl,mount-coronet-4f-room-3,walking-around,38,20%,,,,,
graveler,graveler,brilliant-diamond-shining-pearl,brilliant-diamond;shining-pearl,mount-coronet-5f,walking-around,40,20%,,,,,
graveler,graveler,brilliant-diamond-shining-pearl,brilliant-diamond;shining-pearl,mount-coronet-6f,walking-around,40,20%,,,,,
graveler,graveler,brilliant-diamond-shining-pearl,brilliant-diamond;shining-pearl,mount-coronet-tunnel-room,walking-around,39 - 40,40%,,,,,
graveler,graveler,brilliant-diamond-shining-pearl,brilliant-diamond;shining-pearl,rocky-cave,walking-around,25 - 63,varies,,Added after obtaining TM97 (Defog),,,
graveler,graveler,brilliant-diamond-shining-pearl,brilliant-diamond;shining-pearl,route-211-sinnoh-eastern-part,walking-tall-grass,27,20%,,,,,
graveler,graveler,brilliant-diamond-shining-pearl,brilliant-diamond;shining-pearl,route-214-sinnoh,walking-tall-grass,23,,,,,10%,10%
graveler,graveler,brilliant-diamond-shining-pearl,brilliant-diamond;shining-pearl,route-214-sinnoh,walking-tall-grass,24,5%,,,,,
graveler,graveler,brilliant-diamond-shining-pearl,brilliant-diamond;shining-pearl,route-216-sinnoh,walking-tall-grass,33 - 34,10%,,,,,
graveler,graveler,brilliant-diamond-shining-pearl,brilliant-diamond;shining-pearl,route-227-sinnoh,walking-tall-grass,54,,,,,10%,10%
graveler,graveler,brilliant-diamond-shining-pearl,brilliant-diamond;shining-pearl,route-227-sinnoh,walking-tall-grass,56,5%,,,,,
graveler,graveler,brilliant-diamond-shining-pearl,brilliant-diamond;shining-pearl,snowpoint-temple-1f,walking-around,52,10%,,,,,
graveler,graveler,brilliant-diamond-shining-pearl,brilliant-diamond;shining-pearl,snowpoint-temple-b1f,walking-around,54,10%,,,,,
graveler,graveler,brilliant-diamond-shining-pearl,brilliant-diamond;shining-pearl,snowpoint-temple-b2f,walking-around,54,10%,,,,,
graveler,graveler,brilliant-diamond-shining-pearl,brilliant-diamond;shining-pearl,snowpoint-temple-b3f,walking-around,54,10%,,,,,
graveler,graveler,brilliant-diamond-shining-pearl,brilliant-diamond;shining-pearl,snowpoint-temple-b4f,walking-around,56,10%,,,,,
graveler,graveler,brilliant-diamond-shining-pearl,brilliant-diamond;shining-pearl,snowpoint-temple-b5f,walking-around,56,10%,,,,,
graveler,graveler,brilliant-diamond-shining-pearl,brilliant-diamond;shining-pearl,spacious-cave,walking-around,25 - 63,varies,,Added after obtaining TM97 (Defog),,,
graveler,graveler,brilliant-diamond-shining-pearl,brilliant-diamond;shining-pearl,stark-mountain-inside-1,walking-around,55,20%,,,,,
graveler,graveler,brilliant-diamond-shining-pearl,brilliant-diamond;shining-pearl,stark-mountain-outside,walking-tall-grass,54,,,,,10%,10%
graveler,graveler,brilliant-diamond-shining-pearl,brilliant-diamond;shining-pearl,stark-mountain-outside,walking-tall-grass,56,5%,,,,,
graveler,graveler,brilliant-diamond-shining-pearl,brilliant-diamond;shining-pearl,stark-mountain-inside-2,walking-around,57,20%,,,,,
graveler,graveler,brilliant-diamond-shining-pearl,brilliant-diamond;shining-pearl,typhlo-cavern,walking-around,25 - 63,varies,,Added after obtaining TM97 (Defog),,,
graveler,graveler,brilliant-diamond-shining-pearl,brilliant-diamond;shining-pearl,valor-lakefront,walking-tall-grass,21,,,,,10%,10%
graveler,graveler,brilliant-diamond-shining-pearl,brilliant-diamond;shining-pearl,valor-lakefront,walking-tall-grass,22,5%,,,,,
graveler,graveler,brilliant-diamond-shining-pearl,brilliant-diamond;shining-pearl,victory-road-sinnoh-1f,walking-around,45,20%,,,,,
graveler,graveler,brilliant-diamond-shining-pearl,brilliant-diamond;shining-pearl,victory-road-sinnoh-2f,walking-around,46,20%,,,,,
graveler,graveler,brilliant-diamond-shining-pearl,brilliant-diamond;shining-pearl,victory-road-sinnoh-1f-back-1,walking-around,51,20%,,Area is only accessible after entering the Hall of Fame and obtaining the National Pokédex,,,
graveler,graveler,brilliant-diamond-shining-pearl,brilliant-diamond;shining-pearl,victory-road-sinnoh-1f-back-2,walking-around,51,20%,,Area is only accessible after entering the Hall of Fame and obtaining the National Pokédex,,,
graveler,graveler,brilliant-diamond-shining-pearl,brilliant-diamond;shining-pearl,volcanic-cave,walking-around,25 - 63,varies,,Added after obtaining TM97 (Defog),,,
grimer,grimer,brilliant-diamond-shining-pearl,brilliant-diamond;shining-pearl,bogsunk-cavern,walking-around,16 - 63,varies,,Added after obtaining the National PokéDex,,,
grimer,grimer,brilliant-diamond-shining-pearl,brilliant-diamond;shining-pearl,dazzling-cave,walking-around,16 - 63,varies,,Added after obtaining the National PokéDex,,,
grimer,grimer,brilliant-diamond-shining-pearl,brilliant-diamond;shining-pearl,route-212-sinnoh-southern-area,poke-radar,"18, 20",22%,,,,,
grimer,grimer,brilliant-diamond-shining-pearl,brilliant-diamond;shining-pearl,stargleam-cavern,walking-around,16 - 63,varies,,Added after obtaining the National PokéDex,,,
grimer,grimer,brilliant-diamond-shining-pearl,brilliant-diamond;shining-pearl,swampy-cave,walking-around,16 - 63,varies,,Added after obtaining the National PokéDex,,,
groudon,groudon,brilliant-diamond-shining-pearl,brilliant-diamond;shining-pearl,ramanas-park-tectonic-room,special-encounter,70,one,,Inser the {Tectonic Slate;ITEM;tectonic-slate} to battle.,,,
growlithe,growlithe,brilliant-diamond-shining-pearl,brilliant-diamond,sandsear-cave,walking-around,16 - 63,varies,,Added after obtaining the National PokéDex,,,
growlithe,growlithe,brilliant-diamond-shining-pearl,brilliant-diamond,spacious-cave,walking-around,16 - 63,varies,,Added after obtaining the National PokéDex,,,
growlithe,growlithe,brilliant-diamond-shining-pearl,brilliant-diamond,typhlo-cavern,walking-around,16 - 63,varies,,Added after obtaining the National PokéDex,,,
growlithe,growlithe,brilliant-diamond-shining-pearl,brilliant-diamond,volcanic-cave,walking-around,16 - 63,varies,,Added after obtaining the National PokéDex,,,
gulpin,gulpin,brilliant-diamond-shining-pearl,brilliant-diamond;shining-pearl,great-marsh,walking-tall-grass,"22, 24, 26",10%,,"Post-National PokéDex, 1/32 selection chance",,,
gyarados,gyarados,brilliant-diamond-shining-pearl,brilliant-diamond;shining-pearl,canalave-city,fishing-super-rod,30 - 40,40%,,,,,
gyarados,gyarados,brilliant-diamond-shining-pearl,brilliant-diamond;shining-pearl,celestic-town,fishing-super-rod,30 - 40,40%,,,,,
gyarados,gyarados,brilliant-diamond-shining-pearl,brilliant-diamond;shining-pearl,eterna-city,fishing-super-rod,30 - 55,55%,,,,,
gyarados,gyarados,brilliant-diamond-shining-pearl,brilliant-diamond;shining-pearl,fuego-ironworks,fishing-super-rod,30 - 40,40%,,,,,
gyarados,gyarados,brilliant-diamond-shining-pearl,brilliant-diamond;shining-pearl,great-marsh,fishing-good-rod,15 - 30,5%,,,,,
gyarados,gyarados,brilliant-diamond-shining-pearl,brilliant-diamond;shining-pearl,great-marsh,fishing-super-rod,40 - 55,15%,,,,,
gyarados,gyarados,brilliant-diamond-shining-pearl,brilliant-diamond;shining-pearl,iron-island-outside,fishing-super-rod,30 - 40,40%,,,,,
gyarados,gyarados,brilliant-diamond-shining-pearl,brilliant-diamond;shining-pearl,lake-acuity-sinnoh,fishing-super-rod,30 - 55,55%,,,,,
gyarados,gyarados,brilliant-diamond-shining-pearl,brilliant-diamond;shining-pearl,lake-valor-sinnoh,fishing-super-rod,30 - 55,55%,,,,,
gyarados,gyarados,brilliant-diamond-shining-pearl,brilliant-diamond;shining-pearl,lake-verity-sinnoh,fishing-super-rod,30 - 55,55%,,,,,
gyarados,gyarados,brilliant-diamond-shining-pearl,brilliant-diamond;shining-pearl,mount-coronet-southern-1f-oreburgh-city-hearthome-city-side,fishing-super-rod,30 - 55,55%,,,,,
gyarados,gyarados,brilliant-diamond-shining-pearl,brilliant-diamond;shining-pearl,mount-coronet-b1f,fishing-super-rod,30 - 55,55%,,,,,
gyarados,gyarados,brilliant-diamond-shining-pearl,brilliant-diamond;shining-pearl,mount-coronet-4f,fishing-super-rod,30 - 55,55%,,,,,
gyarados,gyarados,brilliant-diamond-shining-pearl,brilliant-diamond;shining-pearl,oreburgh-gate-b1f,fishing-super-rod,30 - 55,55%,,,,,
gyarados,gyarados,brilliant-diamond-shining-pearl,brilliant-diamond;shining-pearl,pastoria-city,fishing-super-rod,30 - 55,55%,,,,,
gyarados,gyarados,brilliant-diamond-shining-pearl,brilliant-diamond;shining-pearl,pokemon-league-sinnoh,fishing-super-rod,30 - 40,40%,,,,,
gyarados,gyarados,brilliant-diamond-shining-pearl,brilliant-diamond;shining-pearl,ravaged-path,fishing-super-rod,30 - 40,40%,,,,,
gyarados,gyarados,brilliant-diamond-shining-pearl,brilliant-diamond;shining-pearl,ravaged-path,fishing-super-rod,40 - 55,15%,,,,,
gyarados,gyarados,brilliant-diamond-shining-pearl,brilliant-diamond;shining-pearl,resort-area,fishing-super-rod,30 - 55,55%,,,,,
gyarados,gyarados,brilliant-diamond-shining-pearl,brilliant-diamond;shining-pearl,sendoff-spring,fishing-super-rod,30 - 55,55%,,,,,
gyarados,gyarados,brilliant-diamond-shining-pearl,brilliant-diamond;shining-pearl,route-203-sinnoh,fishing-super-rod,30 - 55,55%,,,,,
gyarados,gyarados,brilliant-diamond-shining-pearl,brilliant-diamond;shining-pearl,route-204-sinnoh-south,fishing-super-rod,30 - 55,55%,,,,,
gyarados,gyarados,brilliant-diamond-shining-pearl,brilliant-diamond;shining-pearl,route-205-sinnoh-southern-part,fishing-super-rod,30 - 40,40%,,,,,
gyarados,gyarados,brilliant-diamond-shining-pearl,brilliant-diamond;shining-pearl,route-205-sinnoh-northern-part,fishing-super-rod,30 - 55,55%,,,,,
gyarados,gyarados,brilliant-diamond-shining-pearl,brilliant-diamond;shining-pearl,route-208-sinnoh,fishing-super-rod,30 - 55,55%,,,,,
gyarados,gyarados,brilliant-diamond-shining-pearl,brilliant-diamond;shining-pearl,route-209-sinnoh,fishing-super-rod,30 - 55,55%,,,,,
gyarados,gyarados,brilliant-diamond-shining-pearl,brilliant-diamond;shining-pearl,route-210-sinnoh-northern-foggy-part,fishing-super-rod,30 - 55,55%,,,,,
gyarados,gyarados,brilliant-diamond-shining-pearl,brilliant-diamond;shining-pearl,route-212-sinnoh-northern-area,fishing-super-rod,30 - 55,55%,,,,,
gyarados,gyarados,brilliant-diamond-shining-pearl,brilliant-diamond;shining-pearl,route-212-sinnoh-southern-area,fishing-super-rod,30 - 55,55%,,,,,
gyarados,gyarados,brilliant-diamond-shining-pearl,brilliant-diamond;shining-pearl,route-213-sinnoh,fishing-super-rod,30 - 40,40%,,,,,
gyarados,gyarados,brilliant-diamond-shining-pearl,brilliant-diamond;shining-pearl,route-214-sinnoh,fishing-super-rod,30 - 55,55%,,,,,
gyarados,gyarados,brilliant-diamond-shining-pearl,brilliant-diamond;shining-pearl,route-218-sinnoh,fishing-super-rod,30 - 55,55%,,,,,
gyarados,gyarados,brilliant-diamond-shining-pearl,brilliant-diamond;shining-pearl,route-219-sinnoh,fishing-super-rod,30 - 40,40%,,,,,
gyarados,gyarados,brilliant-diamond-shining-pearl,brilliant-diamond;shining-pearl,route-220-sinnoh,fishing-super-rod,30 - 40,40%,,,,,
gyarados,gyarados,brilliant-diamond-shining-pearl,brilliant-diamond;shining-pearl,route-221-sinnoh,fishing-super-rod,30 - 40,40%,,,,,
gyarados,gyarados,brilliant-diamond-shining-pearl,brilliant-diamond;shining-pearl,route-222-sinnoh,fishing-super-rod,30 - 40,40%,,,,,
gyarados,gyarados,brilliant-diamond-shining-pearl,brilliant-diamond;shining-pearl,route-223-sinnoh,fishing-super-rod,30 - 40,40%,,,,,
gyarados,gyarados,brilliant-diamond-shining-pearl,brilliant-diamond;shining-pearl,route-224-sinnoh,fishing-super-rod,30 - 40,40%,,,,,
gyarados,gyarados,brilliant-diamond-shining-pearl,brilliant-diamond;shining-pearl,route-225-sinnoh,fishing-super-rod,30 - 55,55%,,,,,
gyarados,gyarados,brilliant-diamond-shining-pearl,brilliant-diamond;shining-pearl,route-226-sinnoh,fishing-super-rod,30 - 40,40%,,,,,
gyarados,gyarados,brilliant-diamond-shining-pearl,brilliant-diamond;shining-pearl,route-227-sinnoh,fishing-super-rod,30 - 55,55%,,,,,
gyarados,gyarados,brilliant-diamond-shining-pearl,brilliant-diamond;shining-pearl,route-228-sinnoh,fishing-super-rod,30 - 55,55%,,,,,
gyarados,gyarados,brilliant-diamond-shining-pearl,brilliant-diamond;shining-pearl,route-229-sinnoh,fishing-super-rod,20 - 55,100%,,,,,
gyarados,gyarados,brilliant-diamond-shining-pearl,brilliant-diamond;shining-pearl,route-230-sinnoh,fishing-super-rod,30 - 40,40%,,,,,
gyarados,gyarados,brilliant-diamond-shining-pearl,brilliant-diamond;shining-pearl,sunyshore-city,fishing-super-rod,30 - 40,40%,,Added after obtaining the National PokéDex,,,
gyarados,gyarados,brilliant-diamond-shining-pearl,brilliant-diamond;shining-pearl,twinleaf-town,fishing-super-rod,30 - 55,55%,,,,,
gyarados,gyarados,brilliant-diamond-shining-pearl,brilliant-diamond;shining-pearl,valley-windworks,fishing-super-rod,30 - 40,40%,,,,,
gyarados,gyarados,brilliant-diamond-shining-pearl,brilliant-diamond;shining-pearl,victory-road-sinnoh-b1f,fishing-super-rod,20 - 55,100%,,,,,
gyarados,gyarados,brilliant-diamond-shining-pearl,brilliant-diamond;shining-pearl,victory-road-sinnoh-1f-back-2,fishing-super-rod,20 - 55,100%,,Area is only accessible after entering the Hall of Fame and obtaining the National Pokédex,,,
happiny,happiny,brilliant-diamond-shining-pearl,brilliant-diamond;shining-pearl,hearthome-city,egg,1,one,,,,,
happiny,happiny,brilliant-diamond-shining-pearl,brilliant-diamond;shining-pearl,trophy-garden,mr-backlot,"16, 18",5%,,Added after obtaining the National PokéDex,,,
haunter,haunter,brilliant-diamond-shining-pearl,brilliant-diamond;shining-pearl,snowpoint-city,npc-trade,33,one,medicham,,,,
haunter,haunter,brilliant-diamond-shining-pearl,brilliant-diamond;shining-pearl,turnback-cave-before-encountering-pillar,walking-around,44 - 46,30%,,,,,
haunter,haunter,brilliant-diamond-shining-pearl,brilliant-diamond;shining-pearl,turnback-cave-between-first-and-second-pillar,walking-around,54 - 56,30%,,,,,
haunter,haunter,brilliant-diamond-shining-pearl,brilliant-diamond;shining-pearl,turnback-cave-between-second-and-third-pillar,walking-around,64 - 66,30%,,,,,
hippopotas,hippopotas,brilliant-diamond-shining-pearl,brilliant-diamond;shining-pearl,big-bluff-cavern,walking-around,25 - 63,varies,,Added after obtaining TM97 (Defog),,,
hippopotas,hippopotas,brilliant-diamond-shining-pearl,brilliant-diamond;shining-pearl,maniac-tunnel,walking-around,22 - 23,5%,,Seen fewer than 10 Unown Forms,,,
hippopotas,hippopotas,brilliant-diamond-shining-pearl,brilliant-diamond;shining-pearl,maniac-tunnel,walking-around,22 - 24,10%,,Seen between 10 - 25 Unown  Forms,,,
hippopotas,hippopotas,brilliant-diamond-shining-pearl,brilliant-diamond;shining-pearl,maniac-tunnel,walking-around,22 - 25,20%,,Seen 26 or more Unown Forms,,,
hippopotas,hippopotas,brilliant-diamond-shining-pearl,brilliant-diamond;shining-pearl,rocky-cave,walking-around,25 - 63,varies,,Added after obtaining TM97 (Defog),,,
hippopotas,hippopotas,brilliant-diamond-shining-pearl,brilliant-diamond;shining-pearl,sandsear-cave,walking-around,25 - 63,varies,,Added after obtaining TM97 (Defog),,,
hippowdon,hippowdon,brilliant-diamond-shining-pearl,brilliant-diamond;shining-pearl,route-228-sinnoh,walking-tall-grass,52,,,,,10%,10%
hippowdon,hippowdon,brilliant-diamond-shining-pearl,brilliant-diamond;shining-pearl,route-228-sinnoh,walking-tall-grass,54,10%,,,,,
ho-oh,ho-oh,brilliant-diamond-shining-pearl,brilliant-diamond,ramanas-park-rainbow-room,special-encounter,70,one,,Inser the {Rainbow Slate;ITEM;rainbow-slate} to battle.,,,
hoothoot,hoothoot,brilliant-diamond-shining-pearl,brilliant-diamond;shining-pearl,fountainspring-cave,walking-around,25 - 63,varies,,Added after obtaining TM96 (Strength),,,
hoothoot,hoothoot,brilliant-diamond-shining-pearl,brilliant-diamond;shining-pearl,grassland-cave,walking-around,25 - 63,varies,,Added after obtaining TM96 (Strength),,,
hoothoot,hoothoot,brilliant-diamond-shining-pearl,brilliant-diamond;shining-pearl,great-marsh-area-1,walking-tall-grass,24,,,,10%,,
hoothoot,hoothoot,brilliant-diamond-shining-pearl,brilliant-diamond;shining-pearl,great-marsh-area-2,walking-tall-grass,24,,,,10%,,
hoothoot,hoothoot,brilliant-diamond-shining-pearl,brilliant-diamond;shining-pearl,great-marsh-area-3,walking-tall-grass,"22, 24",,,,20%,,
hoothoot,hoothoot,brilliant-diamond-shining-pearl,brilliant-diamond;shining-pearl,great-marsh-area-4,walking-tall-grass,"22, 24",,,,20%,,
hoothoot,hoothoot,brilliant-diamond-shining-pearl,brilliant-diamond;shining-pearl,great-marsh-area-5,walking-tall-grass,"20, 22",,,,20%,,
hoothoot,hoothoot,brilliant-diamond-shining-pearl,brilliant-diamond;shining-pearl,great-marsh-area-6,walking-tall-grass,"20, 22",,,,20%,,
hoothoot,hoothoot,brilliant-diamond-shining-pearl,brilliant-diamond;shining-pearl,riverbank-cave,walking-around,25 - 63,varies,,Added after obtaining TM96 (Strength),,,
hoothoot,hoothoot,brilliant-diamond-shining-pearl,brilliant-diamond;shining-pearl,route-210-sinnoh-northern-foggy-part,walking-tall-grass,24,,,,10%,,
hoothoot,hoothoot,brilliant-diamond-shining-pearl,brilliant-diamond;shining-pearl,route-211-sinnoh-western-part,walking-tall-grass,14,,,,10%,,
hoothoot,hoothoot,brilliant-diamond-shining-pearl,brilliant-diamond;shining-pearl,spacious-cave,walking-around,25 - 63,varies,,Added after obtaining TM96 (Strength),,,
hoothoot,hoothoot,brilliant-diamond-shining-pearl,brilliant-diamond;shining-pearl,still-water-cavern,walking-around,25 - 63,varies,,Added after obtaining TM96 (Strength),,,
hoothoot,hoothoot,brilliant-diamond-shining-pearl,brilliant-diamond;shining-pearl,sunlit-cavern,walking-around,25 - 63,varies,,Added after obtaining TM96 (Strength),,,
hoppip,hoppip,brilliant-diamond-shining-pearl,shining-pearl,fuego-ironworks,poke-radar,29,20%,,,,,
hoppip,hoppip,brilliant-diamond-shining-pearl,brilliant-diamond;shining-pearl,grassland-cave,walking-around,16 - 63,5%,,Added after obtaining the National PokéDex,,,
hoppip,hoppip,brilliant-diamond-shining-pearl,brilliant-diamond;shining-pearl,route-205-sinnoh-southern-part,poke-radar,9 - 10,22%,,,,,
hoppip,hoppip,brilliant-diamond-shining-pearl,brilliant-diamond,route-205-sinnoh-northern-part,poke-radar,11,20%,,,,,
hoppip,hoppip,brilliant-diamond-shining-pearl,brilliant-diamond;shining-pearl,sunlit-cavern,walking-around,16 - 63,varies,,Added after obtaining the National PokéDex,,,
horsea,horsea,brilliant-diamond-shining-pearl,brilliant-diamond;shining-pearl,fountainspring-cave,walking-around,16 - 63,varies,,Added after obtaining the National PokéDex,,,
horsea,horsea,brilliant-diamond-shining-pearl,brilliant-diamond;shining-pearl,riverbank-cave,walking-around,16 - 63,varies,,Added after obtaining the National PokéDex,,,
horsea,horsea,brilliant-diamond-shining-pearl,brilliant-diamond;shining-pearl,route-226-sinnoh,fishing-good-rod,10 - 25,45%,,,,,
horsea,horsea,brilliant-diamond-shining-pearl,brilliant-diamond;shining-pearl,still-water-cavern,walking-around,16 - 63,varies,,Added after obtaining the National PokéDex,,,
houndoom,houndoom,brilliant-diamond-shining-pearl,brilliant-diamond;shining-pearl,dazzling-cave,walking-around,16 - 63,varies,,Added after obtaining the National PokéDex,,,
houndoom,houndoom,brilliant-diamond-shining-pearl,brilliant-diamond,dazzling-cave,walking-around,16 - 63,20%,,,,,
houndoom,houndoom,brilliant-diamond-shining-pearl,shining-pearl,dazzling-cave,walking-around,16 - 63,25%,,,,,
houndoom,houndoom,brilliant-diamond-shining-pearl,brilliant-diamond;shining-pearl,sandsear-cave,walking-around,16 - 63,varies,,Added after obtaining the National PokéDex,,,
houndoom,houndoom,brilliant-diamond-shining-pearl,brilliant-diamond,sandsear-cave,walking-around,16 - 63,50%,,,,,
houndoom,houndoom,brilliant-diamond-shining-pearl,shining-pearl,sandsear-cave,walking-around,16 - 63,40%,,,,,
houndoom,houndoom,brilliant-diamond-shining-pearl,shining-pearl,route-214-sinnoh,poke-radar,23 - 24,22%,,,,,
houndoom,houndoom,brilliant-diamond-shining-pearl,shining-pearl,route-215-sinnoh,poke-radar,"20, 22",22%,,,,,
houndoom,houndoom,brilliant-diamond-shining-pearl,brilliant-diamond;shining-pearl,spacious-cave,walking-around,16 - 63,varies,,Added after obtaining the National PokéDex,,,
houndoom,houndoom,brilliant-diamond-shining-pearl,brilliant-diamond;shining-pearl,spacious-cave,walking-around,16 - 63,19%,,Added after obtaining the National PokéDex,,,
houndoom,houndoom,brilliant-diamond-shining-pearl,brilliant-diamond;shining-pearl,stargleam-cavern,walking-around,16 - 63,varies,,Added after obtaining the National PokéDex,,,
houndoom,houndoom,brilliant-diamond-shining-pearl,brilliant-diamond,stargleam-cavern,walking-around,16 - 63,20%,,Added after obtaining the National PokéDex,,,
houndoom,houndoom,brilliant-diamond-shining-pearl,shining-pearl,stargleam-cavern,walking-around,16 - 63,25%,,Added after obtaining the National PokéDex,,,
houndoom,houndoom,brilliant-diamond-shining-pearl,brilliant-diamond,typhlo-cavern,walking-around,16 - 63,50%,,Added after obtaining the National PokéDex,,,
houndoom,houndoom,brilliant-diamond-shining-pearl,shining-pearl,typhlo-cavern,walking-around,16 - 63,40%,,Added after obtaining the National PokéDex,,,
houndoom,houndoom,brilliant-diamond-shining-pearl,brilliant-diamond,volcanic-cave,walking-around,16 - 63,100%,,Added after obtaining the National PokéDex,,,
houndoom,houndoom,brilliant-diamond-shining-pearl,shining-pearl,volcanic-cave,walking-around,16 - 63,70%,,Added after obtaining the National PokéDex,,,
igglybuff,igglybuff,brilliant-diamond-shining-pearl,brilliant-diamond;shining-pearl,trophy-garden,mr-backlot,"16, 18",5%,,Added after obtaining the National PokéDex,,,
illumise,illumise,brilliant-diamond-shining-pearl,brilliant-diamond;shining-pearl,dazzling-cave,walking-around,16 - 63,varies,,Added after obtaining the National PokéDex,,,
illumise,illumise,brilliant-diamond-shining-pearl,brilliant-diamond;shining-pearl,grassland-cave,walking-around,16 - 63,varies,,Added after obtaining the National PokéDex,,,
illumise,illumise,brilliant-diamond-shining-pearl,brilliant-diamond,route-229-sinnoh,walking-tall-grass,50,10%,,,,,
illumise,illumise,brilliant-diamond-shining-pearl,shining-pearl,route-229-sinnoh,walking-tall-grass,50,5%,,,,,
illumise,illumise,brilliant-diamond-shining-pearl,brilliant-diamond;shining-pearl,stargleam-cavern,walking-around,16 - 63,varies,,Added after obtaining the National PokéDex,,,
illumise,illumise,brilliant-diamond-shining-pearl,brilliant-diamond;shining-pearl,sunlit-cavern,walking-around,16 - 63,varies,,Added after obtaining the National PokéDex,,,
jigglypuff,jigglypuff,brilliant-diamond-shining-pearl,brilliant-diamond;shining-pearl,trophy-garden,mr-backlot,"16, 18",5%,,Added after obtaining the National PokéDex,,,
jirachi,jirachi,brilliant-diamond-shining-pearl,brilliant-diamond;shining-pearl,floaroma-town,npc-gift,5,one,,Can only be obtained if the Nintendo Switch has save data for {SWSH;GAME;sword-shield},,,
kabuto,kabuto,brilliant-diamond-shining-pearl,brilliant-diamond;shining-pearl,oreburgh-mining-museum,revive,1,one,,{Dome Fossil;ITEM;dome-fossil},,,
kadabra,kadabra,brilliant-diamond-shining-pearl,brilliant-diamond;shining-pearl,dazzling-cave,walking-around,25 - 63,varies,,Added after obtaining TM97 (Defog),,,
kadabra,kadabra,brilliant-diamond-shining-pearl,brilliant-diamond;shining-pearl,route-215-sinnoh,walking-tall-grass,20 - 22,15%,,,,,
kadabra,kadabra,brilliant-diamond-shining-pearl,brilliant-diamond;shining-pearl,stargleam-cavern,walking-around,25 - 63,varies,,Added after obtaining TM97 (Defog),,,
kadabra,kadabra,brilliant-diamond-shining-pearl,brilliant-diamond;shining-pearl,victory-road-sinnoh-2f,walking-around,45 - 47,25%,,,,,
kangaskhan,kangaskhan,brilliant-diamond-shining-pearl,brilliant-diamond;shining-pearl,great-marsh,walking-tall-grass,"22, 24, 26",10%,,"Post-National PokéDex, 1/32 selection chance",,,
kecleon,kecleon,brilliant-diamond-shining-pearl,brilliant-diamond,grassland-cave,walking-around,16 - 63,varies,,Added after obtaining the National PokéDex,,,
kecleon,kecleon,brilliant-diamond-shining-pearl,brilliant-diamond,riverbank-cave,walking-around,16 - 63,varies,,Added after obtaining the National PokéDex,,,
kecleon,kecleon,brilliant-diamond-shining-pearl,brilliant-diamond,route-210-sinnoh-northern-foggy-part,poke-radar,25 - 26,22%,,,,,
kecleon,kecleon,brilliant-diamond-shining-pearl,brilliant-diamond,still-water-cavern,walking-around,16 - 63,varies,,Added after obtaining the National PokéDex,,,
kecleon,kecleon,brilliant-diamond-shining-pearl,brilliant-diamond,sunlit-cavern,walking-around,16 - 63,varies,,Added after obtaining the National PokéDex,,,
kirlia,kirlia,brilliant-diamond-shining-pearl,brilliant-diamond;shining-pearl,dazzling-cave,walking-around,16 - 63,varies,,Added after obtaining the National PokéDex,,,
kirlia,kirlia,brilliant-diamond-shining-pearl,brilliant-diamond;shining-pearl,route-203-sinnoh,poke-radar,6,100%,,,,,
kirlia,kirlia,brilliant-diamond-shining-pearl,brilliant-diamond;shining-pearl,route-204-sinnoh-south,poke-radar,6,100%,,,,,
kirlia,kirlia,brilliant-diamond-shining-pearl,brilliant-diamond;shining-pearl,stargleam-cavern,walking-around,16 - 63,varies,,Added after obtaining the National PokéDex,,,
krabby,krabby,brilliant-diamond-shining-pearl,brilliant-diamond;shining-pearl,dazzling-cave,walking-around,16 - 63,varies,,Added after obtaining the National PokéDex,,,
krabby,krabby,brilliant-diamond-shining-pearl,brilliant-diamond;shining-pearl,route-226-sinnoh,swarm,52,40%,,,,,
krabby,krabby,brilliant-diamond-shining-pearl,brilliant-diamond;shining-pearl,spacious-cave,walking-around,16 - 63,varies,,Added after obtaining the National PokéDex,,,
krabby,krabby,brilliant-diamond-shining-pearl,brilliant-diamond;shining-pearl,stargleam-cavern,walking-around,16 - 63,varies,,Added after obtaining the National PokéDex,,,
kricketot,kricketot,brilliant-diamond-shining-pearl,brilliant-diamond;shining-pearl,grassland-cave,walking-around,16 - 63,varies,,,,,
kricketot,kricketot,brilliant-diamond-shining-pearl,brilliant-diamond;shining-pearl,riverbank-cave,walking-around,16 - 63,varies,,,,,
kricketot,kricketot,brilliant-diamond-shining-pearl,brilliant-diamond;shining-pearl,route-202-sinnoh,walking-tall-grass,3,,,,,10%,
kricketot,kricketot,brilliant-diamond-shining-pearl,brilliant-diamond;shining-pearl,route-202-sinnoh,walking-tall-grass,3 - 4,,,,10%,,
kricketot,kricketot,brilliant-diamond-shining-pearl,brilliant-diamond;shining-pearl,route-203-sinnoh,walking-tall-grass,4,,,,10%,10%,
kricketot,kricketot,brilliant-diamond-shining-pearl,brilliant-diamond;shining-pearl,route-204-sinnoh-south,walking-tall-grass,4,,,,10%,10%,
kricketot,kricketot,brilliant-diamond-shining-pearl,brilliant-diamond;shining-pearl,route-204-sinnoh-north,walking-tall-grass,6,,,,10%,10%,
kricketot,kricketot,brilliant-diamond-shining-pearl,brilliant-diamond;shining-pearl,route-206-sinnoh,walking-tall-grass,14,,,,,10%,
kricketot,kricketot,brilliant-diamond-shining-pearl,brilliant-diamond;shining-pearl,route-207-sinnoh,walking-tall-grass,6,,,,10%,10%,
kricketot,kricketot,brilliant-diamond-shining-pearl,brilliant-diamond;shining-pearl,spacious-cave,walking-around,16 - 63,varies,,,,,
kricketot,kricketot,brilliant-diamond-shining-pearl,brilliant-diamond;shining-pearl,still-water-cavern,walking-around,16 - 63,varies,,,,,
kricketot,kricketot,brilliant-diamond-shining-pearl,brilliant-diamond;shining-pearl,sunlit-cavern,walking-around,16 - 63,varies,,,,,
kricketune,kricketune,brilliant-diamond-shining-pearl,brilliant-diamond;shining-pearl,route-206-sinnoh,walking-tall-grass,14,,,,10%,,
kricketune,kricketune,brilliant-diamond-shining-pearl,brilliant-diamond;shining-pearl,route-206-sinnoh,walking-tall-grass,15,10%,,,,,
kricketune,kricketune,brilliant-diamond-shining-pearl,brilliant-diamond;shining-pearl,route-210-sinnoh-southern-part,walking-tall-grass,18,,,,20%,,
kricketune,kricketune,brilliant-diamond-shining-pearl,brilliant-diamond;shining-pearl,route-210-sinnoh-southern-part,walking-tall-grass,19,10%,,,,,
kricketune,kricketune,brilliant-diamond-shining-pearl,brilliant-diamond;shining-pearl,route-212-sinnoh-northern-area,walking-tall-grass,17 - 19,,,,30%,20%,10%
kricketune,kricketune,brilliant-diamond-shining-pearl,brilliant-diamond;shining-pearl,route-212-sinnoh-southern-area,walking-tall-grass,18,10%,,,,,
kricketune,kricketune,brilliant-diamond-shining-pearl,brilliant-diamond;shining-pearl,route-212-sinnoh-southern-area,walking-tall-grass,19,,,,20%,,
kricketune,kricketune,brilliant-diamond-shining-pearl,brilliant-diamond;shining-pearl,route-214-sinnoh,walking-tall-grass,23,,,,20%,,
kricketune,kricketune,brilliant-diamond-shining-pearl,brilliant-diamond;shining-pearl,route-214-sinnoh,walking-tall-grass,24,5%,,,,,
kricketune,kricketune,brilliant-diamond-shining-pearl,brilliant-diamond;shining-pearl,route-215-sinnoh,walking-tall-grass,20,10%,,,,,
kricketune,kricketune,brilliant-diamond-shining-pearl,brilliant-diamond;shining-pearl,route-215-sinnoh,walking-tall-grass,21 - 22,,,,20%,,
kricketune,kricketune,brilliant-diamond-shining-pearl,brilliant-diamond;shining-pearl,trophy-garden,walking-tall-grass,16,,,Added after obtaining the National PokéDex,20%,,
kricketune,kricketune,brilliant-diamond-shining-pearl,brilliant-diamond;shining-pearl,trophy-garden,walking-tall-grass,17,10%,,Added after obtaining the National PokéDex,,,
kricketune,kricketune,brilliant-diamond-shining-pearl,brilliant-diamond;shining-pearl,valor-lakefront,walking-tall-grass,21,,,,20%,,
kricketune,kricketune,brilliant-diamond-shining-pearl,brilliant-diamond;shining-pearl,valor-lakefront,walking-tall-grass,22,5%,,,,,
kyogre,kyogre,brilliant-diamond-shining-pearl,brilliant-diamond;shining-pearl,ramanas-park-oceanic-room,special-encounter,70,one,,Inser the {Oceanic Slate;ITEM;oceanic-slate} to battle.,,,
lairon,lairon,brilliant-diamond-shining-pearl,brilliant-diamond;shining-pearl,big-bluff-cavern,walking-around,16 - 63,varies,,Added after obtaining the National PokéDex,,,
lairon,lairon,brilliant-diamond-shining-pearl,brilliant-diamond;shining-pearl,glacial-cavern,walking-around,16 - 63,varies,,Added after obtaining the National PokéDex,,,
lairon,lairon,brilliant-diamond-shining-pearl,brilliant-diamond;shining-pearl,icy-cave,walking-around,16 - 63,varies,,Added after obtaining the National PokéDex,,,
lairon,lairon,brilliant-diamond-shining-pearl,brilliant-diamond;shining-pearl,rocky-cave,walking-around,16 - 63,varies,,Sandshrew,,,
lairon,lairon,brilliant-diamond-shining-pearl,brilliant-diamond;shining-pearl,whiteout-cave,walking-around,16 - 63,varies,,Added after obtaining the National PokéDex,,,
lanturn,lanturn,brilliant-diamond-shining-pearl,brilliant-diamond;shining-pearl,fountainspring-cave,walking-around,16 - 63,varies,,Added after obtaining the National PokéDex,,,
lanturn,lanturn,brilliant-diamond-shining-pearl,brilliant-diamond;shining-pearl,glacial-cavern,walking-around,16 - 63,varies,,Added after obtaining the National PokéDex,,,
lanturn,lanturn,brilliant-diamond-shining-pearl,brilliant-diamond;shining-pearl,icy-cave,walking-around,16 - 63,varies,,Added after obtaining the National PokéDex,,,
lanturn,lanturn,brilliant-diamond-shining-pearl,brilliant-diamond;shining-pearl,route-220-sinnoh,fishing-super-rod,20 - 45,5%,,,,,
lapras,lapras,brilliant-diamond-shining-pearl,brilliant-diamond;shining-pearl,victory-road-sinnoh-1f-back-2,surfing,40 - 60,10%,,Area is only accessible after entering the Hall of Fame and obtaining the National Pokédex,,,
larvitar,larvitar,brilliant-diamond-shining-pearl,brilliant-diamond,big-bluff-cavern,walking-around,16 - 63,varies,,Added after obtaining the National PokéDex,,,
larvitar,larvitar,brilliant-diamond-shining-pearl,brilliant-diamond,rocky-cave,walking-around,16 - 63,varies,,Sandshrew,,,
larvitar,larvitar,brilliant-diamond-shining-pearl,brilliant-diamond,route-207-sinnoh,poke-radar,6 - 7,22%,,,,,
latias,latias,brilliant-diamond-shining-pearl,brilliant-diamond;shining-pearl,ramanas-park-soul-room,special-encounter,70,one,,Inser the {Soul Slate;ITEM;soul-slate} to battle.,,,
latios,latios,brilliant-diamond-shining-pearl,brilliant-diamond;shining-pearl,ramanas-park-soul-room,special-encounter,70,one,,Inser the {Soul Slate;ITEM;soul-slate} to battle.,,,
ledian,ledian,brilliant-diamond-shining-pearl,brilliant-diamond;shining-pearl,bogsunk-cavern,walking-around,16 - 63,varies,,Added after obtaining the National PokéDex,,,
ledian,ledian,brilliant-diamond-shining-pearl,brilliant-diamond;shining-pearl,fountainspring-cave,walking-around,16 - 63,varies,,Added after obtaining the National PokéDex,,,
ledian,ledian,brilliant-diamond-shining-pearl,brilliant-diamond;shining-pearl,grassland-cave,walking-around,16 - 63,varies,,Added after obtaining the National PokéDex,,,
ledian,ledian,brilliant-diamond-shining-pearl,brilliant-diamond;shining-pearl,riverbank-cave,walking-around,16 - 63,varies,,Added after obtaining the National PokéDex,,,
ledian,ledian,brilliant-diamond-shining-pearl,brilliant-diamond;shining-pearl,route-229-sinnoh,walking-tall-grass,52,,,,,20%,
ledian,ledian,brilliant-diamond-shining-pearl,brilliant-diamond;shining-pearl,still-water-cavern,walking-around,16 - 63,varies,,Added after obtaining the National PokéDex,,,
ledian,ledian,brilliant-diamond-shining-pearl,brilliant-diamond;shining-pearl,sunlit-cavern,walking-around,16 - 63,varies,,Added after obtaining the National PokéDex,,,
ledian,ledian,brilliant-diamond-shining-pearl,brilliant-diamond;shining-pearl,swampy-cave,walking-around,16 - 63,varies,,Added after obtaining the National PokéDex,,,
lickitung,lickitung,brilliant-diamond-shining-pearl,brilliant-diamond,bogsunk-cavern,walking-around,16 - 63,40%,,,,,
lickitung,lickitung,brilliant-diamond-shining-pearl,shining-pearl,bogsunk-cavern,walking-around,16 - 63,50%,,,,,
lickitung,lickitung,brilliant-diamond-shining-pearl,brilliant-diamond;shining-pearl,fountainspring-cave,walking-around,16 - 63,30%,,,,,
lickitung,lickitung,brilliant-diamond-shining-pearl,brilliant-diamond;shining-pearl,lake-valor-sinnoh,swarm,"34, 36",40%,,,,,
lickitung,lickitung,brilliant-diamond-shining-pearl,brilliant-diamond;shining-pearl,riverbank-cave,walking-around,16 - 63,70%,,,,,
lickitung,lickitung,brilliant-diamond-shining-pearl,brilliant-diamond;shining-pearl,spacious-cave,walking-around,16 - 63,varies,,Added after obtaining the National PokéDex,,,
lickitung,lickitung,brilliant-diamond-shining-pearl,brilliant-diamond;shining-pearl,spacious-cave,walking-around,16 - 63,19%,,Added after obtaining the National PokéDex,,,
lickitung,lickitung,brilliant-diamond-shining-pearl,brilliant-diamond;shining-pearl,still-water-cavern,walking-around,16 - 63,70%,,Added after obtaining the National PokéDex,,,
lickitung,lickitung,brilliant-diamond-shining-pearl,brilliant-diamond,swampy-cave,walking-around,16 - 63,40%,,Added after obtaining the National PokéDex,,,
lickitung,lickitung,brilliant-diamond-shining-pearl,shining-pearl,swampy-cave,walking-around,16 - 63,50%,,Added after obtaining the National PokéDex,,,
lileep,lileep,brilliant-diamond-shining-pearl,brilliant-diamond;shining-pearl,oreburgh-mining-museum,revive,1,one,,{Root Fossil;ITEM;root-fossil},,,
lombre,lombre,brilliant-diamond-shining-pearl,shining-pearl,fountainspring-cave,walking-around,16 - 63,varies,,Added after obtaining the National PokéDex,,,
lombre,lombre,brilliant-diamond-shining-pearl,shining-pearl,grassland-cave,walking-around,16 - 63,varies,,Added after obtaining the National PokéDex,,,
lombre,lombre,brilliant-diamond-shining-pearl,shining-pearl,riverbank-cave,walking-around,16 - 63,varies,,Added after obtaining the National PokéDex,,,
lombre,lombre,brilliant-diamond-shining-pearl,shining-pearl,still-water-cavern,walking-around,16 - 63,varies,,Added after obtaining the National PokéDex,,,
lombre,lombre,brilliant-diamond-shining-pearl,shining-pearl,sunlit-cavern,walking-around,16 - 63,varies,,Added after obtaining the National PokéDex,,,
lotad,lotad,brilliant-diamond-shining-pearl,shining-pearl,fountainspring-cave,walking-around,16 - 63,varies,,Added after obtaining the National PokéDex,,,
lotad,lotad,brilliant-diamond-shining-pearl,shining-pearl,grassland-cave,walking-around,16 - 63,varies,,Added after obtaining the National PokéDex,,,
lotad,lotad,brilliant-diamond-shining-pearl,shining-pearl,riverbank-cave,walking-around,16 - 63,varies,,Added after obtaining the National PokéDex,,,
lotad,lotad,brilliant-diamond-shining-pearl,shining-pearl,still-water-cavern,walking-around,16 - 63,varies,,Added after obtaining the National PokéDex,,,
lotad,lotad,brilliant-diamond-shining-pearl,shining-pearl,sunlit-cavern,walking-around,16 - 63,varies,,Added after obtaining the National PokéDex,,,
loudred,loudred,brilliant-diamond-shining-pearl,brilliant-diamond;shining-pearl,mount-coronet-mountainside,poke-radar,39 - 40,22%,,,,,
lugia,lugia,brilliant-diamond-shining-pearl,shining-pearl,ramanas-park-squall-room,special-encounter,70,one,,Inser the {Squall Slate;ITEM;squall-slate} to battle.,,,
lumineon,lumineon,brilliant-diamond-shining-pearl,brilliant-diamond;shining-pearl,canalave-city,fishing-super-rod,20 - 50,45%,,,,,
lumineon,lumineon,brilliant-diamond-shining-pearl,brilliant-diamond;shining-pearl,fuego-ironworks,fishing-super-rod,20 - 50,45%,,,,,
lumineon,lumineon,brilliant-diamond-shining-pearl,brilliant-diamond;shining-pearl,iron-island-outside,fishing-super-rod,20 - 50,45%,,,,,
lumineon,lumineon,brilliant-diamond-shining-pearl,brilliant-diamond;shining-pearl,route-205-sinnoh-southern-part,fishing-super-rod,20 - 50,45%,,,,,
lumineon,lumineon,brilliant-diamond-shining-pearl,brilliant-diamond;shining-pearl,route-218-sinnoh,fishing-super-rod,20 - 50,45%,,,,,
lumineon,lumineon,brilliant-diamond-shining-pearl,brilliant-diamond;shining-pearl,route-219-sinnoh,fishing-super-rod,20 - 50,45%,,,,,
lumineon,lumineon,brilliant-diamond-shining-pearl,brilliant-diamond;shining-pearl,route-220-sinnoh,fishing-super-rod,30 - 40,15%,,,,,
lumineon,lumineon,brilliant-diamond-shining-pearl,brilliant-diamond;shining-pearl,route-221-sinnoh,fishing-super-rod,20 - 50,45%,,,,,
lumineon,lumineon,brilliant-diamond-shining-pearl,brilliant-diamond;shining-pearl,valley-windworks,fishing-super-rod,30 - 50,45%,,,,,
lunatone,lunatone,brilliant-diamond-shining-pearl,shining-pearl,dazzling-cave,walking-around,16 - 63,varies,,Added after obtaining the National PokéDex,,,
lunatone,lunatone,brilliant-diamond-shining-pearl,shining-pearl,riverbank-cave,walking-around,16 - 63,varies,,Added after obtaining the National PokéDex,,,
lunatone,lunatone,brilliant-diamond-shining-pearl,shining-pearl,stargleam-cavern,walking-around,16 - 63,varies,,Added after obtaining the National PokéDex,,,
lunatone,lunatone,brilliant-diamond-shining-pearl,shining-pearl,still-water-cavern,walking-around,16 - 63,varies,,Added after obtaining the National PokéDex,,,
luvdisc,luvdisc,brilliant-diamond-shining-pearl,brilliant-diamond;shining-pearl,pokemon-league-sinnoh,fishing-super-rod,20 - 30,15%,,,,,
luvdisc,luvdisc,brilliant-diamond-shining-pearl,brilliant-diamond;shining-pearl,route-224-sinnoh,fishing-super-rod,20 - 30,15%,,,,,
luxio,luxio,brilliant-diamond-shining-pearl,brilliant-diamond;shining-pearl,fuego-ironworks,walking-tall-grass,29,10%,,,,,
luxio,luxio,brilliant-diamond-shining-pearl,brilliant-diamond;shining-pearl,grassland-cave,walking-around,42 - 63,varies,,Added after earning the Icicle Badge,,,
luxio,luxio,brilliant-diamond-shining-pearl,brilliant-diamond;shining-pearl,spacious-cave,walking-around,42 - 63,varies,,Added after earning the Icicle Badge,,,
luxio,luxio,brilliant-diamond-shining-pearl,brilliant-diamond;shining-pearl,sunlit-cavern,walking-around,42 - 63,varies,,Added after earning the Icicle Badge,,,
luxio,luxio,brilliant-diamond-shining-pearl,brilliant-diamond;shining-pearl,whiteout-cave,walking-around,42 - 63,varies,,Added after earning the Icicle Badge,,,
machoke,machoke,brilliant-diamond-shining-pearl,brilliant-diamond;shining-pearl,acuity-lakefront,walking-tall-grass,35,,,,,10%,10%
machoke,machoke,brilliant-diamond-shining-pearl,brilliant-diamond;shining-pearl,acuity-lakefront,walking-tall-grass,36,,,,,10%,
machoke,machoke,brilliant-diamond-shining-pearl,brilliant-diamond;shining-pearl,grassland-cave,walking-around,25 - 63,varies,,Added after obtaining TM97 (Defog),,,
machoke,machoke,brilliant-diamond-shining-pearl,brilliant-diamond;shining-pearl,mount-coronet-b1f,walking-around,31,10%,,,,,
machoke,machoke,brilliant-diamond-shining-pearl,brilliant-diamond;shining-pearl,mount-coronet-northern-1f-room-2,walking-around,31,10%,,,,,
machoke,machoke,brilliant-diamond-shining-pearl,brilliant-diamond;shining-pearl,mount-coronet-2f,walking-around,37,10%,,,,,
machoke,machoke,brilliant-diamond-shining-pearl,brilliant-diamond;shining-pearl,mount-coronet-3f,walking-around,37,10%,,,,,
machoke,machoke,brilliant-diamond-shining-pearl,brilliant-diamond;shining-pearl,mount-coronet-4f,walking-around,39,10%,,,,,
machoke,machoke,brilliant-diamond-shining-pearl,brilliant-diamond;shining-pearl,mount-coronet-4f-room-2,walking-around,39,10%,,,,,
machoke,machoke,brilliant-diamond-shining-pearl,brilliant-diamond;shining-pearl,mount-coronet-4f-room-3,walking-around,39,10%,,,,,
machoke,machoke,brilliant-diamond-shining-pearl,brilliant-diamond;shining-pearl,mount-coronet-5f,walking-around,41,10%,,,,,
machoke,machoke,brilliant-diamond-shining-pearl,brilliant-diamond;shining-pearl,mount-coronet-6f,walking-around,41,10%,,,,,
machoke,machoke,brilliant-diamond-shining-pearl,brilliant-diamond;shining-pearl,mount-coronet-tunnel-room,walking-around,40,10%,,,,,
machoke,machoke,brilliant-diamond-shining-pearl,brilliant-diamond;shining-pearl,mount-coronet-mountainside,walking-tall-grass,39,,,,,10%,10%
machoke,machoke,brilliant-diamond-shining-pearl,brilliant-diamond;shining-pearl,mount-coronet-mountainside,walking-tall-grass,40,10%,,,,,
machoke,machoke,brilliant-diamond-shining-pearl,brilliant-diamond;shining-pearl,route-210-sinnoh-northern-foggy-part,walking-tall-grass,26,10%,,,,,
machoke,machoke,brilliant-diamond-shining-pearl,brilliant-diamond;shining-pearl,route-211-sinnoh-eastern-part,walking-tall-grass,27,10%,,,,,
machoke,machoke,brilliant-diamond-shining-pearl,brilliant-diamond;shining-pearl,route-211-sinnoh-eastern-part,walking-tall-grass,28,,,,,10%,10%
machoke,machoke,brilliant-diamond-shining-pearl,brilliant-diamond;shining-pearl,route-216-sinnoh,walking-tall-grass,33,,,,,10%,10%
machoke,machoke,brilliant-diamond-shining-pearl,brilliant-diamond;shining-pearl,route-216-sinnoh,walking-tall-grass,34,10%,,,,,
machoke,machoke,brilliant-diamond-shining-pearl,brilliant-diamond;shining-pearl,route-217-sinnoh,walking-tall-grass,35,,,,,10%,10%
machoke,machoke,brilliant-diamond-shining-pearl,brilliant-diamond;shining-pearl,route-217-sinnoh,walking-tall-grass,36,10%,,,,,
machoke,machoke,brilliant-diamond-shining-pearl,brilliant-diamond;shining-pearl,route-225-sinnoh,walking-tall-grass,51,5%,,,,,
machoke,machoke,brilliant-diamond-shining-pearl,brilliant-diamond;shining-pearl,route-226-sinnoh,walking-tall-grass,53,10%,,,,,
machoke,machoke,brilliant-diamond-shining-pearl,brilliant-diamond;shining-pearl,stark-mountain-inside-1,walking-around,56,10%,,,,,
machoke,machoke,brilliant-diamond-shining-pearl,brilliant-diamond;shining-pearl,spacious-cave,walking-around,25 - 63,varies,,Added after obtaining TM97 (Defog),,,
machoke,machoke,brilliant-diamond-shining-pearl,brilliant-diamond;shining-pearl,stark-mountain-inside-2,walking-around,58,10%,,,,,
machoke,machoke,brilliant-diamond-shining-pearl,brilliant-diamond;shining-pearl,sunlit-cavern,walking-around,25 - 63,varies,,Added after obtaining TM97 (Defog),,,
machoke,machoke,brilliant-diamond-shining-pearl,brilliant-diamond;shining-pearl,victory-road-sinnoh-1f,walking-around,44 - 46,25%,,,,,
machoke,machoke,brilliant-diamond-shining-pearl,brilliant-diamond;shining-pearl,victory-road-sinnoh-b1f,walking-around,44 - 46,25%,,,,,
machoke,machoke,brilliant-diamond-shining-pearl,brilliant-diamond;shining-pearl,victory-road-sinnoh-1f-back-1,walking-around,50 - 52,25%,,Area is only accessible after entering the Hall of Fame and obtaining the National Pokédex,,,
machoke,machoke,brilliant-diamond-shining-pearl,brilliant-diamond;shining-pearl,victory-road-sinnoh-1f-back-2,walking-around,50 - 52,25%,,Area is only accessible after entering the Hall of Fame and obtaining the National Pokédex,,,
machoke,machoke,brilliant-diamond-shining-pearl,brilliant-diamond;shining-pearl,victory-road-sinnoh-1f-back-2,walking-around,50 - 52,25%,,Area is only accessible after entering the Hall of Fame and obtaining the National Pokédex,,,
machoke,machoke,brilliant-diamond-shining-pearl,brilliant-diamond;shining-pearl,whiteout-cave,walking-around,25 - 63,varies,,Added after obtaining TM97 (Defog),,,
machop,machop,brilliant-diamond-shining-pearl,brilliant-diamond;shining-pearl,grassland-cave,walking-around,16 - 63,varies,,,,,
machop,machop,brilliant-diamond-shining-pearl,brilliant-diamond;shining-pearl,mount-coronet-southern-1f-oreburgh-city-hearthome-city-side,walking-around,15 - 16,25%,,,,,
machop,machop,brilliant-diamond-shining-pearl,brilliant-diamond;shining-pearl,mount-coronet-northern-1f-room-1-eterna-city-celestic-town-side,walking-around,13,10%,,,,,
machop,machop,brilliant-diamond-shining-pearl,brilliant-diamond;shining-pearl,route-207-sinnoh,walking-tall-grass,"5, 7",25%,,,,,
machop,machop,brilliant-diamond-shining-pearl,brilliant-diamond;shining-pearl,route-207-sinnoh,walking-tall-grass,6,,,,,10%,20%
machop,machop,brilliant-diamond-shining-pearl,brilliant-diamond;shining-pearl,route-208-sinnoh,walking-tall-grass,16,,,,,10%,10%
machop,machop,brilliant-diamond-shining-pearl,brilliant-diamond;shining-pearl,route-208-sinnoh,walking-tall-grass,17,10%,,,,,
machop,machop,brilliant-diamond-shining-pearl,brilliant-diamond;shining-pearl,route-210-sinnoh-northern-foggy-part,walking-tall-grass,25,,,,,10%,10%
machop,machop,brilliant-diamond-shining-pearl,brilliant-diamond;shining-pearl,route-210-sinnoh-northern-foggy-part,walking-tall-grass,26,10%,,,,,
machop,machop,brilliant-diamond-shining-pearl,brilliant-diamond;shining-pearl,spacious-cave,walking-around,16 - 63,varies,,,,,
machop,machop,brilliant-diamond-shining-pearl,brilliant-diamond;shining-pearl,sunlit-cavern,walking-around,16 - 63,varies,,,,,
machop,machop,brilliant-diamond-shining-pearl,brilliant-diamond;shining-pearl,whiteout-cave,walking-around,16 - 63,varies,,,,,
magby,magby,brilliant-diamond-shining-pearl,shining-pearl,sandsear-cave,walking-around,16 - 63,varies,,Added after obtaining the National PokéDex,,,
magby,magby,brilliant-diamond-shining-pearl,shining-pearl,sandsear-cave,walking-around,16 - 63,20%,,,,,
magby,magby,brilliant-diamond-shining-pearl,shining-pearl,typhlo-cavern,walking-around,16 - 63,varies,,Added after obtaining the National PokéDex,,,
magby,magby,brilliant-diamond-shining-pearl,shining-pearl,typhlo-cavern,walking-around,16 - 63,20%,,Added after obtaining the National PokéDex,,,
magby,magby,brilliant-diamond-shining-pearl,shining-pearl,volcanic-cave,walking-around,16 - 63,varies,,Added after obtaining the National PokéDex,,,
magby,magby,brilliant-diamond-shining-pearl,shining-pearl,volcanic-cave,walking-around,16 - 63,30%,,Added after obtaining the National PokéDex,,,
magcargo,magcargo,brilliant-diamond-shining-pearl,brilliant-diamond;shining-pearl,sandsear-cave,walking-around,16 - 63,varies,,Added after obtaining the National PokéDex,,,
magcargo,magcargo,brilliant-diamond-shining-pearl,brilliant-diamond;shining-pearl,stark-mountain-inside-1,walking-around,55 - 56,30%,,,,,
magcargo,magcargo,brilliant-diamond-shining-pearl,brilliant-diamond;shining-pearl,stark-mountain-inside-2,walking-around,57 - 58,30%,,,,,
magcargo,magcargo,brilliant-diamond-shining-pearl,brilliant-diamond;shining-pearl,typhlo-cavern,walking-around,16 - 63,varies,,Added after obtaining the National PokéDex,,,
magcargo,magcargo,brilliant-diamond-shining-pearl,brilliant-diamond;shining-pearl,volcanic-cave,walking-around,16 - 63,varies,,Added after obtaining the National PokéDex,,,
magikarp,magikarp,brilliant-diamond-shining-pearl,brilliant-diamond;shining-pearl,canalave-city,fishing-old-rod,3 - 10,100%,,,,,
magikarp,magikarp,brilliant-diamond-shining-pearl,brilliant-diamond;shining-pearl,canalave-city,fishing-good-rod,10 - 25,55%,,,,,
magikarp,magikarp,brilliant-diamond-shining-pearl,brilliant-diamond;shining-pearl,celestic-town,fishing-old-rod,3 - 10,100%,,,,,
magikarp,magikarp,brilliant-diamond-shining-pearl,brilliant-diamond;shining-pearl,celestic-town,fishing-good-rod,10 - 25,55%,,,,,
magikarp,magikarp,brilliant-diamond-shining-pearl,brilliant-diamond;shining-pearl,eterna-city,fishing-old-rod,3 - 10,100%,,,,,
magikarp,magikarp,brilliant-diamond-shining-pearl,brilliant-diamond;shining-pearl,eterna-city,fishing-good-rod,10 - 25,55%,,,,,
magikarp,magikarp,brilliant-diamond-shining-pearl,brilliant-diamond;shining-pearl,fuego-ironworks,fishing-old-rod,3 - 10,100%,,,,,
magikarp,magikarp,brilliant-diamond-shining-pearl,brilliant-diamond;shining-pearl,fuego-ironworks,fishing-good-rod,10 - 25,55%,,,,,
magikarp,magikarp,brilliant-diamond-shining-pearl,brilliant-diamond;shining-pearl,great-marsh,fishing-old-rod,3 - 10,100%,,,,,
magikarp,magikarp,brilliant-diamond-shining-pearl,brilliant-diamond;shining-pearl,great-marsh,fishing-good-rod,10 - 25,55%,,,,,
magikarp,magikarp,brilliant-diamond-shining-pearl,brilliant-diamond;shining-pearl,iron-island-outside,fishing-old-rod,3 - 10,100%,,,,,
magikarp,magikarp,brilliant-diamond-shining-pearl,brilliant-diamond;shining-pearl,iron-island-outside,fishing-good-rod,10 - 25,55%,,,,,
magikarp,magikarp,brilliant-diamond-shining-pearl,brilliant-diamond;shining-pearl,lake-acuity-sinnoh,fishing-old-rod,3 - 10,100%,,,,,
magikarp,magikarp,brilliant-diamond-shining-pearl,brilliant-diamond;shining-pearl,lake-acuity-sinnoh,fishing-good-rod,10 - 25,55%,,,,,
magikarp,magikarp,brilliant-diamond-shining-pearl,brilliant-diamond;shining-pearl,lake-valor-sinnoh,fishing-old-rod,3 - 10,100%,,,,,
magikarp,magikarp,brilliant-diamond-shining-pearl,brilliant-diamond;shining-pearl,lake-valor-sinnoh,fishing-good-rod,10 - 25,55%,,,,,
magikarp,magikarp,brilliant-diamond-shining-pearl,brilliant-diamond;shining-pearl,lake-verity-sinnoh,fishing-old-rod,3 - 10,100%,,,,,
magikarp,magikarp,brilliant-diamond-shining-pearl,brilliant-diamond;shining-pearl,lake-verity-sinnoh,fishing-good-rod,10 - 25,55%,,,,,
magikarp,magikarp,brilliant-diamond-shining-pearl,brilliant-diamond;shining-pearl,mount-coronet-southern-1f-oreburgh-city-hearthome-city-side,fishing-old-rod,3 - 10,100%,,,,,
magikarp,magikarp,brilliant-diamond-shining-pearl,brilliant-diamond;shining-pearl,mount-coronet-southern-1f-oreburgh-city-hearthome-city-side,fishing-good-rod,10 - 25,55%,,,,,
magikarp,magikarp,brilliant-diamond-shining-pearl,brilliant-diamond;shining-pearl,mount-coronet-b1f,fishing-old-rod,3 - 10,100%,,,,,
magikarp,magikarp,brilliant-diamond-shining-pearl,brilliant-diamond;shining-pearl,mount-coronet-b1f,fishing-good-rod,10 - 25,55%,,,,,
magikarp,magikarp,brilliant-diamond-shining-pearl,brilliant-diamond;shining-pearl,mount-coronet-4f,fishing-old-rod,3 - 10,100%,,,,,
magikarp,magikarp,brilliant-diamond-shining-pearl,brilliant-diamond;shining-pearl,mount-coronet-4f,fishing-good-rod,10 - 25,55%,,,,,
magikarp,magikarp,brilliant-diamond-shining-pearl,brilliant-diamond;shining-pearl,oreburgh-gate-b1f,fishing-old-rod,3 - 10,100%,,,,,
magikarp,magikarp,brilliant-diamond-shining-pearl,brilliant-diamond;shining-pearl,oreburgh-gate-b1f,fishing-good-rod,10 - 25,55%,,,,,
magikarp,magikarp,brilliant-diamond-shining-pearl,brilliant-diamond;shining-pearl,pastoria-city,fishing-old-rod,3 - 10,100%,,,,,
magikarp,magikarp,brilliant-diamond-shining-pearl,brilliant-diamond;shining-pearl,pastoria-city,fishing-good-rod,10 - 25,55%,,,,,
magikarp,magikarp,brilliant-diamond-shining-pearl,brilliant-diamond;shining-pearl,pokemon-league-sinnoh,fishing-old-rod,3 - 10,100%,,,,,
magikarp,magikarp,brilliant-diamond-shining-pearl,brilliant-diamond;shining-pearl,pokemon-league-sinnoh,fishing-good-rod,10 - 25,55%,,,,,
magikarp,magikarp,brilliant-diamond-shining-pearl,brilliant-diamond;shining-pearl,ravaged-path,fishing-old-rod,4 - 6,60%,,,,,
magikarp,magikarp,brilliant-diamond-shining-pearl,brilliant-diamond;shining-pearl,ravaged-path,fishing-old-rod,3 - 7,30%,,,,,
magikarp,magikarp,brilliant-diamond-shining-pearl,brilliant-diamond;shining-pearl,ravaged-path,fishing-old-rod,5 - 10,10%,,,,,
magikarp,magikarp,brilliant-diamond-shining-pearl,brilliant-diamond;shining-pearl,ravaged-path,fishing-good-rod,15 - 20,40%,,,,,
magikarp,magikarp,brilliant-diamond-shining-pearl,brilliant-diamond;shining-pearl,ravaged-path,fishing-good-rod,10 - 25,15%,,,,,
magikarp,magikarp,brilliant-diamond-shining-pearl,brilliant-diamond;shining-pearl,resort-area,fishing-old-rod,3 - 10,100%,,,,,
magikarp,magikarp,brilliant-diamond-shining-pearl,brilliant-diamond;shining-pearl,resort-area,fishing-good-rod,10 - 25,55%,,,,,
magikarp,magikarp,brilliant-diamond-shining-pearl,brilliant-diamond;shining-pearl,sendoff-spring,fishing-old-rod,3 - 10,100%,,,,,
magikarp,magikarp,brilliant-diamond-shining-pearl,brilliant-diamond;shining-pearl,sendoff-spring,fishing-good-rod,10 - 25,55%,,,,,
magikarp,magikarp,brilliant-diamond-shining-pearl,brilliant-diamond;shining-pearl,route-203-sinnoh,fishing-old-rod,3 - 10,100%,,,,,
magikarp,magikarp,brilliant-diamond-shining-pearl,brilliant-diamond;shining-pearl,route-203-sinnoh,fishing-good-rod,10 - 25,55%,,,,,
magikarp,magikarp,brilliant-diamond-shining-pearl,brilliant-diamond;shining-pearl,route-204-sinnoh-south,fishing-old-rod,3 - 10,100%,,,,,
magikarp,magikarp,brilliant-diamond-shining-pearl,brilliant-diamond;shining-pearl,route-204-sinnoh-south,fishing-good-rod,10 - 25,55%,,,,,
magikarp,magikarp,brilliant-diamond-shining-pearl,brilliant-diamond;shining-pearl,route-205-sinnoh-southern-part,fishing-old-rod,3 - 10,100%,,,,,
magikarp,magikarp,brilliant-diamond-shining-pearl,brilliant-diamond;shining-pearl,route-205-sinnoh-southern-part,fishing-good-rod,10 - 25,55%,,,,,
magikarp,magikarp,brilliant-diamond-shining-pearl,brilliant-diamond;shining-pearl,route-205-sinnoh-northern-part,fishing-old-rod,3 - 10,100%,,,,,
magikarp,magikarp,brilliant-diamond-shining-pearl,brilliant-diamond;shining-pearl,route-205-sinnoh-northern-part,fishing-good-rod,10 - 25,55%,,,,,
magikarp,magikarp,brilliant-diamond-shining-pearl,brilliant-diamond;shining-pearl,route-208-sinnoh,fishing-old-rod,3 - 10,100%,,,,,
magikarp,magikarp,brilliant-diamond-shining-pearl,brilliant-diamond;shining-pearl,route-208-sinnoh,fishing-good-rod,10 - 25,55%,,,,,
magikarp,magikarp,brilliant-diamond-shining-pearl,brilliant-diamond;shining-pearl,route-209-sinnoh,fishing-old-rod,3 - 10,100%,,,,,
magikarp,magikarp,brilliant-diamond-shining-pearl,brilliant-diamond;shining-pearl,route-209-sinnoh,fishing-good-rod,10 - 25,55%,,,,,
magikarp,magikarp,brilliant-diamond-shining-pearl,brilliant-diamond;shining-pearl,route-210-sinnoh-northern-foggy-part,fishing-old-rod,3 - 10,100%,,,,,
magikarp,magikarp,brilliant-diamond-shining-pearl,brilliant-diamond;shining-pearl,route-210-sinnoh-northern-foggy-part,fishing-good-rod,10 - 25,55%,,,,,
magikarp,magikarp,brilliant-diamond-shining-pearl,brilliant-diamond;shining-pearl,route-212-sinnoh-northern-area,fishing-old-rod,3 - 10,100%,,,,,
magikarp,magikarp,brilliant-diamond-shining-pearl,brilliant-diamond;shining-pearl,route-212-sinnoh-northern-area,fishing-good-rod,10 - 25,55%,,,,,
magikarp,magikarp,brilliant-diamond-shining-pearl,brilliant-diamond;shining-pearl,route-212-sinnoh-southern-area,fishing-old-rod,3 - 10,100%,,,,,
magikarp,magikarp,brilliant-diamond-shining-pearl,brilliant-diamond;shining-pearl,route-212-sinnoh-southern-area,fishing-good-rod,10 - 25,55%,,,,,
magikarp,magikarp,brilliant-diamond-shining-pearl,brilliant-diamond;shining-pearl,route-213-sinnoh,fishing-old-rod,3 - 10,100%,,,,,
magikarp,magikarp,brilliant-diamond-shining-pearl,brilliant-diamond;shining-pearl,route-213-sinnoh,fishing-good-rod,10 - 25,55%,,,,,
magikarp,magikarp,brilliant-diamond-shining-pearl,brilliant-diamond;shining-pearl,route-214-sinnoh,fishing-old-rod,3 - 10,100%,,,,,
magikarp,magikarp,brilliant-diamond-shining-pearl,brilliant-diamond;shining-pearl,route-214-sinnoh,fishing-good-rod,10 - 25,55%,,,,,
magikarp,magikarp,brilliant-diamond-shining-pearl,brilliant-diamond;shining-pearl,route-218-sinnoh,fishing-old-rod,3 - 10,100%,,,,,
magikarp,magikarp,brilliant-diamond-shining-pearl,brilliant-diamond;shining-pearl,route-218-sinnoh,fishing-good-rod,10 - 25,55%,,,,,
magikarp,magikarp,brilliant-diamond-shining-pearl,brilliant-diamond;shining-pearl,route-219-sinnoh,fishing-old-rod,3 - 10,100%,,,,,
magikarp,magikarp,brilliant-diamond-shining-pearl,brilliant-diamond;shining-pearl,route-219-sinnoh,fishing-good-rod,10 - 25,55%,,,,,
magikarp,magikarp,brilliant-diamond-shining-pearl,brilliant-diamond;shining-pearl,route-220-sinnoh,fishing-old-rod,3 - 10,100%,,,,,
magikarp,magikarp,brilliant-diamond-shining-pearl,brilliant-diamond;shining-pearl,route-220-sinnoh,fishing-good-rod,10 - 25,55%,,,,,
magikarp,magikarp,brilliant-diamond-shining-pearl,brilliant-diamond;shining-pearl,route-221-sinnoh,fishing-old-rod,3 - 10,100%,,,,,
magikarp,magikarp,brilliant-diamond-shining-pearl,brilliant-diamond;shining-pearl,route-221-sinnoh,fishing-good-rod,10 - 25,55%,,,,,
magikarp,magikarp,brilliant-diamond-shining-pearl,brilliant-diamond;shining-pearl,route-222-sinnoh,fishing-old-rod,3 - 10,100%,,,,,
magikarp,magikarp,brilliant-diamond-shining-pearl,brilliant-diamond;shining-pearl,route-222-sinnoh,fishing-good-rod,10 - 25,55%,,,,,
magikarp,magikarp,brilliant-diamond-shining-pearl,brilliant-diamond;shining-pearl,route-223-sinnoh,fishing-old-rod,3 - 10,100%,,,,,
magikarp,magikarp,brilliant-diamond-shining-pearl,brilliant-diamond;shining-pearl,route-223-sinnoh,fishing-good-rod,10 - 25,55%,,,,,
magikarp,magikarp,brilliant-diamond-shining-pearl,brilliant-diamond;shining-pearl,route-224-sinnoh,fishing-old-rod,3 - 10,100%,,,,,
magikarp,magikarp,brilliant-diamond-shining-pearl,brilliant-diamond;shining-pearl,route-224-sinnoh,fishing-good-rod,10 - 25,55%,,,,,
magikarp,magikarp,brilliant-diamond-shining-pearl,brilliant-diamond;shining-pearl,route-225-sinnoh,fishing-old-rod,3 - 10,100%,,,,,
magikarp,magikarp,brilliant-diamond-shining-pearl,brilliant-diamond;shining-pearl,route-225-sinnoh,fishing-good-rod,10 - 25,55%,,,,,
magikarp,magikarp,brilliant-diamond-shining-pearl,brilliant-diamond;shining-pearl,route-226-sinnoh,fishing-old-rod,3 - 10,100%,,,,,
magikarp,magikarp,brilliant-diamond-shining-pearl,brilliant-diamond;shining-pearl,route-226-sinnoh,fishing-good-rod,10 - 25,55%,,,,,
magikarp,magikarp,brilliant-diamond-shining-pearl,brilliant-diamond;shining-pearl,route-226-sinnoh,npc-trade,45,one,finneon,Different language origin,,,
magikarp,magikarp,brilliant-diamond-shining-pearl,brilliant-diamond;shining-pearl,route-227-sinnoh,fishing-old-rod,3 - 10,100%,,,,,
magikarp,magikarp,brilliant-diamond-shining-pearl,brilliant-diamond;shining-pearl,route-227-sinnoh,fishing-good-rod,10 - 25,55%,,,,,
magikarp,magikarp,brilliant-diamond-shining-pearl,brilliant-diamond;shining-pearl,route-228-sinnoh,fishing-old-rod,3 - 10,100%,,,,,
magikarp,magikarp,brilliant-diamond-shining-pearl,brilliant-diamond;shining-pearl,route-228-sinnoh,fishing-good-rod,10 - 25,55%,,,,,
magikarp,magikarp,brilliant-diamond-shining-pearl,brilliant-diamond;shining-pearl,route-229-sinnoh,fishing-old-rod,3 - 10,100%,,,,,
magikarp,magikarp,brilliant-diamond-shining-pearl,brilliant-diamond;shining-pearl,route-229-sinnoh,fishing-good-rod,10 - 25,100%,,,,,
magikarp,magikarp,brilliant-diamond-shining-pearl,brilliant-diamond;shining-pearl,route-230-sinnoh,fishing-old-rod,3 - 10,100%,,,,,
magikarp,magikarp,brilliant-diamond-shining-pearl,brilliant-diamond;shining-pearl,route-230-sinnoh,fishing-good-rod,10 - 25,55%,,,,,
magikarp,magikarp,brilliant-diamond-shining-pearl,brilliant-diamond;shining-pearl,sunyshore-city,fishing-old-rod,3 - 10,100%,,Added after obtaining the National PokéDex,,,
magikarp,magikarp,brilliant-diamond-shining-pearl,brilliant-diamond;shining-pearl,sunyshore-city,fishing-good-rod,10 - 25,55%,,Added after obtaining the National PokéDex,,,
magikarp,magikarp,brilliant-diamond-shining-pearl,brilliant-diamond;shining-pearl,twinleaf-town,fishing-old-rod,3 - 10,100%,,,,,
magikarp,magikarp,brilliant-diamond-shining-pearl,brilliant-diamond;shining-pearl,twinleaf-town,fishing-good-rod,10 - 25,55%,,,,,
magikarp,magikarp,brilliant-diamond-shining-pearl,brilliant-diamond;shining-pearl,valley-windworks,fishing-old-rod,3 - 10,100%,,,,,
magikarp,magikarp,brilliant-diamond-shining-pearl,brilliant-diamond;shining-pearl,valley-windworks,fishing-good-rod,10 - 25,55%,,,,,
magikarp,magikarp,brilliant-diamond-shining-pearl,brilliant-diamond;shining-pearl,victory-road-sinnoh-b1f,fishing-old-rod,3 - 10,100%,,,,,
magikarp,magikarp,brilliant-diamond-shining-pearl,brilliant-diamond;shining-pearl,victory-road-sinnoh-b1f,fishing-good-rod,10 - 25,100%,,,,,
magikarp,magikarp,brilliant-diamond-shining-pearl,brilliant-diamond;shining-pearl,victory-road-sinnoh-1f-back-2,fishing-old-rod,3 - 10,100%,,Area is only accessible after entering the Hall of Fame and obtaining the National Pokédex,,,
magikarp,magikarp,brilliant-diamond-shining-pearl,brilliant-diamond;shining-pearl,victory-road-sinnoh-1f-back-2,fishing-good-rod,10 - 25,100%,,Area is only accessible after entering the Hall of Fame and obtaining the National Pokédex,,,
magnemite,magnemite,brilliant-diamond-shining-pearl,brilliant-diamond;shining-pearl,fuego-ironworks,swarm,28 - 29,40%,,,,,
magnemite,magnemite,brilliant-diamond-shining-pearl,brilliant-diamond;shining-pearl,glacial-cavern,walking-around,16 - 63,varies,,Added after obtaining the National PokéDex,,,
magnemite,magnemite,brilliant-diamond-shining-pearl,brilliant-diamond;shining-pearl,glacial-cavern,walking-around,16 - 63,20%,,,,,
magnemite,magnemite,brilliant-diamond-shining-pearl,brilliant-diamond;shining-pearl,icy-cave,walking-around,16 - 63,varies,,Added after obtaining the National PokéDex,,,
magnemite,magnemite,brilliant-diamond-shining-pearl,brilliant-diamond;shining-pearl,icy-cave,walking-around,16 - 63,19%,,,,,
magnemite,magnemite,brilliant-diamond-shining-pearl,brilliant-diamond;shining-pearl,spacious-cave,walking-around,16 - 63,19%,,Added after obtaining the National PokéDex,,,
magnemite,magnemite,brilliant-diamond-shining-pearl,brilliant-diamond;shining-pearl,whiteout-cave,walking-around,16 - 63,varies,,Added after obtaining the National PokéDex,,,
magnemite,magnemite,brilliant-diamond-shining-pearl,brilliant-diamond;shining-pearl,whiteout-cave,walking-around,16 - 63,19%,,,,,
makuhita,makuhita,brilliant-diamond-shining-pearl,brilliant-diamond;shining-pearl,route-225-sinnoh,swarm,50 - 51,40%,,,,,
mankey,mankey,brilliant-diamond-shining-pearl,brilliant-diamond;shining-pearl,grassland-cave,walking-around,16 - 63,varies,,Added after obtaining the National PokéDex,,,
mankey,mankey,brilliant-diamond-shining-pearl,brilliant-diamond;shining-pearl,route-225-sinnoh,poke-radar,22,2%,,,,,
mankey,mankey,brilliant-diamond-shining-pearl,brilliant-diamond;shining-pearl,route-226-sinnoh,poke-radar,22,2%,,,,,
mankey,mankey,brilliant-diamond-shining-pearl,brilliant-diamond;shining-pearl,spacious-cave,walking-around,16 - 63,varies,,Added after obtaining the National PokéDex,,,
mankey,mankey,brilliant-diamond-shining-pearl,brilliant-diamond;shining-pearl,sunlit-cavern,walking-around,16 - 63,varies,,Added after obtaining the National PokéDex,,,
mantyke,mantyke,brilliant-diamond-shining-pearl,brilliant-diamond;shining-pearl,fountainspring-cave,walking-around,50 - 63,varies,,Added after obtaining TM99 (Waterfall),,,
mantyke,mantyke,brilliant-diamond-shining-pearl,brilliant-diamond;shining-pearl,riverbank-cave,walking-around,50 - 63,varies,,Added after obtaining TM99 (Waterfall),,,
mantyke,mantyke,brilliant-diamond-shining-pearl,brilliant-diamond;shining-pearl,route-223-sinnoh,surfing,30 - 45,10%,,,,,
mantyke,mantyke,brilliant-diamond-shining-pearl,brilliant-diamond;shining-pearl,spacious-cave,walking-around,50 - 63,varies,,Added after obtaining TM99 (Waterfall),,,
mantyke,mantyke,brilliant-diamond-shining-pearl,brilliant-diamond;shining-pearl,still-water-cavern,walking-around,50 - 63,varies,,Added after obtaining TM99 (Waterfall),,,
mantyke,mantyke,brilliant-diamond-shining-pearl,brilliant-diamond;shining-pearl,sunyshore-city,surfing,30 - 45,10%,,Added after obtaining the National PokéDex,,,
mareep,mareep,brilliant-diamond-shining-pearl,brilliant-diamond;shining-pearl,grassland-cave,walking-around,16 - 63,varies,,Added after obtaining the National PokéDex,,,
mareep,mareep,brilliant-diamond-shining-pearl,brilliant-diamond;shining-pearl,sunlit-cavern,walking-around,16 - 63,varies,,Added after obtaining the National PokéDex,,,
mareep,mareep,brilliant-diamond-shining-pearl,brilliant-diamond;shining-pearl,valley-windworks,poke-radar,7 - 9,22%,,,,,
mareep,mareep,brilliant-diamond-shining-pearl,brilliant-diamond;shining-pearl,whiteout-cave,walking-around,16 - 63,varies,,Added after obtaining the National PokéDex,,,
marill,marill,brilliant-diamond-shining-pearl,brilliant-diamond;shining-pearl,great-marsh,surfing,20 - 30,30%,,,,,
marill,marill,brilliant-diamond-shining-pearl,brilliant-diamond;shining-pearl,great-marsh-area-1,walking-tall-grass,25 - 26,15%,,,,,
marill,marill,brilliant-diamond-shining-pearl,brilliant-diamond;shining-pearl,great-marsh-area-2,walking-tall-grass,25 - 26,15%,,,,,
marill,marill,brilliant-diamond-shining-pearl,brilliant-diamond;shining-pearl,great-marsh-area-3,walking-tall-grass,23 - 24,15%,,,,,
marill,marill,brilliant-diamond-shining-pearl,brilliant-diamond;shining-pearl,great-marsh-area-4,walking-tall-grass,23 - 24,15%,,,,,
marill,marill,brilliant-diamond-shining-pearl,brilliant-diamond;shining-pearl,great-marsh-area-5,walking-tall-grass,21 - 22,15%,,,,,
marill,marill,brilliant-diamond-shining-pearl,brilliant-diamond;shining-pearl,great-marsh-area-6,walking-tall-grass,21 - 22,15%,,,,,
marill,marill,brilliant-diamond-shining-pearl,brilliant-diamond;shining-pearl,great-marsh,walking-tall-grass,"22, 24, 26",10%,,"Pre-National PokéDex only, 1/32 selection chance",,,
marill,marill,brilliant-diamond-shining-pearl,brilliant-diamond;shining-pearl,trophy-garden,mr-backlot,"16, 18",5%,,Added after obtaining the National PokéDex,,,
mawile,mawile,brilliant-diamond-shining-pearl,brilliant-diamond,dazzling-cave,walking-around,16 - 63,varies,,Added after obtaining the National PokéDex,,,
mawile,mawile,brilliant-diamond-shining-pearl,brilliant-diamond,stargleam-cavern,walking-around,16 - 63,varies,,Added after obtaining the National PokéDex,,,
medicham,medicham,brilliant-diamond-shining-pearl,brilliant-diamond;shining-pearl,acuity-lakefront,walking-tall-grass,35 - 36,20%,,,,,
medicham,medicham,brilliant-diamond-shining-pearl,brilliant-diamond;shining-pearl,mount-coronet-4f,walking-around,39,10%,,,,,
medicham,medicham,brilliant-diamond-shining-pearl,brilliant-diamond;shining-pearl,mount-coronet-2f,walking-around,37,10%,,,,,
medicham,medicham,brilliant-diamond-shining-pearl,brilliant-diamond;shining-pearl,mount-coronet-3f,walking-around,37,10%,,,,,
medicham,medicham,brilliant-diamond-shining-pearl,brilliant-diamond;shining-pearl,mount-coronet-4f-room-2,walking-around,39,10%,,,,,
medicham,medicham,brilliant-diamond-shining-pearl,brilliant-diamond;shining-pearl,mount-coronet-4f-room-3,walking-around,39,10%,,,,,
medicham,medicham,brilliant-diamond-shining-pearl,brilliant-diamond;shining-pearl,mount-coronet-5f,walking-around,41,10%,,,,,
medicham,medicham,brilliant-diamond-shining-pearl,brilliant-diamond;shining-pearl,mount-coronet-6f,walking-around,41,10%,,,,,
medicham,medicham,brilliant-diamond-shining-pearl,brilliant-diamond;shining-pearl,mount-coronet-tunnel-room,walking-around,40,10%,,,,,
medicham,medicham,brilliant-diamond-shining-pearl,brilliant-diamond;shining-pearl,mount-coronet-mountainside,walking-tall-grass,39,,,,,10%,10%
medicham,medicham,brilliant-diamond-shining-pearl,brilliant-diamond;shining-pearl,mount-coronet-mountainside,walking-tall-grass,40,10%,,,,,
medicham,medicham,brilliant-diamond-shining-pearl,brilliant-diamond;shining-pearl,route-217-sinnoh,walking-tall-grass,35 - 36,20%,,,,,
medicham,medicham,brilliant-diamond-shining-pearl,brilliant-diamond;shining-pearl,victory-road-sinnoh-1f,walking-around,44 - 46,15%,,,,,
medicham,medicham,brilliant-diamond-shining-pearl,brilliant-diamond;shining-pearl,victory-road-sinnoh-2f,walking-around,45 - 47,15%,,,,,
medicham,medicham,brilliant-diamond-shining-pearl,brilliant-diamond;shining-pearl,victory-road-sinnoh-b1f,walking-around,44 - 46,15%,,,,,
medicham,medicham,brilliant-diamond-shining-pearl,brilliant-diamond;shining-pearl,victory-road-sinnoh-1f-back-1,walking-around,50 - 52,15%,,Area is only accessible after entering the Hall of Fame and obtaining the National Pokédex,,,
medicham,medicham,brilliant-diamond-shining-pearl,brilliant-diamond;shining-pearl,victory-road-sinnoh-1f-back-2,walking-around,50 - 52,15%,,Area is only accessible after entering the Hall of Fame and obtaining the National Pokédex,,,
medicham,medicham,brilliant-diamond-shining-pearl,brilliant-diamond;shining-pearl,victory-road-sinnoh-1f-back-2,walking-around,50 - 52,15%,,Area is only accessible after entering the Hall of Fame and obtaining the National Pokédex,,,
meditite,meditite,brilliant-diamond-shining-pearl,brilliant-diamond;shining-pearl,acuity-lakefront,walking-tall-grass,35,,,,,10%,10%
meditite,meditite,brilliant-diamond-shining-pearl,brilliant-diamond;shining-pearl,dazzling-cave,walking-around,25 - 63,varies,,Added after obtaining TM96 (Strength),,,
meditite,meditite,brilliant-diamond-shining-pearl,brilliant-diamond;shining-pearl,mount-coronet-southern-1f-oreburgh-city-hearthome-city-side,walking-around,15,10%,,,,,
meditite,meditite,brilliant-diamond-shining-pearl,brilliant-diamond;shining-pearl,mount-coronet-northern-1f-room-1-eterna-city-celestic-town-side,walking-around,13 - 14,25%,,,,,
meditite,meditite,brilliant-diamond-shining-pearl,brilliant-diamond;shining-pearl,mount-coronet-b1f,walking-around,31 - 32,25%,,,,,
meditite,meditite,brilliant-diamond-shining-pearl,brilliant-diamond;shining-pearl,mount-coronet-northern-1f-room-2,walking-around,31 - 32,25%,,,,,
meditite,meditite,brilliant-diamond-shining-pearl,brilliant-diamond;shining-pearl,route-208-sinnoh,walking-tall-grass,16,,,,,10%,10%
meditite,meditite,brilliant-diamond-shining-pearl,brilliant-diamond;shining-pearl,route-208-sinnoh,walking-tall-grass,17,10%,,,,,
meditite,meditite,brilliant-diamond-shining-pearl,brilliant-diamond;shining-pearl,route-210-sinnoh-northern-foggy-part,walking-tall-grass,24,,,,,10%,10%
meditite,meditite,brilliant-diamond-shining-pearl,brilliant-diamond;shining-pearl,route-210-sinnoh-northern-foggy-part,walking-tall-grass,25 - 26,20%,,,,,
meditite,meditite,brilliant-diamond-shining-pearl,brilliant-diamond;shining-pearl,route-211-sinnoh-western-part,walking-tall-grass,12,,,,,10%,10%
meditite,meditite,brilliant-diamond-shining-pearl,brilliant-diamond;shining-pearl,route-211-sinnoh-western-part,walking-tall-grass,13 - 14,25%,,,,,
meditite,meditite,brilliant-diamond-shining-pearl,brilliant-diamond;shining-pearl,route-211-sinnoh-eastern-part,walking-tall-grass,27 - 28,35%,,,,,
meditite,meditite,brilliant-diamond-shining-pearl,brilliant-diamond;shining-pearl,route-216-sinnoh,walking-tall-grass,33,,,,,10%,10%
meditite,meditite,brilliant-diamond-shining-pearl,brilliant-diamond;shining-pearl,route-216-sinnoh,walking-tall-grass,34,10%,,,,,
meditite,meditite,brilliant-diamond-shining-pearl,brilliant-diamond;shining-pearl,route-217-sinnoh,walking-tall-grass,35,,,,,10%,10%
meditite,meditite,brilliant-diamond-shining-pearl,brilliant-diamond;shining-pearl,stargleam-cavern,walking-around,25 - 63,varies,,Added after obtaining TM96 (Strength),,,
meditite,meditite,brilliant-diamond-shining-pearl,brilliant-diamond;shining-pearl,whiteout-cave,walking-around,25 - 63,varies,,Added after obtaining TM96 (Strength),,,
meowth,meowth,brilliant-diamond-shining-pearl,brilliant-diamond;shining-pearl,trophy-garden,mr-backlot,"16, 18",5%,,Added after obtaining the National PokéDex,,,
mew,mew,brilliant-diamond-shining-pearl,brilliant-diamond;shining-pearl,floaroma-town,npc-gift,1,one,,Can only be obtained if the Nintendo Switch has save data for {LGPE;GAME;lets-go-pikachu-lets-go-eevee},,,
mewtwo,mewtwo,brilliant-diamond-shining-pearl,brilliant-diamond;shining-pearl,ramanas-park-genome-room,special-encounter,70,one,,Inser the {Genome Slate;ITEM;genome-slate} to battle.,,,
mightyena,mightyena,brilliant-diamond-shining-pearl,brilliant-diamond;shining-pearl,dazzling-cave,walking-around,16 - 63,varies,,Added after obtaining the National PokéDex,,,
mightyena,mightyena,brilliant-diamond-shining-pearl,brilliant-diamond;shining-pearl,glacial-cavern,walking-around,16 - 63,varies,,Added after obtaining the National PokéDex,,,
mightyena,mightyena,brilliant-diamond-shining-pearl,brilliant-diamond;shining-pearl,icy-cave,walking-around,16 - 63,varies,,Added after obtaining the National PokéDex,,,
mightyena,mightyena,brilliant-diamond-shining-pearl,brilliant-diamond,route-214-sinnoh,poke-radar,23 - 24,22%,,,,,
mightyena,mightyena,brilliant-diamond-shining-pearl,brilliant-diamond,route-215-sinnoh,poke-radar,"20, 22",22%,,,,,
mightyena,mightyena,brilliant-diamond-shining-pearl,brilliant-diamond;shining-pearl,spacious-cave,walking-around,16 - 63,varies,,Added after obtaining the National PokéDex,,,
mightyena,mightyena,brilliant-diamond-shining-pearl,brilliant-diamond;shining-pearl,stargleam-cavern,walking-around,16 - 63,varies,,Added after obtaining the National PokéDex,,,
miltank,miltank,brilliant-diamond-shining-pearl,brilliant-diamond;shining-pearl,grassland-cave,walking-around,16 - 63,varies,,Added after obtaining the National PokéDex,,,
miltank,miltank,brilliant-diamond-shining-pearl,brilliant-diamond,route-209-sinnoh,poke-radar,16,2%,,,,,
miltank,miltank,brilliant-diamond-shining-pearl,shining-pearl,route-209-sinnoh,poke-radar,17,20%,,,,,
miltank,miltank,brilliant-diamond-shining-pearl,brilliant-diamond,route-210-sinnoh-southern-part,poke-radar,20,2%,,,,,
miltank,miltank,brilliant-diamond-shining-pearl,shining-pearl,route-210-sinnoh-southern-part,poke-radar,19,20%,,,,,
miltank,miltank,brilliant-diamond-shining-pearl,brilliant-diamond;shining-pearl,spacious-cave,walking-around,16 - 63,varies,,Added after obtaining the National PokéDex,,,
miltank,miltank,brilliant-diamond-shining-pearl,brilliant-diamond;shining-pearl,sunlit-cavern,walking-around,16 - 63,varies,,Added after obtaining the National PokéDex,,,
mime-jr,mime-jr,brilliant-diamond-shining-pearl,brilliant-diamond,route-209-sinnoh,walking-tall-grass,16,,,,5%,25%,5%
mime-jr,mime-jr,brilliant-diamond-shining-pearl,brilliant-diamond,route-210-sinnoh-southern-part,walking-tall-grass,18,,,,,20%,
mime-jr,mime-jr,brilliant-diamond-shining-pearl,brilliant-diamond,route-210-sinnoh-southern-part,walking-tall-grass,20,5%,,,,,
mime-jr,mime-jr,brilliant-diamond-shining-pearl,brilliant-diamond;shining-pearl,trophy-garden,mr-backlot,"16, 18",5%,,Added after obtaining the National PokéDex,,,
minun,minun,brilliant-diamond-shining-pearl,brilliant-diamond;shining-pearl,trophy-garden,mr-backlot,"16, 18",5%,,Added after obtaining the National PokéDex,,,
misdreavus,misdreavus,brilliant-diamond-shining-pearl,shining-pearl,dazzling-cave,walking-around,16 - 63,varies,,,,,
misdreavus,misdreavus,brilliant-diamond-shining-pearl,shining-pearl,eterna-forest,walking-tall-grass,10 - 11,,,,20%,,
misdreavus,misdreavus,brilliant-diamond-shining-pearl,shining-pearl,lost-tower-1f,walking-around,17,,,,20%,,
misdreavus,misdreavus,brilliant-diamond-shining-pearl,shining-pearl,lost-tower-2f,walking-around,18,,,,20%,,
misdreavus,misdreavus,brilliant-diamond-shining-pearl,shining-pearl,lost-tower-3f,walking-around,19,,,,20%,,
misdreavus,misdreavus,brilliant-diamond-shining-pearl,shining-pearl,lost-tower-4f,walking-around,20,,,,20%,,
misdreavus,misdreavus,brilliant-diamond-shining-pearl,shining-pearl,lost-tower-5f,walking-around,21,,,,20%,,
misdreavus,misdreavus,brilliant-diamond-shining-pearl,shining-pearl,stargleam-cavern,walking-around,16 - 63,varies,,,,,
moltres,moltres,brilliant-diamond-shining-pearl,shining-pearl,ramanas-park-kanto-room,special-encounter,70,one,,Inser the {Kanto Slate;ITEM;kanto-slate} to battle.,,,
mr-mime,mr-mime,brilliant-diamond-shining-pearl,brilliant-diamond;shining-pearl,dazzling-cave,walking-around,42 - 63,varies,,Added after earning the Icicle Badge,,,
mr-mime,mr-mime,brilliant-diamond-shining-pearl,brilliant-diamond;shining-pearl,glacial-cavern,walking-around,25 - 63,varies,,Added after earning the Icicle Badge,,,
mr-mime,mr-mime,brilliant-diamond-shining-pearl,brilliant-diamond;shining-pearl,icy-cave,walking-around,42 - 63,varies,,Added after earning the Icicle Badge,,,
mr-mime,mr-mime,brilliant-diamond-shining-pearl,brilliant-diamond,route-218-sinnoh,walking-tall-grass,29 - 30,15%,,,,,
mr-mime,mr-mime,brilliant-diamond-shining-pearl,brilliant-diamond,route-222-sinnoh,walking-tall-grass,41 - 42,15%,,,,,
mr-mime,mr-mime,brilliant-diamond-shining-pearl,brilliant-diamond;shining-pearl,stargleam-cavern,walking-around,42 - 63,varies,,Added after earning the Icicle Badge,,,
mr-mime,mr-mime,brilliant-diamond-shining-pearl,brilliant-diamond;shining-pearl,whiteout-cave,walking-around,42 - 63,varies,,Added after earning the Icicle Badge,,,
mudkip,mudkip,brilliant-diamond-shining-pearl,brilliant-diamond;shining-pearl,fountainspring-cave,walking-around,16 - 63,varies,,Added after obtaining the National PokéDex,,,
mudkip,mudkip,brilliant-diamond-shining-pearl,brilliant-diamond;shining-pearl,riverbank-cave,walking-around,16 - 63,varies,,Added after obtaining the National PokéDex,,,
mudkip,mudkip,brilliant-diamond-shining-pearl,brilliant-diamond;shining-pearl,still-water-cavern,walking-around,16 - 63,varies,,Added after obtaining the National PokéDex,,,
munchlax,munchlax,brilliant-diamond-shining-pearl,brilliant-diamond;shining-pearl,grassland-cave,walking-around,25 - 63,varies,,Added after obtaining TM97 (Defog),,,
munchlax,munchlax,brilliant-diamond-shining-pearl,brilliant-diamond;shining-pearl,riverbank-cave,walking-around,25 - 63,varies,,Added after obtaining TM97 (Defog),,,
munchlax,munchlax,brilliant-diamond-shining-pearl,brilliant-diamond;shining-pearl,spacious-cave,walking-around,25 - 63,varies,,Added after obtaining TM97 (Defog),,,
munchlax,munchlax,brilliant-diamond-shining-pearl,brilliant-diamond;shining-pearl,still-water-cavern,walking-around,25 - 63,varies,,Added after obtaining TM97 (Defog),,,
munchlax,munchlax,brilliant-diamond-shining-pearl,brilliant-diamond;shining-pearl,sunlit-cavern,walking-around,25 - 63,varies,,Added after obtaining TM97 (Defog),,,
munchlax,munchlax,brilliant-diamond-shining-pearl,brilliant-diamond;shining-pearl,whiteout-cave,walking-around,25 - 63,varies,,Added after obtaining TM97 (Defog),,,
murkrow,murkrow,brilliant-diamond-shining-pearl,brilliant-diamond,eterna-forest,walking-tall-grass,10 - 11,,,,20%,,
murkrow,murkrow,brilliant-diamond-shining-pearl,brilliant-diamond,grassland-cave,walking-around,16 - 63,varies,,,,,
murkrow,murkrow,brilliant-diamond-shining-pearl,brilliant-diamond,lost-tower-1f,walking-around,17,,,,20%,,
murkrow,murkrow,brilliant-diamond-shining-pearl,brilliant-diamond,lost-tower-2f,walking-around,18,,,,20%,,
murkrow,murkrow,brilliant-diamond-shining-pearl,brilliant-diamond,lost-tower-3f,walking-around,19,,,,20%,,
murkrow,murkrow,brilliant-diamond-shining-pearl,brilliant-diamond,lost-tower-4f,walking-around,20,,,,20%,,
murkrow,murkrow,brilliant-diamond-shining-pearl,brilliant-diamond,lost-tower-5f,walking-around,21,,,,20%,,
murkrow,murkrow,brilliant-diamond-shining-pearl,brilliant-diamond,riverbank-cave,walking-around,16 - 63,varies,,,,,
murkrow,murkrow,brilliant-diamond-shining-pearl,brilliant-diamond,spacious-cave,walking-around,16 - 63,varies,,,,,
murkrow,murkrow,brilliant-diamond-shining-pearl,brilliant-diamond,still-water-cavern,walking-around,16 - 63,varies,,,,,
murkrow,murkrow,brilliant-diamond-shining-pearl,brilliant-diamond,sunlit-cavern,walking-around,16 - 63,varies,,,,,
natu,natu,brilliant-diamond-shining-pearl,brilliant-diamond;shining-pearl,dazzling-cave,walking-around,16 - 63,varies,,Added after obtaining the National PokéDex,,,
natu,natu,brilliant-diamond-shining-pearl,brilliant-diamond;shining-pearl,route-224-sinnoh,swarm,53,40%,,,,,
natu,natu,brilliant-diamond-shining-pearl,brilliant-diamond;shining-pearl,spacious-cave,walking-around,16 - 63,varies,,Added after obtaining the National PokéDex,,,
natu,natu,brilliant-diamond-shining-pearl,brilliant-diamond;shining-pearl,stargleam-cavern,walking-around,16 - 63,varies,,Added after obtaining the National PokéDex,,,
nidorina,nidorina,brilliant-diamond-shining-pearl,brilliant-diamond;shining-pearl,bogsunk-cavern,walking-around,16 - 63,varies,,Added after obtaining the National PokéDex,,,
nidorina,nidorina,brilliant-diamond-shining-pearl,brilliant-diamond;shining-pearl,bogsunk-cavern,walking-around,16 - 63,varies,,Added after obtaining the National PokéDex,,,
nidorina,nidorina,brilliant-diamond-shining-pearl,brilliant-diamond;shining-pearl,bogsunk-cavern,walking-around,16 - 63,varies,,Added after obtaining the National PokéDex,,,
nidorina,nidorina,brilliant-diamond-shining-pearl,brilliant-diamond;shining-pearl,dazzling-cave,walking-around,16 - 63,varies,,Added after obtaining the National PokéDex,,,
nidorina,nidorina,brilliant-diamond-shining-pearl,brilliant-diamond;shining-pearl,dazzling-cave,walking-around,16 - 63,varies,,Added after obtaining the National PokéDex,,,
nidorina,nidorina,brilliant-diamond-shining-pearl,brilliant-diamond;shining-pearl,dazzling-cave,walking-around,16 - 63,varies,,Added after obtaining the National PokéDex,,,
nidorina,nidorina,brilliant-diamond-shining-pearl,brilliant-diamond;shining-pearl,grassland-cave,walking-around,16 - 63,varies,,Added after obtaining the National PokéDex,,,
nidorina,nidorina,brilliant-diamond-shining-pearl,brilliant-diamond;shining-pearl,grassland-cave,walking-around,16 - 63,varies,,Added after obtaining the National PokéDex,,,
nidorina,nidorina,brilliant-diamond-shining-pearl,brilliant-diamond;shining-pearl,grassland-cave,walking-around,16 - 63,varies,,Added after obtaining the National PokéDex,,,
nidorina,nidorina,brilliant-diamond-shining-pearl,brilliant-diamond;shining-pearl,riverbank-cave,walking-around,16 - 63,varies,,Added after obtaining the National PokéDex,,,
nidorina,nidorina,brilliant-diamond-shining-pearl,brilliant-diamond;shining-pearl,riverbank-cave,walking-around,16 - 63,varies,,Added after obtaining the National PokéDex,,,
nidorina,nidorina,brilliant-diamond-shining-pearl,brilliant-diamond;shining-pearl,riverbank-cave,walking-around,16 - 63,varies,,Added after obtaining the National PokéDex,,,
nidorina,nidorina,brilliant-diamond-shining-pearl,brilliant-diamond,route-201-sinnoh,poke-radar,3,20%,,,,,
nidorina,nidorina,brilliant-diamond-shining-pearl,shining-pearl,route-201-sinnoh,poke-radar,2,2%,,,,,
nidorina,nidorina,brilliant-diamond-shining-pearl,brilliant-diamond,route-201-sinnoh,poke-radar,2,2%,,,,,
nidorina,nidorina,brilliant-diamond-shining-pearl,shining-pearl,route-201-sinnoh,poke-radar,3,20%,,,,,
nidorina,nidorina,brilliant-diamond-shining-pearl,brilliant-diamond,route-221-sinnoh,poke-radar,29,20%,,,,,
nidorina,nidorina,brilliant-diamond-shining-pearl,shining-pearl,route-221-sinnoh,poke-radar,30,2%,,,,,
nidorina,nidorina,brilliant-diamond-shining-pearl,brilliant-diamond;shining-pearl,stargleam-cavern,walking-around,16 - 63,varies,,Added after obtaining the National PokéDex,,,
nidorina,nidorina,brilliant-diamond-shining-pearl,brilliant-diamond;shining-pearl,stargleam-cavern,walking-around,16 - 63,varies,,Added after obtaining the National PokéDex,,,
nidorina,nidorina,brilliant-diamond-shining-pearl,brilliant-diamond;shining-pearl,stargleam-cavern,walking-around,16 - 63,varies,,Added after obtaining the National PokéDex,,,
nidorina,nidorina,brilliant-diamond-shining-pearl,brilliant-diamond;shining-pearl,still-water-cavern,walking-around,16 - 63,varies,,Added after obtaining the National PokéDex,,,
nidorina,nidorina,brilliant-diamond-shining-pearl,brilliant-diamond;shining-pearl,still-water-cavern,walking-around,16 - 63,varies,,Added after obtaining the National PokéDex,,,
nidorina,nidorina,brilliant-diamond-shining-pearl,brilliant-diamond;shining-pearl,still-water-cavern,walking-around,16 - 63,varies,,Added after obtaining the National PokéDex,,,
nidorina,nidorina,brilliant-diamond-shining-pearl,brilliant-diamond;shining-pearl,sunlit-cavern,walking-around,16 - 63,varies,,Added after obtaining the National PokéDex,,,
nidorina,nidorina,brilliant-diamond-shining-pearl,brilliant-diamond;shining-pearl,sunlit-cavern,walking-around,16 - 63,varies,,Added after obtaining the National PokéDex,,,
nidorina,nidorina,brilliant-diamond-shining-pearl,brilliant-diamond;shining-pearl,sunlit-cavern,walking-around,16 - 63,varies,,Added after obtaining the National PokéDex,,,
nidorina,nidorina,brilliant-diamond-shining-pearl,brilliant-diamond;shining-pearl,swampy-cave,walking-around,16 - 63,varies,,Added after obtaining the National PokéDex,,,
nidorina,nidorina,brilliant-diamond-shining-pearl,brilliant-diamond;shining-pearl,swampy-cave,walking-around,16 - 63,varies,,Added after obtaining the National PokéDex,,,
nidorina,nidorina,brilliant-diamond-shining-pearl,brilliant-diamond;shining-pearl,swampy-cave,walking-around,16 - 63,varies,,Added after obtaining the National PokéDex,,,
nidorina,nidorina,brilliant-diamond-shining-pearl,brilliant-diamond,valor-lakefront,poke-radar,21 - 22,20%,,,,,
nidorina,nidorina,brilliant-diamond-shining-pearl,shining-pearl,valor-lakefront,poke-radar,22,2%,,,,,
nidorino,nidorino,brilliant-diamond-shining-pearl,brilliant-diamond;shining-pearl,bogsunk-cavern,walking-around,16 - 63,varies,,Added after obtaining the National PokéDex,,,
nidorino,nidorino,brilliant-diamond-shining-pearl,brilliant-diamond;shining-pearl,dazzling-cave,walking-around,16 - 63,varies,,Added after obtaining the National PokéDex,,,
nidorino,nidorino,brilliant-diamond-shining-pearl,brilliant-diamond;shining-pearl,grassland-cave,walking-around,16 - 63,varies,,Added after obtaining the National PokéDex,,,
nidorino,nidorino,brilliant-diamond-shining-pearl,brilliant-diamond;shining-pearl,riverbank-cave,walking-around,16 - 63,varies,,Added after obtaining the National PokéDex,,,
nidorino,nidorino,brilliant-diamond-shining-pearl,brilliant-diamond,route-221-sinnoh,poke-radar,30,2%,,,,,
nidorino,nidorino,brilliant-diamond-shining-pearl,shining-pearl,route-221-sinnoh,poke-radar,29,20%,,,,,
nidorino,nidorino,brilliant-diamond-shining-pearl,brilliant-diamond;shining-pearl,stargleam-cavern,walking-around,16 - 63,varies,,Added after obtaining the National PokéDex,,,
nidorino,nidorino,brilliant-diamond-shining-pearl,brilliant-diamond;shining-pearl,still-water-cavern,walking-around,16 - 63,varies,,Added after obtaining the National PokéDex,,,
nidorino,nidorino,brilliant-diamond-shining-pearl,brilliant-diamond;shining-pearl,sunlit-cavern,walking-around,16 - 63,varies,,Added after obtaining the National PokéDex,,,
nidorino,nidorino,brilliant-diamond-shining-pearl,brilliant-diamond;shining-pearl,swampy-cave,walking-around,16 - 63,varies,,Added after obtaining the National PokéDex,,,
nidorino,nidorino,brilliant-diamond-shining-pearl,brilliant-diamond,valor-lakefront,poke-radar,22,2%,,,,,
nidorino,nidorino,brilliant-diamond-shining-pearl,shining-pearl,valor-lakefront,poke-radar,21 - 22,20%,,,,,
nincada,nincada,brilliant-diamond-shining-pearl,brilliant-diamond;shining-pearl,eterna-forest,poke-radar,10 - 12,22%,,,,,
nincada,nincada,brilliant-diamond-shining-pearl,brilliant-diamond;shining-pearl,grassland-cave,walking-around,16 - 63,varies,,Added after obtaining the National PokéDex,,,
nincada,nincada,brilliant-diamond-shining-pearl,brilliant-diamond;shining-pearl,riverbank-cave,walking-around,16 - 63,varies,,Added after obtaining the National PokéDex,,,
nincada,nincada,brilliant-diamond-shining-pearl,brilliant-diamond;shining-pearl,still-water-cavern,walking-around,16 - 63,varies,,Added after obtaining the National PokéDex,,,
nincada,nincada,brilliant-diamond-shining-pearl,brilliant-diamond;shining-pearl,sunlit-cavern,walking-around,16 - 63,varies,,Added after obtaining the National PokéDex,,,
noctowl,noctowl,brilliant-diamond-shining-pearl,brilliant-diamond;shining-pearl,acuity-lakefront,walking-tall-grass,35,,,,10%,,
noctowl,noctowl,brilliant-diamond-shining-pearl,brilliant-diamond;shining-pearl,great-marsh-area-1,walking-tall-grass,26,,,,10%,,
noctowl,noctowl,brilliant-diamond-shining-pearl,brilliant-diamond;shining-pearl,great-marsh-area-2,walking-tall-grass,26,,,,10%,,
noctowl,noctowl,brilliant-diamond-shining-pearl,brilliant-diamond;shining-pearl,lake-acuity-sinnoh,walking-tall-grass,"34, 36",,,,20%,,
noctowl,noctowl,brilliant-diamond-shining-pearl,brilliant-diamond;shining-pearl,lake-valor-sinnoh,walking-tall-grass,"34, 36",,,,20%,,
noctowl,noctowl,brilliant-diamond-shining-pearl,brilliant-diamond;shining-pearl,mount-coronet-mountainside,walking-tall-grass,39,,,,10%,,
noctowl,noctowl,brilliant-diamond-shining-pearl,brilliant-diamond;shining-pearl,sendoff-spring,walking-tall-grass,53 - 54,,,,20%,,
noctowl,noctowl,brilliant-diamond-shining-pearl,brilliant-diamond;shining-pearl,route-210-sinnoh-northern-foggy-part,walking-tall-grass,25,,,,10%,,
noctowl,noctowl,brilliant-diamond-shining-pearl,brilliant-diamond;shining-pearl,route-211-sinnoh-eastern-part,walking-tall-grass,28,,,,10%,,
noctowl,noctowl,brilliant-diamond-shining-pearl,brilliant-diamond;shining-pearl,route-216-sinnoh,walking-tall-grass,33,,,,10%,,
noctowl,noctowl,brilliant-diamond-shining-pearl,brilliant-diamond;shining-pearl,route-217-sinnoh,walking-tall-grass,35,,,,10%,,
nosepass,nosepass,brilliant-diamond-shining-pearl,brilliant-diamond;shining-pearl,route-206-sinnoh,swarm,14,40%,,,,,
numel,numel,brilliant-diamond-shining-pearl,brilliant-diamond;shining-pearl,big-bluff-cavern,walking-around,16 - 63,varies,,Added after obtaining the National PokéDex,,,
numel,numel,brilliant-diamond-shining-pearl,brilliant-diamond;shining-pearl,rocky-cave,walking-around,16 - 63,varies,,Sandshrew,,,
numel,numel,brilliant-diamond-shining-pearl,brilliant-diamond;shining-pearl,sandsear-cave,walking-around,16 - 63,varies,,Added after obtaining the National PokéDex,,,
numel,numel,brilliant-diamond-shining-pearl,brilliant-diamond;shining-pearl,route-227-sinnoh,walking-tall-grass,"22, 24",5%,,,,,
numel,numel,brilliant-diamond-shining-pearl,brilliant-diamond;shining-pearl,stark-mountain-outside,walking-tall-grass,"22, 24",5%,,,,,
numel,numel,brilliant-diamond-shining-pearl,brilliant-diamond;shining-pearl,typhlo-cavern,walking-around,16 - 63,varies,,Added after obtaining the National PokéDex,,,
numel,numel,brilliant-diamond-shining-pearl,brilliant-diamond;shining-pearl,volcanic-cave,walking-around,16 - 63,varies,,Added after obtaining the National PokéDex,,,
nuzleaf,nuzleaf,brilliant-diamond-shining-pearl,brilliant-diamond,grassland-cave,walking-around,16 - 63,varies,,Added after obtaining the National PokéDex,,,
nuzleaf,nuzleaf,brilliant-diamond-shining-pearl,brilliant-diamond,riverbank-cave,walking-around,16 - 63,varies,,Added after obtaining the National PokéDex,,,
nuzleaf,nuzleaf,brilliant-diamond-shining-pearl,brilliant-diamond,still-water-cavern,walking-around,16 - 63,varies,,Added after obtaining the National PokéDex,,,
nuzleaf,nuzleaf,brilliant-diamond-shining-pearl,brilliant-diamond,sunlit-cavern,walking-around,16 - 63,varies,,Added after obtaining the National PokéDex,,,
octillery,octillery,brilliant-diamond-shining-pearl,brilliant-diamond;shining-pearl,fountainspring-cave,walking-around,50 - 63,varies,,Added after obtaining TM99 (Waterfall),,,
octillery,octillery,brilliant-diamond-shining-pearl,brilliant-diamond;shining-pearl,pastoria-city,fishing-super-rod,20 - 50,45%,,,,,
octillery,octillery,brilliant-diamond-shining-pearl,brilliant-diamond;shining-pearl,pokemon-league-sinnoh,fishing-super-rod,20 - 50,45%,,,,,
octillery,octillery,brilliant-diamond-shining-pearl,brilliant-diamond;shining-pearl,riverbank-cave,walking-around,50 - 63,varies,,Added after obtaining TM99 (Waterfall),,,
octillery,octillery,brilliant-diamond-shining-pearl,brilliant-diamond;shining-pearl,route-213-sinnoh,fishing-super-rod,20 - 50,45%,,,,,
octillery,octillery,brilliant-diamond-shining-pearl,brilliant-diamond;shining-pearl,route-222-sinnoh,fishing-super-rod,20 - 50,45%,,,,,
octillery,octillery,brilliant-diamond-shining-pearl,brilliant-diamond;shining-pearl,route-223-sinnoh,fishing-super-rod,40 - 55,15%,,,,,
octillery,octillery,brilliant-diamond-shining-pearl,brilliant-diamond;shining-pearl,route-224-sinnoh,fishing-super-rod,20 - 50,45%,,,,,
octillery,octillery,brilliant-diamond-shining-pearl,brilliant-diamond;shining-pearl,route-230-sinnoh,fishing-super-rod,40 - 55,15%,,,,,
octillery,octillery,brilliant-diamond-shining-pearl,brilliant-diamond;shining-pearl,still-water-cavern,walking-around,50 - 63,varies,,Added after obtaining TM99 (Waterfall),,,
octillery,octillery,brilliant-diamond-shining-pearl,brilliant-diamond;shining-pearl,sunyshore-city,fishing-super-rod,20 - 50,45%,,Added after obtaining the National PokéDex,,,
oddish,oddish,brilliant-diamond-shining-pearl,brilliant-diamond;shining-pearl,bogsunk-cavern,walking-around,16 - 63,varies,,Added after obtaining the National PokéDex,,,
oddish,oddish,brilliant-diamond-shining-pearl,brilliant-diamond;shining-pearl,grassland-cave,walking-around,16 - 63,varies,,Added after obtaining the National PokéDex,,,
oddish,oddish,brilliant-diamond-shining-pearl,brilliant-diamond;shining-pearl,riverbank-cave,walking-around,16 - 63,varies,,Added after obtaining the National PokéDex,,,
oddish,oddish,brilliant-diamond-shining-pearl,brilliant-diamond;shining-pearl,route-229-sinnoh,walking-tall-grass,"20, 22",5%,,,,,
oddish,oddish,brilliant-diamond-shining-pearl,brilliant-diamond;shining-pearl,route-230-sinnoh,walking-tall-grass,"18, 23",11%,,,,,
oddish,oddish,brilliant-diamond-shining-pearl,brilliant-diamond;shining-pearl,spacious-cave,walking-around,16 - 63,varies,,Added after obtaining the National PokéDex,,,
oddish,oddish,brilliant-diamond-shining-pearl,brilliant-diamond;shining-pearl,still-water-cavern,walking-around,16 - 63,varies,,Added after obtaining the National PokéDex,,,
oddish,oddish,brilliant-diamond-shining-pearl,brilliant-diamond;shining-pearl,sunlit-cavern,walking-around,16 - 63,varies,,Added after obtaining the National PokéDex,,,
oddish,oddish,brilliant-diamond-shining-pearl,brilliant-diamond;shining-pearl,swampy-cave,walking-around,16 - 63,varies,,Added after obtaining the National PokéDex,,,
omanyte,omanyte,brilliant-diamond-shining-pearl,brilliant-diamond;shining-pearl,oreburgh-mining-museum,revive,1,one,,{Helix Fossil;ITEM;helix-fossil},,,
onix,onix,brilliant-diamond-shining-pearl,brilliant-diamond;shining-pearl,big-bluff-cavern,walking-around,16 - 63,varies,,,,,
onix,onix,brilliant-diamond-shining-pearl,brilliant-diamond;shining-pearl,iron-island-1f,walking-around,32 - 33,10%,,,,,
onix,onix,brilliant-diamond-shining-pearl,brilliant-diamond;shining-pearl,iron-island-b1f,walking-around,32 - 33,10%,,,,,
onix,onix,brilliant-diamond-shining-pearl,brilliant-diamond;shining-pearl,iron-island-b2f-right,walking-around,31 - 33,30%,,,,,
onix,onix,brilliant-diamond-shining-pearl,brilliant-diamond;shining-pearl,iron-island-b2f-left,walking-around,32 - 33,30%,,,,,
onix,onix,brilliant-diamond-shining-pearl,brilliant-diamond;shining-pearl,iron-island-b3f,walking-around,32 - 33,30%,,,,,
onix,onix,brilliant-diamond-shining-pearl,brilliant-diamond;shining-pearl,oreburgh-mine-b1f,walking-around,"8, 9",10%,,,,,
onix,onix,brilliant-diamond-shining-pearl,brilliant-diamond;shining-pearl,oreburgh-mine-b2f,walking-around,9,10%,,,,,
onix,onix,brilliant-diamond-shining-pearl,brilliant-diamond;shining-pearl,rocky-cave,walking-around,16 - 63,varies,,,,,
onix,onix,brilliant-diamond-shining-pearl,brilliant-diamond;shining-pearl,sandsear-cave,walking-around,16 - 63,varies,,,,,
onix,onix,brilliant-diamond-shining-pearl,brilliant-diamond;shining-pearl,snowpoint-temple-1f,walking-around,50 - 52,15%,,,,,
onix,onix,brilliant-diamond-shining-pearl,brilliant-diamond;shining-pearl,snowpoint-temple-b1f,walking-around,52 - 53,5%,,,,,
onix,onix,brilliant-diamond-shining-pearl,brilliant-diamond;shining-pearl,snowpoint-temple-b2f,walking-around,52 - 53,5%,,,,,
onix,onix,brilliant-diamond-shining-pearl,brilliant-diamond;shining-pearl,snowpoint-temple-b3f,walking-around,52 - 53,5%,,,,,
onix,onix,brilliant-diamond-shining-pearl,brilliant-diamond;shining-pearl,stark-mountain-inside-1,walking-around,54,5%,,,,,
onix,onix,brilliant-diamond-shining-pearl,brilliant-diamond;shining-pearl,stark-mountain-inside-2,walking-around,56,5%,,,,,
onix,onix,brilliant-diamond-shining-pearl,brilliant-diamond;shining-pearl,typhlo-cavern,walking-around,16 - 63,varies,,,,,
onix,onix,brilliant-diamond-shining-pearl,brilliant-diamond;shining-pearl,victory-road-sinnoh-1f,walking-around,44,10%,,,,,
onix,onix,brilliant-diamond-shining-pearl,brilliant-diamond;shining-pearl,victory-road-sinnoh-2f,walking-around,45,10%,,,,,
onix,onix,brilliant-diamond-shining-pearl,brilliant-diamond;shining-pearl,victory-road-sinnoh-1f-back-1,walking-around,50,10%,,Area is only accessible after entering the Hall of Fame and obtaining the National Pokédex,,,
onix,onix,brilliant-diamond-shining-pearl,brilliant-diamond;shining-pearl,victory-road-sinnoh-1f-back-2,walking-around,50,10%,,Area is only accessible after entering the Hall of Fame and obtaining the National Pokédex,,,
onix,onix,brilliant-diamond-shining-pearl,brilliant-diamond;shining-pearl,volcanic-cave,walking-around,16 - 63,varies,,,,,
pachirisu,pachirisu,brilliant-diamond-shining-pearl,brilliant-diamond;shining-pearl,fuego-ironworks,walking-tall-grass,29,10%,,,,,
pachirisu,pachirisu,brilliant-diamond-shining-pearl,brilliant-diamond;shining-pearl,route-205-sinnoh-southern-part,walking-tall-grass,8 - 9,10%,,,,,
pachirisu,pachirisu,brilliant-diamond-shining-pearl,brilliant-diamond;shining-pearl,route-205-sinnoh-northern-part,walking-tall-grass,11,10%,,,,,
pachirisu,pachirisu,brilliant-diamond-shining-pearl,brilliant-diamond;shining-pearl,spacious-cave,walking-around,16 - 63,varies,,,,,
pachirisu,pachirisu,brilliant-diamond-shining-pearl,brilliant-diamond;shining-pearl,valley-windworks,walking-tall-grass,7 - 8,25%,,,,,
pachirisu,pachirisu,brilliant-diamond-shining-pearl,brilliant-diamond;shining-pearl,whiteout-cave,walking-around,16 - 63,varies,,,,,
palkia,palkia,brilliant-diamond-shining-pearl,shining-pearl,spear-pillar,special-encounter,47,one,,Appears as part of the story. Respawns after entering the Hall of Fame if run from or defeated,,,
paras,paras,brilliant-diamond-shining-pearl,brilliant-diamond;shining-pearl,bogsunk-cavern,walking-around,16 - 63,varies,,Added after obtaining the National PokéDex,,,
paras,paras,brilliant-diamond-shining-pearl,brilliant-diamond;shining-pearl,grassland-cave,walking-around,16 - 63,varies,,Added after obtaining the National PokéDex,,,
paras,paras,brilliant-diamond-shining-pearl,brilliant-diamond;shining-pearl,great-marsh,walking-tall-grass,"22, 24, 26",10%,,"Post-National PokéDex, 1/32 selection chance",,,
paras,paras,brilliant-diamond-shining-pearl,brilliant-diamond;shining-pearl,sunlit-cavern,walking-around,16 - 63,varies,,Added after obtaining the National PokéDex,,,
paras,paras,brilliant-diamond-shining-pearl,brilliant-diamond;shining-pearl,swampy-cave,walking-around,16 - 63,varies,,Added after obtaining the National PokéDex,,,
pelipper,pelipper,brilliant-diamond-shining-pearl,brilliant-diamond;shining-pearl,canalave-city,surfing,20 - 40,5%,,,,,
pelipper,pelipper,brilliant-diamond-shining-pearl,brilliant-diamond;shining-pearl,fountainspring-cave,walking-around,42 - 63,varies,,Added after earning the Icicle Badge,,,
pelipper,pelipper,brilliant-diamond-shining-pearl,brilliant-diamond;shining-pearl,fuego-ironworks,surfing,20 - 40,5%,,,,,
pelipper,pelipper,brilliant-diamond-shining-pearl,brilliant-diamond;shining-pearl,iron-island-outside,surfing,20 - 40,5%,,,,,
pelipper,pelipper,brilliant-diamond-shining-pearl,brilliant-diamond;shining-pearl,pastoria-city,surfing,20 - 40,5%,,,,,
pelipper,pelipper,brilliant-diamond-shining-pearl,brilliant-diamond;shining-pearl,pokemon-league-sinnoh,surfing,35 - 45,35%,,,,,
pelipper,pelipper,brilliant-diamond-shining-pearl,brilliant-diamond;shining-pearl,riverbank-cave,walking-around,42 - 63,varies,,Added after earning the Icicle Badge,,,
pelipper,pelipper,brilliant-diamond-shining-pearl,brilliant-diamond;shining-pearl,route-205-sinnoh-southern-part,surfing,20 - 40,5%,,,,,
pelipper,pelipper,brilliant-diamond-shining-pearl,brilliant-diamond;shining-pearl,route-213-sinnoh,surfing,20 - 40,5%,,,,,
pelipper,pelipper,brilliant-diamond-shining-pearl,brilliant-diamond;shining-pearl,route-218-sinnoh,surfing,20 - 40,5%,,,,,
pelipper,pelipper,brilliant-diamond-shining-pearl,brilliant-diamond;shining-pearl,route-219-sinnoh,surfing,20 - 40,5%,,,,,
pelipper,pelipper,brilliant-diamond-shining-pearl,brilliant-diamond;shining-pearl,route-220-sinnoh,surfing,20 - 40,5%,,,,,
pelipper,pelipper,brilliant-diamond-shining-pearl,brilliant-diamond;shining-pearl,route-221-sinnoh,surfing,20 - 40,5%,,,,,
pelipper,pelipper,brilliant-diamond-shining-pearl,brilliant-diamond;shining-pearl,route-222-sinnoh,surfing,20 - 40,5%,,,,,
pelipper,pelipper,brilliant-diamond-shining-pearl,brilliant-diamond;shining-pearl,route-223-sinnoh,surfing,35 - 45,30%,,,,,
pelipper,pelipper,brilliant-diamond-shining-pearl,brilliant-diamond;shining-pearl,route-224-sinnoh,surfing,40 - 55,65%,,,,,
pelipper,pelipper,brilliant-diamond-shining-pearl,brilliant-diamond;shining-pearl,route-226-sinnoh,surfing,40 - 55,60%,,,,,
pelipper,pelipper,brilliant-diamond-shining-pearl,brilliant-diamond;shining-pearl,route-229-sinnoh,surfing,45 - 55,30%,,,,,
pelipper,pelipper,brilliant-diamond-shining-pearl,brilliant-diamond;shining-pearl,route-230-sinnoh,surfing,40 - 55,60%,,,,,
pelipper,pelipper,brilliant-diamond-shining-pearl,brilliant-diamond;shining-pearl,spacious-cave,walking-around,42 - 63,varies,,Added after earning the Icicle Badge,,,
pelipper,pelipper,brilliant-diamond-shining-pearl,brilliant-diamond;shining-pearl,still-water-cavern,walking-around,42 - 63,varies,,Added after earning the Icicle Badge,,,
pelipper,pelipper,brilliant-diamond-shining-pearl,brilliant-diamond;shining-pearl,sunyshore-city,surfing,35 - 45,30%,,Added after obtaining the National PokéDex,,,
pelipper,pelipper,brilliant-diamond-shining-pearl,brilliant-diamond;shining-pearl,valley-windworks,surfing,20 - 40,5%,,,,,
phanpy,phanpy,brilliant-diamond-shining-pearl,brilliant-diamond;shining-pearl,big-bluff-cavern,walking-around,16 - 63,varies,,Added after obtaining the National PokéDex,,,
phanpy,phanpy,brilliant-diamond-shining-pearl,brilliant-diamond;shining-pearl,rocky-cave,walking-around,16 - 63,varies,,Sandshrew,,,
phanpy,phanpy,brilliant-diamond-shining-pearl,brilliant-diamond;shining-pearl,route-207-sinnoh,swarm,5,40%,,,,,
pichu,pichu,brilliant-diamond-shining-pearl,brilliant-diamond;shining-pearl,trophy-garden,walking-tall-grass,16,,,Added after obtaining the National PokéDex,10%,30%,10%
pidgey,pidgey,brilliant-diamond-shining-pearl,brilliant-diamond;shining-pearl,route-229-sinnoh,swarm,51,40%,,,,,
pikachu,pikachu,brilliant-diamond-shining-pearl,brilliant-diamond;shining-pearl,trophy-garden,walking-tall-grass,18,10%,,Added after obtaining the National PokéDex,,,
pineco,pineco,brilliant-diamond-shining-pearl,brilliant-diamond;shining-pearl,bogsunk-cavern,walking-around,16 - 63,varies,,Added after obtaining the National PokéDex,,,
pineco,pineco,brilliant-diamond-shining-pearl,brilliant-diamond;shining-pearl,grassland-cave,walking-around,16 - 63,varies,,Added after obtaining the National PokéDex,,,
pineco,pineco,brilliant-diamond-shining-pearl,brilliant-diamond;shining-pearl,sunlit-cavern,walking-around,16 - 63,varies,,Added after obtaining the National PokéDex,,,
pineco,pineco,brilliant-diamond-shining-pearl,brilliant-diamond;shining-pearl,swampy-cave,walking-around,16 - 63,varies,,Added after obtaining the National PokéDex,,,
pinsir,pinsir,brilliant-diamond-shining-pearl,shining-pearl,big-bluff-cavern,walking-around,16 - 63,80%,,,,,
pinsir,pinsir,brilliant-diamond-shining-pearl,shining-pearl,grassland-cave,walking-around,16 - 63,varies,,Added after obtaining the National PokéDex,,,
pinsir,pinsir,brilliant-diamond-shining-pearl,shining-pearl,grassland-cave,walking-around,16 - 63,80%,,,,,
pinsir,pinsir,brilliant-diamond-shining-pearl,shining-pearl,riverbank-cave,walking-around,16 - 63,varies,,Added after obtaining the National PokéDex,,,
pinsir,pinsir,brilliant-diamond-shining-pearl,shining-pearl,riverbank-cave,walking-around,16 - 63,30%,,,,,
pinsir,pinsir,brilliant-diamond-shining-pearl,shining-pearl,route-229-sinnoh,walking-tall-grass,52,5%,,,,,
pinsir,pinsir,brilliant-diamond-shining-pearl,shining-pearl,still-water-cavern,walking-around,16 - 63,varies,,Added after obtaining the National PokéDex,,,
pinsir,pinsir,brilliant-diamond-shining-pearl,shining-pearl,still-water-cavern,walking-around,16 - 63,30%,,Added after obtaining the National PokéDex,,,
pinsir,pinsir,brilliant-diamond-shining-pearl,shining-pearl,sunlit-cavern,walking-around,16 - 63,varies,,Added after obtaining the National PokéDex,,,
piplup,piplup,brilliant-diamond-shining-pearl,brilliant-diamond;shining-pearl,fountainspring-cave,walking-around,16 - 63,varies,,Added after obtaining the National PokéDex,,,
piplup,piplup,brilliant-diamond-shining-pearl,brilliant-diamond;shining-pearl,lake-verity-sinnoh,npc-gift,5,one,,,,,
piplup,piplup,brilliant-diamond-shining-pearl,brilliant-diamond;shining-pearl,riverbank-cave,walking-around,16 - 63,varies,,Added after obtaining the National PokéDex,,,
piplup,piplup,brilliant-diamond-shining-pearl,brilliant-diamond;shining-pearl,still-water-cavern,walking-around,16 - 63,varies,,Added after obtaining the National PokéDex,,,
plusle,plusle,brilliant-diamond-shining-pearl,brilliant-diamond;shining-pearl,trophy-garden,mr-backlot,"16, 18",5%,,Added after obtaining the National PokéDex,,,
poliwag,poliwag,brilliant-diamond-shining-pearl,brilliant-diamond;shining-pearl,fountainspring-cave,walking-around,16 - 63,varies,,Added after obtaining the National PokéDex,,,
poliwag,poliwag,brilliant-diamond-shining-pearl,brilliant-diamond;shining-pearl,grassland-cave,walking-around,16 - 63,varies,,Added after obtaining the National PokéDex,,,
poliwag,poliwag,brilliant-diamond-shining-pearl,brilliant-diamond;shining-pearl,riverbank-cave,walking-around,16 - 63,varies,,Added after obtaining the National PokéDex,,,
poliwag,poliwag,brilliant-diamond-shining-pearl,brilliant-diamond;shining-pearl,route-225-sinnoh,fishing-good-rod,10 - 25,45%,,,,,
poliwag,poliwag,brilliant-diamond-shining-pearl,brilliant-diamond;shining-pearl,route-227-sinnoh,surfing,20 - 30,30%,,,,,
poliwag,poliwag,brilliant-diamond-shining-pearl,brilliant-diamond;shining-pearl,route-228-sinnoh,surfing,20 - 30,30%,,,,,
poliwag,poliwag,brilliant-diamond-shining-pearl,brilliant-diamond;shining-pearl,still-water-cavern,walking-around,16 - 63,varies,,Added after obtaining the National PokéDex,,,
poliwag,poliwag,brilliant-diamond-shining-pearl,brilliant-diamond;shining-pearl,sunlit-cavern,walking-around,16 - 63,varies,,Added after obtaining the National PokéDex,,,
poliwhirl,poliwhirl,brilliant-diamond-shining-pearl,brilliant-diamond;shining-pearl,fountainspring-cave,walking-around,16 - 63,varies,,Added after obtaining the National PokéDex,,,
poliwhirl,poliwhirl,brilliant-diamond-shining-pearl,brilliant-diamond;shining-pearl,grassland-cave,walking-around,16 - 63,varies,,Added after obtaining the National PokéDex,,,
poliwhirl,poliwhirl,brilliant-diamond-shining-pearl,brilliant-diamond;shining-pearl,riverbank-cave,walking-around,16 - 63,varies,,Added after obtaining the National PokéDex,,,
poliwhirl,poliwhirl,brilliant-diamond-shining-pearl,brilliant-diamond;shining-pearl,route-225-sinnoh,surfing,40 - 50,30%,,,,,
poliwhirl,poliwhirl,brilliant-diamond-shining-pearl,brilliant-diamond;shining-pearl,route-225-sinnoh,fishing-super-rod,30 - 55,45%,,,,,
poliwhirl,poliwhirl,brilliant-diamond-shining-pearl,brilliant-diamond;shining-pearl,route-227-sinnoh,surfing,40 - 55,70%,,,,,
poliwhirl,poliwhirl,brilliant-diamond-shining-pearl,brilliant-diamond;shining-pearl,route-228-sinnoh,surfing,40 - 55,70%,,,,,
poliwhirl,poliwhirl,brilliant-diamond-shining-pearl,brilliant-diamond;shining-pearl,still-water-cavern,walking-around,16 - 63,varies,,Added after obtaining the National PokéDex,,,
poliwhirl,poliwhirl,brilliant-diamond-shining-pearl,brilliant-diamond;shining-pearl,sunlit-cavern,walking-around,16 - 63,varies,,Added after obtaining the National PokéDex,,,
ponyta,ponyta,brilliant-diamond-shining-pearl,brilliant-diamond;shining-pearl,sandsear-cave,walking-around,25 - 63,varies,,Added after obtaining TM96 (Strength),,,
ponyta,ponyta,brilliant-diamond-shining-pearl,brilliant-diamond;shining-pearl,route-206-sinnoh,walking-tall-grass,14 - 16,,,,25%,35%,45%
ponyta,ponyta,brilliant-diamond-shining-pearl,brilliant-diamond;shining-pearl,route-210-sinnoh-southern-part,walking-tall-grass,18 - 20,,,,30%,30%,50%
ponyta,ponyta,brilliant-diamond-shining-pearl,brilliant-diamond;shining-pearl,route-211-sinnoh-western-part,walking-tall-grass,13,10%,,,,,
ponyta,ponyta,brilliant-diamond-shining-pearl,brilliant-diamond;shining-pearl,route-211-sinnoh-eastern-part,walking-tall-grass,26,,,,,10%,10%
ponyta,ponyta,brilliant-diamond-shining-pearl,brilliant-diamond;shining-pearl,route-211-sinnoh-eastern-part,walking-tall-grass,27 - 28,5%,,,,,
ponyta,ponyta,brilliant-diamond-shining-pearl,brilliant-diamond;shining-pearl,route-214-sinnoh,walking-tall-grass,23 - 24,,,,25%,35%,35%
ponyta,ponyta,brilliant-diamond-shining-pearl,brilliant-diamond;shining-pearl,route-215-sinnoh,walking-tall-grass,21,,,,20%,20%,30%
ponyta,ponyta,brilliant-diamond-shining-pearl,brilliant-diamond;shining-pearl,route-215-sinnoh,walking-tall-grass,22,,,,,10%,10%
ponyta,ponyta,brilliant-diamond-shining-pearl,brilliant-diamond;shining-pearl,typhlo-cavern,walking-around,25 - 63,varies,,Added after obtaining TM96 (Strength),,,
ponyta,ponyta,brilliant-diamond-shining-pearl,brilliant-diamond;shining-pearl,volcanic-cave,walking-around,25 - 63,varies,,Added after obtaining TM96 (Strength),,,
poochyena,poochyena,brilliant-diamond-shining-pearl,brilliant-diamond;shining-pearl,dazzling-cave,walking-around,16 - 63,varies,,Added after obtaining the National PokéDex,,,
poochyena,poochyena,brilliant-diamond-shining-pearl,brilliant-diamond;shining-pearl,glacial-cavern,walking-around,16 - 63,varies,,Added after obtaining the National PokéDex,,,
poochyena,poochyena,brilliant-diamond-shining-pearl,brilliant-diamond;shining-pearl,icy-cave,walking-around,16 - 63,varies,,Added after obtaining the National PokéDex,,,
poochyena,poochyena,brilliant-diamond-shining-pearl,brilliant-diamond;shining-pearl,spacious-cave,walking-around,16 - 63,varies,,Added after obtaining the National PokéDex,,,
poochyena,poochyena,brilliant-diamond-shining-pearl,brilliant-diamond;shining-pearl,stargleam-cavern,walking-around,16 - 63,varies,,Added after obtaining the National PokéDex,,,
porygon,porygon,brilliant-diamond-shining-pearl,brilliant-diamond;shining-pearl,trophy-garden,mr-backlot,"16, 18",5%,,Added after obtaining the National PokéDex,,,
primeape,primeape,brilliant-diamond-shining-pearl,brilliant-diamond;shining-pearl,grassland-cave,walking-around,16 - 63,varies,,Added after obtaining the National PokéDex,,,
primeape,primeape,brilliant-diamond-shining-pearl,brilliant-diamond;shining-pearl,route-225-sinnoh,poke-radar,51 - 52,20%,,,,,
primeape,primeape,brilliant-diamond-shining-pearl,brilliant-diamond;shining-pearl,route-226-sinnoh,poke-radar,"51, 53",20%,,,,,
primeape,primeape,brilliant-diamond-shining-pearl,brilliant-diamond;shining-pearl,spacious-cave,walking-around,16 - 63,varies,,Added after obtaining the National PokéDex,,,
primeape,primeape,brilliant-diamond-shining-pearl,brilliant-diamond;shining-pearl,sunlit-cavern,walking-around,16 - 63,varies,,Added after obtaining the National PokéDex,,,
psyduck,psyduck,brilliant-diamond-shining-pearl,brilliant-diamond;shining-pearl,celestic-town,surfing,20 - 40,90%,,,,,
psyduck,psyduck,brilliant-diamond-shining-pearl,brilliant-diamond;shining-pearl,eterna-city,surfing,20 - 40,90%,,,,,
psyduck,psyduck,brilliant-diamond-shining-pearl,brilliant-diamond;shining-pearl,fountainspring-cave,walking-around,16 - 63,varies,,,,,
psyduck,psyduck,brilliant-diamond-shining-pearl,brilliant-diamond;shining-pearl,great-marsh,surfing,20 - 40,5%,,,,,
psyduck,psyduck,brilliant-diamond-shining-pearl,brilliant-diamond;shining-pearl,great-marsh-area-1,walking-tall-grass,"24, 26",8%,,,,,
psyduck,psyduck,brilliant-diamond-shining-pearl,brilliant-diamond;shining-pearl,great-marsh-area-2,walking-tall-grass,"24, 26",8%,,,,,
psyduck,psyduck,brilliant-diamond-shining-pearl,brilliant-diamond;shining-pearl,great-marsh-area-3,walking-tall-grass,"22, 24",8%,,,,,
psyduck,psyduck,brilliant-diamond-shining-pearl,brilliant-diamond;shining-pearl,great-marsh-area-4,walking-tall-grass,"22, 24",8%,,,,,
psyduck,psyduck,brilliant-diamond-shining-pearl,brilliant-diamond;shining-pearl,great-marsh-area-6,walking-tall-grass,"20, 22",8%,,,,,
psyduck,psyduck,brilliant-diamond-shining-pearl,brilliant-diamond;shining-pearl,lake-acuity-sinnoh,walking-tall-grass,34 - 35,20%,,,,,
psyduck,psyduck,brilliant-diamond-shining-pearl,brilliant-diamond;shining-pearl,lake-acuity-sinnoh,walking-tall-grass,36,,,,,10%,10%
psyduck,psyduck,brilliant-diamond-shining-pearl,brilliant-diamond;shining-pearl,lake-acuity-sinnoh,surfing,20 - 40,90%,,,,,
psyduck,psyduck,brilliant-diamond-shining-pearl,brilliant-diamond;shining-pearl,lake-valor-sinnoh,walking-tall-grass,35 - 36,20%,,,,,
psyduck,psyduck,brilliant-diamond-shining-pearl,brilliant-diamond;shining-pearl,lake-valor-sinnoh,surfing,20 - 40,90%,,,,,
psyduck,psyduck,brilliant-diamond-shining-pearl,brilliant-diamond;shining-pearl,lake-verity-sinnoh,surfing,20 - 40,90%,,,,,
psyduck,psyduck,brilliant-diamond-shining-pearl,brilliant-diamond;shining-pearl,oreburgh-gate-b1f,walking-around,8 - 10,30%,,,,,
psyduck,psyduck,brilliant-diamond-shining-pearl,brilliant-diamond;shining-pearl,oreburgh-gate-b1f,surfing,20 - 30,30%,,,,,
psyduck,psyduck,brilliant-diamond-shining-pearl,brilliant-diamond;shining-pearl,ravaged-path,walking-around,5,2%,,,,,
psyduck,psyduck,brilliant-diamond-shining-pearl,brilliant-diamond;shining-pearl,ravaged-path,surfing,20 - 30,30%,,,,,
psyduck,psyduck,brilliant-diamond-shining-pearl,brilliant-diamond;shining-pearl,riverbank-cave,walking-around,16 - 63,varies,,,,,
psyduck,psyduck,brilliant-diamond-shining-pearl,brilliant-diamond;shining-pearl,route-203-sinnoh,surfing,20 - 40,90%,,,,,
psyduck,psyduck,brilliant-diamond-shining-pearl,brilliant-diamond;shining-pearl,route-204-sinnoh-south,surfing,20 - 40,90%,,,,,
psyduck,psyduck,brilliant-diamond-shining-pearl,brilliant-diamond;shining-pearl,route-205-sinnoh-northern-part,surfing,20 - 40,90%,,,,,
psyduck,psyduck,brilliant-diamond-shining-pearl,brilliant-diamond;shining-pearl,route-208-sinnoh,walking-tall-grass,16 - 18,30%,,,,,
psyduck,psyduck,brilliant-diamond-shining-pearl,brilliant-diamond;shining-pearl,route-208-sinnoh,surfing,20 - 40,90%,,,,,
psyduck,psyduck,brilliant-diamond-shining-pearl,brilliant-diamond;shining-pearl,route-209-sinnoh,surfing,20 - 40,90%,,,,,
psyduck,psyduck,brilliant-diamond-shining-pearl,brilliant-diamond;shining-pearl,route-210-sinnoh-northern-foggy-part,walking-tall-grass,25,20%,,,,,
psyduck,psyduck,brilliant-diamond-shining-pearl,brilliant-diamond;shining-pearl,route-210-sinnoh-northern-foggy-part,surfing,20 - 40,90%,,,,,
psyduck,psyduck,brilliant-diamond-shining-pearl,brilliant-diamond;shining-pearl,route-212-sinnoh-northern-area,surfing,20 - 40,90%,,,,,
psyduck,psyduck,brilliant-diamond-shining-pearl,brilliant-diamond;shining-pearl,route-214-sinnoh,surfing,20 - 40,90%,,,,,
psyduck,psyduck,brilliant-diamond-shining-pearl,brilliant-diamond;shining-pearl,spacious-cave,walking-around,16 - 63,varies,,,,,
psyduck,psyduck,brilliant-diamond-shining-pearl,brilliant-diamond;shining-pearl,still-water-cavern,walking-around,16 - 63,varies,,,,,
psyduck,psyduck,brilliant-diamond-shining-pearl,brilliant-diamond;shining-pearl,twinleaf-town,surfing,20 - 40,90%,,,,,
pupitar,pupitar,brilliant-diamond-shining-pearl,brilliant-diamond,big-bluff-cavern,walking-around,16 - 63,varies,,Added after obtaining the National PokéDex,,,
pupitar,pupitar,brilliant-diamond-shining-pearl,brilliant-diamond,rocky-cave,walking-around,16 - 63,varies,,Sandshrew,,,
purugly,purugly,brilliant-diamond-shining-pearl,shining-pearl,grassland-cave,walking-around,25 - 63,varies,,Added after obtaining TM97 (Defog),,,
purugly,purugly,brilliant-diamond-shining-pearl,shining-pearl,riverbank-cave,walking-around,25 - 63,varies,,Added after obtaining TM97 (Defog),,,
purugly,purugly,brilliant-diamond-shining-pearl,shining-pearl,route-222-sinnoh,walking-tall-grass,41 - 42,15%,,,,,
purugly,purugly,brilliant-diamond-shining-pearl,shining-pearl,route-229-sinnoh,walking-tall-grass,50,10%,,,,,
purugly,purugly,brilliant-diamond-shining-pearl,shining-pearl,spacious-cave,walking-around,25 - 63,varies,,Added after obtaining TM97 (Defog),,,
purugly,purugly,brilliant-diamond-shining-pearl,shining-pearl,still-water-cavern,walking-around,25 - 63,varies,,Added after obtaining TM97 (Defog),,,
purugly,purugly,brilliant-diamond-shining-pearl,shining-pearl,sunlit-cavern,walking-around,25 - 63,varies,,Added after obtaining TM97 (Defog),,,
quagsire,quagsire,brilliant-diamond-shining-pearl,brilliant-diamond;shining-pearl,bogsunk-cavern,walking-around,25 - 63,varies,,Added after obtaining TM97 (Defog),,,
quagsire,quagsire,brilliant-diamond-shining-pearl,brilliant-diamond;shining-pearl,fountainspring-cave,walking-around,25 - 63,varies,,Added after obtaining TM97 (Defog),,,
quagsire,quagsire,brilliant-diamond-shining-pearl,brilliant-diamond;shining-pearl,great-marsh,surfing,20 - 40,5%,,,,,
quagsire,quagsire,brilliant-diamond-shining-pearl,brilliant-diamond;shining-pearl,great-marsh-area-1,walking-tall-grass,25 - 26,15%,,,,,
quagsire,quagsire,brilliant-diamond-shining-pearl,brilliant-diamond;shining-pearl,great-marsh-area-2,walking-tall-grass,25 - 26,15%,,,,,
quagsire,quagsire,brilliant-diamond-shining-pearl,brilliant-diamond;shining-pearl,great-marsh-area-3,walking-tall-grass,23 - 24,15%,,,,,
quagsire,quagsire,brilliant-diamond-shining-pearl,brilliant-diamond;shining-pearl,great-marsh-area-4,walking-tall-grass,23 - 24,15%,,,,,
quagsire,quagsire,brilliant-diamond-shining-pearl,brilliant-diamond;shining-pearl,great-marsh-area-5,walking-tall-grass,21 - 22,15%,,,,,
quagsire,quagsire,brilliant-diamond-shining-pearl,brilliant-diamond;shining-pearl,great-marsh-area-6,walking-tall-grass,21 - 22,15%,,,,,
quagsire,quagsire,brilliant-diamond-shining-pearl,brilliant-diamond;shining-pearl,great-marsh,walking-tall-grass,"22, 24, 26",10%,,"Pre-National PokéDex only, 1/32 selection chance",,,
quagsire,quagsire,brilliant-diamond-shining-pearl,brilliant-diamond;shining-pearl,route-212-sinnoh-southern-area,surfing,20 - 40,10%,,,,,
quagsire,quagsire,brilliant-diamond-shining-pearl,brilliant-diamond;shining-pearl,swampy-cave,walking-around,25 - 63,varies,,Added after obtaining TM97 (Defog),,,
qwilfish,qwilfish,brilliant-diamond-shining-pearl,brilliant-diamond;shining-pearl,bogsunk-cavern,walking-around,16 - 63,varies,,Added after obtaining the National PokéDex,,,
qwilfish,qwilfish,brilliant-diamond-shining-pearl,brilliant-diamond;shining-pearl,fountainspring-cave,walking-around,16 - 63,varies,,Added after obtaining the National PokéDex,,,
qwilfish,qwilfish,brilliant-diamond-shining-pearl,brilliant-diamond;shining-pearl,iron-island-outside,fishing-super-rod,20 - 40,15%,,,,,
qwilfish,qwilfish,brilliant-diamond-shining-pearl,brilliant-diamond;shining-pearl,riverbank-cave,walking-around,16 - 63,varies,,Added after obtaining the National PokéDex,,,
qwilfish,qwilfish,brilliant-diamond-shining-pearl,brilliant-diamond;shining-pearl,still-water-cavern,walking-around,16 - 63,varies,,Added after obtaining the National PokéDex,,,
qwilfish,qwilfish,brilliant-diamond-shining-pearl,brilliant-diamond;shining-pearl,swampy-cave,walking-around,16 - 63,varies,,Added after obtaining the National PokéDex,,,
raikou,raikou,brilliant-diamond-shining-pearl,brilliant-diamond,ramanas-park-johto-room,special-encounter,70,one,,Inser the {Johto Slate;ITEM;johto-slate} to battle.,,,
ralts,ralts,brilliant-diamond-shining-pearl,brilliant-diamond;shining-pearl,dazzling-cave,walking-around,16 - 63,varies,,Added after obtaining the National PokéDex,,,
ralts,ralts,brilliant-diamond-shining-pearl,brilliant-diamond,dazzling-cave,walking-around,16 - 63,20%,,,,,
ralts,ralts,brilliant-diamond-shining-pearl,shining-pearl,dazzling-cave,walking-around,16 - 63,25%,,,,,
ralts,ralts,brilliant-diamond-shining-pearl,brilliant-diamond;shining-pearl,fountainspring-cave,walking-around,16 - 63,30%,,,,,
ralts,ralts,brilliant-diamond-shining-pearl,brilliant-diamond;shining-pearl,route-203-sinnoh,poke-radar,4 - 6,21%,,,,,
ralts,ralts,brilliant-diamond-shining-pearl,brilliant-diamond;shining-pearl,route-204-sinnoh-south,poke-radar,"4, 6",21%,,,,,
ralts,ralts,brilliant-diamond-shining-pearl,brilliant-diamond;shining-pearl,stargleam-cavern,walking-around,16 - 63,varies,,Added after obtaining the National PokéDex,,,
ralts,ralts,brilliant-diamond-shining-pearl,brilliant-diamond,stargleam-cavern,walking-around,16 - 63,20%,,Added after obtaining the National PokéDex,,,
ralts,ralts,brilliant-diamond-shining-pearl,shining-pearl,stargleam-cavern,walking-around,16 - 63,25%,,Added after obtaining the National PokéDex,,,
raticate,raticate,brilliant-diamond-shining-pearl,brilliant-diamond;shining-pearl,grassland-cave,walking-around,16 - 63,varies,,Added after obtaining the National PokéDex,,,
raticate,raticate,brilliant-diamond-shining-pearl,brilliant-diamond;shining-pearl,riverbank-cave,walking-around,16 - 63,varies,,Added after obtaining the National PokéDex,,,
raticate,raticate,brilliant-diamond-shining-pearl,brilliant-diamond;shining-pearl,route-225-sinnoh,walking-tall-grass,"50, 52",30%,,,,,
raticate,raticate,brilliant-diamond-shining-pearl,brilliant-diamond;shining-pearl,route-226-sinnoh,walking-tall-grass,51 - 52,30%,,,,,
raticate,raticate,brilliant-diamond-shining-pearl,brilliant-diamond;shining-pearl,spacious-cave,walking-around,16 - 63,varies,,Added after obtaining the National PokéDex,,,
raticate,raticate,brilliant-diamond-shining-pearl,brilliant-diamond;shining-pearl,still-water-cavern,walking-around,16 - 63,varies,,Added after obtaining the National PokéDex,,,
raticate,raticate,brilliant-diamond-shining-pearl,brilliant-diamond;shining-pearl,sunlit-cavern,walking-around,16 - 63,varies,,Added after obtaining the National PokéDex,,,
rattata,rattata,brilliant-diamond-shining-pearl,brilliant-diamond;shining-pearl,grassland-cave,walking-around,16 - 63,varies,,Added after obtaining the National PokéDex,,,
rattata,rattata,brilliant-diamond-shining-pearl,brilliant-diamond;shining-pearl,riverbank-cave,walking-around,16 - 63,varies,,Added after obtaining the National PokéDex,,,
rattata,rattata,brilliant-diamond-shining-pearl,brilliant-diamond;shining-pearl,route-225-sinnoh,walking-tall-grass,"20, 22",5%,,,,,
rattata,rattata,brilliant-diamond-shining-pearl,brilliant-diamond;shining-pearl,route-226-sinnoh,walking-tall-grass,"20, 22",5%,,,,,
rattata,rattata,brilliant-diamond-shining-pearl,brilliant-diamond;shining-pearl,spacious-cave,walking-around,16 - 63,varies,,Added after obtaining the National PokéDex,,,
rattata,rattata,brilliant-diamond-shining-pearl,brilliant-diamond;shining-pearl,still-water-cavern,walking-around,16 - 63,varies,,Added after obtaining the National PokéDex,,,
rattata,rattata,brilliant-diamond-shining-pearl,brilliant-diamond;shining-pearl,sunlit-cavern,walking-around,16 - 63,varies,,Added after obtaining the National PokéDex,,,
rayquaza,rayquaza,brilliant-diamond-shining-pearl,brilliant-diamond;shining-pearl,ramanas-park-stratospheric-room,special-encounter,70,one,,Inser the {Stratospheric Slate;ITEM;stratospheric-slate} to battle.,,,
regice,regice,brilliant-diamond-shining-pearl,brilliant-diamond;shining-pearl,ramanas-park-discovery-room,special-encounter,70,one,,Inser the {Discovery Slate;ITEM;discovery-slate} to battle.,,,
regigigas,regigigas,brilliant-diamond-shining-pearl,brilliant-diamond;shining-pearl,snowpoint-temple-b5f,special-encounter,70,one,,"{Regirock;POKEMON;regirock}, {Regice;POKEMON;regice} and {Registeel;POKEMON;registeel} must be in the player's party to battle it. Respawns after entering the Hall of Fame if defeated or run from.",,,
regirock,regirock,brilliant-diamond-shining-pearl,brilliant-diamond;shining-pearl,ramanas-park-discovery-room,special-encounter,70,one,,Inser the {Discovery Slate;ITEM;discovery-slate} to battle.,,,
registeel,registeel,brilliant-diamond-shining-pearl,brilliant-diamond;shining-pearl,ramanas-park-discovery-room,special-encounter,70,one,,Inser the {Discovery Slate;ITEM;discovery-slate} to battle.,,,
relicanth,relicanth,brilliant-diamond-shining-pearl,brilliant-diamond;shining-pearl,route-226-sinnoh,fishing-super-rod,40 - 50,15%,,,,,
remoraid,remoraid,brilliant-diamond-shining-pearl,brilliant-diamond;shining-pearl,pastoria-city,fishing-good-rod,10 - 25,45%,,,,,
remoraid,remoraid,brilliant-diamond-shining-pearl,brilliant-diamond;shining-pearl,pokemon-league-sinnoh,fishing-good-rod,10 - 25,45%,,,,,
remoraid,remoraid,brilliant-diamond-shining-pearl,brilliant-diamond;shining-pearl,route-213-sinnoh,fishing-good-rod,10 - 25,45%,,,,,
remoraid,remoraid,brilliant-diamond-shining-pearl,brilliant-diamond;shining-pearl,route-222-sinnoh,fishing-good-rod,10 - 25,45%,,,,,
remoraid,remoraid,brilliant-diamond-shining-pearl,brilliant-diamond;shining-pearl,route-223-sinnoh,fishing-good-rod,10 - 25,45%,,,,,
remoraid,remoraid,brilliant-diamond-shining-pearl,brilliant-diamond;shining-pearl,route-224-sinnoh,fishing-good-rod,10 - 25,45%,,,,,
remoraid,remoraid,brilliant-diamond-shining-pearl,brilliant-diamond;shining-pearl,route-230-sinnoh,fishing-good-rod,10 - 25,45%,,,,,
remoraid,remoraid,brilliant-diamond-shining-pearl,brilliant-diamond;shining-pearl,sunyshore-city,fishing-good-rod,10 - 25,45%,,Added after obtaining the National PokéDex,,,
rhydon,rhydon,brilliant-diamond-shining-pearl,brilliant-diamond;shining-pearl,big-bluff-cavern,walking-around,16 - 63,varies,,Added after obtaining the National PokéDex,,,
rhydon,rhydon,brilliant-diamond-shining-pearl,brilliant-diamond;shining-pearl,rocky-cave,walking-around,16 - 63,varies,,Sandshrew,,,
rhydon,rhydon,brilliant-diamond-shining-pearl,brilliant-diamond;shining-pearl,sandsear-cave,walking-around,16 - 63,varies,,Added after obtaining the National PokéDex,,,
rhydon,rhydon,brilliant-diamond-shining-pearl,brilliant-diamond;shining-pearl,route-227-sinnoh,walking-tall-grass,55,20%,,,,,
rhydon,rhydon,brilliant-diamond-shining-pearl,brilliant-diamond;shining-pearl,route-228-sinnoh,walking-tall-grass,52,,,,,10%,10%
rhydon,rhydon,brilliant-diamond-shining-pearl,brilliant-diamond;shining-pearl,route-228-sinnoh,walking-tall-grass,53,10%,,,,,
rhydon,rhydon,brilliant-diamond-shining-pearl,brilliant-diamond;shining-pearl,stark-mountain-outside,walking-tall-grass,55,20%,,,,,
rhyhorn,rhyhorn,brilliant-diamond-shining-pearl,brilliant-diamond;shining-pearl,big-bluff-cavern,walking-around,16 - 63,varies,,Added after obtaining the National PokéDex,,,
rhyhorn,rhyhorn,brilliant-diamond-shining-pearl,brilliant-diamond;shining-pearl,rocky-cave,walking-around,16 - 63,varies,,Sandshrew,,,
rhyhorn,rhyhorn,brilliant-diamond-shining-pearl,brilliant-diamond;shining-pearl,rocky-cave,walking-around,16 - 63,70%,,,,,
rhyhorn,rhyhorn,brilliant-diamond-shining-pearl,brilliant-diamond;shining-pearl,sandsear-cave,walking-around,16 - 63,varies,,Added after obtaining the National PokéDex,,,
rhyhorn,rhyhorn,brilliant-diamond-shining-pearl,brilliant-diamond,sandsear-cave,walking-around,16 - 63,50%,,,,,
rhyhorn,rhyhorn,brilliant-diamond-shining-pearl,shining-pearl,sandsear-cave,walking-around,16 - 63,40%,,,,,
rhyhorn,rhyhorn,brilliant-diamond-shining-pearl,brilliant-diamond;shining-pearl,route-227-sinnoh,walking-tall-grass,"22, 24",5%,,,,,
rhyhorn,rhyhorn,brilliant-diamond-shining-pearl,brilliant-diamond;shining-pearl,spacious-cave,walking-around,16 - 63,varies,,Added after obtaining the National PokéDex,,,
rhyhorn,rhyhorn,brilliant-diamond-shining-pearl,brilliant-diamond;shining-pearl,spacious-cave,walking-around,16 - 63,19%,,Added after obtaining the National PokéDex,,,
rhyhorn,rhyhorn,brilliant-diamond-shining-pearl,brilliant-diamond;shining-pearl,stark-mountain-outside,walking-tall-grass,"22, 24",5%,,,,,
rhyhorn,rhyhorn,brilliant-diamond-shining-pearl,brilliant-diamond;shining-pearl,sunlit-cavern,walking-around,16 - 63,70%,,Added after obtaining the National PokéDex,,,
rhyhorn,rhyhorn,brilliant-diamond-shining-pearl,brilliant-diamond,typhlo-cavern,walking-around,16 - 63,50%,,Added after obtaining the National PokéDex,,,
rhyhorn,rhyhorn,brilliant-diamond-shining-pearl,shining-pearl,typhlo-cavern,walking-around,16 - 63,40%,,Added after obtaining the National PokéDex,,,
riolu,riolu,brilliant-diamond-shining-pearl,brilliant-diamond;shining-pearl,iron-island-b2f-left,egg,1,one,,,,,
roselia,roselia,brilliant-diamond-shining-pearl,brilliant-diamond;shining-pearl,bogsunk-cavern,walking-around,16 - 63,varies,,,,,
roselia,roselia,brilliant-diamond-shining-pearl,brilliant-diamond;shining-pearl,grassland-cave,walking-around,16 - 63,varies,,,,,
roselia,roselia,brilliant-diamond-shining-pearl,brilliant-diamond;shining-pearl,great-marsh,walking-tall-grass,"22, 24, 26",10%,,2/32 selection chance,,,
roselia,roselia,brilliant-diamond-shining-pearl,brilliant-diamond;shining-pearl,route-212-sinnoh-northern-area,walking-tall-grass,16 - 17,15%,,,,,
roselia,roselia,brilliant-diamond-shining-pearl,brilliant-diamond;shining-pearl,route-212-sinnoh-southern-area,walking-tall-grass,"18, 20",15%,,,,,
roselia,roselia,brilliant-diamond-shining-pearl,brilliant-diamond;shining-pearl,route-212-sinnoh-southern-area,walking-tall-grass,19,,,,,10%,10%
roselia,roselia,brilliant-diamond-shining-pearl,brilliant-diamond;shining-pearl,route-221-sinnoh,walking-tall-grass,29,10%,,,,,
roselia,roselia,brilliant-diamond-shining-pearl,brilliant-diamond;shining-pearl,route-224-sinnoh,walking-tall-grass,"52, 54",20%,,,,,
roselia,roselia,brilliant-diamond-shining-pearl,brilliant-diamond,route-225-sinnoh,walking-tall-grass,51,5%,,,,,
roselia,roselia,brilliant-diamond-shining-pearl,shining-pearl,route-225-sinnoh,walking-tall-grass,51,15%,,,,,
roselia,roselia,brilliant-diamond-shining-pearl,brilliant-diamond,route-229-sinnoh,walking-tall-grass,50,10%,,,,,
roselia,roselia,brilliant-diamond-shining-pearl,brilliant-diamond;shining-pearl,sunlit-cavern,walking-around,16 - 63,varies,,,,,
roselia,roselia,brilliant-diamond-shining-pearl,brilliant-diamond;shining-pearl,swampy-cave,walking-around,16 - 63,varies,,,,,
roselia,roselia,brilliant-diamond-shining-pearl,brilliant-diamond;shining-pearl,trophy-garden,walking-tall-grass,16 - 17,30%,,Added after obtaining the National PokéDex,,,
rotom,rotom,brilliant-diamond-shining-pearl,brilliant-diamond;shining-pearl,old-chateau-2f,special-encounter,15,one,,At night after obtaining the National Pokédex. Respawns after entering the Hall of Fame if defeated or run from.,one,,
sableye,sableye,brilliant-diamond-shining-pearl,shining-pearl,dazzling-cave,walking-around,16 - 63,varies,,Added after obtaining the National PokéDex,,,
sableye,sableye,brilliant-diamond-shining-pearl,shining-pearl,stargleam-cavern,walking-around,16 - 63,varies,,Added after obtaining the National PokéDex,,,
sandshrew,sandshrew,brilliant-diamond-shining-pearl,shining-pearl,big-bluff-cavern,walking-around,16 - 63,varies,,Added after obtaining the National PokéDex,,,
sandshrew,sandshrew,brilliant-diamond-shining-pearl,shining-pearl,rocky-cave,walking-around,16 - 63,varies,,Sandshrew,,,
sandshrew,sandshrew,brilliant-diamond-shining-pearl,shining-pearl,sandsear-cave,walking-around,16 - 63,varies,,Added after obtaining the National PokéDex,,,
sandshrew,sandshrew,brilliant-diamond-shining-pearl,shining-pearl,spacious-cave,walking-around,16 - 63,varies,,Added after obtaining the National PokéDex,,,
sandslash,sandslash,brilliant-diamond-shining-pearl,shining-pearl,big-bluff-cavern,walking-around,16 - 63,varies,,Added after obtaining the National PokéDex,,,
sandslash,sandslash,brilliant-diamond-shining-pearl,shining-pearl,rocky-cave,walking-around,16 - 63,varies,,Sandshrew,,,
sandslash,sandslash,brilliant-diamond-shining-pearl,shining-pearl,sandsear-cave,walking-around,16 - 63,varies,,Added after obtaining the National PokéDex,,,
sandslash,sandslash,brilliant-diamond-shining-pearl,shining-pearl,spacious-cave,walking-around,16 - 63,varies,,Added after obtaining the National PokéDex,,,
scyther,scyther,brilliant-diamond-shining-pearl,brilliant-diamond,big-bluff-cavern,walking-around,16 - 63,80%,,,,,
scyther,scyther,brilliant-diamond-shining-pearl,brilliant-diamond,grassland-cave,walking-around,16 - 63,varies,,Added after obtaining the National PokéDex,,,
scyther,scyther,brilliant-diamond-shining-pearl,brilliant-diamond,grassland-cave,walking-around,16 - 63,80%,,,,,
scyther,scyther,brilliant-diamond-shining-pearl,brilliant-diamond,riverbank-cave,walking-around,16 - 63,varies,,Added after obtaining the National PokéDex,,,
scyther,scyther,brilliant-diamond-shining-pearl,brilliant-diamond,riverbank-cave,walking-around,16 - 63,30%,,,,,
scyther,scyther,brilliant-diamond-shining-pearl,brilliant-diamond,route-229-sinnoh,walking-tall-grass,52,5%,,,,,
scyther,scyther,brilliant-diamond-shining-pearl,brilliant-diamond,still-water-cavern,walking-around,16 - 63,varies,,Added after obtaining the National PokéDex,,,
scyther,scyther,brilliant-diamond-shining-pearl,brilliant-diamond,still-water-cavern,walking-around,16 - 63,30%,,Added after obtaining the National PokéDex,,,
scyther,scyther,brilliant-diamond-shining-pearl,brilliant-diamond,sunlit-cavern,walking-around,16 - 63,varies,,Added after obtaining the National PokéDex,,,
seadra,seadra,brilliant-diamond-shining-pearl,brilliant-diamond;shining-pearl,route-226-sinnoh,fishing-super-rod,30 - 55,45%,,,,,
seaking,seaking,brilliant-diamond-shining-pearl,brilliant-diamond;shining-pearl,lake-acuity-sinnoh,fishing-super-rod,20 - 50,45%,,,,,
seaking,seaking,brilliant-diamond-shining-pearl,brilliant-diamond;shining-pearl,lake-valor-sinnoh,fishing-super-rod,20 - 50,45%,,,,,
seaking,seaking,brilliant-diamond-shining-pearl,brilliant-diamond;shining-pearl,lake-verity-sinnoh,fishing-super-rod,20 - 50,45%,,,,,
seaking,seaking,brilliant-diamond-shining-pearl,brilliant-diamond;shining-pearl,resort-area,fishing-super-rod,20 - 50,45%,,,,,
seaking,seaking,brilliant-diamond-shining-pearl,brilliant-diamond;shining-pearl,sendoff-spring,fishing-super-rod,20 - 50,45%,,,,,
seaking,seaking,brilliant-diamond-shining-pearl,brilliant-diamond;shining-pearl,route-203-sinnoh,fishing-super-rod,20 - 50,45%,,,,,
seaking,seaking,brilliant-diamond-shining-pearl,brilliant-diamond;shining-pearl,route-204-sinnoh-south,fishing-super-rod,20 - 50,45%,,,,,
seaking,seaking,brilliant-diamond-shining-pearl,brilliant-diamond;shining-pearl,route-209-sinnoh,fishing-super-rod,20 - 50,45%,,,,,
seaking,seaking,brilliant-diamond-shining-pearl,brilliant-diamond;shining-pearl,route-212-sinnoh-northern-area,fishing-super-rod,20 - 55,45%,,,,,
seaking,seaking,brilliant-diamond-shining-pearl,brilliant-diamond;shining-pearl,route-214-sinnoh,fishing-super-rod,20 - 50,45%,,,,,
seaking,seaking,brilliant-diamond-shining-pearl,brilliant-diamond;shining-pearl,twinleaf-town,fishing-super-rod,20 - 50,45%,,,,,
sealeo,sealeo,brilliant-diamond-shining-pearl,shining-pearl,glacial-cavern,walking-around,16 - 63,varies,,Added after obtaining the National PokéDex,,,
sealeo,sealeo,brilliant-diamond-shining-pearl,shining-pearl,icy-cave,walking-around,16 - 63,varies,,Added after obtaining the National PokéDex,,,
sealeo,sealeo,brilliant-diamond-shining-pearl,shining-pearl,route-226-sinnoh,surfing,40 - 55,5%,,,,,
sealeo,sealeo,brilliant-diamond-shining-pearl,shining-pearl,route-230-sinnoh,surfing,40 - 55,5%,,,,,
sealeo,sealeo,brilliant-diamond-shining-pearl,shining-pearl,whiteout-cave,walking-around,16 - 63,varies,,Added after obtaining the National PokéDex,,,
seedot,seedot,brilliant-diamond-shining-pearl,brilliant-diamond,grassland-cave,walking-around,16 - 63,varies,,Added after obtaining the National PokéDex,,,
seedot,seedot,brilliant-diamond-shining-pearl,brilliant-diamond,riverbank-cave,walking-around,16 - 63,varies,,Added after obtaining the National PokéDex,,,
seedot,seedot,brilliant-diamond-shining-pearl,brilliant-diamond,still-water-cavern,walking-around,16 - 63,varies,,Added after obtaining the National PokéDex,,,
seedot,seedot,brilliant-diamond-shining-pearl,brilliant-diamond,sunlit-cavern,walking-around,16 - 63,varies,,Added after obtaining the National PokéDex,,,
seel,seel,brilliant-diamond-shining-pearl,brilliant-diamond,fountainspring-cave,walking-around,16 - 63,varies,,Added after obtaining the National PokéDex,,,
seel,seel,brilliant-diamond-shining-pearl,brilliant-diamond,glacial-cavern,walking-around,16 - 63,varies,,Added after obtaining the National PokéDex,,,
seel,seel,brilliant-diamond-shining-pearl,brilliant-diamond,icy-cave,walking-around,16 - 63,varies,,Added after obtaining the National PokéDex,,,
seel,seel,brilliant-diamond-shining-pearl,brilliant-diamond,route-226-sinnoh,surfing,35 - 45,30%,,,,,
seel,seel,brilliant-diamond-shining-pearl,brilliant-diamond,route-230-sinnoh,surfing,35 - 45,30%,,,,,
seel,seel,brilliant-diamond-shining-pearl,brilliant-diamond,whiteout-cave,walking-around,16 - 63,varies,,Added after obtaining the National PokéDex,,,
sentret,sentret,brilliant-diamond-shining-pearl,brilliant-diamond;shining-pearl,big-bluff-cavern,walking-around,16 - 63,varies,,Added after obtaining the National PokéDex,,,
sentret,sentret,brilliant-diamond-shining-pearl,brilliant-diamond;shining-pearl,rocky-cave,walking-around,16 - 63,varies,,Sandshrew,,,
sentret,sentret,brilliant-diamond-shining-pearl,brilliant-diamond;shining-pearl,route-202-sinnoh,poke-radar,2 - 4,22%,,,,,
sentret,sentret,brilliant-diamond-shining-pearl,brilliant-diamond;shining-pearl,spacious-cave,walking-around,16 - 63,varies,,Added after obtaining the National PokéDex,,,
sentret,sentret,brilliant-diamond-shining-pearl,brilliant-diamond;shining-pearl,typhlo-cavern,walking-around,16 - 63,varies,,Added after obtaining the National PokéDex,,,
sentret,sentret,brilliant-diamond-shining-pearl,brilliant-diamond;shining-pearl,volcanic-cave,walking-around,16 - 63,varies,,Added after obtaining the National PokéDex,,,
sentret,sentret,brilliant-diamond-shining-pearl,brilliant-diamond;shining-pearl,whiteout-cave,walking-around,16 - 63,varies,,Added after obtaining the National PokéDex,,,
seviper,seviper,brilliant-diamond-shining-pearl,shining-pearl,bogsunk-cavern,walking-around,16 - 63,varies,,Added after obtaining the National PokéDex,,,
seviper,seviper,brilliant-diamond-shining-pearl,shining-pearl,dazzling-cave,walking-around,16 - 63,varies,,Added after obtaining the National PokéDex,,,
seviper,seviper,brilliant-diamond-shining-pearl,shining-pearl,grassland-cave,walking-around,16 - 63,varies,,Added after obtaining the National PokéDex,,,
seviper,seviper,brilliant-diamond-shining-pearl,shining-pearl,stargleam-cavern,walking-around,16 - 63,varies,,Added after obtaining the National PokéDex,,,
seviper,seviper,brilliant-diamond-shining-pearl,shining-pearl,sunlit-cavern,walking-around,16 - 63,varies,,Added after obtaining the National PokéDex,,,
seviper,seviper,brilliant-diamond-shining-pearl,shining-pearl,swampy-cave,walking-around,16 - 63,varies,,Added after obtaining the National PokéDex,,,
sharpedo,sharpedo,brilliant-diamond-shining-pearl,brilliant-diamond;shining-pearl,route-213-sinnoh,fishing-super-rod,40 - 55,15%,,,,,
sharpedo,sharpedo,brilliant-diamond-shining-pearl,brilliant-diamond;shining-pearl,route-222-sinnoh,fishing-super-rod,40 - 55,15%,,,,,
shaymin-land,shaymin-land,brilliant-diamond-shining-pearl,brilliant-diamond;shining-pearl,flower-paradise,special-encounter,30,one,,Respawns after entering the Hall of Fame if defeated or run from,,,
shelgon,shelgon,brilliant-diamond-shining-pearl,shining-pearl,dazzling-cave,walking-around,16 - 63,varies,,Added after obtaining the National PokéDex,,,
shelgon,shelgon,brilliant-diamond-shining-pearl,shining-pearl,spacious-cave,walking-around,16 - 63,varies,,Added after obtaining the National PokéDex,,,
shelgon,shelgon,brilliant-diamond-shining-pearl,shining-pearl,stargleam-cavern,walking-around,16 - 63,varies,,Added after obtaining the National PokéDex,,,
shellder,shellder,brilliant-diamond-shining-pearl,brilliant-diamond;shining-pearl,fountainspring-cave,walking-around,16 - 63,varies,,Added after obtaining the National PokéDex,,,
shellder,shellder,brilliant-diamond-shining-pearl,brilliant-diamond;shining-pearl,fuego-ironworks,fishing-super-rod,20 - 40,15%,,,,,
shellder,shellder,brilliant-diamond-shining-pearl,brilliant-diamond;shining-pearl,riverbank-cave,walking-around,16 - 63,varies,,Added after obtaining the National PokéDex,,,
shellder,shellder,brilliant-diamond-shining-pearl,brilliant-diamond;shining-pearl,route-205-sinnoh-southern-part,fishing-super-rod,20 - 40,15%,,,,,
shellder,shellder,brilliant-diamond-shining-pearl,brilliant-diamond;shining-pearl,still-water-cavern,walking-around,16 - 63,varies,,Added after obtaining the National PokéDex,,,
shellder,shellder,brilliant-diamond-shining-pearl,brilliant-diamond;shining-pearl,valley-windworks,fishing-super-rod,20 - 40,15%,,,,,
shellos,shellos-east,brilliant-diamond-shining-pearl,brilliant-diamond;shining-pearl,fountainspring-cave,walking-around,16 - 63,varies,,,,,
shellos,shellos-east,brilliant-diamond-shining-pearl,brilliant-diamond;shining-pearl,route-213-sinnoh,walking-tall-grass,20 - 22,,,,50%,40%,40%
shellos,shellos-east,brilliant-diamond-shining-pearl,brilliant-diamond;shining-pearl,route-224-sinnoh,walking-tall-grass,23,100%,,,,,
shellos,shellos-west,brilliant-diamond-shining-pearl,brilliant-diamond;shining-pearl,fuego-ironworks,walking-tall-grass,28,20%,,,,,
shellos,shellos-west,brilliant-diamond-shining-pearl,brilliant-diamond;shining-pearl,route-205-sinnoh-southern-part,walking-tall-grass,8 - 10,45%,,,,,
shellos,shellos-west,brilliant-diamond-shining-pearl,brilliant-diamond;shining-pearl,route-205-sinnoh-northern-part,walking-tall-grass,11,10%,,,,,
shellos,shellos-west,brilliant-diamond-shining-pearl,brilliant-diamond;shining-pearl,route-218-sinnoh,walking-tall-grass,28,20%,,,,,
shellos,shellos-west,brilliant-diamond-shining-pearl,brilliant-diamond;shining-pearl,route-221-sinnoh,walking-tall-grass,28,10%,,,,,
shellos,shellos-west,brilliant-diamond-shining-pearl,brilliant-diamond;shining-pearl,valley-windworks,walking-tall-grass,7 - 9,30%,,,,,
shieldon,shieldon,brilliant-diamond-shining-pearl,brilliant-diamond;shining-pearl,oreburgh-mining-museum,revive,1,one,,{Armor Fossil;ITEM;armor-fossil},,,
shinx,shinx,brilliant-diamond-shining-pearl,brilliant-diamond;shining-pearl,fuego-ironworks,walking-tall-grass,28,10%,,,,,
shinx,shinx,brilliant-diamond-shining-pearl,brilliant-diamond;shining-pearl,grassland-cave,walking-around,16 - 63,varies,,,,,
shinx,shinx,brilliant-diamond-shining-pearl,brilliant-diamond;shining-pearl,route-202-sinnoh,walking-tall-grass,3 - 4,30%,,,,,
shinx,shinx,brilliant-diamond-shining-pearl,brilliant-diamond;shining-pearl,route-203-sinnoh,walking-tall-grass,4 - 5,25%,,,,,
shinx,shinx,brilliant-diamond-shining-pearl,brilliant-diamond;shining-pearl,route-204-sinnoh-south,walking-tall-grass,4 - 5,15%,,,,,
shinx,shinx,brilliant-diamond-shining-pearl,brilliant-diamond;shining-pearl,route-204-sinnoh-north,walking-tall-grass,6 - 7,15%,,,,,
shinx,shinx,brilliant-diamond-shining-pearl,brilliant-diamond;shining-pearl,spacious-cave,walking-around,16 - 63,varies,,,,,
shinx,shinx,brilliant-diamond-shining-pearl,brilliant-diamond;shining-pearl,sunlit-cavern,walking-around,16 - 63,varies,,,,,
shinx,shinx,brilliant-diamond-shining-pearl,brilliant-diamond;shining-pearl,whiteout-cave,walking-around,16 - 63,varies,,,,,
shroomish,shroomish,brilliant-diamond-shining-pearl,brilliant-diamond;shining-pearl,great-marsh,walking-tall-grass,"22, 24, 26",10%,,"Post-National PokéDex, 1/32 selection chance",,,
shuckle,shuckle,brilliant-diamond-shining-pearl,brilliant-diamond;shining-pearl,big-bluff-cavern,walking-around,16 - 63,varies,,Added after obtaining the National PokéDex,,,
shuckle,shuckle,brilliant-diamond-shining-pearl,brilliant-diamond;shining-pearl,grassland-cave,walking-around,16 - 63,varies,,Added after obtaining the National PokéDex,,,
shuckle,shuckle,brilliant-diamond-shining-pearl,brilliant-diamond;shining-pearl,riverbank-cave,walking-around,16 - 63,varies,,Added after obtaining the National PokéDex,,,
shuckle,shuckle,brilliant-diamond-shining-pearl,brilliant-diamond;shining-pearl,rocky-cave,walking-around,16 - 63,varies,,Sandshrew,,,
shuckle,shuckle,brilliant-diamond-shining-pearl,brilliant-diamond;shining-pearl,still-water-cavern,walking-around,16 - 63,varies,,Added after obtaining the National PokéDex,,,
shuckle,shuckle,brilliant-diamond-shining-pearl,brilliant-diamond;shining-pearl,sunlit-cavern,walking-around,16 - 63,varies,,Added after obtaining the National PokéDex,,,
silcoon,silcoon,brilliant-diamond-shining-pearl,brilliant-diamond,eterna-forest,walking-tall-grass,10,20%,,,,,
silcoon,silcoon,brilliant-diamond-shining-pearl,brilliant-diamond,grassland-cave,walking-around,16 - 63,varies,,,,,
silcoon,silcoon,brilliant-diamond-shining-pearl,brilliant-diamond,riverbank-cave,walking-around,16 - 63,varies,,,,,
silcoon,silcoon,brilliant-diamond-shining-pearl,brilliant-diamond,still-water-cavern,walking-around,16 - 63,varies,,,,,
silcoon,silcoon,brilliant-diamond-shining-pearl,brilliant-diamond,sunlit-cavern,walking-around,16 - 63,varies,,,,,
skarmory,skarmory,brilliant-diamond-shining-pearl,brilliant-diamond;shining-pearl,route-227-sinnoh,walking-tall-grass,56,5%,,,,,
skarmory,skarmory,brilliant-diamond-shining-pearl,brilliant-diamond;shining-pearl,stark-mountain-outside,walking-tall-grass,56,5%,,,,,
skiploom,skiploom,brilliant-diamond-shining-pearl,shining-pearl,fuego-ironworks,poke-radar,30,2%,,,,,
skiploom,skiploom,brilliant-diamond-shining-pearl,brilliant-diamond;shining-pearl,grassland-cave,walking-around,16 - 63,5%,,Added after obtaining the National PokéDex,,,
skiploom,skiploom,brilliant-diamond-shining-pearl,brilliant-diamond,route-205-sinnoh-northern-part,poke-radar,12,2%,,,,,
skiploom,skiploom,brilliant-diamond-shining-pearl,brilliant-diamond;shining-pearl,sunlit-cavern,walking-around,16 - 63,varies,,Added after obtaining the National PokéDex,,,
skitty,skitty,brilliant-diamond-shining-pearl,brilliant-diamond;shining-pearl,route-222-sinnoh,swarm,40,40%,,,,,
skitty,skitty,brilliant-diamond-shining-pearl,brilliant-diamond;shining-pearl,spacious-cave,walking-around,16 - 63,varies,,Added after obtaining the National PokéDex,,,
skorupi,skorupi,brilliant-diamond-shining-pearl,brilliant-diamond;shining-pearl,big-bluff-cavern,walking-around,16 - 63,varies,,,,,
skorupi,skorupi,brilliant-diamond-shining-pearl,brilliant-diamond;shining-pearl,bogsunk-cavern,walking-around,16 - 63,varies,,,,,
skorupi,skorupi,brilliant-diamond-shining-pearl,brilliant-diamond;shining-pearl,great-marsh,walking-tall-grass,"22, 24, 26",10%,,5/32 selection chance,,,
skorupi,skorupi,brilliant-diamond-shining-pearl,brilliant-diamond;shining-pearl,rocky-cave,walking-around,16 - 63,varies,,,,,
skorupi,skorupi,brilliant-diamond-shining-pearl,brilliant-diamond;shining-pearl,sandsear-cave,walking-around,16 - 63,varies,,,,,
skorupi,skorupi,brilliant-diamond-shining-pearl,brilliant-diamond;shining-pearl,swampy-cave,walking-around,16 - 63,varies,,,,,
skorupi,skorupi,brilliant-diamond-shining-pearl,brilliant-diamond;shining-pearl,typhlo-cavern,walking-around,16 - 63,varies,,,,,
skorupi,skorupi,brilliant-diamond-shining-pearl,brilliant-diamond;shining-pearl,volcanic-cave,walking-around,16 - 63,varies,,,,,
skuntank,skuntank,brilliant-diamond-shining-pearl,brilliant-diamond,grassland-cave,walking-around,25 - 63,varies,,Added after obtaining TM96 (Strength),,,
skuntank,skuntank,brilliant-diamond-shining-pearl,brilliant-diamond,riverbank-cave,walking-around,25 - 63,varies,,Added after obtaining TM96 (Strength),,,
skuntank,skuntank,brilliant-diamond-shining-pearl,brilliant-diamond,route-221-sinnoh,walking-tall-grass,29 - 30,15%,,,,,
skuntank,skuntank,brilliant-diamond-shining-pearl,brilliant-diamond,route-225-sinnoh,walking-tall-grass,51,10%,,,,,
skuntank,skuntank,brilliant-diamond-shining-pearl,brilliant-diamond,spacious-cave,walking-around,25 - 63,varies,,Added after obtaining TM96 (Strength),,,
skuntank,skuntank,brilliant-diamond-shining-pearl,brilliant-diamond,still-water-cavern,walking-around,25 - 63,varies,,Added after obtaining TM96 (Strength),,,
skuntank,skuntank,brilliant-diamond-shining-pearl,brilliant-diamond,sunlit-cavern,walking-around,25 - 63,varies,,Added after obtaining TM96 (Strength),,,
slakoth,slakoth,brilliant-diamond-shining-pearl,brilliant-diamond;shining-pearl,eterna-forest,swarm,10,40%,,,,,
slowpoke,slowpoke,brilliant-diamond-shining-pearl,shining-pearl,dazzling-cave,walking-around,16 - 63,varies,,Added after obtaining the National PokéDex,,,
slowpoke,slowpoke,brilliant-diamond-shining-pearl,shining-pearl,fountainspring-cave,walking-around,16 - 63,varies,,Added after obtaining the National PokéDex,,,
slowpoke,slowpoke,brilliant-diamond-shining-pearl,shining-pearl,grassland-cave,walking-around,16 - 63,varies,,Added after obtaining the National PokéDex,,,
slowpoke,slowpoke,brilliant-diamond-shining-pearl,shining-pearl,riverbank-cave,walking-around,16 - 63,varies,,Added after obtaining the National PokéDex,,,
slowpoke,slowpoke,brilliant-diamond-shining-pearl,shining-pearl,route-205-sinnoh-northern-part,poke-radar,11 - 12,22%,,,,,
slowpoke,slowpoke,brilliant-diamond-shining-pearl,shining-pearl,spacious-cave,walking-around,16 - 63,varies,,Added after obtaining the National PokéDex,,,
slowpoke,slowpoke,brilliant-diamond-shining-pearl,shining-pearl,stargleam-cavern,walking-around,16 - 63,varies,,Added after obtaining the National PokéDex,,,
slowpoke,slowpoke,brilliant-diamond-shining-pearl,shining-pearl,still-water-cavern,walking-around,16 - 63,varies,,Added after obtaining the National PokéDex,,,
slowpoke,slowpoke,brilliant-diamond-shining-pearl,shining-pearl,sunlit-cavern,walking-around,16 - 63,varies,,Added after obtaining the National PokéDex,,,
slugma,slugma,brilliant-diamond-shining-pearl,brilliant-diamond;shining-pearl,sandsear-cave,walking-around,16 - 63,varies,,Added after obtaining the National PokéDex,,,
slugma,slugma,brilliant-diamond-shining-pearl,brilliant-diamond;shining-pearl,stark-mountain-inside-1,walking-around,"25, 27",5%,,,,,
slugma,slugma,brilliant-diamond-shining-pearl,brilliant-diamond;shining-pearl,stark-mountain-inside-2,walking-around,"27, 29",5%,,,,,
slugma,slugma,brilliant-diamond-shining-pearl,brilliant-diamond;shining-pearl,typhlo-cavern,walking-around,16 - 63,varies,,Added after obtaining the National PokéDex,,,
slugma,slugma,brilliant-diamond-shining-pearl,brilliant-diamond;shining-pearl,volcanic-cave,walking-around,16 - 63,varies,,Added after obtaining the National PokéDex,,,
smeargle,smeargle,brilliant-diamond-shining-pearl,brilliant-diamond;shining-pearl,route-212-sinnoh-northern-area,poke-radar,"16, 18",22%,,,,,
smoochum,smoochum,brilliant-diamond-shining-pearl,brilliant-diamond;shining-pearl,dazzling-cave,walking-around,16 - 63,varies,,Added after obtaining the National PokéDex,,,
smoochum,smoochum,brilliant-diamond-shining-pearl,brilliant-diamond;shining-pearl,dazzling-cave,walking-around,16 - 63,15%,,,,,
smoochum,smoochum,brilliant-diamond-shining-pearl,brilliant-diamond;shining-pearl,glacial-cavern,walking-around,16 - 63,varies,,Added after obtaining the National PokéDex,,,
smoochum,smoochum,brilliant-diamond-shining-pearl,brilliant-diamond;shining-pearl,glacial-cavern,walking-around,16 - 63,10%,,,,,
smoochum,smoochum,brilliant-diamond-shining-pearl,brilliant-diamond;shining-pearl,icy-cave,walking-around,16 - 63,varies,,Added after obtaining the National PokéDex,,,
smoochum,smoochum,brilliant-diamond-shining-pearl,brilliant-diamond;shining-pearl,icy-cave,walking-around,16 - 63,14.3%,,,,,
smoochum,smoochum,brilliant-diamond-shining-pearl,brilliant-diamond;shining-pearl,lake-acuity-sinnoh,swarm,35,40%,,,,,
smoochum,smoochum,brilliant-diamond-shining-pearl,brilliant-diamond;shining-pearl,stargleam-cavern,walking-around,16 - 63,varies,,Added after obtaining the National PokéDex,,,
smoochum,smoochum,brilliant-diamond-shining-pearl,brilliant-diamond;shining-pearl,stargleam-cavern,walking-around,16 - 63,15%,,Added after obtaining the National PokéDex,,,
sneasel,sneasel,brilliant-diamond-shining-pearl,brilliant-diamond;shining-pearl,acuity-lakefront,walking-tall-grass,34 - 35,25%,,,,,
sneasel,sneasel,brilliant-diamond-shining-pearl,brilliant-diamond;shining-pearl,glacial-cavern,walking-around,42 - 63,varies,,Added after earning the Icicle Badge,,,
sneasel,sneasel,brilliant-diamond-shining-pearl,brilliant-diamond;shining-pearl,icy-cave,walking-around,42 - 63,varies,,Added after earning the Icicle Badge,,,
sneasel,sneasel,brilliant-diamond-shining-pearl,brilliant-diamond;shining-pearl,lake-acuity-sinnoh,walking-tall-grass,35 - 36,25%,,,,,
sneasel,sneasel,brilliant-diamond-shining-pearl,brilliant-diamond;shining-pearl,route-216-sinnoh,walking-tall-grass,32 - 33,25%,,,,,
sneasel,sneasel,brilliant-diamond-shining-pearl,brilliant-diamond;shining-pearl,route-217-sinnoh,walking-tall-grass,34 - 35,25%,,,,,
sneasel,sneasel,brilliant-diamond-shining-pearl,brilliant-diamond;shining-pearl,snowpoint-temple-1f,walking-around,50 - 52,35%,,,,,
sneasel,sneasel,brilliant-diamond-shining-pearl,brilliant-diamond;shining-pearl,snowpoint-temple-b1f,walking-around,52 - 54,35%,,,,,
sneasel,sneasel,brilliant-diamond-shining-pearl,brilliant-diamond;shining-pearl,snowpoint-temple-b2f,walking-around,52 - 54,35%,,,,,
sneasel,sneasel,brilliant-diamond-shining-pearl,brilliant-diamond;shining-pearl,snowpoint-temple-b3f,walking-around,52 - 54,35%,,,,,
sneasel,sneasel,brilliant-diamond-shining-pearl,brilliant-diamond;shining-pearl,snowpoint-temple-b4f,walking-around,54 - 56,35%,,,,,
sneasel,sneasel,brilliant-diamond-shining-pearl,brilliant-diamond;shining-pearl,snowpoint-temple-b5f,walking-around,54 - 56,35%,,,,,
sneasel,sneasel,brilliant-diamond-shining-pearl,brilliant-diamond;shining-pearl,whiteout-cave,walking-around,42 - 63,varies,,Added after earning the Icicle Badge,,,
snorunt,snorunt,brilliant-diamond-shining-pearl,brilliant-diamond;shining-pearl,acuity-lakefront,poke-radar,35 - 36,12%,,,,,
snorunt,snorunt,brilliant-diamond-shining-pearl,brilliant-diamond;shining-pearl,glacial-cavern,walking-around,16 - 63,varies,,Added after obtaining the National PokéDex,,,
snorunt,snorunt,brilliant-diamond-shining-pearl,brilliant-diamond;shining-pearl,glacial-cavern,walking-around,16 - 63,10%,,,,,
snorunt,snorunt,brilliant-diamond-shining-pearl,brilliant-diamond;shining-pearl,icy-cave,walking-around,16 - 63,varies,,Added after obtaining the National PokéDex,,,
snorunt,snorunt,brilliant-diamond-shining-pearl,brilliant-diamond;shining-pearl,icy-cave,walking-around,16 - 63,14.3%,,,,,
snorunt,snorunt,brilliant-diamond-shining-pearl,brilliant-diamond;shining-pearl,route-216-sinnoh,poke-radar,33 - 34,22%,,,,,
snorunt,snorunt,brilliant-diamond-shining-pearl,brilliant-diamond;shining-pearl,route-217-sinnoh,poke-radar,35 - 36,22%,,,,,
snorunt,snorunt,brilliant-diamond-shining-pearl,brilliant-diamond;shining-pearl,whiteout-cave,walking-around,16 - 63,varies,,Added after obtaining the National PokéDex,,,
snorunt,snorunt,brilliant-diamond-shining-pearl,brilliant-diamond;shining-pearl,whiteout-cave,walking-around,16 - 63,14.3%,,,,,
snover,snover,brilliant-diamond-shining-pearl,brilliant-diamond;shining-pearl,acuity-lakefront,walking-tall-grass,34 - 35,25%,,,,,
snover,snover,brilliant-diamond-shining-pearl,brilliant-diamond;shining-pearl,glacial-cavern,walking-around,42 - 63,varies,,Added after earning the Icicle Badge,,,
snover,snover,brilliant-diamond-shining-pearl,brilliant-diamond;shining-pearl,icy-cave,walking-around,42 - 63,varies,,Added after earning the Icicle Badge,,,
snover,snover,brilliant-diamond-shining-pearl,brilliant-diamond;shining-pearl,mount-coronet-mountainside,walking-tall-grass,38,20%,,,,,
snover,snover,brilliant-diamond-shining-pearl,brilliant-diamond;shining-pearl,route-216-sinnoh,walking-tall-grass,32 - 33,25%,,,,,
snover,snover,brilliant-diamond-shining-pearl,brilliant-diamond;shining-pearl,route-217-sinnoh,walking-tall-grass,34 - 35,25%,,,,,
snover,snover,brilliant-diamond-shining-pearl,brilliant-diamond;shining-pearl,whiteout-cave,walking-around,42 - 63,varies,,Added after earning the Icicle Badge,,,
snubbull,snubbull,brilliant-diamond-shining-pearl,brilliant-diamond;shining-pearl,dazzling-cave,walking-around,16 - 63,varies,,Added after obtaining the National PokéDex,,,
snubbull,snubbull,brilliant-diamond-shining-pearl,brilliant-diamond;shining-pearl,route-209-sinnoh,swarm,16,40%,,,,,
snubbull,snubbull,brilliant-diamond-shining-pearl,brilliant-diamond;shining-pearl,stargleam-cavern,walking-around,16 - 63,varies,,Added after obtaining the National PokéDex,,,
solrock,solrock,brilliant-diamond-shining-pearl,brilliant-diamond,dazzling-cave,walking-around,16 - 63,varies,,Added after obtaining the National PokéDex,,,
solrock,solrock,brilliant-diamond-shining-pearl,brilliant-diamond,riverbank-cave,walking-around,16 - 63,varies,,Added after obtaining the National PokéDex,,,
solrock,solrock,brilliant-diamond-shining-pearl,brilliant-diamond,stargleam-cavern,walking-around,16 - 63,varies,,Added after obtaining the National PokéDex,,,
solrock,solrock,brilliant-diamond-shining-pearl,brilliant-diamond,still-water-cavern,walking-around,16 - 63,varies,,Added after obtaining the National PokéDex,,,
spearow,spearow,brilliant-diamond-shining-pearl,brilliant-diamond;shining-pearl,route-225-sinnoh,walking-tall-grass,"20, 22",5%,,,,,
spearow,spearow,brilliant-diamond-shining-pearl,brilliant-diamond;shining-pearl,route-226-sinnoh,walking-tall-grass,"20, 22",5%,,,,,
spheal,spheal,brilliant-diamond-shining-pearl,shining-pearl,glacial-cavern,walking-around,16 - 63,varies,,Added after obtaining the National PokéDex,,,
spheal,spheal,brilliant-diamond-shining-pearl,shining-pearl,icy-cave,walking-around,16 - 63,varies,,Added after obtaining the National PokéDex,,,
spheal,spheal,brilliant-diamond-shining-pearl,shining-pearl,route-226-sinnoh,surfing,35 - 45,30%,,,,,
spheal,spheal,brilliant-diamond-shining-pearl,shining-pearl,route-230-sinnoh,surfing,35 - 45,30%,,,,,
spheal,spheal,brilliant-diamond-shining-pearl,shining-pearl,whiteout-cave,walking-around,16 - 63,varies,,Added after obtaining the National PokéDex,,,
spinda,spinda,brilliant-diamond-shining-pearl,brilliant-diamond;shining-pearl,route-227-sinnoh,swarm,55,40%,,,,,
spoink,spoink,brilliant-diamond-shining-pearl,brilliant-diamond;shining-pearl,route-214-sinnoh,swarm,22 - 23,40%,,,,,
squirtle,squirtle,brilliant-diamond-shining-pearl,brilliant-diamond;shining-pearl,fountainspring-cave,walking-around,16 - 63,varies,,Added after obtaining the National PokéDex,,,
squirtle,squirtle,brilliant-diamond-shining-pearl,brilliant-diamond;shining-pearl,riverbank-cave,walking-around,16 - 63,varies,,Added after obtaining the National PokéDex,,,
squirtle,squirtle,brilliant-diamond-shining-pearl,brilliant-diamond;shining-pearl,still-water-cavern,walking-around,16 - 63,varies,,Added after obtaining the National PokéDex,,,
stantler,stantler,brilliant-diamond-shining-pearl,shining-pearl,route-207-sinnoh,poke-radar,6 - 7,22%,,,,,
staravia,staravia,brilliant-diamond-shining-pearl,brilliant-diamond;shining-pearl,great-marsh,walking-tall-grass,"22, 24, 26",10%,,2/32 selection chance,,,
staravia,staravia,brilliant-diamond-shining-pearl,brilliant-diamond;shining-pearl,lake-valor-sinnoh,walking-tall-grass,"34, 36",,,,,20%,20%
staravia,staravia,brilliant-diamond-shining-pearl,brilliant-diamond;shining-pearl,lake-valor-sinnoh,walking-tall-grass,35,5%,,,,,
staravia,staravia,brilliant-diamond-shining-pearl,brilliant-diamond;shining-pearl,sendoff-spring,walking-tall-grass,52,5%,,,,,
staravia,staravia,brilliant-diamond-shining-pearl,brilliant-diamond;shining-pearl,sendoff-spring,walking-tall-grass,53 - 54,,,,,20%,20%
staravia,staravia,brilliant-diamond-shining-pearl,brilliant-diamond;shining-pearl,route-209-sinnoh,walking-tall-grass,16,,,,,,10%
staravia,staravia,brilliant-diamond-shining-pearl,brilliant-diamond;shining-pearl,route-209-sinnoh,walking-tall-grass,17 - 18,15%,,,,,
staravia,staravia,brilliant-diamond-shining-pearl,brilliant-diamond;shining-pearl,route-212-sinnoh-northern-area,walking-tall-grass,17,,,,,10%,20%
staravia,staravia,brilliant-diamond-shining-pearl,brilliant-diamond;shining-pearl,route-212-sinnoh-northern-area,walking-tall-grass,18,5%,,,,,
staravia,staravia,brilliant-diamond-shining-pearl,brilliant-diamond;shining-pearl,trophy-garden,walking-tall-grass,16,,,Added after obtaining the National PokéDex,,,20%
staravia,staravia,brilliant-diamond-shining-pearl,brilliant-diamond;shining-pearl,trophy-garden,walking-tall-grass,17,20%,,Added after obtaining the National PokéDex,,,
staravia,staravia,brilliant-diamond-shining-pearl,brilliant-diamond;shining-pearl,valor-lakefront,walking-tall-grass,21,,,,,10%,10%
staravia,staravia,brilliant-diamond-shining-pearl,brilliant-diamond;shining-pearl,valor-lakefront,walking-tall-grass,22,5%,,,,,
starly,starly,brilliant-diamond-shining-pearl,brilliant-diamond;shining-pearl,great-marsh-area-1,walking-tall-grass,26,,,,,10%,10%
starly,starly,brilliant-diamond-shining-pearl,brilliant-diamond;shining-pearl,great-marsh-area-2,walking-tall-grass,26,,,,,10%,10%
starly,starly,brilliant-diamond-shining-pearl,brilliant-diamond;shining-pearl,great-marsh-area-3,walking-tall-grass,24,,,,,10%,10%
starly,starly,brilliant-diamond-shining-pearl,brilliant-diamond;shining-pearl,great-marsh-area-4,walking-tall-grass,24,,,,,10%,10%
starly,starly,brilliant-diamond-shining-pearl,brilliant-diamond;shining-pearl,great-marsh-area-5,walking-tall-grass,22,,,,,10%,10%
starly,starly,brilliant-diamond-shining-pearl,brilliant-diamond;shining-pearl,great-marsh-area-6,walking-tall-grass,22,,,,,10%,10%
starly,starly,brilliant-diamond-shining-pearl,brilliant-diamond;shining-pearl,lake-verity-sinnoh,walking-tall-grass,2 - 4,,,,40%,50%,50%
starly,starly,brilliant-diamond-shining-pearl,brilliant-diamond;shining-pearl,route-201-sinnoh,walking-tall-grass,2 - 3,,,,40%,50%,50%
starly,starly,brilliant-diamond-shining-pearl,brilliant-diamond;shining-pearl,route-202-sinnoh,walking-tall-grass,2 - 4,,,,30%,30%,40%
starly,starly,brilliant-diamond-shining-pearl,brilliant-diamond;shining-pearl,route-203-sinnoh,walking-tall-grass,4 - 6,,,,25%,35%,45%
starly,starly,brilliant-diamond-shining-pearl,brilliant-diamond;shining-pearl,route-204-sinnoh-south,walking-tall-grass,"4, 6",,,,25%,25%,35%
starly,starly,brilliant-diamond-shining-pearl,brilliant-diamond;shining-pearl,route-204-sinnoh-north,walking-tall-grass,"6, 8",,,,25%,25%,35%
starly,starly,brilliant-diamond-shining-pearl,brilliant-diamond;shining-pearl,route-209-sinnoh,walking-tall-grass,16,20%,,,,,
starly,starly,brilliant-diamond-shining-pearl,brilliant-diamond;shining-pearl,route-212-sinnoh-northern-area,walking-tall-grass,16,20%,,,,,
staryu,staryu,brilliant-diamond-shining-pearl,brilliant-diamond;shining-pearl,canalave-city,fishing-super-rod,20 - 40,15%,,,,,
staryu,staryu,brilliant-diamond-shining-pearl,brilliant-diamond;shining-pearl,fountainspring-cave,walking-around,16 - 63,varies,,Added after obtaining the National PokéDex,,,
staryu,staryu,brilliant-diamond-shining-pearl,brilliant-diamond;shining-pearl,glacial-cavern,walking-around,16 - 63,varies,,Added after obtaining the National PokéDex,,,
staryu,staryu,brilliant-diamond-shining-pearl,brilliant-diamond;shining-pearl,icy-cave,walking-around,16 - 63,varies,,Added after obtaining the National PokéDex,,,
staryu,staryu,brilliant-diamond-shining-pearl,brilliant-diamond;shining-pearl,riverbank-cave,walking-around,16 - 63,varies,,Added after obtaining the National PokéDex,,,
staryu,staryu,brilliant-diamond-shining-pearl,brilliant-diamond;shining-pearl,still-water-cavern,walking-around,16 - 63,varies,,Added after obtaining the National PokéDex,,,
staryu,staryu,brilliant-diamond-shining-pearl,brilliant-diamond;shining-pearl,sunyshore-city,fishing-super-rod,20 - 40,15%,,Added after obtaining the National PokéDex,,,
steelix,steelix,brilliant-diamond-shining-pearl,brilliant-diamond;shining-pearl,iron-island-b2f-left,walking-around,33 - 34,10%,,,,,
steelix,steelix,brilliant-diamond-shining-pearl,brilliant-diamond;shining-pearl,iron-island-b3f,walking-around,33 - 34,10%,,,,,
steelix,steelix,brilliant-diamond-shining-pearl,brilliant-diamond;shining-pearl,snowpoint-temple-1f,walking-around,52,5%,,,,,
steelix,steelix,brilliant-diamond-shining-pearl,brilliant-diamond;shining-pearl,snowpoint-temple-b1f,walking-around,53 - 54,15%,,,,,
steelix,steelix,brilliant-diamond-shining-pearl,brilliant-diamond;shining-pearl,snowpoint-temple-b2f,walking-around,53 - 54,15%,,,,,
steelix,steelix,brilliant-diamond-shining-pearl,brilliant-diamond;shining-pearl,snowpoint-temple-b3f,walking-around,53 - 54,15%,,,,,
steelix,steelix,brilliant-diamond-shining-pearl,brilliant-diamond;shining-pearl,snowpoint-temple-b4f,walking-around,54 - 56,20%,,,,,
steelix,steelix,brilliant-diamond-shining-pearl,brilliant-diamond;shining-pearl,snowpoint-temple-b5f,walking-around,54 - 56,20%,,,,,
steelix,steelix,brilliant-diamond-shining-pearl,brilliant-diamond;shining-pearl,victory-road-sinnoh-1f,walking-around,46,10%,,,,,
steelix,steelix,brilliant-diamond-shining-pearl,brilliant-diamond;shining-pearl,victory-road-sinnoh-2f,walking-around,47,10%,,,,,
steelix,steelix,brilliant-diamond-shining-pearl,brilliant-diamond;shining-pearl,victory-road-sinnoh-b1f,walking-around,46,10%,,,,,
steelix,steelix,brilliant-diamond-shining-pearl,brilliant-diamond;shining-pearl,victory-road-sinnoh-1f-back-1,walking-around,52,10%,,Area is only accessible after entering the Hall of Fame and obtaining the National Pokédex,,,
steelix,steelix,brilliant-diamond-shining-pearl,brilliant-diamond;shining-pearl,victory-road-sinnoh-1f-back-2,walking-around,52,10%,,Area is only accessible after entering the Hall of Fame and obtaining the National Pokédex,,,
steelix,steelix,brilliant-diamond-shining-pearl,brilliant-diamond;shining-pearl,victory-road-sinnoh-1f-back-2,walking-around,52,10%,,Area is only accessible after entering the Hall of Fame and obtaining the National Pokédex,,,
stunky,stunky,brilliant-diamond-shining-pearl,brilliant-diamond,grassland-cave,walking-around,25 - 63,varies,,Added after obtaining TM96 (Strength),,,
stunky,stunky,brilliant-diamond-shining-pearl,brilliant-diamond,riverbank-cave,walking-around,25 - 63,varies,,Added after obtaining TM96 (Strength),,,
stunky,stunky,brilliant-diamond-shining-pearl,brilliant-diamond,route-206-sinnoh,walking-tall-grass,14 - 16,25%,,,,,
stunky,stunky,brilliant-diamond-shining-pearl,brilliant-diamond,route-214-sinnoh,walking-tall-grass,23 - 24,15%,,,,,
stunky,stunky,brilliant-diamond-shining-pearl,brilliant-diamond,route-221-sinnoh,walking-tall-grass,28,20%,,,,,
stunky,stunky,brilliant-diamond-shining-pearl,brilliant-diamond,spacious-cave,walking-around,25 - 63,varies,,Added after obtaining TM96 (Strength),,,
stunky,stunky,brilliant-diamond-shining-pearl,brilliant-diamond,still-water-cavern,walking-around,25 - 63,varies,,Added after obtaining TM96 (Strength),,,
stunky,stunky,brilliant-diamond-shining-pearl,brilliant-diamond,sunlit-cavern,walking-around,25 - 63,varies,,Added after obtaining TM96 (Strength),,,
sudowoodo,sudowoodo,brilliant-diamond-shining-pearl,shining-pearl,route-214-sinnoh,walking-tall-grass,23 - 24,15%,,,,,
sudowoodo,sudowoodo,brilliant-diamond-shining-pearl,shining-pearl,route-221-sinnoh,walking-tall-grass,29 - 30,15%,,,,,
suicune,suicune,brilliant-diamond-shining-pearl,brilliant-diamond,ramanas-park-johto-room,special-encounter,70,one,,Inser the {Johto Slate;ITEM;johto-slate} to battle.,,,
sunkern,sunkern,brilliant-diamond-shining-pearl,brilliant-diamond;shining-pearl,grassland-cave,walking-around,16 - 63,5%,,Added after obtaining the National PokéDex,,,
sunkern,sunkern,brilliant-diamond-shining-pearl,brilliant-diamond;shining-pearl,route-204-sinnoh-north,poke-radar,"6, 8",22%,,,,,
sunkern,sunkern,brilliant-diamond-shining-pearl,brilliant-diamond;shining-pearl,sunlit-cavern,walking-around,16 - 63,varies,,Added after obtaining the National PokéDex,,,
surskit,surskit,brilliant-diamond-shining-pearl,brilliant-diamond;shining-pearl,fountainspring-cave,walking-around,16 - 63,varies,,Added after obtaining the National PokéDex,,,
surskit,surskit,brilliant-diamond-shining-pearl,brilliant-diamond;shining-pearl,lake-verity-sinnoh,swarm,2,40%,,,,,
surskit,surskit,brilliant-diamond-shining-pearl,brilliant-diamond;shining-pearl,riverbank-cave,walking-around,16 - 63,varies,,Added after obtaining the National PokéDex,,,
surskit,surskit,brilliant-diamond-shining-pearl,brilliant-diamond;shining-pearl,still-water-cavern,walking-around,16 - 63,varies,,Added after obtaining the National PokéDex,,,
swablu,swablu,brilliant-diamond-shining-pearl,brilliant-diamond;shining-pearl,fountainspring-cave,walking-around,16 - 63,30%,,,,,
swablu,swablu,brilliant-diamond-shining-pearl,brilliant-diamond;shining-pearl,glacial-cavern,walking-around,16 - 63,varies,,Added after obtaining the National PokéDex,,,
swablu,swablu,brilliant-diamond-shining-pearl,brilliant-diamond;shining-pearl,glacial-cavern,walking-around,16 - 63,20%,,,,,
swablu,swablu,brilliant-diamond-shining-pearl,brilliant-diamond;shining-pearl,icy-cave,walking-around,16 - 63,varies,,Added after obtaining the National PokéDex,,,
swablu,swablu,brilliant-diamond-shining-pearl,brilliant-diamond;shining-pearl,icy-cave,walking-around,16 - 63,19%,,,,,
swablu,swablu,brilliant-diamond-shining-pearl,brilliant-diamond;shining-pearl,route-211-sinnoh-eastern-part,poke-radar,27 - 28,22%,,,,,
swablu,swablu,brilliant-diamond-shining-pearl,brilliant-diamond;shining-pearl,spacious-cave,walking-around,16 - 63,19%,,Added after obtaining the National PokéDex,,,
swablu,swablu,brilliant-diamond-shining-pearl,brilliant-diamond;shining-pearl,whiteout-cave,walking-around,16 - 63,varies,,Added after obtaining the National PokéDex,,,
swablu,swablu,brilliant-diamond-shining-pearl,brilliant-diamond;shining-pearl,whiteout-cave,walking-around,16 - 63,19%,,,,,
swellow,swellow,brilliant-diamond-shining-pearl,brilliant-diamond;shining-pearl,route-213-sinnoh,poke-radar,20 - 22,22%,,,,,
swinub,swinub,brilliant-diamond-shining-pearl,brilliant-diamond,bogsunk-cavern,walking-around,16 - 63,40%,,,,,
swinub,swinub,brilliant-diamond-shining-pearl,shining-pearl,bogsunk-cavern,walking-around,16 - 63,50%,,,,,
swinub,swinub,brilliant-diamond-shining-pearl,brilliant-diamond;shining-pearl,glacial-cavern,walking-around,16 - 63,varies,,Added after obtaining the National PokéDex,,,
swinub,swinub,brilliant-diamond-shining-pearl,brilliant-diamond;shining-pearl,glacial-cavern,walking-around,16 - 63,20%,,,,,
swinub,swinub,brilliant-diamond-shining-pearl,brilliant-diamond;shining-pearl,icy-cave,walking-around,16 - 63,varies,,Added after obtaining the National PokéDex,,,
swinub,swinub,brilliant-diamond-shining-pearl,brilliant-diamond;shining-pearl,icy-cave,walking-around,16 - 63,19%,,,,,
swinub,swinub,brilliant-diamond-shining-pearl,brilliant-diamond;shining-pearl,route-217-sinnoh,swarm,34,40%,,,,,
swinub,swinub,brilliant-diamond-shining-pearl,brilliant-diamond,swampy-cave,walking-around,16 - 63,40%,,Added after obtaining the National PokéDex,,,
swinub,swinub,brilliant-diamond-shining-pearl,shining-pearl,swampy-cave,walking-around,16 - 63,50%,,Added after obtaining the National PokéDex,,,
swinub,swinub,brilliant-diamond-shining-pearl,brilliant-diamond;shining-pearl,whiteout-cave,walking-around,16 - 63,varies,,Added after obtaining the National PokéDex,,,
swinub,swinub,brilliant-diamond-shining-pearl,brilliant-diamond;shining-pearl,whiteout-cave,walking-around,16 - 63,19%,,,,,
tangela,tangela,brilliant-diamond-shining-pearl,brilliant-diamond;shining-pearl,bogsunk-cavern,walking-around,16 - 63,varies,,Added after obtaining the National PokéDex,,,
tangela,tangela,brilliant-diamond-shining-pearl,brilliant-diamond;shining-pearl,swampy-cave,walking-around,16 - 63,varies,,Added after obtaining the National PokéDex,,,
tangrowth,tangrowth,brilliant-diamond-shining-pearl,brilliant-diamond;shining-pearl,bogsunk-cavern,walking-around,16 - 63,varies,,Added after obtaining the National PokéDex,,,
tangrowth,tangrowth,brilliant-diamond-shining-pearl,brilliant-diamond;shining-pearl,swampy-cave,walking-around,16 - 63,varies,,Added after obtaining the National PokéDex,,,
tauros,tauros,brilliant-diamond-shining-pearl,brilliant-diamond;shining-pearl,big-bluff-cavern,walking-around,16 - 63,varies,,Added after obtaining the National PokéDex,,,
tauros,tauros,brilliant-diamond-shining-pearl,brilliant-diamond;shining-pearl,fountainspring-cave,walking-around,16 - 63,varies,,Added after obtaining the National PokéDex,,,
tauros,tauros,brilliant-diamond-shining-pearl,brilliant-diamond;shining-pearl,glacial-cavern,walking-around,16 - 63,varies,,Added after obtaining the National PokéDex,,,
tauros,tauros,brilliant-diamond-shining-pearl,brilliant-diamond;shining-pearl,grassland-cave,walking-around,16 - 63,varies,,Added after obtaining the National PokéDex,,,
tauros,tauros,brilliant-diamond-shining-pearl,brilliant-diamond;shining-pearl,icy-cave,walking-around,16 - 63,varies,,Added after obtaining the National PokéDex,,,
tauros,tauros,brilliant-diamond-shining-pearl,brilliant-diamond;shining-pearl,riverbank-cave,walking-around,16 - 63,varies,,Added after obtaining the National PokéDex,,,
tauros,tauros,brilliant-diamond-shining-pearl,brilliant-diamond;shining-pearl,rocky-cave,walking-around,16 - 63,varies,,Sandshrew,,,
tauros,tauros,brilliant-diamond-shining-pearl,brilliant-diamond,route-209-sinnoh,poke-radar,17,20%,,,,,
tauros,tauros,brilliant-diamond-shining-pearl,shining-pearl,route-209-sinnoh,poke-radar,16,2%,,,,,
tauros,tauros,brilliant-diamond-shining-pearl,brilliant-diamond,route-210-sinnoh-southern-part,poke-radar,19,20%,,,,,
tauros,tauros,brilliant-diamond-shining-pearl,shining-pearl,route-210-sinnoh-southern-part,poke-radar,20,2%,,,,,
tauros,tauros,brilliant-diamond-shining-pearl,brilliant-diamond;shining-pearl,spacious-cave,walking-around,16 - 63,varies,,Added after obtaining the National PokéDex,,,
tauros,tauros,brilliant-diamond-shining-pearl,brilliant-diamond;shining-pearl,still-water-cavern,walking-around,16 - 63,varies,,Added after obtaining the National PokéDex,,,
tauros,tauros,brilliant-diamond-shining-pearl,brilliant-diamond;shining-pearl,sunlit-cavern,walking-around,16 - 63,varies,,Added after obtaining the National PokéDex,,,
tauros,tauros,brilliant-diamond-shining-pearl,brilliant-diamond;shining-pearl,whiteout-cave,walking-around,16 - 63,varies,,Added after obtaining the National PokéDex,,,
teddiursa,teddiursa,brilliant-diamond-shining-pearl,shining-pearl,glacial-cavern,walking-around,16 - 63,varies,,Added after obtaining the National PokéDex,,,
teddiursa,teddiursa,brilliant-diamond-shining-pearl,shining-pearl,glacial-cavern,walking-around,16 - 63,10%,,,,,
teddiursa,teddiursa,brilliant-diamond-shining-pearl,shining-pearl,grassland-cave,walking-around,16 - 63,varies,,Added after obtaining the National PokéDex,,,
teddiursa,teddiursa,brilliant-diamond-shining-pearl,shining-pearl,icy-cave,walking-around,16 - 63,varies,,Added after obtaining the National PokéDex,,,
teddiursa,teddiursa,brilliant-diamond-shining-pearl,shining-pearl,rocky-cave,walking-around,16 - 63,30%,,,,,
teddiursa,teddiursa,brilliant-diamond-shining-pearl,shining-pearl,spacious-cave,walking-around,16 - 63,varies,,Added after obtaining the National PokéDex,,,
teddiursa,teddiursa,brilliant-diamond-shining-pearl,shining-pearl,sunlit-cavern,walking-around,16 - 63,varies,,Added after obtaining the National PokéDex,,,
teddiursa,teddiursa,brilliant-diamond-shining-pearl,shining-pearl,sunlit-cavern,walking-around,16 - 63,30%,,Added after obtaining the National PokéDex,,,
teddiursa,teddiursa,brilliant-diamond-shining-pearl,shining-pearl,whiteout-cave,walking-around,16 - 63,varies,,Added after obtaining the National PokéDex,,,
teddiursa,teddiursa,brilliant-diamond-shining-pearl,shining-pearl,whiteout-cave,walking-around,16 - 63,14.3%,,,,,
tentacool,tentacool,brilliant-diamond-shining-pearl,brilliant-diamond;shining-pearl,bogsunk-cavern,walking-around,42 - 63,varies,,Added after earning the Icicle Badge,,,
tentacool,tentacool,brilliant-diamond-shining-pearl,brilliant-diamond;shining-pearl,canalave-city,surfing,20 - 30,60%,,,,,
tentacool,tentacool,brilliant-diamond-shining-pearl,brilliant-diamond;shining-pearl,fountainspring-cave,walking-around,42 - 63,varies,,Added after earning the Icicle Badge,,,
tentacool,tentacool,brilliant-diamond-shining-pearl,brilliant-diamond;shining-pearl,fuego-ironworks,surfing,20 - 30,60%,,,,,
tentacool,tentacool,brilliant-diamond-shining-pearl,brilliant-diamond;shining-pearl,iron-island-outside,surfing,20 - 30,60%,,,,,
tentacool,tentacool,brilliant-diamond-shining-pearl,brilliant-diamond;shining-pearl,pastoria-city,surfing,20 - 30,60%,,,,,
tentacool,tentacool,brilliant-diamond-shining-pearl,brilliant-diamond;shining-pearl,riverbank-cave,walking-around,42 - 63,varies,,Added after earning the Icicle Badge,,,
tentacool,tentacool,brilliant-diamond-shining-pearl,brilliant-diamond;shining-pearl,route-205-sinnoh-southern-part,surfing,20 - 30,60%,,,,,
tentacool,tentacool,brilliant-diamond-shining-pearl,brilliant-diamond;shining-pearl,route-213-sinnoh,surfing,20 - 30,60%,,,,,
tentacool,tentacool,brilliant-diamond-shining-pearl,brilliant-diamond;shining-pearl,route-218-sinnoh,surfing,20 - 30,60%,,,,,
tentacool,tentacool,brilliant-diamond-shining-pearl,brilliant-diamond;shining-pearl,route-219-sinnoh,surfing,20 - 30,60%,,,,,
tentacool,tentacool,brilliant-diamond-shining-pearl,brilliant-diamond;shining-pearl,route-220-sinnoh,surfing,20 - 30,60%,,,,,
tentacool,tentacool,brilliant-diamond-shining-pearl,brilliant-diamond;shining-pearl,route-221-sinnoh,surfing,20 - 30,60%,,,,,
tentacool,tentacool,brilliant-diamond-shining-pearl,brilliant-diamond;shining-pearl,route-222-sinnoh,surfing,20 - 30,60%,,,,,
tentacool,tentacool,brilliant-diamond-shining-pearl,brilliant-diamond;shining-pearl,still-water-cavern,walking-around,42 - 63,varies,,Added after earning the Icicle Badge,,,
tentacool,tentacool,brilliant-diamond-shining-pearl,brilliant-diamond;shining-pearl,swampy-cave,walking-around,42 - 63,varies,,Added after earning the Icicle Badge,,,
tentacool,tentacool,brilliant-diamond-shining-pearl,brilliant-diamond;shining-pearl,valley-windworks,surfing,20 - 30,60%,,,,,
tentacruel,tentacruel,brilliant-diamond-shining-pearl,brilliant-diamond;shining-pearl,bogsunk-cavern,walking-around,42 - 63,varies,,Added after earning the Icicle Badge,,,
tentacruel,tentacruel,brilliant-diamond-shining-pearl,brilliant-diamond;shining-pearl,canalave-city,surfing,20 - 40,5%,,,,,
tentacruel,tentacruel,brilliant-diamond-shining-pearl,brilliant-diamond;shining-pearl,fountainspring-cave,walking-around,42 - 63,varies,,Added after earning the Icicle Badge,,,
tentacruel,tentacruel,brilliant-diamond-shining-pearl,brilliant-diamond;shining-pearl,fuego-ironworks,surfing,20 - 40,5%,,,,,
tentacruel,tentacruel,brilliant-diamond-shining-pearl,brilliant-diamond;shining-pearl,iron-island-outside,surfing,20 - 40,5%,,,,,
tentacruel,tentacruel,brilliant-diamond-shining-pearl,brilliant-diamond;shining-pearl,pastoria-city,surfing,20 - 40,5%,,,,,
tentacruel,tentacruel,brilliant-diamond-shining-pearl,brilliant-diamond;shining-pearl,pokemon-league-sinnoh,surfing,35 - 45,65%,,,,,
tentacruel,tentacruel,brilliant-diamond-shining-pearl,brilliant-diamond;shining-pearl,riverbank-cave,walking-around,42 - 63,varies,,Added after earning the Icicle Badge,,,
tentacruel,tentacruel,brilliant-diamond-shining-pearl,brilliant-diamond;shining-pearl,route-205-sinnoh-southern-part,surfing,20 - 40,5%,,,,,
tentacruel,tentacruel,brilliant-diamond-shining-pearl,brilliant-diamond;shining-pearl,route-213-sinnoh,surfing,20 - 40,5%,,,,,
tentacruel,tentacruel,brilliant-diamond-shining-pearl,brilliant-diamond;shining-pearl,route-218-sinnoh,surfing,20 - 40,5%,,,,,
tentacruel,tentacruel,brilliant-diamond-shining-pearl,brilliant-diamond;shining-pearl,route-219-sinnoh,surfing,20 - 40,5%,,,,,
tentacruel,tentacruel,brilliant-diamond-shining-pearl,brilliant-diamond;shining-pearl,route-220-sinnoh,surfing,20 - 40,5%,,,,,
tentacruel,tentacruel,brilliant-diamond-shining-pearl,brilliant-diamond;shining-pearl,route-221-sinnoh,surfing,20 - 40,5%,,,,,
tentacruel,tentacruel,brilliant-diamond-shining-pearl,brilliant-diamond;shining-pearl,route-222-sinnoh,surfing,20 - 40,5%,,,,,
tentacruel,tentacruel,brilliant-diamond-shining-pearl,brilliant-diamond;shining-pearl,route-223-sinnoh,surfing,35 - 45,60%,,,,,
tentacruel,tentacruel,brilliant-diamond-shining-pearl,brilliant-diamond;shining-pearl,route-224-sinnoh,surfing,40 - 55,35%,,,,,
tentacruel,tentacruel,brilliant-diamond-shining-pearl,brilliant-diamond;shining-pearl,route-226-sinnoh,surfing,40 - 55,5%,,,,,
tentacruel,tentacruel,brilliant-diamond-shining-pearl,brilliant-diamond;shining-pearl,route-230-sinnoh,surfing,40 - 55,5%,,,,,
tentacruel,tentacruel,brilliant-diamond-shining-pearl,brilliant-diamond;shining-pearl,still-water-cavern,walking-around,42 - 63,varies,,Added after earning the Icicle Badge,,,
tentacruel,tentacruel,brilliant-diamond-shining-pearl,brilliant-diamond;shining-pearl,sunyshore-city,surfing,35 - 45,60%,,Added after obtaining the National PokéDex,,,
tentacruel,tentacruel,brilliant-diamond-shining-pearl,brilliant-diamond;shining-pearl,swampy-cave,walking-around,42 - 63,varies,,Added after earning the Icicle Badge,,,
tentacruel,tentacruel,brilliant-diamond-shining-pearl,brilliant-diamond;shining-pearl,valley-windworks,surfing,20 - 40,5%,,,,,
togepi,togepi,brilliant-diamond-shining-pearl,brilliant-diamond;shining-pearl,dazzling-cave,walking-around,16 - 63,varies,,Added after obtaining the National PokéDex,,,
togepi,togepi,brilliant-diamond-shining-pearl,brilliant-diamond;shining-pearl,dazzling-cave,walking-around,16 - 63,5%,,,,,
togepi,togepi,brilliant-diamond-shining-pearl,brilliant-diamond;shining-pearl,fountainspring-cave,walking-around,16 - 63,10%,,,,,
togepi,togepi,brilliant-diamond-shining-pearl,brilliant-diamond;shining-pearl,route-230-sinnoh,poke-radar,"18, 23",22%,,,,,
togepi,togepi,brilliant-diamond-shining-pearl,brilliant-diamond;shining-pearl,stargleam-cavern,walking-around,16 - 63,varies,,Added after obtaining the National PokéDex,,,
togepi,togepi,brilliant-diamond-shining-pearl,brilliant-diamond;shining-pearl,stargleam-cavern,walking-around,16 - 63,5%,,Added after obtaining the National PokéDex,,,
torchic,torchic,brilliant-diamond-shining-pearl,brilliant-diamond;shining-pearl,sandsear-cave,walking-around,16 - 63,varies,,Added after obtaining the National PokéDex,,,
torchic,torchic,brilliant-diamond-shining-pearl,brilliant-diamond;shining-pearl,typhlo-cavern,walking-around,16 - 63,varies,,Added after obtaining the National PokéDex,,,
torchic,torchic,brilliant-diamond-shining-pearl,brilliant-diamond;shining-pearl,volcanic-cave,walking-around,16 - 63,varies,,Added after obtaining the National PokéDex,,,
torkoal,torkoal,brilliant-diamond-shining-pearl,brilliant-diamond;shining-pearl,sandsear-cave,walking-around,16 - 63,varies,,Added after obtaining the National PokéDex,,,
torkoal,torkoal,brilliant-diamond-shining-pearl,brilliant-diamond;shining-pearl,route-227-sinnoh,poke-radar,"24, 55",22%,,,,,
torkoal,torkoal,brilliant-diamond-shining-pearl,brilliant-diamond;shining-pearl,stark-mountain-outside,poke-radar,"24, 55",22%,,,,,
torkoal,torkoal,brilliant-diamond-shining-pearl,brilliant-diamond;shining-pearl,typhlo-cavern,walking-around,16 - 63,varies,,Added after obtaining the National PokéDex,,,
torkoal,torkoal,brilliant-diamond-shining-pearl,brilliant-diamond;shining-pearl,volcanic-cave,walking-around,16 - 63,varies,,Added after obtaining the National PokéDex,,,
totodile,totodile,brilliant-diamond-shining-pearl,brilliant-diamond;shining-pearl,fountainspring-cave,walking-around,16 - 63,varies,,Added after obtaining the National PokéDex,,,
totodile,totodile,brilliant-diamond-shining-pearl,brilliant-diamond;shining-pearl,riverbank-cave,walking-around,16 - 63,varies,,Added after obtaining the National PokéDex,,,
totodile,totodile,brilliant-diamond-shining-pearl,brilliant-diamond;shining-pearl,still-water-cavern,walking-around,16 - 63,varies,,Added after obtaining the National PokéDex,,,
toxicroak,toxicroak,brilliant-diamond-shining-pearl,brilliant-diamond;shining-pearl,great-marsh,walking-tall-grass,"22, 24, 26",10%,,"Post-National PokéDex, 1/32 selection chance",,,
trapinch,trapinch,brilliant-diamond-shining-pearl,brilliant-diamond;shining-pearl,big-bluff-cavern,walking-around,16 - 63,varies,,Added after obtaining the National PokéDex,,,
trapinch,trapinch,brilliant-diamond-shining-pearl,brilliant-diamond;shining-pearl,rocky-cave,walking-around,16 - 63,varies,,Sandshrew,,,
trapinch,trapinch,brilliant-diamond-shining-pearl,brilliant-diamond;shining-pearl,route-228-sinnoh,poke-radar,25,2%,,,,,
treecko,treecko,brilliant-diamond-shining-pearl,brilliant-diamond;shining-pearl,grassland-cave,walking-around,16 - 63,varies,,Added after obtaining the National PokéDex,,,
treecko,treecko,brilliant-diamond-shining-pearl,brilliant-diamond;shining-pearl,riverbank-cave,walking-around,16 - 63,varies,,Added after obtaining the National PokéDex,,,
treecko,treecko,brilliant-diamond-shining-pearl,brilliant-diamond;shining-pearl,still-water-cavern,walking-around,16 - 63,varies,,Added after obtaining the National PokéDex,,,
treecko,treecko,brilliant-diamond-shining-pearl,brilliant-diamond;shining-pearl,sunlit-cavern,walking-around,16 - 63,varies,,Added after obtaining the National PokéDex,,,
tropius,tropius,brilliant-diamond-shining-pearl,brilliant-diamond;shining-pearl,bogsunk-cavern,walking-around,16 - 63,varies,,Added after obtaining the National PokéDex,,,
tropius,tropius,brilliant-diamond-shining-pearl,brilliant-diamond;shining-pearl,grassland-cave,walking-around,16 - 63,varies,,Added after obtaining the National PokéDex,,,
tropius,tropius,brilliant-diamond-shining-pearl,brilliant-diamond;shining-pearl,sunlit-cavern,walking-around,16 - 63,varies,,Added after obtaining the National PokéDex,,,
tropius,tropius,brilliant-diamond-shining-pearl,brilliant-diamond;shining-pearl,swampy-cave,walking-around,16 - 63,varies,,Added after obtaining the National PokéDex,,,
turtwig,turtwig,brilliant-diamond-shining-pearl,brilliant-diamond;shining-pearl,grassland-cave,walking-around,16 - 63,5%,,Added after obtaining the National PokéDex,,,
turtwig,turtwig,brilliant-diamond-shining-pearl,brilliant-diamond;shining-pearl,lake-verity-sinnoh,npc-gift,5,one,,,,,
turtwig,turtwig,brilliant-diamond-shining-pearl,brilliant-diamond;shining-pearl,riverbank-cave,walking-around,16 - 63,varies,,Added after obtaining the National PokéDex,,,
turtwig,turtwig,brilliant-diamond-shining-pearl,brilliant-diamond;shining-pearl,still-water-cavern,walking-around,16 - 63,varies,,Added after obtaining the National PokéDex,,,
turtwig,turtwig,brilliant-diamond-shining-pearl,brilliant-diamond;shining-pearl,sunlit-cavern,walking-around,16 - 63,varies,,Added after obtaining the National PokéDex,,,
tyrogue,tyrogue,brilliant-diamond-shining-pearl,brilliant-diamond;shining-pearl,grassland-cave,walking-around,16 - 63,varies,,Added after obtaining the National PokéDex,,,
tyrogue,tyrogue,brilliant-diamond-shining-pearl,brilliant-diamond;shining-pearl,riverbank-cave,walking-around,16 - 63,varies,,Added after obtaining the National PokéDex,,,
tyrogue,tyrogue,brilliant-diamond-shining-pearl,brilliant-diamond;shining-pearl,route-208-sinnoh,poke-radar,17 - 18,22%,,,,,
tyrogue,tyrogue,brilliant-diamond-shining-pearl,brilliant-diamond;shining-pearl,route-211-sinnoh-western-part,poke-radar,12 - 14,22%,,,,,
tyrogue,tyrogue,brilliant-diamond-shining-pearl,brilliant-diamond;shining-pearl,spacious-cave,walking-around,16 - 63,varies,,Added after obtaining the National PokéDex,,,
tyrogue,tyrogue,brilliant-diamond-shining-pearl,brilliant-diamond;shining-pearl,still-water-cavern,walking-around,16 - 63,varies,,Added after obtaining the National PokéDex,,,
tyrogue,tyrogue,brilliant-diamond-shining-pearl,brilliant-diamond;shining-pearl,sunlit-cavern,walking-around,16 - 63,varies,,Added after obtaining the National PokéDex,,,
tyrogue,tyrogue,brilliant-diamond-shining-pearl,brilliant-diamond;shining-pearl,whiteout-cave,walking-around,16 - 63,varies,,Added after obtaining the National PokéDex,,,
unown,unown-a,brilliant-diamond-shining-pearl,brilliant-diamond;shining-pearl,solaceon-ruins-sinnoh-dead-end-rooms,walking-around,14 - 25,5%,,,,,
unown,unown-b,brilliant-diamond-shining-pearl,brilliant-diamond;shining-pearl,solaceon-ruins-sinnoh-dead-end-rooms,walking-around,14 - 25,5%,,,,,
unown,unown-c,brilliant-diamond-shining-pearl,brilliant-diamond;shining-pearl,solaceon-ruins-sinnoh-dead-end-rooms,walking-around,14 - 25,5%,,,,,
unown,unown-d,brilliant-diamond-shining-pearl,brilliant-diamond;shining-pearl,solaceon-ruins-sinnoh-seventh-big-room,walking-around,14 - 25,100%,,,,,
unown,unown-e,brilliant-diamond-shining-pearl,brilliant-diamond;shining-pearl,solaceon-ruins-sinnoh-fifth-big-room,walking-around,14 - 25,100%,,,,,
unown,unown-exclamation,brilliant-diamond-shining-pearl,brilliant-diamond;shining-pearl,solaceon-ruins-sinnoh-room-through-maniac-tunnel,walking-around,14 - 25,50%,,,,,
unown,unown-f,brilliant-diamond-shining-pearl,brilliant-diamond;shining-pearl,solaceon-ruins-sinnoh-second-big-room,walking-around,14 - 25,100%,,,,,
unown,unown-g,brilliant-diamond-shining-pearl,brilliant-diamond;shining-pearl,solaceon-ruins-sinnoh-dead-end-rooms,walking-around,14 - 25,5%,,,,,
unown,unown-h,brilliant-diamond-shining-pearl,brilliant-diamond;shining-pearl,solaceon-ruins-sinnoh-dead-end-rooms,walking-around,14 - 25,5%,,,,,
unown,unown-i,brilliant-diamond-shining-pearl,brilliant-diamond;shining-pearl,solaceon-ruins-sinnoh-fourth-big-room,walking-around,14 - 25,100%,,,,,
unown,unown-j,brilliant-diamond-shining-pearl,brilliant-diamond;shining-pearl,solaceon-ruins-sinnoh-dead-end-rooms,walking-around,14 - 25,5%,,,,,
unown,unown-k,brilliant-diamond-shining-pearl,brilliant-diamond;shining-pearl,solaceon-ruins-sinnoh-dead-end-rooms,walking-around,14 - 25,5%,,,,,
unown,unown-l,brilliant-diamond-shining-pearl,brilliant-diamond;shining-pearl,solaceon-ruins-sinnoh-dead-end-rooms,walking-around,14 - 25,5%,,,,,
unown,unown-m,brilliant-diamond-shining-pearl,brilliant-diamond;shining-pearl,solaceon-ruins-sinnoh-dead-end-rooms,walking-around,14 - 25,5%,,,,,
unown,unown-n,brilliant-diamond-shining-pearl,brilliant-diamond;shining-pearl,solaceon-ruins-sinnoh-sixth-big-room,walking-around,14 - 25,100%,,,,,
unown,unown-o,brilliant-diamond-shining-pearl,brilliant-diamond;shining-pearl,solaceon-ruins-sinnoh-dead-end-rooms,walking-around,14 - 25,5%,,,,,
unown,unown-p,brilliant-diamond-shining-pearl,brilliant-diamond;shining-pearl,solaceon-ruins-sinnoh-dead-end-rooms,walking-around,14 - 25,5%,,,,,
unown,unown-q,brilliant-diamond-shining-pearl,brilliant-diamond;shining-pearl,solaceon-ruins-sinnoh-dead-end-rooms,walking-around,14 - 25,5%,,,,,
unown,unown-question,brilliant-diamond-shining-pearl,brilliant-diamond;shining-pearl,solaceon-ruins-sinnoh-room-through-maniac-tunnel,walking-around,14 - 25,50%,,,,,
unown,unown-r,brilliant-diamond-shining-pearl,brilliant-diamond;shining-pearl,solaceon-ruins-sinnoh-third-big-room,walking-around,14 - 25,100%,,,,,
unown,unown-s,brilliant-diamond-shining-pearl,brilliant-diamond;shining-pearl,solaceon-ruins-sinnoh-dead-end-rooms,walking-around,14 - 25,5%,,,,,
unown,unown-t,brilliant-diamond-shining-pearl,brilliant-diamond;shining-pearl,solaceon-ruins-sinnoh-dead-end-rooms,walking-around,14 - 25,5%,,,,,
unown,unown-u,brilliant-diamond-shining-pearl,brilliant-diamond;shining-pearl,solaceon-ruins-sinnoh-dead-end-rooms,walking-around,14 - 25,5%,,,,,
unown,unown-v,brilliant-diamond-shining-pearl,brilliant-diamond;shining-pearl,solaceon-ruins-sinnoh-dead-end-rooms,walking-around,14 - 25,5%,,,,,
unown,unown-w,brilliant-diamond-shining-pearl,brilliant-diamond;shining-pearl,solaceon-ruins-sinnoh-dead-end-rooms,walking-around,14 - 25,5%,,,,,
unown,unown-x,brilliant-diamond-shining-pearl,brilliant-diamond;shining-pearl,solaceon-ruins-sinnoh-dead-end-rooms,walking-around,14 - 25,5%,,,,,
unown,unown-y,brilliant-diamond-shining-pearl,brilliant-diamond;shining-pearl,solaceon-ruins-sinnoh-dead-end-rooms,walking-around,14 - 25,5%,,,,,
unown,unown-z,brilliant-diamond-shining-pearl,brilliant-diamond;shining-pearl,solaceon-ruins-sinnoh-dead-end-rooms,walking-around,14 - 25,5%,,,,,
uxie,uxie,brilliant-diamond-shining-pearl,brilliant-diamond;shining-pearl,lake-acuity-sinnoh,special-encounter,50,one,,Appears after dealing with {Dialga;POKEMON;dialga} {Brilliant Diamond;GAME;brilliant-diamond} / {Palkia;POKEMON;palkia} {Shining Pearl;GAME;shining-pearl}. Respawns after entering the Hall of Fame if run from or defeated,,,
venomoth,venomoth,brilliant-diamond-shining-pearl,brilliant-diamond;shining-pearl,bogsunk-cavern,walking-around,16 - 63,varies,,Added after obtaining the National PokéDex,,,
venomoth,venomoth,brilliant-diamond-shining-pearl,brilliant-diamond;shining-pearl,grassland-cave,walking-around,16 - 63,varies,,Added after obtaining the National PokéDex,,,
venomoth,venomoth,brilliant-diamond-shining-pearl,brilliant-diamond;shining-pearl,riverbank-cave,walking-around,16 - 63,varies,,Added after obtaining the National PokéDex,,,
venomoth,venomoth,brilliant-diamond-shining-pearl,brilliant-diamond;shining-pearl,route-229-sinnoh,poke-radar,50,20%,,,,,
venomoth,venomoth,brilliant-diamond-shining-pearl,brilliant-diamond;shining-pearl,spacious-cave,walking-around,16 - 63,varies,,Added after obtaining the National PokéDex,,,
venomoth,venomoth,brilliant-diamond-shining-pearl,brilliant-diamond;shining-pearl,still-water-cavern,walking-around,16 - 63,varies,,Added after obtaining the National PokéDex,,,
venomoth,venomoth,brilliant-diamond-shining-pearl,brilliant-diamond;shining-pearl,sunlit-cavern,walking-around,16 - 63,varies,,Added after obtaining the National PokéDex,,,
venomoth,venomoth,brilliant-diamond-shining-pearl,brilliant-diamond;shining-pearl,swampy-cave,walking-around,16 - 63,varies,,Added after obtaining the National PokéDex,,,
venonat,venonat,brilliant-diamond-shining-pearl,brilliant-diamond;shining-pearl,bogsunk-cavern,walking-around,16 - 63,varies,,Added after obtaining the National PokéDex,,,
venonat,venonat,brilliant-diamond-shining-pearl,brilliant-diamond;shining-pearl,grassland-cave,walking-around,16 - 63,varies,,Added after obtaining the National PokéDex,,,
venonat,venonat,brilliant-diamond-shining-pearl,brilliant-diamond;shining-pearl,riverbank-cave,walking-around,16 - 63,varies,,Added after obtaining the National PokéDex,,,
venonat,venonat,brilliant-diamond-shining-pearl,brilliant-diamond;shining-pearl,route-229-sinnoh,poke-radar,22,2%,,,,,
venonat,venonat,brilliant-diamond-shining-pearl,brilliant-diamond;shining-pearl,spacious-cave,walking-around,16 - 63,varies,,Added after obtaining the National PokéDex,,,
venonat,venonat,brilliant-diamond-shining-pearl,brilliant-diamond;shining-pearl,still-water-cavern,walking-around,16 - 63,varies,,Added after obtaining the National PokéDex,,,
venonat,venonat,brilliant-diamond-shining-pearl,brilliant-diamond;shining-pearl,sunlit-cavern,walking-around,16 - 63,varies,,Added after obtaining the National PokéDex,,,
venonat,venonat,brilliant-diamond-shining-pearl,brilliant-diamond;shining-pearl,swampy-cave,walking-around,16 - 63,varies,,Added after obtaining the National PokéDex,,,
vibrava,vibrava,brilliant-diamond-shining-pearl,brilliant-diamond;shining-pearl,big-bluff-cavern,walking-around,16 - 63,varies,,Added after obtaining the National PokéDex,,,
vibrava,vibrava,brilliant-diamond-shining-pearl,brilliant-diamond;shining-pearl,grassland-cave,walking-around,16 - 63,varies,,Added after obtaining the National PokéDex,,,
vibrava,vibrava,brilliant-diamond-shining-pearl,brilliant-diamond;shining-pearl,rocky-cave,walking-around,16 - 63,varies,,Sandshrew,,,
vibrava,vibrava,brilliant-diamond-shining-pearl,brilliant-diamond;shining-pearl,route-228-sinnoh,poke-radar,53 - 54,20%,,,,,
vibrava,vibrava,brilliant-diamond-shining-pearl,brilliant-diamond;shining-pearl,sunlit-cavern,walking-around,16 - 63,varies,,Added after obtaining the National PokéDex,,,
volbeat,volbeat,brilliant-diamond-shining-pearl,brilliant-diamond;shining-pearl,dazzling-cave,walking-around,16 - 63,varies,,Added after obtaining the National PokéDex,,,
volbeat,volbeat,brilliant-diamond-shining-pearl,brilliant-diamond;shining-pearl,grassland-cave,walking-around,16 - 63,varies,,Added after obtaining the National PokéDex,,,
volbeat,volbeat,brilliant-diamond-shining-pearl,brilliant-diamond,route-229-sinnoh,walking-tall-grass,50,5%,,,,,
volbeat,volbeat,brilliant-diamond-shining-pearl,shining-pearl,route-229-sinnoh,walking-tall-grass,50,10%,,,,,
volbeat,volbeat,brilliant-diamond-shining-pearl,brilliant-diamond;shining-pearl,stargleam-cavern,walking-around,16 - 63,varies,,Added after obtaining the National PokéDex,,,
volbeat,volbeat,brilliant-diamond-shining-pearl,brilliant-diamond;shining-pearl,sunlit-cavern,walking-around,16 - 63,varies,,Added after obtaining the National PokéDex,,,
voltorb,voltorb,brilliant-diamond-shining-pearl,brilliant-diamond;shining-pearl,dazzling-cave,walking-around,16 - 63,varies,,Added after obtaining the National PokéDex,,,
voltorb,voltorb,brilliant-diamond-shining-pearl,brilliant-diamond;shining-pearl,route-218-sinnoh,swarm,28,40%,,,,,
voltorb,voltorb,brilliant-diamond-shining-pearl,brilliant-diamond;shining-pearl,spacious-cave,walking-around,16 - 63,varies,,Added after obtaining the National PokéDex,,,
voltorb,voltorb,brilliant-diamond-shining-pearl,brilliant-diamond;shining-pearl,stargleam-cavern,walking-around,16 - 63,varies,,Added after obtaining the National PokéDex,,,
vulpix,vulpix,brilliant-diamond-shining-pearl,shining-pearl,sandsear-cave,walking-around,16 - 63,varies,,Added after obtaining the National PokéDex,,,
vulpix,vulpix,brilliant-diamond-shining-pearl,shining-pearl,spacious-cave,walking-around,16 - 63,varies,,Added after obtaining the National PokéDex,,,
vulpix,vulpix,brilliant-diamond-shining-pearl,shining-pearl,typhlo-cavern,walking-around,16 - 63,varies,,Added after obtaining the National PokéDex,,,
vulpix,vulpix,brilliant-diamond-shining-pearl,shining-pearl,volcanic-cave,walking-around,16 - 63,varies,,Added after obtaining the National PokéDex,,,
wailmer,wailmer,brilliant-diamond-shining-pearl,brilliant-diamond;shining-pearl,route-223-sinnoh,fishing-super-rod,30 - 40,40%,,,,,
wailmer,wailmer,brilliant-diamond-shining-pearl,brilliant-diamond;shining-pearl,route-230-sinnoh,fishing-super-rod,30 - 40,40%,,,,,
wailord,wailord,brilliant-diamond-shining-pearl,brilliant-diamond;shining-pearl,route-223-sinnoh,fishing-super-rod,35 - 55,5%,,,,,
wailord,wailord,brilliant-diamond-shining-pearl,brilliant-diamond;shining-pearl,route-230-sinnoh,fishing-super-rod,35 - 55,5%,,,,,
walrein,walrein,brilliant-diamond-shining-pearl,brilliant-diamond;shining-pearl,glacial-cavern,walking-around,16 - 63,varies,,Added after obtaining the National PokéDex,,,
walrein,walrein,brilliant-diamond-shining-pearl,brilliant-diamond;shining-pearl,icy-cave,walking-around,16 - 63,varies,,Added after obtaining the National PokéDex,,,
walrein,walrein,brilliant-diamond-shining-pearl,brilliant-diamond;shining-pearl,whiteout-cave,walking-around,16 - 63,varies,,Added after obtaining the National PokéDex,,,
weedle,weedle,brilliant-diamond-shining-pearl,shining-pearl,bogsunk-cavern,walking-around,16 - 63,varies,,Added after obtaining the National PokéDex,,,
weedle,weedle,brilliant-diamond-shining-pearl,shining-pearl,grassland-cave,walking-around,16 - 63,5%,,Added after obtaining the National PokéDex,,,
weedle,weedle,brilliant-diamond-shining-pearl,shining-pearl,riverbank-cave,walking-around,16 - 63,varies,,Added after obtaining the National PokéDex,,,
weedle,weedle,brilliant-diamond-shining-pearl,shining-pearl,spacious-cave,walking-around,16 - 63,varies,,Added after obtaining the National PokéDex,,,
weedle,weedle,brilliant-diamond-shining-pearl,shining-pearl,still-water-cavern,walking-around,16 - 63,varies,,Added after obtaining the National PokéDex,,,
weedle,weedle,brilliant-diamond-shining-pearl,shining-pearl,sunlit-cavern,walking-around,16 - 63,varies,,Added after obtaining the National PokéDex,,,
weedle,weedle,brilliant-diamond-shining-pearl,shining-pearl,swampy-cave,walking-around,16 - 63,varies,,Added after obtaining the National PokéDex,,,
weepinbell,weepinbell,brilliant-diamond-shining-pearl,brilliant-diamond;shining-pearl,bogsunk-cavern,walking-around,16 - 63,varies,,Added after obtaining the National PokéDex,,,
weepinbell,weepinbell,brilliant-diamond-shining-pearl,brilliant-diamond;shining-pearl,grassland-cave,walking-around,16 - 63,varies,,Added after obtaining the National PokéDex,,,
weepinbell,weepinbell,brilliant-diamond-shining-pearl,brilliant-diamond;shining-pearl,riverbank-cave,walking-around,16 - 63,varies,,Added after obtaining the National PokéDex,,,
weepinbell,weepinbell,brilliant-diamond-shining-pearl,brilliant-diamond;shining-pearl,route-224-sinnoh,walking-tall-grass,53,5%,,,,,
weepinbell,weepinbell,brilliant-diamond-shining-pearl,brilliant-diamond;shining-pearl,route-229-sinnoh,walking-tall-grass,52,,,,,,10%
weepinbell,weepinbell,brilliant-diamond-shining-pearl,brilliant-diamond;shining-pearl,route-229-sinnoh,walking-tall-grass,51,20%,,,,,
weepinbell,weepinbell,brilliant-diamond-shining-pearl,brilliant-diamond;shining-pearl,route-230-sinnoh,walking-tall-grass,50,20%,,,,,
weepinbell,weepinbell,brilliant-diamond-shining-pearl,brilliant-diamond;shining-pearl,still-water-cavern,walking-around,16 - 63,varies,,Added after obtaining the National PokéDex,,,
weepinbell,weepinbell,brilliant-diamond-shining-pearl,brilliant-diamond;shining-pearl,sunlit-cavern,walking-around,16 - 63,varies,,Added after obtaining the National PokéDex,,,
weepinbell,weepinbell,brilliant-diamond-shining-pearl,brilliant-diamond;shining-pearl,swampy-cave,walking-around,16 - 63,varies,,Added after obtaining the National PokéDex,,,
weezing,weezing,brilliant-diamond-shining-pearl,brilliant-diamond;shining-pearl,bogsunk-cavern,walking-around,16 - 63,varies,,Added after obtaining the National PokéDex,,,
weezing,weezing,brilliant-diamond-shining-pearl,brilliant-diamond;shining-pearl,route-227-sinnoh,walking-tall-grass,55,10%,,,,,
weezing,weezing,brilliant-diamond-shining-pearl,brilliant-diamond;shining-pearl,stark-mountain-outside,walking-tall-grass,55,10%,,,,,
weezing,weezing,brilliant-diamond-shining-pearl,brilliant-diamond;shining-pearl,stark-mountain-inside-1,walking-around,56,10%,,,,,
weezing,weezing,brilliant-diamond-shining-pearl,brilliant-diamond;shining-pearl,stark-mountain-inside-2,walking-around,58,10%,,,,,
weezing,weezing,brilliant-diamond-shining-pearl,brilliant-diamond;shining-pearl,swampy-cave,walking-around,16 - 63,varies,,Added after obtaining the National PokéDex,,,
whiscash,whiscash,brilliant-diamond-shining-pearl,brilliant-diamond;shining-pearl,bogsunk-cavern,walking-around,50 - 63,varies,,Added after obtaining TM99 (Waterfall),,,
whiscash,whiscash,brilliant-diamond-shining-pearl,brilliant-diamond;shining-pearl,celestic-town,fishing-super-rod,40 - 55,15%,,,,,
whiscash,whiscash,brilliant-diamond-shining-pearl,brilliant-diamond;shining-pearl,eterna-city,fishing-super-rod,20 - 50,45%,,,,,
whiscash,whiscash,brilliant-diamond-shining-pearl,brilliant-diamond;shining-pearl,fountainspring-cave,walking-around,50 - 63,varies,,Added after obtaining TM99 (Waterfall),,,
whiscash,whiscash,brilliant-diamond-shining-pearl,brilliant-diamond;shining-pearl,great-marsh,fishing-super-rod,30 - 55,40%,,,,,
whiscash,whiscash,brilliant-diamond-shining-pearl,brilliant-diamond;shining-pearl,mount-coronet-southern-1f-oreburgh-city-hearthome-city-side,fishing-super-rod,20 - 50,45%,,,,,
whiscash,whiscash,brilliant-diamond-shining-pearl,brilliant-diamond;shining-pearl,mount-coronet-b1f,fishing-super-rod,20 - 50,45%,,,,,
whiscash,whiscash,brilliant-diamond-shining-pearl,brilliant-diamond;shining-pearl,oreburgh-gate-b1f,fishing-super-rod,20 - 50,45%,,,,,
whiscash,whiscash,brilliant-diamond-shining-pearl,brilliant-diamond;shining-pearl,ravaged-path,fishing-super-rod,30 - 40,40%,,,,,
whiscash,whiscash,brilliant-diamond-shining-pearl,brilliant-diamond;shining-pearl,ravaged-path,fishing-super-rod,20 - 50,5%,,,,,
whiscash,whiscash,brilliant-diamond-shining-pearl,brilliant-diamond;shining-pearl,riverbank-cave,walking-around,50 - 63,varies,,Added after obtaining TM99 (Waterfall),,,
whiscash,whiscash,brilliant-diamond-shining-pearl,brilliant-diamond;shining-pearl,route-205-sinnoh-northern-part,fishing-super-rod,20 - 50,45%,,,,,
whiscash,whiscash,brilliant-diamond-shining-pearl,brilliant-diamond;shining-pearl,route-208-sinnoh,fishing-super-rod,20 - 50,45%,,,,,
whiscash,whiscash,brilliant-diamond-shining-pearl,brilliant-diamond;shining-pearl,route-210-sinnoh-northern-foggy-part,fishing-super-rod,20 - 50,45%,,,,,
whiscash,whiscash,brilliant-diamond-shining-pearl,brilliant-diamond;shining-pearl,route-212-sinnoh-southern-area,fishing-super-rod,20 - 50,45%,,,,,
whiscash,whiscash,brilliant-diamond-shining-pearl,brilliant-diamond;shining-pearl,route-227-sinnoh,fishing-super-rod,20 - 50,45%,,,,,
whiscash,whiscash,brilliant-diamond-shining-pearl,brilliant-diamond;shining-pearl,route-228-sinnoh,fishing-super-rod,20 - 50,45%,,,,,
whiscash,whiscash,brilliant-diamond-shining-pearl,brilliant-diamond;shining-pearl,still-water-cavern,walking-around,50 - 63,varies,,Added after obtaining TM99 (Waterfall),,,
whiscash,whiscash,brilliant-diamond-shining-pearl,brilliant-diamond;shining-pearl,swampy-cave,walking-around,50 - 63,varies,,Added after obtaining TM99 (Waterfall),,,
wingull,wingull,brilliant-diamond-shining-pearl,brilliant-diamond;shining-pearl,canalave-city,surfing,20 - 30,30%,,,,,
wingull,wingull,brilliant-diamond-shining-pearl,brilliant-diamond;shining-pearl,fountainspring-cave,walking-around,25 - 63,varies,,Added after obtaining TM97 (Defog),,,
wingull,wingull,brilliant-diamond-shining-pearl,brilliant-diamond;shining-pearl,fuego-ironworks,walking-tall-grass,29,10%,,,,,
wingull,wingull,brilliant-diamond-shining-pearl,brilliant-diamond;shining-pearl,fuego-ironworks,surfing,20 - 30,30%,,,,,
wingull,wingull,brilliant-diamond-shining-pearl,brilliant-diamond;shining-pearl,iron-island-outside,surfing,20 - 30,30%,,,,,
wingull,wingull,brilliant-diamond-shining-pearl,brilliant-diamond;shining-pearl,pastoria-city,surfing,20 - 30,30%,,,,,
wingull,wingull,brilliant-diamond-shining-pearl,brilliant-diamond;shining-pearl,riverbank-cave,walking-around,25 - 63,varies,,Added after obtaining TM97 (Defog),,,
wingull,wingull,brilliant-diamond-shining-pearl,brilliant-diamond;shining-pearl,route-205-sinnoh-southern-part,surfing,20 - 30,30%,,,,,
wingull,wingull,brilliant-diamond-shining-pearl,brilliant-diamond;shining-pearl,route-213-sinnoh,walking-tall-grass,20,,,,10%,20%,20%
wingull,wingull,brilliant-diamond-shining-pearl,brilliant-diamond;shining-pearl,route-213-sinnoh,surfing,20 - 30,30%,,,,,
wingull,wingull,brilliant-diamond-shining-pearl,brilliant-diamond;shining-pearl,route-218-sinnoh,walking-tall-grass,29,10%,,,,,
wingull,wingull,brilliant-diamond-shining-pearl,brilliant-diamond;shining-pearl,route-218-sinnoh,surfing,20 - 30,30%,,,,,
wingull,wingull,brilliant-diamond-shining-pearl,brilliant-diamond;shining-pearl,route-219-sinnoh,surfing,20 - 30,30%,,,,,
wingull,wingull,brilliant-diamond-shining-pearl,brilliant-diamond;shining-pearl,route-220-sinnoh,surfing,20 - 30,30%,,,,,
wingull,wingull,brilliant-diamond-shining-pearl,brilliant-diamond;shining-pearl,route-221-sinnoh,walking-tall-grass,29,10%,,,,,
wingull,wingull,brilliant-diamond-shining-pearl,brilliant-diamond;shining-pearl,route-221-sinnoh,surfing,20 - 30,30%,,,,,
wingull,wingull,brilliant-diamond-shining-pearl,brilliant-diamond;shining-pearl,route-222-sinnoh,walking-tall-grass,41,10%,,,,,
wingull,wingull,brilliant-diamond-shining-pearl,brilliant-diamond;shining-pearl,route-222-sinnoh,surfing,20 - 30,30%,,,,,
wingull,wingull,brilliant-diamond-shining-pearl,brilliant-diamond;shining-pearl,route-229-sinnoh,surfing,40 - 55,70%,,,,,
wingull,wingull,brilliant-diamond-shining-pearl,brilliant-diamond;shining-pearl,spacious-cave,walking-around,25 - 63,varies,,Added after obtaining TM97 (Defog),,,
wingull,wingull,brilliant-diamond-shining-pearl,brilliant-diamond;shining-pearl,still-water-cavern,walking-around,25 - 63,varies,,Added after obtaining TM97 (Defog),,,
wingull,wingull,brilliant-diamond-shining-pearl,brilliant-diamond;shining-pearl,valley-windworks,surfing,20 - 30,30%,,,,,
wobbuffet,wobbuffet,brilliant-diamond-shining-pearl,brilliant-diamond;shining-pearl,dazzling-cave,walking-around,16 - 63,varies,,Added after obtaining the National PokéDex,,,
wobbuffet,wobbuffet,brilliant-diamond-shining-pearl,brilliant-diamond;shining-pearl,lake-acuity-sinnoh,poke-radar,34 - 36,22%,,,,,
wobbuffet,wobbuffet,brilliant-diamond-shining-pearl,brilliant-diamond;shining-pearl,lake-valor-sinnoh,poke-radar,35 - 36,22%,,,,,
wobbuffet,wobbuffet,brilliant-diamond-shining-pearl,brilliant-diamond;shining-pearl,lake-verity-sinnoh,poke-radar,3 - 4,22%,,,,,
wobbuffet,wobbuffet,brilliant-diamond-shining-pearl,brilliant-diamond;shining-pearl,stargleam-cavern,walking-around,16 - 63,varies,,Added after obtaining the National PokéDex,,,
wooper,wooper,brilliant-diamond-shining-pearl,brilliant-diamond;shining-pearl,bogsunk-cavern,walking-around,25 - 63,varies,,Added after obtaining TM97 (Defog),,,
wooper,wooper,brilliant-diamond-shining-pearl,brilliant-diamond;shining-pearl,fountainspring-cave,walking-around,25 - 63,varies,,Added after obtaining TM97 (Defog),,,
wooper,wooper,brilliant-diamond-shining-pearl,brilliant-diamond;shining-pearl,great-marsh,surfing,20 - 30,60%,,,,,
wooper,wooper,brilliant-diamond-shining-pearl,brilliant-diamond;shining-pearl,great-marsh-area-1,walking-tall-grass,24,20%,,,,,
wooper,wooper,brilliant-diamond-shining-pearl,brilliant-diamond;shining-pearl,great-marsh-area-2,walking-tall-grass,24,20%,,,,,
wooper,wooper,brilliant-diamond-shining-pearl,brilliant-diamond;shining-pearl,great-marsh-area-3,walking-tall-grass,22,20%,,,,,
wooper,wooper,brilliant-diamond-shining-pearl,brilliant-diamond;shining-pearl,great-marsh-area-4,walking-tall-grass,22,20%,,,,,
wooper,wooper,brilliant-diamond-shining-pearl,brilliant-diamond;shining-pearl,great-marsh-area-5,walking-tall-grass,20,20%,,,,,
wooper,wooper,brilliant-diamond-shining-pearl,brilliant-diamond;shining-pearl,great-marsh-area-6,walking-tall-grass,20,20%,,,,,
wooper,wooper,brilliant-diamond-shining-pearl,brilliant-diamond;shining-pearl,great-marsh,walking-tall-grass,"22, 24, 26",10%,,"Pre-National PokéDex only, 2/32 selection chance",,,
wooper,wooper,brilliant-diamond-shining-pearl,brilliant-diamond;shining-pearl,route-212-sinnoh-southern-area,walking-tall-grass,18,30%,,,,,
wooper,wooper,brilliant-diamond-shining-pearl,brilliant-diamond;shining-pearl,route-212-sinnoh-southern-area,surfing,20 - 40,90%,,,,,
wooper,wooper,brilliant-diamond-shining-pearl,brilliant-diamond;shining-pearl,swampy-cave,walking-around,25 - 63,varies,,Added after obtaining TM97 (Defog),,,
wurmple,wurmple,brilliant-diamond-shining-pearl,brilliant-diamond;shining-pearl,eterna-forest,walking-tall-grass,10,20%,,,,,
wurmple,wurmple,brilliant-diamond-shining-pearl,brilliant-diamond;shining-pearl,eterna-forest,walking-tall-grass,11,,,,,10%,10%
wurmple,wurmple,brilliant-diamond-shining-pearl,brilliant-diamond;shining-pearl,grassland-cave,walking-around,16 - 63,varies,,,,,
wurmple,wurmple,brilliant-diamond-shining-pearl,brilliant-diamond;shining-pearl,riverbank-cave,walking-around,16 - 63,varies,,,,,
wurmple,wurmple,brilliant-diamond-shining-pearl,brilliant-diamond;shining-pearl,still-water-cavern,walking-around,16 - 63,varies,,,,,
wurmple,wurmple,brilliant-diamond-shining-pearl,brilliant-diamond;shining-pearl,sunlit-cavern,walking-around,16 - 63,varies,,,,,
yanma,yanma,brilliant-diamond-shining-pearl,brilliant-diamond;shining-pearl,great-marsh,walking-tall-grass,"22, 24, 26",10%,,"Post-National PokéDex, 1/32 selection chance",,,
zangoose,zangoose,brilliant-diamond-shining-pearl,brilliant-diamond,bogsunk-cavern,walking-around,16 - 63,varies,,Added after obtaining the National PokéDex,,,
zangoose,zangoose,brilliant-diamond-shining-pearl,brilliant-diamond,dazzling-cave,walking-around,16 - 63,varies,,Added after obtaining the National PokéDex,,,
zangoose,zangoose,brilliant-diamond-shining-pearl,brilliant-diamond,grassland-cave,walking-around,16 - 63,varies,,Added after obtaining the National PokéDex,,,
zangoose,zangoose,brilliant-diamond-shining-pearl,brilliant-diamond,stargleam-cavern,walking-around,16 - 63,varies,,Added after obtaining the National PokéDex,,,
zangoose,zangoose,brilliant-diamond-shining-pearl,brilliant-diamond,sunlit-cavern,walking-around,16 - 63,varies,,Added after obtaining the National PokéDex,,,
zangoose,zangoose,brilliant-diamond-shining-pearl,brilliant-diamond,swampy-cave,walking-around,16 - 63,varies,,Added after obtaining the National PokéDex,,,
zapdos,zapdos,brilliant-diamond-shining-pearl,shining-pearl,ramanas-park-kanto-room,special-encounter,70,one,,Inser the {Kanto Slate;ITEM;kanto-slate} to battle.,,,
zigzagoon,zigzagoon,brilliant-diamond-shining-pearl,brilliant-diamond;shining-pearl,big-bluff-cavern,walking-around,16 - 63,varies,,Added after obtaining the National PokéDex,,,
zigzagoon,zigzagoon,brilliant-diamond-shining-pearl,brilliant-diamond;shining-pearl,rocky-cave,walking-around,16 - 63,varies,,Sandshrew,,,
zigzagoon,zigzagoon,brilliant-diamond-shining-pearl,brilliant-diamond;shining-pearl,route-202-sinnoh,swarm,3,40%,,,,,
zigzagoon,zigzagoon,brilliant-diamond-shining-pearl,brilliant-diamond;shining-pearl,spacious-cave,walking-around,16 - 63,varies,,Added after obtaining the National PokéDex,,,
zubat,zubat,brilliant-diamond-shining-pearl,brilliant-diamond;shining-pearl,acuity-lakefront,walking-tall-grass,35,,,,10%,,
zubat,zubat,brilliant-diamond-shining-pearl,brilliant-diamond;shining-pearl,bogsunk-cavern,walking-around,16 - 63,varies,,,,,
zubat,zubat,brilliant-diamond-shining-pearl,brilliant-diamond;shining-pearl,grassland-cave,walking-around,16 - 63,varies,,,,,
zubat,zubat,brilliant-diamond-shining-pearl,brilliant-diamond;shining-pearl,iron-island-1f,walking-around,30,10%,,,,,
zubat,zubat,brilliant-diamond-shining-pearl,brilliant-diamond;shining-pearl,lost-tower-1f,walking-around,16,20%,,,,,
zubat,zubat,brilliant-diamond-shining-pearl,brilliant-diamond;shining-pearl,lost-tower-1f,walking-around,17,,,,10%,20%,20%
zubat,zubat,brilliant-diamond-shining-pearl,brilliant-diamond;shining-pearl,lost-tower-1f,walking-around,18,10%,,,,,
zubat,zubat,brilliant-diamond-shining-pearl,brilliant-diamond;shining-pearl,lost-tower-2f,walking-around,17,20%,,,,,
zubat,zubat,brilliant-diamond-shining-pearl,brilliant-diamond;shining-pearl,lost-tower-2f,walking-around,18,,,,10%,20%,20%
zubat,zubat,brilliant-diamond-shining-pearl,brilliant-diamond;shining-pearl,lost-tower-2f,walking-around,19,10%,,,,,
zubat,zubat,brilliant-diamond-shining-pearl,brilliant-diamond;shining-pearl,lost-tower-3f,walking-around,18,20%,,,,,
zubat,zubat,brilliant-diamond-shining-pearl,brilliant-diamond;shining-pearl,lost-tower-3f,walking-around,19,,,,10%,20%,20%
zubat,zubat,brilliant-diamond-shining-pearl,brilliant-diamond;shining-pearl,lost-tower-3f,walking-around,20,9%,,,,,
zubat,zubat,brilliant-diamond-shining-pearl,brilliant-diamond;shining-pearl,lost-tower-4f,walking-around,19,20%,,,,,
zubat,zubat,brilliant-diamond-shining-pearl,brilliant-diamond;shining-pearl,lost-tower-4f,walking-around,20,,,,10%,20%,20%
zubat,zubat,brilliant-diamond-shining-pearl,brilliant-diamond;shining-pearl,lost-tower-4f,walking-around,21,5%,,,,,
zubat,zubat,brilliant-diamond-shining-pearl,brilliant-diamond;shining-pearl,lost-tower-5f,walking-around,20,20%,,,,,
zubat,zubat,brilliant-diamond-shining-pearl,brilliant-diamond;shining-pearl,lost-tower-5f,walking-around,21,,,,10%,20%,20%
zubat,zubat,brilliant-diamond-shining-pearl,brilliant-diamond;shining-pearl,mount-coronet-southern-1f-oreburgh-city-hearthome-city-side,walking-around,14,,,,10%,,10%
zubat,zubat,brilliant-diamond-shining-pearl,brilliant-diamond;shining-pearl,mount-coronet-southern-1f-oreburgh-city-hearthome-city-side,walking-around,15,10%,,,,,
zubat,zubat,brilliant-diamond-shining-pearl,brilliant-diamond;shining-pearl,mount-coronet-southern-1f-oreburgh-city-hearthome-city-side,surfing,20 - 40,90%,,,,,
zubat,zubat,brilliant-diamond-shining-pearl,brilliant-diamond;shining-pearl,mount-coronet-northern-1f-room-1-eterna-city-celestic-town-side,walking-around,12,,,,10%,,10%
zubat,zubat,brilliant-diamond-shining-pearl,brilliant-diamond;shining-pearl,mount-coronet-northern-1f-room-1-eterna-city-celestic-town-side,walking-around,13,10%,,,,,
zubat,zubat,brilliant-diamond-shining-pearl,brilliant-diamond;shining-pearl,mount-coronet-b1f,surfing,20 - 40,90%,,,,,
zubat,zubat,brilliant-diamond-shining-pearl,brilliant-diamond;shining-pearl,mount-coronet-4f,surfing,20 - 40,90%,,,,,
zubat,zubat,brilliant-diamond-shining-pearl,brilliant-diamond;shining-pearl,oreburgh-gate-1f,walking-around,6,20%,,,,,
zubat,zubat,brilliant-diamond-shining-pearl,brilliant-diamond;shining-pearl,oreburgh-gate-b1f,walking-around,8 - 10,60%,,,,,
zubat,zubat,brilliant-diamond-shining-pearl,brilliant-diamond;shining-pearl,oreburgh-gate-b1f,surfing,20 - 30,60%,,,,,
zubat,zubat,brilliant-diamond-shining-pearl,brilliant-diamond;shining-pearl,oreburgh-mine-b1f,walking-around,7,20%,,,,,
zubat,zubat,brilliant-diamond-shining-pearl,brilliant-diamond;shining-pearl,oreburgh-mine-b2f,walking-around,8,20%,,,,,
zubat,zubat,brilliant-diamond-shining-pearl,brilliant-diamond;shining-pearl,ravaged-path,walking-around,4,40%,,,,,
zubat,zubat,brilliant-diamond-shining-pearl,brilliant-diamond;shining-pearl,ravaged-path,walking-around,5,20%,,,,,
zubat,zubat,brilliant-diamond-shining-pearl,brilliant-diamond;shining-pearl,ravaged-path,walking-around,6,18%,,,,,
zubat,zubat,brilliant-diamond-shining-pearl,brilliant-diamond;shining-pearl,ravaged-path,surfing,20 - 30,60%,,,,,
zubat,zubat,brilliant-diamond-shining-pearl,brilliant-diamond;shining-pearl,route-203-sinnoh,walking-tall-grass,5,,,,10%,,
zubat,zubat,brilliant-diamond-shining-pearl,brilliant-diamond;shining-pearl,route-204-sinnoh-south,walking-tall-grass,4,,,,10%,,
zubat,zubat,brilliant-diamond-shining-pearl,brilliant-diamond;shining-pearl,route-204-sinnoh-north,walking-tall-grass,6,,,,10%,,
zubat,zubat,brilliant-diamond-shining-pearl,brilliant-diamond;shining-pearl,route-206-sinnoh,walking-tall-grass,15,,,,10%,,
zubat,zubat,brilliant-diamond-shining-pearl,brilliant-diamond;shining-pearl,route-207-sinnoh,walking-tall-grass,6,,,,10%,,
zubat,zubat,brilliant-diamond-shining-pearl,brilliant-diamond;shining-pearl,route-208-sinnoh,walking-tall-grass,16,,,,20%,,
zubat,zubat,brilliant-diamond-shining-pearl,brilliant-diamond;shining-pearl,route-209-sinnoh,walking-tall-grass,16,,,,10%,,
zubat,zubat,brilliant-diamond-shining-pearl,brilliant-diamond;shining-pearl,route-211-sinnoh-western-part,walking-tall-grass,12,,,,10%,,
zubat,zubat,brilliant-diamond-shining-pearl,brilliant-diamond;shining-pearl,route-211-sinnoh-eastern-part,walking-tall-grass,26,,,,10%,,
zubat,zubat,brilliant-diamond-shining-pearl,brilliant-diamond;shining-pearl,route-216-sinnoh,walking-tall-grass,33,,,,10%,,
zubat,zubat,brilliant-diamond-shining-pearl,brilliant-diamond;shining-pearl,route-217-sinnoh,walking-tall-grass,35,,,,10%,,
zubat,zubat,brilliant-diamond-shining-pearl,brilliant-diamond;shining-pearl,spacious-cave,walking-around,16 - 63,varies,,,,,
zubat,zubat,brilliant-diamond-shining-pearl,brilliant-diamond;shining-pearl,sunlit-cavern,walking-around,16 - 63,varies,,,,,
zubat,zubat,brilliant-diamond-shining-pearl,brilliant-diamond;shining-pearl,swampy-cave,walking-around,16 - 63,varies,,,,,
zubat,zubat,brilliant-diamond-shining-pearl,brilliant-diamond;shining-pearl,wayward-cave-1f,walking-around,14 - 16,45%,,,,,
zubat,zubat,brilliant-diamond-shining-pearl,brilliant-diamond;shining-pearl,wayward-cave-b1f,walking-around,15 - 17,35%,,,,,
