pokemon,form,version_group,versions,location_area,method,levels,during_any_time,while_weather_overall,boulder_required,alpha_levels,during_morning,during_day,during_evening,note,during_night,rate_overall,while_blizzard,while_clear,while_harsh_sunlight,while_cloudy
abomasnow,abomasnow,legends-arceus,legends-arceus,arenas-approach,symbol-encounter,49 - 52,true,true,true,64 - 67,,,,,,,,,,
abomasnow,abomasnow,legends-arceus,legends-arceus,avaluggs-legacy,symbol-encounter,49 - 52,true,true,true,64 - 67,,,,,,,,,,
abomasnow,abomasnow,legends-arceus,legends-arceus,bonechill-wastes,symbol-encounter,49 - 52,true,true,,64 - 67,,,,,,,,,,
abomasnow,abomasnow,legends-arceus,legends-arceus,bonechill-wastes,symbol-encounter,,true,true,,68,,,,,,,,,,
abomasnow,abomasnow,legends-arceus,legends-arceus,glacier-terrace,symbol-encounter,49 - 52,true,true,,64 - 67,,,,,,,,,,
abomasnow,abomasnow,legends-arceus,legends-arceus,glacier-terrace,swarm,54 - 56,true,true,,69 - 71,,,,,,,,,,
abra,abra,legends-arceus,legends-arceus,lake-acuity-hisui,symbol-encounter,12 - 15,true,true,,27 - 30,,,,,,,,,,
abra,abra,legends-arceus,legends-arceus,sandgem-flats,symbol-encounter,12 - 15,true,true,,27 - 30,,,,,,,,,,
abra,abra,legends-arceus,legends-arceus,windswept-run,symbol-encounter,9 - 12,true,true,,24 - 27,,,,,,,,,,
abra,abra,legends-arceus,legends-arceus,windswept-run,swarm,13 - 15,true,true,,28 - 30,,,,,,,,,,
aipom,aipom,legends-arceus,legends-arceus,aipom-hill,symbol-encounter,29 - 36,true,true,,44 - 51,,,,,,,,,,
aipom,aipom,legends-arceus,legends-arceus,aipom-hill,shaking-trees,30 - 32,true,true,,45 - 47,,,,,,,,,,
aipom,aipom,legends-arceus,legends-arceus,aipom-hill,swarm,32 - 34,true,true,,47 - 49,,,,,,,,,,
aipom,aipom,legends-arceus,legends-arceus,arenas-approach,symbol-encounter,47 - 50,true,true,true,62 - 65,,,,,,,,,,
aipom,aipom,legends-arceus,legends-arceus,avalanche-slopes,symbol-encounter,"50 - 52, 59 - 62",true,true,,"65 - 67, 74 - 77",,,,,,,,,,
aipom,aipom,legends-arceus,legends-arceus,avaluggs-legacy,symbol-encounter,43 - 46,true,true,true,58 - 61,,,,,,,,,,
aipom,aipom,legends-arceus,legends-arceus,avaluggs-legacy,symbol-encounter,45 - 48,,true,true,60 - 63,true,true,true,,,,,,,
aipom,aipom,legends-arceus,legends-arceus,avaluggs-legacy,swarm,22 - 24,true,true,true,37 - 39,,,,,,,,,,
aipom,aipom,legends-arceus,legends-arceus,bonechill-wastes,symbol-encounter,43 - 46,true,true,,58 - 61,,,,,,,,,,
aipom,aipom,legends-arceus,legends-arceus,glacier-terrace,symbol-encounter,49 - 52,true,true,,64 - 67,,,,,,,,,,
aipom,aipom,legends-arceus,legends-arceus,hearts-crag,symbol-encounter,"43 - 46, 53 - 56",true,true,,"58 - 61, 68 - 71",,,,,,,,,,
aipom,aipom,legends-arceus,legends-arceus,hideaway-bay,symbol-encounter,41 - 44,true,true,,56 - 59,,,,,,,,,,
aipom,aipom,legends-arceus,legends-arceus,icebound-falls,symbol-encounter,47 - 50,true,true,true,62 - 65,,,,,,,,,,
aipom,aipom,legends-arceus,legends-arceus,pearl-settlement,symbol-encounter,49 - 52,true,true,true,64 - 67,,,,,,,,,,
aipom,aipom,legends-arceus,legends-arceus,ramanas-island,symbol-encounter,24 - 27,true,true,,39 - 42,,,,,,,,,,
aipom,aipom,legends-arceus,legends-arceus,snowfall-hot-spring,symbol-encounter,47 - 50,true,true,,62 - 65,,,,,,,,,,
aipom,aipom,legends-arceus,legends-arceus,whiteout-valley,symbol-encounter,43 - 46,true,true,,58 - 61,,,,,,,,,,
alakazam,alakazam,legends-arceus,legends-arceus,crossing-slope,contact-space-time-distortion,30 - 58,true,true,,50 - 78,,,,,,,,,,
alakazam,alakazam,legends-arceus,legends-arceus,deadwood-haunt,contact-space-time-distortion,30 - 58,true,true,,50 - 78,,,,,,,,,,
alakazam,alakazam,legends-arceus,legends-arceus,ginkgo-landing,contact-space-time-distortion,30 - 58,true,true,,50 - 78,,,,,,,,,,
alakazam,alakazam,legends-arceus,legends-arceus,sandgem-flats,symbol-encounter,,true,true,,60,,,,,,,,,,
alakazam,alakazam,legends-arceus,legends-arceus,spring-path-hisui,contact-space-time-distortion,30 - 58,true,true,,50 - 78,,,,,,,,,,
alakazam,alakazam,legends-arceus,legends-arceus,windbreak-stand,contact-space-time-distortion,30 - 58,true,true,,50 - 78,,,,,,,,,,
ambipom,ambipom,legends-arceus,legends-arceus,aipom-hill,symbol-encounter,37 - 40,true,true,,52 - 55,,,,,,,,,,
ambipom,ambipom,legends-arceus,legends-arceus,aipom-hill,swarm,47 - 49,true,true,,62 - 64,,,,,,,,,,
ambipom,ambipom,legends-arceus,legends-arceus,ancient-quarry,contact-space-time-distortion,40 - 58,true,true,true,55 - 73,,,,,,,,,,
ambipom,ambipom,legends-arceus,legends-arceus,arenas-approach,symbol-encounter,47 - 50,true,true,true,62 - 65,,,,,,,,,,
ambipom,ambipom,legends-arceus,legends-arceus,avalanche-slopes,symbol-encounter,"50 - 52, 59 - 62",true,true,,"65 - 67, 74 - 77",,,,,,,,,,
ambipom,ambipom,legends-arceus,legends-arceus,avalanche-slopes,swarm,52 - 54,true,true,,67 - 69,,,,,,,,,,
ambipom,ambipom,legends-arceus,legends-arceus,avaluggs-legacy,symbol-encounter,45 - 48,,true,true,60 - 63,true,true,true,,,,,,,
ambipom,ambipom,legends-arceus,legends-arceus,bolderoll-ravine,contact-space-time-distortion,40 - 58,true,true,,55 - 73,,,,,,,,,,
ambipom,ambipom,legends-arceus,legends-arceus,celestica-ruins,contact-space-time-distortion,40 - 58,true,true,,55 - 73,,,,,,,,,,
ambipom,ambipom,legends-arceus,legends-arceus,celestica-trail,contact-space-time-distortion,40 - 58,true,true,,55 - 73,,,,,,,,,,
ambipom,ambipom,legends-arceus,legends-arceus,hearts-crag,symbol-encounter,53 - 56,true,true,,68 - 71,,,,,,,,,,
ambipom,ambipom,legends-arceus,legends-arceus,hideaway-bay,symbol-encounter,,true,true,true,50,,,,,,,,,,
ambipom,ambipom,legends-arceus,legends-arceus,icebound-falls,symbol-encounter,47 - 50,true,true,true,62 - 65,,,,,,,,,,
ambipom,ambipom,legends-arceus,legends-arceus,sacred-plaza,contact-space-time-distortion,40 - 58,true,true,,55 - 73,,,,,,,,,,
ambipom,ambipom,legends-arceus,legends-arceus,stonetooth-rows,contact-space-time-distortion,40 - 58,true,true,,55 - 73,,,,,,,,,,
arceus,arceus-normal,legends-arceus,legends-arceus,hall-of-origin,special-encounter,75,true,true,,,,,,"Can be caught while under the effects of the {Legend Plate;ITEM;legend-plate} during Mission 27: ""The Deified Pokémon"". Unlocked after completing Mission 26: ""Seeking the Remaining Plates"". Never Shiny",,,,,,
avalugg-hisui,avalugg-hisui,legends-arceus,legends-arceus,avaluggs-legacy,symbol-encounter,33 - 36,true,true,,48 - 51,,,,,,,,,,
avalugg-hisui,avalugg-hisui,legends-arceus,legends-arceus,avaluggs-legacy,swarm,51 - 53,true,true,true,66 - 68,,,,,,,,,,
azelf,azelf,legends-arceus,legends-arceus,lake-valor-hisui,special-encounter,70,true,true,,,,,,"Can be caught during Mission 21: ""The Plate of the Lakes"". Unlocked after completing Mission 20: ""The Researcher of Myths"". Respawns immediately and is never shiny.",,,,,,
barboach,barboach,legends-arceus,legends-arceus,droning-meadow,symbol-encounter,26 - 29,true,true,true,41 - 44,,,,,,,,,,
barboach,barboach,legends-arceus,legends-arceus,gapejaw-bog,symbol-encounter,"19 - 22, 26 - 29",true,true,,"34 - 37, 41 - 44",,,,,,,,,,
barboach,barboach,legends-arceus,legends-arceus,gapejaw-bog,swarm,21 - 23,true,true,true,36 - 38,,,,,,,,,,
barboach,barboach,legends-arceus,legends-arceus,lake-valor-hisui,symbol-encounter,26 - 29,true,true,,41 - 44,,,,,,,,,,
barboach,barboach,legends-arceus,legends-arceus,ursas-ring,symbol-encounter,26 - 29,true,true,true,41 - 44,,,,,,,,,,
barboach,barboach,legends-arceus,legends-arceus,wayward-cave,symbol-encounter,26 - 29,true,true,,41 - 44,,,,,,,,,,
basculin-white-striped,basculin-white-striped,legends-arceus,legends-arceus,avaluggs-legacy,symbol-encounter,49 - 52,true,true,true,64 - 67,,,,,,,,,,
basculin-white-striped,basculin-white-striped,legends-arceus,legends-arceus,avaluggs-legacy,swarm,63 - 65,true,true,true,78 - 80,,,,,,,,,,
basculin-white-striped,basculin-white-striped,legends-arceus,legends-arceus,fabled-spring,symbol-encounter,43 - 46,true,true,,58 - 61,,,,,,,,,,
basculin-white-striped,basculin-white-striped,legends-arceus,legends-arceus,firespit-island,symbol-encounter,41 - 44,true,true,true,56 - 59,,,,,,,,,,
basculin-white-striped,basculin-white-striped,legends-arceus,legends-arceus,firespit-island,swarm,36 - 38,true,true,true,51 - 53,,,,,,,,,,
basculin-white-striped,basculin-white-striped,legends-arceus,legends-arceus,hearts-crag,symbol-encounter,49 - 52,true,true,,64 - 67,,,,,,,,,,
basculin-white-striped,basculin-white-striped,legends-arceus,legends-arceus,islespy-shore,symbol-encounter,41 - 44,true,true,true,56 - 59,,,,,,,,,,
basculin-white-striped,basculin-white-striped,legends-arceus,legends-arceus,lake-acuity-hisui,symbol-encounter,53 - 56,true,true,,68 - 71,,,,,,,,,,
basculin-white-striped,basculin-white-striped,legends-arceus,legends-arceus,pearl-settlement,symbol-encounter,49 - 52,true,true,true,64 - 67,,,,,,,,,,
basculin-white-striped,basculin-white-striped,legends-arceus,legends-arceus,tranquility-cove,symbol-encounter,31 - 34,true,true,,46 - 49,,,,,,,,,,
bastiodon,bastiodon,legends-arceus,legends-arceus,ancient-quarry,contact-space-time-distortion,55 - 58,true,true,true,70 - 73,,,,,,,,,,
bastiodon,bastiodon,legends-arceus,legends-arceus,bolderoll-ravine,contact-space-time-distortion,55 - 58,true,true,,70 - 73,,,,,,,,,,
bastiodon,bastiodon,legends-arceus,legends-arceus,celestica-ruins,contact-space-time-distortion,55 - 58,true,true,,70 - 73,,,,,,,,,,
bastiodon,bastiodon,legends-arceus,legends-arceus,celestica-trail,contact-space-time-distortion,55 - 58,true,true,,70 - 73,,,,,,,,,,
bastiodon,bastiodon,legends-arceus,legends-arceus,sacred-plaza,contact-space-time-distortion,55 - 58,true,true,,70 - 73,,,,,,,,,,
bastiodon,bastiodon,legends-arceus,legends-arceus,stonetooth-rows,contact-space-time-distortion,55 - 58,true,true,,70 - 73,,,,,,,,,,
beautifly,beautifly,legends-arceus,legends-arceus,bathers-lagoon,flying,29 - 32,,true,,44 - 47,true,true,true,,,,,,,
beautifly,beautifly,legends-arceus,legends-arceus,floaro-gardens,flying,18 - 22,,true,,33 - 37,true,true,true,,,,,,,
beautifly,beautifly,legends-arceus,legends-arceus,grueling-grove,flying,15 - 18,,true,,30 - 33,true,true,true,,,,,,,
beautifly,beautifly,legends-arceus,legends-arceus,grueling-grove,swarm,22 - 24,true,true,,37 - 39,,,,,,,,,,
beautifly,beautifly,legends-arceus,legends-arceus,the-heartwood,flying,13 - 16,,true,,28 - 31,true,true,true,,,,,,,
beautifly,beautifly,legends-arceus,legends-arceus,veilstone-cape,flying,29 - 32,,true,,44 - 47,true,true,true,,,,,,,
bergmite,bergmite,legends-arceus,legends-arceus,arenas-approach,symbol-encounter,33 - 36,true,true,,48 - 51,,,,,,,,,,
bergmite,bergmite,legends-arceus,legends-arceus,arenas-approach,shaking-ore-deposits,33 - 36,true,true,,48 - 51,,,,,,,,,,
bergmite,bergmite,legends-arceus,legends-arceus,arenas-approach,contact-space-time-distortion,34 - 36,true,true,,49 - 51,,,,,,,,,,
bergmite,bergmite,legends-arceus,legends-arceus,avalanche-slopes,symbol-encounter,33 - 36,true,true,true,48 - 51,,,,,,,,,,
bergmite,bergmite,legends-arceus,legends-arceus,avalanche-slopes,shaking-ore-deposits,33 - 36,true,true,true,48 - 51,,,,,,,,,,
bergmite,bergmite,legends-arceus,legends-arceus,avaluggs-legacy,symbol-encounter,33 - 36,true,true,,48 - 51,,,,,,,,,,
bergmite,bergmite,legends-arceus,legends-arceus,avaluggs-legacy,shaking-ore-deposits,33 - 36,true,true,,48 - 51,,,,,,,,,,
bergmite,bergmite,legends-arceus,legends-arceus,bonechill-wastes,symbol-encounter,33 - 36,true,true,,48 - 51,,,,,,,,,,
bergmite,bergmite,legends-arceus,legends-arceus,bonechill-wastes,shaking-ore-deposits,33 - 36,true,true,true,48 - 51,,,,,,,,,,
bergmite,bergmite,legends-arceus,legends-arceus,crevasse-passage,symbol-encounter,33 - 36,true,true,,48 - 51,,,,,,,,,,
bergmite,bergmite,legends-arceus,legends-arceus,crevasse-passage,symbol-encounter,33 - 36,true,true,,48 - 51,,,,,,,,,,
bergmite,bergmite,legends-arceus,legends-arceus,glacier-terrace,symbol-encounter,33 - 36,true,true,true,48 - 51,,,,,,,,,,
bergmite,bergmite,legends-arceus,legends-arceus,ice-column-chamber,symbol-encounter,33 - 36,true,true,,48 - 51,,,,,,,,,,
bergmite,bergmite,legends-arceus,legends-arceus,ice-column-chamber,shaking-ore-deposits,33 - 36,true,true,,48 - 51,,,,,,,,,,
bergmite,bergmite,legends-arceus,legends-arceus,icepeak-cavern,symbol-encounter,33 - 36,true,true,,48 - 51,,,,,,,,,,
bergmite,bergmite,legends-arceus,legends-arceus,icepeak-cavern,shaking-ore-deposits,33 - 36,true,true,,48 - 51,,,,,,,,,,
bergmite,bergmite,legends-arceus,legends-arceus,secret-hollow,shaking-ore-deposits,33 - 36,true,true,,48 - 51,,,,,,,,,,
bergmite,bergmite,legends-arceus,legends-arceus,snowfall-hot-spring,shaking-ore-deposits,33 - 36,true,true,true,48 - 51,,,,,,,,,,
bergmite,bergmite,legends-arceus,legends-arceus,whiteout-valley,symbol-encounter,33 - 36,true,true,true,48 - 51,,,,,,,,,,
bergmite,bergmite,legends-arceus,legends-arceus,whiteout-valley,shaking-ore-deposits,33 - 36,true,true,,48 - 51,,,,,,,,,,
bibarel,bibarel,legends-arceus,legends-arceus,avaluggs-legacy,symbol-encounter,45 - 48,true,true,,60 - 63,,,,,,,,,,
bibarel,bibarel,legends-arceus,legends-arceus,avaluggs-legacy,swarm,52 - 54,true,true,true,67 - 69,,,,,,,,,,
bibarel,bibarel,legends-arceus,legends-arceus,droning-meadow,symbol-encounter,33 - 36,true,true,,48 - 51,,,,,,,,,,
bibarel,bibarel,legends-arceus,legends-arceus,gapejaw-bog,symbol-encounter,19 - 22,true,true,,34 - 37,,,,,,,,,,
bibarel,bibarel,legends-arceus,legends-arceus,glacier-terrace,symbol-encounter,49 - 52,,true,true,64 - 67,true,true,true,,,,,,,
bibarel,bibarel,legends-arceus,legends-arceus,spring-path-hisui,symbol-encounter,41 - 44,true,true,,56 - 59,,,,,,,,,,
bibarel,bibarel,legends-arceus,legends-arceus,tidewater-dam,symbol-encounter,15 - 18,true,true,,30 - 33,,,,,,,,,,
bibarel,bibarel,legends-arceus,legends-arceus,tidewater-dam,symbol-encounter,,true,true,,16,,,,,,,,,,
bibarel,bibarel,legends-arceus,legends-arceus,tidewater-dam,swarm,15 - 17,true,true,true,30 - 32,,,,,,,,,,
bibarel,bibarel,legends-arceus,legends-arceus,ursas-ring,symbol-encounter,27 - 30,true,true,true,42 - 45,,,,,,,,,,
bidoof,bidoof,legends-arceus,legends-arceus,aspiration-hill,symbol-encounter,2 - 4,true,true,,17 - 19,,,,,,,,,,
bidoof,bidoof,legends-arceus,legends-arceus,avaluggs-legacy,symbol-encounter,11 - 14,true,true,true,26 - 29,,,,,,,,,,
bidoof,bidoof,legends-arceus,legends-arceus,avaluggs-legacy,swarm,12 - 14,true,true,true,27 - 29,,,,,,,,,,
bidoof,bidoof,legends-arceus,legends-arceus,droning-meadow,symbol-encounter,11 - 14,true,true,,26 - 29,,,,,,,,,,
bidoof,bidoof,legends-arceus,legends-arceus,gapejaw-bog,symbol-encounter,11 - 14,true,true,,26 - 29,,,,,,,,,,
bidoof,bidoof,legends-arceus,legends-arceus,glacier-terrace,symbol-encounter,11 - 14,,true,true,26 - 29,true,true,true,,,,,,,
bidoof,bidoof,legends-arceus,legends-arceus,horseshoe-plains,symbol-encounter,2 - 6,true,true,,17 - 21,,,,,,,,,,
bidoof,bidoof,legends-arceus,legends-arceus,tidewater-dam,symbol-encounter,11 - 14,true,true,,26 - 29,,,,,,,,,,
bidoof,bidoof,legends-arceus,legends-arceus,tidewater-dam,swarm,12 - 14,true,true,true,27 - 29,,,,,,,,,,
bidoof,bidoof,legends-arceus,legends-arceus,ursas-ring,symbol-encounter,11 - 14,true,true,true,26 - 29,,,,,,,,,,
blissey,blissey,legends-arceus,legends-arceus,avalanche-slopes,symbol-encounter,59 - 62,true,true,,79 - 82,,,,,,,,,,
blissey,blissey,legends-arceus,legends-arceus,obsidian-falls,symbol-encounter,,true,true,true,62,,,,,,,,,,
bonsly,bonsly,legends-arceus,legends-arceus,celestica-ruins,shaking-ore-deposits,39 - 42,true,true,,54 - 57,,,,,,,,,,
bonsly,bonsly,legends-arceus,legends-arceus,celestica-ruins,swarm,44 - 46,true,true,true,59 - 61,,,,,,,,,,
bonsly,bonsly,legends-arceus,legends-arceus,cloudpool-ridge,symbol-encounter,25 - 28,true,true,true,40 - 43,,,,,,,,,,
bonsly,bonsly,legends-arceus,legends-arceus,cloudpool-ridge,swarm,24 - 26,true,true,,39 - 41,,,,,,,,,,
bonsly,bonsly,legends-arceus,legends-arceus,diamond-heath,shaking-ore-deposits,20 - 22,true,true,,35 - 37,,,,,,,,,,
braviary-hisui,braviary-hisui,legends-arceus,legends-arceus,lake-acuity-hisui,flying,49 - 52,true,true,true,,,,,,,,,,,
braviary-hisui,braviary-hisui,legends-arceus,legends-arceus,lake-acuity-hisui,swarm,55 - 57,true,true,,70 - 72,,,,,,,,,,
bronzong,bronzong,legends-arceus,legends-arceus,ancient-quarry,symbol-encounter,37 - 40,true,true,,52 - 55,,,,,,,,,,
bronzong,bronzong,legends-arceus,legends-arceus,celestica-ruins,symbol-encounter,39 - 42,true,true,true,54 - 57,,,,,,,,,,
bronzong,bronzong,legends-arceus,legends-arceus,celestica-ruins,swarm,42 - 44,true,true,true,57 - 59,,,,,,,,,,
bronzong,bronzong,legends-arceus,legends-arceus,clamberclaw-cliffs,symbol-encounter,37 - 40,true,true,true,52 - 55,,,,,,,,,,
bronzong,bronzong,legends-arceus,legends-arceus,clamberclaw-cliffs,symbol-encounter,,true,true,true,55,,,,,,,,,,
bronzong,bronzong,legends-arceus,legends-arceus,lake-acuity-hisui,symbol-encounter,49 - 52,true,true,,64 - 67,,,,,,,,,,
bronzong,bronzong,legends-arceus,legends-arceus,lake-acuity-hisui,swarm,55 - 57,true,true,,70 - 72,,,,,,,,,,
bronzong,bronzong,legends-arceus,legends-arceus,primeval-grotto,symbol-encounter,53 - 56,true,true,true,68 - 71,,,,,,,,,,
bronzong,bronzong,legends-arceus,legends-arceus,snowpoint-temple,symbol-encounter,49 - 52,true,true,,64 - 67,,,,,,,,,,
bronzong,bronzong,legends-arceus,legends-arceus,stonetooth-rows,symbol-encounter,43 - 46,,true,,58 - 61,true,true,true,,,,,,,
bronzor,bronzor,legends-arceus,legends-arceus,ancient-quarry,symbol-encounter,29 - 32,true,true,,44 - 47,,,,,,,,,,
bronzor,bronzor,legends-arceus,legends-arceus,ancient-quarry,shaking-ore-deposits,29 - 32,true,true,true,44 - 47,,,,,,,,,,
bronzor,bronzor,legends-arceus,legends-arceus,celestica-ruins,symbol-encounter,29 - 32,true,true,true,44 - 47,,,,,,,,,,
bronzor,bronzor,legends-arceus,legends-arceus,celestica-ruins,swarm,30 - 32,true,true,true,45 - 47,,,,,,,,,,
bronzor,bronzor,legends-arceus,legends-arceus,clamberclaw-cliffs,symbol-encounter,29 - 32,true,true,true,44 - 47,,,,,,,,,,
bronzor,bronzor,legends-arceus,legends-arceus,clamberclaw-cliffs,shaking-ore-deposits,29 - 32,true,true,,44 - 47,,,,,,,,,,
bronzor,bronzor,legends-arceus,legends-arceus,lake-acuity-hisui,symbol-encounter,29 - 32,true,true,,44 - 47,,,,,,,,,,
bronzor,bronzor,legends-arceus,legends-arceus,lake-acuity-hisui,shaking-ore-deposits,29 - 32,true,true,,44 - 47,,,,,,,,,,
bronzor,bronzor,legends-arceus,legends-arceus,lake-acuity-hisui,swarm,30 - 32,true,true,,45 - 47,,,,,,,,,,
bronzor,bronzor,legends-arceus,legends-arceus,lonely-spring,shaking-ore-deposits,29 - 32,true,true,,44 - 47,,,,,,,,,,
bronzor,bronzor,legends-arceus,legends-arceus,primeval-grotto,symbol-encounter,29 - 32,true,true,true,44 - 47,,,,,,,,,,
bronzor,bronzor,legends-arceus,legends-arceus,primeval-grotto,shaking-ore-deposits,29 - 32,true,true,,44 - 47,,,,,,,,,,
bronzor,bronzor,legends-arceus,legends-arceus,snowpoint-temple,symbol-encounter,29 - 32,true,true,,44 - 47,,,,,,,,,,
bronzor,bronzor,legends-arceus,legends-arceus,sonorous-path,shaking-ore-deposits,29 - 32,true,true,,44 - 47,,,,,,,,,,
bronzor,bronzor,legends-arceus,legends-arceus,stonetooth-rows,symbol-encounter,29 - 32,,true,,44 - 47,true,true,true,,,,,,,
bronzor,bronzor,legends-arceus,legends-arceus,wayward-wood,shaking-ore-deposits,29 - 32,true,true,,44 - 47,,,,,,,,,,
budew,budew,legends-arceus,legends-arceus,cottonsedge-prairie,symbol-encounter,33 - 36,true,true,true,48 - 51,,,,,,,,,,
budew,budew,legends-arceus,legends-arceus,fabled-spring,symbol-encounter,43 - 46,true,true,,58 - 61,,,,,,,,,,
budew,budew,legends-arceus,legends-arceus,fabled-spring,swarm,48 - 50,true,true,,63 - 65,,,,,,,,,,
budew,budew,legends-arceus,legends-arceus,gapejaw-bog,symbol-encounter,19 - 24,true,true,,34 - 39,,,,,,,,,,
budew,budew,legends-arceus,legends-arceus,golden-lowlands,symbol-encounter,17 - 20,,true,,32 - 35,true,true,true,,,,,,,
budew,budew,legends-arceus,legends-arceus,golden-lowlands,swarm,18 - 20,true,true,,33 - 35,,,,,,,,,,
buizel,buizel,legends-arceus,legends-arceus,aipom-hill,symbol-encounter,22 - 25,true,true,,37 - 40,,,,,,,,,,
buizel,buizel,legends-arceus,legends-arceus,bathers-lagoon,symbol-encounter,22 - 25,true,true,,37 - 40,,,,,,,,,,
buizel,buizel,legends-arceus,legends-arceus,bathers-lagoon,swarm,23 - 25,true,true,,38 - 40,,,,,,,,,,
buizel,buizel,legends-arceus,legends-arceus,ginkgo-landing,symbol-encounter,22 - 25,true,true,,37 - 40,,,,,,,,,,
buizel,buizel,legends-arceus,legends-arceus,horseshoe-plains,symbol-encounter,2 - 4,true,true,,17 - 19,,,,,,,,,,
buizel,buizel,legends-arceus,legends-arceus,horseshoe-plains,swarm,13 - 15,true,true,true,28 - 30,,,,,,,,,,
buizel,buizel,legends-arceus,legends-arceus,windswept-run,symbol-encounter,9 - 12,true,true,,24 - 27,,,,,,,,,,
buizel,buizel,legends-arceus,legends-arceus,worn-bridge,symbol-encounter,7 - 10,true,true,true,22 - 25,,,,,,,,,,
buneary,buneary,legends-arceus,legends-arceus,bonechill-wastes,symbol-encounter,43 - 46,true,true,,58 - 61,,,,,,,,,,
buneary,buneary,legends-arceus,legends-arceus,snowfall-hot-spring,symbol-encounter,47 - 50,true,true,,62 - 65,,,,,,,,,,
buneary,buneary,legends-arceus,legends-arceus,the-heartwood,symbol-encounter,13 - 18,true,true,,28 - 33,,,,,,,,,,
buneary,buneary,legends-arceus,legends-arceus,the-heartwood,swarm,15 - 17,true,true,true,30 - 32,,,,,,,,,,
burmy,burmy-plant,legends-arceus,legends-arceus,deertrack-heights,shaking-trees,9 - 14,true,true,,24 - 29,,,,,,,,,,
burmy,burmy-plant,legends-arceus,legends-arceus,deertrack-path,shaking-trees,7 - 10,true,true,,22 - 25,,,,,,,,,,
burmy,burmy-plant,legends-arceus,legends-arceus,grueling-grove,shaking-trees,15 - 18,true,true,,30 - 33,,,,,,,,,,
burmy,burmy-plant,legends-arceus,legends-arceus,natures-pantry,shaking-trees,9 - 12,true,true,,24 - 27,,,,,,,,,,
burmy,burmy-plant,legends-arceus,legends-arceus,obsidian-falls,shaking-trees,11 - 14,true,true,,26 - 29,,,,,,,,,,
burmy,burmy-plant,legends-arceus,legends-arceus,tidewater-dam,shaking-trees,9 - 12,true,true,,24 - 27,,,,,,,,,,
burmy,burmy-plant,legends-arceus,legends-arceus,windswept-run,shaking-trees,9 - 12,true,true,,24 - 27,,,,,,,,,,
burmy,burmy-plant,legends-arceus,legends-arceus,worn-bridge,shaking-trees,9 - 12,true,true,,24 - 27,,,,,,,,,,
burmy,burmy-sandy,legends-arceus,legends-arceus,ancient-quarry,shaking-trees,16 - 19,true,true,true,31 - 34,,,,,,,,,,
burmy,burmy-sandy,legends-arceus,legends-arceus,bolderoll-slope,shaking-trees,16 - 19,true,true,,31 - 34,,,,,,,,,,
burmy,burmy-sandy,legends-arceus,legends-arceus,celestica-ruins,shaking-trees,16 - 19,true,true,,31 - 34,,,,,,,,,,
burmy,burmy-sandy,legends-arceus,legends-arceus,celestica-trail,shaking-trees,16 - 19,true,true,true,31 - 34,,,,,,,,,,
burmy,burmy-sandy,legends-arceus,legends-arceus,clamberclaw-cliffs,shaking-trees,16 - 19,true,true,,31 - 34,,,,,,,,,,
burmy,burmy-sandy,legends-arceus,legends-arceus,cloudcap-pass,shaking-trees,16 - 19,true,true,,31 - 34,,,,,,,,,,
burmy,burmy-sandy,legends-arceus,legends-arceus,cloudpool-ridge,flying,16 - 19,true,true,true,31 - 34,,,,,,,,,,
burmy,burmy-sandy,legends-arceus,legends-arceus,cottonsedge-prairie,shaking-trees,16 - 19,true,true,,31 - 34,,,,,,,,,,
burmy,burmy-sandy,legends-arceus,legends-arceus,diamond-heath,shaking-trees,16 - 19,true,true,true,31 - 34,,,,,,,,,,
burmy,burmy-sandy,legends-arceus,legends-arceus,diamond-settlement,shaking-trees,16 - 19,true,true,true,31 - 34,,,,,,,,,,
burmy,burmy-sandy,legends-arceus,legends-arceus,droning-meadow,shaking-trees,16 - 19,true,true,true,31 - 34,,,,,,,,,,
burmy,burmy-sandy,legends-arceus,legends-arceus,fabled-spring,shaking-trees,16 - 19,true,true,,31 - 34,,,,,,,,,,
burmy,burmy-sandy,legends-arceus,legends-arceus,gapejaw-bog,shaking-trees,16 - 19,true,true,,31 - 34,,,,,,,,,,
burmy,burmy-sandy,legends-arceus,legends-arceus,golden-lowlands,shaking-trees,16 - 19,true,true,,31 - 34,,,,,,,,,,
burmy,burmy-sandy,legends-arceus,legends-arceus,heavenward-lookout,shaking-trees,16 - 19,true,true,,31 - 34,,,,,,,,,,
burmy,burmy-sandy,legends-arceus,legends-arceus,holm-of-trials,shaking-trees,16 - 19,true,true,,31 - 34,,,,,,,,,,
burmy,burmy-sandy,legends-arceus,legends-arceus,lake-valor-hisui,shaking-trees,16 - 19,true,true,true,31 - 34,,,,,,,,,,
burmy,burmy-sandy,legends-arceus,legends-arceus,sacred-plaza,shaking-trees,16 - 19,true,true,,31 - 34,,,,,,,,,,
burmy,burmy-sandy,legends-arceus,legends-arceus,scarlet-bog,shaking-trees,16 - 19,true,true,true,31 - 34,,,,,,,,,,
burmy,burmy-sandy,legends-arceus,legends-arceus,shrouded-ruins,shaking-trees,16 - 19,true,true,,31 - 34,,,,,,,,,,
burmy,burmy-sandy,legends-arceus,legends-arceus,stonetooth-rows,shaking-trees,16 - 19,true,true,,31 - 34,,,,,,,,,,
burmy,burmy-sandy,legends-arceus,legends-arceus,ursas-ring,shaking-trees,16 - 19,true,true,,31 - 34,,,,,,,,,,
burmy,burmy-trash,legends-arceus,legends-arceus,aipom-hill,shaking-trees,16 - 19,true,true,,31 - 34,,,,,,,,,,
burmy,burmy-trash,legends-arceus,legends-arceus,arenas-approach,shaking-trees,16 - 19,true,true,,31 - 34,,,,,,,,,,
burmy,burmy-trash,legends-arceus,legends-arceus,avalanche-slopes,shaking-trees,16 - 19,true,true,,31 - 34,,,,,,,,,,
burmy,burmy-trash,legends-arceus,legends-arceus,avaluggs-legacy,shaking-trees,16 - 19,true,true,true,31 - 34,,,,,,,,,,
burmy,burmy-trash,legends-arceus,legends-arceus,bathers-lagoon,shaking-trees,16 - 19,true,true,,31 - 34,,,,,,,,,,
burmy,burmy-trash,legends-arceus,legends-arceus,bonechill-wastes,shaking-trees,16 - 19,true,true,,31 - 34,,,,,,,,,,
burmy,burmy-trash,legends-arceus,legends-arceus,castaway-shore,shaking-trees,16 - 19,true,true,,31 - 34,,,,,,,,,,
burmy,burmy-trash,legends-arceus,legends-arceus,crossing-slope,shaking-trees,16 - 19,true,true,,31 - 34,,,,,,,,,,
burmy,burmy-trash,legends-arceus,legends-arceus,deadwood-haunt,shaking-trees,16 - 19,true,true,true,31 - 34,,,,,,,,,,
burmy,burmy-trash,legends-arceus,legends-arceus,firespit-island,shaking-trees,16 - 19,true,true,true,31 - 34,,,,,,,,,,
burmy,burmy-trash,legends-arceus,legends-arceus,ginkgo-landing,shaking-trees,16 - 19,true,true,,31 - 34,,,,,,,,,,
burmy,burmy-trash,legends-arceus,legends-arceus,glacier-terrace,shaking-trees,16 - 19,true,true,,31 - 34,,,,,,,,,,
burmy,burmy-trash,legends-arceus,legends-arceus,hearts-crag,shaking-trees,16 - 19,true,true,,31 - 34,,,,,,,,,,
burmy,burmy-trash,legends-arceus,legends-arceus,hideaway-bay,shaking-trees,16 - 19,true,true,,31 - 34,,,,,,,,,,
burmy,burmy-trash,legends-arceus,legends-arceus,icebound-falls,shaking-trees,16 - 19,true,true,,31 - 34,,,,,,,,,,
burmy,burmy-trash,legends-arceus,legends-arceus,islespy-shore,shaking-trees,16 - 19,true,true,true,31 - 34,,,,,,,,,,
burmy,burmy-trash,legends-arceus,legends-arceus,lake-acuity-hisui,shaking-trees,16 - 19,true,true,,31 - 34,,,,,,,,,,
burmy,burmy-trash,legends-arceus,legends-arceus,lunkers-lair,shaking-trees,16 - 19,true,true,,31 - 34,,,,,,,,,,
burmy,burmy-trash,legends-arceus,legends-arceus,pearl-settlement,shaking-trees,16 - 19,true,true,true,31 - 34,,,,,,,,,,
burmy,burmy-trash,legends-arceus,legends-arceus,sands-reach,shaking-trees,16 - 19,true,true,,31 - 34,,,,,,,,,,
burmy,burmy-trash,legends-arceus,legends-arceus,seagrass-haven,shaking-trees,16 - 19,true,true,,31 - 34,,,,,,,,,,
burmy,burmy-trash,legends-arceus,legends-arceus,spring-path-hisui,shaking-trees,16 - 19,true,true,,31 - 34,,,,,,,,,,
burmy,burmy-trash,legends-arceus,legends-arceus,tombolo-walk,shaking-trees,16 - 19,true,true,,31 - 34,,,,,,,,,,
burmy,burmy-trash,legends-arceus,legends-arceus,tranquility-cove,shaking-trees,16 - 19,true,true,,31 - 34,,,,,,,,,,
burmy,burmy-trash,legends-arceus,legends-arceus,veilstone-cape,shaking-trees,16 - 19,true,true,,31 - 34,,,,,,,,,,
burmy,burmy-trash,legends-arceus,legends-arceus,whiteout-valley,shaking-trees,16 - 19,true,true,,31 - 34,,,,,,,,,,
burmy,burmy-trash,legends-arceus,legends-arceus,windbreak-stand,shaking-trees,16 - 19,true,true,true,31 - 34,,,,,,,,,,
carnivine,carnivine,legends-arceus,legends-arceus,cloudpool-ridge,flying,25 - 28,true,true,,40 - 43,,,,,,,,,,
carnivine,carnivine,legends-arceus,legends-arceus,cottonsedge-prairie,symbol-encounter,,true,true,true,40,,,,,,,,,,
carnivine,carnivine,legends-arceus,legends-arceus,cottonsedge-prairie,flying,"25 - 28, 33 - 36",true,true,true,"40 - 43, 48 - 51",,,,,,,,,,
carnivine,carnivine,legends-arceus,legends-arceus,crossing-slope,contact-space-time-distortion,30 - 58,true,true,,45 - 73,,,,,,,,,,
carnivine,carnivine,legends-arceus,legends-arceus,deadwood-haunt,contact-space-time-distortion,30 - 58,true,true,,45 - 73,,,,,,,,,,
carnivine,carnivine,legends-arceus,legends-arceus,diamond-heath,flying,23 - 26,true,true,true,38 - 41,,,,,,,,,,
carnivine,carnivine,legends-arceus,legends-arceus,diamond-settlement,flying,17 - 20,true,true,true,32 - 35,,,,,,,,,,
carnivine,carnivine,legends-arceus,legends-arceus,gapejaw-bog,flying,17 - 22,true,true,,32 - 37,,,,,,,,,,
carnivine,carnivine,legends-arceus,legends-arceus,ginkgo-landing,contact-space-time-distortion,30 - 58,true,true,,45 - 73,,,,,,,,,,
carnivine,carnivine,legends-arceus,legends-arceus,golden-lowlands,flying,17 - 20,true,true,true,32 - 35,,,,,,,,,,
carnivine,carnivine,legends-arceus,legends-arceus,golden-lowlands,swarm,20 - 22,true,true,,35 - 37,,,,,,,,,,
carnivine,carnivine,legends-arceus,legends-arceus,holm-of-trials,flying,33 - 36,true,true,,48 - 51,,,,,,,,,,
carnivine,carnivine,legends-arceus,legends-arceus,lake-valor-hisui,flying,25 - 28,true,true,true,40 - 43,,,,,,,,,,
carnivine,carnivine,legends-arceus,legends-arceus,lonely-spring,symbol-encounter,37 - 40,true,true,,52 - 55,,,,,,,,,,
carnivine,carnivine,legends-arceus,legends-arceus,lonely-spring,symbol-encounter,,true,true,,52,,,,,,,,,,
carnivine,carnivine,legends-arceus,legends-arceus,shrouded-ruins,flying,25 - 28,true,true,,40 - 43,,,,,,,,,,
carnivine,carnivine,legends-arceus,legends-arceus,spring-path-hisui,contact-space-time-distortion,30 - 58,true,true,,45 - 73,,,,,,,,,,
carnivine,carnivine,legends-arceus,legends-arceus,windbreak-stand,contact-space-time-distortion,30 - 58,true,true,,45 - 73,,,,,,,,,,
cascoon,cascoon,legends-arceus,legends-arceus,floaro-gardens,symbol-encounter,3 - 5,,true,,18 - 20,,,,,true,,,,,
cascoon,cascoon,legends-arceus,legends-arceus,floaro-gardens,swarm,7 - 9,true,true,,22 - 24,,,,,,,,,,
cascoon,cascoon,legends-arceus,legends-arceus,horseshoe-plains,symbol-encounter,7 - 9,,true,,22 - 24,,,,,,,,,,
cascoon,cascoon,legends-arceus,legends-arceus,the-heartwood,symbol-encounter,7 - 9,,true,,22 - 24,,,,,true,,,,,
chansey,chansey,legends-arceus,legends-arceus,avalanche-slopes,symbol-encounter,59 - 62,true,true,,74 - 77,,,,,,,,,,
chansey,chansey,legends-arceus,legends-arceus,avalanche-slopes,swarm,54 - 56,true,true,,69 - 71,,,,,,,,,,
chansey,chansey,legends-arceus,legends-arceus,cottonsedge-prairie,swarm,26 - 28,true,true,,41 - 43,,,,,,,,,,
chansey,chansey,legends-arceus,legends-arceus,hideaway-bay,symbol-encounter,41 - 44,true,true,,56 - 59,,,,,,,,,,
chansey,chansey,legends-arceus,legends-arceus,horseshoe-plains,swarm,20 - 22,true,true,true,35 - 37,,,,,,,,,,
chansey,chansey,legends-arceus,legends-arceus,lonely-spring,swarm,48 - 50,true,true,true,63 - 65,,,,,,,,,,
chansey,chansey,legends-arceus,legends-arceus,obsidian-falls,symbol-encounter,41 - 44,true,true,true,56 - 59,,,,,,,,,,
chansey,chansey,legends-arceus,legends-arceus,tombolo-walk,symbol-encounter,37 - 39,true,true,true,52 - 54,,,,,,,,,,
chansey,chansey,legends-arceus,legends-arceus,tombolo-walk,symbol-encounter,,true,true,,51,,,,,,,,,,
chansey,chansey,legends-arceus,legends-arceus,tombolo-walk,swarm,37 - 39,true,true,,52 - 54,,,,,,,,,,
chatot,chatot,legends-arceus,legends-arceus,deadwood-haunt,flying,29 - 32,,true,,44 - 47,true,true,true,,,,,,,
chatot,chatot,legends-arceus,legends-arceus,deadwood-haunt,swarm,33 - 35,true,true,,48 - 50,,,,,,,,,,
cherrim,cherrim-overcast,legends-arceus,legends-arceus,bolderoll-ravine,shaking-trees,43 - 46,true,true,,58 - 61,,,,,,,,,,
cherrim,cherrim-overcast,legends-arceus,legends-arceus,gapejaw-bog,shaking-trees,25 - 28,true,true,true,40 - 43,,,,,,,,,,
cherrim,cherrim-overcast,legends-arceus,legends-arceus,lonely-spring,shaking-trees,37 - 40,true,true,,52 - 55,,,,,,,,,,
cherrim,cherrim-overcast,legends-arceus,legends-arceus,primeval-grotto,shaking-trees,53 - 56,true,true,true,68 - 71,,,,,,,,,,
cherrim,cherrim-overcast,legends-arceus,legends-arceus,the-heartwood,shaking-trees,25 - 28,true,true,true,40 - 43,,,,,,,,,,
cherubi,cherubi,legends-arceus,legends-arceus,bolderoll-ravine,shaking-trees,21 - 24,true,true,,36 - 39,,,,,,,,,,
cherubi,cherubi,legends-arceus,legends-arceus,gapejaw-bog,shaking-trees,20 - 22,true,true,true,35 - 37,,,,,,,,,,
cherubi,cherubi,legends-arceus,legends-arceus,lonely-spring,shaking-trees,21 - 24,true,true,,36 - 39,,,,,,,,,,
cherubi,cherubi,legends-arceus,legends-arceus,primeval-grotto,shaking-trees,21 - 24,true,true,true,36 - 39,,,,,,,,,,
cherubi,cherubi,legends-arceus,legends-arceus,the-heartwood,shaking-trees,15 - 18,true,true,true,30 - 33,,,,,,,,,,
cherubi,cherubi,legends-arceus,legends-arceus,the-heartwood,swarm,22 - 24,true,true,,37 - 39,,,,,,,,,,
chimchar,chimchar,legends-arceus,legends-arceus,deertrack-heights,symbol-encounter,10 - 13,true,true,,25 - 28,,,,,,,,,,
chimchar,chimchar,legends-arceus,legends-arceus,ramanas-island,symbol-encounter,10 - 13,true,true,,25 - 28,,,,,,,,,,
chimchar,chimchar,legends-arceus,legends-arceus,ramanas-island,swarm,11 - 13,true,true,,26 - 28,,,,,,,,,,
chimchar,chimchar,legends-arceus,legends-arceus,windswept-run,special-encounter,12,true,true,,,,,,"During Request 20: ""The Mysterious Will-o'-the-Wisp""",,,,,,
chimecho,chimecho,legends-arceus,legends-arceus,celestica-trail,symbol-encounter,43 - 46,true,true,,58 - 61,,,,,,,,,,
chimecho,chimecho,legends-arceus,legends-arceus,lake-acuity-hisui,symbol-encounter,49 - 52,true,true,,64 - 67,,,,,,,,,,
chimecho,chimecho,legends-arceus,legends-arceus,lake-acuity-hisui,symbol-encounter,,true,true,,65,,,,,,,,,,
chimecho,chimecho,legends-arceus,legends-arceus,lake-acuity-hisui,swarm,67 - 69,true,true,,82 - 84,,,,,,,,,,
chimecho,chimecho,legends-arceus,legends-arceus,primeval-grotto,swarm,61 - 63,true,true,true,76 - 78,,,,,,,,,,
chimecho,chimecho,legends-arceus,legends-arceus,sacred-plaza,symbol-encounter,53 - 56,true,true,,68 - 71,,,,,,,,,,
chingling,chingling,legends-arceus,legends-arceus,lake-acuity-hisui,symbol-encounter,49 - 52,true,true,,64 - 67,,,,,,,,,,
chingling,chingling,legends-arceus,legends-arceus,lake-acuity-hisui,swarm,64 - 66,true,true,,79 - 81,,,,,,,,,,
chingling,chingling,legends-arceus,legends-arceus,primeval-grotto,swarm,50 - 52,true,true,true,65 - 67,,,,,,,,,,
chingling,chingling,legends-arceus,legends-arceus,sacred-plaza,symbol-encounter,53 - 56,true,true,,68 - 71,,,,,,,,,,
clefable,clefable,legends-arceus,legends-arceus,fabled-spring,symbol-encounter,,true,true,,62,,,,,,,,,,
clefairy,clefairy,legends-arceus,legends-arceus,fabled-spring,symbol-encounter,43 - 46,true,true,,58 - 61,,,,,,,,,,
clefairy,clefairy,legends-arceus,legends-arceus,fabled-spring,swarm,51 - 53,true,true,,66 - 68,,,,,,,,,,
cleffa,cleffa,legends-arceus,legends-arceus,fabled-spring,symbol-encounter,43 - 46,true,true,,58 - 61,,,,,,,,,,
cleffa,cleffa,legends-arceus,legends-arceus,fabled-spring,swarm,48 - 50,true,true,,63 - 65,,,,,,,,,,
combee,combee,legends-arceus,legends-arceus,aipom-hill,symbol-encounter,17 - 20,true,true,,32 - 35,,,,,,,,,,
combee,combee,legends-arceus,legends-arceus,aipom-hill,shaking-trees,17 - 20,true,true,,32 - 35,,,,,,,,,,
combee,combee,legends-arceus,legends-arceus,cloudpool-ridge,symbol-encounter,17 - 20,true,true,,32 - 25,,,,,,,,,,
combee,combee,legends-arceus,legends-arceus,cloudpool-ridge,swarm,17 - 20,true,true,,32 - 25,,,,,,,,,,
combee,combee,legends-arceus,legends-arceus,cottonsedge-prairie,symbol-encounter,17 - 20,true,true,true,32 - 25,,,,,,,,,,
combee,combee,legends-arceus,legends-arceus,cottonsedge-prairie,shaking-trees,17 - 20,true,true,,32 - 25,,,,,,,,,,
combee,combee,legends-arceus,legends-arceus,droning-meadow,symbol-encounter,17 - 20,true,true,true,32 - 25,,,,,,,,,,
combee,combee,legends-arceus,legends-arceus,droning-meadow,shaking-trees,17 - 20,true,true,,32 - 25,,,,,,,,,,
combee,combee,legends-arceus,legends-arceus,grandtree-arena,shaking-trees,13 - 16,true,true,true,28 - 31,,,,,,,,,,
combee,combee,legends-arceus,legends-arceus,grueling-grove,symbol-encounter,6 - 9,true,true,,21 - 24,,,,,,,,,,
combee,combee,legends-arceus,legends-arceus,lake-valor-hisui,symbol-encounter,17 - 20,true,true,true,32 - 25,,,,,,,,,,
combee,combee,legends-arceus,legends-arceus,oreburrow-tunnel,symbol-encounter,13 - 16,true,true,true,28 - 31,,,,,,,,,,
combee,combee,legends-arceus,legends-arceus,oreburrow-tunnel,shaking-trees,13 - 16,true,true,true,28 - 31,,,,,,,,,,
combee,combee,legends-arceus,legends-arceus,ramanas-island,shaking-trees,17 - 20,true,true,,32 - 35,,,,,,,,,,
combee,combee,legends-arceus,legends-arceus,the-heartwood,symbol-encounter,15 - 18,true,true,true,30 - 33,,,,,,,,,,
combee,combee,legends-arceus,legends-arceus,the-heartwood,shaking-trees,13 - 16,true,true,,28 - 31,,,,,,,,,,
combee,combee,legends-arceus,legends-arceus,the-heartwood,swarm,18 - 20,true,true,true,33 - 35,,,,,,,,,,
cranidos,cranidos,legends-arceus,legends-arceus,ancient-quarry,contact-space-time-distortion,50 - 53,true,true,true,65 - 68,,,,,,,,,,
cranidos,cranidos,legends-arceus,legends-arceus,bolderoll-ravine,contact-space-time-distortion,50 - 53,true,true,,65 - 68,,,,,,,,,,
cranidos,cranidos,legends-arceus,legends-arceus,celestica-ruins,contact-space-time-distortion,50 - 53,true,true,,65 - 68,,,,,,,,,,
cranidos,cranidos,legends-arceus,legends-arceus,celestica-trail,contact-space-time-distortion,50 - 53,true,true,,65 - 68,,,,,,,,,,
cranidos,cranidos,legends-arceus,legends-arceus,sacred-plaza,contact-space-time-distortion,50 - 53,true,true,,65 - 68,,,,,,,,,,
cranidos,cranidos,legends-arceus,legends-arceus,stonetooth-rows,contact-space-time-distortion,50 - 53,true,true,,65 - 68,,,,,,,,,,
cresselia,cresselia,legends-arceus,legends-arceus,moonview-arena,special-encounter,70,true,true,,,,,,"Can be caught during Mission 23: ""The Plate of Firespit Island"". Unlocked after completing Mission 20: ""The Researcher of Myths"".<br/>Respawns immediately and is never Shiny",,,,,,
croagunk,croagunk,legends-arceus,legends-arceus,ancient-quarry,symbol-encounter,36 - 39,true,true,true,51 - 54,,,,,,,,,,
croagunk,croagunk,legends-arceus,legends-arceus,ancient-quarry,swarm,34 - 36,true,true,true,49 - 51,,,,,,,,,,
croagunk,croagunk,legends-arceus,legends-arceus,gapejaw-bog,symbol-encounter,19 - 24,true,true,,34 - 39,,,,,,,,,,
croagunk,croagunk,legends-arceus,legends-arceus,gapejaw-bog,swarm,21 - 23,true,true,,36 - 38,,,,,,,,,,
croagunk,croagunk,legends-arceus,legends-arceus,holm-of-trials,symbol-encounter,33 - 36,true,true,,48 - 51,,,,,,,,,,
croagunk,croagunk,legends-arceus,legends-arceus,scarlet-bog,symbol-encounter,21 - 24,true,true,,36 - 39,,,,,,,,,,
croagunk,croagunk,legends-arceus,legends-arceus,sludge-mound,symbol-encounter,21 - 24,true,true,true,36 - 39,,,,,,,,,,
crobat,crobat,legends-arceus,legends-arceus,icebound-falls,flying,49 - 52,true,true,,,,,,,,,,,,
crobat,crobat,legends-arceus,legends-arceus,wayward-cave,symbol-encounter,,true,true,,60,,,,,,,,,,
cyndaquil,cyndaquil,legends-arceus,legends-arceus,cottonsedge-prairie,contact-space-time-distortion,52 - 55,true,true,,67 - 70,,,,"After completing Mission 18: ""The Counterpart""",,,,,,
cyndaquil,cyndaquil,legends-arceus,legends-arceus,droning-meadow,contact-space-time-distortion,52 - 55,true,true,,67 - 70,,,,"After completing Mission 18: ""The Counterpart""",,,,,,
cyndaquil,cyndaquil,legends-arceus,legends-arceus,gapejaw-bog,contact-space-time-distortion,52 - 55,true,true,,67 - 70,,,,"After completing Mission 18: ""The Counterpart""",,,,,,
cyndaquil,cyndaquil,legends-arceus,legends-arceus,holm-of-trials,contact-space-time-distortion,52 - 55,true,true,,67 - 70,,,,"After completing Mission 18: ""The Counterpart""",,,,,,
darkrai,darkrai,legends-arceus,legends-arceus,clamberclaw-cliffs,special-encounter,70,true,true,,,,,,"Can be caught during Request 93: ""The Darksome Nightmare"". Unlocked after completing Mission 18: ""The Counterpart"" if the Nintendo Switch also holds save data from {BDSP;GAME;brilliant-diamond-shining-pearl}",,,,,,
dartrix,dartrix,legends-arceus,legends-arceus,ancient-quarry,contact-space-time-distortion,55 - 58,true,true,true,70 - 73,,,,"After completing Mission 18: ""The Counterpart""",,,,,,
dartrix,dartrix,legends-arceus,legends-arceus,bolderoll-ravine,contact-space-time-distortion,55 - 58,true,true,,70 - 73,,,,"After completing Mission 18: ""The Counterpart""",,,,,,
dartrix,dartrix,legends-arceus,legends-arceus,celestica-ruins,contact-space-time-distortion,55 - 58,true,true,,70 - 73,,,,"After completing Mission 18: ""The Counterpart""",,,,,,
dartrix,dartrix,legends-arceus,legends-arceus,celestica-trail,contact-space-time-distortion,55 - 58,true,true,,70 - 73,,,,"After completing Mission 18: ""The Counterpart""",,,,,,
dartrix,dartrix,legends-arceus,legends-arceus,sacred-plaza,contact-space-time-distortion,55 - 58,true,true,,70 - 73,,,,"After completing Mission 18: ""The Counterpart""",,,,,,
dartrix,dartrix,legends-arceus,legends-arceus,stonetooth-rows,contact-space-time-distortion,55 - 58,true,true,,70 - 73,,,,"After completing Mission 18: ""The Counterpart""",,,,,,
decidueye-hisui,decidueye-hisui,legends-arceus,legends-arceus,ancient-quarry,contact-space-time-distortion,60 - 63,true,true,true,80 - 83,,,,"After completing Mission 18: ""The Counterpart""",,,,,,
decidueye-hisui,decidueye-hisui,legends-arceus,legends-arceus,bolderoll-ravine,contact-space-time-distortion,60 - 63,true,true,,80 - 83,,,,"After completing Mission 18: ""The Counterpart""",,,,,,
decidueye-hisui,decidueye-hisui,legends-arceus,legends-arceus,celestica-ruins,contact-space-time-distortion,60 - 63,true,true,,80 - 83,,,,"After completing Mission 18: ""The Counterpart""",,,,,,
decidueye-hisui,decidueye-hisui,legends-arceus,legends-arceus,celestica-trail,contact-space-time-distortion,60 - 63,true,true,,80 - 83,,,,"After completing Mission 18: ""The Counterpart""",,,,,,
decidueye-hisui,decidueye-hisui,legends-arceus,legends-arceus,sacred-plaza,contact-space-time-distortion,60 - 63,true,true,,80 - 83,,,,"After completing Mission 18: ""The Counterpart""",,,,,,
decidueye-hisui,decidueye-hisui,legends-arceus,legends-arceus,stonetooth-rows,contact-space-time-distortion,60 - 63,true,true,,80 - 83,,,,"After completing Mission 18: ""The Counterpart""",,,,,,
dewott,dewott,legends-arceus,legends-arceus,arenas-approach,contact-space-time-distortion,60 - 63,true,true,,75 - 78,,,,"After completing Mission 18: ""The Counterpart""",,,,,,
dewott,dewott,legends-arceus,legends-arceus,avalanche-slopes,contact-space-time-distortion,60 - 63,true,true,,75 - 78,,,,"After completing Mission 18: ""The Counterpart""",,,,,,
dewott,dewott,legends-arceus,legends-arceus,bonechill-wastes,contact-space-time-distortion,60 - 63,true,true,,75 - 78,,,,"After completing Mission 18: ""The Counterpart""",,,,,,
dewott,dewott,legends-arceus,legends-arceus,glacier-terrace,contact-space-time-distortion,60 - 63,true,true,,75 - 78,,,,"After completing Mission 18: ""The Counterpart""",,,,,,
dewott,dewott,legends-arceus,legends-arceus,hearts-crag,contact-space-time-distortion,60 - 63,true,true,,75 - 78,,,,"After completing Mission 18: ""The Counterpart""",,,,,,
dialga,dialga,legends-arceus,legends-arceus,temple-of-sinnoh,special-encounter,65,true,true,,,,,,"Can be caught during Mission 17: ""Atop Mount Coronet"". Unlocked after completing Mission 13: ""Disaster Looming"" and picked Adaman and completes forging the {Red Chain;ITEM;red-chain}",,,,,,
dialga-origin,dialga-origin,legends-arceus,legends-arceus,temple-of-sinnoh,special-encounter,65,true,true,,,,,,"Can be caught during Mission 18: ""The Counterpart"" if the player chooses Irida during Mission 13: ""Disaster Looming""",,,,,,
drapion,drapion,legends-arceus,legends-arceus,ancient-quarry,contact-space-time-distortion,40 - 58,true,true,true,55 - 73,,,,,,,,,,
drapion,drapion,legends-arceus,legends-arceus,bolderoll-ravine,contact-space-time-distortion,40 - 58,true,true,,55 - 73,,,,,,,,,,
drapion,drapion,legends-arceus,legends-arceus,castaway-shore,swarm,42 - 44,true,true,,57 - 59,,,,,,,,,,
drapion,drapion,legends-arceus,legends-arceus,celestica-ruins,contact-space-time-distortion,40 - 58,true,true,,55 - 73,,,,,,,,,,
drapion,drapion,legends-arceus,legends-arceus,celestica-trail,contact-space-time-distortion,40 - 58,true,true,,55 - 73,,,,,,,,,,
drapion,drapion,legends-arceus,legends-arceus,ginkgo-landing,symbol-encounter,,true,true,true,45,,,,,,,,,,
drapion,drapion,legends-arceus,legends-arceus,sacred-plaza,contact-space-time-distortion,40 - 58,true,true,,55 - 73,,,,,,,,,,
drapion,drapion,legends-arceus,legends-arceus,stonetooth-rows,contact-space-time-distortion,40 - 58,true,true,,55 - 73,,,,,,,,,,
drifblim,drifblim,legends-arceus,legends-arceus,aipom-hill,symbol-encounter,31 - 36,,true,true,46 - 51,,,,,true,,,,,
drifblim,drifblim,legends-arceus,legends-arceus,avaluggs-legacy,symbol-encounter,49 - 52,,true,,64 - 67,,,,,true,,,,,
drifblim,drifblim,legends-arceus,legends-arceus,bathers-lagoon,symbol-encounter,29 - 32,,true,,44 - 47,,,,,true,,,,,
drifblim,drifblim,legends-arceus,legends-arceus,bathers-lagoon,flying,29 - 32,,true,,44 - 47,,,,,true,,,,,
drifblim,drifblim,legends-arceus,legends-arceus,bathers-lagoon,symbol-encounter,31 - 36,,true,true,46 - 51,,,,,true,,,,,
drifblim,drifblim,legends-arceus,legends-arceus,bonechill-wastes,symbol-encounter,49 - 52,,true,,64 - 67,,,,,true,,,,,
drifblim,drifblim,legends-arceus,legends-arceus,castaway-shore,flying,28 - 31,,true,true,43 - 46,,,,,true,,,,,
drifblim,drifblim,legends-arceus,legends-arceus,castaway-shore,symbol-encounter,31 - 36,,true,true,46 - 51,,,,,true,,,,,
drifblim,drifblim,legends-arceus,legends-arceus,cottonsedge-prairie,contact-space-time-distortion,28 - 63,true,true,,43 - 78,,,,,,,,,,
drifblim,drifblim,legends-arceus,legends-arceus,crossing-slope,flying,28 - 31,,true,,43 - 46,,,,,true,,,,,
drifblim,drifblim,legends-arceus,legends-arceus,deadwood-haunt,flying,29 - 32,,true,,44 - 47,,,,,true,,,,,
drifblim,drifblim,legends-arceus,legends-arceus,droning-meadow,contact-space-time-distortion,28 - 63,true,true,,43 - 78,,,,,,,,,,
drifblim,drifblim,legends-arceus,legends-arceus,firespit-island,symbol-encounter,41 - 44,,true,true,56 - 59,,,,,true,,,,,
drifblim,drifblim,legends-arceus,legends-arceus,gapejaw-bog,contact-space-time-distortion,28 - 63,true,true,,43 - 78,,,,,,,,,,
drifblim,drifblim,legends-arceus,legends-arceus,ginkgo-landing,symbol-encounter,31 - 36,,true,true,46 - 51,,,,,true,,,,,
drifblim,drifblim,legends-arceus,legends-arceus,glacier-terrace,symbol-encounter,49 - 52,,true,,64 - 67,,,,,true,,,,,
drifblim,drifblim,legends-arceus,legends-arceus,glacier-terrace,swarm,54 - 56,true,true,,69 - 71,,,,,,,,,,
drifblim,drifblim,legends-arceus,legends-arceus,hearts-crag,symbol-encounter,49 - 56,true,true,,64 - 71,,,,,,,,,,
drifblim,drifblim,legends-arceus,legends-arceus,hideaway-bay,swarm,33 - 36,,true,true,48 - 51,,,,,true,,,,,
drifblim,drifblim,legends-arceus,legends-arceus,holm-of-trials,contact-space-time-distortion,28 - 63,true,true,,43 - 78,,,,,,,,,,
drifblim,drifblim,legends-arceus,legends-arceus,islespy-shore,symbol-encounter,41 - 44,,true,true,56 - 59,,,,,true,,,,,
drifblim,drifblim,legends-arceus,legends-arceus,islespy-shore,swarm,33 - 35,true,true,true,48 - 50,,,,,,,,,,
drifblim,drifblim,legends-arceus,legends-arceus,lake-verity-hisui,symbol-encounter,"28 - 31, 41 - 44",,true,,"43 - 46, 56 - 59",,,,,true,,,,,
drifblim,drifblim,legends-arceus,legends-arceus,lake-verity-hisui,flying,41 - 44,,true,true,56 - 59,,,,,true,,,,,
drifblim,drifblim,legends-arceus,legends-arceus,lunkers-lair,symbol-encounter,31 - 34,true,true,,46 - 49,,,,,,,,,,
drifblim,drifblim,legends-arceus,legends-arceus,ramanas-island,symbol-encounter,33 - 36,,true,,48 - 51,,,,,true,,,,,
drifblim,drifblim,legends-arceus,legends-arceus,ramanas-island,flying,33 - 36,,true,,48 - 51,,,,,true,,,,,
drifblim,drifblim,legends-arceus,legends-arceus,sands-reach,flying,29 - 32,,true,,44 - 47,,,,,true,,,,,
drifblim,drifblim,legends-arceus,legends-arceus,sands-reach,symbol-encounter,31 - 34,,true,true,46 - 49,,,,,true,,,,,
drifblim,drifblim,legends-arceus,legends-arceus,sandgem-flats,symbol-encounter,28 - 31,,true,,43 - 46,,,,,true,,,,,
drifblim,drifblim,legends-arceus,legends-arceus,sandgem-flats,flying,28 - 31,,true,,43 - 46,,,,,true,,,,,
drifblim,drifblim,legends-arceus,legends-arceus,seagrass-haven,symbol-encounter,31 - 34,,true,,46 - 49,,,,,true,,,,,
drifblim,drifblim,legends-arceus,legends-arceus,tombolo-walk,symbol-encounter,33 - 36,,true,true,48 - 51,,,,,true,,,,,
drifblim,drifblim,legends-arceus,legends-arceus,tranquility-cove,symbol-encounter,31 - 34,,true,,46 - 49,,,,,true,,,,,
drifblim,drifblim,legends-arceus,legends-arceus,tranquility-cove,flying,31 - 34,,true,,46 - 49,,,,,true,,,,,
drifblim,drifblim,legends-arceus,legends-arceus,tranquility-cove,symbol-encounter,31 - 34,,true,,46 - 49,,,,,true,,,,,
drifloon,drifloon,legends-arceus,legends-arceus,aipom-hill,symbol-encounter,24 - 27,,true,true,39 - 42,,,,,true,,,,,
drifloon,drifloon,legends-arceus,legends-arceus,aspiration-hill,symbol-encounter,2 - 4,,true,,17 - 19,,,,,true,,,,,
drifloon,drifloon,legends-arceus,legends-arceus,aspiration-hill,flying,2 - 4,,true,,,,,,,true,,,,,
drifloon,drifloon,legends-arceus,legends-arceus,avaluggs-legacy,symbol-encounter,24 - 27,,true,,39 - 42,,,,,true,,,,,
drifloon,drifloon,legends-arceus,legends-arceus,bathers-lagoon,symbol-encounter,24 - 27,,true,,39 - 42,,,,,true,,,,,
drifloon,drifloon,legends-arceus,legends-arceus,bathers-lagoon,symbol-encounter,24 - 27,,true,true,39 - 42,,,,,true,,,,,
drifloon,drifloon,legends-arceus,legends-arceus,bonechill-wastes,symbol-encounter,24 - 27,,true,,39 - 42,,,,,true,,,,,
drifloon,drifloon,legends-arceus,legends-arceus,castaway-shore,flying,24 - 27,,true,true,39 - 42,,,,,true,,,,,
drifloon,drifloon,legends-arceus,legends-arceus,castaway-shore,symbol-encounter,24 - 27,,true,true,39 - 42,,,,,true,,,,,
drifloon,drifloon,legends-arceus,legends-arceus,crossing-slope,flying,24 - 27,,true,,39 - 42,,,,,true,,,,,
drifloon,drifloon,legends-arceus,legends-arceus,deadwood-haunt,flying,24 - 27,,true,,39 - 42,,,,,true,,,,,
drifloon,drifloon,legends-arceus,legends-arceus,deertrack-path,flying,7 - 10,,true,,,,,,,true,,,,,
drifloon,drifloon,legends-arceus,legends-arceus,firespit-island,symbol-encounter,24 - 27,,true,true,39 - 42,,,,,true,,,,,
drifloon,drifloon,legends-arceus,legends-arceus,floaro-gardens,symbol-encounter,4 - 8,,true,,19 - 23,,,,,true,,,,,
drifloon,drifloon,legends-arceus,legends-arceus,ginkgo-landing,symbol-encounter,24 - 27,,true,,39 - 42,,,,,true,,,,,
drifloon,drifloon,legends-arceus,legends-arceus,ginkgo-landing,symbol-encounter,24 - 27,,true,true,39 - 42,,,,,true,,,,,
drifloon,drifloon,legends-arceus,legends-arceus,glacier-terrace,symbol-encounter,24 - 27,,true,,39 - 42,,,,,true,,,,,
drifloon,drifloon,legends-arceus,legends-arceus,glacier-terrace,swarm,25 - 27,true,true,,40 - 42,,,,,,,,,,
drifloon,drifloon,legends-arceus,legends-arceus,hearts-crag,symbol-encounter,16 - 19,true,true,,31 - 34,,,,,,,,,,
drifloon,drifloon,legends-arceus,legends-arceus,hideaway-bay,symbol-encounter,24 - 27,,true,true,39 - 42,,,,,true,,,,,
drifloon,drifloon,legends-arceus,legends-arceus,horseshoe-plains,symbol-encounter,2 - 6,,true,,17 - 21,,,,,true,,,,,
drifloon,drifloon,legends-arceus,legends-arceus,horseshoe-plains,flying,2 - 4,,true,,,,,,,true,,,,,
drifloon,drifloon,legends-arceus,legends-arceus,islespy-shore,symbol-encounter,24 - 27,,true,true,39 - 42,,,,,true,,,,,
drifloon,drifloon,legends-arceus,legends-arceus,islespy-shore,swarm,26 - 28,true,true,true,41 - 43,,,,,,,,,,
drifloon,drifloon,legends-arceus,legends-arceus,lunkers-lair,symbol-encounter,24 - 27,true,true,,39 - 42,,,,,,,,,,
drifloon,drifloon,legends-arceus,legends-arceus,ramanas-island,symbol-encounter,24 - 26,,true,,39 - 41,,,,,true,,,,,
drifloon,drifloon,legends-arceus,legends-arceus,ramanas-island,flying,24 - 27,,true,,39 - 42,,,,,true,,,,,
drifloon,drifloon,legends-arceus,legends-arceus,sands-reach,flying,24 - 27,,true,,39 - 42,,,,,true,,,,,
drifloon,drifloon,legends-arceus,legends-arceus,sands-reach,symbol-encounter,24 - 27,,true,true,39 - 42,,,,,true,,,,,
drifloon,drifloon,legends-arceus,legends-arceus,seagrass-haven,symbol-encounter,24 - 27,,true,,39 - 42,,,,,true,,,,,
drifloon,drifloon,legends-arceus,legends-arceus,tombolo-walk,symbol-encounter,24 - 27,,true,true,39 - 42,,,,,true,,,,,
drifloon,drifloon,legends-arceus,legends-arceus,tranquility-cove,symbol-encounter,24 - 27,,true,,39 - 42,,,,,true,,,,,
drifloon,drifloon,legends-arceus,legends-arceus,tranquility-cove,flying,24 - 27,,true,,39 - 42,,,,,true,,,,,
drifloon,drifloon,legends-arceus,legends-arceus,tranquility-cove,symbol-encounter,24 - 27,,true,,39 - 42,,,,,true,,,,,
drifloon,drifloon,legends-arceus,legends-arceus,windswept-run,symbol-encounter,9 - 12,,true,,24 - 27,,,,,true,,,,,
drifloon,drifloon,legends-arceus,legends-arceus,worn-bridge,flying,7 - 10,,true,true,,,,,,true,,,,,
dusclops,dusclops,legends-arceus,legends-arceus,ancient-quarry,contact-space-time-distortion,37 - 55,true,true,true,52 - 70,,,,,,,,,,
dusclops,dusclops,legends-arceus,legends-arceus,arenas-approach,symbol-encounter,47 - 50,,true,,62 - 65,,,,,true,,,,,
dusclops,dusclops,legends-arceus,legends-arceus,avalanche-slopes,symbol-encounter,"47 - 52, 59 - 62",true,true,,"62 - 67, 74 - 77",,,,,,,,,,
dusclops,dusclops,legends-arceus,legends-arceus,bolderoll-ravine,contact-space-time-distortion,37 - 55,true,true,,52 - 70,,,,,,,,,,
dusclops,dusclops,legends-arceus,legends-arceus,celestica-ruins,contact-space-time-distortion,37 - 55,true,true,,52 - 70,,,,,,,,,,
dusclops,dusclops,legends-arceus,legends-arceus,celestica-trail,contact-space-time-distortion,37 - 55,true,true,,52 - 70,,,,,,,,,,
dusclops,dusclops,legends-arceus,legends-arceus,deadwood-haunt,symbol-encounter,37 - 40,,true,,52 - 55,,,,,true,,,,,
dusclops,dusclops,legends-arceus,legends-arceus,deadwood-haunt,swarm,37 - 39,true,true,,52 - 54,,,,,,,,,,
dusclops,dusclops,legends-arceus,legends-arceus,icebound-falls,symbol-encounter,47 - 50,,true,true,62 - 65,,,,,true,,,,,
dusclops,dusclops,legends-arceus,legends-arceus,icebound-falls,swarm,54 - 56,true,true,true,69 - 71,,,,,,,,,,
dusclops,dusclops,legends-arceus,legends-arceus,sacred-plaza,contact-space-time-distortion,37 - 55,true,true,,52 - 70,,,,,,,,,,
dusclops,dusclops,legends-arceus,legends-arceus,stonetooth-rows,contact-space-time-distortion,37 - 55,true,true,,52 - 70,,,,,,,,,,
dusknoir,dusknoir,legends-arceus,legends-arceus,ancient-quarry,contact-space-time-distortion,45 - 63,true,true,true,65 - 83,,,,,,,,,,
dusknoir,dusknoir,legends-arceus,legends-arceus,bolderoll-ravine,contact-space-time-distortion,45 - 63,true,true,,65 - 83,,,,,,,,,,
dusknoir,dusknoir,legends-arceus,legends-arceus,celestica-ruins,contact-space-time-distortion,45 - 63,true,true,,65 - 83,,,,,,,,,,
dusknoir,dusknoir,legends-arceus,legends-arceus,celestica-trail,contact-space-time-distortion,45 - 63,true,true,,65 - 83,,,,,,,,,,
dusknoir,dusknoir,legends-arceus,legends-arceus,deadwood-haunt,symbol-encounter,,,true,,65,,,,,true,,,,,
dusknoir,dusknoir,legends-arceus,legends-arceus,sacred-plaza,contact-space-time-distortion,45 - 63,true,true,,65 - 83,,,,,,,,,,
dusknoir,dusknoir,legends-arceus,legends-arceus,stonetooth-rows,contact-space-time-distortion,45 - 63,true,true,,65 - 83,,,,,,,,,,
duskull,duskull,legends-arceus,legends-arceus,arenas-approach,symbol-encounter,33 - 36,,true,,48 - 51,,,,,true,,,,,
duskull,duskull,legends-arceus,legends-arceus,avalanche-slopes,symbol-encounter,"33 - 36, 50 - 52",true,true,,"48 - 51, 65 - 67",,,,,,,,,,
duskull,duskull,legends-arceus,legends-arceus,deadwood-haunt,symbol-encounter,29 - 32,,true,,44 - 47,,,,,true,,,,,
duskull,duskull,legends-arceus,legends-arceus,deadwood-haunt,swarm,33 - 35,true,true,,48 - 50,,,,,,,,,,
duskull,duskull,legends-arceus,legends-arceus,icebound-falls,symbol-encounter,33 - 36,,true,true,48 - 51,,,,,true,,,,,
duskull,duskull,legends-arceus,legends-arceus,icebound-falls,swarm,34 - 36,true,true,true,49 - 51,,,,,,,,,,
dustox,dustox,legends-arceus,legends-arceus,bathers-lagoon,flying,29 - 32,,true,,44 - 47,,,,,true,,,,,
dustox,dustox,legends-arceus,legends-arceus,floaro-gardens,flying,18 - 22,,true,,33 - 37,,,,,true,,,,,
dustox,dustox,legends-arceus,legends-arceus,grueling-grove,flying,15 - 18,,true,,30 - 33,,,,,true,,,,,
dustox,dustox,legends-arceus,legends-arceus,grueling-grove,swarm,22 - 24,true,true,true,37 - 39,,,,,,,,,,
dustox,dustox,legends-arceus,legends-arceus,the-heartwood,flying,13 - 16,,true,,28 - 31,,,,,true,,,,,
dustox,dustox,legends-arceus,legends-arceus,veilstone-cape,flying,29 - 32,,true,,44 - 47,,,,,true,,,,,
eevee,eevee,legends-arceus,legends-arceus,ancient-quarry,contact-space-time-distortion,35 - 53,true,true,true,50 - 68,,,,,,,,,,
eevee,eevee,legends-arceus,legends-arceus,arenas-approach,contact-space-time-distortion,45 - 58,true,true,,60 - 73,,,,,,,,,,
eevee,eevee,legends-arceus,legends-arceus,avalanche-slopes,symbol-encounter,59 - 62,true,true,true,74 - 77,,,,,,,,,,
eevee,eevee,legends-arceus,legends-arceus,avalanche-slopes,contact-space-time-distortion,45 - 58,true,true,,60 - 73,,,,,,,,,,
eevee,eevee,legends-arceus,legends-arceus,avaluggs-legacy,symbol-encounter,45 - 48,true,true,true,60 - 63,,,,,,,,,,
eevee,eevee,legends-arceus,legends-arceus,avaluggs-legacy,swarm,52 - 54,true,true,true,67 - 69,,,,,,,,,,
eevee,eevee,legends-arceus,legends-arceus,bolderoll-ravine,contact-space-time-distortion,35 - 53,true,true,,50 - 68,,,,,,,,,,
eevee,eevee,legends-arceus,legends-arceus,bonechill-wastes,contact-space-time-distortion,45 - 58,true,true,,60 - 73,,,,,,,,,,
eevee,eevee,legends-arceus,legends-arceus,celestica-ruins,contact-space-time-distortion,35 - 53,true,true,,50 - 68,,,,,,,,,,
eevee,eevee,legends-arceus,legends-arceus,celestica-trail,contact-space-time-distortion,35 - 53,true,true,,50 - 68,,,,,,,,,,
eevee,eevee,legends-arceus,legends-arceus,cottonsedge-prairie,contact-space-time-distortion,20 - 55,true,true,,35 - 70,,,,,,,,,,
eevee,eevee,legends-arceus,legends-arceus,crossing-slope,symbol-encounter,27 - 30,true,true,true,42 - 45,,,,,,,,,,
eevee,eevee,legends-arceus,legends-arceus,crossing-slope,contact-space-time-distortion,30 - 58,true,true,,45 - 73,,,,,,,,,,
eevee,eevee,legends-arceus,legends-arceus,deadwood-haunt,contact-space-time-distortion,30 - 58,true,true,,45 - 73,,,,,,,,,,
eevee,eevee,legends-arceus,legends-arceus,droning-meadow,contact-space-time-distortion,20 - 55,true,true,,35 - 70,,,,,,,,,,
eevee,eevee,legends-arceus,legends-arceus,gapejaw-bog,contact-space-time-distortion,20 - 55,true,true,,35 - 70,,,,,,,,,,
eevee,eevee,legends-arceus,legends-arceus,ginkgo-landing,contact-space-time-distortion,30 - 58,true,true,,45 - 73,,,,,,,,,,
eevee,eevee,legends-arceus,legends-arceus,glacier-terrace,contact-space-time-distortion,45 - 58,true,true,,60 - 73,,,,,,,,,,
eevee,eevee,legends-arceus,legends-arceus,hearts-crag,contact-space-time-distortion,45 - 58,true,true,,60 - 73,,,,,,,,,,
eevee,eevee,legends-arceus,legends-arceus,holm-of-trials,contact-space-time-distortion,20 - 55,true,true,,35 - 70,,,,,,,,,,
eevee,eevee,legends-arceus,legends-arceus,horseshoe-plains,symbol-encounter,2 - 6,true,true,,17 - 21,,,,,,,,,,
eevee,eevee,legends-arceus,legends-arceus,horseshoe-plains,swarm,15 - 17,true,true,,30 - 32,,,,,,,,,,
eevee,eevee,legends-arceus,legends-arceus,horseshoe-plains,contact-space-time-distortion,20 - 55,true,true,,35 - 70,,,,,,,,,,
eevee,eevee,legends-arceus,legends-arceus,natures-pantry,contact-space-time-distortion,20 - 55,true,true,,35 - 70,,,,,,,,,,
eevee,eevee,legends-arceus,legends-arceus,sacred-plaza,contact-space-time-distortion,35 - 53,true,true,,50 - 68,,,,,,,,,,
eevee,eevee,legends-arceus,legends-arceus,sandgem-flats,contact-space-time-distortion,20 - 55,true,true,,35 - 70,,,,,,,,,,
eevee,eevee,legends-arceus,legends-arceus,spring-path-hisui,contact-space-time-distortion,30 - 58,true,true,,45 - 73,,,,,,,,,,
eevee,eevee,legends-arceus,legends-arceus,stonetooth-rows,contact-space-time-distortion,35 - 53,true,true,,50 - 68,,,,,,,,,,
eevee,eevee,legends-arceus,legends-arceus,windbreak-stand,contact-space-time-distortion,30 - 58,true,true,,45 - 73,,,,,,,,,,
eevee,eevee,legends-arceus,legends-arceus,windswept-run,contact-space-time-distortion,20 - 55,true,true,,35 - 70,,,,,,,,,,
electabuzz,electabuzz,legends-arceus,legends-arceus,arenas-approach,symbol-encounter,47 - 50,true,true,,62 - 65,,,,,,,,,,
electabuzz,electabuzz,legends-arceus,legends-arceus,arenas-approach,contact-space-time-distortion,45 - 58,true,true,,60 - 73,,,,,,,,,,
electabuzz,electabuzz,legends-arceus,legends-arceus,avalanche-slopes,contact-space-time-distortion,45 - 58,true,true,,60 - 73,,,,,,,,,,
electabuzz,electabuzz,legends-arceus,legends-arceus,bonechill-wastes,contact-space-time-distortion,45 - 58,true,true,,60 - 73,,,,,,,,,,
electabuzz,electabuzz,legends-arceus,legends-arceus,cloudcap-pass,symbol-encounter,53 - 56,true,true,,68 - 71,,,,,,,,,,
electabuzz,electabuzz,legends-arceus,legends-arceus,cloudcap-pass,swarm,62 - 64,true,true,,77 - 79,,,,,,,,,,
electabuzz,electabuzz,legends-arceus,legends-arceus,glacier-terrace,contact-space-time-distortion,45 - 58,true,true,,60 - 73,,,,,,,,,,
electabuzz,electabuzz,legends-arceus,legends-arceus,hearts-crag,contact-space-time-distortion,45 - 58,true,true,,60 - 73,,,,,,,,,,
electabuzz,electabuzz,legends-arceus,legends-arceus,icebound-falls,symbol-encounter,47 - 50,true,true,,62 - 65,,,,,,,,,,
electabuzz,electabuzz,legends-arceus,legends-arceus,icebound-falls,symbol-encounter,,true,true,,65,,,,,,,,,,
electivire,electivire,legends-arceus,legends-arceus,arenas-approach,contact-space-time-distortion,50 - 63,true,true,,70 - 83,,,,,,,,,,
electivire,electivire,legends-arceus,legends-arceus,avalanche-slopes,contact-space-time-distortion,50 - 63,true,true,,70 - 83,,,,,,,,,,
electivire,electivire,legends-arceus,legends-arceus,bonechill-wastes,contact-space-time-distortion,50 - 63,true,true,,70 - 83,,,,,,,,,,
electivire,electivire,legends-arceus,legends-arceus,cloudcap-pass,symbol-encounter,,true,true,,69,,,,,,,,,,
electivire,electivire,legends-arceus,legends-arceus,glacier-terrace,contact-space-time-distortion,50 - 63,true,true,,70 - 83,,,,,,,,,,
electivire,electivire,legends-arceus,legends-arceus,hearts-crag,contact-space-time-distortion,50 - 63,true,true,,70 - 83,,,,,,,,,,
elekid,elekid,legends-arceus,legends-arceus,arenas-approach,symbol-encounter,26 - 29,true,true,,41 - 44,,,,,,,,,,
elekid,elekid,legends-arceus,legends-arceus,cloudcap-pass,symbol-encounter,53 - 56,true,true,,68 - 71,,,,,,,,,,
elekid,elekid,legends-arceus,legends-arceus,cloudcap-pass,swarm,59 - 61,true,true,,74 - 76,,,,,,,,,,
elekid,elekid,legends-arceus,legends-arceus,icebound-falls,symbol-encounter,26 - 29,true,true,,41 - 44,,,,,,,,,,
empoleon,empoleon,legends-arceus,legends-arceus,islespy-shore,symbol-encounter,,true,true,,69,,,,,,,,,,
enamorus-incarnate,enamorus-incarnate,legends-arceus,legends-arceus,scarlet-bog,special-encounter,70,true,true,,,,,,"Can be caught during Request 94: ""The Incarnate Forces of Hisui"". Unlocked after completing Mission 26: ""Seeking the Remaining Plates"".<br/>Only appears if Cogita is shown the completed PokéDex entries of {Tornadus;POKEMON;tornadus}, {Thundurus;POKEMON;thundurus} and {Landorus;POKEMON;landorus}<br/>Respawns after going back to Jubilife Village. Never Shiny",,,,,,
espeon,espeon,legends-arceus,legends-arceus,arenas-approach,contact-space-time-distortion,50 - 63,true,true,,70 - 83,,,,,,,,,,
espeon,espeon,legends-arceus,legends-arceus,avalanche-slopes,contact-space-time-distortion,50 - 63,true,true,,70 - 83,,,,,,,,,,
espeon,espeon,legends-arceus,legends-arceus,bonechill-wastes,contact-space-time-distortion,50 - 63,true,true,,70 - 83,,,,,,,,,,
espeon,espeon,legends-arceus,legends-arceus,glacier-terrace,contact-space-time-distortion,50 - 63,true,true,,70 - 83,,,,,,,,,,
espeon,espeon,legends-arceus,legends-arceus,hearts-crag,contact-space-time-distortion,50 - 63,true,true,,70 - 83,,,,,,,,,,
finneon,finneon,legends-arceus,legends-arceus,seagrass-haven,symbol-encounter,27 - 30,true,true,,42 - 45,,,,,,,,,,
finneon,finneon,legends-arceus,legends-arceus,seagrass-haven,swarm,28 - 30,true,true,,43 - 45,,,,,,,,,,
flareon,flareon,legends-arceus,legends-arceus,cottonsedge-prairie,contact-space-time-distortion,25 - 60,true,true,,40 - 75,,,,,,,,,,
flareon,flareon,legends-arceus,legends-arceus,crossing-slope,contact-space-time-distortion,30 - 58,true,true,,45 - 73,,,,,,,,,,
flareon,flareon,legends-arceus,legends-arceus,deadwood-haunt,contact-space-time-distortion,30 - 58,true,true,,45 - 73,,,,,,,,,,
flareon,flareon,legends-arceus,legends-arceus,droning-meadow,contact-space-time-distortion,25 - 60,true,true,,40 - 75,,,,,,,,,,
flareon,flareon,legends-arceus,legends-arceus,gapejaw-bog,contact-space-time-distortion,25 - 60,true,true,,40 - 75,,,,,,,,,,
flareon,flareon,legends-arceus,legends-arceus,ginkgo-landing,contact-space-time-distortion,30 - 58,true,true,,45 - 73,,,,,,,,,,
flareon,flareon,legends-arceus,legends-arceus,holm-of-trials,contact-space-time-distortion,25 - 60,true,true,,40 - 75,,,,,,,,,,
flareon,flareon,legends-arceus,legends-arceus,spring-path-hisui,contact-space-time-distortion,30 - 58,true,true,,45 - 73,,,,,,,,,,
flareon,flareon,legends-arceus,legends-arceus,windbreak-stand,contact-space-time-distortion,30 - 58,true,true,,45 - 73,,,,,,,,,,
floatzel,floatzel,legends-arceus,legends-arceus,aipom-hill,symbol-encounter,29 - 32,true,true,,44 - 47,,,,,,,,,,
floatzel,floatzel,legends-arceus,legends-arceus,bathers-lagoon,symbol-encounter,29 - 32,true,true,,44 - 47,,,,,,,,,,
floatzel,floatzel,legends-arceus,legends-arceus,bathers-lagoon,swarm,31 - 33,true,true,,46 - 48,,,,,,,,,,
floatzel,floatzel,legends-arceus,legends-arceus,cottonsedge-prairie,contact-space-time-distortion,26 - 61,true,true,,41 - 76,,,,,,,,,,
floatzel,floatzel,legends-arceus,legends-arceus,droning-meadow,contact-space-time-distortion,26 - 61,true,true,,41 - 76,,,,,,,,,,
floatzel,floatzel,legends-arceus,legends-arceus,gapejaw-bog,contact-space-time-distortion,26 - 61,true,true,,41 - 76,,,,,,,,,,
floatzel,floatzel,legends-arceus,legends-arceus,ginkgo-landing,symbol-encounter,29 - 32,true,true,,44 - 47,,,,,,,,,,
floatzel,floatzel,legends-arceus,legends-arceus,holm-of-trials,contact-space-time-distortion,26 - 61,true,true,,41 - 76,,,,,,,,,,
floatzel,floatzel,legends-arceus,legends-arceus,horseshoe-plains,swarm,38 - 40,true,true,true,53 - 55,,,,,,,,,,
floatzel,floatzel,legends-arceus,legends-arceus,worn-bridge,symbol-encounter,,true,true,true,31,,,,,,,,,,
froslass,froslass,legends-arceus,legends-arceus,avalanche-slopes,symbol-encounter,59 - 62,true,true,,74 - 77,,,,,,,,,,
froslass,froslass,legends-arceus,legends-arceus,avaluggs-legacy,symbol-encounter,45 - 48,,true,,60 - 63,,,,,true,,,,,
froslass,froslass,legends-arceus,legends-arceus,bonechill-wastes,symbol-encounter,53 - 56,,true,,68 - 71,,,,,true,,,,,
froslass,froslass,legends-arceus,legends-arceus,ice-column-chamber,symbol-encounter,,true,true,,72,,,,,,,,,,
froslass,froslass,legends-arceus,legends-arceus,pearl-settlement,symbol-encounter,49 - 52,,true,true,64 - 67,,,,,true,,,,,
froslass,froslass,legends-arceus,legends-arceus,snowpoint-temple,symbol-encounter,53 - 56,true,true,,68 - 71,,,,,,,,,,
gabite,gabite,legends-arceus,legends-arceus,avalanche-slopes,symbol-encounter,44 - 47,true,true,,59 - 62,,,,,,,,,,
gabite,gabite,legends-arceus,legends-arceus,avalanche-slopes,swarm,45 - 47,true,true,,60 - 62,,,,,,,,,,
gabite,gabite,legends-arceus,legends-arceus,clamberclaw-cliffs,symbol-encounter,,true,true,true,56,,,,,,,,,,
gabite,gabite,legends-arceus,legends-arceus,clamberclaw-cliffs,swarm,45 - 47,true,true,,60 - 62,,,,,,,,,,
gallade,gallade,legends-arceus,legends-arceus,snowpoint-temple,symbol-encounter,,true,true,,70,,,,,,,,,,
garchomp,garchomp,legends-arceus,legends-arceus,avalanche-slopes,symbol-encounter,,true,true,,85,,,,,,,,,,
gardevoir,gardevoir,legends-arceus,legends-arceus,hearts-crag,symbol-encounter,,true,true,,70,,,,,,,,,,
gardevoir,gardevoir,legends-arceus,legends-arceus,lake-acuity-hisui,swarm,64 - 66,true,true,,79 - 81,,,,,,,,,,
gastly,gastly,legends-arceus,legends-arceus,avaluggs-legacy,symbol-encounter,21 - 24,,true,true,36 - 39,,,,,true,,,,,
gastly,gastly,legends-arceus,legends-arceus,bolderoll-ravine,symbol-encounter,21 - 24,,true,,36 - 39,,,,,true,,,,,
gastly,gastly,legends-arceus,legends-arceus,bonechill-wastes,symbol-encounter,21 - 24,,true,,36 - 39,,,,,true,,,,,
gastly,gastly,legends-arceus,legends-arceus,bonechill-wastes,swarm,22 - 24,true,true,,37 - 39,,,,,,,,,,
gastly,gastly,legends-arceus,legends-arceus,celestica-ruins,symbol-encounter,21 - 24,,true,,36 - 39,,,,,true,,,,,
gastly,gastly,legends-arceus,legends-arceus,clamberclaw-cliffs,symbol-encounter,21 - 24,,true,,36 - 39,,,,,true,,,,,
gastly,gastly,legends-arceus,legends-arceus,cottonsedge-prairie,symbol-encounter,21 - 24,,true,,36 - 39,,,,,true,,,,,
gastly,gastly,legends-arceus,legends-arceus,droning-meadow,symbol-encounter,21 - 24,,true,,36 - 39,,,,,true,,,,,
gastly,gastly,legends-arceus,legends-arceus,gapejaw-bog,symbol-encounter,19 - 24,,true,,34 - 39,,,,,true,,,,,
gastly,gastly,legends-arceus,legends-arceus,gapejaw-bog,flying,21 - 24,,true,,36 - 39,,,,,true,,,,,
gastly,gastly,legends-arceus,legends-arceus,golden-lowlands,symbol-encounter,17 - 24,,true,,32 - 39,,,,,true,,,,,
gastly,gastly,legends-arceus,legends-arceus,holm-of-trials,symbol-encounter,21 - 24,,true,,36 - 39,,,,,true,,,,,
gastly,gastly,legends-arceus,legends-arceus,icepeak-cavern,symbol-encounter,21 - 24,true,true,true,36 - 39,,,,Only underneath the {Bonechill Wastes;LOCATION;bonechill-wastes},,,,,,
gastly,gastly,legends-arceus,legends-arceus,lake-valor-hisui,symbol-encounter,17 - 24,,true,true,32 - 39,,,,,true,,,,,
gastly,gastly,legends-arceus,legends-arceus,sacred-plaza,symbol-encounter,21 - 24,,true,,36 - 39,,,,,true,,,,,
gastly,gastly,legends-arceus,legends-arceus,scarlet-bog,symbol-encounter,21 - 24,,true,,36 - 39,,,,,true,,,,,
gastly,gastly,legends-arceus,legends-arceus,shrouded-ruins,symbol-encounter,21 - 24,,true,,36 - 39,,,,,true,,,,,
gastly,gastly,legends-arceus,legends-arceus,shrouded-ruins,swarm,22 - 24,true,true,,37 - 39,,,,,,,,,,
gastly,gastly,legends-arceus,legends-arceus,sludge-mound,symbol-encounter,21 - 24,,true,true,36 - 39,,,,,true,,,,,
gastly,gastly,legends-arceus,legends-arceus,ursas-ring,symbol-encounter,21 - 24,,true,,36 - 39,,,,,true,,,,,
gastrodon,gastrodon-east,legends-arceus,legends-arceus,seagrass-haven,symbol-encounter,30 - 33,true,true,,45 - 48,,,,,,,,,,
gastrodon,gastrodon-east,legends-arceus,legends-arceus,seagrass-haven,symbol-encounter,,true,true,,61,,,,,,,,,,
gastrodon,gastrodon-east,legends-arceus,legends-arceus,seagrass-haven,swarm,42 - 44,true,true,,57 - 59,,,,,,,,,,
gastrodon,gastrodon-west,legends-arceus,legends-arceus,ramanas-island,symbol-encounter,33 - 36,true,true,,48 - 51,,,,,,,,,,
gastrodon,gastrodon-west,legends-arceus,legends-arceus,ramanas-island,swarm,38 - 40,true,true,,53 - 55,,,,,,,,,,
gastrodon,gastrodon-west,legends-arceus,legends-arceus,sandgem-flats,symbol-encounter,30 - 33,true,true,,45 - 48,,,,,,,,,,
gengar,gengar,legends-arceus,legends-arceus,horseshoe-plains,contact-space-time-distortion,25 - 60,true,true,,45 - 80,,,,,,,,,,
gengar,gengar,legends-arceus,legends-arceus,natures-pantry,contact-space-time-distortion,25 - 60,true,true,,45 - 80,,,,,,,,,,
gengar,gengar,legends-arceus,legends-arceus,sandgem-flats,contact-space-time-distortion,25 - 60,true,true,,45 - 80,,,,,,,,,,
gengar,gengar,legends-arceus,legends-arceus,windswept-run,contact-space-time-distortion,25 - 60,true,true,,45 - 80,,,,,,,,,,
geodude,geodude,legends-arceus,legends-arceus,aipom-hill,shaking-ore-deposits,21 - 24,true,true,,36 - 39,,,,,,,,,,
geodude,geodude,legends-arceus,legends-arceus,ancient-quarry,symbol-encounter,21 - 24,true,true,true,36 - 39,,,,,,,,,,
geodude,geodude,legends-arceus,legends-arceus,bathers-lagoon,shaking-ore-deposits,21 - 24,true,true,,36 - 39,,,,,,,,,,
geodude,geodude,legends-arceus,legends-arceus,bolderoll-ravine,symbol-encounter,21 - 24,true,true,,36 - 39,,,,,,,,,,
geodude,geodude,legends-arceus,legends-arceus,bolderoll-ravine,contact-space-time-distortion,22 - 24,true,true,,37 - 39,,,,,,,,,,
geodude,geodude,legends-arceus,legends-arceus,bolderoll-slope,symbol-encounter,18 - 21,true,true,,33 - 36,,,,,,,,,,
geodude,geodude,legends-arceus,legends-arceus,bolderoll-slope,shaking-ore-deposits,21 - 24,true,true,,36 - 39,,,,,,,,,,
geodude,geodude,legends-arceus,legends-arceus,bolderoll-slope,swarm,22 - 24,true,true,,37 - 39,,,,,,,,,,
geodude,geodude,legends-arceus,legends-arceus,castaway-shore,shaking-ore-deposits,21 - 24,true,true,,36 - 39,,,,,,,,,,
geodude,geodude,legends-arceus,legends-arceus,celestica-ruins,symbol-encounter,21 - 24,true,true,,36 - 39,,,,,,,,,,
geodude,geodude,legends-arceus,legends-arceus,clamberclaw-cliffs,symbol-encounter,21 - 24,,true,,36 - 39,true,true,true,,,,,,,
geodude,geodude,legends-arceus,legends-arceus,cloudpool-ridge,shaking-trees,21 - 24,true,true,,36 - 39,,,,,,,,,,
geodude,geodude,legends-arceus,legends-arceus,cottonsedge-prairie,shaking-ore-deposits,21 - 24,true,true,true,36 - 39,,,,,,,,,,
geodude,geodude,legends-arceus,legends-arceus,crossing-slope,shaking-ore-deposits,21 - 24,true,true,,36 - 39,,,,,,,,,,
geodude,geodude,legends-arceus,legends-arceus,deadwood-haunt,shaking-ore-deposits,21 - 24,true,true,,36 - 39,,,,,,,,,,
geodude,geodude,legends-arceus,legends-arceus,deertrack-heights,symbol-encounter,7 - 12,true,true,,22 - 27,,,,,,,,,,
geodude,geodude,legends-arceus,legends-arceus,deertrack-heights,shaking-ore-deposits,7 - 14,true,true,,22 - 29,,,,,,,,,,
geodude,geodude,legends-arceus,legends-arceus,deertrack-path,shaking-ore-deposits,7 - 10,true,true,,22 - 25,,,,,,,,,,
geodude,geodude,legends-arceus,legends-arceus,diamond-heath,shaking-ore-deposits,21 - 24,true,true,,36 - 39,,,,,,,,,,
geodude,geodude,legends-arceus,legends-arceus,droning-meadow,shaking-ore-deposits,21 - 24,true,true,,36 - 39,,,,,,,,,,
geodude,geodude,legends-arceus,legends-arceus,gapejaw-bog,symbol-encounter,21 - 24,true,true,,36 - 39,,,,,,,,,,
geodude,geodude,legends-arceus,legends-arceus,gapejaw-bog,shaking-ore-deposits,21 - 24,true,true,,36 - 39,,,,,,,,,,
geodude,geodude,legends-arceus,legends-arceus,ginkgo-landing,shaking-ore-deposits,21 - 24,true,true,,36 - 39,,,,,,,,,,
geodude,geodude,legends-arceus,legends-arceus,golden-lowlands,shaking-ore-deposits,21 - 24,true,true,,36 - 39,,,,,,,,,,
geodude,geodude,legends-arceus,legends-arceus,holm-of-trials,shaking-ore-deposits,21 - 24,true,true,,36 - 39,,,,,,,,,,
geodude,geodude,legends-arceus,legends-arceus,natures-pantry,shaking-ore-deposits,9 - 12,true,true,,24 - 27,,,,,,,,,,
geodude,geodude,legends-arceus,legends-arceus,obsidian-falls,symbol-encounter,13 - 16,true,true,true,28 - 31,,,,,,,,,,
geodude,geodude,legends-arceus,legends-arceus,oreburrow-tunnel,shaking-ore-deposits,13 - 16,true,true,,28 - 31,,,,,,,,,,
geodude,geodude,legends-arceus,legends-arceus,sacred-plaza,symbol-encounter,21 - 24,true,true,,36 - 39,,,,,,,,,,
geodude,geodude,legends-arceus,legends-arceus,sands-reach,shaking-ore-deposits,21 - 24,true,true,,36 - 39,,,,,,,,,,
geodude,geodude,legends-arceus,legends-arceus,scarlet-bog,symbol-encounter,21 - 24,true,true,true,36 - 39,,,,,,,,,,
geodude,geodude,legends-arceus,legends-arceus,scarlet-bog,shaking-ore-deposits,21 - 24,true,true,,36 - 39,,,,,,,,,,
geodude,geodude,legends-arceus,legends-arceus,shrouded-ruins,shaking-ore-deposits,21 - 24,true,true,,36 - 39,,,,,,,,,,
geodude,geodude,legends-arceus,legends-arceus,sludge-mound,symbol-encounter,21 - 24,true,true,true,36 - 39,,,,,,,,,,
geodude,geodude,legends-arceus,legends-arceus,sludge-mound,shaking-ore-deposits,21 - 24,true,true,,36 - 39,,,,,,,,,,
geodude,geodude,legends-arceus,legends-arceus,the-heartwood,shaking-ore-deposits,13 - 16,true,true,,28 - 31,,,,,,,,,,
geodude,geodude,legends-arceus,legends-arceus,tidewater-dam,shaking-ore-deposits,13 - 16,true,true,,28 - 31,,,,,,,,,,
geodude,geodude,legends-arceus,legends-arceus,tranquility-cove,symbol-encounter,21 - 24,true,true,,36 - 39,,,,,,,,,,
geodude,geodude,legends-arceus,legends-arceus,ursas-ring,symbol-encounter,21 - 24,true,true,,36 - 39,,,,,,,,,,
geodude,geodude,legends-arceus,legends-arceus,ursas-ring,shaking-ore-deposits,21 - 24,true,true,,36 - 39,,,,,,,,,,
geodude,geodude,legends-arceus,legends-arceus,veilstone-cape,shaking-ore-deposits,21 - 24,true,true,,36 - 39,,,,,,,,,,
geodude,geodude,legends-arceus,legends-arceus,windbreak-stand,shaking-ore-deposits,21 - 24,true,true,true,36 - 39,,,,,,,,,,
geodude,geodude,legends-arceus,legends-arceus,windswept-run,shaking-ore-deposits,9 - 12,true,true,,24 - 27,,,,,,,,,,
geodude,geodude,legends-arceus,legends-arceus,worn-bridge,symbol-encounter,9 - 12,true,true,,24 - 27,,,,,,,,,,
geodude,geodude,legends-arceus,legends-arceus,worn-bridge,shaking-ore-deposits,9 - 12,true,true,true,24 - 27,,,,,,,,,,
gible,gible,legends-arceus,legends-arceus,avalanche-slopes,symbol-encounter,20 - 23,true,true,,35 - 38,,,,,,,,,,
gible,gible,legends-arceus,legends-arceus,avalanche-slopes,shaking-ore-deposits,20 - 23,true,true,,35 - 38,,,,,,,,,,
gible,gible,legends-arceus,legends-arceus,avalanche-slopes,swarm,21 - 23,true,true,,36 - 38,,,,,,,,,,
gible,gible,legends-arceus,legends-arceus,clamberclaw-cliffs,symbol-encounter,20 - 23,true,true,,35 - 38,,,,,,,,,,
gible,gible,legends-arceus,legends-arceus,clamberclaw-cliffs,shaking-ore-deposits,20 - 23,true,true,,35 - 38,,,,,,,,,,
gible,gible,legends-arceus,legends-arceus,clamberclaw-cliffs,swarm,21 - 23,true,true,,36 - 38,,,,,,,,,,
gible,gible,legends-arceus,legends-arceus,wayward-cave,symbol-encounter,20 - 23,true,true,,35 - 38,,,,,,,,,,
gible,gible,legends-arceus,legends-arceus,wayward-cave,shaking-ore-deposits,20 - 23,true,true,,35 - 38,,,,,,,,,,
glaceon,glaceon,legends-arceus,legends-arceus,arenas-approach,contact-space-time-distortion,50 - 63,true,true,,65 - 78,,,,,,,,,,
glaceon,glaceon,legends-arceus,legends-arceus,avalanche-slopes,contact-space-time-distortion,50 - 63,true,true,,65 - 78,,,,,,,,,,
glaceon,glaceon,legends-arceus,legends-arceus,bonechill-wastes,contact-space-time-distortion,50 - 63,true,true,,65 - 78,,,,,,,,,,
glaceon,glaceon,legends-arceus,legends-arceus,glacier-terrace,contact-space-time-distortion,50 - 63,true,true,,65 - 78,,,,,,,,,,
glaceon,glaceon,legends-arceus,legends-arceus,hearts-crag,contact-space-time-distortion,50 - 63,true,true,,65 - 78,,,,,,,,,,
glalie,glalie,legends-arceus,legends-arceus,arenas-approach,shaking-ore-deposits,47 - 50,true,true,,62 - 65,,,,,,,,,,
glalie,glalie,legends-arceus,legends-arceus,arenas-approach,special-encounter,,,,,60,,,,"During Request 86: ""Gone Astray... In the Icelands"", defend Zeke (by defeating or cathing Glalie)",,,,,,
glalie,glalie,legends-arceus,legends-arceus,avalanche-slopes,symbol-encounter,59 - 62,true,true,,74 - 77,,,,,,,,,,
glalie,glalie,legends-arceus,legends-arceus,avalanche-slopes,shaking-ore-deposits,"47 - 50, 59 - 62",true,true,,"62 - 65, 74 - 77",,,,,,,,,,
glalie,glalie,legends-arceus,legends-arceus,avaluggs-legacy,symbol-encounter,45 - 48,true,true,,60 - 63,,,,,,,,,,
glalie,glalie,legends-arceus,legends-arceus,bonechill-wastes,symbol-encounter,53 - 56,true,true,,68 - 71,,,,,,,,,,
glalie,glalie,legends-arceus,legends-arceus,bonechill-wastes,symbol-encounter,,true,true,,62,,,,,,,,,,
glalie,glalie,legends-arceus,legends-arceus,bonechill-wastes,shaking-ore-deposits,43 - 48,true,true,,58 - 63,,,,,,,,,,
glalie,glalie,legends-arceus,legends-arceus,glacier-terrace,shaking-ore-deposits,49 - 52,true,true,,64 - 67,,,,,,,,,,
glalie,glalie,legends-arceus,legends-arceus,hearts-crag,shaking-ore-deposits,53 - 56,true,true,,68 - 71,,,,,,,,,,
glalie,glalie,legends-arceus,legends-arceus,icebound-falls,shaking-ore-deposits,55 - 58,true,true,,70 - 73,,,,,,,,,,
glalie,glalie,legends-arceus,legends-arceus,pearl-settlement,symbol-encounter,49 - 52,true,true,true,64 - 67,,,,,,,,,,
glalie,glalie,legends-arceus,legends-arceus,pearl-settlement,shaking-ore-deposits,49 - 52,true,true,,64 - 67,,,,,,,,,,
glalie,glalie,legends-arceus,legends-arceus,pearl-settlement,swarm,63 - 65,true,true,true,78 - 80,,,,,,,,,,
glalie,glalie,legends-arceus,legends-arceus,snowpoint-temple,symbol-encounter,53 - 56,true,true,,68 - 71,,,,,,,,,,
glameow,glameow,legends-arceus,legends-arceus,crossing-slope,symbol-encounter,27 - 30,true,true,,42 - 45,,,,,,,,,,
glameow,glameow,legends-arceus,legends-arceus,glacier-terrace,symbol-encounter,34 - 37,true,true,true,49 - 52,,,,,,,,,,
glameow,glameow,legends-arceus,legends-arceus,veilstone-cape,symbol-encounter,29 - 32,true,true,,44 - 47,,,,,,,,,,
glameow,glameow,legends-arceus,legends-arceus,veilstone-cape,swarm,30 - 32,true,true,,45 - 47,,,,,,,,,,
gligar,gligar,legends-arceus,legends-arceus,arenas-approach,symbol-encounter,47 - 50,true,true,,62 - 65,,,,,,,,,,
gligar,gligar,legends-arceus,legends-arceus,celestica-ruins,symbol-encounter,39 - 42,true,true,,54 - 57,,,,,,,,,,
gligar,gligar,legends-arceus,legends-arceus,celestica-ruins,symbol-encounter,,true,true,true,52,,,,,,,,,,
gligar,gligar,legends-arceus,legends-arceus,clamberclaw-cliffs,symbol-encounter,39 - 42,true,true,,54 - 57,,,,,,,,,,
gligar,gligar,legends-arceus,legends-arceus,clamberclaw-cliffs,swarm,46 - 48,true,true,,61 - 63,,,,,,,,,,
gligar,gligar,legends-arceus,legends-arceus,cloudcap-pass,symbol-encounter,53 - 56,true,true,true,68 - 71,,,,,,,,,,
gligar,gligar,legends-arceus,legends-arceus,glacier-terrace,symbol-encounter,49 - 52,,true,,64 - 67,true,true,true,,,,,,,
gligar,gligar,legends-arceus,legends-arceus,glacier-terrace,swarm,54 - 56,true,true,,69 - 71,,,,,,,,,,
gligar,gligar,legends-arceus,legends-arceus,primeval-grotto,symbol-encounter,53 - 56,true,true,true,68 - 71,,,,,,,,,,
gliscor,gliscor,legends-arceus,legends-arceus,primeval-grotto,symbol-encounter,,true,true,true,77,,,,,,,,,,
golbat,golbat,legends-arceus,legends-arceus,ancient-quarry,symbol-encounter,43 - 46,,true,true,58 - 61,,,,,true,,,,,
golbat,golbat,legends-arceus,legends-arceus,ancient-quarry,flying,43 - 46,,true,true,58 - 61,,,,,true,,,,,
golbat,golbat,legends-arceus,legends-arceus,bolderoll-slope,symbol-encounter,23 - 26,,true,,38 - 41,,,,,true,,,,,
golbat,golbat,legends-arceus,legends-arceus,cloudpool-ridge,symbol-encounter,25 - 28,,true,,40 - 43,,,,,true,,,,,
golbat,golbat,legends-arceus,legends-arceus,cottonsedge-prairie,symbol-encounter,25 - 28,,true,true,40 - 43,,,,,true,,,,,
golbat,golbat,legends-arceus,legends-arceus,deertrack-heights,symbol-encounter,22 - 25,,true,,37 - 40,,,,,true,,,,,
golbat,golbat,legends-arceus,legends-arceus,deertrack-heights,flying,22 - 25,,true,,37 - 40,,,,,true,,,,,
golbat,golbat,legends-arceus,legends-arceus,diamond-heath,symbol-encounter,23 - 26,,true,,38 - 41,,,,,true,,,,,
golbat,golbat,legends-arceus,legends-arceus,diamond-settlement,symbol-encounter,23 - 26,true,true,true,38 - 41,,,,,,,,,,
golbat,golbat,legends-arceus,legends-arceus,heavenward-lookout,symbol-encounter,35 - 38,,true,,50 - 53,,,,,true,,,,,
golbat,golbat,legends-arceus,legends-arceus,heavenward-lookout,flying,35 - 38,,true,,50 - 53,,,,,true,,,,,
golbat,golbat,legends-arceus,legends-arceus,heavenward-lookout,swarm,41 - 43,true,true,,56 - 58,,,,,,,,,,
golbat,golbat,legends-arceus,legends-arceus,natures-pantry,flying,22 - 25,,true,,37 - 40,,,,,true,,,,,
golbat,golbat,legends-arceus,legends-arceus,lake-valor-hisui,symbol-encounter,25 - 28,,true,true,40 - 43,,,,,true,,,,,
golbat,golbat,legends-arceus,legends-arceus,natures-pantry,symbol-encounter,22 - 25,,true,,37 - 40,,,,,true,,,,,
golbat,golbat,legends-arceus,legends-arceus,obsidian-falls,flying,22 - 25,,true,true,37 - 40,,,,,true,,,,,
golbat,golbat,legends-arceus,legends-arceus,oreburrow-tunnel,symbol-encounter,22 - 25,,true,true,37 - 40,,,,,true,,,,,
golbat,golbat,legends-arceus,legends-arceus,oreburrow-tunnel,symbol-encounter,,,true,true,35,,,,,true,,,,,
golbat,golbat,legends-arceus,legends-arceus,snowpoint-temple,flying,18 - 54,true,true,,33 - 69,,,,,,,,,,
golbat,golbat,legends-arceus,legends-arceus,the-heartwood,symbol-encounter,22 - 25,,true,,37 - 40,,,,,true,,,,,
golbat,golbat,legends-arceus,legends-arceus,the-heartwood,swarm,22 - 24,true,true,,37 - 39,,,,,,,,,,
golbat,golbat,legends-arceus,legends-arceus,tidewater-dam,symbol-encounter,22 - 25,,true,,37 - 40,,,,,true,,,,,
golbat,golbat,legends-arceus,legends-arceus,tidewater-dam,flying,22 - 25,,true,,37 - 40,,,,,true,,,,,
golbat,golbat,legends-arceus,legends-arceus,wayward-cave,flying,40 - 42,true,true,,55 - 57,,,,,,,,,,
golbat,golbat,legends-arceus,legends-arceus,wayward-wood,symbol-encounter,35 - 38,,true,,50 - 53,,,,,true,,,,,
golbat,golbat,legends-arceus,legends-arceus,wayward-wood,flying,35 - 38,,true,,50 - 53,,,,,true,,,,,
golbat,golbat,legends-arceus,legends-arceus,windswept-run,symbol-encounter,22 - 25,,true,,37 - 40,,,,,true,,,,,
golbat,golbat,legends-arceus,legends-arceus,windswept-run,flying,22 - 25,,true,,37 - 40,,,,,true,,,,,
golduck,golduck,legends-arceus,legends-arceus,bathers-lagoon,symbol-encounter,33 - 36,true,true,,48 - 51,,,,,,,,,,
golduck,golduck,legends-arceus,legends-arceus,bathers-lagoon,symbol-encounter,,true,true,,50,,,,,,,,,,
golduck,golduck,legends-arceus,legends-arceus,golden-lowlands,swarm,33 - 35,true,true,,48 - 50,,,,,,,,,,
golduck,golduck,legends-arceus,legends-arceus,holm-of-trials,symbol-encounter,33 - 36,true,true,,48 - 51,,,,,,,,,,
golduck,golduck,legends-arceus,legends-arceus,lonely-spring,symbol-encounter,37 - 40,true,true,,52 - 55,,,,,,,,,,
golduck,golduck,legends-arceus,legends-arceus,spring-path-hisui,symbol-encounter,41 - 44,true,true,true,56 - 59,,,,,,,,,,
golduck,golduck,legends-arceus,legends-arceus,the-heartwood,swarm,33 - 35,true,true,,48 - 50,,,,,,,,,,
golduck,golduck,legends-arceus,legends-arceus,wayward-wood,symbol-encounter,35 - 38,true,true,,50 - 53,,,,,,,,,,
golem,golem,legends-arceus,legends-arceus,bolderoll-ravine,symbol-encounter,,true,true,,60,,,,,,,,,,
goodra-hisui,goodra-hisui,legends-arceus,legends-arceus,ancient-quarry,symbol-encounter,,true,true,true,70,,,,,,,,,,
goodra-hisui,goodra-hisui,legends-arceus,legends-arceus,lake-verity-sinnoh,special-encounter,,,,,58,,,,"Can be caught during Mission 14: ""The Trial of Lake Verity"". Available after completing Mission 13: ""Disaster Looming"". Does not respawn. Never Shiny",,one,,,,
goomy,goomy,legends-arceus,legends-arceus,ancient-quarry,symbol-encounter,36 - 39,true,true,true,51 - 54,,,,,,,,,,
goomy,goomy,legends-arceus,legends-arceus,ancient-quarry,swarm,37 - 39,true,true,true,52 - 54,,,,,,,,,,
goomy,goomy,legends-arceus,legends-arceus,holm-of-trials,symbol-encounter,30 - 32,true,true,,,,,,,,,,,,
goomy,goomy,legends-arceus,legends-arceus,ursas-ring,swarm,37 - 39,true,true,,52 - 54,,,,,,,,,,
graveler,graveler,legends-arceus,legends-arceus,aipom-hill,shaking-ore-deposits,29 - 36,true,true,,44 - 51,,,,,,,,,,
graveler,graveler,legends-arceus,legends-arceus,ancient-quarry,symbol-encounter,43 - 46,true,true,true,58 - 61,,,,,,,,,,
graveler,graveler,legends-arceus,legends-arceus,ancient-quarry,shaking-ore-deposits,43 - 46,true,true,true,58 - 61,,,,,,,,,,
graveler,graveler,legends-arceus,legends-arceus,bathers-lagoon,shaking-ore-deposits,29 - 32,true,true,,44 - 47,,,,,,,,,,
graveler,graveler,legends-arceus,legends-arceus,bolderoll-ravine,symbol-encounter,43 - 46,true,true,,58 - 61,,,,,,,,,,
graveler,graveler,legends-arceus,legends-arceus,bolderoll-ravine,shaking-ore-deposits,43 - 46,true,true,,58 - 61,,,,,,,,,,
graveler,graveler,legends-arceus,legends-arceus,bolderoll-ravine,contact-space-time-distortion,46 - 48,true,true,,61 - 63,,,,,,,,,,
graveler,graveler,legends-arceus,legends-arceus,bolderoll-slope,symbol-encounter,25 - 28,true,true,,40 - 43,,,,,,,,,,
graveler,graveler,legends-arceus,legends-arceus,bolderoll-slope,shaking-ore-deposits,25 - 28,true,true,,40 - 43,,,,,,,,,,
graveler,graveler,legends-arceus,legends-arceus,bolderoll-slope,swarm,25 - 27,true,true,,40 - 42,,,,,,,,,,
graveler,graveler,legends-arceus,legends-arceus,castaway-shore,shaking-ore-deposits,31 - 34,true,true,,46 - 49,,,,,,,,,,
graveler,graveler,legends-arceus,legends-arceus,celestica-ruins,symbol-encounter,39 - 42,true,true,,54 - 57,,,,,,,,,,
graveler,graveler,legends-arceus,legends-arceus,celestica-trail,shaking-ore-deposits,43 - 46,true,true,,58 - 61,,,,,,,,,,
graveler,graveler,legends-arceus,legends-arceus,clamberclaw-cliffs,symbol-encounter,39 - 42,,true,,54 - 57,true,true,true,,,,,,,
graveler,graveler,legends-arceus,legends-arceus,cloudcap-pass,shaking-ore-deposits,53 - 56,true,true,true,68 - 71,,,,,,,,,,
graveler,graveler,legends-arceus,legends-arceus,cloudpool-ridge,shaking-ore-deposits,25 - 28,true,true,,40 - 43,,,,,,,,,,
graveler,graveler,legends-arceus,legends-arceus,cottonsedge-prairie,shaking-ore-deposits,33 - 36,true,true,true,48 - 51,,,,,,,,,,
graveler,graveler,legends-arceus,legends-arceus,crossing-slope,shaking-ore-deposits,27 - 30,true,true,,42 - 45,,,,,,,,,,
graveler,graveler,legends-arceus,legends-arceus,deadwood-haunt,shaking-ore-deposits,29 - 32,true,true,,44 - 47,,,,,,,,,,
graveler,graveler,legends-arceus,legends-arceus,diamond-heath,shaking-ore-deposits,25 - 28,true,true,,40 - 43,,,,,,,,,,
graveler,graveler,legends-arceus,legends-arceus,droning-meadow,shaking-ore-deposits,33 - 36,true,true,,48 - 51,,,,,,,,,,
graveler,graveler,legends-arceus,legends-arceus,fabled-spring,shaking-ore-deposits,43 - 46,true,true,,58 - 61,,,,,,,,,,
graveler,graveler,legends-arceus,legends-arceus,firespit-island,symbol-encounter,31 - 34,true,true,,46 - 49,,,,,,,,,,
graveler,graveler,legends-arceus,legends-arceus,firespit-island,shaking-ore-deposits,31 - 34,true,true,,46 - 49,,,,,,,,,,
graveler,graveler,legends-arceus,legends-arceus,gapejaw-bog,symbol-encounter,25 - 28,true,true,,40 - 43,,,,,,,,,,
graveler,graveler,legends-arceus,legends-arceus,gapejaw-bog,shaking-ore-deposits,25 - 28,true,true,,40 - 43,,,,,,,,,,
graveler,graveler,legends-arceus,legends-arceus,ginkgo-landing,shaking-ore-deposits,27 - 30,true,true,,42 - 45,,,,,,,,,,
graveler,graveler,legends-arceus,legends-arceus,golden-lowlands,shaking-ore-deposits,25 - 28,true,true,,40 - 43,,,,,,,,,,
graveler,graveler,legends-arceus,legends-arceus,heavenward-lookout,shaking-ore-deposits,35 - 38,true,true,,50 - 53,,,,,,,,,,
graveler,graveler,legends-arceus,legends-arceus,hideaway-bay,shaking-ore-deposits,41 - 44,true,true,,56 - 59,,,,,,,,,,
graveler,graveler,legends-arceus,legends-arceus,holm-of-trials,shaking-ore-deposits,33 - 36,true,true,,48 - 51,,,,,,,,,,
graveler,graveler,legends-arceus,legends-arceus,islespy-shore,shaking-ore-deposits,41 - 44,true,true,,56 - 59,,,,,,,,,,
graveler,graveler,legends-arceus,legends-arceus,lake-valor-hisui,symbol-encounter,25 - 28,true,true,true,40 - 43,,,,,,,,,,
graveler,graveler,legends-arceus,legends-arceus,lake-valor-hisui,shaking-ore-deposits,25 - 28,true,true,,40 - 43,,,,,,,,,,
graveler,graveler,legends-arceus,legends-arceus,obsidian-falls,symbol-encounter,,true,true,true,30,,,,,,,,,,
graveler,graveler,legends-arceus,legends-arceus,oreburrow-tunnel,shaking-ore-deposits,25 - 28,true,true,,40 - 43,,,,,,,,,,
graveler,graveler,legends-arceus,legends-arceus,ramanas-island,shaking-ore-deposits,33 - 36,true,true,,48 - 51,,,,,,,,,,
graveler,graveler,legends-arceus,legends-arceus,sacred-plaza,symbol-encounter,53 - 56,true,true,,68 - 71,,,,,,,,,,
graveler,graveler,legends-arceus,legends-arceus,sacred-plaza,shaking-ore-deposits,53 - 56,true,true,,68 - 71,,,,,,,,,,
graveler,graveler,legends-arceus,legends-arceus,sands-reach,shaking-ore-deposits,29 - 32,true,true,,44 - 47,,,,,,,,,,
graveler,graveler,legends-arceus,legends-arceus,sandgem-flats,shaking-ore-deposits,25 - 28,true,true,,40 - 43,,,,,,,,,,
graveler,graveler,legends-arceus,legends-arceus,scarlet-bog,symbol-encounter,25 - 28,true,true,true,40 - 43,,,,,,,,,,
graveler,graveler,legends-arceus,legends-arceus,scarlet-bog,shaking-ore-deposits,34 - 37,true,true,,49 - 52,,,,,,,,,,
graveler,graveler,legends-arceus,legends-arceus,shrouded-ruins,shaking-ore-deposits,25 - 28,true,true,,40 - 43,,,,,,,,,,
graveler,graveler,legends-arceus,legends-arceus,sludge-mound,symbol-encounter,25 - 28,true,true,true,40 - 43,,,,,,,,,,
graveler,graveler,legends-arceus,legends-arceus,sludge-mound,shaking-ore-deposits,27 - 30,true,true,,42 - 45,,,,,,,,,,
graveler,graveler,legends-arceus,legends-arceus,snowpoint-temple,symbol-encounter,59 - 62,true,true,,74 - 77,,,,,,,,,,
graveler,graveler,legends-arceus,legends-arceus,spring-path-hisui,shaking-ore-deposits,41 - 44,true,true,,56 - 59,,,,,,,,,,
graveler,graveler,legends-arceus,legends-arceus,stonetooth-rows,shaking-ore-deposits,"43 - 46, 53 - 56",true,true,,"58 - 61, 68 - 71",,,,,,,,,,
graveler,graveler,legends-arceus,legends-arceus,tombolo-walk,shaking-ore-deposits,33 - 36,true,true,,48 - 51,,,,,,,,,,
graveler,graveler,legends-arceus,legends-arceus,tranquility-cove,symbol-encounter,31 - 34,true,true,,46 - 49,,,,,,,,,,
graveler,graveler,legends-arceus,legends-arceus,ursas-ring,symbol-encounter,27 - 30,true,true,,42 - 45,,,,,,,,,,
graveler,graveler,legends-arceus,legends-arceus,ursas-ring,shaking-ore-deposits,27 - 30,true,true,,42 - 45,,,,,,,,,,
graveler,graveler,legends-arceus,legends-arceus,veilstone-cape,shaking-ore-deposits,29 - 32,true,true,,44 - 47,,,,,,,,,,
graveler,graveler,legends-arceus,legends-arceus,windbreak-stand,shaking-ore-deposits,"29 - 32, 41 - 44",true,true,,"36 - 39, 56 - 59",,,,,,,,,,
grotle,grotle,legends-arceus,legends-arceus,droning-meadow,symbol-encounter,28 - 31,true,true,true,43 - 46,,,,,,,,,,
grotle,grotle,legends-arceus,legends-arceus,droning-meadow,swarm,18 - 20,true,true,true,33 - 35,,,,,,,,,,
growlithe-hisui,growlithe-hisui,legends-arceus,legends-arceus,veilstone-cape,symbol-encounter,29 - 32,true,true,,44 - 47,,,,,,,,,,
growlithe-hisui,growlithe-hisui,legends-arceus,legends-arceus,veilstone-cape,swarm,33 - 35,true,true,true,48 - 50,,,,,,,,,,
growlithe-hisui,growlithe-hisui,legends-arceus,legends-arceus,windbreak-stand,symbol-encounter,41 - 44,true,true,,56 - 59,,,,,,,,,,
gyarados,gyarados,legends-arceus,legends-arceus,lake-verity-hisui,symbol-encounter,,true,true,,60,,,,,,,,,,
gyarados,gyarados,legends-arceus,legends-arceus,lake-verity-hisui,symbol-encounter,53 - 56,true,true,,77 - 79,,,,,,,,,,
gyarados,gyarados,legends-arceus,legends-arceus,lake-verity-hisui,swarm,62 - 64,true,true,,49 - 51,,,,,,,,,,
gyarados,gyarados,legends-arceus,legends-arceus,obsidian-falls,flying,24 - 27,true,true,,,,,,,,,,,,
gyarados,gyarados,legends-arceus,legends-arceus,primeval-grotto,symbol-encounter,53 - 56,true,true,true,68 - 71,,,,,,,,,,
gyarados,gyarados,legends-arceus,legends-arceus,primeval-grotto,swarm,62 - 64,true,true,true,77 - 79,,,,,,,,,,
gyarados,gyarados,legends-arceus,legends-arceus,sands-reach,symbol-encounter,,true,true,true,58,,,,,,,,,,
gyarados,gyarados,legends-arceus,legends-arceus,sands-reach,symbol-encounter,31 - 34,true,true,true,46 - 49,,,,,,,,,,
happiny,happiny,legends-arceus,legends-arceus,avalanche-slopes,symbol-encounter,59 - 62,true,true,,74 - 77,,,,,,,,,,
happiny,happiny,legends-arceus,legends-arceus,avalanche-slopes,swarm,51 - 53,true,true,,66 - 68,,,,,,,,,,
happiny,happiny,legends-arceus,legends-arceus,cottonsedge-prairie,swarm,23 - 25,true,true,,38 - 40,,,,,,,,,,
happiny,happiny,legends-arceus,legends-arceus,hideaway-bay,symbol-encounter,41 - 44,true,true,,56 - 59,,,,,,,,,,
happiny,happiny,legends-arceus,legends-arceus,horseshoe-plains,swarm,15 - 17,true,true,true,30 - 32,,,,,,,,,,
happiny,happiny,legends-arceus,legends-arceus,lonely-spring,swarm,45 - 47,true,true,true,60 - 62,,,,,,,,,,
happiny,happiny,legends-arceus,legends-arceus,obsidian-falls,symbol-encounter,"13 - 16, 41 - 44",true,true,true,"28 - 31, 56 - 59",,,,,,,,,,
happiny,happiny,legends-arceus,legends-arceus,oreburrow-tunnel,symbol-encounter,13 - 16,true,true,,28 - 31,,,,,,,,,,
happiny,happiny,legends-arceus,legends-arceus,tombolo-walk,symbol-encounter,34 - 36,true,true,true,49 - 51,,,,,,,,,,
happiny,happiny,legends-arceus,legends-arceus,tombolo-walk,swarm,34 - 36,true,true,,49 - 51,,,,,,,,,,
haunter,haunter,legends-arceus,legends-arceus,avaluggs-legacy,symbol-encounter,45 - 48,,true,true,60 - 63,,,,,true,,,,,
haunter,haunter,legends-arceus,legends-arceus,bolderoll-ravine,symbol-encounter,43 - 46,,true,,58 - 61,,,,,true,,,,,
haunter,haunter,legends-arceus,legends-arceus,bonechill-wastes,symbol-encounter,"43 - 46, 53 - 56",,true,,"58 - 61, 68 - 71",,,,,true,,,,,
haunter,haunter,legends-arceus,legends-arceus,bonechill-wastes,swarm,63 - 65,true,true,,78 - 80,,,,,,,,,,
haunter,haunter,legends-arceus,legends-arceus,celestica-ruins,symbol-encounter,39 - 42,,true,,54 - 57,,,,,true,,,,,
haunter,haunter,legends-arceus,legends-arceus,clamberclaw-cliffs,symbol-encounter,39 - 42,,true,,54 - 57,,,,,true,,,,,
haunter,haunter,legends-arceus,legends-arceus,cottonsedge-prairie,symbol-encounter,33 - 36,,true,,48 - 51,,,,,true,,,,,
haunter,haunter,legends-arceus,legends-arceus,droning-meadow,symbol-encounter,33 - 36,,true,,48 - 51,,,,,true,,,,,
haunter,haunter,legends-arceus,legends-arceus,gapejaw-bog,symbol-encounter,25 - 28,,true,,40 - 43,,,,,true,,,,,
haunter,haunter,legends-arceus,legends-arceus,gapejaw-bog,flying,25 - 28,,true,,40 - 43,,,,,true,,,,,
haunter,haunter,legends-arceus,legends-arceus,golden-lowlands,symbol-encounter,41 - 44,,true,true,56 - 59,,,,,true,,,,,
haunter,haunter,legends-arceus,legends-arceus,holm-of-trials,symbol-encounter,33 - 36,,true,,48 - 51,,,,,true,,,,,
haunter,haunter,legends-arceus,legends-arceus,horseshoe-plains,contact-space-time-distortion,25 - 60,true,true,,40 - 75,,,,,,,,,,
haunter,haunter,legends-arceus,legends-arceus,icepeak-cavern,symbol-encounter,45 - 48,true,true,true,60 - 63,,,,Only underneath the {Bonechill Wastes;LOCATION;bonechill-wastes},,,,,,
haunter,haunter,legends-arceus,legends-arceus,lake-valor-hisui,symbol-encounter,33 - 36,,true,true,48 - 51,,,,,true,,,,,
haunter,haunter,legends-arceus,legends-arceus,natures-pantry,contact-space-time-distortion,25 - 60,true,true,,40 - 75,,,,,,,,,,
haunter,haunter,legends-arceus,legends-arceus,sacred-plaza,symbol-encounter,"39 - 42, 53 - 56",,true,,"54 - 57, 68 - 71",,,,,true,,,,,
haunter,haunter,legends-arceus,legends-arceus,sandgem-flats,contact-space-time-distortion,25 - 60,true,true,,40 - 75,,,,,,,,,,
haunter,haunter,legends-arceus,legends-arceus,scarlet-bog,symbol-encounter,25 - 28,,true,,40 - 43,,,,,true,,,,,
haunter,haunter,legends-arceus,legends-arceus,shrouded-ruins,symbol-encounter,25 - 28,,true,,40 - 43,,,,,true,,,,,
haunter,haunter,legends-arceus,legends-arceus,shrouded-ruins,swarm,25 - 27,true,true,,40 - 42,,,,,,,,,,
haunter,haunter,legends-arceus,legends-arceus,sludge-mound,symbol-encounter,25 - 28,,true,true,40 - 43,,,,,true,,,,,
haunter,haunter,legends-arceus,legends-arceus,ursas-ring,symbol-encounter,27 - 30,,true,,42 - 45,,,,,true,,,,,
haunter,haunter,legends-arceus,legends-arceus,windswept-run,contact-space-time-distortion,25 - 60,true,true,,40 - 75,,,,,,,,,,
heatran,heatran,legends-arceus,legends-arceus,lava-dome-sanctum,special-encounter,70,true,true,,,,,,"Can be caught during Mission 22: ""The Plate of Firespit Island"". Unlocked after completing Mission 20: ""The Researcher of Myths"".<br/>Never Shiny",,,,,,
heracross,heracross,legends-arceus,legends-arceus,grueling-grove,symbol-encounter,,true,true,,45,,,,,,,,,,
heracross,heracross,legends-arceus,legends-arceus,cottonsedge-prairie,contact-space-time-distortion,20 - 55,true,true,,35 - 70,,,,,,,,,,
heracross,heracross,legends-arceus,legends-arceus,droning-meadow,contact-space-time-distortion,20 - 55,true,true,,35 - 70,,,,,,,,,,
heracross,heracross,legends-arceus,legends-arceus,gapejaw-bog,contact-space-time-distortion,20 - 55,true,true,,35 - 70,,,,,,,,,,
heracross,heracross,legends-arceus,legends-arceus,holm-of-trials,contact-space-time-distortion,20 - 55,true,true,,35 - 70,,,,,,,,,,
heracross,heracross,legends-arceus,legends-arceus,sonorous-path,shaking-trees,37 - 40,true,true,,52 - 55,,,,,,,,,,
heracross,heracross,legends-arceus,legends-arceus,wayward-wood,symbol-encounter,35 - 38,,true,,50 - 53,true,true,true,,,,,,,
heracross,heracross,legends-arceus,legends-arceus,wayward-wood,shaking-trees,35 - 38,true,true,,50 - 53,,,,,,,,,,
heracross,heracross,legends-arceus,legends-arceus,wayward-wood,swarm,42 - 44,true,true,,57 - 59,,,,,,,,,,
hippopotas,hippopotas,legends-arceus,legends-arceus,celestica-trail,symbol-encounter,30 - 33,true,true,,45 - 48,,,,,,,,,,
hippopotas,hippopotas,legends-arceus,legends-arceus,celestica-trail,swarm,31 - 33,true,true,,46 - 48,,,,,,,,,,
hippopotas,hippopotas,legends-arceus,legends-arceus,gapejaw-bog,symbol-encounter,21 - 23,true,true,,,,,,,,,,,,
hippopotas,hippopotas,legends-arceus,legends-arceus,gapejaw-bog,swarm,22 - 24,true,true,,37 - 39,,,,,,,,,,
hippopotas,hippopotas,legends-arceus,legends-arceus,scarlet-bog,symbol-encounter,21 - 24,true,true,,36 - 39,,,,,,,,,,
hippopotas,hippopotas,legends-arceus,legends-arceus,sludge-mound,symbol-encounter,21 - 23,true,true,true,,,,,,,,,,,
hippowdon,hippowdon,legends-arceus,legends-arceus,celestica-trail,symbol-encounter,43 - 46,true,true,,58 - 61,,,,,,,,,,
hippowdon,hippowdon,legends-arceus,legends-arceus,celestica-trail,swarm,50 - 52,true,true,,65 - 67,,,,,,,,,,
hippowdon,hippowdon,legends-arceus,legends-arceus,gapejaw-bog,symbol-encounter,,true,true,,46,,,,,,,,,,
hippowdon,hippowdon,legends-arceus,legends-arceus,scarlet-bog,symbol-encounter,34 - 37,true,true,,49 - 52,,,,,,,,,,
hippowdon,hippowdon,legends-arceus,legends-arceus,scarlet-bog,swarm,38 - 40,true,true,true,53 - 55,,,,,,,,,,
honchkrow,honchkrow,legends-arceus,legends-arceus,bathers-lagoon,flying,31 - 34,,true,true,,,,,,true,,,,,
honchkrow,honchkrow,legends-arceus,legends-arceus,cloudpool-ridge,symbol-encounter,,,true,,55,,,,,true,,,,,
infernape,infernape,legends-arceus,legends-arceus,ramanas-island,symbol-encounter,,true,true,,65,,,,,,,,,,
jolteon,jolteon,legends-arceus,legends-arceus,ancient-quarry,contact-space-time-distortion,40 - 58,true,true,true,55 - 73,,,,,,,,,,
jolteon,jolteon,legends-arceus,legends-arceus,bolderoll-ravine,contact-space-time-distortion,40 - 58,true,true,,55 - 73,,,,,,,,,,
jolteon,jolteon,legends-arceus,legends-arceus,celestica-ruins,contact-space-time-distortion,40 - 58,true,true,,55 - 73,,,,,,,,,,
jolteon,jolteon,legends-arceus,legends-arceus,celestica-trail,contact-space-time-distortion,40 - 58,true,true,,55 - 73,,,,,,,,,,
jolteon,jolteon,legends-arceus,legends-arceus,sacred-plaza,contact-space-time-distortion,40 - 58,true,true,,55 - 73,,,,,,,,,,
jolteon,jolteon,legends-arceus,legends-arceus,stonetooth-rows,contact-space-time-distortion,40 - 58,true,true,,55 - 73,,,,,,,,,,
kadabra,kadabra,legends-arceus,legends-arceus,crossing-slope,contact-space-time-distortion,30 - 58,true,true,,45 - 73,,,,,,,,,,
kadabra,kadabra,legends-arceus,legends-arceus,deadwood-haunt,contact-space-time-distortion,30 - 58,true,true,,45 - 73,,,,,,,,,,
kadabra,kadabra,legends-arceus,legends-arceus,ginkgo-landing,contact-space-time-distortion,30 - 58,true,true,,45 - 73,,,,,,,,,,
kadabra,kadabra,legends-arceus,legends-arceus,lake-acuity-hisui,symbol-encounter,49 - 52,true,true,,64 - 67,,,,,,,,,,
kadabra,kadabra,legends-arceus,legends-arceus,sandgem-flats,symbol-encounter,16 - 19,true,true,,31 - 34,,,,,,,,,,
kadabra,kadabra,legends-arceus,legends-arceus,sandgem-flats,swarm,28 - 30,true,true,,43 - 45,,,,,,,,,,
kadabra,kadabra,legends-arceus,legends-arceus,spring-path-hisui,contact-space-time-distortion,30 - 58,true,true,,45 - 73,,,,,,,,,,
kadabra,kadabra,legends-arceus,legends-arceus,windbreak-stand,contact-space-time-distortion,30 - 58,true,true,,45 - 73,,,,,,,,,,
kirlia,kirlia,legends-arceus,legends-arceus,hearts-crag,symbol-encounter,26 - 29,true,true,,41 - 44,,,,,,,,,,
kirlia,kirlia,legends-arceus,legends-arceus,lake-acuity-hisui,swarm,27 - 29,true,true,true,42 - 44,,,,,,,,,,
kirlia,kirlia,legends-arceus,legends-arceus,shrouded-ruins,symbol-encounter,23 - 28,true,true,,38 - 43,,,,,,,,,,
kirlia,kirlia,legends-arceus,legends-arceus,snowpoint-temple,symbol-encounter,26 - 29,true,true,,41 - 44,,,,,,,,,,
kricketot,kricketot,legends-arceus,legends-arceus,cloudpool-ridge,symbol-encounter,6 - 9,true,true,,21 - 24,,,,,,,,,,
kricketot,kricketot,legends-arceus,legends-arceus,cloudpool-ridge,swarm,7 - 9,true,true,,22 - 24,,,,,,,,,,
kricketot,kricketot,legends-arceus,legends-arceus,deertrack-path,symbol-encounter,6 - 9,true,true,,21 - 24,,,,,,,,,,
kricketot,kricketot,legends-arceus,legends-arceus,deertrack-path,swarm,7 - 9,true,true,true,22 - 24,,,,,,,,,,
kricketot,kricketot,legends-arceus,legends-arceus,diamond-settlement,symbol-encounter,6 - 9,true,true,true,21 - 24,,,,,,,,,,
kricketot,kricketot,legends-arceus,legends-arceus,diamond-settlement,swarm,7 - 9,true,true,true,22 - 24,,,,,,,,,,
kricketot,kricketot,legends-arceus,legends-arceus,golden-lowlands,symbol-encounter,6 - 9,true,true,,21 - 24,,,,,,,,,,
kricketot,kricketot,legends-arceus,legends-arceus,natures-pantry,symbol-encounter,6 - 9,true,true,,21 - 24,,,,,,,,,,
kricketot,kricketot,legends-arceus,legends-arceus,tidewater-dam,symbol-encounter,6 - 9,true,true,,21 - 24,,,,,,,,,,
kricketot,kricketot,legends-arceus,legends-arceus,windswept-run,symbol-encounter,6 - 9,true,true,,21 - 24,,,,,,,,,,
kricketune,kricketune,legends-arceus,legends-arceus,cloudpool-ridge,symbol-encounter,25 - 28,true,true,,40 - 43,,,,,,,,,,
kricketune,kricketune,legends-arceus,legends-arceus,cloudpool-ridge,swarm,20 - 22,true,true,,35 - 37,,,,,,,,,,
kricketune,kricketune,legends-arceus,legends-arceus,deertrack-heights,special-encounter,,true,true,,12,,,,"Can be caught during Mission5: ""A Request from Mai""",,,,,,
kricketune,kricketune,legends-arceus,legends-arceus,diamond-settlement,symbol-encounter,23 - 26,true,true,true,38 - 41,,,,,,,,,,
kricketune,kricketune,legends-arceus,legends-arceus,golden-lowlands,symbol-encounter,17 - 20,true,true,,32 - 35,,,,,,,,,,
kricketune,kricketune,legends-arceus,legends-arceus,natures-pantry,symbol-encounter,10 - 13,true,true,,25 - 28,,,,,,,,,,
kricketune,kricketune,legends-arceus,legends-arceus,tidewater-dam,symbol-encounter,10 - 13,true,true,,25 - 28,,,,,,,,,,
kricketune,kricketune,legends-arceus,legends-arceus,tidewater-dam,symbol-encounter,,true,true,true,30,,,,,,,,,,
kricketune,kricketune,legends-arceus,legends-arceus,windswept-run,symbol-encounter,11 - 14,true,true,,26 - 29,,,,,,,,,,
kricketune,kricketune,legends-arceus,legends-arceus,windswept-run,swarm,27 - 29,true,true,,42 - 44,,,,,,,,,,
landorus-incarnate,landorus-incarnate,legends-arceus,legends-arceus,ramanas-island,special-encounter,70,true,true,,,,,,"Can be caught during Request 94: ""The Incarnate Forces of Hisui"". Unlocked after completing Mission 26: ""Seeking the Remaining Plates"". Respawns after going back to Jubilife Village. Never Shiny",,,,,,
leafeon,leafeon,legends-arceus,legends-arceus,horseshoe-plains,contact-space-time-distortion,25 - 60,true,true,,40 - 75,,,,,,,,,,
leafeon,leafeon,legends-arceus,legends-arceus,natures-pantry,contact-space-time-distortion,25 - 60,true,true,,40 - 75,,,,,,,,,,
leafeon,leafeon,legends-arceus,legends-arceus,sandgem-flats,contact-space-time-distortion,25 - 60,true,true,,40 - 75,,,,,,,,,,
leafeon,leafeon,legends-arceus,legends-arceus,windswept-run,contact-space-time-distortion,25 - 60,true,true,,40 - 75,,,,,,,,,,
lickilicky,lickilicky,legends-arceus,legends-arceus,avalanche-slopes,symbol-encounter,59 - 62,true,true,,74 - 77,,,,,,,,,,
lickilicky,lickilicky,legends-arceus,legends-arceus,horseshoe-plains,contact-space-time-distortion,25 - 60,true,true,,40 - 75,,,,,,,,,,
lickilicky,lickilicky,legends-arceus,legends-arceus,natures-pantry,contact-space-time-distortion,25 - 60,true,true,,40 - 75,,,,,,,,,,
lickilicky,lickilicky,legends-arceus,legends-arceus,sandgem-flats,contact-space-time-distortion,25 - 60,true,true,,40 - 75,,,,,,,,,,
lickilicky,lickilicky,legends-arceus,legends-arceus,shrouded-ruins,symbol-encounter,,true,true,,52,,,,,,,,,,
lickilicky,lickilicky,legends-arceus,legends-arceus,shrouded-ruins,swarm,35 - 37,true,true,,50 - 52,,,,,,,,,,
lickilicky,lickilicky,legends-arceus,legends-arceus,windswept-run,contact-space-time-distortion,25 - 60,true,true,,40 - 75,,,,,,,,,,
lickitung,lickitung,legends-arceus,legends-arceus,avalanche-slopes,symbol-encounter,59 - 62,true,true,,74 - 77,,,,,,,,,,
lickitung,lickitung,legends-arceus,legends-arceus,avalanche-slopes,swarm,52 - 54,true,true,,67 - 69,,,,,,,,,,
lickitung,lickitung,legends-arceus,legends-arceus,diamond-settlement,symbol-encounter,23 - 26,true,true,true,38 - 41,,,,,,,,,,
lickitung,lickitung,legends-arceus,legends-arceus,diamond-settlement,swarm,27 - 29,true,true,true,42 - 44,,,,,,,,,,
lickitung,lickitung,legends-arceus,legends-arceus,horseshoe-plains,contact-space-time-distortion,20 - 55,true,true,,35 - 70,,,,,,,,,,
lickitung,lickitung,legends-arceus,legends-arceus,natures-pantry,contact-space-time-distortion,20 - 55,true,true,,35 - 70,,,,,,,,,,
lickitung,lickitung,legends-arceus,legends-arceus,sandgem-flats,contact-space-time-distortion,20 - 55,true,true,,35 - 70,,,,,,,,,,
lickitung,lickitung,legends-arceus,legends-arceus,shrouded-ruins,symbol-encounter,25 - 28,true,true,,40 - 43,,,,,,,,,,
lickitung,lickitung,legends-arceus,legends-arceus,shrouded-ruins,swarm,27 - 29,true,true,,42 - 44,,,,,,,,,,
lickitung,lickitung,legends-arceus,legends-arceus,snowfall-hot-spring,symbol-encounter,47 - 50,true,true,,62 - 65,,,,,,,,,,
lickitung,lickitung,legends-arceus,legends-arceus,windswept-run,contact-space-time-distortion,20 - 55,true,true,,35 - 70,,,,,,,,,,
lilligant,lilligant,legends-arceus,legends-arceus,brava-arena,special-encounter,30,,,,,,,,"Part of Mission 8: ""Arezu's Predicament"". Can not be caught.",,,,,,
lilligant,lilligant,legends-arceus,legends-arceus,brava-arena,special-encounter,70,,,,,,,,"Rematch of Part of Mission 8: ""Arezu's Predicament"". Can not be caught.",,,,,,
lopunny,lopunny,legends-arceus,legends-arceus,bonechill-wastes,symbol-encounter,43 - 46,true,true,,58 - 61,,,,,,,,,,
lopunny,lopunny,legends-arceus,legends-arceus,cottonsedge-prairie,contact-space-time-distortion,25 - 60,true,true,,40 - 75,,,,,,,,,,
lopunny,lopunny,legends-arceus,legends-arceus,droning-meadow,contact-space-time-distortion,25 - 60,true,true,,40 - 75,,,,,,,,,,
lopunny,lopunny,legends-arceus,legends-arceus,gapejaw-bog,contact-space-time-distortion,25 - 60,true,true,,40 - 75,,,,,,,,,,
lopunny,lopunny,legends-arceus,legends-arceus,holm-of-trials,contact-space-time-distortion,25 - 60,true,true,,40 - 75,,,,,,,,,,
lopunny,lopunny,legends-arceus,legends-arceus,snowfall-hot-spring,symbol-encounter,47 - 50,true,true,,62 - 65,,,,,,,,,,
lopunny,lopunny,legends-arceus,legends-arceus,the-heartwood,symbol-encounter,,true,true,true,40,,,,,,,,,,
lucario,lucario,legends-arceus,legends-arceus,icebound-falls,symbol-encounter,47 - 50,true,,,67 - 70,,,,,,,true,,,
lucario,lucario,legends-arceus,legends-arceus,icebound-falls,symbol-encounter,,true,true,,70,,,,,,,,,,
lucario,lucario,legends-arceus,legends-arceus,snowfall-hot-spring,symbol-encounter,47 - 50,true,true,,62 - 65,,,,,,,,,,
lumineon,lumineon,legends-arceus,legends-arceus,seagrass-haven,symbol-encounter,,true,true,,60,,,,,,,,,,
lumineon,lumineon,legends-arceus,legends-arceus,seagrass-haven,symbol-encounter,41 - 44,true,true,true,56 - 59,,,,,,,,,,
lumineon,lumineon,legends-arceus,legends-arceus,seagrass-haven,swarm,37 - 39,true,true,,52 - 54,,,,,,,,,,
luxio,luxio,legends-arceus,legends-arceus,cloudcap-pass,symbol-encounter,26 - 29,true,true,,41 - 44,,,,,,,,,,
luxio,luxio,legends-arceus,legends-arceus,cottonsedge-prairie,contact-space-time-distortion,20 - 55,true,true,,35 - 70,,,,,,,,,,
luxio,luxio,legends-arceus,legends-arceus,droning-meadow,contact-space-time-distortion,20 - 55,true,true,,35 - 70,,,,,,,,,,
luxio,luxio,legends-arceus,legends-arceus,floaro-gardens,symbol-encounter,,true,true,,40,,,,,,,,,,
luxio,luxio,legends-arceus,legends-arceus,gapejaw-bog,contact-space-time-distortion,20 - 55,true,true,,35 - 70,,,,,,,,,,
luxio,luxio,legends-arceus,legends-arceus,heavenward-lookout,symbol-encounter,26 - 29,true,true,,41 - 44,,,,,,,,,,
luxio,luxio,legends-arceus,legends-arceus,holm-of-trials,contact-space-time-distortion,20 - 55,true,true,,35 - 70,,,,,,,,,,
luxio,luxio,legends-arceus,legends-arceus,lake-verity-hisui,symbol-encounter,15 - 18,true,true,,30 - 33,,,,,,,,,,
luxio,luxio,legends-arceus,legends-arceus,oreburrow-tunnel,symbol-encounter,15 - 18,true,true,true,30 - 33,,,,,,,,,,
luxio,luxio,legends-arceus,legends-arceus,sacred-plaza,symbol-encounter,26 - 29,true,true,,41 - 44,,,,,,,,,,
luxio,luxio,legends-arceus,legends-arceus,sandgem-flats,symbol-encounter,15 - 18,true,true,,30 - 33,,,,,,,,,,
luxio,luxio,legends-arceus,legends-arceus,sandgem-flats,swarm,27 - 29,true,true,,42 - 44,,,,,,,,,,
luxio,luxio,legends-arceus,legends-arceus,sonorous-path,symbol-encounter,26 - 29,true,true,,41 - 44,,,,,,,,,,
luxio,luxio,legends-arceus,legends-arceus,sonorous-path,swarm,27 - 29,true,true,,42 - 44,,,,,,,,,,
luxray,luxray,legends-arceus,legends-arceus,cloudcap-pass,symbol-encounter,53 - 56,true,true,,68 - 71,,,,,,,,,,
luxray,luxray,legends-arceus,legends-arceus,cottonsedge-prairie,contact-space-time-distortion,30 - 65,true,true,,45 - 80,,,,,,,,,,
luxray,luxray,legends-arceus,legends-arceus,droning-meadow,contact-space-time-distortion,30 - 65,true,true,,45 - 80,,,,,,,,,,
luxray,luxray,legends-arceus,legends-arceus,gapejaw-bog,contact-space-time-distortion,30 - 65,true,true,,45 - 80,,,,,,,,,,
luxray,luxray,legends-arceus,legends-arceus,heavenward-lookout,symbol-encounter,35 - 38,true,true,,50 - 53,,,,,,,,,,
luxray,luxray,legends-arceus,legends-arceus,heavenward-lookout,swarm,43 - 45,true,true,,58 - 60,,,,,,,,,,
luxray,luxray,legends-arceus,legends-arceus,holm-of-trials,contact-space-time-distortion,30 - 65,true,true,,45 - 80,,,,,,,,,,
luxray,luxray,legends-arceus,legends-arceus,lake-verity-hisui,symbol-encounter,41 - 44,true,true,,56 - 59,,,,,,,,,,
luxray,luxray,legends-arceus,legends-arceus,lake-verity-hisui,swarm,30 - 32,true,true,,,,,,,,,,,,
luxray,luxray,legends-arceus,legends-arceus,sacred-plaza,symbol-encounter,35 - 38,true,true,,50 - 53,,,,,,,,,,
luxray,luxray,legends-arceus,legends-arceus,sacred-plaza,symbol-encounter,,true,true,,55,,,,,,,,,,
luxray,luxray,legends-arceus,legends-arceus,sandgem-flats,symbol-encounter,30 - 33,true,true,,45 - 48,,,,,,,,,,
luxray,luxray,legends-arceus,legends-arceus,sonorous-path,symbol-encounter,37 - 40,true,true,,52 - 55,,,,,,,,,,
machamp,machamp,legends-arceus,legends-arceus,arenas-approach,symbol-encounter,,true,true,,70,,,,,,,,,,
machoke,machoke,legends-arceus,legends-arceus,arenas-approach,symbol-encounter,47 - 50,true,true,,62 - 65,,,,,,,,,,
machoke,machoke,legends-arceus,legends-arceus,arenas-approach,contact-space-time-distortion,50 - 52,true,true,,65 - 67,,,,,,,,,,
machoke,machoke,legends-arceus,legends-arceus,bolderoll-ravine,symbol-encounter,43 - 46,true,true,,58 - 61,,,,,,,,,,
machoke,machoke,legends-arceus,legends-arceus,castaway-shore,symbol-encounter,31 - 34,true,true,,46 - 49,,,,,,,,,,
machoke,machoke,legends-arceus,legends-arceus,castaway-shore,swarm,37 - 39,true,true,,52 - 54,,,,,,,,,,
machoke,machoke,legends-arceus,legends-arceus,cloudcap-pass,symbol-encounter,53 - 56,true,true,true,68 - 71,,,,,,,,,,
machoke,machoke,legends-arceus,legends-arceus,ginkgo-landing,symbol-encounter,31 - 34,true,true,true,46 - 49,,,,,,,,,,
machoke,machoke,legends-arceus,legends-arceus,ginkgo-landing,symbol-encounter,,true,true,,40,,,,,,,,,,
machoke,machoke,legends-arceus,legends-arceus,icebound-falls,symbol-encounter,47 - 50,true,true,,62 - 65,,,,,,,,,,
machoke,machoke,legends-arceus,legends-arceus,obsidian-falls,symbol-encounter,41 - 44,true,true,true,56 - 59,,,,,,,,,,
machoke,machoke,legends-arceus,legends-arceus,snowfall-hot-spring,symbol-encounter,47 - 50,true,true,,62 - 65,,,,,,,,,,
machop,machop,legends-arceus,legends-arceus,arenas-approach,symbol-encounter,24 - 27,true,true,,39 - 42,,,,,,,,,,
machop,machop,legends-arceus,legends-arceus,arenas-approach,contact-space-time-distortion,25 - 27,true,true,,40 - 42,,,,,,,,,,
machop,machop,legends-arceus,legends-arceus,bolderoll-ravine,symbol-encounter,24 - 27,true,true,,39 - 42,,,,,,,,,,
machop,machop,legends-arceus,legends-arceus,castaway-shore,symbol-encounter,24 - 27,true,true,,39 - 42,,,,,,,,,,
machop,machop,legends-arceus,legends-arceus,castaway-shore,swarm,25 - 27,true,true,,40 - 42,,,,,,,,,,
machop,machop,legends-arceus,legends-arceus,cloudcap-pass,symbol-encounter,24 - 27,true,true,true,39 - 42,,,,,,,,,,
machop,machop,legends-arceus,legends-arceus,ginkgo-landing,symbol-encounter,24 - 27,true,true,true,39 - 42,,,,,,,,,,
machop,machop,legends-arceus,legends-arceus,icebound-falls,symbol-encounter,33 - 36,true,true,,48 - 51,,,,,,,,,,
machop,machop,legends-arceus,legends-arceus,obsidian-falls,symbol-encounter,"13 - 16, 24 - 27",true,true,true,"28 - 31, 39 - 42",,,,,,,,,,
machop,machop,legends-arceus,legends-arceus,oreburrow-tunnel,symbol-encounter,13 - 16,true,true,,28 - 31,,,,,,,,,,
machop,machop,legends-arceus,legends-arceus,snowfall-hot-spring,symbol-encounter,24 - 27,true,true,,39 - 42,,,,,,,,,,
magby,magby,legends-arceus,legends-arceus,firespit-island,symbol-encounter,26 - 29,true,true,,41 - 44,,,,,,,,,,
magby,magby,legends-arceus,legends-arceus,firespit-island,swarm,38 - 40,true,true,,53 - 55,,,,,,,,,,
magikarp,magikarp,legends-arceus,legends-arceus,celestica-trail,symbol-encounter,16 - 19,true,true,true,31 - 34,,,,,,,,,,
magikarp,magikarp,legends-arceus,legends-arceus,celestica-trail,swarm,17 - 19,true,true,true,32 - 34,,,,,,,,,,
magikarp,magikarp,legends-arceus,legends-arceus,lake-verity-hisui,symbol-encounter,16 - 19,true,true,,68 - 71,,,,,,,,,,
magikarp,magikarp,legends-arceus,legends-arceus,obsidian-falls,symbol-encounter,16 - 19,true,true,,31 - 34,,,,,,,,,,
magikarp,magikarp,legends-arceus,legends-arceus,oreburrow-tunnel,symbol-encounter,,true,true,true,55,,,,,,,,,,
magikarp,magikarp,legends-arceus,legends-arceus,worn-bridge,swarm,13 - 15,true,true,,28 - 30,,,,,,,,,,
magmar,magmar,legends-arceus,legends-arceus,ancient-quarry,contact-space-time-distortion,35 - 53,true,true,true,50 - 68,,,,,,,,,,
magmar,magmar,legends-arceus,legends-arceus,bolderoll-ravine,contact-space-time-distortion,35 - 53,true,true,,50 - 68,,,,,,,,,,
magmar,magmar,legends-arceus,legends-arceus,celestica-ruins,contact-space-time-distortion,35 - 53,true,true,,50 - 68,,,,,,,,,,
magmar,magmar,legends-arceus,legends-arceus,celestica-trail,contact-space-time-distortion,35 - 53,true,true,,50 - 68,,,,,,,,,,
magmar,magmar,legends-arceus,legends-arceus,firespit-island,symbol-encounter,31 - 34,true,true,,46 - 49,,,,,,,,,,
magmar,magmar,legends-arceus,legends-arceus,firespit-island,swarm,35 - 37,true,true,,50 - 52,,,,,,,,,,
magmar,magmar,legends-arceus,legends-arceus,sacred-plaza,contact-space-time-distortion,35 - 53,true,true,,50 - 68,,,,,,,,,,
magmar,magmar,legends-arceus,legends-arceus,stonetooth-rows,contact-space-time-distortion,35 - 53,true,true,,50 - 68,,,,,,,,,,
magmortar,magmortar,legends-arceus,legends-arceus,ancient-quarry,contact-space-time-distortion,40 - 58,true,true,true,60 - 78,,,,,,,,,,
magmortar,magmortar,legends-arceus,legends-arceus,bolderoll-ravine,contact-space-time-distortion,40 - 58,true,true,,60 - 78,,,,,,,,,,
magmortar,magmortar,legends-arceus,legends-arceus,celestica-ruins,contact-space-time-distortion,40 - 58,true,true,,60 - 78,,,,,,,,,,
magmortar,magmortar,legends-arceus,legends-arceus,celestica-trail,contact-space-time-distortion,40 - 58,true,true,,60 - 78,,,,,,,,,,
magmortar,magmortar,legends-arceus,legends-arceus,sacred-plaza,contact-space-time-distortion,40 - 58,true,true,,60 - 78,,,,,,,,,,
magmortar,magmortar,legends-arceus,legends-arceus,stonetooth-rows,contact-space-time-distortion,40 - 58,true,true,,60 - 78,,,,,,,,,,
magnemite,magnemite,legends-arceus,legends-arceus,crossing-slope,contact-space-time-distortion,30 - 58,true,true,,45 - 73,,,,,,,,,,
magnemite,magnemite,legends-arceus,legends-arceus,deadwood-haunt,contact-space-time-distortion,30 - 58,true,true,,45 - 73,,,,,,,,,,
magnemite,magnemite,legends-arceus,legends-arceus,ginkgo-landing,contact-space-time-distortion,30 - 58,true,true,,45 - 73,,,,,,,,,,
magnemite,magnemite,legends-arceus,legends-arceus,islespy-shore,contact-space-time-distortion,30 - 58,true,true,,45 - 73,,,,,,,,,,
magnemite,magnemite,legends-arceus,legends-arceus,spring-path-hisui,contact-space-time-distortion,30 - 58,true,true,,45 - 73,,,,,,,,,,
magnemite,magnemite,legends-arceus,legends-arceus,windbreak-stand,contact-space-time-distortion,30 - 58,true,true,,45 - 73,,,,,,,,,,
magneton,magneton,legends-arceus,legends-arceus,crossing-slope,contact-space-time-distortion,30 - 58,true,true,,45 - 73,,,,,,,,,,
magneton,magneton,legends-arceus,legends-arceus,deadwood-haunt,contact-space-time-distortion,30 - 58,true,true,,45 - 73,,,,,,,,,,
magneton,magneton,legends-arceus,legends-arceus,ginkgo-landing,contact-space-time-distortion,30 - 58,true,true,,45 - 73,,,,,,,,,,
magneton,magneton,legends-arceus,legends-arceus,islespy-shore,contact-space-time-distortion,30 - 58,true,true,,45 - 73,,,,,,,,,,
magneton,magneton,legends-arceus,legends-arceus,spring-path-hisui,contact-space-time-distortion,30 - 58,true,true,,45 - 73,,,,,,,,,,
magneton,magneton,legends-arceus,legends-arceus,windbreak-stand,contact-space-time-distortion,30 - 58,true,true,,45 - 73,,,,,,,,,,
magnezone,magnezone,legends-arceus,legends-arceus,celestica-trail,flying,46 - 49,true,true,true,,,,,,,,,,,
magnezone,magnezone,legends-arceus,legends-arceus,clamberclaw-cliffs,flying,38 - 41,true,true,true,,,,,,,,,,,
magnezone,magnezone,legends-arceus,legends-arceus,crossing-slope,contact-space-time-distortion,35 - 63,true,true,,50 - 78,,,,,,,,,,
magnezone,magnezone,legends-arceus,legends-arceus,deadwood-haunt,contact-space-time-distortion,35 - 63,true,true,,50 - 78,,,,,,,,,,
magnezone,magnezone,legends-arceus,legends-arceus,fabled-spring,flying,46 - 49,true,true,true,,,,,,,,,,,
magnezone,magnezone,legends-arceus,legends-arceus,ginkgo-landing,contact-space-time-distortion,35 - 63,true,true,,50 - 78,,,,,,,,,,
magnezone,magnezone,legends-arceus,legends-arceus,islespy-shore,contact-space-time-distortion,35 - 63,true,true,,50 - 78,,,,,,,,,,
magnezone,magnezone,legends-arceus,legends-arceus,spring-path-hisui,contact-space-time-distortion,35 - 63,true,true,,50 - 78,,,,,,,,,,
magnezone,magnezone,legends-arceus,legends-arceus,windbreak-stand,contact-space-time-distortion,35 - 63,true,true,,50 - 78,,,,,,,,,,
mamoswine,mamoswine,legends-arceus,legends-arceus,avalanche-slopes,swarm,52 - 54,true,true,,67 - 69,,,,,,,,,,
mamoswine,mamoswine,legends-arceus,legends-arceus,avaluggs-legacy,symbol-encounter,,true,true,,68,,,,,,,,,,
manaphy,manaphy,legends-arceus,legends-arceus,seaside-hollow,special-encounter,50,,true,,,,,true,"Can be caught during Request 66: ""The Sea's Legend"". Unlocked after completing Mission 10: ""The Lordless Island"".<br/>Only appears if you have a {Mantyke;POKEMON;mantyke}, {Buizel;POKEMON;buizel} and an {Overqwil;POKEMON;overqwil} in your party and ride through the two stone pillar's in {Sand's Reach;LOCATION;sands-reach} in the evening. Never Shiny",,,,,,
mantine,mantine,legends-arceus,legends-arceus,tranquility-cove,symbol-encounter,,true,true,,50,,,,,,,,,,
mantine,mantine,legends-arceus,legends-arceus,tranquility-cove,symbol-encounter,31 - 34,true,true,,46 - 49,,,,,,,,,,
mantine,mantine,legends-arceus,legends-arceus,tranquility-cove,swarm,36 - 38,true,true,true,51 - 53,,,,,,,,,,
mantyke,mantyke,legends-arceus,legends-arceus,aipom-hill,symbol-encounter,31 - 34,true,true,true,46 - 49,,,,,,,,,,
mantyke,mantyke,legends-arceus,legends-arceus,bathers-lagoon,symbol-encounter,31 - 34,true,true,true,46 - 49,,,,,,,,,,
mantyke,mantyke,legends-arceus,legends-arceus,castaway-shore,symbol-encounter,31 - 34,true,true,true,46 - 49,,,,,,,,,,
mantyke,mantyke,legends-arceus,legends-arceus,ginkgo-landing,symbol-encounter,31 - 34,true,true,true,46 - 49,,,,,,,,,,
mantyke,mantyke,legends-arceus,legends-arceus,tranquility-cove,symbol-encounter,31 - 34,true,true,,46 - 49,,,,,,,,,,
mantyke,mantyke,legends-arceus,legends-arceus,tranquility-cove,swarm,33 - 35,true,true,,48 - 50,,,,,,,,,,
mesprit,mesprit,legends-arceus,legends-arceus,lake-verity-sinnoh,special-encounter,70,,,,,,,,"Can be caught during Mission 21: ""The Plate of the Lakes"". Available after completing Mission 20: ""The Researcher of Myths"". Respawns immediately if run from or defeated. Never Shiny",,one,,,,
mime-jr,mime-jr,legends-arceus,legends-arceus,horseshoe-plains,symbol-encounter,3 - 6,true,true,,18 - 21,,,,,,,,,,
mime-jr,mime-jr,legends-arceus,legends-arceus,sandgem-flats,symbol-encounter,15 - 18,true,true,,30 - 33,,,,,,,,,,
mime-jr,mime-jr,legends-arceus,legends-arceus,sandgem-flats,swarm,23 - 25,true,true,,38 - 40,,,,,,,,,,
misdreavus,misdreavus,legends-arceus,legends-arceus,avalanche-slopes,symbol-encounter,59 - 62,true,true,true,74 - 77,,,,,,,,,,
misdreavus,misdreavus,legends-arceus,legends-arceus,avalanche-slopes,swarm,52 - 54,true,true,,67 - 69,,,,,,,,,,
misdreavus,misdreavus,legends-arceus,legends-arceus,celestica-ruins,symbol-encounter,39 - 42,,true,true,54 - 57,,,,,true,,,,,
misdreavus,misdreavus,legends-arceus,legends-arceus,glacier-terrace,symbol-encounter,49 - 52,true,true,true,64 - 67,,,,,,,,,,
misdreavus,misdreavus,legends-arceus,legends-arceus,ice-column-chamber,symbol-encounter,59 - 62,true,true,,74 - 77,,,,,,,,,,
misdreavus,misdreavus,legends-arceus,legends-arceus,icepeak-cavern,symbol-encounter,45 - 52,true,true,,60 - 67,,,,,,,,,,
misdreavus,misdreavus,legends-arceus,legends-arceus,sacred-plaza,symbol-encounter,39 - 42,,true,,54 - 57,,,,,true,,,,,
misdreavus,misdreavus,legends-arceus,legends-arceus,sacred-plaza,swarm,59 - 61,true,true,true,74 - 76,,,,,,,,,,
misdreavus,misdreavus,legends-arceus,legends-arceus,stonetooth-rows,symbol-encounter,43 - 46,,true,,58 - 61,,,,,true,,,,,
mismagius,mismagius,legends-arceus,legends-arceus,stonetooth-rows,symbol-encounter,,,true,,61,,,,,true,,,,,
monferno,monferno,legends-arceus,legends-arceus,deertrack-heights,symbol-encounter,14 - 17,true,true,,29 - 32,,,,,,,,,,
monferno,monferno,legends-arceus,legends-arceus,ramanas-island,symbol-encounter,32 - 35,true,true,,47 - 50,,,,,,,,,,
monferno,monferno,legends-arceus,legends-arceus,ramanas-island,swarm,15 - 17,true,true,,30 - 32,,,,,,,,,,
mothim,mothim-plant,legends-arceus,legends-arceus,aipom-hill,flying,29 - 32,true,true,,44 - 47,,,,,,,,,,
mothim,mothim-plant,legends-arceus,legends-arceus,ancient-quarry,flying,43 - 46,true,true,true,58 - 61,,,,,,,,,,
mothim,mothim-plant,legends-arceus,legends-arceus,crossing-slope,flying,27 - 30,true,true,true,42 - 45,,,,,,,,,,
mothim,mothim-plant,legends-arceus,legends-arceus,firespit-island,flying,33 - 36,true,true,true,48 - 51,,,,,,,,,,
mothim,mothim-plant,legends-arceus,legends-arceus,grueling-grove,flying,20 - 23,true,true,,35 - 38,,,,,,,,,,
mothim,mothim-plant,legends-arceus,legends-arceus,spring-path-hisui,symbol-encounter,,true,true,,56,,,,,,,,,,
mothim,mothim-plant,legends-arceus,legends-arceus,spring-path-hisui,flying,41 - 44,true,true,,56 - 59,,,,,,,,,,
mothim,mothim-plant,legends-arceus,legends-arceus,veilstone-cape,flying,29 - 32,true,true,,44 - 47,,,,,,,,,,
mothim,mothim-plant,legends-arceus,legends-arceus,wayward-wood,symbol-encounter,,true,true,,55,,,,,,,,,,
mothim,mothim-plant,legends-arceus,legends-arceus,wayward-wood,flying,35 - 38,true,true,,50 - 53,,,,,,,,,,
mr-mime,mr-mime,legends-arceus,legends-arceus,crossing-slope,contact-space-time-distortion,30 - 58,true,true,,50 - 78,,,,,,,,,,
mr-mime,mr-mime,legends-arceus,legends-arceus,deadwood-haunt,contact-space-time-distortion,30 - 58,true,true,,50 - 78,,,,,,,,,,
mr-mime,mr-mime,legends-arceus,legends-arceus,ginkgo-landing,contact-space-time-distortion,30 - 58,true,true,,50 - 78,,,,,,,,,,
mr-mime,mr-mime,legends-arceus,legends-arceus,sandgem-flats,symbol-encounter,15 - 18,true,true,,30 - 33,,,,,,,,,,
mr-mime,mr-mime,legends-arceus,legends-arceus,sandgem-flats,swarm,28 - 30,true,true,,43 - 45,,,,,,,,,,
mr-mime,mr-mime,legends-arceus,legends-arceus,spring-path-hisui,contact-space-time-distortion,30 - 58,true,true,,50 - 78,,,,,,,,,,
mr-mime,mr-mime,legends-arceus,legends-arceus,windbreak-stand,contact-space-time-distortion,30 - 58,true,true,,50 - 78,,,,,,,,,,
munchlax,munchlax,legends-arceus,legends-arceus,deertrack-path,symbol-encounter,7 - 10,true,true,,22 - 25,,,,,,,,,,
munchlax,munchlax,legends-arceus,legends-arceus,snowfall-hot-spring,symbol-encounter,47 - 50,true,true,,62 - 65,,,,,,,,,,
munchlax,munchlax,legends-arceus,legends-arceus,snowfall-hot-spring,swarm,56 - 58,true,true,,71 - 73,,,,,,,,,,
murkrow,murkrow,legends-arceus,legends-arceus,aipom-hill,symbol-encounter,33 - 36,,true,,48 - 51,,,,,true,,,,,
murkrow,murkrow,legends-arceus,legends-arceus,bathers-lagoon,symbol-encounter,33 - 36,,true,,48 - 51,,,,,true,,,,,
murkrow,murkrow,legends-arceus,legends-arceus,castaway-shore,symbol-encounter,"24 - 27, 31 - 34",,true,,"39 - 42, 46 - 49",,,,,true,,,,,
murkrow,murkrow,legends-arceus,legends-arceus,castaway-shore,flying,31 - 34,,true,,46 - 49,,,,,true,,,,,
murkrow,murkrow,legends-arceus,legends-arceus,cloudpool-ridge,symbol-encounter,23 - 25,,true,,,,,,,true,,,,,
murkrow,murkrow,legends-arceus,legends-arceus,cloudpool-ridge,swarm,27 - 29,true,true,true,42 - 44,,,,,,,,,,
murkrow,murkrow,legends-arceus,legends-arceus,crossing-slope,symbol-encounter,27 - 30,,true,,42 - 45,,,,,true,,,,,
murkrow,murkrow,legends-arceus,legends-arceus,ginkgo-landing,symbol-encounter,24 - 30,,true,,39 - 45,,,,,true,,,,,
murkrow,murkrow,legends-arceus,legends-arceus,hideaway-bay,symbol-encounter,41 - 44,,true,,56 - 59,,,,,true,,,,,
murkrow,murkrow,legends-arceus,legends-arceus,islespy-shore,symbol-encounter,41 - 44,,true,,56 - 59,,,,,true,,,,,
murkrow,murkrow,legends-arceus,legends-arceus,spring-path-hisui,flying,41 - 44,,true,true,56 - 59,,,,,true,,,,,
murkrow,murkrow,legends-arceus,legends-arceus,veilstone-cape,symbol-encounter,29 - 32,,true,,44 - 47,,,,,true,,,,,
murkrow,murkrow,legends-arceus,legends-arceus,veilstone-cape,flying,29 - 32,,true,,44 - 47,,,,,true,,,,,
murkrow,murkrow,legends-arceus,legends-arceus,windbreak-stand,symbol-encounter,29 - 32,,true,true,44 - 47,,,,,true,,,,,
ninetales,ninetales,legends-arceus,legends-arceus,firespit-island,symbol-encounter,,true,true,,61,,,,,,,,,,
nosepass,nosepass,legends-arceus,legends-arceus,celestica-ruins,symbol-encounter,39 - 42,true,true,,54 - 57,,,,,,,,,,
nosepass,nosepass,legends-arceus,legends-arceus,cloudcap-pass,shaking-ore-deposits,39 - 42,true,true,,54 - 57,,,,,,,,,,
nosepass,nosepass,legends-arceus,legends-arceus,primeval-grotto,symbol-encounter,53 - 56,true,true,,68 - 71,,,,,,,,,,
nosepass,nosepass,legends-arceus,legends-arceus,primeval-grotto,shaking-ore-deposits,53 - 56,true,true,,68 - 71,,,,,,,,,,
nosepass,nosepass,legends-arceus,legends-arceus,primeval-grotto,swarm,47 - 49,true,true,true,62 - 64,,,,,,,,,,
nosepass,nosepass,legends-arceus,legends-arceus,sacred-plaza,shaking-ore-deposits,39 - 42,true,true,,54 - 57,,,,,,,,,,
octillery,octillery,legends-arceus,legends-arceus,ancient-quarry,contact-space-time-distortion,35 - 53,true,true,true,50 - 68,,,,,,,,,,
octillery,octillery,legends-arceus,legends-arceus,bolderoll-ravine,contact-space-time-distortion,35 - 53,true,true,,50 - 68,,,,,,,,,,
octillery,octillery,legends-arceus,legends-arceus,castaway-shore,symbol-encounter,,true,true,,46,,,,,,,,,,
octillery,octillery,legends-arceus,legends-arceus,castaway-shore,swarm,45 - 47,true,true,,60 - 62,,,,,,,,,,
octillery,octillery,legends-arceus,legends-arceus,celestica-ruins,contact-space-time-distortion,35 - 53,true,true,,50 - 68,,,,,,,,,,
octillery,octillery,legends-arceus,legends-arceus,celestica-trail,contact-space-time-distortion,35 - 53,true,true,,50 - 68,,,,,,,,,,
octillery,octillery,legends-arceus,legends-arceus,islespy-shore,symbol-encounter,41 - 44,true,true,true,56 - 59,,,,,,,,,,
octillery,octillery,legends-arceus,legends-arceus,islespy-shore,symbol-encounter,41 - 44,true,true,true,56 - 59,,,,,,,,,,
octillery,octillery,legends-arceus,legends-arceus,sacred-plaza,contact-space-time-distortion,35 - 53,true,true,,50 - 68,,,,,,,,,,
octillery,octillery,legends-arceus,legends-arceus,seaside-hollow,symbol-encounter,33 - 36,true,true,,48 - 51,,,,After capturing {Manaphy;POKEMON;manaphy},,,,,,
octillery,octillery,legends-arceus,legends-arceus,stonetooth-rows,contact-space-time-distortion,35 - 53,true,true,,50 - 68,,,,,,,,,,
onix,onix,legends-arceus,legends-arceus,celestica-trail,symbol-encounter,43 - 46,true,true,,58 - 61,,,,,,,,,,
onix,onix,legends-arceus,legends-arceus,celestica-trail,swarm,50 - 52,true,true,,65 - 67,,,,,,,,,,
onix,onix,legends-arceus,legends-arceus,diamond-settlement,symbol-encounter,,true,true,true,50,,,,,,,,,,
onix,onix,legends-arceus,legends-arceus,horseshoe-plains,contact-space-time-distortion,25 - 55,true,true,,35 - 70,,,,,,,,,,
onix,onix,legends-arceus,legends-arceus,lake-valor-hisui,symbol-encounter,25 - 28,true,true,true,40 - 43,,,,,,,,,,
onix,onix,legends-arceus,legends-arceus,natures-pantry,contact-space-time-distortion,25 - 55,true,true,,35 - 70,,,,,,,,,,
onix,onix,legends-arceus,legends-arceus,sandgem-flats,contact-space-time-distortion,25 - 55,true,true,,35 - 70,,,,,,,,,,
onix,onix,legends-arceus,legends-arceus,scarlet-bog,symbol-encounter,21 - 24,true,true,true,36 - 39,,,,,,,,,,
onix,onix,legends-arceus,legends-arceus,windswept-run,contact-space-time-distortion,25 - 55,true,true,,35 - 70,,,,,,,,,,
oshawott,oshawott,legends-arceus,legends-arceus,arenas-approach,contact-space-time-distortion,55 - 58,true,true,,70 - 73,,,,"After completing Mission 18: ""The Counterpart""",,,,,,
oshawott,oshawott,legends-arceus,legends-arceus,avalanche-slopes,contact-space-time-distortion,55 - 58,true,true,,70 - 73,,,,"After completing Mission 18: ""The Counterpart""",,,,,,
oshawott,oshawott,legends-arceus,legends-arceus,bonechill-wastes,contact-space-time-distortion,55 - 58,true,true,,70 - 73,,,,"After completing Mission 18: ""The Counterpart""",,,,,,
oshawott,oshawott,legends-arceus,legends-arceus,glacier-terrace,contact-space-time-distortion,55 - 58,true,true,,70 - 73,,,,"After completing Mission 18: ""The Counterpart""",,,,,,
oshawott,oshawott,legends-arceus,legends-arceus,hearts-crag,contact-space-time-distortion,55 - 58,true,true,,70 - 73,,,,"After completing Mission 18: ""The Counterpart""",,,,,,
overqwil,overqwil,legends-arceus,legends-arceus,lake-valor-hisui,special-encounter,,true,true,,58,,,,"Can be caught during Mission 15: ""The Trial of Lake Valor"". Unlocked after completing Mission 13: ""Disaster Looming"". Does not respawn and is never shiny.",,,,,,
pachirisu,pachirisu,legends-arceus,legends-arceus,cottonsedge-prairie,symbol-encounter,33 - 36,true,true,,48 - 51,,,,,,,,,,
pachirisu,pachirisu,legends-arceus,legends-arceus,cottonsedge-prairie,shaking-trees,33 - 36,true,true,,48 - 51,,,,,,,,,,
pachirisu,pachirisu,legends-arceus,legends-arceus,droning-meadow,shaking-trees,33 - 36,true,true,,48 - 51,,,,,,,,,,
pachirisu,pachirisu,legends-arceus,legends-arceus,gapejaw-bog,symbol-encounter,,true,true,true,40,,,,,,,,,,
pachirisu,pachirisu,legends-arceus,legends-arceus,gapejaw-bog,shaking-trees,"19 - 24, 41 - 44",true,true,,"34 - 39, 56 - 59",,,,,,,,,,
pachirisu,pachirisu,legends-arceus,legends-arceus,gapejaw-bog,swarm,24 - 26,true,true,true,39 - 41,,,,,,,,,,
pachirisu,pachirisu,legends-arceus,legends-arceus,golden-lowlands,shaking-trees,"19 - 22, 41 - 44",true,true,true,"34 - 37, 56 - 59",,,,,,,,,,
pachirisu,pachirisu,legends-arceus,legends-arceus,holm-of-trials,shaking-trees,33 - 36,true,true,,48 - 51,,,,,,,,,,
pachirisu,pachirisu,legends-arceus,legends-arceus,scarlet-bog,shaking-trees,21 - 24,true,true,true,36 - 39,,,,,,,,,,
pachirisu,pachirisu,legends-arceus,legends-arceus,ursas-ring,shaking-trees,27 - 30,true,true,,42 - 45,,,,,,,,,,
palkia,palkia,legends-arceus,legends-arceus,temple-of-sinnoh,special-encounter,65,true,true,,,,,,"Can be caught during Mission 17: ""Atop Mount Coronet"". Unlocked after completing Mission 13: ""Disaster Looming"" and picked Irida and completes forging the {Red Chain;ITEM;red-chain}",,,,,,
palkia-origin,palkia-origin,legends-arceus,legends-arceus,temple-of-sinnoh,special-encounter,65,true,true,,,,,,"Can be caught during Mission 18: ""The Counterpart"" if the player chooses Adaman during Mission 13: ""Disaster Looming""",,,,,,
paras,paras,legends-arceus,legends-arceus,cloudpool-ridge,symbol-encounter,20 - 23,true,true,true,35 - 38,,,,,,,,,,
paras,paras,legends-arceus,legends-arceus,cottonsedge-prairie,symbol-encounter,20 - 23,true,true,true,35 - 38,,,,,,,,,,
paras,paras,legends-arceus,legends-arceus,diamond-heath,symbol-encounter,20 - 23,true,true,,35 - 38,,,,,,,,,,
paras,paras,legends-arceus,legends-arceus,droning-meadow,symbol-encounter,20 - 23,true,true,,35 - 38,,,,,,,,,,
paras,paras,legends-arceus,legends-arceus,golden-lowlands,symbol-encounter,17 - 23,true,true,,32 - 38,,,,,,,,,,
paras,paras,legends-arceus,legends-arceus,golden-lowlands,swarm,20 - 22,true,true,,35 - 37,,,,,,,,,,
paras,paras,legends-arceus,legends-arceus,heavenward-lookout,symbol-encounter,20 - 23,true,true,,35 - 38,,,,,,,,,,
paras,paras,legends-arceus,legends-arceus,natures-pantry,symbol-encounter,9 - 12,true,true,,24 - 27,,,,,,,,,,
paras,paras,legends-arceus,legends-arceus,natures-pantry,swarm,11 - 13,true,true,true,26 - 28,,,,,,,,,,
paras,paras,legends-arceus,legends-arceus,ursas-ring,symbol-encounter,20 - 23,true,true,true,35 - 38,,,,,,,,,,
paras,paras,legends-arceus,legends-arceus,wayward-wood,symbol-encounter,20 - 23,true,true,,35 - 38,,,,,,,,,,
paras,paras,legends-arceus,legends-arceus,windbreak-stand,symbol-encounter,20 - 23,true,true,true,35 - 38,,,,,,,,,,
parasect,parasect,legends-arceus,legends-arceus,cloudpool-ridge,symbol-encounter,25 - 28,true,true,true,40 - 43,,,,,,,,,,
parasect,parasect,legends-arceus,legends-arceus,cottonsedge-prairie,symbol-encounter,33 - 36,true,true,true,48 - 51,,,,,,,,,,
parasect,parasect,legends-arceus,legends-arceus,diamond-heath,symbol-encounter,24 - 27,true,true,,39 - 42,,,,,,,,,,
parasect,parasect,legends-arceus,legends-arceus,droning-meadow,symbol-encounter,33 - 36,true,true,,48 - 51,,,,,,,,,,
parasect,parasect,legends-arceus,legends-arceus,golden-lowlands,symbol-encounter,"24 - 27, 41 - 44",true,true,,"39 - 42, 56 - 59",,,,,,,,,,
parasect,parasect,legends-arceus,legends-arceus,golden-lowlands,swarm,24 - 26,true,true,,39 - 41,,,,,,,,,,
parasect,parasect,legends-arceus,legends-arceus,heavenward-lookout,symbol-encounter,35 - 38,true,true,,50 - 53,,,,,,,,,,
parasect,parasect,legends-arceus,legends-arceus,natures-pantry,symbol-encounter,,true,true,,30,,,,,,,,,,
parasect,parasect,legends-arceus,legends-arceus,natures-pantry,swarm,24 - 26,true,true,true,39 - 41,,,,,,,,,,
parasect,parasect,legends-arceus,legends-arceus,ursas-ring,symbol-encounter,27 - 30,true,true,true,42 - 45,,,,,,,,,,
parasect,parasect,legends-arceus,legends-arceus,wayward-wood,symbol-encounter,35 - 38,true,true,,50 - 53,,,,,,,,,,
parasect,parasect,legends-arceus,legends-arceus,windbreak-stand,symbol-encounter,"29 - 32, 41 - 44",true,true,,"44 - 47, 56 - 59",,,,,,,,,,
petilil,petilil,legends-arceus,legends-arceus,cottonsedge-prairie,symbol-encounter,33 - 36,true,true,,48 - 51,,,,,,,,,,
petilil,petilil,legends-arceus,legends-arceus,holm-of-trials,symbol-encounter,33 - 36,true,true,,48 - 51,,,,,,,,,,
petilil,petilil,legends-arceus,legends-arceus,holm-of-trials,swarm,38 - 40,true,true,,53 - 55,,,,,,,,,,
phione,phione,legends-arceus,legends-arceus,seaside-hollow,symbol-encounter,33 - 36,true,true,,,,,,After capturing {Manaphy;POKEMON;manaphy},,,,,,
phione,phione,legends-arceus,legends-arceus,seaside-hollow,special-encounter,33 - 36,true,true,,,,,,"Three appear during Request 66: ""The Sea's Legend"". Never shiny",,,,,,
pichu,pichu,legends-arceus,legends-arceus,aspiration-hill,symbol-encounter,3 - 6,true,true,true,18 - 21,,,,,,,,,,
pichu,pichu,legends-arceus,legends-arceus,aspiration-hill,swarm,8 - 10,true,true,true,23 - 25,,,,,,,,,,
pichu,pichu,legends-arceus,legends-arceus,floaro-gardens,symbol-encounter,3 - 6,true,true,,18 - 21,,,,,,,,,,
pichu,pichu,legends-arceus,legends-arceus,golden-lowlands,symbol-encounter,"17 - 20, 41 - 44",true,true,true,"32 - 35, 56 - 59",,,,,,,,,,
pichu,pichu,legends-arceus,legends-arceus,natures-pantry,symbol-encounter,9 - 12,,true,,24 - 27,true,true,true,,,,,,,
pikachu,pikachu,legends-arceus,legends-arceus,arenas-approach,contact-space-time-distortion,45 - 58,true,true,,60 - 73,,,,,,,,,,
pikachu,pikachu,legends-arceus,legends-arceus,avalanche-slopes,contact-space-time-distortion,45 - 58,true,true,,60 - 73,,,,,,,,,,
pikachu,pikachu,legends-arceus,legends-arceus,bonechill-wastes,contact-space-time-distortion,45 - 58,true,true,,60 - 73,,,,,,,,,,
pikachu,pikachu,legends-arceus,legends-arceus,glacier-terrace,contact-space-time-distortion,45 - 58,true,true,,60 - 73,,,,,,,,,,
pikachu,pikachu,legends-arceus,legends-arceus,golden-lowlands,symbol-encounter,"17 - 20, 41 - 44",true,true,true,32 - 35. 56 - 59,,,,,,,,,,
pikachu,pikachu,legends-arceus,legends-arceus,hearts-crag,contact-space-time-distortion,45 - 58,true,true,,60 - 73,,,,,,,,,,
pikachu,pikachu,legends-arceus,legends-arceus,natures-pantry,symbol-encounter,9 - 12,true,true,,24 - 27,,,,,,,,,,
pikachu,pikachu,legends-arceus,legends-arceus,natures-pantry,swarm,11 - 13,true,true,true,26 - 28,,,,,,,,,,
pikachu,pikachu,legends-arceus,legends-arceus,windbreak-stand,symbol-encounter,29 - 32,true,true,true,44 - 47,,,,,,,,,,
piloswine,piloswine,legends-arceus,legends-arceus,arenas-approach,symbol-encounter,47 - 50,true,true,true,62 - 65,,,,,,,,,,
piloswine,piloswine,legends-arceus,legends-arceus,arenas-approach,symbol-encounter,,true,true,,65,,,,,,,,,,
piloswine,piloswine,legends-arceus,legends-arceus,avalanche-slopes,symbol-encounter,59 - 62,true,true,,74 - 77,,,,,,,,,,
piloswine,piloswine,legends-arceus,legends-arceus,avaluggs-legacy,symbol-encounter,45 - 48,,true,,60 - 63,true,true,true,,,,,,,
piloswine,piloswine,legends-arceus,legends-arceus,avaluggs-legacy,symbol-encounter,49 - 52,true,true,,64 - 67,,,,,,,,,,
piloswine,piloswine,legends-arceus,legends-arceus,bonechill-wastes,symbol-encounter,43 - 46,true,true,,58 - 61,,,,,,,,,,
piloswine,piloswine,legends-arceus,legends-arceus,bonechill-wastes,swarm,48 - 49,true,true,,63 - 64,,,,,,,,,,
piplup,piplup,legends-arceus,legends-arceus,islespy-shore,swarm,11 - 13,true,true,true,26 - 28,,,,,,,,,,
piplup,piplup,legends-arceus,legends-arceus,spring-path-hisui,symbol-encounter,12 - 15,true,true,true,27 - 30,,,,,,,,,,
ponyta,ponyta,legends-arceus,legends-arceus,horseshoe-plains,symbol-encounter,3 - 6,true,,,18 - 21,,,,,,,,true,true,true
ponyta,ponyta,legends-arceus,legends-arceus,horseshoe-plains,swarm,15 - 17,true,true,,30 - 32,,,,,,,,,,
ponyta,ponyta,legends-arceus,legends-arceus,horseshoe-plains,special-encounter,15,true,true,,,,,,"Complete Request 19: ""A Peculiar Ponyta"". Always Shiny",,,,,,
porygon,porygon,legends-arceus,legends-arceus,cottonsedge-prairie,contact-space-time-distortion,20 - 55,true,true,,35 - 70,,,,,,,,,,
porygon,porygon,legends-arceus,legends-arceus,droning-meadow,contact-space-time-distortion,20 - 55,true,true,,35 - 70,,,,,,,,,,
porygon,porygon,legends-arceus,legends-arceus,gapejaw-bog,contact-space-time-distortion,20 - 55,true,true,,35 - 70,,,,,,,,,,
porygon,porygon,legends-arceus,legends-arceus,holm-of-trials,contact-space-time-distortion,20 - 55,true,true,,35 - 70,,,,,,,,,,
porygon-z,porygon-z,legends-arceus,legends-arceus,cottonsedge-prairie,contact-space-time-distortion,30 - 65,true,true,,50 - 85,,,,,,,,,,
porygon-z,porygon-z,legends-arceus,legends-arceus,droning-meadow,contact-space-time-distortion,30 - 65,true,true,,50 - 85,,,,,,,,,,
porygon-z,porygon-z,legends-arceus,legends-arceus,gapejaw-bog,contact-space-time-distortion,30 - 65,true,true,,50 - 85,,,,,,,,,,
porygon-z,porygon-z,legends-arceus,legends-arceus,holm-of-trials,contact-space-time-distortion,30 - 65,true,true,,50 - 85,,,,,,,,,,
porygon2,porygon2,legends-arceus,legends-arceus,cottonsedge-prairie,contact-space-time-distortion,25 - 60,true,true,,45 - 80,,,,,,,,,,
porygon2,porygon2,legends-arceus,legends-arceus,droning-meadow,contact-space-time-distortion,25 - 60,true,true,,45 - 80,,,,,,,,,,
porygon2,porygon2,legends-arceus,legends-arceus,gapejaw-bog,contact-space-time-distortion,25 - 60,true,true,,45 - 80,,,,,,,,,,
porygon2,porygon2,legends-arceus,legends-arceus,holm-of-trials,contact-space-time-distortion,25 - 60,true,true,,45 - 80,,,,,,,,,,
prinplup,prinplup,legends-arceus,legends-arceus,islespy-shore,swarm,16 - 18,true,true,true,31 - 33,,,,,,,,,,
prinplup,prinplup,legends-arceus,legends-arceus,spring-path-hisui,symbol-encounter,32 - 25,true,true,true,47 - 50,,,,,,,,,,
probopass,probopass,legends-arceus,legends-arceus,primeval-grotto,symbol-encounter,,true,true,true,73,,,,,,,,,,
psyduck,psyduck,legends-arceus,legends-arceus,bathers-lagoon,symbol-encounter,29 - 32,true,true,,44 - 47,,,,,,,,,,
psyduck,psyduck,legends-arceus,legends-arceus,gapejaw-bog,symbol-encounter,19 - 22,true,true,,34 - 37,,,,,,,,,,
psyduck,psyduck,legends-arceus,legends-arceus,golden-lowlands,symbol-encounter,17 - 20,true,true,,32 - 35,,,,,,,,,,
psyduck,psyduck,legends-arceus,legends-arceus,golden-lowlands,swarm,22 - 24,true,true,,37 - 39,,,,,,,,,,
psyduck,psyduck,legends-arceus,legends-arceus,holm-of-trials,symbol-encounter,29 - 32,true,true,,44 - 47,,,,,,,,,,
psyduck,psyduck,legends-arceus,legends-arceus,lonely-spring,symbol-encounter,29 - 32,true,true,,44 - 47,,,,,,,,,,
psyduck,psyduck,legends-arceus,legends-arceus,the-heartwood,symbol-encounter,13 - 16,true,true,,28 - 31,,,,,,,,,,
psyduck,psyduck,legends-arceus,legends-arceus,the-heartwood,swarm,15 - 17,true,true,,30 - 32,,,,,,,,,,
psyduck,psyduck,legends-arceus,legends-arceus,wayward-wood,symbol-encounter,29 - 32,true,true,,44 - 47,,,,,,,,,,
purugly,purugly,legends-arceus,legends-arceus,crossing-slope,symbol-encounter,38 - 41,true,true,,53 - 56,,,,,,,,,,
purugly,purugly,legends-arceus,legends-arceus,glacier-terrace,symbol-encounter,34 - 52,true,true,true,49 - 67,,,,,,,,,,
purugly,purugly,legends-arceus,legends-arceus,veilstone-cape,symbol-encounter,,true,true,,45,,,,,,,,,,
purugly,purugly,legends-arceus,legends-arceus,veilstone-cape,swarm,38 - 40,true,true,,53 - 55,,,,,,,,,,
quilava,quilava,legends-arceus,legends-arceus,cottonsedge-prairie,contact-space-time-distortion,52 - 55,true,true,,67 - 70,,,,"After completing Mission 18: ""The Counterpart""",,,,,,
quilava,quilava,legends-arceus,legends-arceus,droning-meadow,contact-space-time-distortion,52 - 55,true,true,,67 - 70,,,,"After completing Mission 18: ""The Counterpart""",,,,,,
quilava,quilava,legends-arceus,legends-arceus,gapejaw-bog,contact-space-time-distortion,52 - 55,true,true,,67 - 70,,,,"After completing Mission 18: ""The Counterpart""",,,,,,
quilava,quilava,legends-arceus,legends-arceus,holm-of-trials,contact-space-time-distortion,52 - 55,true,true,,67 - 70,,,,"After completing Mission 18: ""The Counterpart""",,,,,,
qwilfish-hisui,qwilfish-hisui,legends-arceus,legends-arceus,bathers-lagoon,symbol-encounter,24 - 36,true,true,true,39 - 51,,,,,,,,,,
qwilfish-hisui,qwilfish-hisui,legends-arceus,legends-arceus,firespit-island,symbol-encounter,41 - 44,true,true,true,56 - 59,,,,,,,,,,
qwilfish-hisui,qwilfish-hisui,legends-arceus,legends-arceus,hideaway-bay,symbol-encounter,24 - 36,true,true,true,39 - 51,,,,,,,,,,
qwilfish-hisui,qwilfish-hisui,legends-arceus,legends-arceus,hideaway-bay,swarm,35 - 37,true,true,true,50 - 52,,,,,,,,,,
qwilfish-hisui,qwilfish-hisui,legends-arceus,legends-arceus,islespy-shore,symbol-encounter,,true,true,,55,,,,,,,,,,
qwilfish-hisui,qwilfish-hisui,legends-arceus,legends-arceus,islespy-shore,symbol-encounter,41 - 44,true,true,true,56 - 59,,,,,,,,,,
qwilfish-hisui,qwilfish-hisui,legends-arceus,legends-arceus,lunkers-lair,symbol-encounter,31 - 34,true,true,,46 - 49,,,,,,,,,,
qwilfish-hisui,qwilfish-hisui,legends-arceus,legends-arceus,ramanas-island,symbol-encounter,53 - 56,true,true,true,68 - 71,,,,,,,,,,
qwilfish-hisui,qwilfish-hisui,legends-arceus,legends-arceus,ramanas-island,swarm,58 - 60,true,true,true,73 - 75,,,,,,,,,,
qwilfish-hisui,qwilfish-hisui,legends-arceus,legends-arceus,sands-reach,symbol-encounter,31 - 34,true,true,true,46 - 49,,,,,,,,,,
qwilfish-hisui,qwilfish-hisui,legends-arceus,legends-arceus,seagrass-haven,symbol-encounter,31 - 34,true,true,true,46 - 49,,,,,,,,,,
qwilfish-hisui,qwilfish-hisui,legends-arceus,legends-arceus,tombolo-walk,symbol-encounter,24 - 36,true,true,true,39 - 51,,,,,,,,,,
qwilfish-hisui,qwilfish-hisui,legends-arceus,legends-arceus,tranquility-cove,symbol-encounter,31 - 34,true,true,,46 - 49,,,,,,,,,,
raichu,raichu,legends-arceus,legends-arceus,arenas-approach,contact-space-time-distortion,50 - 63,true,true,,65 - 78,,,,,,,,,,
raichu,raichu,legends-arceus,legends-arceus,avalanche-slopes,contact-space-time-distortion,50 - 63,true,true,,65 - 78,,,,,,,,,,
raichu,raichu,legends-arceus,legends-arceus,bonechill-wastes,contact-space-time-distortion,50 - 63,true,true,,65 - 78,,,,,,,,,,
raichu,raichu,legends-arceus,legends-arceus,glacier-terrace,contact-space-time-distortion,50 - 63,true,true,,65 - 78,,,,,,,,,,
raichu,raichu,legends-arceus,legends-arceus,golden-lowlands,symbol-encounter,,true,true,true,52,,,,,,,,,,
raichu,raichu,legends-arceus,legends-arceus,hearts-crag,contact-space-time-distortion,50 - 63,true,true,,65 - 78,,,,,,,,,,
ralts,ralts,legends-arceus,legends-arceus,gapejaw-bog,symbol-encounter,19 - 22,true,true,,34 - 37,,,,,,,,,,
ralts,ralts,legends-arceus,legends-arceus,hearts-crag,symbol-encounter,16 - 19,true,true,,31 - 34,,,,,,,,,,
ralts,ralts,legends-arceus,legends-arceus,lake-acuity-hisui,swarm,17 - 19,true,true,true,32 - 34,,,,,,,,,,
ralts,ralts,legends-arceus,legends-arceus,shrouded-ruins,symbol-encounter,16 - 19,true,true,,31 - 34,,,,,,,,,,
ralts,ralts,legends-arceus,legends-arceus,snowpoint-temple,symbol-encounter,16 - 19,true,true,,31 - 34,,,,,,,,,,
rampardos,rampardos,legends-arceus,legends-arceus,ancient-quarry,contact-space-time-distortion,55 - 58,true,true,true,70 - 73,,,,,,,,,,
rampardos,rampardos,legends-arceus,legends-arceus,bolderoll-ravine,contact-space-time-distortion,55 - 58,true,true,,70 - 73,,,,,,,,,,
rampardos,rampardos,legends-arceus,legends-arceus,celestica-ruins,contact-space-time-distortion,55 - 58,true,true,,70 - 73,,,,,,,,,,
rampardos,rampardos,legends-arceus,legends-arceus,celestica-trail,contact-space-time-distortion,55 - 58,true,true,,70 - 73,,,,,,,,,,
rampardos,rampardos,legends-arceus,legends-arceus,sacred-plaza,contact-space-time-distortion,55 - 58,true,true,,70 - 73,,,,,,,,,,
rampardos,rampardos,legends-arceus,legends-arceus,stonetooth-rows,contact-space-time-distortion,55 - 58,true,true,,70 - 73,,,,,,,,,,
rapidash,rapidash,legends-arceus,legends-arceus,arenas-approach,contact-space-time-distortion,50 - 63,true,true,,65 - 78,,,,,,,,,,
rapidash,rapidash,legends-arceus,legends-arceus,avalanche-slopes,contact-space-time-distortion,50 - 63,true,true,,65 - 78,,,,,,,,,,
rapidash,rapidash,legends-arceus,legends-arceus,bonechill-wastes,contact-space-time-distortion,50 - 63,true,true,,65 - 78,,,,,,,,,,
rapidash,rapidash,legends-arceus,legends-arceus,glacier-terrace,contact-space-time-distortion,50 - 63,true,true,,65 - 78,,,,,,,,,,
rapidash,rapidash,legends-arceus,legends-arceus,hearts-crag,contact-space-time-distortion,50 - 63,true,true,,65 - 78,,,,,,,,,,
rapidash,rapidash,legends-arceus,legends-arceus,horseshoe-plains,symbol-encounter,,true,,,40,,,,,,,,true,true,true
rapidash,rapidash,legends-arceus,legends-arceus,horseshoe-plains,swarm,40 - 42,true,true,,55 - 57,,,,,,,,,,
regigigas,regigigas,legends-arceus,legends-arceus,snowpoint-temple,special-encounter,70,true,true,,,,,,"Can be caught during Mission 24: ""The Plate of Snowpoint Temple"". Unlocked after completing Mission 20: ""The Researcher of Myths"".<br/>Respawns immediately and is never Shiny",,,,,,
remoraid,remoraid,legends-arceus,legends-arceus,bathers-lagoon,symbol-encounter,21 - 24,true,true,true,36 - 39,,,,,,,,,,
remoraid,remoraid,legends-arceus,legends-arceus,castaway-shore,symbol-encounter,21 - 24,true,true,true,36 - 39,,,,,,,,,,
remoraid,remoraid,legends-arceus,legends-arceus,deadwood-haunt,symbol-encounter,21 - 24,true,true,true,36 - 39,,,,,,,,,,
remoraid,remoraid,legends-arceus,legends-arceus,deadwood-haunt,swarm,22 - 24,true,true,true,37 - 39,,,,,,,,,,
remoraid,remoraid,legends-arceus,legends-arceus,hideaway-bay,symbol-encounter,21 - 24,true,true,true,36 - 39,,,,,,,,,,
remoraid,remoraid,legends-arceus,legends-arceus,sands-reach,symbol-encounter,21 - 24,true,true,,36 - 39,,,,,,,,,,
remoraid,remoraid,legends-arceus,legends-arceus,tombolo-walk,symbol-encounter,21 - 24,true,true,true,36 - 39,,,,,,,,,,
remoraid,remoraid,legends-arceus,legends-arceus,tranquility-cove,symbol-encounter,21 - 24,true,true,,36 - 39,,,,,,,,,,
rhydon,rhydon,legends-arceus,legends-arceus,bolderoll-slope,swarm,42 - 44,true,true,,57 - 59,,,,,,,,,,
rhydon,rhydon,legends-arceus,legends-arceus,celestica-trail,symbol-encounter,43 - 46,true,true,,58 - 61,,,,,,,,,,
rhydon,rhydon,legends-arceus,legends-arceus,celestica-trail,swarm,50 - 52,true,true,true,65 - 67,,,,,,,,,,
rhydon,rhydon,legends-arceus,legends-arceus,crossing-slope,contact-space-time-distortion,42 - 70,true,true,,57 - 85,,,,,,,,,,
rhydon,rhydon,legends-arceus,legends-arceus,deadwood-haunt,contact-space-time-distortion,42 - 70,true,true,,57 - 85,,,,,,,,,,
rhydon,rhydon,legends-arceus,legends-arceus,ginkgo-landing,contact-space-time-distortion,42 - 70,true,true,,57 - 85,,,,,,,,,,
rhydon,rhydon,legends-arceus,legends-arceus,sacred-plaza,symbol-encounter,53 - 56,true,true,,68 - 71,,,,,,,,,,
rhydon,rhydon,legends-arceus,legends-arceus,spring-path-hisui,contact-space-time-distortion,42 - 70,true,true,,57 - 85,,,,,,,,,,
rhydon,rhydon,legends-arceus,legends-arceus,windbreak-stand,contact-space-time-distortion,42 - 70,true,true,,57 - 85,,,,,,,,,,
rhyhorn,rhyhorn,legends-arceus,legends-arceus,bolderoll-slope,symbol-encounter,23 - 26,true,true,,38 - 41,,,,,,,,,,
rhyhorn,rhyhorn,legends-arceus,legends-arceus,bolderoll-slope,swarm,26 - 28,true,true,,41 - 43,,,,,,,,,,
rhyhorn,rhyhorn,legends-arceus,legends-arceus,celestica-trail,symbol-encounter,38 - 41,true,true,,53 - 56,,,,,,,,,,
rhyhorn,rhyhorn,legends-arceus,legends-arceus,celestica-trail,swarm,39 - 41,true,true,true,54 - 56,,,,,,,,,,
rhyhorn,rhyhorn,legends-arceus,legends-arceus,diamond-heath,symbol-encounter,23 - 26,true,true,,38 - 41,,,,,,,,,,
rhyhorn,rhyhorn,legends-arceus,legends-arceus,diamond-heath,symbol-encounter,,true,true,,45,,,,,,,,,,
rhyhorn,rhyhorn,legends-arceus,legends-arceus,sacred-plaza,symbol-encounter,38 - 41,true,true,,53 - 56,,,,,,,,,,
rhyhorn,rhyhorn,legends-arceus,legends-arceus,shrouded-ruins,symbol-encounter,25 - 28,true,true,,40 - 43,,,,,,,,,,
rhyperior,rhyperior,legends-arceus,legends-arceus,crossing-slope,contact-space-time-distortion,42 - 70,true,true,,62 - 90,,,,,,,,,,
rhyperior,rhyperior,legends-arceus,legends-arceus,deadwood-haunt,contact-space-time-distortion,42 - 70,true,true,,62 - 90,,,,,,,,,,
rhyperior,rhyperior,legends-arceus,legends-arceus,ginkgo-landing,contact-space-time-distortion,42 - 70,true,true,,62 - 90,,,,,,,,,,
rhyperior,rhyperior,legends-arceus,legends-arceus,sacred-plaza,symbol-encounter,,true,true,true,74,,,,,,,,,,
rhyperior,rhyperior,legends-arceus,legends-arceus,spring-path-hisui,contact-space-time-distortion,42 - 70,true,true,,62 - 90,,,,,,,,,,
rhyperior,rhyperior,legends-arceus,legends-arceus,windbreak-stand,contact-space-time-distortion,42 - 70,true,true,,62 - 90,,,,,,,,,,
riolu,riolu,legends-arceus,legends-arceus,icebound-falls,symbol-encounter,47 - 50,true,true,,62 - 65,,,,,,,,,,
riolu,riolu,legends-arceus,legends-arceus,icebound-falls,swarm,54 - 56,true,true,,69 - 71,,,,,,,,,,
riolu,riolu,legends-arceus,legends-arceus,snowfall-hot-spring,symbol-encounter,47 - 50,true,true,,62 - 65,,,,,,,,,,
roselia,roselia,legends-arceus,legends-arceus,cloudpool-ridge,symbol-encounter,25 - 28,true,true,,40 - 43,,,,,,,,,,
roselia,roselia,legends-arceus,legends-arceus,cloudpool-ridge,swarm,21 - 23,true,true,true,36 - 38,,,,,,,,,,
roselia,roselia,legends-arceus,legends-arceus,cottonsedge-prairie,symbol-encounter,33 - 36,true,true,true,48 - 51,,,,,,,,,,
roselia,roselia,legends-arceus,legends-arceus,fabled-spring,symbol-encounter,43 - 46,true,true,,58 - 61,,,,,,,,,,
roselia,roselia,legends-arceus,legends-arceus,fabled-spring,swarm,51 - 53,true,true,,66 - 68,,,,,,,,,,
roselia,roselia,legends-arceus,legends-arceus,gapejaw-bog,symbol-encounter,19 - 24,true,true,,34 - 39,,,,,,,,,,
roserade,roserade,legends-arceus,legends-arceus,cloudpool-ridge,symbol-encounter,,,true,,50,true,true,true,,,,,,,
rotom,rotom,legends-arceus,legends-arceus,celestica-ruins,boxes,39 - 42,true,true,,54 - 57,,,,,,,,,,
rotom,rotom,legends-arceus,legends-arceus,sacred-plaza,symbol-encounter,39 - 42,true,true,,54 - 57,,,,,,,,,,
rotom,rotom,legends-arceus,legends-arceus,sacred-plaza,boxes,39 - 42,true,true,,54 - 57,,,,,,,,,,
rotom,rotom,legends-arceus,legends-arceus,sacred-plaza,swarm,48 - 50,true,true,true,68 - 70,,,,,,,,,,
rotom,rotom,legends-arceus,legends-arceus,stonetooth-rows,symbol-encounter,43 - 46,true,true,,58 - 61,,,,,,,,,,
rowlet,rowlet,legends-arceus,legends-arceus,ancient-quarry,contact-space-time-distortion,50 - 53,true,true,true,65 - 68,,,,"After completing Mission 18: ""The Counterpart""",,,,,,
rowlet,rowlet,legends-arceus,legends-arceus,bolderoll-ravine,contact-space-time-distortion,50 - 53,true,true,,65 - 68,,,,"After completing Mission 18: ""The Counterpart""",,,,,,
rowlet,rowlet,legends-arceus,legends-arceus,celestica-ruins,contact-space-time-distortion,50 - 53,true,true,,65 - 68,,,,"After completing Mission 18: ""The Counterpart""",,,,,,
rowlet,rowlet,legends-arceus,legends-arceus,celestica-trail,contact-space-time-distortion,50 - 53,true,true,,65 - 68,,,,"After completing Mission 18: ""The Counterpart""",,,,,,
rowlet,rowlet,legends-arceus,legends-arceus,sacred-plaza,contact-space-time-distortion,50 - 53,true,true,,65 - 68,,,,"After completing Mission 18: ""The Counterpart""",,,,,,
rowlet,rowlet,legends-arceus,legends-arceus,stonetooth-rows,contact-space-time-distortion,50 - 53,true,true,,65 - 68,,,,"After completing Mission 18: ""The Counterpart""",,,,,,
rufflet,rufflet,legends-arceus,legends-arceus,avaluggs-legacy,flying,49 - 52,true,true,true,64 - 67,,,,,,,,,,
rufflet,rufflet,legends-arceus,legends-arceus,hearts-crag,flying,50 - 53,true,true,,65 - 68,,,,,,,,,,
rufflet,rufflet,legends-arceus,legends-arceus,lake-acuity-hisui,flying,"49 - 52, 55 - 58",true,true,,"64 - 67, 70 - 73",,,,,,,,,,
rufflet,rufflet,legends-arceus,legends-arceus,lake-acuity-hisui,swarm,51 - 53,true,true,,66 - 68,,,,,,,,,,
rufflet,rufflet,legends-arceus,legends-arceus,pearl-settlement,flying,49 - 52,true,true,true,64 - 67,,,,,,,,,,
samurott-hisui,samurott-hisui,legends-arceus,legends-arceus,arenas-approach,contact-space-time-distortion,65 - 68,true,true,,85 - 88,,,,"After completing Mission 18: ""The Counterpart""",,,,,,
samurott-hisui,samurott-hisui,legends-arceus,legends-arceus,avalanche-slopes,contact-space-time-distortion,65 - 68,true,true,,85 - 88,,,,"After completing Mission 18: ""The Counterpart""",,,,,,
samurott-hisui,samurott-hisui,legends-arceus,legends-arceus,bonechill-wastes,contact-space-time-distortion,65 - 68,true,true,,85 - 88,,,,"After completing Mission 18: ""The Counterpart""",,,,,,
samurott-hisui,samurott-hisui,legends-arceus,legends-arceus,glacier-terrace,contact-space-time-distortion,65 - 68,true,true,,85 - 88,,,,"After completing Mission 18: ""The Counterpart""",,,,,,
samurott-hisui,samurott-hisui,legends-arceus,legends-arceus,hearts-crag,contact-space-time-distortion,65 - 68,true,true,,85 - 88,,,,"After completing Mission 18: ""The Counterpart""",,,,,,
scizor,scizor,legends-arceus,legends-arceus,arenas-approach,contact-space-time-distortion,60 - 63,true,true,,80 - 83,,,,,,,,,,
scizor,scizor,legends-arceus,legends-arceus,avalanche-slopes,contact-space-time-distortion,60 - 63,true,true,,80 - 83,,,,,,,,,,
scizor,scizor,legends-arceus,legends-arceus,bonechill-wastes,contact-space-time-distortion,60 - 63,true,true,,80 - 83,,,,,,,,,,
scizor,scizor,legends-arceus,legends-arceus,glacier-terrace,contact-space-time-distortion,60 - 63,true,true,,80 - 83,,,,,,,,,,
scizor,scizor,legends-arceus,legends-arceus,hearts-crag,contact-space-time-distortion,60 - 63,true,true,,80 - 83,,,,,,,,,,
scyther,scyther,legends-arceus,legends-arceus,arenas-approach,contact-space-time-distortion,45 - 58,true,true,,60 - 73,,,,,,,,,,
scyther,scyther,legends-arceus,legends-arceus,avalanche-slopes,contact-space-time-distortion,45 - 58,true,true,,60 - 73,,,,,,,,,,
scyther,scyther,legends-arceus,legends-arceus,bonechill-wastes,contact-space-time-distortion,45 - 58,true,true,,60 - 73,,,,,,,,,,
scyther,scyther,legends-arceus,legends-arceus,glacier-terrace,contact-space-time-distortion,45 - 58,true,true,,60 - 73,,,,,,,,,,
scyther,scyther,legends-arceus,legends-arceus,grandtree-arena,symbol-encounter,13 - 16,true,true,,28 - 31,,,,,,,,,,
scyther,scyther,legends-arceus,legends-arceus,grandtree-arena,symbol-encounter,,true,true,true,42,,,,,,,,,,
scyther,scyther,legends-arceus,legends-arceus,grandtree-arena,swarm,23 - 25,true,true,true,38 - 40,,,,,,,,,,
scyther,scyther,legends-arceus,legends-arceus,hearts-crag,contact-space-time-distortion,45 - 58,true,true,,60 - 73,,,,,,,,,,
scyther,scyther,legends-arceus,legends-arceus,primeval-grotto,symbol-encounter,53 - 56,true,true,true,68 - 71,,,,,,,,,,
scyther,scyther,legends-arceus,legends-arceus,primeval-grotto,swarm,63 - 65,true,true,true,78 - 80,,,,,,,,,,
scyther,scyther,legends-arceus,legends-arceus,the-heartwood,symbol-encounter,13 - 16,true,true,,28 - 31,,,,,,,,,,
sealeo,sealeo,legends-arceus,legends-arceus,arenas-approach,contact-space-time-distortion,45 - 58,true,true,,60 - 73,,,,,,,,,,
sealeo,sealeo,legends-arceus,legends-arceus,avalanche-slopes,contact-space-time-distortion,45 - 58,true,true,,60 - 73,,,,,,,,,,
sealeo,sealeo,legends-arceus,legends-arceus,bonechill-wastes,contact-space-time-distortion,45 - 58,true,true,,60 - 73,,,,,,,,,,
sealeo,sealeo,legends-arceus,legends-arceus,glacier-terrace,contact-space-time-distortion,45 - 58,true,true,,60 - 73,,,,,,,,,,
sealeo,sealeo,legends-arceus,legends-arceus,hearts-crag,contact-space-time-distortion,45 - 58,true,true,,60 - 73,,,,,,,,,,
sealeo,sealeo,legends-arceus,legends-arceus,hideaway-bay,symbol-encounter,40 - 43,true,true,,55 - 58,,,,,,,,,,
sealeo,sealeo,legends-arceus,legends-arceus,hideaway-bay,swarm,34 - 36,true,true,,49 - 51,,,,,,,,,,
sealeo,sealeo,legends-arceus,legends-arceus,islespy-shore,symbol-encounter,34 - 36,true,true,,49 - 51,,,,,,,,,,
shaymin-land,shaymin-land,legends-arceus,legends-arceus,floaro-gardens,special-encounter,,true,true,,70,,,,"Can be caught during Request 92: ""A Token of Gratitude"". Unlocked after completing Mission 18: ""The Counterpart"" if the Nintendo Switch also holds save data from {SWSH;GAME;sword-shield}",,,,,,
shellos,shellos-east,legends-arceus,legends-arceus,seagrass-haven,symbol-encounter,26 - 29,true,true,,41 - 44,,,,,,,,,,
shellos,shellos-east,legends-arceus,legends-arceus,seagrass-haven,swarm,27 - 29,true,true,,42 - 44,,,,,,,,,,
shellos,shellos-east,legends-arceus,legends-arceus,tranquility-cove,symbol-encounter,31 - 34,true,true,,46 - 49,,,,,,,,,,
shellos,shellos-west,legends-arceus,legends-arceus,ramanas-island,symbol-encounter,26 - 29,true,true,,41 - 44,,,,,,,,,,
shellos,shellos-west,legends-arceus,legends-arceus,ramanas-island,swarm,27 - 29,true,true,,42 - 44,,,,,,,,,,
shellos,shellos-west,legends-arceus,legends-arceus,sandgem-flats,symbol-encounter,15 - 18,true,true,,30 - 33,,,,,,,,,,
shieldon,shieldon,legends-arceus,legends-arceus,ancient-quarry,contact-space-time-distortion,50 - 53,true,true,true,65 - 68,,,,,,,,,,
shieldon,shieldon,legends-arceus,legends-arceus,bolderoll-ravine,contact-space-time-distortion,50 - 53,true,true,,65 - 68,,,,,,,,,,
shieldon,shieldon,legends-arceus,legends-arceus,celestica-ruins,contact-space-time-distortion,50 - 53,true,true,,65 - 68,,,,,,,,,,
shieldon,shieldon,legends-arceus,legends-arceus,celestica-trail,contact-space-time-distortion,50 - 53,true,true,,65 - 68,,,,,,,,,,
shieldon,shieldon,legends-arceus,legends-arceus,sacred-plaza,contact-space-time-distortion,50 - 53,true,true,,65 - 68,,,,,,,,,,
shieldon,shieldon,legends-arceus,legends-arceus,stonetooth-rows,contact-space-time-distortion,50 - 53,true,true,,65 - 68,,,,,,,,,,
shinx,shinx,legends-arceus,legends-arceus,aspiration-hill,symbol-encounter,2 - 6,true,true,true,17 - 21,,,,,,,,,,
shinx,shinx,legends-arceus,legends-arceus,aspiration-hill,swarm,12 - 14,true,true,true,27 - 29,,,,,,,,,,
shinx,shinx,legends-arceus,legends-arceus,deertrack-heights,symbol-encounter,9 - 12,true,true,,24 - 27,,,,,,,,,,
shinx,shinx,legends-arceus,legends-arceus,floaro-gardens,symbol-encounter,3 - 6,true,true,true,18 - 21,,,,,,,,,,
shinx,shinx,legends-arceus,legends-arceus,oreburrow-tunnel,symbol-encounter,11 - 14,true,true,true,26 - 29,,,,,,,,,,
shinx,shinx,legends-arceus,legends-arceus,sacred-plaza,symbol-encounter,11 - 14,true,true,,26 - 29,,,,,,,,,,
shinx,shinx,legends-arceus,legends-arceus,sonorous-path,symbol-encounter,11 - 14,true,true,,26 - 29,,,,,,,,,,
shinx,shinx,legends-arceus,legends-arceus,sonorous-path,swarm,12 - 14,true,true,,27 - 29,,,,,,,,,,
silcoon,silcoon,legends-arceus,legends-arceus,floaro-gardens,symbol-encounter,5 - 7,,true,,20 - 22,true,true,true,,,,,,,
silcoon,silcoon,legends-arceus,legends-arceus,floaro-gardens,swarm,7 - 9,true,true,,22 - 24,,,,,,,,,,
silcoon,silcoon,legends-arceus,legends-arceus,horseshoe-plains,symbol-encounter,,,true,,22 - 24,,,,,,,,,,
silcoon,silcoon,legends-arceus,legends-arceus,the-heartwood,symbol-encounter,7 - 9,,true,,22 - 24,true,true,true,,,,,,,
skorupi,skorupi,legends-arceus,legends-arceus,castaway-shore,symbol-encounter,31 - 34,true,true,,46 - 49,,,,,,,,,,
skorupi,skorupi,legends-arceus,legends-arceus,castaway-shore,swarm,30 - 32,true,true,,45 - 47,,,,,,,,,,
skorupi,skorupi,legends-arceus,legends-arceus,ginkgo-landing,symbol-encounter,27 - 34,true,true,,42 - 49,,,,,,,,,,
skuntank,skuntank,legends-arceus,legends-arceus,ancient-quarry,symbol-encounter,43 - 46,true,true,true,58 - 61,,,,,,,,,,
skuntank,skuntank,legends-arceus,legends-arceus,celestica-trail,symbol-encounter,43 - 46,true,true,true,58 - 61,,,,,,,,,,
skuntank,skuntank,legends-arceus,legends-arceus,celestica-trail,swarm,51 - 53,true,true,true,66 - 68,,,,,,,,,,
skuntank,skuntank,legends-arceus,legends-arceus,crossing-slope,contact-space-time-distortion,34 - 62,true,true,,49 - 77,,,,,,,,,,
skuntank,skuntank,legends-arceus,legends-arceus,deadwood-haunt,contact-space-time-distortion,34 - 62,true,true,,49 - 77,,,,,,,,,,
skuntank,skuntank,legends-arceus,legends-arceus,ginkgo-landing,contact-space-time-distortion,34 - 62,true,true,,49 - 77,,,,,,,,,,
skuntank,skuntank,legends-arceus,legends-arceus,scarlet-bog,symbol-encounter,34 - 37,true,true,,49 - 52,,,,,,,,,,
skuntank,skuntank,legends-arceus,legends-arceus,scarlet-bog,symbol-encounter,,true,true,,45,,,,,,,,,,
skuntank,skuntank,legends-arceus,legends-arceus,scarlet-bog,swarm,38 - 40,true,true,true,53 - 55,,,,,,,,,,
skuntank,skuntank,legends-arceus,legends-arceus,spring-path-hisui,contact-space-time-distortion,34 - 62,true,true,,49 - 77,,,,,,,,,,
skuntank,skuntank,legends-arceus,legends-arceus,windbreak-stand,contact-space-time-distortion,34 - 62,true,true,,49 - 77,,,,,,,,,,
sliggoo-hisui,sliggoo-hisui,legends-arceus,legends-arceus,ancient-quarry,symbol-encounter,43 - 46,true,true,true,58 - 61,,,,,,,,,,
sliggoo-hisui,sliggoo-hisui,legends-arceus,legends-arceus,ancient-quarry,swarm,47 - 49,true,true,true,62 - 64,,,,,,,,,,
sliggoo-hisui,sliggoo-hisui,legends-arceus,legends-arceus,holm-of-trials,symbol-encounter,,true,true,,50,,,,,,,,,,
sliggoo-hisui,sliggoo-hisui,legends-arceus,legends-arceus,ursas-ring,swarm,40 - 42,true,true,,55 - 57,,,,,,,,,,
sneasel,sneasel,legends-arceus,legends-arceus,horseshoe-plains,contact-space-time-distortion,20 - 55,true,true,,35 - 70,,,,,,,,,,
sneasel,sneasel,legends-arceus,legends-arceus,natures-pantry,contact-space-time-distortion,20 - 55,true,true,,35 - 70,,,,,,,,,,
sneasel,sneasel,legends-arceus,legends-arceus,sandgem-flats,contact-space-time-distortion,20 - 55,true,true,,35 - 70,,,,,,,,,,
sneasel,sneasel,legends-arceus,legends-arceus,tidewater-dam,contact-space-time-distortion,20 - 55,true,true,,35 - 70,,,,,,,,,,
sneasel,sneasel,legends-arceus,legends-arceus,windswept-run,contact-space-time-distortion,20 - 55,true,true,,35 - 70,,,,,,,,,,
sneasel-hisui,sneasel-hisui,legends-arceus,legends-arceus,avaluggs-legacy,symbol-encounter,49 - 52,true,true,true,64 - 67,,,,,,,,,,
sneasel-hisui,sneasel-hisui,legends-arceus,legends-arceus,avaluggs-legacy,symbol-encounter,,true,true,true,61,,,,,,,,,,
sneasel-hisui,sneasel-hisui,legends-arceus,legends-arceus,celestica-trail,symbol-encounter,43 - 46,true,true,true,58 - 61,,,,,,,,,,
sneasel-hisui,sneasel-hisui,legends-arceus,legends-arceus,celestica-trail,swarm,50 - 52,true,true,true,65 - 67,,,,,,,,,,
sneasel-hisui,sneasel-hisui,legends-arceus,legends-arceus,glacier-terrace,symbol-encounter,49 - 52,true,true,,64 - 67,,,,,,,,,,
sneasel-hisui,sneasel-hisui,legends-arceus,legends-arceus,pearl-settlement,symbol-encounter,49 - 52,true,true,true,64 - 67,,,,,,,,,,
sneasel-hisui,sneasel-hisui,legends-arceus,legends-arceus,pearl-settlement,swarm,54 - 56,true,true,true,69 - 71,,,,,,,,,,
sneasel-hisui,sneasel-hisui,legends-arceus,legends-arceus,primeval-grotto,symbol-encounter,53 - 56,true,true,true,68 - 71,,,,,,,,,,
snorlax,snorlax,legends-arceus,legends-arceus,cottonsedge-prairie,contact-space-time-distortion,30 - 65,true,true,,50 - 85,,,,,,,,,,
snorlax,snorlax,legends-arceus,legends-arceus,droning-meadow,contact-space-time-distortion,30 - 65,true,true,,50 - 85,,,,,,,,,,
snorlax,snorlax,legends-arceus,legends-arceus,gapejaw-bog,contact-space-time-distortion,30 - 65,true,true,,50 - 85,,,,,,,,,,
snorlax,snorlax,legends-arceus,legends-arceus,holm-of-trials,contact-space-time-distortion,30 - 65,true,true,,50 - 85,,,,,,,,,,
snorlax,snorlax,legends-arceus,legends-arceus,sandgem-flats,symbol-encounter,,true,true,true,45,,,,,,,,,,
snorlax,snorlax,legends-arceus,legends-arceus,snowfall-hot-spring,symbol-encounter,47 - 50,true,true,,62 - 65,,,,,,,,,,
snorunt,snorunt,legends-arceus,legends-arceus,arenas-approach,shaking-ore-deposits,38 - 41,true,true,,53 - 56,,,,,,,,,,
snorunt,snorunt,legends-arceus,legends-arceus,avalanche-slopes,symbol-encounter,38 - 41,true,true,,53 - 56,,,,,,,,,,
snorunt,snorunt,legends-arceus,legends-arceus,avalanche-slopes,shaking-ore-deposits,38 - 41,true,true,,53 - 56,,,,,,,,,,
snorunt,snorunt,legends-arceus,legends-arceus,bonechill-wastes,symbol-encounter,38 - 41,true,true,,53 - 56,,,,,,,,,,
snorunt,snorunt,legends-arceus,legends-arceus,bonechill-wastes,shaking-ore-deposits,38 - 41,true,true,,53 - 56,,,,,,,,,,
snorunt,snorunt,legends-arceus,legends-arceus,glacier-terrace,shaking-ore-deposits,38 - 41,true,true,,53 - 56,,,,,,,,,,
snorunt,snorunt,legends-arceus,legends-arceus,hearts-crag,shaking-ore-deposits,38 - 41,true,true,,53 - 56,,,,,,,,,,
snorunt,snorunt,legends-arceus,legends-arceus,icebound-falls,shaking-ore-deposits,39 - 41,true,true,,54 - 56,,,,,,,,,,
snorunt,snorunt,legends-arceus,legends-arceus,pearl-settlement,symbol-encounter,38 - 41,true,true,true,53 - 56,,,,,,,,,,
snorunt,snorunt,legends-arceus,legends-arceus,pearl-settlement,shaking-ore-deposits,38 - 41,true,true,,53 - 56,,,,,,,,,,
snorunt,snorunt,legends-arceus,legends-arceus,pearl-settlement,swarm,39 - 41,true,true,true,54 - 56,,,,,,,,,,
snorunt,snorunt,legends-arceus,legends-arceus,whiteout-valley,symbol-encounter,38 - 41,true,true,,53 - 56,,,,,,,,,,
snover,snover,legends-arceus,legends-arceus,arenas-approach,symbol-encounter,36 - 39,true,true,true,51 - 54,,,,,,,,,,
snover,snover,legends-arceus,legends-arceus,avaluggs-legacy,symbol-encounter,36 - 39,true,true,true,51 - 54,,,,,,,,,,
snover,snover,legends-arceus,legends-arceus,bonechill-wastes,symbol-encounter,36 - 39,true,true,,51 - 54,,,,,,,,,,
snover,snover,legends-arceus,legends-arceus,glacier-terrace,symbol-encounter,36 - 39,true,true,,51 - 54,,,,,,,,,,
snover,snover,legends-arceus,legends-arceus,glacier-terrace,swarm,37 - 39,true,true,,52 - 54,,,,,,,,,,
spheal,spheal,legends-arceus,legends-arceus,ginkgo-landing,symbol-encounter,27 - 30,true,true,,42 - 45,,,,,,,,,,
spheal,spheal,legends-arceus,legends-arceus,hideaway-bay,symbol-encounter,28 - 31,true,true,,43 - 46,,,,,,,,,,
spheal,spheal,legends-arceus,legends-arceus,hideaway-bay,swarm,29 - 31,true,true,,44 - 46,,,,,,,,,,
spiritomb,spiritomb,legends-arceus,legends-arceus,shrouded-ruins,symbol-encounter,60,,true,,80,,,,"After completing Request 22: ""Eerie Apparitions in the Night""",true,,,,,
spiritomb,spiritomb,legends-arceus,legends-arceus,shrouded-ruins,symbol-encounter,,,true,,80,,,,"After completing Request 22: ""Eerie Apparitions in the Night""",true,,,,,
spiritomb,spiritomb,legends-arceus,legends-arceus,shrouded-ruins,special-encounter,60,true,true,,,,,,"Can be caught during Request 22: ""Eerie Apparitions in the Night"" after all wisps around Hisui have been found and Lord Kleavor has been quelled. Never Shiny.",,,,,,
stantler,stantler,legends-arceus,legends-arceus,deertrack-heights,symbol-encounter,9 - 14,true,true,,24 - 29,,,,,,,,,,
stantler,stantler,legends-arceus,legends-arceus,deertrack-heights,symbol-encounter,,true,true,,42,,,,,,,,,,
stantler,stantler,legends-arceus,legends-arceus,deertrack-heights,swarm,12 - 14,true,true,true,27 - 29,,,,,,,,,,
stantler,stantler,legends-arceus,legends-arceus,glacier-terrace,symbol-encounter,49 - 52,true,true,true,64 - 67,,,,,,,,,,
stantler,stantler,legends-arceus,legends-arceus,glacier-terrace,swarm,55 - 57,true,true,true,70 - 72,,,,,,,,,,
stantler,stantler,legends-arceus,legends-arceus,wayward-wood,symbol-encounter,35 - 38,true,true,,50 - 53,,,,,,,,,,
stantler,stantler,legends-arceus,legends-arceus,windbreak-stand,symbol-encounter,"29 - 32, 41 - 44",true,true,,"44 - 47, 56 - 59",,,,,,,,,,
staraptor,staraptor,legends-arceus,legends-arceus,castaway-shore,flying,31 - 34,true,true,true,,,,,,,,,,,
staraptor,staraptor,legends-arceus,legends-arceus,deadwood-haunt,flying,34 - 37,,true,,49 - 52,true,true,true,,,,,,,
staraptor,staraptor,legends-arceus,legends-arceus,lake-verity-hisui,flying,41 - 44,,true,true,56 - 59,true,true,true,,,,,,,
staraptor,staraptor,legends-arceus,legends-arceus,lake-verity-hisui,swarm,34 - 36,true,true,,45 - 47,,,,,,,,,,
staraptor,staraptor,legends-arceus,legends-arceus,natures-pantry,flying,34 - 37,true,true,true,,,,,,,,,,,
staraptor,staraptor,legends-arceus,legends-arceus,spring-path-hisui,flying,41 - 44,,true,true,56 - 59,true,true,true,,,,,,,
staraptor,staraptor,legends-arceus,legends-arceus,tranquility-cove,symbol-encounter,33 - 37,,true,,48-52,true,true,true,,,,,,,
staraptor,staraptor,legends-arceus,legends-arceus,tranquility-cove,swarm,36 - 38,true,true,,51 - 53,,,,,,,,,,
staravia,staravia,legends-arceus,legends-arceus,bathers-lagoon,symbol-encounter,29 - 32,,true,,44 - 47,true,true,true,,,,,,,
staravia,staravia,legends-arceus,legends-arceus,bathers-lagoon,flying,29 - 32,,true,,44 - 47,true,true,true,,,,,,,
staravia,staravia,legends-arceus,legends-arceus,castaway-shore,flying,27 - 30,,true,true,42 - 45,true,true,true,,,,,,,
staravia,staravia,legends-arceus,legends-arceus,crossing-slope,flying,27 - 30,,true,,42 - 45,true,true,true,,,,,,,
staravia,staravia,legends-arceus,legends-arceus,deadwood-haunt,flying,29 - 32,,true,,44 - 47,true,true,true,,,,,,,
staravia,staravia,legends-arceus,legends-arceus,deadwood-haunt,swarm,31 - 33,true,true,true,46 - 48,,,,,,,,,,
staravia,staravia,legends-arceus,legends-arceus,deertrack-heights,symbol-encounter,14 - 17,,true,,29 - 32,true,true,true,,,,,,,
staravia,staravia,legends-arceus,legends-arceus,deertrack-heights,flying,14 - 17,,true,,29 - 32,true,true,true,,,,,,,
staravia,staravia,legends-arceus,legends-arceus,natures-pantry,flying,14 - 17,,true,,29 - 32,true,true,true,,,,,,,
staravia,staravia,legends-arceus,legends-arceus,obsidian-falls,flying,14 - 17,,true,true,29 - 32,true,true,true,,,,,,,
staravia,staravia,legends-arceus,legends-arceus,ramanas-island,flying,30 - 33,,true,,45 - 48,true,true,true,,,,,,,
staravia,staravia,legends-arceus,legends-arceus,sands-reach,flying,29 - 32,,true,,44 - 47,true,true,true,,,,,,,
staravia,staravia,legends-arceus,legends-arceus,sandgem-flats,flying,15 - 18,,true,,30 - 33,true,true,true,,,,,,,
staravia,staravia,legends-arceus,legends-arceus,sandgem-flats,swarm,14 - 16,true,true,true,29 - 31,,,,,,,,,,
staravia,staravia,legends-arceus,legends-arceus,tidewater-dam,symbol-encounter,14 - 17,,true,true,29 - 32,true,true,true,,,,,,,
staravia,staravia,legends-arceus,legends-arceus,tidewater-dam,flying,14 - 17,,true,,29 - 32,true,true,true,,,,,,,
staravia,staravia,legends-arceus,legends-arceus,tranquility-cove,symbol-encounter,33 - 33,,true,,45 - 48,true,true,true,,,,,,,
staravia,staravia,legends-arceus,legends-arceus,tranquility-cove,flying,29 - 32,,true,,44 - 47,true,true,true,,,,,,,
staravia,staravia,legends-arceus,legends-arceus,windswept-run,symbol-encounter,,true,true,,32,,,,,,,,,,
staravia,staravia,legends-arceus,legends-arceus,windswept-run,flying,14 - 17,,true,,29 - 32,true,true,true,,,,,,,
starly,starly,legends-arceus,legends-arceus,aspiration-hill,symbol-encounter,2 - 4,,true,,17 - 19,true,true,true,,,,,,,
starly,starly,legends-arceus,legends-arceus,aspiration-hill,flying,2 - 4,,true,,17 - 19,true,true,true,,,,,,,
starly,starly,legends-arceus,legends-arceus,bathers-lagoon,symbol-encounter,10 - 13,,true,,25 - 28,true,true,true,,,,,,,
starly,starly,legends-arceus,legends-arceus,castaway-shore,flying,10 - 13,,true,true,25 - 28,true,true,true,,,,,,,
starly,starly,legends-arceus,legends-arceus,crossing-slope,flying,10 - 13,,true,,25 - 28,true,true,true,,,,,,,
starly,starly,legends-arceus,legends-arceus,deadwood-haunt,flying,10 - 13,,true,,25 - 28,true,true,true,,,,,,,
starly,starly,legends-arceus,legends-arceus,deertrack-heights,symbol-encounter,10 - 13,,true,,25 - 28,true,true,true,,,,,,,
starly,starly,legends-arceus,legends-arceus,deertrack-heights,flying,10 - 13,,true,,25 - 28,true,true,true,,,,,,,
starly,starly,legends-arceus,legends-arceus,deertrack-path,flying,7 - 10,,true,,,true,true,true,,,,,,,
starly,starly,legends-arceus,legends-arceus,deertrack-path,swarm,11 - 13,true,true,,26 - 28,,,,,,,,,,
starly,starly,legends-arceus,legends-arceus,horseshoe-plains,symbol-encounter,2 - 4,,true,true,17 - 19,true,true,true,,,,,,,
starly,starly,legends-arceus,legends-arceus,horseshoe-plains,flying,2 - 4,,true,,,true,true,true,,,,,,,
starly,starly,legends-arceus,legends-arceus,natures-pantry,flying,9 - 13,,true,,24 - 28,true,true,true,,,,,,,
starly,starly,legends-arceus,legends-arceus,obsidian-falls,flying,10 - 13,,true,true,25 - 28,true,true,true,,,,,,,
starly,starly,legends-arceus,legends-arceus,ramanas-island,flying,10 - 13,,true,,25 - 28,true,true,true,,,,,,,
starly,starly,legends-arceus,legends-arceus,sands-reach,flying,10 - 13,,true,,25 - 28,true,true,true,,,,,,,
starly,starly,legends-arceus,legends-arceus,tidewater-dam,symbol-encounter,10 - 13,,true,true,25 - 28,true,true,true,,,,,,,
starly,starly,legends-arceus,legends-arceus,tidewater-dam,flying,9 - 13,,true,,24 - 28,true,true,true,,,,,,,
starly,starly,legends-arceus,legends-arceus,tranquility-cove,flying,10 - 13,,true,,25 - 28,true,true,true,,,,,,,
starly,starly,legends-arceus,legends-arceus,windswept-run,flying,9 - 12,,true,,24 - 27,true,true,true,,,,,,,
starly,starly,legends-arceus,legends-arceus,worn-bridge,flying,7 - 10,,true,true,,true,true,true,,,,,,,
steelix,steelix,legends-arceus,legends-arceus,celestica-trail,symbol-encounter,,true,true,,60,,,,,,,,,,
steelix,steelix,legends-arceus,legends-arceus,horseshoe-plains,contact-space-time-distortion,25 - 60,true,true,,45 - 80,,,,,,,,,,
steelix,steelix,legends-arceus,legends-arceus,natures-pantry,contact-space-time-distortion,25 - 60,true,true,,45 - 80,,,,,,,,,,
steelix,steelix,legends-arceus,legends-arceus,sandgem-flats,contact-space-time-distortion,25 - 60,true,true,,45 - 80,,,,,,,,,,
steelix,steelix,legends-arceus,legends-arceus,windswept-run,contact-space-time-distortion,25 - 60,true,true,,45 - 80,,,,,,,,,,
stunky,stunky,legends-arceus,legends-arceus,ancient-quarry,symbol-encounter,30 - 33,true,true,true,45 - 48,,,,,,,,,,
stunky,stunky,legends-arceus,legends-arceus,celestica-trail,symbol-encounter,30 - 33,true,true,true,45 - 48,,,,,,,,,,
stunky,stunky,legends-arceus,legends-arceus,celestica-trail,swarm,31 - 33,true,true,true,46 - 48,,,,,,,,,,
stunky,stunky,legends-arceus,legends-arceus,scarlet-bog,symbol-encounter,21 - 24,true,true,,36 - 39,,,,,,,,,,
stunky,stunky,legends-arceus,legends-arceus,scarlet-bog,swarm,24 - 26,true,true,true,39 - 41,,,,,,,,,,
sudowoodo,sudowoodo,legends-arceus,legends-arceus,celestica-ruins,symbol-encounter,39 - 42,true,true,,54 - 57,,,,,,,,,,
sudowoodo,sudowoodo,legends-arceus,legends-arceus,celestica-ruins,swarm,47 - 49,true,true,true,62 - 64,,,,,,,,,,
sudowoodo,sudowoodo,legends-arceus,legends-arceus,cloudpool-ridge,symbol-encounter,25 - 28,true,true,true,40 - 43,,,,,,,,,,
sudowoodo,sudowoodo,legends-arceus,legends-arceus,cloudpool-ridge,shaking-ore-deposits,27 - 29,true,true,,42 - 44,,,,,,,,,,
swinub,swinub,legends-arceus,legends-arceus,arenas-approach,symbol-encounter,29 - 32,true,true,true,44 - 47,,,,,,,,,,
swinub,swinub,legends-arceus,legends-arceus,avalanche-slopes,symbol-encounter,29 - 32,true,true,,44 - 47,,,,,,,,,,
swinub,swinub,legends-arceus,legends-arceus,avaluggs-legacy,symbol-encounter,29 - 32,true,true,,44 - 47,,,,,,,,,,
swinub,swinub,legends-arceus,legends-arceus,bonechill-wastes,symbol-encounter,29 - 32,true,true,,44 - 47,,,,,,,,,,
swinub,swinub,legends-arceus,legends-arceus,bonechill-wastes,symbol-encounter,,true,true,true,62,,,,,,,,,,
swinub,swinub,legends-arceus,legends-arceus,bonechill-wastes,swarm,30 - 32,true,true,,45 - 47,,,,,,,,,,
sylveon,sylveon,legends-arceus,legends-arceus,ancient-quarry,contact-space-time-distortion,40 - 58,true,true,true,60 - 78,,,,,,,,,,
sylveon,sylveon,legends-arceus,legends-arceus,bolderoll-ravine,contact-space-time-distortion,40 - 58,true,true,,60 - 78,,,,,,,,,,
sylveon,sylveon,legends-arceus,legends-arceus,celestica-ruins,contact-space-time-distortion,40 - 58,true,true,,60 - 78,,,,,,,,,,
sylveon,sylveon,legends-arceus,legends-arceus,celestica-trail,contact-space-time-distortion,40 - 58,true,true,,60 - 78,,,,,,,,,,
sylveon,sylveon,legends-arceus,legends-arceus,horseshoe-plains,contact-space-time-distortion,25 - 60,true,true,,45 - 80,,,,,,,,,,
sylveon,sylveon,legends-arceus,legends-arceus,natures-pantry,contact-space-time-distortion,25 - 60,true,true,,45 - 80,,,,,,,,,,
sylveon,sylveon,legends-arceus,legends-arceus,sacred-plaza,contact-space-time-distortion,40 - 58,true,true,,60 - 78,,,,,,,,,,
sylveon,sylveon,legends-arceus,legends-arceus,sandgem-flats,contact-space-time-distortion,25 - 60,true,true,,45 - 80,,,,,,,,,,
sylveon,sylveon,legends-arceus,legends-arceus,stonetooth-rows,contact-space-time-distortion,40 - 58,true,true,,60 - 78,,,,,,,,,,
sylveon,sylveon,legends-arceus,legends-arceus,windswept-run,contact-space-time-distortion,25 - 60,true,true,,45 - 80,,,,,,,,,,
tangela,tangela,legends-arceus,legends-arceus,cottonsedge-prairie,symbol-encounter,25 - 28,true,true,true,40 - 43,,,,,,,,,,
tangela,tangela,legends-arceus,legends-arceus,crossing-slope,symbol-encounter,27 - 30,true,true,true,42 - 45,,,,,,,,,,
tangela,tangela,legends-arceus,legends-arceus,crossing-slope,swarm,27 - 29,true,true,true,42 - 44,,,,,,,,,,
tangela,tangela,legends-arceus,legends-arceus,gapejaw-bog,symbol-encounter,19 - 24,true,true,,34 - 39,,,,,,,,,,
tangela,tangela,legends-arceus,legends-arceus,gapejaw-bog,swarm,21 - 23,true,true,true,36 - 38,,,,,,,,,,
tangrowth,tangrowth,legends-arceus,legends-arceus,arenas-approach,contact-space-time-distortion,50 - 63,true,true,,65 - 78,,,,,,,,,,
tangrowth,tangrowth,legends-arceus,legends-arceus,avalanche-slopes,contact-space-time-distortion,50 - 63,true,true,,65 - 78,,,,,,,,,,
tangrowth,tangrowth,legends-arceus,legends-arceus,bonechill-wastes,contact-space-time-distortion,50 - 63,true,true,,65 - 78,,,,,,,,,,
tangrowth,tangrowth,legends-arceus,legends-arceus,crossing-slope,swarm,30 - 32,true,true,true,45 - 47,,,,,,,,,,
tangrowth,tangrowth,legends-arceus,legends-arceus,gapejaw-bog,symbol-encounter,,true,true,,45,,,,,,,,,,
tangrowth,tangrowth,legends-arceus,legends-arceus,gapejaw-bog,swarm,32 - 32,true,true,true,45 - 47,,,,,,,,,,
tangrowth,tangrowth,legends-arceus,legends-arceus,glacier-terrace,contact-space-time-distortion,50 - 63,true,true,,65 - 78,,,,,,,,,,
tangrowth,tangrowth,legends-arceus,legends-arceus,hearts-crag,contact-space-time-distortion,50 - 63,true,true,,65 - 78,,,,,,,,,,
teddiursa,teddiursa,legends-arceus,legends-arceus,droning-meadow,symbol-encounter,26 - 29,,true,true,41 - 44,true,true,true,,,,,,,
teddiursa,teddiursa,legends-arceus,legends-arceus,golden-lowlands,swarm,27 - 29,true,true,true,42 - 44,,,,,,,,,,
teddiursa,teddiursa,legends-arceus,legends-arceus,sonorous-path,symbol-encounter,26 - 29,true,true,,41 - 44,,,,,,,,,,
teddiursa,teddiursa,legends-arceus,legends-arceus,sonorous-path,swarm,27 - 29,true,true,,42 - 44,,,,,,,,,,
teddiursa,teddiursa,legends-arceus,legends-arceus,ursas-ring,symbol-encounter,"20 - 22, 26 - 29",true,true,,41 - 44,,,,,,,,,,
tentacool,tentacool,legends-arceus,legends-arceus,islespy-shore,symbol-encounter,24 - 29,true,true,true,39 - 44,,,,,,,,,,
tentacool,tentacool,legends-arceus,legends-arceus,lunkers-lair,symbol-encounter,24 - 29,true,true,,39 - 44,,,,,,,,,,
tentacool,tentacool,legends-arceus,legends-arceus,lunkers-lair,swarm,27 - 29,true,true,true,42 - 44,,,,,,,,,,
tentacool,tentacool,legends-arceus,legends-arceus,seagrass-haven,symbol-encounter,24 - 29,true,true,,39 - 44,,,,,,,,,,
tentacruel,tentacruel,legends-arceus,legends-arceus,islespy-shore,symbol-encounter,41 - 44,true,true,true,56 - 59,,,,,,,,,,
tentacruel,tentacruel,legends-arceus,legends-arceus,lunkers-lair,symbol-encounter,,true,true,true,50,,,,,,,,,,
tentacruel,tentacruel,legends-arceus,legends-arceus,lunkers-lair,symbol-encounter,31 - 34,true,true,,46 - 49,,,,,,,,,,
tentacruel,tentacruel,legends-arceus,legends-arceus,lunkers-lair,swarm,42 - 44,true,true,true,57 - 59,,,,,,,,,,
tentacruel,tentacruel,legends-arceus,legends-arceus,seagrass-haven,symbol-encounter,31 - 34,true,true,,46 - 49,,,,,,,,,,
thundurus-incarnate,thundurus-incarnate,legends-arceus,legends-arceus,sands-reach,special-encounter,70,,,,,,,,"Can be caught during Request 94: ""Incarnate Forces of Hisui"". Available after completing Mission 26: ""Seeking the Remaining Plates"". Never Shiny",,one,,,,
togekiss,togekiss,legends-arceus,legends-arceus,lake-verity-hisui,flying,42 - 45,true,true,,35 - 38,,,,,,,,,,
togepi,togepi,legends-arceus,legends-arceus,bathers-lagoon,symbol-encounter,29 - 34,,true,,44 - 49,true,true,true,,,,,,,
togepi,togepi,legends-arceus,legends-arceus,bathers-lagoon,swarm,33 - 35,true,true,,48 - 50,,,,,,,,,,
togepi,togepi,legends-arceus,legends-arceus,cottonsedge-prairie,symbol-encounter,33 - 36,true,true,,48 - 51,,,,,,,,,,
togepi,togepi,legends-arceus,legends-arceus,cottonsedge-prairie,swarm,38 - 40,true,true,,53 - 55,,,,,,,,,,
togepi,togepi,legends-arceus,legends-arceus,tranquility-cove,symbol-encounter,31 - 34,,true,,46 - 49,true,true,true,,,,,,,
togetic,togetic,legends-arceus,legends-arceus,bolderoll-slope,flying,22 - 25,true,true,true,,,,,,,,,,,
togetic,togetic,legends-arceus,legends-arceus,cottonsedge-prairie,flying,32 - 35,true,true,true,,,,,,,,,,,
togetic,togetic,legends-arceus,legends-arceus,tranquility-cove,symbol-encounter,31 - 34,,true,,46 - 49,true,true,true,,,,,,,
tornadus-incarnate,tornadus-incarnate,legends-arceus,legends-arceus,bonechill-wastes,special-encounter,70,true,true,,,,,,"Can be caught during a snowstorm while completing Request 94: ""Icarnate Forces of Hisui"". Can not be shiny",,,,,,
torterra,torterra,legends-arceus,legends-arceus,holm-of-trials,symbol-encounter,,true,true,,65,,,,,,,,,,
toxicroak,toxicroak,legends-arceus,legends-arceus,ancient-quarry,symbol-encounter,43 - 46,true,true,true,58 - 61,,,,,,,,,,
toxicroak,toxicroak,legends-arceus,legends-arceus,ancient-quarry,swarm,62 - 64,true,true,true,77 - 79,,,,,,,,,,
toxicroak,toxicroak,legends-arceus,legends-arceus,holm-of-trials,symbol-encounter,37 - 40,true,true,,52 - 55,,,,,,,,,,
toxicroak,toxicroak,legends-arceus,legends-arceus,holm-of-trials,symbol-encounter,,true,true,,47,,,,,,,,,,
toxicroak,toxicroak,legends-arceus,legends-arceus,holm-of-trials,swarm,38 - 40,true,true,,53 - 55,,,,,,,,,,
toxicroak,toxicroak,legends-arceus,legends-arceus,horseshoe-plains,contact-space-time-distortion,37 - 72,true,true,,52 - 87,,,,,,,,,,
toxicroak,toxicroak,legends-arceus,legends-arceus,natures-pantry,contact-space-time-distortion,37 - 72,true,true,,52 - 87,,,,,,,,,,
toxicroak,toxicroak,legends-arceus,legends-arceus,sandgem-flats,contact-space-time-distortion,37 - 72,true,true,,52 - 87,,,,,,,,,,
toxicroak,toxicroak,legends-arceus,legends-arceus,spring-path-hisui,symbol-encounter,41 - 44,true,true,,56 - 59,,,,,,,,,,
toxicroak,toxicroak,legends-arceus,legends-arceus,windswept-run,contact-space-time-distortion,37 - 72,true,true,,52 - 87,,,,,,,,,,
turtwig,turtwig,legends-arceus,legends-arceus,droning-meadow,symbol-encounter,14 - 17,true,true,true,29 - 32,,,,,,,,,,
turtwig,turtwig,legends-arceus,legends-arceus,droning-meadow,swarm,11 - 13,true,true,true,26 - 28,,,,,,,,,,
typhlosion-hisui,typhlosion-hisui,legends-arceus,legends-arceus,cottonsedge-prairie,contact-space-time-distortion,68 - 71,true,true,,88 - 91,,,,"After completing Mission 18: ""The Counterpart""",,,,,,
typhlosion-hisui,typhlosion-hisui,legends-arceus,legends-arceus,droning-meadow,contact-space-time-distortion,68 - 71,true,true,,88 - 91,,,,"After completing Mission 18: ""The Counterpart""",,,,,,
typhlosion-hisui,typhlosion-hisui,legends-arceus,legends-arceus,gapejaw-bog,contact-space-time-distortion,68 - 71,true,true,,88 - 91,,,,"After completing Mission 18: ""The Counterpart""",,,,,,
typhlosion-hisui,typhlosion-hisui,legends-arceus,legends-arceus,holm-of-trials,contact-space-time-distortion,68 - 71,true,true,,88 - 91,,,,"After completing Mission 18: ""The Counterpart""",,,,,,
umbreon,umbreon,legends-arceus,legends-arceus,cottonsedge-prairie,contact-space-time-distortion,25 - 60,true,true,,45 - 80,,,,,,,,,,
umbreon,umbreon,legends-arceus,legends-arceus,droning-meadow,contact-space-time-distortion,25 - 60,true,true,,45 - 80,,,,,,,,,,
umbreon,umbreon,legends-arceus,legends-arceus,gapejaw-bog,contact-space-time-distortion,25 - 60,true,true,,45 - 80,,,,,,,,,,
umbreon,umbreon,legends-arceus,legends-arceus,holm-of-trials,contact-space-time-distortion,25 - 60,true,true,,45 - 80,,,,,,,,,,
unown,unown-a,legends-arceus,legends-arceus,diamond-settlement,contact-unown-reasearch-notes,25,true,true,,,,,,"After visiting Solaceon Ruins and the Unown Research Notes are added to the Pokédex, atop the southernmost tent",,,,,,
unown,unown-a,legends-arceus,legends-arceus,solaceon-ruins-hisui,symbol-encounter,25,true,true,,40,,,,After all Unown forms have been found around Hisui.,,,,,,
unown,unown-b,legends-arceus,legends-arceus,firespit-island,contact-unown-reasearch-notes,25,true,true,,,,,,On the side of the central volcano,,,,,,
unown,unown-b,legends-arceus,legends-arceus,solaceon-ruins-hisui,symbol-encounter,25,true,true,,40,,,,After all Unown forms have been found around Hisui.,,,,,,
unown,unown-c,legends-arceus,legends-arceus,celestica-ruins,contact-unown-reasearch-notes,25,true,true,,,,,,"After visiting Solaceon Ruins and the Unown Research Notes are added to the Pokédex, atop one of the ruined pillars",,,,,,
unown,unown-c,legends-arceus,legends-arceus,solaceon-ruins-hisui,symbol-encounter,25,true,true,,40,,,,After all Unown forms have been found around Hisui.,,,,,,
unown,unown-d,legends-arceus,legends-arceus,golden-lowlands,contact-unown-reasearch-notes,25,true,true,,,,,,"After visiting Solaceon Ruins and the Unown Research Notes are added to the Pokédex, sitting on one of the stumps at the abandoned campsite",,,,,,
unown,unown-d,legends-arceus,legends-arceus,solaceon-ruins-hisui,symbol-encounter,25,true,true,,40,,,,After all Unown forms have been found around Hisui.,,,,,,
unown,unown-e,legends-arceus,legends-arceus,grueling-grove,contact-unown-reasearch-notes,25,true,true,,,,,,"After visiting Solaceon Ruins and the Unown Research Notes are added to the Pokédex, nestled in the tree in the pond",,,,,,
unown,unown-e,legends-arceus,legends-arceus,solaceon-ruins-hisui,symbol-encounter,25,true,true,,40,,,,After all Unown forms have been found around Hisui.,,,,,,
unown,unown-exclamation,legends-arceus,legends-arceus,snowfall-hot-spring,contact-unown-reasearch-notes,25,true,true,,,,,,"After visiting Solaceon Ruins and the Unown Research Notes are added to the Pokédex, on top of a tall, dead tree",,,,,,
unown,unown-exclamation,legends-arceus,legends-arceus,solaceon-ruins-hisui,symbol-encounter,25,true,true,,40,,,,After all Unown forms have been found around Hisui.,,,,,,
unown,unown-f,legends-arceus,legends-arceus,ancient-quarry,contact-unown-reasearch-notes,25,true,true,,,,,,"After visiting Solaceon Ruins and the Unown Research Notes are added to the Pokédex, at the peak of the mountain above the quarry",,,,,,
unown,unown-f,legends-arceus,legends-arceus,solaceon-ruins-hisui,symbol-encounter,25,true,true,,40,,,,After all Unown forms have been found around Hisui.,,,,,,
unown,unown-g,legends-arceus,legends-arceus,obsidian-falls,contact-unown-reasearch-notes,25,true,true,,,,,,"After visiting Solaceon Ruins and the Unown Research Notes are added to the Pokédex, on a rocky outcrop atop the waterfall",,,,,,
unown,unown-g,legends-arceus,legends-arceus,solaceon-ruins-hisui,symbol-encounter,25,true,true,,40,,,,After all Unown forms have been found around Hisui.,,,,,,
unown,unown-h,legends-arceus,legends-arceus,solaceon-ruins-hisui,symbol-encounter,25,true,true,,40,,,,After all Unown forms have been found around Hisui.,,,,,,
unown,unown-h,legends-arceus,legends-arceus,jubilife-village,contact-unown-reasearch-notes,25,true,true,,,,,,"After visiting Solaceon Ruins and the Unown Research Notes are added to the Pokédex, on the sign above the gateway to Prelude Beach",,,,,,
unown,unown-i,legends-arceus,legends-arceus,lake-verity-hisui,contact-unown-reasearch-notes,25,true,true,,,,,,"After visiting Solaceon Ruins and the Unown Research Notes are added to the Pokédex, on the island behind Verity Cavern",,,,,,
unown,unown-i,legends-arceus,legends-arceus,solaceon-ruins-hisui,symbol-encounter,25,true,true,,40,,,,After all Unown forms have been found around Hisui.,,,,,,
unown,unown-j,legends-arceus,legends-arceus,ancient-quarry,contact-unown-reasearch-notes,25,true,true,,,,,,"After visiting Solaceon Ruins and the Unown Research Notes are added to the Pokédex, hidden within a crevice inside the quarry",,,,,,
unown,unown-j,legends-arceus,legends-arceus,solaceon-ruins-hisui,symbol-encounter,25,true,true,,40,,,,After all Unown forms have been found around Hisui.,,,,,,
unown,unown-k,legends-arceus,legends-arceus,shrouded-ruins,contact-unown-reasearch-notes,25,true,true,,,,,,"After visiting Solaceon Ruins and the Unown Research Notes are added to the Pokédex, on top of a large pile of stacked stones south of the ruins",,,,,,
unown,unown-k,legends-arceus,legends-arceus,solaceon-ruins-hisui,symbol-encounter,25,true,true,,40,,,,After all Unown forms have been found around Hisui.,,,,,,
unown,unown-l,legends-arceus,legends-arceus,solaceon-ruins-hisui,symbol-encounter,25,true,true,,40,,,,After all Unown forms have been found around Hisui.,,,,,,
unown,unown-l,legends-arceus,legends-arceus,wayward-cave,contact-unown-reasearch-notes,25,true,true,,,,,,"After visiting Solaceon Ruins and the Unown Research Notes are added to the Pokédex, in the southeastern portion of the cave, at a dead-end",,,,,,
unown,unown-m,legends-arceus,legends-arceus,sludge-mound,contact-unown-reasearch-notes,25,true,true,,,,,,"After visiting Solaceon Ruins and the Unown Research Notes are added to the Pokédex, in the end of a fallen tree trunk",,,,,,
unown,unown-m,legends-arceus,legends-arceus,solaceon-ruins-hisui,symbol-encounter,25,true,true,,40,,,,After all Unown forms have been found around Hisui.,,,,,,
unown,unown-n,legends-arceus,legends-arceus,sands-reach,contact-unown-reasearch-notes,25,true,true,,,,,,"After visiting Solaceon Ruins and the Unown Research Notes are added to the Pokédex, on the side of the easternmost stone pillar",,,,,,
unown,unown-n,legends-arceus,legends-arceus,solaceon-ruins-hisui,symbol-encounter,25,true,true,,40,,,,After all Unown forms have been found around Hisui.,,,,,,
unown,unown-o,legends-arceus,legends-arceus,ice-column-chamber,contact-unown-reasearch-notes,25,true,true,,,,,,"After visiting Solaceon Ruins and the Unown Research Notes are added to the Pokédex, at the top of the second pillar encountered",,,,,,
unown,unown-o,legends-arceus,legends-arceus,solaceon-ruins-hisui,symbol-encounter,25,true,true,,40,,,,After all Unown forms have been found around Hisui.,,,,,,
unown,unown-p,legends-arceus,legends-arceus,fabled-spring,contact-unown-reasearch-notes,25,true,true,,,,,,"After visiting Solaceon Ruins and the Unown Research Notes are added to the Pokédex, amidst a bed of purple flowers west of the river",,,,,,
unown,unown-p,legends-arceus,legends-arceus,solaceon-ruins-hisui,symbol-encounter,25,true,true,,40,,,,After all Unown forms have been found around Hisui.,,,,,,
unown,unown-q,legends-arceus,legends-arceus,solaceon-ruins-hisui,symbol-encounter,25,true,true,,40,,,,After all Unown forms have been found around Hisui.,,,,,,
unown,unown-q,legends-arceus,legends-arceus,spring-path-hisui,contact-unown-reasearch-notes,25,true,true,,,,,,"After visiting Solaceon Ruins and the Unown Research Notes are added to the Pokédex, atop the southernmost tree outside the entrance to Turnback Cave",,,,,,
unown,unown-question,legends-arceus,legends-arceus,solaceon-ruins-hisui,symbol-encounter,25,true,true,,40,,,,After all Unown forms have been found around Hisui.,,,,,,
unown,unown-question,legends-arceus,legends-arceus,jubilife-village,contact-unown-reasearch-notes,25,true,true,,,,,,"After visiting Solaceon Ruins and the Unown Research Notes are added to the Pokédex, on the clothesline behind your quarters",,,,,,
unown,unown-r,legends-arceus,legends-arceus,solaceon-ruins-hisui,symbol-encounter,25,true,true,,40,,,,After all Unown forms have been found around Hisui.,,,,,,
unown,unown-r,legends-arceus,legends-arceus,veilstone-cape,contact-unown-reasearch-notes,25,true,true,,,,,,"After visiting Solaceon Ruins and the Unown Research Notes are added to the Pokédex, between the two rocky outcrops at the eastern end",,,,,,
unown,unown-s,legends-arceus,legends-arceus,solaceon-ruins-hisui,symbol-encounter,25,true,true,,40,,,,After all Unown forms have been found around Hisui.,,,,,,
unown,unown-s,legends-arceus,legends-arceus,tidewater-dam,contact-unown-reasearch-notes,25,true,true,,,,,,"After visiting Solaceon Ruins and the Unown Research Notes are added to the Pokédex, at the dam at the river's edge",,,,,,
unown,unown-t,legends-arceus,legends-arceus,avaluggs-legacy,contact-unown-reasearch-notes,25,true,true,,,,,,"After visiting Solaceon Ruins and the Unown Research Notes are added to the Pokédex, on a glacial structure northeast of the tallest glacier",,,,,,
unown,unown-t,legends-arceus,legends-arceus,solaceon-ruins-hisui,symbol-encounter,25,true,true,,40,,,,After all Unown forms have been found around Hisui.,,,,,,
unown,unown-u,legends-arceus,legends-arceus,hearts-crag,contact-unown-reasearch-notes,25,true,true,,,,,,"After visiting Solaceon Ruins and the Unown Research Notes are added to the Pokédex, on top of a rock structure to the east overlooking the lake",,,,,,
unown,unown-u,legends-arceus,legends-arceus,solaceon-ruins-hisui,symbol-encounter,25,true,true,,40,,,,After all Unown forms have been found around Hisui.,,,,,,
unown,unown-v,legends-arceus,legends-arceus,scarlet-bog,contact-unown-reasearch-notes,25,true,true,,,,,,"After visiting Solaceon Ruins and the Unown Research Notes are added to the Pokédex, atop a dead tree in the western portion of the swamp",,,,,,
unown,unown-v,legends-arceus,legends-arceus,solaceon-ruins-hisui,symbol-encounter,25,true,true,,40,,,,After all Unown forms have been found around Hisui.,,,,,,
unown,unown-w,legends-arceus,legends-arceus,solaceon-ruins-hisui,symbol-encounter,25,true,true,,40,,,,After all Unown forms have been found around Hisui.,,,,,,
unown,unown-w,legends-arceus,legends-arceus,jubilife-village,contact-unown-reasearch-notes,25,true,true,,,,,,"After visiting Solaceon Ruins and the Unown Research Notes are added to the Pokédex, on the left eye of the western Magikarp statue atop Galaxy Hall",,,,,,
unown,unown-x,legends-arceus,legends-arceus,grandtree-arena,contact-unown-reasearch-notes,25,true,true,,,,,,"After visiting Solaceon Ruins and the Unown Research Notes are added to the Pokédex, on a broken branch partway up the Grandtree",,,,,,
unown,unown-x,legends-arceus,legends-arceus,solaceon-ruins-hisui,symbol-encounter,25,true,true,,40,,,,After all Unown forms have been found around Hisui.,,,,,,
unown,unown-y,legends-arceus,legends-arceus,icebound-falls,contact-unown-reasearch-notes,25,true,true,,,,,,"After visiting Solaceon Ruins and the Unown Research Notes are added to the Pokédex, on a snowy ledge midway up the frozen waterfall",,,,,,
unown,unown-y,legends-arceus,legends-arceus,solaceon-ruins-hisui,symbol-encounter,25,true,true,,40,,,,After all Unown forms have been found around Hisui.,,,,,,
unown,unown-z,legends-arceus,legends-arceus,deadwood-haunt,contact-unown-reasearch-notes,25,true,true,,,,,,"After visiting Solaceon Ruins and the Unown Research Notes are added to the Pokédex, on the mast of the ship",,,,,,
unown,unown-z,legends-arceus,legends-arceus,solaceon-ruins-hisui,symbol-encounter,25,true,true,,40,,,,After all Unown forms have been found around Hisui.,,,,,,
ursaluna,ursaluna,legends-arceus,legends-arceus,sludge-mound,special-encounter,26,,,,,,,,"Can not be caught. Appears during Mission 8: ""Arezu's Predicament""",,one,,,,
ursaring,ursaring,legends-arceus,legends-arceus,droning-meadow,symbol-encounter,33 - 36,,true,true,48 - 51,true,true,true,,,,,,,
ursaring,ursaring,legends-arceus,legends-arceus,gapejaw-bog,symbol-encounter,,true,true,true,55,,,,,,,,,,
ursaring,ursaring,legends-arceus,legends-arceus,golden-lowlands,swarm,30 - 32,true,true,true,45 - 47,,,,,,,,,,
ursaring,ursaring,legends-arceus,legends-arceus,horseshoe-plains,contact-space-time-distortion,30 - 65,true,true,,45 - 80,,,,,,,,,,
ursaring,ursaring,legends-arceus,legends-arceus,natures-pantry,contact-space-time-distortion,30 - 65,true,true,,45 - 80,,,,,,,,,,
ursaring,ursaring,legends-arceus,legends-arceus,sandgem-flats,contact-space-time-distortion,30 - 65,true,true,,45 - 80,,,,,,,,,,
ursaring,ursaring,legends-arceus,legends-arceus,sonorous-path,symbol-encounter,37 - 40,true,true,,52 - 55,,,,,,,,,,
ursaring,ursaring,legends-arceus,legends-arceus,sonorous-path,swarm,62 - 64,true,true,,77 - 79,,,,,,,,,,
ursaring,ursaring,legends-arceus,legends-arceus,ursas-ring,symbol-encounter,,true,true,,41,,,,,,,,,,
ursaring,ursaring,legends-arceus,legends-arceus,windswept-run,contact-space-time-distortion,30 - 65,true,true,,45 - 80,,,,,,,,,,
uxie,uxie,legends-arceus,legends-arceus,lake-acuity-hisui,special-encounter,70,true,true,,,,,,"Can be caught during Mission 21: ""The Plate of the Lakes"". Unlocked after completing Mission 20: ""The Researcher of Myths"". Respawns immediately and is never shiny.",,,,,,
vaporeon,vaporeon,legends-arceus,legends-arceus,crossing-slope,contact-space-time-distortion,30 - 58,true,true,,45 - 73,,,,,,,,,,
vaporeon,vaporeon,legends-arceus,legends-arceus,deadwood-haunt,contact-space-time-distortion,30 - 58,true,true,,45 - 73,,,,,,,,,,
vaporeon,vaporeon,legends-arceus,legends-arceus,ginkgo-landing,contact-space-time-distortion,30 - 58,true,true,,45 - 73,,,,,,,,,,
vaporeon,vaporeon,legends-arceus,legends-arceus,spring-path-hisui,contact-space-time-distortion,30 - 58,true,true,,45 - 73,,,,,,,,,,
vaporeon,vaporeon,legends-arceus,legends-arceus,windbreak-stand,contact-space-time-distortion,30 - 58,true,true,,45 - 73,,,,,,,,,,
vespiquen,vespiquen,legends-arceus,legends-arceus,cottonsedge-prairie,symbol-encounter,33 - 36,true,true,true,48 - 51,,,,,,,,,,
vespiquen,vespiquen,legends-arceus,legends-arceus,cottonsedge-prairie,symbol-encounter,,true,true,true,61,,,,,,,,,,
vespiquen,vespiquen,legends-arceus,legends-arceus,cottonsedge-prairie,shaking-trees,33 - 36,true,true,,48 - 51,,,,,,,,,,
vespiquen,vespiquen,legends-arceus,legends-arceus,droning-meadow,symbol-encounter,33 - 36,true,true,true,48 - 51,,,,,,,,,,
vespiquen,vespiquen,legends-arceus,legends-arceus,droning-meadow,shaking-trees,33 - 36,true,true,,48 - 51,,,,,,,,,,
vespiquen,vespiquen,legends-arceus,legends-arceus,grueling-grove,special-encounter,,true,true,,60,,,,"Can be caught during Mission 20: ""The Researcher of Myths""",,,,,,
vespiquen,vespiquen,legends-arceus,legends-arceus,lake-valor-hisui,symbol-encounter,33 - 36,true,true,true,48 - 51,,,,,,,,,,
voltorb-hisui,voltorb-hisui,legends-arceus,legends-arceus,celestica-ruins,boxes,39 - 42,true,true,,54 - 57,,,,,,,,,,
voltorb-hisui,voltorb-hisui,legends-arceus,legends-arceus,sacred-plaza,symbol-encounter,"39 - 42, 55 - 58",true,true,,"54 - 57, 70 - 73",,,,,,,,,,
voltorb-hisui,voltorb-hisui,legends-arceus,legends-arceus,sacred-plaza,boxes,39 - 42,true,true,,54 - 57,,,,,,,,,,
voltorb-hisui,voltorb-hisui,legends-arceus,legends-arceus,sacred-plaza,swarm,48 - 50,true,true,,63 - 65,,,,,,,,,,
vulpix-alola,vulpix-alola,legends-arceus,legends-arceus,whiteout-valley,npc-gift,40,true,true,,,,,,"After completing Request 83: ""Snow-White Vulpix in the Snow""",,,,,,
vulpix,vulpix,legends-arceus,legends-arceus,veilstone-cape,symbol-encounter,29 - 32,true,true,,44 - 47,,,,,,,,,,
vulpix,vulpix,legends-arceus,legends-arceus,veilstone-cape,swarm,37 - 39,true,true,,52 - 54,,,,,,,,,,
walrein,walrein,legends-arceus,legends-arceus,arenas-approach,contact-space-time-distortion,50 - 63,true,true,,65 - 78,,,,,,,,,,
walrein,walrein,legends-arceus,legends-arceus,avalanche-slopes,contact-space-time-distortion,50 - 63,true,true,,65 - 78,,,,,,,,,,
walrein,walrein,legends-arceus,legends-arceus,bonechill-wastes,contact-space-time-distortion,50 - 63,true,true,,65 - 78,,,,,,,,,,
walrein,walrein,legends-arceus,legends-arceus,ginkgo-landing,symbol-encounter,,true,true,,50,,,,,,,,,,
walrein,walrein,legends-arceus,legends-arceus,glacier-terrace,contact-space-time-distortion,50 - 63,true,true,,65 - 78,,,,,,,,,,
walrein,walrein,legends-arceus,legends-arceus,hearts-crag,contact-space-time-distortion,50 - 63,true,true,,65 - 78,,,,,,,,,,
walrein,walrein,legends-arceus,legends-arceus,hideaway-bay,swarm,46 - 48,true,true,,61 - 63,,,,,,,,,,
walrein,walrein,legends-arceus,legends-arceus,islespy-shore,symbol-encounter,46 - 48,true,true,,61 - 63,,,,,,,,,,
weavile,weavile,legends-arceus,legends-arceus,horseshoe-plains,contact-space-time-distortion,25 - 60,true,true,,40 - 75,,,,,,,,,,
weavile,weavile,legends-arceus,legends-arceus,natures-pantry,contact-space-time-distortion,25 - 60,true,true,,40 - 75,,,,,,,,,,
weavile,weavile,legends-arceus,legends-arceus,sandgem-flats,contact-space-time-distortion,25 - 60,true,true,,40 - 75,,,,,,,,,,
weavile,weavile,legends-arceus,legends-arceus,tidewater-dam,contact-space-time-distortion,25 - 60,true,true,,40 - 75,,,,,,,,,,
weavile,weavile,legends-arceus,legends-arceus,windswept-run,contact-space-time-distortion,25 - 60,true,true,,40 - 75,,,,,,,,,,
whiscash,whiscash,legends-arceus,legends-arceus,droning-meadow,symbol-encounter,33 - 36,true,true,true,48 - 51,,,,,,,,,,
whiscash,whiscash,legends-arceus,legends-arceus,gapejaw-bog,symbol-encounter,33 - 36,true,true,,48 - 51,,,,,,,,,,
whiscash,whiscash,legends-arceus,legends-arceus,gapejaw-bog,swarm,38 - 40,true,true,true,53 - 55,,,,,,,,,,
whiscash,whiscash,legends-arceus,legends-arceus,lake-valor-hisui,symbol-encounter,,true,true,,64,,,,,,,,,,
whiscash,whiscash,legends-arceus,legends-arceus,lake-valor-hisui,symbol-encounter,53 - 56,true,true,,68 - 71,,,,,,,,,,
whiscash,whiscash,legends-arceus,legends-arceus,scarlet-bog,swarm,38 - 40,true,true,true,53 - 55,,,,,,,,,,
whiscash,whiscash,legends-arceus,legends-arceus,ursas-ring,symbol-encounter,33 - 36,true,true,true,48 - 51,,,,,,,,,,
whiscash,whiscash,legends-arceus,legends-arceus,wayward-cave,symbol-encounter,35 - 38,true,true,,50 - 53,,,,,,,,,,
wormadam-plant,wormadam-plant,legends-arceus,legends-arceus,floaro-gardens,shaking-trees,20 - 23,true,true,true,35 - 38,,,,,,,,,,
wormadam-plant,wormadam-plant,legends-arceus,legends-arceus,grueling-grove,shaking-trees,20 - 23,true,true,,35 - 38,,,,,,,,,,
wormadam-plant,wormadam-plant,legends-arceus,legends-arceus,lake-verity-hisui,shaking-trees,20 - 23,true,true,,31 - 34,,,,,,,,,,
wormadam-plant,wormadam-plant,legends-arceus,legends-arceus,sandgem-flats,shaking-trees,20 - 23,true,true,,35 - 38,,,,,,,,,,
wormadam-sandy,wormadam-sandy,legends-arceus,legends-arceus,ancient-quarry,shaking-trees,43 - 46,true,true,true,58 - 61,,,,,,,,,,
wormadam-sandy,wormadam-sandy,legends-arceus,legends-arceus,celestica-ruins,shaking-trees,39 - 42,true,true,,54 - 57,,,,,,,,,,
wormadam-sandy,wormadam-sandy,legends-arceus,legends-arceus,celestica-trail,shaking-trees,43 - 46,true,true,true,58 - 61,,,,,,,,,,
wormadam-sandy,wormadam-sandy,legends-arceus,legends-arceus,clamberclaw-cliffs,shaking-trees,39 - 42,true,true,,54 - 57,,,,,,,,,,
wormadam-sandy,wormadam-sandy,legends-arceus,legends-arceus,cloudcap-pass,shaking-trees,39 - 42,true,true,,54 - 57,,,,,,,,,,
wormadam-sandy,wormadam-sandy,legends-arceus,legends-arceus,fabled-spring,shaking-trees,43 - 46,true,true,,58 - 61,,,,,,,,,,
wormadam-sandy,wormadam-sandy,legends-arceus,legends-arceus,gapejaw-bog,shaking-trees,41 - 44,true,true,true,56 - 59,,,,,,,,,,
wormadam-sandy,wormadam-sandy,legends-arceus,legends-arceus,golden-lowlands,shaking-trees,41 - 44,true,true,true,56 - 59,,,,,,,,,,
wormadam-sandy,wormadam-sandy,legends-arceus,legends-arceus,heavenward-lookout,shaking-trees,35 - 38,true,true,,50 - 53,,,,,,,,,,
wormadam-sandy,wormadam-sandy,legends-arceus,legends-arceus,sacred-plaza,shaking-trees,"39 - 42, 53 - 56",true,true,,"54 - 57, 68 - 71",,,,,,,,,,
wormadam-sandy,wormadam-sandy,legends-arceus,legends-arceus,stonetooth-rows,shaking-trees,43 - 46,true,true,,58 - 61,,,,,,,,,,
wormadam-trash,wormadam-trash,legends-arceus,legends-arceus,aipom-hill,shaking-trees,33 - 36,true,true,,48 - 51,,,,,,,,,,
wormadam-trash,wormadam-trash,legends-arceus,legends-arceus,arenas-approach,shaking-trees,47 - 50,true,true,,62 - 65,,,,,,,,,,
wormadam-trash,wormadam-trash,legends-arceus,legends-arceus,avalanche-slopes,shaking-trees,59 - 62,true,true,,74 - 77,,,,,,,,,,
wormadam-trash,wormadam-trash,legends-arceus,legends-arceus,avaluggs-legacy,shaking-trees,49 - 52,true,true,true,64 - 67,,,,,,,,,,
wormadam-trash,wormadam-trash,legends-arceus,legends-arceus,bathers-lagoon,shaking-trees,28 - 32,true,true,,43 - 47,,,,,,,,,,
wormadam-trash,wormadam-trash,legends-arceus,legends-arceus,bonechill-wastes,shaking-trees,43 - 46,true,true,,58 - 61,,,,,,,,,,
wormadam-trash,wormadam-trash,legends-arceus,legends-arceus,castaway-shore,shaking-trees,31 - 34,true,true,,46 - 49,,,,,,,,,,
wormadam-trash,wormadam-trash,legends-arceus,legends-arceus,crossing-slope,shaking-trees,27 - 30,true,true,,42 - 45,,,,,,,,,,
wormadam-trash,wormadam-trash,legends-arceus,legends-arceus,deadwood-haunt,shaking-trees,28 - 32,true,true,true,43 - 47,,,,,,,,,,
wormadam-trash,wormadam-trash,legends-arceus,legends-arceus,firespit-island,shaking-trees,31 - 34,true,true,true,46 - 49,,,,,,,,,,
wormadam-trash,wormadam-trash,legends-arceus,legends-arceus,ginkgo-landing,shaking-trees,27 - 30,true,true,,42 - 45,,,,,,,,,,
wormadam-trash,wormadam-trash,legends-arceus,legends-arceus,glacier-terrace,shaking-trees,49 - 52,true,true,,64 - 67,,,,,,,,,,
wormadam-trash,wormadam-trash,legends-arceus,legends-arceus,hearts-crag,shaking-trees,53 - 56,true,true,,68 - 71,,,,,,,,,,
wormadam-trash,wormadam-trash,legends-arceus,legends-arceus,hideaway-bay,shaking-trees,41 - 44,true,true,,56 - 59,,,,,,,,,,
wormadam-trash,wormadam-trash,legends-arceus,legends-arceus,icebound-falls,shaking-trees,47 - 50,true,true,,62 - 65,,,,,,,,,,
wormadam-trash,wormadam-trash,legends-arceus,legends-arceus,islespy-shore,shaking-trees,41 - 44,true,true,true,56 - 59,,,,,,,,,,
wormadam-trash,wormadam-trash,legends-arceus,legends-arceus,lake-acuity-hisui,shaking-trees,49 - 52,true,true,,64 - 67,,,,,,,,,,
wormadam-trash,wormadam-trash,legends-arceus,legends-arceus,lunkers-lair,shaking-trees,31 - 34,true,true,,46 - 49,,,,,,,,,,
wormadam-trash,wormadam-trash,legends-arceus,legends-arceus,pearl-settlement,shaking-trees,49 - 52,true,true,true,64 - 67,,,,,,,,,,
wormadam-trash,wormadam-trash,legends-arceus,legends-arceus,sands-reach,shaking-trees,28 - 34,true,true,,43 - 49,,,,,,,,,,
wormadam-trash,wormadam-trash,legends-arceus,legends-arceus,seagrass-haven,shaking-trees,"31 - 34, 37 - 40",true,true,,"46 - 49, 52 - 55",,,,,,,,,,
wormadam-trash,wormadam-trash,legends-arceus,legends-arceus,spring-path-hisui,shaking-trees,41 - 44,true,true,,56 - 59,,,,,,,,,,
wormadam-trash,wormadam-trash,legends-arceus,legends-arceus,tombolo-walk,shaking-trees,33 - 36,true,true,,48 - 51,,,,,,,,,,
wormadam-trash,wormadam-trash,legends-arceus,legends-arceus,tranquility-cove,shaking-trees,31 - 34,true,true,,46 - 49,,,,,,,,,,
wormadam-trash,wormadam-trash,legends-arceus,legends-arceus,veilstone-cape,shaking-trees,28 - 32,true,true,,43 - 47,,,,,,,,,,
wormadam-trash,wormadam-trash,legends-arceus,legends-arceus,whiteout-valley,shaking-trees,43 - 46,true,true,,58 - 61,,,,,,,,,,
wormadam-trash,wormadam-trash,legends-arceus,legends-arceus,windbreak-stand,shaking-trees,"28 - 32, 41 - 44",true,true,,"43 - 47, 56 - 59",,,,,,,,,,
wurmple,wurmple,legends-arceus,legends-arceus,aspiration-hill,symbol-encounter,3 - 6,true,true,true,18 - 21,,,,,,,,,,
wurmple,wurmple,legends-arceus,legends-arceus,aspiration-hill,swarm,4 - 6,true,true,true,19 - 21,,,,,,,,,,
wurmple,wurmple,legends-arceus,legends-arceus,floaro-gardens,symbol-encounter,2 - 6,true,true,,17 - 21,,,,,,,,,,
wurmple,wurmple,legends-arceus,legends-arceus,horseshoe-plains,symbol-encounter,2 - 6,true,true,,17 - 21,,,,,,,,,,
wurmple,wurmple,legends-arceus,legends-arceus,the-heartwood,symbol-encounter,3 - 6,true,true,,18 - 21,,,,,,,,,,
yanma,yanma,legends-arceus,legends-arceus,droning-meadow,symbol-encounter,22 - 24,true,true,,,,,,,,,,,,
yanma,yanma,legends-arceus,legends-arceus,gapejaw-bog,flying,21 - 24,true,true,,36 - 39,,,,,,,,,,
yanma,yanma,legends-arceus,legends-arceus,gapejaw-bog,swarm,22 - 24,true,true,,37 - 39,,,,,,,,,,
yanma,yanma,legends-arceus,legends-arceus,heavenward-lookout,flying,35 - 38,,true,,50 - 53,true,true,true,,,,,,,
yanma,yanma,legends-arceus,legends-arceus,heavenward-lookout,swarm,28 - 30,true,true,,43 - 45,,,,,,,,,,
yanma,yanma,legends-arceus,legends-arceus,ursas-ring,flying,27 - 30,true,true,,42 - 45,,,,,,,,,,
yanmega,yanmega,legends-arceus,legends-arceus,droning-meadow,symbol-encounter,,true,true,,58,,,,,,,,,,
yanmega,yanmega,legends-arceus,legends-arceus,gapejaw-bog,swarm,30 - 32,true,true,,45 - 47,,,,,,,,,,
yanmega,yanmega,legends-arceus,legends-arceus,heavenward-lookout,flying,35 - 38,,true,,50 - 53,true,true,true,,,,,,,
yanmega,yanmega,legends-arceus,legends-arceus,heavenward-lookout,swarm,40 - 42,true,true,,55 - 57,,,,,,,,,,
zoroark-hisui,zoroark-hisui,legends-arceus,legends-arceus,avaluggs-legacy,swarm,52 - 54,true,true,true,67 - 69,,,,,,,,,,
zoroark-hisui,zoroark-hisui,legends-arceus,legends-arceus,glacier-terrace,symbol-encounter,49 - 52,true,true,true,64 - 67,,,,,,,,,,
zoroark-hisui,zoroark-hisui,legends-arceus,legends-arceus,icepeak-cavern,symbol-encounter,45 - 52,true,true,,60 - 67,,,,,,,,,,
zoroark-hisui,zoroark-hisui,legends-arceus,legends-arceus,lake-acuity-hisui,special-encounter,,true,true,,58,,,,"Can be caught during Mission 16: ""The Trial of Lake Acuity"". Unlocked after completing Mission 13: ""Disaster Looming"". Does not respawn and is never shiny.",,,,,,
zorua-hisui,zorua-hisui,legends-arceus,legends-arceus,avaluggs-legacy,swarm,27 - 29,true,true,true,42 - 44,,,,,,,,,,
zorua-hisui,zorua-hisui,legends-arceus,legends-arceus,glacier-terrace,symbol-encounter,26 - 29,true,true,true,41 - 44,,,,,,,,,,
zorua-hisui,zorua-hisui,legends-arceus,legends-arceus,icepeak-cavern,symbol-encounter,26 - 29,true,true,,41 - 44,,,,,,,,,,
zubat,zubat,legends-arceus,legends-arceus,ancient-quarry,symbol-encounter,18 - 21,,true,true,33 - 36,,,,,true,,,,,
zubat,zubat,legends-arceus,legends-arceus,bolderoll-slope,symbol-encounter,18 - 21,,true,,33 - 36,,,,,true,,,,,
zubat,zubat,legends-arceus,legends-arceus,cloudpool-ridge,symbol-encounter,17 - 21,,true,,33 - 36,,,,,true,,,,,
zubat,zubat,legends-arceus,legends-arceus,natures-pantry,flying,9 - 13,,true,,24 - 28,,,,,true,,,,,
zubat,zubat,legends-arceus,legends-arceus,deertrack-heights,symbol-encounter,7 - 14,,true,,22 - 29,,,,,true,,,,,
zubat,zubat,legends-arceus,legends-arceus,deertrack-heights,flying,11 - 14,,true,,26 - 29,,,,,true,,,,,
zubat,zubat,legends-arceus,legends-arceus,deertrack-path,symbol-encounter,7 - 10,,true,,22 - 25,,,,,true,,,,,
zubat,zubat,legends-arceus,legends-arceus,diamond-heath,symbol-encounter,18 - 21,,true,,33 - 36,,,,,true,,,,,
zubat,zubat,legends-arceus,legends-arceus,diamond-settlement,symbol-encounter,18 - 21,true,true,true,33 - 36,,,,,,,,,,
zubat,zubat,legends-arceus,legends-arceus,heavenward-lookout,symbol-encounter,18 - 21,,true,,33 - 36,,,,,true,,,,,
zubat,zubat,legends-arceus,legends-arceus,heavenward-lookout,flying,18 - 21,,true,,33 - 36,,,,,true,,,,,
zubat,zubat,legends-arceus,legends-arceus,heavenward-lookout,swarm,19 - 21,true,true,,34 - 36,,,,,,,,,,
zubat,zubat,legends-arceus,legends-arceus,natures-pantry,symbol-encounter,9 - 12,,true,,24 - 27,,,,,true,,,,,
zubat,zubat,legends-arceus,legends-arceus,obsidian-falls,symbol-encounter,13 - 16,,true,true,28 - 31,,,,,true,,,,,
zubat,zubat,legends-arceus,legends-arceus,obsidian-falls,flying,13 - 16,,true,true,28 - 31,,,,,true,,,,,
zubat,zubat,legends-arceus,legends-arceus,obsidian-falls,swarm,12 - 14,true,true,true,27 - 29,,,,,,,,,,
zubat,zubat,legends-arceus,legends-arceus,oreburrow-tunnel,symbol-encounter,13 - 16,,true,,28 - 31,,,,,true,,,,,
zubat,zubat,legends-arceus,legends-arceus,snowpoint-temple,flying,19 - 21,true,true,,34 - 36,,,,,,,,,,
zubat,zubat,legends-arceus,legends-arceus,the-heartwood,symbol-encounter,13 - 18,,true,,28 - 33,,,,,true,,,,,
zubat,zubat,legends-arceus,legends-arceus,tidewater-dam,symbol-encounter,9 - 16,,true,,24 - 31,,,,,true,,,,,
zubat,zubat,legends-arceus,legends-arceus,tidewater-dam,flying,13 - 16,,true,,28 - 31,,,,,true,,,,,
zubat,zubat,legends-arceus,legends-arceus,wayward-cave,flying,40 - 42,true,true,,55 - 57,,,,,,,,,,
zubat,zubat,legends-arceus,legends-arceus,wayward-wood,symbol-encounter,18 - 21,,true,,33 - 36,,,,,true,,,,,
zubat,zubat,legends-arceus,legends-arceus,windswept-run,symbol-encounter,9 - 14,,true,,24 - 29,,,,,true,,,,,
zubat,zubat,legends-arceus,legends-arceus,windswept-run,flying,9 - 12,,true,,24 - 27,,,,,true,,,,,
zubat,zubat,legends-arceus,legends-arceus,worn-bridge,symbol-encounter,7 - 12,,true,,22 - 27,,,,,true,,,,,
