item,version_group,version,type,subtype,location_area_pokedb,location_detail,is_repeatable,is_hidden,is_guaranteed,quantity,probability,cost_amount,currency,required_badge,unlock_condition,notes
ability-capsule,x-y,x,exchange,,battle-maison,,1,0,1,,,200,battle-point,,,
ability-patch,brilliant-diamond-shining-pearl,brilliant-diamond,exchange,,battle-park-sinnoh,,1,0,1,,,200,battle-point,,,
ability-patch,scarlet-violet,scarlet,tera-raid,tera-raid-6star,,,1,0,0,,,,,,,
ability-patch,sword-shield,shield,max-lair,dynite-ore-trader,,,1,0,1,,,,dynite-ore,,,
ability-patch,brilliant-diamond-shining-pearl,shining-pearl,exchange,,battle-park-sinnoh,,1,0,1,,,200,battle-point,,,
ability-patch,sword-shield,sword,max-lair,reward,,After catching and keeping Necrozma from a Dynamax Adventure,0,0,1,,,,,,,
ability-patch,scarlet-violet,violet,tera-raid,tera-raid-7star,,,1,0,0,,,,,,,
ability-shield,scarlet-violet,scarlet,shop,specialty-shop,mesagoza,Delibird Presents (Mesagoza Branch),1,0,1,,,20000,poke-dollar,,,
ability-shield,scarlet-violet,violet,shop,specialty-shop,mesagoza,Delibird Presents (Mesagoza Branch),1,0,1,,,20000,poke-dollar,,,
abomasite,omega-ruby-alpha-sapphire,alpha-sapphire,story,,hoenn-route-123,After defeating or capturing Kyogre,0,0,1,,,,,,,
abomasite,omega-ruby-alpha-sapphire,omega-ruby,story,,hoenn-route-123,After defeating or capturing Groudon,0,0,1,,,,,,,
abomasite,ultra-sun-ultra-moon,ultra-moon,exchange,,battle-tree,Battle Tree,1,0,1,,,64,battle-point,,,
abomasite,ultra-sun-ultra-moon,ultra-sun,exchange,,battle-tree,Battle Tree,1,0,1,,,64,battle-point,,,
abomasite,x-y,x,story,,frost-cavern,From Abomasnow after defeating Team Flare,0,0,1,,,,,,,
abomasite,x-y,y,story,,frost-cavern,From Abomasnow after defeating Team Flare,0,0,1,,,,,,,
absolite,omega-ruby-alpha-sapphire,alpha-sapphire,overworld,visible,safari-zone-hoenn,Requires Acro Bike,0,0,1,,,,,,,
absolite,sun-moon,moon,exchange,,battle-tree,Battle Tree,1,0,1,,,64,battle-point,,,
absolite,omega-ruby-alpha-sapphire,omega-ruby,overworld,visible,safari-zone-hoenn,Requires Acro Bike,0,0,1,,,,,,,
absolite,sun-moon,sun,exchange,,battle-tree,Battle Tree,1,0,1,,,64,battle-point,,,
absolite,ultra-sun-ultra-moon,ultra-moon,exchange,,battle-tree,Battle Tree,1,0,1,,,64,battle-point,,,
absolite,ultra-sun-ultra-moon,ultra-sun,exchange,,battle-tree,Battle Tree,1,0,1,,,64,battle-point,,,
absolite,x-y,x,npc-gift,,kiloude-city,From Calem/Serena after defeating them,0,0,1,,,,,,After defeating Calem/Serena,
absolite,x-y,y,npc-gift,,kiloude-city,From Calem/Serena after defeating them,0,0,1,,,,,,After defeating Calem/Serena,
absorb-bulb,black-white,black,exchange,,battle-subway,,1,0,1,,,32,battle-point,,,
academy-ball,scarlet-violet,scarlet,story,,mesagoza,,0,0,1,,,,,,Automatically obtained after beginning the Treasure Hunt,
academy-ball,scarlet-violet,violet,story,,mesagoza,,0,0,1,,,,,,Automatically obtained after beginning the Treasure Hunt,
academy-bottle,scarlet-violet,scarlet,story,,mesagoza,Automatically obtained after beginning the Treasure Hunt,0,0,1,,,,,,After beginning the Treasure Hunt,
academy-bottle,scarlet-violet,violet,story,,mesagoza,Automatically obtained after beginning the Treasure Hunt,0,0,1,,,,,,After beginning the Treasure Hunt,
academy-chairs,scarlet-violet,scarlet,npc-gift,,revelers-road,From a picnicker,0,0,1,,,,,,If the player owns the Academy Tablecloth,
academy-chairs,scarlet-violet,violet,npc-gift,,revelers-road,From a picnicker,0,0,1,,,,,,If the player owns the Academy Tablecloth,
academy-cup,scarlet-violet,scarlet,story,,mesagoza,Automatically obtained after beginning the Treasure Hunt,0,0,1,,,,,,After beginning the Treasure Hunt,
academy-cup,scarlet-violet,violet,story,,mesagoza,Automatically obtained after beginning the Treasure Hunt,0,0,1,,,,,,After beginning the Treasure Hunt,
academy-tablecloth,scarlet-violet,scarlet,story,,mesagoza,Automatically obtained after beginning the Treasure Hunt,0,0,1,,,,,,After beginning the Treasure Hunt,
academy-tablecloth,scarlet-violet,violet,story,,mesagoza,Automatically obtained after beginning the Treasure Hunt,0,0,1,,,,,,After beginning the Treasure Hunt,
acro-bike,omega-ruby-alpha-sapphire,alpha-sapphire,choice,,rydels-cycles,Choice between Acro Bike and Mach Bike; both obtainable after specific NPC interactions,1,0,1,,,,,,After speaking to required NPCs in Hoenn,
acro-bike,emerald,emerald,choice,,rydels-cycles,Choice between Acro Bike and Mach Bike,1,0,1,,,,,,,
acro-bike,omega-ruby-alpha-sapphire,omega-ruby,choice,,rydels-cycles,Choice between Acro Bike and Mach Bike; both obtainable after specific NPC interactions,1,0,1,,,,,,After speaking to required NPCs in Hoenn,
acro-bike,ruby-sapphire,ruby,choice,,rydels-cycles,Choice between Acro Bike and Mach Bike,1,0,1,,,,,,,
acro-bike,ruby-sapphire,sapphire,choice,,rydels-cycles,Choice between Acro Bike and Mach Bike,1,0,1,,,,,,,
adamant-crystal,scarlet-violet,scarlet,auction,,porto-marinada,Porto Marinada auction,1,0,0,,,,,,If the player owns a Dialga,
adamant-crystal,scarlet-violet,violet,auction,,porto-marinada,Porto Marinada auction,1,0,0,,,,,,If the player owns a Dialga,
adamant-mint,sword-shield,shield,exchange,,,Battle Tower,1,0,1,,,50,battle-point,,,
adamant-mint,sword-shield,sword,exchange,,,Battle Tower,1,0,1,,,50,battle-point,,,
adamant-orb,black-white,black,npc-gift,,marvelous-bridge,Given by the Shadow Triad,0,0,1,,,,,,,
adamant-orb,black-2-white-2,black-2,overworld,visible,dragonspiral-tower,,0,0,1,,,,,,,
adamant-orb,brilliant-diamond-shining-pearl,brilliant-diamond,overworld,visible,spear-pillar,,0,0,1,,,,,,,
adamant-orb,diamond-pearl,diamond,overworld,visible,spear-pillar,,0,0,1,,,,,,,
adamant-orb,heartgold-soulsilver,heartgold,wild-pokemon,,sinjoh-ruins,Held by Dialga,0,0,1,,,,,,,
adamant-orb,omega-ruby-alpha-sapphire,omega-ruby,overworld,visible,hoenn-route-128,Underwater,0,0,1,,,,,,,
adamant-orb,platinum,platinum,overworld,visible,mount-coronet,,0,0,1,,,,,,,
adamant-orb,scarlet-violet,scarlet,auction,,porto-marinada,Auction,0,0,1,,,,,,If the player owns a Dialga,
adamant-orb,sun-moon,sun,shop,specialty-shop,hauoli-city,"Antiquities of the Ages, Hau'oli City Mall",0,0,1,,,,,,,
adamant-orb,sword-shield,sword,bargain-shop,,stow-on-side,Bargain shop keeper,0,0,1,,,,,,If the player owns a Dialga,
adamant-orb,x-y,x,overworld,visible,terminus-cave,,0,0,1,,,,,,,
adrenaline-orb,sun-moon,moon,shop,poke-mart,,All Poké Marts,1,0,1,,,300,poke-dollar,,After completing three trials,
adrenaline-orb,scarlet-violet,scarlet,shop,specialty-shop,levincia,Delibird Presents,1,0,1,,,5000,poke-dollar,,After earning 4 Gym Badges,
adrenaline-orb,sun-moon,sun,overworld,visible,alola-route-04,,0,0,1,,,,,,,
adrenaline-orb,sword-shield,sword,exchange,,battle-tower-galar,,1,0,1,,,10,battle-point,,,
adventure-rules,scarlet-violet,scarlet,starting-item,bag,cabo-poco,In the player's Bag when obtained,0,0,1,,,,,,,
adventure-rules,sword-shield,shield,starting-item,bag,postwick,In the player's Bag when obtained,0,0,1,,,,,,,
adventure-rules,sword-shield,sword,starting-item,bag,postwick,In the player's Bag when obtained,0,0,1,,,,,,,
adventure-rules,scarlet-violet,violet,starting-item,bag,cabo-poco,In the player's Bag when obtained,0,0,1,,,,,,,
adventure-rules,x-y,x,npc-gift,,kalos-route-03,From Calem or Serena upon arrival,0,0,1,,,,,,,
adventure-rules,x-y,y,npc-gift,,kalos-route-03,From Calem or Serena upon arrival,0,0,1,,,,,,,
aerodactylite,omega-ruby-alpha-sapphire,alpha-sapphire,overworld,visible,meteor-falls,,0,0,1,,,,,,,
aerodactylite,lets-go-pikachu-lets-go-eevee,lets-go-eevee,overworld,visible,indigo-plateau,,0,0,1,,,,,,,
aerodactylite,lets-go-pikachu-lets-go-eevee,lets-go-pikachu,overworld,visible,indigo-plateau,,0,0,1,,,,,,,
aerodactylite,sun-moon,moon,exchange,,battle-tree,,1,0,1,,,64,battle-point,,,
aerodactylite,omega-ruby-alpha-sapphire,omega-ruby,overworld,visible,meteor-falls,,0,0,1,,,,,,,
aerodactylite,sun-moon,sun,exchange,,battle-tree,,1,0,1,,,64,battle-point,,,
aerodactylite,ultra-sun-ultra-moon,ultra-moon,exchange,,battle-tree,,1,0,1,,,64,battle-point,,,
aerodactylite,ultra-sun-ultra-moon,ultra-sun,exchange,,battle-tree,,1,0,1,,,64,battle-point,,,
aerodactylite,x-y,x,story,,ambrette-town,Fossil Lab (after finding the scientist in Glittering Cave),0,0,1,,,,,,,
aerodactylite,x-y,y,story,,ambrette-town,Fossil Lab (after finding the scientist in Glittering Cave),0,0,1,,,,,,,
aggronite,omega-ruby-alpha-sapphire,alpha-sapphire,overworld,visible,rusturf-tunnel,,0,0,1,,,,,,,
aggronite,omega-ruby-alpha-sapphire,omega-ruby,overworld,visible,rusturf-tunnel,,0,0,1,,,,,,,
aggronite,ultra-sun-ultra-moon,ultra-moon,exchange,,battle-tree,Battle Tree,1,0,1,,,64,battle-point,,,
aggronite,ultra-sun-ultra-moon,ultra-sun,exchange,,battle-tree,Battle Tree,1,0,1,,,64,battle-point,,,
aggronite,x-y,y,overworld,visible,cyllage-city,Cyllage Gym,0,0,1,,,,,,Requires upgraded Mega Ring,
air-balloon,black-white,black,exchange,,,Battle Subway,1,0,1,,,48,battle-point,,,
air-balloon,black-2-white-2,black-2,wild-pokemon,,,Held by wild Drifblim in dark grass,1,0,0,,1.0,,,,,
air-mail,diamond-pearl,diamond,shop,poke-mart,jubilife-city,Poké Mart,1,0,1,,,50,poke-dollar,,,
air-mail,heartgold-soulsilver,heartgold,starting-item,pc,,Mail from Lyra/Ethan,0,0,1,,,,,,,
air-mail,diamond-pearl,pearl,shop,poke-mart,jubilife-city,Poké Mart,1,0,1,,,50,poke-dollar,,,
air-mail,platinum,platinum,shop,poke-mart,jubilife-city,Poké Mart,1,0,1,,,50,poke-dollar,,,
air-mail,heartgold-soulsilver,soulsilver,starting-item,pc,,Mail from Lyra/Ethan,0,0,1,,,,,,,
alakazite,omega-ruby-alpha-sapphire,alpha-sapphire,shop,vendor,slateport-city,Slateport Market,0,0,1,,,,,,,
alakazite,lets-go-pikachu-lets-go-eevee,lets-go-eevee,overworld,visible,indigo-plateau,,0,0,1,,,,,,,
alakazite,lets-go-pikachu-lets-go-eevee,lets-go-pikachu,overworld,visible,indigo-plateau,,0,0,1,,,,,,,
alakazite,sun-moon,moon,npc-gift,,ancient-poni-path,From Dexio after becoming Champion,0,0,1,,,,,,After becoming Champion,
alakazite,omega-ruby-alpha-sapphire,omega-ruby,shop,vendor,slateport-city,Slateport Market,0,0,1,,,,,,,
alakazite,sun-moon,sun,npc-gift,,ancient-poni-path,From Dexio after becoming Champion,0,0,1,,,,,,After becoming Champion,
alakazite,ultra-sun-ultra-moon,ultra-moon,npc-gift,,poni-plains,From Dexio after becoming Champion,0,0,1,,,,,,After becoming Champion,
alakazite,ultra-sun-ultra-moon,ultra-sun,npc-gift,,poni-plains,From Dexio after becoming Champion,0,0,1,,,,,,After becoming Champion,
alakazite,x-y,x,overworld,visible,reflection-cave,"B2F, requires an upgraded Mega Ring",0,0,1,,,,,,After obtaining an upgraded Mega Ring,
alakazite,x-y,y,overworld,visible,reflection-cave,"B2F, requires an upgraded Mega Ring",0,0,1,,,,,,After obtaining an upgraded Mega Ring,
aloraichium-z--held,sun-moon,moon,npc-gift,,seafolk-village,Lady in the Steelix Boat for showing her an Alolan Raichu,0,0,1,,,,,,,
aloraichium-z--held,sun-moon,sun,npc-gift,,seafolk-village,Lady in the Steelix Boat for showing her an Alolan Raichu,0,0,1,,,,,,,
aloraichium-z--held,ultra-sun-ultra-moon,ultra-moon,npc-gift,,seafolk-village,Lady in the Steelix Boat for showing her an Alolan Raichu,0,0,1,,,,,,,
aloraichium-z--held,ultra-sun-ultra-moon,ultra-sun,npc-gift,,seafolk-village,Lady in the Steelix Boat for showing her an Alolan Raichu,0,0,1,,,,,,,
altarianite,omega-ruby-alpha-sapphire,alpha-sapphire,npc-gift,,lilycove-city,,0,0,1,,,,,,Requires Altaria in party,
altarianite,sun-moon,moon,event,,,,0,0,1,,,,,,,
altarianite,omega-ruby-alpha-sapphire,omega-ruby,npc-gift,,lilycove-city,,0,0,1,,,,,,Requires Altaria in party,
altarianite,sun-moon,sun,event,,,,0,0,1,,,,,,,
altarianite,ultra-sun-ultra-moon,ultra-moon,exchange,,battle-tree,,1,0,1,,,64,battle-point,,,
altarianite,ultra-sun-ultra-moon,ultra-sun,exchange,,battle-tree,,1,0,1,,,64,battle-point,,,
amaze-mulch,omega-ruby-alpha-sapphire,alpha-sapphire,exchange,,,Trade,1,0,1,,,,,,,
amaze-mulch,omega-ruby-alpha-sapphire,omega-ruby,exchange,,,Trade,1,0,1,,,,,,,
amaze-mulch,x-y,x,crafting,recipe,,Berry fields composter,1,0,1,,,,,,Using one Maranga Berry or Kee Berry and two other Berries,
amaze-mulch,x-y,y,crafting,recipe,,Berry fields composter,1,0,1,,,,,,Using one Maranga Berry or Kee Berry and two other Berries,
ampharosite,omega-ruby-alpha-sapphire,alpha-sapphire,overworld,visible,new-mauville,,0,0,1,,,,,,,
ampharosite,omega-ruby-alpha-sapphire,omega-ruby,overworld,visible,new-mauville,,0,0,1,,,,,,,
ampharosite,ultra-sun-ultra-moon,ultra-moon,exchange,,battle-tree,,1,0,1,,,64,battle-point,,,
ampharosite,ultra-sun-ultra-moon,ultra-sun,exchange,,battle-tree,,1,0,1,,,64,battle-point,,,
ampharosite,x-y,x,npc-gift,,azure-bay,Old man,0,0,1,,,,,,,
ampharosite,x-y,y,npc-gift,,azure-bay,Old man,0,0,1,,,,,,,
amulet-coin,gold-silver,gold,overworld,visible,goldenrod-department-store-basement,,0,0,1,,,,,,,
amulet-coin,ruby-sapphire,ruby,npc-gift,,littleroot-town,From Mom after earning the Balance Badge,0,0,1,,,,,balance-badge,,
apicot-berry,ruby-sapphire,ruby,event,,,Event distribution,0,0,1,,,,,,,
apicot-berry,scarlet-violet,scarlet,overworld,sparkling,area-zero,Sparkling overworld item,1,0,0,,,,,,,
apicot-berry,sword-shield,sword,berry-tree,,galar-route-09,Berry trees,1,0,0,,,,,,,"Also found in Dappled Grove, Giant's Cap, Lake of Outrage"
apple,scarlet-violet,scarlet,shop,vendor,,Peachy's,1,0,1,,,,,,The Teal Mask,
apple,scarlet-violet,scarlet,shop,vendor,,Sure Cans,1,0,1,,,,,,,
apple,scarlet-violet,scarlet,vending-machine,,terarium,Vending machines,1,0,1,,,,,,The Indigo Disk,
apple,scarlet-violet,scarlet,story,,south-province-area-two,Olive Roll reward,0,0,1,,,,,,,
apple,scarlet-violet,violet,vending-machine,,terarium,Vending machines,1,0,1,,,,,,The Indigo Disk,
apple,scarlet-violet,violet,story,,south-province-area-two,Olive Roll reward,0,0,1,,,,,,,
apple,scarlet-violet,violet,shop,vendor,,Sure Cans,1,0,1,,,,,,,
apple,scarlet-violet,violet,shop,vendor,,Peachy's,1,0,1,,,,,,The Teal Mask,
apricorn-box,heartgold-soulsilver,heartgold,npc-gift,,route-30-johto,Man inside the southernmost house,0,0,1,,,,,,,
apricorn-box,heartgold-soulsilver,soulsilver,npc-gift,,route-30-johto,Man inside the southernmost house,0,0,1,,,,,,,
aqua-suit,omega-ruby-alpha-sapphire,alpha-sapphire,story,,sootopolis-city,Received from Archie after Kyogre has been awoken,0,0,1,,,,,,After Kyogre has been awoken,
armor-fossil,diamond-pearl,diamond,mining,,underground,,1,0,0,,,,,,,
armor-pass,sword-shield,shield,starting-item,bag,,,0,0,1,,,,,,After purchasing the Expansion Pass and updating to at least version 1.2.0,
armor-pass,sword-shield,sword,starting-item,bag,,,0,0,1,,,,,,After purchasing the Expansion Pass and updating to at least version 1.2.0,
armorite-ore,sword-shield,shield,overworld,recurring,,"Hidden spots in Soothing Wetlands, Brawlers' Cave, Courageous Cavern, Potbottom Desert",1,1,1,,,,,,,
armorite-ore,sword-shield,shield,event,,,Wild Area News,0,0,1,,,,,,"June 30 to July 31, 2020",
armorite-ore,sword-shield,shield,raid,max-raid,,Max Raid Battles,1,0,0,,,,,,,All levels
armorite-ore,sword-shield,sword,event,,,Wild Area News,0,0,1,,,,,,"June 30 to July 31, 2020",
armorite-ore,sword-shield,sword,raid,max-raid,,Max Raid Battles,1,0,0,,,,,,,All levels
armorite-ore,sword-shield,sword,overworld,recurring,,"Hidden spots in Soothing Wetlands, Brawlers' Cave, Courageous Cavern, Potbottom Desert",1,1,1,,,,,,,
articuno-treat,scarlet-violet,scarlet,npc-gift,,blueberry-academy,"Blueberry Academy entrance, from Snacksworth",0,0,1,,,,,,After completing 10 solo Blueberry Quests,Requires The Indigo Disk DLC.
articuno-treat,scarlet-violet,violet,npc-gift,,blueberry-academy,"Blueberry Academy entrance, from Snacksworth",0,0,1,,,,,,After completing 10 solo Blueberry Quests,Requires The Indigo Disk DLC.
assault-vest,scarlet-violet,scarlet,shop,specialty-shop,mesagoza,Delibird Presents,1,0,1,,,50000,poke-dollar,,After completing the main storyline,
assault-vest,sun-moon,sun,exchange,,,Battle Tree,1,0,1,,,48,battle-point,,,
assault-vest,sword-shield,sword,overworld,visible,lake-of-outrage,,0,0,1,,,,,,,
assault-vest,sword-shield,sword,exchange,,,Battle Tower,1,0,1,,,25,battle-point,,,
assault-vest,x-y,x,exchange,,,Battle Maison,1,0,1,,,48,battle-point,,,
audinite,omega-ruby-alpha-sapphire,alpha-sapphire,npc-gift,,battle-resort,Given by Looker,0,0,1,,,,,,,
audinite,sun-moon,moon,event,,,First Mega Stone Gift,0,0,1,,,,,,,
audinite,omega-ruby-alpha-sapphire,omega-ruby,npc-gift,,battle-resort,Given by Looker,0,0,1,,,,,,,
audinite,sun-moon,sun,event,,,First Mega Stone Gift,0,0,1,,,,,,,
audinite,ultra-sun-ultra-moon,ultra-moon,exchange,,battle-tree,,1,0,1,,,64,battle-point,,,
audinite,ultra-sun-ultra-moon,ultra-sun,exchange,,battle-tree,,1,0,1,,,64,battle-point,,,
auspicious-armor,scarlet-violet,scarlet,exchange,,zapapico,Man next to the fountain near the eastern Pokémon Center,1,0,1,,,10,,,Exchange for ten Bronzor Fragments,
auspicious-armor,scarlet-violet,violet,exchange,,,Trade,1,0,1,,,,,,,
autograph,lets-go-pikachu-lets-go-eevee,lets-go-eevee,trainer-reward,gym-leader,vermilion-gym,Reward for defeating Lt. Surge,0,0,1,,,,,,,
autograph,lets-go-pikachu-lets-go-eevee,lets-go-pikachu,trainer-reward,gym-leader,vermilion-gym,Reward for defeating Lt. Surge,0,0,1,,,,,,,
avocado,scarlet-violet,scarlet,shop,vendor,,Peachy's,1,0,1,,,180,poke-dollar,,After earning 2 Badges,
avocado,scarlet-violet,scarlet,shop,vendor,,Deli Cioso,1,0,1,,,180,poke-dollar,,After earning 2 Gym Badges,
avocado,scarlet-violet,scarlet,shop,vendor,,Aquiesta Supermarket,1,0,1,,,180,poke-dollar,,After earning 2 Gym Badges,
avocado,scarlet-violet,violet,shop,vendor,,Deli Cioso,1,0,1,,,180,poke-dollar,,After earning 2 Gym Badges,
avocado,scarlet-violet,violet,shop,vendor,,Peachy's,1,0,1,,,180,poke-dollar,,After earning 2 Badges,
avocado,scarlet-violet,violet,shop,vendor,,Aquiesta Supermarket,1,0,1,,,180,poke-dollar,,After earning 2 Gym Badges,
azure-flute,brilliant-diamond-shining-pearl,brilliant-diamond,event,,twinleaf-town,Save data bonus from Pokémon Legends: Arceus with all Missions completed,0,0,1,,,,,,Requires completed Pokémon Legends: Arceus save data,Available in Version 1.3.0+
azure-flute,brilliant-diamond-shining-pearl,shining-pearl,event,,twinleaf-town,Save data bonus from Pokémon Legends: Arceus with all Missions completed,0,0,1,,,,,,Requires completed Pokémon Legends: Arceus save data,Available in Version 1.3.0+
bachs-food-tin,sword-shield,shield,shop,vendor,rolling-fields,Ingredients Seller,1,0,1,,,950,poke-dollar,,,
bachs-food-tin,sword-shield,shield,shop,vendor,hammerlocke-hills,Ingredients Seller,1,0,1,,,950,poke-dollar,,,
bachs-food-tin,sword-shield,shield,shop,vendor,fields-of-honor,Ingredients Seller,1,0,1,,,950,poke-dollar,,,
bacon,scarlet-violet,scarlet,shop,vendor,,Deli Cioso,1,0,1,,,150,poke-dollar,,After earning 1 Gym Badge,
bacon,the-indigo-disk,,vending-machine,,terarium,Vending machines,1,0,1,,,,,,,
bacon,scarlet-violet,violet,shop,vendor,,Deli Cioso,1,0,1,,,150,poke-dollar,,After earning 1 Gym Badge,
banana,scarlet-violet,scarlet,vending-machine,,,Sure Cans,1,0,1,,,,,,,
banana,scarlet-violet,scarlet,vending-machine,,terarium,Vending machines,1,0,1,,,,,,The Indigo Disk,
banana,scarlet-violet,violet,vending-machine,,,Sure Cans,1,0,1,,,,,,,
banana,scarlet-violet,violet,vending-machine,,terarium,Vending machines,1,0,1,,,,,,The Indigo Disk,
banettite,omega-ruby-alpha-sapphire,alpha-sapphire,overworld,visible,mt-pyre,,0,0,1,,,,,,,
banettite,sun-moon,moon,event,,,Third Mega Stone Gift,0,0,1,,,,,,,
banettite,omega-ruby-alpha-sapphire,omega-ruby,overworld,visible,mt-pyre,,0,0,1,,,,,,,
banettite,sun-moon,sun,event,,,Third Mega Stone Gift,0,0,1,,,,,,,
banettite,ultra-sun-ultra-moon,ultra-moon,exchange,,battle-tree,,1,0,1,,,64,battle-point,,,
banettite,ultra-sun-ultra-moon,ultra-sun,exchange,,battle-tree,,1,0,1,,,64,battle-point,,,
banettite,x-y,x,overworld,visible,chamber-of-emptiness,Requires an upgraded Mega Ring,0,0,1,,,,,,After obtaining an upgraded Mega Ring,
banettite,x-y,y,overworld,visible,chamber-of-emptiness,Requires an upgraded Mega Ring,0,0,1,,,,,,After obtaining an upgraded Mega Ring,
barred-cup,scarlet-violet,scarlet,shop,specialty-shop,mesagoza,Picnic-Knacks (Mesagoza Branch),1,0,1,,,800,poke-dollar,,,
barred-cup,scarlet-violet,violet,shop,specialty-shop,mesagoza,Picnic-Knacks (Mesagoza Branch),1,0,1,,,800,poke-dollar,,,
basement-key-hoenn,emerald,emerald,npc-gift,,mauville-city,From Wattson,0,0,1,,,,,,After defeating Norman,
basement-key-hoenn,ruby-sapphire,ruby,npc-gift,,mauville-city,From Wattson,0,0,1,,,,,,After defeating Norman,
basement-key-hoenn,ruby-sapphire,sapphire,npc-gift,,mauville-city,From Wattson,0,0,1,,,,,,After defeating Norman,
basement-key-johto,crystal,crystal,npc-defeat,,goldenrod-radio-tower,Imposter Radio Director,0,0,1,,,,,,After defeating the imposter Radio Director,
basement-key-johto,gold-silver,gold,npc-defeat,,goldenrod-radio-tower,Imposter Radio Director,0,0,1,,,,,,After defeating the imposter Radio Director,
basement-key-johto,heartgold-soulsilver,heartgold,npc-defeat,,goldenrod-radio-tower,Petrel,0,0,1,,,,,,After defeating Petrel,
basement-key-johto,gold-silver,silver,npc-defeat,,goldenrod-radio-tower,Imposter Radio Director,0,0,1,,,,,,After defeating the imposter Radio Director,
basement-key-johto,heartgold-soulsilver,soulsilver,npc-defeat,,goldenrod-radio-tower,Petrel,0,0,1,,,,,,After defeating Petrel,
basil,scarlet-violet,scarlet,shop,vendor,,Deli Cioso,1,0,1,,,280,poke-dollar,,After earning 3 Gym Badges,
basil,scarlet-violet,scarlet,shop,vendor,,Aquiesta Supermarket,1,0,1,,,280,poke-dollar,,After earning 3 Gym Badges,
basil,scarlet-violet,scarlet,vending-machine,,terarium,Vending machines,1,0,1,,,,,,The Indigo Disk,
basil,scarlet-violet,violet,shop,vendor,,Aquiesta Supermarket,1,0,1,,,280,poke-dollar,,After earning 3 Gym Badges,
basil,scarlet-violet,violet,vending-machine,,terarium,Vending machines,1,0,1,,,,,,The Indigo Disk,
basil,scarlet-violet,violet,shop,vendor,,Deli Cioso,1,0,1,,,280,poke-dollar,,After earning 3 Gym Badges,
battle-chairs,scarlet-violet,scarlet,npc-gift,,revelers-road,Picnicker,0,0,1,,,,,,If the player owns the Battle Tablecloth (The Teal Mask),
battle-chairs,scarlet-violet,violet,npc-gift,,revelers-road,Picnicker,0,0,1,,,,,,If the player owns the Battle Tablecloth (The Teal Mask),
battle-tablecloth,scarlet-violet,scarlet,shop,specialty-shop,cascarrafa,Picnic-Knacks (Cascarrafa Branch),1,0,1,,,4000,poke-dollar,,,
battle-tablecloth,scarlet-violet,violet,shop,specialty-shop,cascarrafa,Picnic-Knacks (Cascarrafa Branch),1,0,1,,,4000,poke-dollar,,,
beach-glass,lets-go-pikachu-lets-go-eevee,lets-go-eevee,npc-gift,,,Partner Eevee,1,0,1,,,,,,,
beach-glass,lets-go-pikachu-lets-go-eevee,lets-go-pikachu,npc-gift,,,Partner Pikachu,1,0,1,,,,,,,
bead-mail,emerald,emerald,overworld,visible,trick-house,,0,0,1,,,,,,,
bead-mail,emerald,emerald,npc-gift,,lilycove-city,Quiz Lady,0,0,1,,,,,,,
bead-mail,firered-leafgreen,firered,transfer,,,Trade from Ruby/Sapphire/Emerald,1,0,1,,,,,,,
bead-mail,firered-leafgreen,leafgreen,transfer,,,Trade from Ruby/Sapphire/Emerald,1,0,1,,,,,,,
bead-mail,ruby-sapphire,ruby,overworld,visible,trick-house,,0,0,1,,,,,,,
bead-mail,ruby-sapphire,sapphire,overworld,visible,trick-house,,0,0,1,,,,,,,
beedrillite,omega-ruby-alpha-sapphire,alpha-sapphire,overworld,visible,sea-mauville,Storage Room,0,0,1,,,,,,,
beedrillite,lets-go-pikachu-lets-go-eevee,lets-go-eevee,overworld,visible,indigo-plateau,,0,0,1,,,,,,,
beedrillite,lets-go-pikachu-lets-go-eevee,lets-go-pikachu,overworld,visible,indigo-plateau,,0,0,1,,,,,,,
beedrillite,omega-ruby-alpha-sapphire,omega-ruby,overworld,visible,sea-mauville,Storage Room,0,0,1,,,,,,,
beedrillite,ultra-sun-ultra-moon,ultra-moon,exchange,,battle-tree,,1,0,1,,,64,battle-point,,,
beedrillite,ultra-sun-ultra-moon,ultra-sun,exchange,,battle-tree,,1,0,1,,,64,battle-point,,,
berry-gen2,gold-silver,gold,overworld,visible,route-30-johto,,0,0,1,,,,,,,
berry-pots,heartgold-soulsilver,heartgold,npc-gift,,route-36-johto,From Floria after catching or defeating Sudowoodo,0,0,1,,,,,,After encountering Sudowoodo on Route 36,
berry-pots,heartgold-soulsilver,soulsilver,npc-gift,,route-36-johto,From Floria after catching or defeating Sudowoodo,0,0,1,,,,,,After encountering Sudowoodo on Route 36,
berry-pouch,firered-leafgreen,firered,story,,route-03-kanto,Automatically obtained upon acquiring the first Berry,0,0,1,,,,,,,
berry-pouch,firered-leafgreen,leafgreen,story,,route-03-kanto,Automatically obtained upon acquiring the first Berry,0,0,1,,,,,,,
berry-sweet,scarlet-violet,scarlet,crafting,item-printer,,Item Printer,1,0,0,,,,,,The Indigo Disk,
berry-sweet,scarlet-violet,scarlet,overworld,visible,,"Coastal Biome, Polar Biome, Savanna Biome",0,0,1,,,,,,The Indigo Disk,
berry-sweet,sword-shield,shield,npc-gift,,,Battle Café,1,0,1,,,,,,,
berry-sweet,sword-shield,shield,dropped,,,Wild Area News event,1,0,0,,,,,,"During Wild Area News January 30 - February 16, 2020",Dropped by Gigantamax Factor Milcery
berry-sweet,sword-shield,shield,shop,watt-trader,snowslide-slope,Snowslide Slope Watt Trader (Highlight Item),1,0,1,,,7980,watt,,The Crown Tundra,
berry-sweet,sword-shield,shield,crafting,cram-o-matic,,Cram-o-matic,1,0,0,,,,,,Isle of Armor; Fairy type recipe 92–100 points,
berry-sweet,sword-shield,sword,dropped,,,Wild Area News event,1,0,0,,,,,,"During Wild Area News January 30 - February 16, 2020",Dropped by Gigantamax Factor Milcery
berry-sweet,sword-shield,sword,npc-gift,,,Battle Café,1,0,1,,,,,,,
berry-sweet,sword-shield,sword,crafting,cram-o-matic,,Cram-o-matic,1,0,0,,,,,,Isle of Armor; Fairy type recipe 92–100 points,
berry-sweet,sword-shield,sword,shop,watt-trader,snowslide-slope,Snowslide Slope Watt Trader (Highlight Item),1,0,1,,,7980,watt,,The Crown Tundra,
berry-sweet,scarlet-violet,violet,overworld,visible,,"Coastal Biome, Polar Biome, Savanna Biome",0,0,1,,,,,,The Indigo Disk,
berry-sweet,scarlet-violet,violet,crafting,item-printer,,Item Printer,1,0,0,,,,,,The Indigo Disk,
berserk-gene,crystal,crystal,overworld,visible,cerulean-city,Former Cerulean Cave entrance,0,0,1,,,,,,,
berserk-gene,gold-silver,gold,overworld,visible,cerulean-city,Former Cerulean Cave entrance,0,0,1,,,,,,,
berserk-gene,gold-silver,silver,overworld,visible,cerulean-city,Former Cerulean Cave entrance,0,0,1,,,,,,,
bicycle,diamond-pearl,diamond,npc-gift,,eterna-city,Rad Rickshaw's Cycle Shop,0,0,1,,,,,,After saving Rad Rickshaw from Team Galactic,
bicycle,gold-silver,gold,npc-gift,,goldenrod-city,Bike Shop owner,0,0,1,,,,,,,
bicycle,red-blue,red,exchange,,cerulean-city,Bike Shop (exchange for Bike Voucher),0,0,1,,,,,,,
big-bamboo-shoot,scarlet-violet,scarlet,overworld,sparkling,north-province-area-two,,1,0,1,,,,,,,
big-bamboo-shoot,scarlet-violet,scarlet,tournament,,,"Ogre Oustin' (Easy, Normal)",1,0,0,,,,,,The Teal Mask,
big-bamboo-shoot,scarlet-violet,scarlet,crafting,item-printer,,Item Printer,1,0,0,,,,,,The Indigo Disk,
big-bamboo-shoot,scarlet-violet,violet,tournament,,,"Ogre Oustin' (Easy, Normal)",1,0,0,,,,,,The Teal Mask,
big-bamboo-shoot,scarlet-violet,violet,overworld,sparkling,north-province-area-two,,1,0,1,,,,,,,
big-bamboo-shoot,scarlet-violet,violet,crafting,item-printer,,Item Printer,1,0,0,,,,,,The Indigo Disk,
big-malasada,sun-moon,moon,overworld,visible,aether-paradise,,0,0,1,,,,,,,
big-malasada,sun-moon,sun,npc-gift,,hauoli-city,,1,0,1,1,,,,,,One per day per location
big-malasada,sun-moon,sun,overworld,visible,aether-paradise,,0,0,1,,,,,,,
big-malasada,sword-shield,sword,npc-gift,,,,1,0,0,,,,,,,
big-malasada,ultra-sun-ultra-moon,ultra-moon,overworld,visible,royal-avenue,,0,0,1,,,,,,,
big-malasada,ultra-sun-ultra-moon,ultra-sun,overworld,visible,ancient-poni-path,,0,0,1,,,,,,,
big-root,black-white,black,overworld,visible,pinwheel-forest,,0,0,1,,,,,,,
big-root,diamond-pearl,diamond,overworld,visible,route-214-sinnoh,,0,0,1,,,,,,,
big-root,heartgold-soulsilver,heartgold,overworld,visible,route-03-kanto,,0,0,1,,,,,,,
big-root,scarlet-violet,scarlet,shop,specialty-shop,cascarrafa,Delibird Presents,1,0,1,,,10000,poke-dollar,,,
bike-voucher,red-blue,blue,npc-gift,,vermilion-city,Pokémon Fan Club Chairman,0,0,1,,,,,,,
bike-voucher,firered-leafgreen,firered,npc-gift,,vermilion-city,Pokémon Fan Club Chairman,0,0,1,,,,,,,
bike-voucher,firered-leafgreen,leafgreen,npc-gift,,vermilion-city,Pokémon Fan Club Chairman,0,0,1,,,,,,,
bike-voucher,red-blue,red,npc-gift,,vermilion-city,Pokémon Fan Club Chairman,0,0,1,,,,,,,
bike-voucher,yellow,yellow,npc-gift,,vermilion-city,Pokémon Fan Club Chairman,0,0,1,,,,,,,
binding-band,black-white,black,exchange,,,Battle Subway,1,0,1,,,48,battle-point,,,
binding-band,black-white,white,exchange,,,Battle Subway,1,0,1,,,48,battle-point,,,
bitter-berry,gold-silver,gold,wild-pokemon,,,Held by various wild Pokémon,1,0,0,,,,,,,"Includes many species such as Bulbasaur, Charmander, Squirtle, Eevee, and others."
bitter-berry,gold-silver,silver,berry-tree,,route-31-johto,,1,0,0,,,,,,,
bitter-herba-mystica,scarlet-violet,scarlet,tera-raid,tera-raid-5star,,Tera Raid Battles,1,0,0,,,,,,,
bitter-herba-mystica,the-indigo-disk,,npc-defeat,,league-club-room,Reward for defeating Tyme,0,0,1,3,,,,,,
bitter-herba-mystica,the-teal-mask,,story,,revelers-road,Reward for showing all 19 tablecloths to a picnicker,0,0,1,2,,,,,,
bitter-herba-mystica,the-teal-mask,,tournament,,,Ogre Oustin' (Hard difficulty),1,0,0,,,,,,,
bitter-herba-mystica,scarlet-violet,violet,tera-raid,tera-raid-5star,,Tera Raid Battles,1,0,0,,,,,,,
black-apricorn,crystal,crystal,harvest,,route-37-johto,,1,0,1,,,,,,,
black-apricorn,gold-silver,gold,harvest,,route-37-johto,,1,0,1,,,,,,,
black-apricorn,gold-silver,silver,harvest,,route-37-johto,,1,0,1,,,,,,,
black-belt,gold-silver,gold,overworld,visible,lake-of-rage,,0,0,1,,,,,,,
black-belt,gold-silver,silver,overworld,visible,lake-of-rage,,0,0,1,,,,,,,
black-flute,black-white,black,npc-gift,,unova-route-13,Treasure hunter,1,0,0,,,,,,,
black-flute,diamond-pearl,diamond,overworld,visible,mount-coronet,,0,0,1,,,,,,Platinum only,
black-flute,heartgold-soulsilver,heartgold,overworld,visible,dark-cave,,0,0,1,,,,,,,
black-flute,omega-ruby-alpha-sapphire,omega-ruby,exchange,,hoenn-route-113,Glass Workshop (1000 grams),1,0,1,,,1000,,,,
black-flute,ruby-sapphire,ruby,walking-pokemon,,hoenn-route-113,Glass Workshop (1000 steps),1,0,1,,,,,,,
black-mane-hair,sword-shield,shield,story,,freezington,Obtained upon defeating Spectrier after planting Carrot Seeds in the Old Cemetery,0,0,1,,,,,,If the player chose to plant the Carrot Seeds in the Old Cemetery,The Crown Tundra
black-mane-hair,sword-shield,sword,story,,freezington,Obtained upon defeating Spectrier after planting Carrot Seeds in the Old Cemetery,0,0,1,,,,,,If the player chose to plant the Carrot Seeds in the Old Cemetery,The Crown Tundra
blastoisinite,omega-ruby-alpha-sapphire,alpha-sapphire,overworld,visible,ss-tidal,,0,0,1,,,,,,,
blastoisinite,omega-ruby-alpha-sapphire,omega-ruby,overworld,visible,ss-tidal,,0,0,1,,,,,,,
blastoisinite,x-y,x,npc-gift,,pokemon-research-lab-kalos,If Squirtle is chosen,0,0,1,,,,,,,
blastoisinite,x-y,y,shop,specialty-shop,stone-emporium,If Squirtle is not chosen,1,0,1,,,,poke-dollar,,,
blazikenite,omega-ruby-alpha-sapphire,alpha-sapphire,overworld,visible,hoenn-route-120,If first partner Pokémon was Torchic,0,0,1,,,,,,,
blazikenite,omega-ruby-alpha-sapphire,omega-ruby,overworld,visible,hoenn-route-120,If first partner Pokémon was Torchic,0,0,1,,,,,,,
blazikenite,ultra-sun-ultra-moon,ultra-moon,exchange,,battle-tree,Battle Tree,1,0,1,,,64,battle-point,,,
blazikenite,ultra-sun-ultra-moon,ultra-sun,exchange,,battle-tree,Battle Tree,1,0,1,,,64,battle-point,,,
blazikenite,x-y,x,event,,,,0,0,1,,,,,,,
blazikenite,x-y,y,event,,,,0,0,1,,,,,,,
bloom-mail,diamond-pearl,diamond,shop,poke-mart,floaroma-town,Floaroma Town Poké Mart,1,0,1,,,50,poke-dollar,,,
bloom-mail,heartgold-soulsilver,heartgold,shop,department-store,celadon-city,Celadon Department Store,1,0,1,,,50,poke-dollar,,,
bloom-mail,heartgold-soulsilver,heartgold,shop,poke-mart,azalea-town,Azalea Town Poké Mart,1,0,1,,,50,poke-dollar,,,
bloom-mail,diamond-pearl,pearl,shop,poke-mart,floaroma-town,Floaroma Town Poké Mart,1,0,1,,,50,poke-dollar,,,
bloom-mail,platinum,platinum,shop,poke-mart,floaroma-town,Floaroma Town Poké Mart,1,0,1,,,50,poke-dollar,,,
bloom-mail,heartgold-soulsilver,soulsilver,shop,poke-mart,azalea-town,Azalea Town Poké Mart,1,0,1,,,50,poke-dollar,,,
bloom-mail,heartgold-soulsilver,soulsilver,shop,department-store,celadon-city,Celadon Department Store,1,0,1,,,50,poke-dollar,,,
blue-apricorn,crystal,crystal,berry-tree,,route-37-johto,,1,0,1,,,,,,,
blue-apricorn,gold-silver,gold,berry-tree,,route-37-johto,,1,0,1,,,,,,,
blue-apricorn,sword-shield,shield,berry-tree,,giants-foot,Crown Tundra,1,0,0,,,,,,Requires The Crown Tundra,
blue-apricorn,gold-silver,silver,berry-tree,,route-37-johto,,1,0,1,,,,,,,
blue-apricorn,sword-shield,sword,berry-tree,,fields-of-honor,Isle of Armor,1,0,0,,,,,,Requires The Isle of Armor,
blue-bottle,scarlet-violet,scarlet,shop,specialty-shop,cascarrafa,Picnic-Knacks (Cascarrafa Branch),1,0,1,,,2000,poke-dollar,,,
blue-bottle,scarlet-violet,violet,shop,specialty-shop,cascarrafa,Picnic-Knacks (Cascarrafa Branch),1,0,1,,,2000,poke-dollar,,,
blue-card,crystal,crystal,npc-gift,,goldenrod-radio-tower,"2F, from Buena",0,0,1,,,,,,,
blue-card,heartgold-soulsilver,heartgold,npc-gift,,goldenrod-radio-tower,"2F, from Buena",0,0,1,,,,,,,
blue-card,heartgold-soulsilver,soulsilver,npc-gift,,goldenrod-radio-tower,"2F, from Buena",0,0,1,,,,,,,
blue-chairs,the-teal-mask,,npc-gift,,revelers-road,Picnicker,0,0,1,,,,,,If the player owns the Blue Tablecloth,
blue-cup,scarlet-violet,scarlet,shop,specialty-shop,cascarrafa,Picnic-Knacks (Cascarrafa Branch),1,0,1,,,1500,poke-dollar,,,
blue-cup,scarlet-violet,violet,shop,specialty-shop,cascarrafa,Picnic-Knacks (Cascarrafa Branch),1,0,1,,,1500,poke-dollar,,,
blue-flag-pick,scarlet-violet,scarlet,vending-machine,,,Vending machines (Terarium),1,0,1,,,120,poke-dollar,,,
blue-flag-pick,scarlet-violet,scarlet,shop,vendor,,Artisan Bakery,1,0,1,,,120,poke-dollar,,,
blue-flag-pick,scarlet-violet,scarlet,shop,vendor,,Peachy's,1,0,1,,,120,poke-dollar,,After earning 1 Badge,
blue-flag-pick,scarlet-violet,violet,vending-machine,,,Vending machines (Terarium),1,0,1,,,120,poke-dollar,,,
blue-flag-pick,scarlet-violet,violet,shop,vendor,,Artisan Bakery,1,0,1,,,120,poke-dollar,,,
blue-flag-pick,scarlet-violet,violet,shop,vendor,,Peachy's,1,0,1,,,120,poke-dollar,,After earning 1 Badge,
blue-flute,black-white,black,overworld,recurring,unova-route-13,Treasure Hunter,1,0,0,,,,,,,
blue-flute,heartgold-soulsilver,heartgold,overworld,visible,viridian-forest,,0,0,1,,,,,,,
blue-flute,ruby-sapphire,ruby,overworld,recurring,hoenn-route-113,Glass Workshop (250 steps),1,0,1,,,,,,,
blue-orb,omega-ruby-alpha-sapphire,alpha-sapphire,npc-gift,,sootopolis-city,Archie after battling Kyogre,0,0,1,,,,,,,
blue-orb,heartgold-soulsilver,heartgold,npc-gift,,route-30-johto,Mr. Pokémon,0,0,1,,,,,,After defeating Red and obtaining the National Pokédex and a Kanto starter,
blue-orb,sun-moon,moon,shop,specialty-shop,hauoli-city,Antiquities of the Ages,0,0,1,,,10000,poke-dollar,,,
blue-orb,omega-ruby-alpha-sapphire,omega-ruby,story,,mt-pyre,Summit after defeating Courtney,0,0,1,,,,,,,
blue-orb,ruby-sapphire,sapphire,story,,mt-pyre,Summit after confronting Team Aqua,0,0,1,,,,,,,
blue-orb,sun-moon,sun,shop,specialty-shop,hauoli-city,Antiquities of the Ages,0,0,1,,,10000,poke-dollar,,,
blue-petal,ultra-sun-ultra-moon,ultra-moon,story,,lush-jungle,"During Mina's trial, after defeating Lana",0,0,1,,,,,,,
blue-petal,ultra-sun-ultra-moon,ultra-sun,story,,lush-jungle,"During Mina's trial, after defeating Mallow",0,0,1,,,,,,,
blue-poke-ball-pick,scarlet-violet,scarlet,shop,vendor,,Artisan Bakery,1,0,1,,,200,poke-dollar,,,
blue-poke-ball-pick,the-indigo-disk,,vending-machine,,terarium,Vending machines,1,0,1,,,200,poke-dollar,,,
blue-poke-ball-pick,the-teal-mask,,shop,vendor,,Peachy's,1,0,1,,,200,poke-dollar,,,
blue-poke-ball-pick,scarlet-violet,violet,shop,vendor,,Artisan Bakery,1,0,1,,,200,poke-dollar,,,
blue-scarf,diamond-pearl,diamond,npc-gift,,pastoria-city,Scarf Guy,0,0,1,,,,,,Show a Pokémon with Beauty of 200 or more,
blue-scarf,emerald,emerald,npc-gift,,slateport-city,Pokémon Fan Club chairman,0,0,1,,,,,,Show a Pokémon with Beauty of 200 or more,
blue-scarf,diamond-pearl,pearl,npc-gift,,pastoria-city,Scarf Guy,0,0,1,,,,,,Show a Pokémon with Beauty of 200 or more,
blue-scarf,platinum,platinum,npc-gift,,pastoria-city,Scarf Guy,0,0,1,,,,,,Show a Pokémon with Beauty of 200 or more,
blue-scarf,ruby-sapphire,ruby,npc-gift,,slateport-city,Pokémon Fan Club chairman,0,0,1,,,,,,Show a Pokémon with Beauty of 200 or more,
blue-scarf,ruby-sapphire,sapphire,npc-gift,,slateport-city,Pokémon Fan Club chairman,0,0,1,,,,,,Show a Pokémon with Beauty of 200 or more,
blue-sky-flower-pick,scarlet-violet,scarlet,shop,specialty-shop,,Artisan Bakery,1,0,1,,,1000,poke-dollar,,,
blue-sky-flower-pick,scarlet-violet,violet,shop,specialty-shop,,Artisan Bakery,1,0,1,,,1000,poke-dollar,,,
blue-tablecloth,scarlet-violet,scarlet,shop,specialty-shop,levincia,Picnic-Knacks (Levincia Branch),1,0,1,,,5000,poke-dollar,,,
blue-tablecloth,scarlet-violet,violet,shop,specialty-shop,levincia,Picnic-Knacks (Levincia Branch),1,0,1,,,5000,poke-dollar,,,
blueberry-chairs,scarlet-violet,scarlet,npc-gift,,revelers-road,Picnicker,0,0,1,,,,,,If the player owns the Blueberry Tablecloth,Available in The Indigo Disk
blueberry-chairs,scarlet-violet,violet,npc-gift,,revelers-road,Picnicker,0,0,1,,,,,,If the player owns the Blueberry Tablecloth,Available in The Indigo Disk
blueberry-tablecloth,scarlet-violet,scarlet,vending-machine,,terarium,,1,0,1,,,1000,poke-dollar,,,
blueberry-tablecloth,scarlet-violet,violet,vending-machine,,terarium,,1,0,1,,,1000,poke-dollar,,,
bluesky-mail,crystal,crystal,event,,pokecom-center,"Hard ""Pokémon Character Maze"" prize",0,0,1,3,,,,,Available via the Mobile System GB service (Japanese version only),
blunder-policy,scarlet-violet,scarlet,shop,vendor,mesagoza,Delibird Presents (Mesagoza Branch),1,0,1,,,30000,poke-dollar,,After completing the main storyline,
blunder-policy,sword-shield,shield,crafting,cram-o-matic,,Flying: 62–70 points,1,0,0,,,,,,The Isle of Armor,
blunder-policy,sword-shield,shield,exchange,,battle-tower-galar,,1,0,1,,,20,battle-point,,,
blunder-policy,sword-shield,shield,overworld,visible,freezington,,0,0,1,,,,,,The Crown Tundra,
blunder-policy,sword-shield,sword,overworld,visible,freezington,,0,0,1,,,,,,The Crown Tundra,
blunder-policy,sword-shield,sword,exchange,,battle-tower-galar,,1,0,1,,,20,battle-point,,,
blunder-policy,sword-shield,sword,crafting,cram-o-matic,,Flying: 62–70 points,1,0,0,,,,,,The Isle of Armor,
blunder-policy,scarlet-violet,violet,shop,vendor,mesagoza,Delibird Presents (Mesagoza Branch),1,0,1,,,30000,poke-dollar,,After completing the main storyline,
bobs-food-tin,sword-shield,sword,shop,specialty-shop,fields-of-honor,Ingredients Seller,1,0,1,,,950,poke-dollar,,,
bobs-food-tin,sword-shield,sword,shop,specialty-shop,rolling-fields,Ingredients Seller,1,0,1,,,950,poke-dollar,,,
bobs-food-tin,sword-shield,sword,shop,specialty-shop,hammerlocke-hills,Ingredients Seller,1,0,1,,,950,poke-dollar,,,
boiled-egg,sword-shield,shield,shop,vendor,fields-of-honor,Ingredients Seller,1,0,1,,,2200,poke-dollar,,The Isle of Armor expansion,
boiled-egg,sword-shield,shield,shop,vendor,hammerlocke-hills,Ingredients Seller,1,0,1,,,2200,poke-dollar,,,
boiled-egg,sword-shield,sword,shop,vendor,hammerlocke-hills,Ingredients Seller,1,0,1,,,2200,poke-dollar,,,
boiled-egg,sword-shield,sword,shop,vendor,fields-of-honor,Ingredients Seller,1,0,1,,,2200,poke-dollar,,The Isle of Armor expansion,
bold-mint,brilliant-diamond-shining-pearl,brilliant-diamond,exchange,,,Battle Park,1,0,1,,,50,battle-point,,,
bold-mint,scarlet-violet,scarlet,shop,vendor,,Chansey Supply,1,0,1,,,20000,poke-dollar,,After earning 6 Gym Badges,
bold-mint,sword-shield,shield,exchange,,,Battle Tower,1,0,1,,,50,battle-point,,,
bold-mint,sword-shield,shield,overworld,recurring,soothing-wetlands,Hidden recurring item,1,1,1,,,,,,The Isle of Armor,
bold-mint,sword-shield,shield,overworld,recurring,giants-bed,Hidden recurring item,1,1,1,,,,,,The Crown Tundra,
bold-mint,brilliant-diamond-shining-pearl,shining-pearl,exchange,,,Battle Park,1,0,1,,,50,battle-point,,,
bold-mint,sword-shield,sword,overworld,recurring,soothing-wetlands,Hidden recurring item,1,1,1,,,,,,The Isle of Armor,
bold-mint,sword-shield,sword,exchange,,,Battle Tower,1,0,1,,,50,battle-point,,,
bold-mint,sword-shield,sword,overworld,recurring,giants-bed,Hidden recurring item,1,1,1,,,,,,The Crown Tundra,
bold-mint,scarlet-violet,violet,shop,vendor,,Chansey Supply,1,0,1,,,20000,poke-dollar,,After earning 6 Gym Badges,
boost-mulch,omega-ruby-alpha-sapphire,alpha-sapphire,exchange,,,Trade,1,0,1,,,,,,,
boost-mulch,omega-ruby-alpha-sapphire,omega-ruby,exchange,,,Trade,1,0,1,,,,,,,
boost-mulch,x-y,x,crafting,recipe,berry-fields-kalos,Berry fields composter,1,0,1,,,,,,Using two Berries of the same color and one differently colored Berry,
boost-mulch,x-y,y,crafting,recipe,berry-fields-kalos,Berry fields composter,1,0,1,,,,,,Using two Berries of the same color and one differently colored Berry,
booster-energy,scarlet-violet,scarlet,overworld,visible,zero-lab,,0,0,1,,,,,,,
booster-energy,scarlet-violet,violet,overworld,visible,zero-lab,,0,0,1,,,,,,,
brave-mint,brilliant-diamond-shining-pearl,brilliant-diamond,exchange,,,Battle Park,1,0,1,,,50,battle-point,,,
brave-mint,scarlet-violet,scarlet,shop,vendor,,Chansey Supply,1,0,1,,,20000,poke-dollar,,After earning 6 Gym Badges,
brave-mint,sword-shield,shield,exchange,,,Battle Tower,1,0,1,,,50,battle-point,,,
brave-mint,brilliant-diamond-shining-pearl,shining-pearl,exchange,,,Battle Park,1,0,1,,,50,battle-point,,,
brave-mint,sword-shield,sword,exchange,,,Battle Tower,1,0,1,,,50,battle-point,,,
brave-mint,scarlet-violet,violet,shop,vendor,,Chansey Supply,1,0,1,,,20000,poke-dollar,,After earning 6 Gym Badges,
bread,sword-shield,shield,npc-gift,,,After cooking curry,1,0,0,,,,,,,
bread,sword-shield,shield,trainer-reward,trainer,,Poké Job reward (Tiers I–IV),1,0,0,,,,,,,
bread,sword-shield,shield,shop,vendor,rolling-fields,Ingredients Seller,1,0,1,,,150,poke-dollar,,,
bread,sword-shield,shield,shop,vendor,freezington,Freezington Peddler,1,0,1,,,150,poke-dollar,,The Crown Tundra expansion,
bread,sword-shield,sword,trainer-reward,trainer,,Poké Job reward (Tiers I–IV),1,0,0,,,,,,,
bread,sword-shield,sword,shop,vendor,rolling-fields,Ingredients Seller,1,0,1,,,150,poke-dollar,,,
bread,sword-shield,sword,npc-gift,,,After cooking curry,1,0,0,,,,,,,
bread,sword-shield,sword,shop,vendor,freezington,Freezington Peddler,1,0,1,,,150,poke-dollar,,The Crown Tundra expansion,
briars-book,scarlet-violet,scarlet,npc-gift,,blueberry-academy,From Briar after catching Terapagos,0,0,1,,,,,,After catching Terapagos,
briars-book,scarlet-violet,violet,npc-gift,,blueberry-academy,From Briar after catching Terapagos,0,0,1,,,,,,After catching Terapagos,
brick-mail,diamond-pearl,diamond,event,,,Held by GTS event Heracross,0,0,1,,,,,,,
brick-mail,heartgold-soulsilver,heartgold,exchange,,,Trade,1,0,1,,,,,,,
brick-mail,diamond-pearl,pearl,event,,,Held by GTS event Heracross,0,0,1,,,,,,,
brick-mail,platinum,platinum,exchange,,,Trade,1,0,1,,,,,,,
brick-mail,heartgold-soulsilver,soulsilver,exchange,,,Trade,1,0,1,,,,,,,
brick-piece,crystal,crystal,wild-pokemon,,,Held by wild Machop,1,0,0,,,,,,,Machop originates from Generation I.
brick-piece,gold-silver,gold,wild-pokemon,,,Held by wild Machop,1,0,0,,,,,,,Machop originates from Generation I.
brick-piece,gold-silver,silver,wild-pokemon,,,Held by wild Machop,1,0,0,,,,,,,Machop originates from Generation I.
bridgemail-d,black-white,black,shop,poke-mart,driftveil-city,Poké Mart,1,0,1,,,50,poke-dollar,,,
bridgemail-d,black-2-white-2,black-2,shop,poke-mart,driftveil-city,Poké Mart,1,0,1,,,50,poke-dollar,,,
bridgemail-d,black-white,white,shop,poke-mart,driftveil-city,Poké Mart,1,0,1,,,50,poke-dollar,,,
bridgemail-d,black-2-white-2,white-2,shop,poke-mart,driftveil-city,Poké Mart,1,0,1,,,50,poke-dollar,,,
bridgemail-m,black-white,black,shop,poke-mart,black-city,Black City Poké Mart,1,0,1,,,50,poke-dollar,,,
bridgemail-m,black-2-white-2,black-2,shop,poke-mart,black-city,Black City Poké Mart,1,0,1,,,50,poke-dollar,,,
bridgemail-m,black-white,white,shop,poke-mart,white-forest,White Forest Poké Mart,1,0,1,,,50,poke-dollar,,,
bridgemail-m,black-2-white-2,white-2,shop,poke-mart,white-forest,White Forest Poké Mart,1,0,1,,,50,poke-dollar,,,
bridgemail-s,black-white,black,shop,poke-mart,castelia-city,Poké Mart,1,0,1,,,50,poke-dollar,,,
bridgemail-s,black-white,black,shop,poke-mart,nacrene-city,Poké Mart,1,0,1,,,50,poke-dollar,,,
bridgemail-s,black-2-white-2,black-2,shop,poke-mart,nacrene-city,Poké Mart,1,0,1,,,50,poke-dollar,,,
bridgemail-s,black-white,white,shop,poke-mart,nacrene-city,Poké Mart,1,0,1,,,50,poke-dollar,,,
bridgemail-s,black-white,white,shop,poke-mart,castelia-city,Poké Mart,1,0,1,,,50,poke-dollar,,,
bridgemail-s,black-2-white-2,white-2,shop,poke-mart,nacrene-city,Poké Mart,1,0,1,,,50,poke-dollar,,,
bridgemail-t,black-white,black,shop,poke-mart,opelucid-city,Poké Mart,1,0,1,,,50,poke-dollar,,,
bridgemail-t,black-2-white-2,black-2,shop,poke-mart,icirrus-city,Poké Mart,1,0,1,,,50,poke-dollar,,,
bridgemail-t,black-white,white,shop,poke-mart,opelucid-city,Poké Mart,1,0,1,,,50,poke-dollar,,,
bridgemail-t,black-2-white-2,white-2,shop,poke-mart,icirrus-city,Poké Mart,1,0,1,,,50,poke-dollar,,,
bridgemail-v,black-white,black,shop,poke-mart,opelucid-city,Poké Mart,1,0,1,,,50,poke-dollar,,,
bridgemail-v,black-white,black,shop,poke-mart,lacunosa-town,Poké Mart,1,0,1,,,50,poke-dollar,,,
bridgemail-v,black-2-white-2,black-2,shop,poke-mart,opelucid-city,Poké Mart,1,0,1,,,50,poke-dollar,,,
bridgemail-v,black-white,white,shop,poke-mart,lacunosa-town,Poké Mart,1,0,1,,,50,poke-dollar,,,
bridgemail-v,black-white,white,shop,poke-mart,opelucid-city,Poké Mart,1,0,1,,,50,poke-dollar,,,
bridgemail-v,black-2-white-2,white-2,shop,poke-mart,opelucid-city,Poké Mart,1,0,1,,,50,poke-dollar,,,
bright-powder,gold-silver,gold,wild-pokemon,held,,"Held by Articuno, Zapdos, Moltres, and Mewtwo when traded from Generation I",1,0,0,,,,,,Trade from Generation I,
bright-powder,heartgold-soulsilver,heartgold,overworld,visible,goldenrod-radio-tower,,0,0,1,,,,,,,
bright-powder,scarlet-violet,scarlet,shop,vendor,cascarrafa,Delibird Presents,1,0,1,,,30000,poke-dollar,,After completing the main storyline,
brittle-bones,sword-shield,shield,shop,vendor,hammerlocke-hills,Ingredients Seller,1,0,1,,,950,poke-dollar,,,
brittle-bones,sword-shield,shield,npc-gift,,,After cooking curry,1,0,0,,,,,,Possible gift after cooking curry,
brittle-bones,sword-shield,sword,shop,vendor,fields-of-honor,Ingredients Seller,1,0,1,,,950,poke-dollar,,The Isle of Armor,
brittle-bones,sword-shield,sword,shop,vendor,rolling-fields,Ingredients Seller,1,0,1,,,950,poke-dollar,,,
bronze-bottle,scarlet-violet,scarlet,shop,specialty-shop,levincia,Picnic-Knacks (Levincia Branch),1,0,1,,,10000,poke-dollar,,,
bronze-bottle,scarlet-violet,violet,shop,specialty-shop,levincia,Picnic-Knacks (Levincia Branch),1,0,1,,,10000,poke-dollar,,,
bronze-cup,scarlet-violet,scarlet,shop,specialty-shop,levincia,Picnic-Knacks (Levincia Branch),1,0,1,,,5000,poke-dollar,,,
bronze-cup,scarlet-violet,violet,shop,specialty-shop,levincia,Picnic-Knacks (Levincia Branch),1,0,1,,,5000,poke-dollar,,,
bubble-mail,diamond-pearl,diamond,shop,department-store,veilstone-city,Veilstone Department Store,1,0,1,,,50,poke-dollar,,,
bubble-mail,heartgold-soulsilver,heartgold,shop,department-store,goldenrod-city,Goldenrod Department Store,1,0,1,,,50,poke-dollar,,,
bubble-mail,heartgold-soulsilver,heartgold,shop,department-store,celadon-city,Celadon Department Store,1,0,1,,,50,poke-dollar,,,
bubble-mail,diamond-pearl,pearl,shop,department-store,veilstone-city,Veilstone Department Store,1,0,1,,,50,poke-dollar,,,
bubble-mail,platinum,platinum,shop,department-store,veilstone-city,Veilstone Department Store,1,0,1,,,50,poke-dollar,,,
bubble-mail,heartgold-soulsilver,soulsilver,shop,department-store,celadon-city,Celadon Department Store,1,0,1,,,50,poke-dollar,,,
bubble-mail,heartgold-soulsilver,soulsilver,shop,department-store,goldenrod-city,Goldenrod Department Store,1,0,1,,,50,poke-dollar,,,
bug-gem,black-white,black,event,,,,0,0,1,,,,,,,
bug-gem,black-2-white-2,black-2,overworld,visible,pinwheel-forest,,0,0,1,,,,,,,
bug-gem,black-white,white,overworld,sparkling,,Dust cloud,1,0,0,,,,,,,
bug-gem,black-2-white-2,white-2,overworld,sparkling,,Dust cloud,1,0,0,,,,,,,"Chargestone Cave, Mistralton Cave, Clay Tunnel, Twist Mountain, Underground Ruins, Victory Road, Wellspring Cave, Seaside Cave, Giant Chasm"
bug-memory,sun-moon,moon,npc-gift,,aether-paradise,Gladion,0,0,1,,,,,,After becoming Champion,
bug-memory,sword-shield,shield,npc-gift,,battle-tower-galar,League Staff member,0,0,1,,,,,,,
bug-memory,sun-moon,sun,npc-gift,,aether-paradise,Gladion,0,0,1,,,,,,After becoming Champion,
bug-memory,sword-shield,sword,npc-gift,,battle-tower-galar,League Staff member,0,0,1,,,,,,,
bug-memory,ultra-sun-ultra-moon,ultra-moon,npc-gift,,ancient-poni-path,Wicke,0,0,1,,,,,,After becoming Champion,
bug-memory,ultra-sun-ultra-moon,ultra-sun,npc-gift,,ancient-poni-path,Wicke,0,0,1,,,,,,After becoming Champion,
bug-tera-shard,scarlet-violet,scarlet,overworld,visible,area-zero,,0,0,1,,,,,,,
bug-tera-shard,scarlet-violet,scarlet,raid,tera-raid-5star,,Tera Raid Battles (3★ onwards),1,0,0,,,,,,,
bug-tera-shard,scarlet-violet,scarlet,tournament,,,Academy Ace Tournament,1,0,0,,,,,,,
bug-tera-shard,scarlet-violet,violet,raid,tera-raid-5star,,Tera Raid Battles (3★ onwards),1,0,0,,,,,,,
bug-tera-shard,scarlet-violet,violet,tournament,,,Academy Ace Tournament,1,0,0,,,,,,,
bug-tera-shard,scarlet-violet,violet,overworld,visible,area-zero,,0,0,1,,,,,,,
buginium-z--held,sun-moon,moon,story,,shady-house,Po Town – Shady House (after defeating Guzma),0,0,1,,,,,,After defeating Guzma,
buginium-z--held,sun-moon,sun,story,,shady-house,Po Town – Shady House (after defeating Guzma),0,0,1,,,,,,After defeating Guzma,
buginium-z--held,ultra-sun-ultra-moon,ultra-moon,story,,shady-house,Po Town – Shady House (after defeating Guzma),0,0,1,,,,,,After defeating Guzma,
buginium-z--held,ultra-sun-ultra-moon,ultra-sun,story,,shady-house,Po Town – Shady House (after defeating Guzma),0,0,1,,,,,,After defeating Guzma,
burn-drive,omega-ruby-alpha-sapphire,alpha-sapphire,npc-gift,,mauville-city,Show Genesect to a Street Thug,0,0,1,,,,,,,
burn-drive,black-white,black,npc-gift,,p2-laboratory,Show Genesect to Scientist Dudley,0,0,1,,,,,,,
burn-drive,black-2-white-2,black-2,npc-gift,,p2-laboratory,Show Genesect to Scientist Dudley,0,0,1,,,,,,,
burn-drive,sun-moon,moon,npc-gift,,alola-route-08,From Colress after becoming Champion,0,0,1,,,,,,After becoming Champion,
burn-drive,omega-ruby-alpha-sapphire,omega-ruby,npc-gift,,mauville-city,Show Genesect to a Street Thug,0,0,1,,,,,,,
burn-drive,sword-shield,shield,shop,bargain-shop,stow-on-side,Bargain shop keeper,0,0,1,,,,,,If the player owns a Genesect,
burn-drive,sun-moon,sun,npc-gift,,alola-route-08,From Colress after becoming Champion,0,0,1,,,,,,After becoming Champion,
burn-drive,sword-shield,sword,shop,bargain-shop,stow-on-side,Bargain shop keeper,0,0,1,,,,,,If the player owns a Genesect,
burn-drive,ultra-sun-ultra-moon,ultra-moon,npc-gift,,alola-route-08,From Colress after becoming Champion,0,0,1,,,,,,After becoming Champion,
burn-drive,ultra-sun-ultra-moon,ultra-sun,npc-gift,,alola-route-08,From Colress after becoming Champion,0,0,1,,,,,,After becoming Champion,
burn-drive,black-white,white,npc-gift,,p2-laboratory,Show Genesect to Scientist Dudley,0,0,1,,,,,,,
burn-drive,black-2-white-2,white-2,npc-gift,,p2-laboratory,Show Genesect to Scientist Dudley,0,0,1,,,,,,,
burn-drive,x-y,x,npc-gift,,ambrette-town,Fossil Lab (show Genesect to a Hiker),0,0,1,,,,,,,
burn-drive,x-y,y,npc-gift,,ambrette-town,Fossil Lab (show Genesect to a Hiker),0,0,1,,,,,,,
burn-heal,red-blue,red,shop,poke-mart,,"Viridian, Pewter, Cerulean, Lavender Poké Marts; Celadon Department Store",1,0,1,,,250,poke-dollar,,,
burnt-berry,crystal,crystal,event,,,Mystery Gift,1,0,0,,,,,,,
burnt-berry,crystal,crystal,berry-tree,,fuchsia-city,,1,0,1,,,,,,,
burnt-berry,gold-silver,gold,berry-tree,,fuchsia-city,,1,0,1,,,,,,,
burnt-berry,gold-silver,gold,npc-gift,,pewter-city,Held by in-game trade Rapidash,0,0,1,,,,,,,
burnt-berry,gold-silver,gold,event,,,Mystery Gift,1,0,0,,,,,,,
burnt-berry,gold-silver,silver,berry-tree,,fuchsia-city,,1,0,1,,,,,,,
burnt-berry,gold-silver,silver,event,,,Mystery Gift,1,0,0,,,,,,,
burnt-berry,gold-silver,silver,npc-gift,,pewter-city,Held by in-game trade Rapidash,0,0,1,,,,,,,
butter,scarlet-violet,scarlet,shop,vendor,,Artisan Bakery,1,0,1,,,250,poke-dollar,,,
butter,scarlet-violet,scarlet,shop,vendor,,Aquiesta Supermarket,1,0,1,,,250,poke-dollar,,,
butter,scarlet-violet,scarlet,shop,vendor,,Peachy's,1,0,1,,,250,poke-dollar,,Available in The Teal Mask DLC,
butter,scarlet-violet,scarlet,vending-machine,,,Vending machines (Terarium),1,0,1,,,,,,Available in The Indigo Disk DLC,
butter,scarlet-violet,violet,vending-machine,,,Vending machines (Terarium),1,0,1,,,,,,Available in The Indigo Disk DLC,
butter,scarlet-violet,violet,shop,vendor,,Artisan Bakery,1,0,1,,,250,poke-dollar,,,
butter,scarlet-violet,violet,shop,vendor,,Peachy's,1,0,1,,,250,poke-dollar,,Available in The Teal Mask DLC,
butter,scarlet-violet,violet,shop,vendor,,Aquiesta Supermarket,1,0,1,,,250,poke-dollar,,,
bw-grass-chairs,the-teal-mask,,npc-gift,,revelers-road,Picnicker,0,0,1,,,,,,If the player owns the B&W Grass Tablecloth,
bw-grass-tablecloth,scarlet-violet,scarlet,story,,south-province-area-two,Olive Roll,0,0,1,,,,,,,
bw-grass-tablecloth,scarlet-violet,violet,story,,south-province-area-two,Olive Roll,0,0,1,,,,,,,
calm-mint,brilliant-diamond-shining-pearl,brilliant-diamond,exchange,,,Battle Park,1,0,1,,,50,battle-point,,,
calm-mint,scarlet-violet,scarlet,shop,vendor,,Chansey Supply,1,0,1,,,20000,poke-dollar,,After earning 6 Gym Badges,
calm-mint,sword-shield,shield,exchange,,,Battle Tower,1,0,1,,,50,battle-point,,,
calm-mint,brilliant-diamond-shining-pearl,shining-pearl,exchange,,,Battle Park,1,0,1,,,50,battle-point,,,
calm-mint,sword-shield,sword,exchange,,,Battle Tower,1,0,1,,,50,battle-point,,,
calm-mint,scarlet-violet,violet,shop,vendor,,Chansey Supply,1,0,1,,,20000,poke-dollar,,After earning 6 Gym Badges,
cameruptite,omega-ruby-alpha-sapphire,alpha-sapphire,story,,battle-resort,From Team Magma during the first visit,0,0,1,,,,,,First visit to Battle Resort,
cameruptite,sun-moon,moon,event,,,,0,0,1,,,,,,,
cameruptite,omega-ruby-alpha-sapphire,omega-ruby,story,,team-magma-hideout,From Maxie during the Delta Episode,0,0,1,,,,,,During the Delta Episode,
cameruptite,sun-moon,sun,event,,,,0,0,1,,,,,,,
cameruptite,ultra-sun-ultra-moon,ultra-moon,exchange,,battle-tree,Battle Tree,1,0,1,,,64,battle-point,,,
cameruptite,ultra-sun-ultra-moon,ultra-sun,exchange,,battle-tree,Battle Tree,1,0,1,,,64,battle-point,,,
camping-gear,sword-shield,shield,npc-gift,,wedgehurst,Mum at Wedgehurst Station,0,0,1,,,,,,Before departing on a train for the first time,
camping-gear,sword-shield,sword,npc-gift,,wedgehurst,Mum at Wedgehurst Station,0,0,1,,,,,,Before departing on a train for the first time,
card-key-johto,crystal,crystal,npc-gift,,goldenrod-tunnel-warehouse,Radio Director,0,0,1,,,,,,,
card-key-johto,gold-silver,gold,npc-gift,,goldenrod-tunnel-warehouse,Radio Director,0,0,1,,,,,,,
card-key-johto,heartgold-soulsilver,heartgold,npc-gift,,goldenrod-tunnel-warehouse,Radio Director,0,0,1,,,,,,,
card-key-johto,gold-silver,silver,npc-gift,,goldenrod-tunnel-warehouse,Radio Director,0,0,1,,,,,,,
card-key-johto,heartgold-soulsilver,soulsilver,npc-gift,,goldenrod-tunnel-warehouse,Radio Director,0,0,1,,,,,,,
card-key,red-blue,blue,overworld,visible,silph-co,5F,0,0,1,,,,,,,
card-key,firered-leafgreen,firered,overworld,visible,silph-co,5F,0,0,1,,,,,,,
card-key,firered-leafgreen,leafgreen,overworld,visible,silph-co,5F,0,0,1,,,,,,,
card-key,lets-go-pikachu-lets-go-eevee,lets-go-eevee,npc-gift,,silph-co,"5F, from Trace after defeating Archer",0,0,1,,,,,,After defeating Archer,
card-key,lets-go-pikachu-lets-go-eevee,lets-go-pikachu,npc-gift,,silph-co,"5F, from Trace after defeating Archer",0,0,1,,,,,,After defeating Archer,
card-key,red-blue,red,overworld,visible,silph-co,5F,0,0,1,,,,,,,
card-key,yellow,yellow,overworld,visible,silph-co,5F,0,0,1,,,,,,,
careful-mint,brilliant-diamond-shining-pearl,brilliant-diamond,exchange,,battle-park-sinnoh,,1,0,1,,,50,battle-point,,,
careful-mint,scarlet-violet,scarlet,shop,vendor,,,1,0,1,,,20000,poke-dollar,,After earning 6 Gym Badges,
careful-mint,sword-shield,shield,exchange,,battle-tower-galar,,1,0,1,,,50,battle-point,,,
careful-mint,brilliant-diamond-shining-pearl,shining-pearl,exchange,,battle-park-sinnoh,,1,0,1,,,50,battle-point,,,
careful-mint,sword-shield,sword,exchange,,battle-tower-galar,,1,0,1,,,50,battle-point,,,
careful-mint,scarlet-violet,violet,shop,vendor,,,1,0,1,,,20000,poke-dollar,,After earning 6 Gym Badges,
carrot-seeds,sword-shield,shield,exchange,dynite-ore,freezington,Old man near the crop plots,0,0,1,,,8,dynite-ore,,During The Crown Tundra storyline,
carrot-seeds,sword-shield,sword,exchange,dynite-ore,freezington,Old man near the crop plots,0,0,1,,,8,dynite-ore,,During The Crown Tundra storyline,
casteliacone,black-white,black,shop,vendor,castelia-city,"Ice cream stand (Tuesday–Sunday, Spring–Autumn)",1,0,1,,,100,poke-dollar,,,
casteliacone,black-white,white,shop,vendor,castelia-city,"Ice cream stand (Tuesday–Sunday, Spring–Autumn)",1,0,1,,,100,poke-dollar,,,
catching-charm,brilliant-diamond-shining-pearl,brilliant-diamond,npc-gift,,hotel-grand-lake,From the Game Director in Game Freak's bungalow after obtaining the National Pokédex,0,0,1,,,,,,After obtaining the National Pokédex,
catching-charm,sword-shield,shield,npc-gift,,circhester,From the Game Freak director in the western building of Hotel Ionia,0,0,1,,,,,,,
catching-charm,brilliant-diamond-shining-pearl,shining-pearl,npc-gift,,hotel-grand-lake,From the Game Director in Game Freak's bungalow after obtaining the National Pokédex,0,0,1,,,,,,After obtaining the National Pokédex,
catching-charm,sword-shield,sword,npc-gift,,circhester,From the Game Freak director in the western building of Hotel Ionia,0,0,1,,,,,,,
catching-charm,the-indigo-disk,,npc-gift,,league-club-room,From Drayton after donating 150 BP to Mitch,0,0,1,,,150,battle-point,,,
cell-battery,black-white,black,exchange,,battle-subway,,1,0,1,,,32,battle-point,,,
cell-battery,black-white,black,overworld,visible,opelucid-city,,0,0,1,,,,,,,
cell-battery,black-white,white,overworld,visible,opelucid-city,,0,0,1,,,,,,,
chalky-stone,lets-go-pikachu-lets-go-eevee,lets-go-eevee,npc-gift,,,Partner Eevee,1,0,1,,,,,,,
chalky-stone,lets-go-pikachu-lets-go-eevee,lets-go-pikachu,npc-gift,,,Partner Pikachu,1,0,1,,,,,,,
charizardite-x,omega-ruby-alpha-sapphire,omega-ruby,overworld,visible,fiery-path,After defeating or capturing Groudon,0,0,1,,,,,,,
charizardite-x,x-y,x,npc-gift,,pokemon-research-lab-kalos,If Charmander is chosen,0,0,1,,,,,,,
charizardite-y,x-y,x,event,,,,0,0,1,,,,,,,
charizardite-y,x-y,y,story,,pokemon-research-lab-kalos,If Charmander is chosen,0,0,1,,,,,,,
charti-berry,diamond-pearl,diamond,overworld,visible,pastoria-city,,1,0,1,,,,,,,
charti-berry,sword-shield,sword,berry-tree,,lake-of-outrage,,1,0,1,,,,,,,
charti-berry,scarlet-violet,violet,overworld,sparkling,socarrat-trail,,1,0,0,,,,,,,
cheese,scarlet-violet,scarlet,shop,vendor,,Artisan Bakery,1,0,1,,,120,poke-dollar,,After earning 1 Gym Badge,
cheese,scarlet-violet,scarlet,overworld,visible,south-province-area-two,,0,0,1,,,,,,,
cheese,scarlet-violet,scarlet,overworld,visible,west-province-area-one,,0,0,1,,,,,,,
cheese,scarlet-violet,scarlet,shop,vendor,,Aquiesta Supermarket,1,0,1,,,120,poke-dollar,,After earning 1 Gym Badge,
cheese,scarlet-violet,scarlet,vending-machine,,terarium,Vending machines,1,0,1,,,,,,The Indigo Disk,
cheese,scarlet-violet,violet,overworld,visible,south-province-area-two,,0,0,1,,,,,,,
cheese,scarlet-violet,violet,shop,vendor,,Artisan Bakery,1,0,1,,,120,poke-dollar,,After earning 1 Gym Badge,
cheese,scarlet-violet,violet,shop,vendor,,Aquiesta Supermarket,1,0,1,,,120,poke-dollar,,After earning 1 Gym Badge,
cheese,scarlet-violet,violet,vending-machine,,terarium,Vending machines,1,0,1,,,,,,The Indigo Disk,
cheese,scarlet-violet,violet,overworld,visible,west-province-area-one,,0,0,1,,,,,,,
cherry-tomatoes,scarlet-violet,scarlet,shop,vendor,,Aquiesta Supermarket,1,0,1,,,120,poke-dollar,,After earning 1 Gym Badge,
cherry-tomatoes,scarlet-violet,scarlet,shop,vendor,,Sure Cans,1,0,1,,,120,poke-dollar,,After earning 1 Gym Badge,
cherry-tomatoes,the-indigo-disk,,vending-machine,,terarium,Vending machines,1,0,1,,,,,,,
cherry-tomatoes,the-teal-mask,,shop,vendor,,Peachy's,1,0,1,,,120,poke-dollar,,After earning 1 Badge,
cherry-tomatoes,scarlet-violet,violet,shop,vendor,,Aquiesta Supermarket,1,0,1,,,120,poke-dollar,,After earning 1 Gym Badge,
cherry-tomatoes,scarlet-violet,violet,shop,vendor,,Sure Cans,1,0,1,,,120,poke-dollar,,After earning 1 Gym Badge,
chilan-berry,diamond-pearl,diamond,wild-pokemon,,,Held by wild Rattata or Raticate,1,0,0,,5.0,,,,,
chilan-berry,scarlet-violet,scarlet,overworld,sparkling,north-province-area-one,,1,0,0,,,,,,,
chilan-berry,sword-shield,sword,berry-tree,,galar-route-05,,1,0,1,,,,,,,
chili-sauce,scarlet-violet,scarlet,vending-machine,,terarium,Vending machines,1,0,1,,,,,,The Indigo Disk,
chili-sauce,scarlet-violet,scarlet,shop,vendor,,"Deli Cioso, Aquiesta Supermarket",1,0,1,,,320,poke-dollar,,After earning 3 Gym Badges,
chili-sauce,scarlet-violet,violet,shop,vendor,,"Deli Cioso, Aquiesta Supermarket",1,0,1,,,320,poke-dollar,,After earning 3 Gym Badges,
chili-sauce,scarlet-violet,violet,vending-machine,,terarium,Vending machines,1,0,1,,,,,,The Indigo Disk,
chill-drive,black-white,black,npc-gift,,p2-laboratory,Show Genesect to Scientist Dudley,0,0,1,,,,,,,
chill-drive,black-2-white-2,black-2,npc-gift,,p2-laboratory,Show Genesect to Scientist Dudley,0,0,1,,,,,,,
chill-drive,black-white,white,npc-gift,,p2-laboratory,Show Genesect to Scientist Dudley,0,0,1,,,,,,,
chill-drive,black-2-white-2,white-2,npc-gift,,p2-laboratory,Show Genesect to Scientist Dudley,0,0,1,,,,,,,
chipped-pot,scarlet-violet,scarlet,auction,,porto-marinada,Auction,1,0,0,,,,,,,
chipped-pot,sword-shield,shield,event,,,The Isle of Armor promotion packs,0,0,1,,,,,,,
chipped-pot,sword-shield,shield,bargain-shop,,stow-on-side,Bargain shop,1,0,1,,,,,,,
chipped-pot,sword-shield,sword,bargain-shop,,stow-on-side,Bargain shop,1,0,1,,,,,,,
chipped-pot,sword-shield,sword,event,,,The Isle of Armor promotion packs,0,0,1,,,,,,,
chipped-pot,scarlet-violet,violet,auction,,porto-marinada,Auction,1,0,0,,,,,,,
choice-band,ruby-sapphire,ruby,exchange,,battle-tower-hoenn,35+ win streak,1,0,1,,,64,battle-point,,,
choice-band,sword-shield,sword,exchange,,battle-tower-galar,,1,0,1,,,25,battle-point,,,
choice-specs,black-white,black,exchange,,battle-subway,,1,0,1,,,48,battle-point,,,
choice-specs,diamond-pearl,diamond,overworld,visible,celestic-town,Morning,0,0,1,,,,,,,
choice-specs,heartgold-soulsilver,heartgold,overworld,visible,lake-of-rage,,0,0,1,,,,,,,
choice-specs,scarlet-violet,scarlet,shop,vendor,mesagoza,Delibird Presents (after completing the main storyline),1,0,1,,,100000,poke-dollar,,After completing the main storyline,
chorizo,scarlet-violet,scarlet,shop,specialty-shop,,Deli Cioso,1,0,1,,,150,poke-dollar,,,
chorizo,scarlet-violet,scarlet,vending-machine,,terarium,Vending machines,1,0,1,,,,,,Requires The Indigo Disk,
chorizo,scarlet-violet,violet,shop,specialty-shop,,Deli Cioso,1,0,1,,,150,poke-dollar,,,
chorizo,scarlet-violet,violet,vending-machine,,terarium,Vending machines,1,0,1,,,,,,Requires The Indigo Disk,
claw-fossil,emerald,emerald,overworld,visible,mirage-tower,Choice between Claw Fossil and Root Fossil,0,0,1,,,,,,,
claw-fossil,ruby-sapphire,ruby,choice,,hoenn-route-111,Choice between Claw Fossil and Root Fossil,0,0,1,,,,,,,
cleanse-tag,crystal,crystal,overworld,visible,route-05-kanto,,0,0,1,,,,,,,
cleanse-tag,gold-silver,gold,overworld,visible,route-05-kanto,,0,0,1,,,,,,,
cleanse-tag,gold-silver,silver,overworld,visible,route-05-kanto,,0,0,1,,,,,,,
clear-amulet,scarlet-violet,scarlet,shop,vendor,mesagoza,Delibird Presents (Mesagoza Branch),1,0,1,,,30000,poke-dollar,,After earning 4 Gym Badges,
clear-amulet,scarlet-violet,scarlet,npc-gift,,west-province-area-one,Pokémon League representative,0,0,1,,,,,,After defeating 9 Trainers in the area,
clear-amulet,scarlet-violet,violet,npc-gift,,west-province-area-one,Pokémon League representative,0,0,1,,,,,,After defeating 9 Trainers in the area,
clear-amulet,scarlet-violet,violet,shop,vendor,mesagoza,Delibird Presents (Mesagoza Branch),1,0,1,,,30000,poke-dollar,,After earning 4 Gym Badges,
clear-bell,crystal,crystal,npc-gift,,goldenrod-radio-tower,From the Director after defeating Team Rocket,0,0,1,,,,,,After defeating Team Rocket at the Goldenrod Radio Tower,
clear-bell,heartgold-soulsilver,heartgold,npc-gift,,ecruteak-city,Reward for defeating the Kimono Girls,0,0,1,,,,,,After defeating the Kimono Girls,
clear-bell,omega-ruby-alpha-sapphire,omega-ruby,exchange,,slateport-city,From Captain Stern in exchange for the Scanner,0,0,1,,,,,,After obtaining the Scanner,
clever-wing,black-white,black,overworld,recurring,marvelous-bridge,Flying Pokémon's shadow,1,0,1,,,,,,,
clever-wing,black-white,black,overworld,recurring,driftveil-drawbridge,Flying Pokémon's shadow,1,0,1,,,,,,,
clever-wing,scarlet-violet,scarlet,auction,,porto-marinada,Auction house,1,0,0,,,,,,,
clever-wing,sword-shield,sword,overworld,hidden,galar-route-05,Hidden recurring item,1,1,1,,,,,,,
clever-mochi,scarlet-violet,scarlet,tournament,,,Ogre Oustin',1,0,0,,,,,,,
clever-mochi,scarlet-violet,violet,tournament,,,Ogre Oustin',1,0,0,,,,,,,
clover-sweet,scarlet-violet,scarlet,crafting,item-printer,,Item Printer,1,0,0,,,,,,The Indigo Disk expansion,
clover-sweet,scarlet-violet,scarlet,overworld,visible,coastal-biome,,0,0,1,,,,,,The Indigo Disk expansion,
clover-sweet,sword-shield,shield,shop,watt-trader,snowslide-slope,Watt Trader (Highlight Item),1,0,1,,,7980,watt,,Crown Tundra expansion,
clover-sweet,sword-shield,shield,npc-gift,,,Battle Café,1,0,0,,,,,,,
clover-sweet,sword-shield,shield,crafting,cram-o-matic,,Cram-o-matic,1,0,0,,,,,,Isle of Armor expansion,"Fairy-type input, 92–100 points"
clover-sweet,sword-shield,sword,crafting,cram-o-matic,,Cram-o-matic,1,0,0,,,,,,Isle of Armor expansion,"Fairy-type input, 92–100 points"
clover-sweet,sword-shield,sword,npc-gift,,,Battle Café,1,0,0,,,,,,,
clover-sweet,sword-shield,sword,shop,watt-trader,snowslide-slope,Watt Trader (Highlight Item),1,0,1,,,7980,watt,,Crown Tundra expansion,
clover-sweet,scarlet-violet,violet,overworld,visible,coastal-biome,,0,0,1,,,,,,The Indigo Disk expansion,
clover-sweet,scarlet-violet,violet,crafting,item-printer,,Item Printer,1,0,0,,,,,,The Indigo Disk expansion,
cobalion-treat,scarlet-violet,scarlet,npc-gift,,blueberry-academy-entrance,Snacksworth,0,0,1,,,,,,After completing one group Blueberry Quest,
cobalion-treat,scarlet-violet,violet,npc-gift,,blueberry-academy-entrance,Snacksworth,0,0,1,,,,,,After completing 10 solo Blueberry Quests,
coconut-milk,sword-shield,shield,shop,vendor,rolling-fields,Ingredients Seller,1,0,1,,,950,poke-dollar,,,
coconut-milk,sword-shield,shield,shop,vendor,fields-of-honor,Ingredients Seller,1,0,1,,,950,poke-dollar,,The Isle of Armor,
coconut-milk,sword-shield,shield,shop,vendor,hammerlocke-hills,Ingredients Seller,1,0,1,,,950,poke-dollar,,,
coconut-milk,sword-shield,shield,npc-gift,,,Gift after cooking curry,1,0,0,,,,,,,
coconut-milk,sword-shield,sword,shop,vendor,rolling-fields,Ingredients Seller,1,0,1,,,950,poke-dollar,,,
coconut-milk,sword-shield,sword,shop,vendor,hammerlocke-hills,Ingredients Seller,1,0,1,,,950,poke-dollar,,,
coconut-milk,sword-shield,sword,shop,vendor,fields-of-honor,Ingredients Seller,1,0,1,,,950,poke-dollar,,The Isle of Armor,
coconut-milk,sword-shield,sword,npc-gift,,,Gift after cooking curry,1,0,0,,,,,,,
coin-case,red-blue,blue,npc-gift,,celadon-city,Man in the restaurant,0,0,1,,,,,,,
coin-case,crystal,crystal,overworld,visible,goldenrod-tunnel,Southern part,0,0,1,,,,,,,
coin-case,gold-silver,gold,overworld,visible,goldenrod-tunnel,Southern part,0,0,1,,,,,,,
coin-case,red-blue,red,npc-gift,,celadon-city,Man in the restaurant,0,0,1,,,,,,,
coin-case,gold-silver,silver,overworld,visible,goldenrod-tunnel,Southern part,0,0,1,,,,,,,
coin-case,yellow,yellow,npc-gift,,celadon-city,Man in the restaurant,0,0,1,,,,,,,
colbur-berry,black-white,black,wild-pokemon,,,Held by wild Chimecho,1,0,0,,5.0,,,,,
colbur-berry,diamond-pearl,diamond,transfer,,,Transfer from My Pokémon Ranch (held by Hayley's Wynaut),0,0,1,,,,,,,
colbur-berry,diamond-pearl,diamond,wild-pokemon,,,Held by wild Chingling or Chimecho,1,0,0,,5.0,,,,,
colbur-berry,heartgold-soulsilver,heartgold,mom,,,Bought by player's Mom,1,0,1,,,,,,,
colbur-berry,scarlet-violet,scarlet,overworld,sparkling,north-province-area-one,,1,0,0,,,,,,,
colbur-berry,x-y,x,berry-tree,,,Purple Berry trees,1,0,1,,,,,,,
colress-machine,black-2-white-2,black-2,npc-gift,,unova-route-22,From Colress upon approaching Terrakion,0,0,1,,,,,,,
colress-machine,black-2-white-2,white-2,npc-gift,,unova-route-22,From Colress upon approaching Terrakion,0,0,1,,,,,,,
contest-costume--jacket,omega-ruby-alpha-sapphire,alpha-sapphire,npc-gift,,contest-hall,Received from Lisia upon approaching the registration desk,0,0,1,,,,,,,
contest-costume--jacket,omega-ruby-alpha-sapphire,omega-ruby,npc-gift,,contest-hall,Received from Lisia upon approaching the registration desk,0,0,1,,,,,,,
contest-pass,omega-ruby-alpha-sapphire,alpha-sapphire,npc-gift,,slateport-city,After delivering the Devon Parts to Captain Stern,0,0,1,,,,,,After delivering the Devon Parts to Captain Stern,
contest-pass,omega-ruby-alpha-sapphire,omega-ruby,npc-gift,,slateport-city,After delivering the Devon Parts to Captain Stern,0,0,1,,,,,,After delivering the Devon Parts to Captain Stern,
contest-pass,ruby-sapphire,ruby,npc-gift,,verdanturf-town,Contest Hall,0,0,1,,,,,,,
contest-pass,ruby-sapphire,sapphire,npc-gift,,verdanturf-town,Contest Hall,0,0,1,,,,,,,
cornerstone-mask,scarlet-violet,scarlet,story,,dreaded-den,After capturing Ogerpon,0,0,1,,,,,,After capturing Ogerpon,
cornerstone-mask,scarlet-violet,violet,story,,dreaded-den,After capturing Ogerpon,0,0,1,,,,,,After capturing Ogerpon,
coupon-1,diamond-pearl,diamond,npc-gift,,jubilife-city,Clown between the Poké Mart and Pokémon Center,0,0,1,,,,,,,
coupon-2,diamond-pearl,diamond,npc-gift,,jubilife-city,Clown in front of the Pokétch Company,0,0,1,,,,,,,
coupon-3,diamond-pearl,diamond,npc-gift,,jubilife-city,Clown in front of the Jubilife TV Station,0,0,1,,,,,,,
courage-candy,lets-go-pikachu-lets-go-eevee,lets-go-eevee,overworld,recurring,,"Rocket Game Corner, Pokémon Mansion, Victory Road",1,1,1,,,,,,,
courage-candy,lets-go-pikachu-lets-go-eevee,lets-go-eevee,transfer,,,Catch or transfer certain Pokémon,1,0,1,,,,,,,Obtained by catching or transferring specific Pokémon
courage-candy,lets-go-pikachu-lets-go-eevee,lets-go-pikachu,transfer,,,Catch or transfer certain Pokémon,1,0,1,,,,,,,Obtained by catching or transferring specific Pokémon
courage-candy,lets-go-pikachu-lets-go-eevee,lets-go-pikachu,overworld,recurring,,"Rocket Game Corner, Pokémon Mansion, Victory Road",1,1,1,,,,,,,
courage-candy-l,lets-go-pikachu-lets-go-eevee,lets-go-eevee,overworld,recurring,celadon-game-corner,Hidden recurring item,1,1,1,,,,,,,
courage-candy-l,lets-go-pikachu-lets-go-eevee,lets-go-eevee,wild-pokemon,,,Obtained by catching or transferring specific Pokémon species,1,0,1,,,,,,,"Species include Ivysaur, Venusaur, Wartortle, Blastoise, Butterfree, Beedrill, Ninetales, Venonat, Tentacool, Tentacruel, Seel, Dewgong, Drowzee, Hypno, Hitmonchan, Mr. Mime, Eevee, Articuno"
courage-candy-l,lets-go-pikachu-lets-go-eevee,lets-go-eevee,walking-pokemon,,,Poké Ball Plus,1,0,0,,,,,,,
courage-candy-l,lets-go-pikachu-lets-go-eevee,lets-go-pikachu,wild-pokemon,,,Obtained by catching or transferring specific Pokémon species,1,0,1,,,,,,,"Species include Ivysaur, Venusaur, Wartortle, Blastoise, Butterfree, Beedrill, Ninetales, Venonat, Tentacool, Tentacruel, Seel, Dewgong, Drowzee, Hypno, Hitmonchan, Mr. Mime, Eevee, Articuno"
courage-candy-l,lets-go-pikachu-lets-go-eevee,lets-go-pikachu,walking-pokemon,,,Poké Ball Plus,1,0,0,,,,,,,
courage-candy-l,lets-go-pikachu-lets-go-eevee,lets-go-pikachu,overworld,recurring,celadon-game-corner,Hidden recurring item,1,1,1,,,,,,,
courage-candy-xl,lets-go-pikachu-lets-go-eevee,lets-go-eevee,overworld,recurring,celadon-game-corner,,1,1,1,,,,,,,Hidden recurring item.
courage-candy-xl,lets-go-pikachu-lets-go-eevee,lets-go-pikachu,overworld,recurring,celadon-game-corner,,1,1,1,,,,,,,Hidden recurring item.
cover-fossil,black-white,black,choice,,relic-castle,Choice between Cover Fossil and Plume Fossil,0,0,1,,,,,,,
cover-fossil,black-white,white,choice,,relic-castle,Choice between Cover Fossil and Plume Fossil,0,0,1,,,,,,,
covert-cloak,scarlet-violet,scarlet,overworld,visible,montenevera,,0,0,1,,,,,,,
covert-cloak,scarlet-violet,scarlet,shop,vendor,levincia,Delibird Presents (Levincia Branch),1,0,1,,,20000,poke-dollar,,,
covert-cloak,the-indigo-disk,,crafting,item-printer,,Item Printer,1,0,0,,,,,,,
covert-cloak,scarlet-violet,violet,overworld,visible,montenevera,,0,0,1,,,,,,,
covert-cloak,scarlet-violet,violet,shop,vendor,levincia,Delibird Presents (Levincia Branch),1,0,1,,,20000,poke-dollar,,,
cracked-pot,scarlet-violet,scarlet,overworld,visible,socarrat-trail,South Province (Area Two),0,0,1,,,,,,,
cracked-pot,sword-shield,shield,bargain-shop,,stow-on-side,Bargain shop,1,0,1,,,,,,,
cracked-pot,sword-shield,sword,bargain-shop,,stow-on-side,Bargain shop,1,0,1,,,,,,,
cracked-pot,sword-shield,sword,story,,stow-on-side,Event,0,0,1,,,,,,,
cracked-pot,scarlet-violet,violet,auction,,porto-marinada,Auction house,1,0,0,,,,,,,
cream-cheese,scarlet-violet,scarlet,overworld,visible,south-province-area-two,,0,0,1,,,,,,,
cream-cheese,scarlet-violet,scarlet,shop,vendor,,Artisan Bakery,1,0,1,,,280,poke-dollar,,,
cream-cheese,scarlet-violet,scarlet,shop,vendor,,Aquiesta Supermarket,1,0,1,,,280,poke-dollar,,,
cream-cheese,scarlet-violet,scarlet,vending-machine,,terarium,Vending machines,1,0,1,,,280,poke-dollar,,The Indigo Disk,
cream-cheese,scarlet-violet,violet,vending-machine,,terarium,Vending machines,1,0,1,,,280,poke-dollar,,The Indigo Disk,
cream-cheese,scarlet-violet,violet,overworld,visible,south-province-area-two,,0,0,1,,,,,,,
cream-cheese,scarlet-violet,violet,shop,vendor,,Aquiesta Supermarket,1,0,1,,,280,poke-dollar,,,
cream-cheese,scarlet-violet,violet,shop,vendor,,Artisan Bakery,1,0,1,,,280,poke-dollar,,,
crown-pass,sword-shield,shield,starting-item,bag,,,0,0,1,,,,,,After purchasing the Expansion Pass and updating to version 1.3.0 or later.,
crown-pass,sword-shield,sword,starting-item,bag,,,0,0,1,,,,,,After purchasing the Expansion Pass and updating to version 1.3.0 or later.,
crystal-cluster,scarlet-violet,scarlet,overworld,visible,crystal-pool,After defeating the wild Milotic,0,0,1,,,,,,After defeating the wild Milotic,
crystal-cluster,scarlet-violet,violet,overworld,visible,crystal-pool,After defeating the wild Milotic,0,0,1,,,,,,After defeating the wild Milotic,
cucumber,scarlet-violet,scarlet,shop,vendor,,"Deli Cioso, Aquiesta Supermarket",1,0,1,,,130,poke-dollar,,After earning 1 Gym Badge,
cucumber,the-indigo-disk,,vending-machine,,terarium,Vending machines,1,0,1,,,,,,,
cucumber,the-teal-mask,,shop,vendor,,Peachy's,1,0,1,,,130,poke-dollar,,After earning 1 Badge,
cucumber,scarlet-violet,violet,shop,vendor,,"Deli Cioso, Aquiesta Supermarket",1,0,1,,,130,poke-dollar,,After earning 1 Gym Badge,
curry-powder,scarlet-violet,scarlet,shop,vendor,,Aquiesta Supermarket,1,0,1,,,450,poke-dollar,,After earning 7 Gym Badges,
curry-powder,scarlet-violet,scarlet,shop,vendor,,Peachy's,1,0,1,,,450,poke-dollar,,After earning 7 Badges,
curry-powder,scarlet-violet,scarlet,auction,,porto-marinada,Porto Marinada auction,1,0,0,,,,,,,
curry-powder,scarlet-violet,violet,shop,vendor,,Peachy's,1,0,1,,,450,poke-dollar,,After earning 7 Badges,
curry-powder,scarlet-violet,violet,shop,vendor,,Aquiesta Supermarket,1,0,1,,,450,poke-dollar,,After earning 7 Gym Badges,
curry-powder,scarlet-violet,violet,auction,,porto-marinada,Porto Marinada auction,1,0,0,,,,,,,
custap-berry,diamond-pearl,diamond,event,,,,0,0,1,,,,,,,
cyber-ball,scarlet-violet,scarlet,shop,vendor,levincia,Picnic-Knacks (Levincia Branch),1,0,1,,,2000,poke-dollar,,,
cyber-ball,scarlet-violet,violet,shop,vendor,levincia,Picnic-Knacks (Levincia Branch),1,0,1,,,2000,poke-dollar,,,
damp-mulch,black-white,black,exchange,,,Trade,1,0,1,,,,,,,
damp-mulch,black-2-white-2,black-2,overworld,recurring,,"Hidden Grottoes, Join Avenue (Flower Shop)",1,0,0,,,,,,,
damp-mulch,diamond-pearl,diamond,overworld,recurring,route-208-sinnoh,Berry Master's house,1,0,1,,,,,,,
damp-mulch,heartgold-soulsilver,heartgold,shop,specialty-shop,goldenrod-city,Goldenrod Flower Shop,1,0,1,,,,,,After acquiring the Berry Pots,
damp-mulch,diamond-pearl,pearl,overworld,recurring,route-208-sinnoh,Berry Master's house,1,0,1,,,,,,,
damp-mulch,platinum,platinum,overworld,recurring,route-208-sinnoh,Berry Master's house,1,0,1,,,,,,,
damp-mulch,heartgold-soulsilver,soulsilver,shop,specialty-shop,goldenrod-city,Goldenrod Flower Shop,1,0,1,,,,,,After acquiring the Berry Pots,
damp-mulch,black-white,white,exchange,,,Trade,1,0,1,,,,,,,
damp-mulch,black-2-white-2,white-2,overworld,recurring,,"Hidden Grottoes, Join Avenue (Flower Shop)",1,0,0,,,,,,,
dark-gem,black-white,black,event,,,,0,0,1,,,,,,,
dark-gem,black-2-white-2,black-2,overworld,visible,unova-route-09,,0,0,1,,,,,,,
dark-gem,black-white,white,overworld,recurring,,Dust cloud,1,0,0,,,,,,,
dark-gem,black-2-white-2,white-2,overworld,recurring,,Dust cloud locations,1,0,0,,,,,,,
dark-memory,sun-moon,moon,npc-gift,,aether-paradise,From Gladion,0,0,1,,,,,,After becoming Champion,
dark-memory,sword-shield,shield,npc-gift,,battle-tower-galar,From League Staff member,0,0,1,,,,,,,
dark-memory,sun-moon,sun,npc-gift,,aether-paradise,From Gladion,0,0,1,,,,,,After becoming Champion,
dark-memory,sword-shield,sword,npc-gift,,battle-tower-galar,From League Staff member,0,0,1,,,,,,,
dark-memory,ultra-sun-ultra-moon,ultra-moon,npc-gift,,ancient-poni-path,From Wicke,0,0,1,,,,,,After becoming Champion,
dark-memory,ultra-sun-ultra-moon,ultra-sun,npc-gift,,ancient-poni-path,From Wicke,0,0,1,,,,,,After becoming Champion,
dark-stone,black-2-white-2,black-2,npc-gift,,ns-castle,Received from N after the player defeats him and Zekrom,0,0,1,,,,,,After defeating N and Zekrom,
dark-stone,black-white,white,npc-gift,,nacrene-city,Received from Lenora after clearing Relic Castle,0,0,1,,,,,,After clearing Relic Castle,
dark-tera-shard,scarlet-violet,scarlet,overworld,visible,area-zero,,0,0,1,,,,,,,
dark-tera-shard,scarlet-violet,scarlet,raid,tera-raid-5star,,Tera Raid Battles (3★ onwards),1,0,0,,,,,,,
dark-tera-shard,the-indigo-disk,,item-printer,,,,1,0,0,,,,,,,
dark-tera-shard,scarlet-violet,violet,raid,tera-raid-5star,,Tera Raid Battles (3★ onwards),1,0,0,,,,,,,
dark-tera-shard,scarlet-violet,violet,overworld,visible,area-zero,,0,0,1,,,,,,,
darkinium-z--held,sun-moon,moon,trainer-reward,gym-leader,malie-city,Nanu (after defeating him in the Ula'ula Island grand trial),0,0,1,,,,,,After defeating Nanu in the Ula'ula Island grand trial,
darkinium-z--held,sun-moon,sun,trainer-reward,gym-leader,malie-city,Nanu (after defeating him in the Ula'ula Island grand trial),0,0,1,,,,,,After defeating Nanu in the Ula'ula Island grand trial,
darkinium-z--held,ultra-sun-ultra-moon,ultra-moon,trainer-reward,gym-leader,malie-city,Nanu (after defeating him in the Ula'ula Island grand trial),0,0,1,,,,,,After defeating Nanu in the Ula'ula Island grand trial,
darkinium-z--held,ultra-sun-ultra-moon,ultra-sun,trainer-reward,gym-leader,malie-city,Nanu (after defeating him in the Ula'ula Island grand trial),0,0,1,,,,,,After defeating Nanu in the Ula'ula Island grand trial,
data-card-01,heartgold-soulsilver,heartgold,exchange,pokeathlon-points,pokeathlon-dome,Central reception desk,1,0,1,,,500,athlete-point,,,
decidium-z--held,sun-moon,moon,npc-gift,,alola-route-01,Hau (if the player did not start with Rowlet),0,0,1,,,,,,If the player did not start with Rowlet,
decidium-z--held,sun-moon,moon,npc-gift,,malie-garden,Professor Kukui (if the player started with Rowlet),0,0,1,,,,,,If the player started with Rowlet,
decidium-z--held,sun-moon,sun,npc-gift,,malie-garden,Professor Kukui (if the player started with Rowlet),0,0,1,,,,,,If the player started with Rowlet,
decidium-z--held,sun-moon,sun,npc-gift,,alola-route-01,Hau (if the player did not start with Rowlet),0,0,1,,,,,,If the player did not start with Rowlet,
decidium-z--held,ultra-sun-ultra-moon,ultra-moon,npc-gift,,malie-garden,Professor Kukui (if the player started with Rowlet),0,0,1,,,,,,If the player started with Rowlet,
decidium-z--held,ultra-sun-ultra-moon,ultra-moon,npc-gift,,iki-town,Hala (after defeating him in a rematch if the player did not choose Rowlet),0,0,1,,,,,,After defeating Hala in a rematch and if the player did not choose Rowlet,
decidium-z--held,ultra-sun-ultra-moon,ultra-sun,npc-gift,,malie-garden,Professor Kukui (if the player started with Rowlet),0,0,1,,,,,,If the player started with Rowlet,
decidium-z--held,ultra-sun-ultra-moon,ultra-sun,npc-gift,,iki-town,Hala (after defeating him in a rematch if the player did not choose Rowlet),0,0,1,,,,,,After defeating Hala in a rematch and if the player did not choose Rowlet,
deep-sea-scale,ruby-sapphire,ruby,choice,,slateport-city,NPC choice between Deep Sea Scale and Deep Sea Tooth,0,0,1,1,,,,,,
devon-parts,omega-ruby-alpha-sapphire,alpha-sapphire,npc-defeat,,rusturf-tunnel,Team Aqua Grunt,0,0,1,,,,,stone-badge,After earning the Stone Badge,
devon-parts,emerald,emerald,npc-defeat,,rusturf-tunnel,Team Aqua Grunt,0,0,1,,,,,stone-badge,After earning the Stone Badge,
devon-parts,omega-ruby-alpha-sapphire,omega-ruby,npc-defeat,,rusturf-tunnel,Team Magma Grunt,0,0,1,,,,,stone-badge,After earning the Stone Badge,
devon-parts,ruby-sapphire,ruby,npc-defeat,,rusturf-tunnel,Team Magma Grunt,0,0,1,,,,,stone-badge,After earning the Stone Badge,
devon-parts,ruby-sapphire,sapphire,npc-defeat,,rusturf-tunnel,Team Aqua Grunt,0,0,1,,,,,stone-badge,After earning the Stone Badge,
devon-scope,omega-ruby-alpha-sapphire,alpha-sapphire,npc-gift,,hoenn-route-120,From Steven on the northern bridge,0,0,1,,,,,,,
devon-scope,emerald,emerald,npc-gift,,hoenn-route-120,From Steven on the northern bridge,0,0,1,,,,,,,
devon-scope,omega-ruby-alpha-sapphire,omega-ruby,npc-gift,,hoenn-route-120,From Steven on the northern bridge,0,0,1,,,,,,,
devon-scope,ruby-sapphire,ruby,npc-gift,,hoenn-route-120,From Steven on the northern bridge,0,0,1,,,,,,,
devon-scope,ruby-sapphire,sapphire,npc-gift,,hoenn-route-120,From Steven on the northern bridge,0,0,1,,,,,,,
devon-scuba-gear,omega-ruby-alpha-sapphire,alpha-sapphire,npc-gift,,mossdeep-city,"From Steven after obtaining the Mind Badge, along with HM07 (Dive)",0,0,1,,,,,mind-badge,,
devon-scuba-gear,omega-ruby-alpha-sapphire,omega-ruby,npc-gift,,mossdeep-city,"From Steven after obtaining the Mind Badge, along with HM07 (Dive)",0,0,1,,,,,mind-badge,,
diamond-bottle,scarlet-violet,scarlet,shop,specialty-shop,levincia,Picnic-Knacks (Levincia Branch),1,0,1,,,1000,poke-dollar,,,
diamond-bottle,scarlet-violet,violet,shop,specialty-shop,levincia,Picnic-Knacks (Levincia Branch),1,0,1,,,1000,poke-dollar,,,
diamond-chairs,scarlet-violet,scarlet,npc-gift,,revelers-road,Picnicker,0,0,1,,,,,,If the player owns the Diamond Tablecloth,
diamond-chairs,scarlet-violet,violet,npc-gift,,revelers-road,Picnicker,0,0,1,,,,,,If the player owns the Diamond Tablecloth,
diamond-pattern-cup,scarlet-violet,scarlet,shop,specialty-shop,levincia,Picnic-Knacks (Levincia Branch),1,0,1,,,800,poke-dollar,,,
diamond-pattern-cup,scarlet-violet,violet,shop,specialty-shop,levincia,Picnic-Knacks (Levincia Branch),1,0,1,,,800,poke-dollar,,,
diamond-tablecloth,scarlet-violet,scarlet,shop,specialty-shop,levincia,Picnic-Knacks (Levincia Branch),1,0,1,,,1500,poke-dollar,,,
diamond-tablecloth,scarlet-violet,violet,shop,specialty-shop,levincia,Picnic-Knacks (Levincia Branch),1,0,1,,,1500,poke-dollar,,,
diancite,omega-ruby-alpha-sapphire,alpha-sapphire,npc-gift,,,Any Pokémon Center,0,0,1,,,,,,Enter with a fateful encounter Diancie in the party,
diancite,sun-moon,moon,event,,,,0,0,1,,,,,,,
diancite,omega-ruby-alpha-sapphire,omega-ruby,npc-gift,,,Any Pokémon Center,0,0,1,,,,,,Enter with a fateful encounter Diancie in the party,
diancite,sun-moon,sun,event,,,,0,0,1,,,,,,,
diancite,ultra-sun-ultra-moon,ultra-moon,npc-gift,,konikoni-city,Olivia's jewelry store,0,0,1,,,,,,If the player has a Diancie in their party,
diancite,ultra-sun-ultra-moon,ultra-sun,npc-gift,,konikoni-city,Olivia's jewelry store,0,0,1,,,,,,If the player has a Diancie in their party,
digger-drill,brilliant-diamond-shining-pearl,brilliant-diamond,exchange,,,Sphere traders,1,0,1,,,,,,,
digger-drill,brilliant-diamond-shining-pearl,brilliant-diamond,npc-gift,,eterna-city,Underground Man,0,0,1,,,,,,,
digger-drill,diamond-pearl,diamond,npc-gift,,eterna-city,Underground Man,0,0,1,,,,,,,
digger-drill,diamond-pearl,diamond,exchange,,underground,Trap Merchant,1,0,1,,,,,,,Requires Blue Sphere (Size 10–20)
digger-drill,diamond-pearl,pearl,exchange,,underground,Trap Merchant,1,0,1,,,,,,,Requires Blue Sphere (Size 10–20)
digger-drill,diamond-pearl,pearl,npc-gift,,eterna-city,Underground Man,0,0,1,,,,,,,
digger-drill,platinum,platinum,exchange,,underground,Trap Merchant,1,0,1,,,,,,,Requires Blue Sphere (Size 10–20)
digger-drill,platinum,platinum,npc-gift,,eterna-city,Underground Man,0,0,1,,,,,,,
digger-drill,brilliant-diamond-shining-pearl,shining-pearl,npc-gift,,eterna-city,Underground Man,0,0,1,,,,,,,
digger-drill,brilliant-diamond-shining-pearl,shining-pearl,exchange,,,Sphere traders,1,0,1,,,,,,,
discount-coupon,omega-ruby-alpha-sapphire,alpha-sapphire,exchange,,,Trade,1,0,1,,,,,,,
discount-coupon,omega-ruby-alpha-sapphire,omega-ruby,exchange,,,Trade,1,0,1,,,,,,,
discount-coupon,x-y,x,event,,,Pokémon Global Link,0,0,1,,,,,,,
discount-coupon,x-y,y,event,,,Pokémon Global Link,0,0,1,,,,,,,
discovery-slate,brilliant-diamond-shining-pearl,brilliant-diamond,exchange,,ramanas-park,Ramanas Park exchange,1,0,1,,,,,,,Obtained in exchange for Mysterious Shards.
discovery-slate,brilliant-diamond-shining-pearl,shining-pearl,exchange,,ramanas-park,Ramanas Park exchange,1,0,1,,,,,,,Obtained in exchange for Mysterious Shards.
distortion-slate,brilliant-diamond-shining-pearl,brilliant-diamond,exchange,,ramanas-park,Purchase using Mysterious Shards,1,0,1,,,,,,"After catching Regirock, Regice, Registeel, and Giratina",Costs 3 Mysterious Shards S or 1 Mysterious Shard L
distortion-slate,brilliant-diamond-shining-pearl,shining-pearl,exchange,,ramanas-park,Purchase using Mysterious Shards,1,0,1,,,,,,"After catching Regirock, Regice, Registeel, and Giratina",Costs 3 Mysterious Shards S or 1 Mysterious Shard L
dna-splicers,omega-ruby-alpha-sapphire,alpha-sapphire,overworld,hidden,gnarled-den,Inside the cave,0,1,1,,,,,,,
dna-splicers,black-2-white-2,black-2,dropped,,giant-chasm,Dropped by Kyurem,0,0,1,,,,,,,
dna-splicers,sun-moon,moon,npc-gift,,aether-paradise,Aether Foundation Employee in Secret Lab A,0,0,1,,,,,,,
dna-splicers,omega-ruby-alpha-sapphire,omega-ruby,overworld,hidden,gnarled-den,Inside the cave,0,1,1,,,,,,,
dna-splicers,scarlet-violet,scarlet,auction,,porto-marinada,Auction house,1,0,0,,,,,,If the player owns a Kyurem,
dna-splicers,sword-shield,shield,bargain-shop,,stow-on-side,Bargain shop keeper,0,0,1,,,,,,If the player owns a Kyurem,
dna-splicers,sun-moon,sun,npc-gift,,aether-paradise,Aether Foundation Employee in Secret Lab A,0,0,1,,,,,,,
dna-splicers,sword-shield,sword,bargain-shop,,stow-on-side,Bargain shop keeper,0,0,1,,,,,,If the player owns a Kyurem,
dna-splicers,scarlet-violet,violet,auction,,porto-marinada,Auction house,1,0,0,,,,,,If the player owns a Kyurem,
dna-splicers,black-2-white-2,white-2,dropped,,giant-chasm,Dropped by Kyurem,0,0,1,,,,,,,
dna-splicers,x-y,x,npc-gift,,kiloude-city,Punk Girl in a northeastern house,0,0,1,,,,,,If shown a Kyurem,
dna-splicers,x-y,y,npc-gift,,kiloude-city,Punk Girl in a northeastern house,0,0,1,,,,,,If shown a Kyurem,
dome-fossil,diamond-pearl,diamond,mining,,underground,After obtaining the National Pokédex,1,0,0,,,,,,After obtaining the National Pokédex,
dome-fossil,red-blue,red,choice,,mt-moon,Choice between Dome Fossil and Helix Fossil,0,0,1,,,,,,,
douse-drive,omega-ruby-alpha-sapphire,alpha-sapphire,npc-gift,,mauville-city,Show Genesect to a Street Thug,0,0,1,,,,,,,
douse-drive,black-white,black,npc-gift,,p2-laboratory,Show Genesect to Scientist Dudley,0,0,1,,,,,,,
douse-drive,black-2-white-2,black-2,npc-gift,,p2-laboratory,Show Genesect to Scientist Dudley,0,0,1,,,,,,,
douse-drive,sun-moon,moon,npc-gift,,alola-route-08,From Colress after becoming Champion,0,0,1,,,,,,After becoming Champion,
douse-drive,omega-ruby-alpha-sapphire,omega-ruby,npc-gift,,mauville-city,Show Genesect to a Street Thug,0,0,1,,,,,,,
douse-drive,sword-shield,shield,bargain-shop,,stow-on-side,Bargain shop keeper,0,0,1,,,,,,If the player owns a Genesect,
douse-drive,sun-moon,sun,npc-gift,,alola-route-08,From Colress after becoming Champion,0,0,1,,,,,,After becoming Champion,
douse-drive,sword-shield,sword,bargain-shop,,stow-on-side,Bargain shop keeper,0,0,1,,,,,,If the player owns a Genesect,
douse-drive,ultra-sun-ultra-moon,ultra-moon,npc-gift,,alola-route-08,From Colress after becoming Champion,0,0,1,,,,,,After becoming Champion,
douse-drive,ultra-sun-ultra-moon,ultra-sun,npc-gift,,alola-route-08,From Colress after becoming Champion,0,0,1,,,,,,After becoming Champion,
douse-drive,black-white,white,npc-gift,,p2-laboratory,Show Genesect to Scientist Dudley,0,0,1,,,,,,,
douse-drive,black-2-white-2,white-2,npc-gift,,p2-laboratory,Show Genesect to Scientist Dudley,0,0,1,,,,,,,
douse-drive,x-y,x,npc-gift,,ambrette-town,Show Genesect to a Hiker at the Fossil Lab,0,0,1,,,,,,,
douse-drive,x-y,y,npc-gift,,ambrette-town,Show Genesect to a Hiker at the Fossil Lab,0,0,1,,,,,,,
dowsing-machine,black-white,black,npc-gift,,nacrene-city,From Bianca after obtaining the Basic Badge,0,0,1,,,,,basic-badge,,
dowsing-machine,gold-silver,gold,npc-gift,,ecruteak-city,Man in a house next to the Gym,0,0,1,,,,,,,
dowsing-machine,red-blue,red,npc-gift,,route-11-kanto,Gate 2F from Oak's aide after obtaining 30 Pokémon,0,0,1,,,,,,After obtaining 30 Pokémon,
dowsing-machine,ruby-sapphire,ruby,npc-defeat,,hoenn-route-110,From Brendan/May after defeating them,0,0,1,,,,,,,
dowsing-machine,x-y,x,npc-gift,,kalos-route-08,From a Swimmer after clearing Glittering Cave,0,0,1,,,,,,After clearing Glittering Cave,
draco-plate,omega-ruby-alpha-sapphire,alpha-sapphire,overworld,visible,hoenn-route-128,Underwater,0,0,1,,,,,,,
draco-plate,black-white,black,overworld,visible,unova-route-13,,0,0,1,,,,,,,
draco-plate,black-2-white-2,black-2,overworld,visible,undella-bay,,0,0,1,,,,,,,
draco-plate,brilliant-diamond-shining-pearl,brilliant-diamond,overworld,visible,eterna-city,,0,0,1,,,,,,,Also obtainable in Grand Underground
draco-plate,diamond-pearl,diamond,overworld,visible,eterna-city,,0,0,1,,,,,,,Also obtainable Underground
draco-plate,heartgold-soulsilver,heartgold,npc-gift,,ss-aqua,Captain (after all 16 Badges),0,0,1,,,,,,After obtaining all 16 Gym Badges,
draco-plate,sun-moon,moon,overworld,visible,hauoli-city,Shopping District,0,0,1,,,,,,,
draco-plate,omega-ruby-alpha-sapphire,omega-ruby,overworld,visible,hoenn-route-128,Underwater,0,0,1,,,,,,,
draco-plate,diamond-pearl,pearl,overworld,visible,eterna-city,,0,0,1,,,,,,,Also obtainable Underground
draco-plate,platinum,platinum,overworld,visible,eterna-city,,0,0,1,,,,,,,Also obtainable Underground
draco-plate,scarlet-violet,scarlet,auction,,porto-marinada,Auction,0,0,0,,,,,,If the player owns an Arceus,
draco-plate,brilliant-diamond-shining-pearl,shining-pearl,overworld,visible,eterna-city,,0,0,1,,,,,,,Also obtainable in Grand Underground
draco-plate,heartgold-soulsilver,soulsilver,npc-gift,,ss-aqua,Captain (after all 16 Badges),0,0,1,,,,,,After obtaining all 16 Gym Badges,
draco-plate,sun-moon,sun,overworld,visible,hauoli-city,Shopping District,0,0,1,,,,,,,
draco-plate,ultra-sun-ultra-moon,ultra-moon,overworld,visible,hauoli-city,Shopping District,0,0,1,,,,,,,
draco-plate,ultra-sun-ultra-moon,ultra-sun,overworld,visible,hauoli-city,Shopping District,0,0,1,,,,,,,
draco-plate,scarlet-violet,violet,auction,,porto-marinada,Auction,0,0,0,,,,,,If the player owns an Arceus,
draco-plate,black-white,white,overworld,visible,unova-route-13,,0,0,1,,,,,,,
draco-plate,black-2-white-2,white-2,overworld,visible,undella-bay,,0,0,1,,,,,,,
draco-plate,x-y,x,overworld,visible,kalos-route-22,,0,0,1,,,,,,,
draco-plate,x-y,y,overworld,visible,kalos-route-22,,0,0,1,,,,,,,
dragon-gem,black-white,black,event,,,,0,0,1,,,,,,,
dragon-gem,black-2-white-2,black-2,overworld,visible,mistralton-cave,,0,0,1,,,,,,,
dragon-gem,black-white,white,event,,,,0,0,1,,,,,,,
dragon-gem,black-2-white-2,white-2,overworld,visible,mistralton-cave,,0,0,1,,,,,,,
dragon-memory,sun-moon,moon,npc-gift,,aether-paradise,From Gladion,0,0,1,,,,,,After becoming Champion,
dragon-memory,sword-shield,shield,npc-gift,,battle-tower-galar,From League Staff member,0,0,1,,,,,,,
dragon-memory,sun-moon,sun,npc-gift,,aether-paradise,From Gladion,0,0,1,,,,,,After becoming Champion,
dragon-memory,sword-shield,sword,npc-gift,,battle-tower-galar,From League Staff member,0,0,1,,,,,,,
dragon-memory,ultra-sun-ultra-moon,ultra-moon,npc-gift,,ancient-poni-path,From Wicke,0,0,1,,,,,,After becoming Champion,
dragon-memory,ultra-sun-ultra-moon,ultra-sun,npc-gift,,ancient-poni-path,From Wicke,0,0,1,,,,,,After becoming Champion,
dragon-skull,black-white,black,npc-defeat,,pinwheel-forest,Last Team Plasma Grunt,0,0,1,,,,,basic-badge,After earning the Basic Badge,
dragon-skull,black-white,white,npc-defeat,,pinwheel-forest,Last Team Plasma Grunt,0,0,1,,,,,basic-badge,After earning the Basic Badge,
dragon-tera-shard,scarlet-violet,scarlet,npc-gift,,naranja-academy,Hassel,0,0,1,,,,,,After completing Hassel’s storyline,
dragon-tera-shard,scarlet-violet,scarlet,overworld,visible,area-zero,,0,0,1,,,,,,,
dragon-tera-shard,scarlet-violet,scarlet,tournament,,,Academy Ace Tournament,1,0,0,,,,,,,
dragon-tera-shard,the-indigo-disk,,item-printer,,,Item Printer,1,0,0,,,,,,,
dragon-tera-shard,the-indigo-disk,,overworld,visible,area-zero-underdepths,,0,0,1,,,,,,,
dragon-tera-shard,the-teal-mask,,contest,,,Ogre Oustin',1,0,0,,,,,,,
dragon-tera-shard,the-teal-mask,,overworld,visible,crystal-pool,,0,0,1,,,,,,,
dragon-tera-shard,scarlet-violet,violet,raid,tera-raid-3star,,Tera Raid Battles,1,0,0,,,,,,3★ raids or higher,
dragon-tera-shard,scarlet-violet,violet,overworld,visible,casseroya-lake,,0,0,1,,,,,,,
dragon-tera-shard,scarlet-violet,violet,npc-gift,,uva-academy,Hassel,0,0,1,,,,,,After completing Hassel’s storyline,
dragonium-z--held,sun-moon,moon,story,,vast-poni-canyon,Reward for completing the trial,0,0,1,,,,,,,
dragonium-z--held,sun-moon,sun,story,,vast-poni-canyon,Reward for completing the trial,0,0,1,,,,,,,
dragonium-z--held,ultra-sun-ultra-moon,ultra-moon,story,,vast-poni-canyon,Reward for completing the trial,0,0,1,,,,,,,
dragonium-z--held,ultra-sun-ultra-moon,ultra-sun,story,,vast-poni-canyon,Reward for completing the trial,0,0,1,,,,,,,
dread-plate,diamond-pearl,diamond,overworld,visible,old-chateau,,0,0,1,,,,,,,
dread-plate,heartgold-soulsilver,heartgold,npc-gift,,ss-aqua,Captain,0,0,1,,,,,,After obtaining all 16 Gym Badges,
dread-plate,scarlet-violet,scarlet,auction,,porto-marinada,,0,0,0,,,,,,If the player owns an Arceus,
dream-ball,black-white,black,overworld,recurring,entree-forest,,1,0,1,,,,,,,
dream-ball,black-white,white,overworld,recurring,entree-forest,,1,0,1,,,,,,,
dream-mail,emerald,emerald,exchange,,,Trade,1,0,1,,,,,,,
dream-mail,firered-leafgreen,firered,shop,poke-mart,six-island,Six Island Poké Mart,1,0,1,,,50,poke-dollar,,,
dream-mail,firered-leafgreen,leafgreen,shop,poke-mart,six-island,Six Island Poké Mart,1,0,1,,,50,poke-dollar,,,
dream-mail,ruby-sapphire,ruby,exchange,,,Trade,1,0,1,,,,,,,
dream-mail,ruby-sapphire,sapphire,exchange,,,Trade,1,0,1,,,,,,,
dropped-item,black-2-white-2,black-2,overworld,visible,nimbasa-city,Near the flower bed in the amusement park,0,0,1,,,,,,,
dropped-item,black-2-white-2,white-2,overworld,visible,nimbasa-city,Near the flower bed in the amusement park,0,0,1,,,,,,,
ds-sounds,brilliant-diamond-shining-pearl,brilliant-diamond,npc-gift,,hotel-grand-lake,Sound designer,0,0,1,,,,,,After entering the Hall of Fame,
ds-sounds,brilliant-diamond-shining-pearl,shining-pearl,npc-gift,,hotel-grand-lake,Sound designer,0,0,1,,,,,,After entering the Hall of Fame,
dubious-disc,diamond-pearl,diamond,overworld,visible,route-225-sinnoh,,0,0,1,,,,,,,
dynamax-band,sword-shield,shield,npc-gift,,galar-route-02,From Professor Magnolia after obtaining the Wishing Star,0,0,1,,,,,,After obtaining the Wishing Star,
dynamax-band,sword-shield,sword,npc-gift,,galar-route-02,From Professor Magnolia after obtaining the Wishing Star,0,0,1,,,,,,After obtaining the Wishing Star,
dynamax-candy,sword-shield,shield,max-lair,dynite-ore-trader,,Max Lair,1,0,1,,,,dynite-ore,,Access to The Crown Tundra,
dynamax-candy,sword-shield,shield,raid,max-raid,,Max Raid Battles (all levels),1,0,0,,,,,,,
dynamax-candy,sword-shield,sword,max-lair,dynite-ore-trader,,Max Lair,1,0,1,,,,dynite-ore,,Access to The Crown Tundra,
dynamax-candy,sword-shield,sword,raid,max-raid,,Max Raid Battles (all levels),1,0,0,,,,,,,
dynamax-crystal,sword-shield,shield,event,,,Event distribution (various ★ star designations),0,0,1,,,,,,,
dynamax-crystal,sword-shield,sword,event,,,Event distribution (various ★ star designations),0,0,1,,,,,,,
dynite-ore,sword-shield,shield,overworld,recurring,slippery-slope,,1,1,1,1,,,,,,
dynite-ore,sword-shield,shield,exchange,watts,snowslide-slope,Watt Trader (Highlight Item),1,0,1,1,,1980,watt,,,
dynite-ore,sword-shield,shield,overworld,recurring,roaring-sea-caves,,1,1,1,1,,,,,,
dynite-ore,sword-shield,shield,max-lair,reward,max-lair,Dynamax Adventure,1,0,1,,,,,,,
dynite-ore,sword-shield,shield,raid,max-raid,,Max Raid Battles,1,0,0,,,,,,,
dynite-ore,sword-shield,sword,overworld,recurring,slippery-slope,,1,1,1,1,,,,,,
dynite-ore,sword-shield,sword,max-lair,reward,max-lair,Dynamax Adventure,1,0,1,,,,,,,
dynite-ore,sword-shield,sword,overworld,recurring,roaring-sea-caves,,1,1,1,1,,,,,,
dynite-ore,sword-shield,sword,raid,max-raid,,Max Raid Battles,1,0,0,,,,,,,
dynite-ore,sword-shield,sword,exchange,watts,snowslide-slope,Watt Trader (Highlight Item),1,0,1,1,,1980,watt,,,
earth-plate,black-white,black,overworld,visible,abyssal-ruins,,0,0,1,,,,,,,
earth-plate,brilliant-diamond-shining-pearl,brilliant-diamond,overworld,visible,oreburgh-gate,,0,0,1,,,,,,,
earth-plate,brilliant-diamond-shining-pearl,brilliant-diamond,mining,,,,1,0,0,,,,,,,
earth-plate,diamond-pearl,diamond,overworld,visible,oreburgh-gate,,0,0,1,,,,,,,
earth-plate,heartgold-soulsilver,heartgold,npc-gift,,ss-aqua,Captain,0,0,1,,,,,,After obtaining all 16 Gym Badges,
earth-plate,omega-ruby-alpha-sapphire,omega-ruby,overworld,visible,hoenn-route-130,Underwater,0,0,1,,,,,,,
earth-plate,scarlet-violet,scarlet,auction,,porto-marinada,,0,0,1,,,,,,If the player owns an Arceus,
earth-plate,sun-moon,sun,overworld,visible,alola-route-01,,0,0,1,,,,,,,
earth-plate,x-y,x,overworld,visible,reflection-cave,,0,0,1,,,,,,,
eevee-candy,lets-go-pikachu-lets-go-eevee,lets-go-eevee,trainer-reward,trainer,route-11-kanto,Coach Trainer Will,0,0,1,5,,,,,,
eevee-candy,lets-go-pikachu-lets-go-eevee,lets-go-eevee,trainer-reward,trainer,pokemon-tower,Coach Trainer Holly,0,0,1,5,,,,,,
eevee-candy,lets-go-pikachu-lets-go-eevee,lets-go-eevee,trainer-reward,trainer,victory-road-kanto,Coach Trainer Alemana,0,0,1,10,,,,,,
eevee-cup,scarlet-violet,scarlet,shop,specialty-shop,cascarrafa,Picnic-Knacks (Cascarrafa Branch),1,0,1,,,2000,poke-dollar,,,
eevee-cup,scarlet-violet,violet,shop,specialty-shop,cascarrafa,Picnic-Knacks (Cascarrafa Branch),1,0,1,,,2000,poke-dollar,,,
eevium-z--held,sun-moon,moon,npc-gift,,thrifty-megamart,Given by Kagetora after defeating all Eevee users and Kagetora himself,0,0,1,,,,,,,
eevium-z--held,sun-moon,sun,npc-gift,,thrifty-megamart,Given by Kagetora after defeating all Eevee users and Kagetora himself,0,0,1,,,,,,,
eevium-z--held,ultra-sun-ultra-moon,ultra-moon,npc-gift,,thrifty-megamart,Given by Kagetora after defeating all Eevee users and Kagetora himself,0,0,1,,,,,,,
eevium-z--held,ultra-sun-ultra-moon,ultra-sun,npc-gift,,thrifty-megamart,Given by Kagetora after defeating all Eevee users and Kagetora himself,0,0,1,,,,,,,
egg,scarlet-violet,scarlet,overworld,visible,south-province-area-three,,0,0,1,,,,,,,
egg,scarlet-violet,scarlet,shop,vendor,,Deli Cioso,1,0,1,,,80,poke-dollar,,,
egg,scarlet-violet,scarlet,vending-machine,,terarium,Vending machines,1,0,1,,,,,,,
egg,scarlet-violet,violet,overworld,visible,south-province-area-three,,0,0,1,,,,,,,
egg,scarlet-violet,violet,shop,vendor,,Deli Cioso,1,0,1,,,80,poke-dollar,,,
egg,scarlet-violet,violet,vending-machine,,terarium,Vending machines,1,0,1,,,,,,,
egg-ticket,crystal,crystal,npc-gift,,route-34-johto,Received from the Day-Care Man if the Mobile Game Boy Adapter is connected or has been connected before (Japanese cartridge only).,0,0,1,,,,,,Mobile Game Boy Adapter connected or previously connected,Unavailable in Virtual Console releases.
eggant-berry,ruby-sapphire,ruby,npc-gift,,petalburg-gym,From Norman after scanning the Eggant Berry e-Reader card,1,0,1,,,,,,After scanning the Eggant Berry e-Reader card,
eggant-berry,ruby-sapphire,sapphire,npc-gift,,petalburg-gym,From Norman after scanning the Eggant Berry e-Reader card,1,0,1,,,,,,After scanning the Eggant Berry e-Reader card,
eject-pack,scarlet-violet,scarlet,shop,specialty-shop,levincia,Delibird Presents (Levincia Branch),1,0,1,,,30000,poke-dollar,,After earning 4 Gym Badges,
eject-pack,sword-shield,shield,exchange,,battle-tower-galar,Battle Tower,1,0,1,,,20,battle-point,,,
eject-pack,sword-shield,shield,overworld,visible,snowslide-slope,,0,0,1,,,,,,The Crown Tundra,
eject-pack,sword-shield,sword,exchange,,battle-tower-galar,Battle Tower,1,0,1,,,20,battle-point,,,
eject-pack,sword-shield,sword,overworld,visible,snowslide-slope,,0,0,1,,,,,,The Crown Tundra,
eject-pack,scarlet-violet,violet,shop,specialty-shop,levincia,Delibird Presents (Levincia Branch),1,0,1,,,30000,poke-dollar,,After earning 4 Gym Badges,
electric-gem,black-white,black,overworld,recurring,,Dust cloud,1,0,0,,,,,,,
electric-gem,black-2-white-2,black-2,overworld,visible,chargestone-cave,,0,0,1,,,,,,,
electric-gem,black-2-white-2,black-2,overworld,recurring,,Dust cloud,1,0,0,,,,,,,Multiple caves
electric-gem,black-white,white,overworld,recurring,,Dust cloud,1,0,0,,,,,,,
electric-gem,black-2-white-2,white-2,overworld,visible,chargestone-cave,,0,0,1,,,,,,,
electric-gem,black-2-white-2,white-2,overworld,recurring,,Dust cloud,1,0,0,,,,,,,Multiple caves
electric-memory,sun-moon,moon,npc-gift,,aether-paradise,From Gladion,0,0,1,,,,,,After becoming Champion,
electric-memory,sword-shield,shield,npc-gift,,battle-tower-galar,From a League Staff member,0,0,1,,,,,,,
electric-memory,sun-moon,sun,npc-gift,,aether-paradise,From Gladion,0,0,1,,,,,,After becoming Champion,
electric-memory,sword-shield,sword,npc-gift,,battle-tower-galar,From a League Staff member,0,0,1,,,,,,,
electric-memory,ultra-sun-ultra-moon,ultra-moon,npc-gift,,ancient-poni-path,From Wicke,0,0,1,,,,,,After becoming Champion,
electric-memory,ultra-sun-ultra-moon,ultra-sun,npc-gift,,ancient-poni-path,From Wicke,0,0,1,,,,,,After becoming Champion,
electric-seed,sun-moon,moon,overworld,visible,mahalo-trail,,0,0,1,,,,,,,
electric-seed,scarlet-violet,scarlet,overworld,sparkling,west-province-area-three,,1,0,1,,,,,,,
electric-seed,scarlet-violet,scarlet,shop,specialty-shop,cascarrafa,Delibird Presents,1,0,1,,,20000,poke-dollar,,After completing the main storyline,
electric-seed,sword-shield,shield,overworld,recurring,stepping-stone-sea,,1,1,1,,,,,,The Isle of Armor,
electric-seed,sword-shield,shield,overworld,visible,wyndon,,0,0,1,,,,,,,
electric-seed,sun-moon,sun,overworld,visible,mahalo-trail,,0,0,1,,,,,,,
electric-seed,sword-shield,sword,overworld,recurring,stepping-stone-sea,,1,1,1,,,,,,The Isle of Armor,
electric-seed,sword-shield,sword,overworld,visible,wyndon,,0,0,1,,,,,,,
electric-seed,ultra-sun-ultra-moon,ultra-moon,overworld,visible,mahalo-trail,,0,0,1,,,,,,,
electric-seed,ultra-sun-ultra-moon,ultra-sun,overworld,visible,mahalo-trail,,0,0,1,,,,,,,
electric-seed,scarlet-violet,violet,overworld,sparkling,west-province-area-three,,1,0,1,,,,,,,
electric-seed,scarlet-violet,violet,shop,specialty-shop,cascarrafa,Delibird Presents,1,0,1,,,20000,poke-dollar,,After completing the main storyline,
electric-tera-shard,scarlet-violet,scarlet,overworld,visible,area-zero,,0,0,1,,,,,,,
electric-tera-shard,scarlet-violet,scarlet,overworld,visible,levincia,,0,0,1,,,,,,,
electric-tera-shard,scarlet-violet,scarlet,tournament,,,Academy Ace Tournament,1,0,0,,,,,,,
electric-tera-shard,scarlet-violet,scarlet,tera-raid,tera-raid-5star,,Tera Raid Battles (3★ onwards),1,0,0,,,,,,,
electric-tera-shard,scarlet-violet,scarlet,overworld,visible,oni-mountain,,0,0,1,,,,,,The Teal Mask,
electric-tera-shard,scarlet-violet,scarlet,contest,,,Ogre Oustin',1,0,0,,,,,,The Teal Mask,
electric-tera-shard,scarlet-violet,scarlet,overworld,visible,area-zero-underdepths,,0,0,1,,,,,,The Indigo Disk,
electric-tera-shard,scarlet-violet,scarlet,item-printer,item-printer,,Item Printer,1,0,0,,,,,,The Indigo Disk,
electric-tera-shard,scarlet-violet,violet,item-printer,item-printer,,Item Printer,1,0,0,,,,,,The Indigo Disk,
electric-tera-shard,scarlet-violet,violet,overworld,visible,area-zero,,0,0,1,,,,,,,
electric-tera-shard,scarlet-violet,violet,overworld,visible,oni-mountain,,0,0,1,,,,,,The Teal Mask,
electric-tera-shard,scarlet-violet,violet,overworld,visible,levincia,,0,0,1,,,,,,,
electric-tera-shard,scarlet-violet,violet,overworld,visible,area-zero-underdepths,,0,0,1,,,,,,The Indigo Disk,
electric-tera-shard,scarlet-violet,violet,tournament,,,Academy Ace Tournament,1,0,0,,,,,,,
electric-tera-shard,scarlet-violet,violet,contest,,,Ogre Oustin',1,0,0,,,,,,The Teal Mask,
electric-tera-shard,scarlet-violet,violet,tera-raid,tera-raid-5star,,Tera Raid Battles (3★ onwards),1,0,0,,,,,,,
electrium-z--held,sun-moon,moon,trainer-reward,trainer,ten-carat-hill,Reward from Professor Kukui after defeating Totem Hakamo-o (Demo),0,0,1,,,,,,Pokémon Sun and Moon Demo completion,
electrium-z--held,sun-moon,moon,trainer-reward,trainer,hokulani-observatory,Reward for completing Sophocles's trial,0,0,1,,,,,,,
electrium-z--held,sun-moon,sun,trainer-reward,trainer,ten-carat-hill,Reward from Professor Kukui after defeating Totem Hakamo-o (Demo),0,0,1,,,,,,Pokémon Sun and Moon Demo completion,
electrium-z--held,sun-moon,sun,trainer-reward,trainer,hokulani-observatory,Reward for completing Sophocles's trial,0,0,1,,,,,,,
electrium-z--held,ultra-sun-ultra-moon,ultra-moon,trainer-reward,trainer,hokulani-observatory,Reward for completing Sophocles's trial,0,0,1,,,,,,,
electrium-z--held,ultra-sun-ultra-moon,ultra-sun,trainer-reward,trainer,hokulani-observatory,Reward for completing Sophocles's trial,0,0,1,,,,,,,
elevator-key,x-y,x,npc-defeat,,lysandre-labs,From Mable after defeating her,0,0,1,,,,,,,
elevator-key,x-y,y,npc-defeat,,lysandre-labs,From Mable after defeating her,0,0,1,,,,,,,
elixir,gold-silver,gold,overworld,visible,,"Routes 2, 12, 44, 45; Mt. Mortar; Dark Cave; Rock Tunnel; Union Cave; Lake of Rage (event)",0,0,1,,,,,,,
elixir,red-blue,red,overworld,visible,,"Route 25, Pokémon Tower, Silph Co., Underground Path (Routes 7–8)",0,0,1,,,,,,,
endorsement,sword-shield,shield,npc-gift,,galar-route-02,From Leon after battling Hop,0,0,1,,,,,,,
endorsement,sword-shield,sword,npc-gift,,galar-route-02,From Leon after battling Hop,0,0,1,,,,,,,
enigma-stone,heartgold-soulsilver,heartgold,event,,,Wi-Fi Mystery Gift,0,0,1,,,,,,After receiving the National Pokédex,
enigma-stone,heartgold-soulsilver,soulsilver,event,,,Wi-Fi Mystery Gift,0,0,1,,,,,,After receiving the National Pokédex,
enigmatic-card,sun-moon,moon,npc-gift,,alola-route-01,Man in front of the player's house,0,0,1,,,,,,After entering the Hall of Fame,
enigmatic-card,sun-moon,sun,npc-gift,,alola-route-01,Man in front of the player's house,0,0,1,,,,,,After entering the Hall of Fame,
entei-treat,scarlet-violet,scarlet,npc-gift,,blueberry-academy,Entrance (Snacksworth),0,0,1,,,,,,After completing 10 solo Blueberry Quests,
entei-treat,scarlet-violet,violet,npc-gift,,blueberry-academy,Entrance (Snacksworth),0,0,1,,,,,,After completing one group Blueberry Quest,
eon-flute,omega-ruby-alpha-sapphire,alpha-sapphire,npc-gift,,sootopolis-city,Steven,0,0,1,,,,,,After ending the world disaster caused by Kyogre.,
eon-flute,omega-ruby-alpha-sapphire,omega-ruby,npc-gift,,sootopolis-city,Steven,0,0,1,,,,,,After ending the world disaster caused by Groudon.,
eon-mail,crystal,crystal,event,,,Mystery Gift,1,0,1,,,,,,,
eon-mail,gold-silver,gold,event,,,Mystery Gift,1,0,1,,,,,,,
eon-mail,gold-silver,silver,event,,,Mystery Gift,1,0,1,,,,,,,
escape-rope,red-blue,red,shop,poke-mart,,Various Poké Marts,1,0,1,,,550,poke-dollar,,,
exercise-ball,scarlet-violet,scarlet,shop,specialty-shop,levincia,Picnic-Knacks (Levincia Branch),1,0,1,,,2000,poke-dollar,,,
exercise-ball,scarlet-violet,violet,shop,specialty-shop,levincia,Picnic-Knacks (Levincia Branch),1,0,1,,,2000,poke-dollar,,,
exp-candy-s,scarlet-violet,scarlet,raid,tera-raid-1star,,Tera Raid Battles (1★–3★),1,0,0,,,,,,,
exp-candy-s,sword-shield,sword,raid,max-raid,,"Max Raid Battles (1★, 2★)",1,0,0,,,,,,,
exp-candy-xl,scarlet-violet,scarlet,tera-raid,tera-raid-5star,,Tera Raid Battles,1,0,0,,,,,,,Also obtainable from 6★ and 7★ raids
exp-candy-xl,sword-shield,shield,raid,max-raid,,Max Raid Battles (5★),1,0,0,,,,,,,
exp-candy-xl,sword-shield,sword,raid,max-raid,,Max Raid Battles (5★),1,0,0,,,,,,,
exp-candy-xl,scarlet-violet,violet,tera-raid,tera-raid-5star,,Tera Raid Battles,1,0,0,,,,,,,Also obtainable from 6★ and 7★ raids
exp-charm,scarlet-violet,scarlet,achievement,,,Ogre Oustin',0,0,1,,,,,,After completing Easy difficulty for the first time,The Teal Mask
exp-charm,sword-shield,shield,npc-gift,,master-dojo,Hyde (upon entering for the first time),0,0,1,,,,,,Upon first entering the Master Dojo,
exp-charm,sword-shield,sword,npc-gift,,master-dojo,Hyde (upon entering for the first time),0,0,1,,,,,,Upon first entering the Master Dojo,
exp-charm,scarlet-violet,violet,achievement,,,Ogre Oustin',0,0,1,,,,,,After completing Easy difficulty for the first time,The Teal Mask
exp-share,red-blue,red,npc-gift,,route-15-kanto,Route 15 gate 2F from Oak's aide after obtaining 50 Pokémon,0,0,1,,,,,,After obtaining 50 Pokémon,
explorer-kit,brilliant-diamond-shining-pearl,brilliant-diamond,npc-gift,,eterna-city,Underground Man,0,0,1,,,,,,,
explorer-kit,diamond-pearl,diamond,npc-gift,,eterna-city,Underground Man,0,0,1,,,,,,,
explorer-kit,diamond-pearl,pearl,npc-gift,,eterna-city,Underground Man,0,0,1,,,,,,,
explorer-kit,platinum,platinum,npc-gift,,eterna-city,Underground Man,0,0,1,,,,,,,
explorer-kit,brilliant-diamond-shining-pearl,shining-pearl,npc-gift,,eterna-city,Underground Man,0,0,1,,,,,,,
fab-mail,emerald,emerald,trade,,,Trade with another player,1,0,1,,,,,,,
fab-mail,firered-leafgreen,firered,npc-gift,,cerulean-city,In-game trade Jynx,0,0,1,,,,,,,Held by the received Jynx.
fab-mail,firered-leafgreen,leafgreen,npc-gift,,cerulean-city,In-game trade Jynx,0,0,1,,,,,,,Held by the received Jynx.
fab-mail,ruby-sapphire,ruby,trade,,,Trade with another player,1,0,1,,,,,,,
fab-mail,ruby-sapphire,sapphire,trade,,,Trade with another player,1,0,1,,,,,,,
fairium-z--held,sun-moon,moon,npc-gift,,vast-poni-canyon,Gift from Mina,0,0,1,,,,,,,
fairium-z--held,sun-moon,sun,npc-gift,,vast-poni-canyon,Gift from Mina,0,0,1,,,,,,,
fairium-z--held,ultra-sun-ultra-moon,ultra-moon,trainer-reward,trainer,seafolk-village,Reward for completing Mina's trial,0,0,1,,,,,,,
fairium-z--held,ultra-sun-ultra-moon,ultra-sun,trainer-reward,trainer,seafolk-village,Reward for completing Mina's trial,0,0,1,,,,,,,
fairy-feather,scarlet-violet,scarlet,item-printer,,,Item Printer,1,0,0,,,,,,,
fairy-feather,scarlet-violet,scarlet,achievement,,,Ogre Oustin',0,0,1,,,,,,After completing Normal difficulty for the first time,
fairy-feather,scarlet-violet,violet,item-printer,,,Item Printer,1,0,0,,,,,,,
fairy-feather,scarlet-violet,violet,achievement,,,Ogre Oustin',0,0,1,,,,,,After completing Normal difficulty for the first time,
fairy-memory,sun-moon,moon,npc-gift,,aether-paradise,From Gladion,0,0,1,,,,,,After becoming Champion,
fairy-memory,sword-shield,shield,npc-gift,,battle-tower-galar,From a League Staff member,0,0,1,,,,,,,
fairy-memory,sun-moon,sun,npc-gift,,aether-paradise,From Gladion,0,0,1,,,,,,After becoming Champion,
fairy-memory,sword-shield,sword,npc-gift,,battle-tower-galar,From a League Staff member,0,0,1,,,,,,,
fairy-memory,ultra-sun-ultra-moon,ultra-moon,npc-gift,,ancient-poni-path,From Wicke,0,0,1,,,,,,After becoming Champion,
fairy-memory,ultra-sun-ultra-moon,ultra-sun,npc-gift,,ancient-poni-path,From Wicke,0,0,1,,,,,,After becoming Champion,
fairy-tera-shard,scarlet-violet,scarlet,tournament,,,Academy Ace Tournament,1,0,0,,,,,,,
fairy-tera-shard,scarlet-violet,scarlet,overworld,visible,west-province-area-three,Ruchbah Squad's Base,0,0,1,,,,,,,
fairy-tera-shard,scarlet-violet,scarlet,tera-raid,tera-raid-5star,,Tera Raid Battles (3★ onwards),1,0,0,,,,,,,
fairy-tera-shard,scarlet-violet,violet,tournament,,,Academy Ace Tournament,1,0,0,,,,,,,
fairy-tera-shard,scarlet-violet,violet,tera-raid,tera-raid-5star,,Tera Raid Battles (3★ onwards),1,0,0,,,,,,,
fairy-tera-shard,scarlet-violet,violet,overworld,visible,west-province-area-three,Ruchbah Squad's Base,0,0,1,,,,,,,
fame-checker,firered-leafgreen,firered,npc-gift,,cerulean-city,From Blue after defeating him,0,0,1,,,,,,After defeating Blue,
fame-checker,firered-leafgreen,leafgreen,npc-gift,,cerulean-city,From Blue after defeating him,0,0,1,,,,,,After defeating Blue,
fancy-apple,sword-shield,shield,overworld,recurring,axews-eye,,1,1,1,,,,,,,
fancy-apple,sword-shield,sword,overworld,recurring,dappled-grove,,1,1,1,,,,,,,
fashion-case,diamond-pearl,diamond,npc-gift,,jubilife-city,Gift after defeating Team Galactic,0,0,1,,,,,,After defeating Team Galactic in Jubilife City,
fashion-case,heartgold-soulsilver,heartgold,npc-gift,,goldenrod-tunnel,From Ethan/Lyra upon entering for the first time,0,0,1,,,,,,First visit to Goldenrod Tunnel,
fashion-case,diamond-pearl,pearl,npc-gift,,jubilife-city,Gift after defeating Team Galactic,0,0,1,,,,,,After defeating Team Galactic in Jubilife City,
fashion-case,platinum,platinum,npc-gift,,jubilife-city,Gift after defeating Team Galactic,0,0,1,,,,,,After defeating Team Galactic in Jubilife City,
fashion-case,heartgold-soulsilver,soulsilver,npc-gift,,goldenrod-tunnel,From Ethan/Lyra upon entering for the first time,0,0,1,,,,,,First visit to Goldenrod Tunnel,
fast-ball,gold-silver,gold,crafting,apricorn,azalea-town,White Apricorn to Kurt,1,0,1,,,,,,,
fast-ball,heartgold-soulsilver,heartgold,npc-gift,,azalea-town,Kurt,0,0,1,,,,,,,
favored-mail,black-white,black,shop,poke-mart,,Shopping Mall Nine and most Poké Marts,1,0,1,,,50,poke-dollar,,,"Unavailable in Nimbasa, Mistralton, Icirrus, and Pokémon League Poké Marts"
favored-mail,black-2-white-2,black-2,overworld,visible,unova-route-11,,0,0,1,,,,,,,
favored-mail,black-2-white-2,black-2,trainer-reward,trainer,pokestar-studios,Gift after completing a movie,1,0,1,,,,,,,
favored-mail,black-white,white,shop,poke-mart,,Shopping Mall Nine and most Poké Marts,1,0,1,,,50,poke-dollar,,,"Unavailable in Nimbasa, Mistralton, Icirrus, and Pokémon League Poké Marts"
favored-mail,black-2-white-2,white-2,trainer-reward,trainer,pokestar-studios,Gift after completing a movie,1,0,1,,,,,,,
favored-mail,black-2-white-2,white-2,overworld,visible,unova-route-11,,0,0,1,,,,,,,
festival-ticket,sun-moon,moon,npc-gift,,festival-plaza,"Festival Plaza activities (gift from Sophocles, haunted houses, daily from the Dancer by the castle's bridge, or declining a one-star offer)",1,0,1,,,,,,,Includes daily and activity-based rewards.
festival-ticket,sun-moon,sun,npc-gift,,festival-plaza,"Festival Plaza activities (gift from Sophocles, haunted houses, daily from the Dancer by the castle's bridge, or declining a one-star offer)",1,0,1,,,,,,,Includes daily and activity-based rewards.
festival-ticket,ultra-sun-ultra-moon,ultra-moon,npc-gift,,festival-plaza,"Festival Plaza activities (gift from Sophocles, haunted houses, daily from the Dancer by the castle's bridge, or declining a one-star offer)",1,0,1,,,,,,,Includes daily and activity-based rewards.
festival-ticket,ultra-sun-ultra-moon,ultra-sun,npc-gift,,festival-plaza,"Festival Plaza activities (gift from Sophocles, haunted houses, daily from the Dancer by the castle's bridge, or declining a one-star offer)",1,0,1,,,,,,,Includes daily and activity-based rewards.
fiery-pick,scarlet-violet,scarlet,npc-gift,,league-club-room,Gift from Crispin after beating him in a rematch,0,0,1,20,,,,,After unlocking the Indigo Disk and rematching Crispin,
fiery-pick,scarlet-violet,scarlet,vending-machine,,terarium,Vending machines,1,0,1,,,,,,Available in the Terarium,
fiery-pick,scarlet-violet,violet,vending-machine,,terarium,Vending machines,1,0,1,,,,,,Available in the Terarium,
fiery-pick,scarlet-violet,violet,npc-gift,,league-club-room,Gift from Crispin after beating him in a rematch,0,0,1,20,,,,,After unlocking the Indigo Disk and rematching Crispin,
fighting-gem,black-white,black,event,,,,0,0,1,,,,,,,
fighting-gem,black-white,white,overworld,recurring,,Dust cloud,1,0,0,,,,,,,
fighting-memory,sun-moon,moon,npc-gift,,aether-paradise,From Gladion,0,0,1,,,,,,After becoming Champion,
fighting-memory,sword-shield,shield,npc-gift,,battle-tower-galar,From a League Staff member,0,0,1,,,,,,,
fighting-memory,sun-moon,sun,npc-gift,,aether-paradise,From Gladion,0,0,1,,,,,,After becoming Champion,
fighting-memory,sword-shield,sword,npc-gift,,battle-tower-galar,From a League Staff member,0,0,1,,,,,,,
fighting-memory,ultra-sun-ultra-moon,ultra-moon,npc-gift,,ancient-poni-path,From Wicke,0,0,1,,,,,,After becoming Champion,
fighting-memory,ultra-sun-ultra-moon,ultra-sun,npc-gift,,ancient-poni-path,From Wicke,0,0,1,,,,,,After becoming Champion,
fighting-tera-shard,scarlet-violet,scarlet,tournament,,,Academy Ace Tournament,1,0,0,,,,,,,
fighting-tera-shard,scarlet-violet,scarlet,overworld,visible,area-zero,,0,0,1,,,,,,,
fighting-tera-shard,scarlet-violet,violet,overworld,visible,west-province-area-two,,0,0,1,,,,,,,
fighting-tera-shard,scarlet-violet,violet,tera-raid,tera-raid-5star,,Tera Raid Battles (3★ onwards),1,0,0,,,,,,,
fightinium-z--held,sun-moon,moon,trainer-reward,trainer,iki-town,Hala (Melemele Island grand trial),0,0,1,,,,,,After defeating Hala in the Melemele Island grand trial,
fightinium-z--held,sun-moon,sun,trainer-reward,trainer,iki-town,Hala (Melemele Island grand trial),0,0,1,,,,,,After defeating Hala in the Melemele Island grand trial,
fightinium-z--held,ultra-sun-ultra-moon,ultra-moon,trainer-reward,trainer,iki-town,Hala (Melemele Island grand trial),0,0,1,,,,,,After defeating Hala in the Melemele Island grand trial,
fightinium-z--held,ultra-sun-ultra-moon,ultra-sun,trainer-reward,trainer,iki-town,Hala (Melemele Island grand trial),0,0,1,,,,,,After defeating Hala in the Melemele Island grand trial,
fire-gem,black-white,black,event,,,,0,0,1,,,,,,,
fire-gem,black-white,black,overworld,sparkling,,Dust cloud,1,0,0,,,,,,,
fire-gem,black-2-white-2,black-2,npc-gift,,accumula-town,,0,0,1,,,,,,If the player chose Tepig,
fire-gem,black-2-white-2,white-2,overworld,visible,reversal-mountain,,0,0,1,,,,,,,
fire-gem,black-2-white-2,white-2,overworld,sparkling,,Dust clouds in various caves,1,0,0,,,,,,,"Includes Chargestone Cave, Mistralton Cave, Clay Tunnel, Twist Mountain, Underground Ruins, Victory Road, Wellspring Cave, Seaside Cave, Giant Chasm."
fire-memory,sun-moon,moon,npc-gift,,aether-paradise,From Gladion after becoming Champion,0,0,1,,,,,,After becoming Champion,
fire-memory,sword-shield,shield,npc-gift,,battle-tower-galar,From a League Staff member,0,0,1,,,,,,,
fire-memory,sun-moon,sun,npc-gift,,aether-paradise,From Gladion after becoming Champion,0,0,1,,,,,,After becoming Champion,
fire-memory,sword-shield,sword,npc-gift,,battle-tower-galar,From a League Staff member,0,0,1,,,,,,,
fire-memory,ultra-sun-ultra-moon,ultra-moon,npc-gift,,ancient-poni-path,From Wicke after becoming Champion,0,0,1,,,,,,After becoming Champion,
fire-memory,ultra-sun-ultra-moon,ultra-sun,npc-gift,,ancient-poni-path,From Wicke after becoming Champion,0,0,1,,,,,,After becoming Champion,
fire-pattern-cup,scarlet-violet,scarlet,shop,specialty-shop,mesagoza,Picnic-Knacks (Mesagoza Branch),1,0,1,,,800,poke-dollar,,,
fire-pattern-cup,scarlet-violet,violet,shop,specialty-shop,mesagoza,Picnic-Knacks (Mesagoza Branch),1,0,1,,,800,poke-dollar,,,
fire-tera-shard,scarlet-violet,scarlet,story,,schedar-squads-base,,0,0,1,,,,,,,
fire-tera-shard,scarlet-violet,scarlet,tournament,,,Academy Ace Tournament,1,0,0,,,,,,,
fire-tera-shard,scarlet-violet,violet,tera-raid,tera-raid-3star,,Tera Raid Battles (3★ onwards),1,0,0,,,,,,,
fire-tera-shard,scarlet-violet,violet,story,,schedar-squads-base,,0,0,1,,,,,,,
firium-z--held,sun-moon,moon,trainer-reward,trainer,wela-volcano-park,Reward for completing Kiawe's trial,0,0,1,,,,,,,
firium-z--held,sun-moon,sun,trainer-reward,trainer,wela-volcano-park,Reward for completing Kiawe's trial,0,0,1,,,,,,,
firium-z--held,ultra-sun-ultra-moon,ultra-moon,trainer-reward,trainer,wela-volcano-park,Reward for completing Kiawe's trial,0,0,1,,,,,,,
firium-z--held,ultra-sun-ultra-moon,ultra-sun,trainer-reward,trainer,wela-volcano-park,Reward for completing Kiawe's trial,0,0,1,,,,,,,
fishing-rod,sun-moon,moon,npc-gift,,brooklet-hill,From Lana for completing the trial,0,0,1,,,,,,After completing Lana's trial,
fishing-rod,sword-shield,shield,starting-item,bag,postwick,In the Bag when obtained,0,0,1,,,,,,,
fishing-rod,sun-moon,sun,npc-gift,,brooklet-hill,From Lana for completing the trial,0,0,1,,,,,,After completing Lana's trial,
fishing-rod,sword-shield,sword,starting-item,bag,postwick,In the Bag when obtained,0,0,1,,,,,,,
fishing-rod,ultra-sun-ultra-moon,ultra-moon,npc-gift,,brooklet-hill,From Lana for completing the trial,0,0,1,,,,,,After completing Lana's trial,
fishing-rod,ultra-sun-ultra-moon,ultra-sun,npc-gift,,brooklet-hill,From Lana for completing the trial,0,0,1,,,,,,After completing Lana's trial,
fist-plate,black-white,black,overworld,visible,abyssal-ruins,,0,0,1,,,,,,,
fist-plate,diamond-pearl,diamond,overworld,visible,route-215-sinnoh,,0,0,1,,,,,,,
fist-plate,heartgold-soulsilver,heartgold,npc-gift,,ss-aqua,Captain,0,0,1,,,,,,After obtaining all 16 Gym Badges,
fist-plate,scarlet-violet,scarlet,auction,,porto-marinada,,0,0,0,,,,,,If the player owns an Arceus,
flame-mail,diamond-pearl,diamond,shop,department-store,veilstone-city,Veilstone Department Store,1,0,1,,,50,poke-dollar,,,
flame-mail,heartgold-soulsilver,heartgold,shop,department-store,goldenrod-city,Goldenrod Department Store,1,0,1,,,50,poke-dollar,,,
flame-mail,heartgold-soulsilver,heartgold,shop,department-store,celadon-city,Celadon Department Store,1,0,1,,,50,poke-dollar,,,
flame-mail,diamond-pearl,pearl,shop,department-store,veilstone-city,Veilstone Department Store,1,0,1,,,50,poke-dollar,,,
flame-mail,platinum,platinum,shop,department-store,veilstone-city,Veilstone Department Store,1,0,1,,,50,poke-dollar,,,
flame-mail,heartgold-soulsilver,soulsilver,shop,department-store,goldenrod-city,Goldenrod Department Store,1,0,1,,,50,poke-dollar,,,
flame-mail,heartgold-soulsilver,soulsilver,shop,department-store,celadon-city,Celadon Department Store,1,0,1,,,50,poke-dollar,,,
flame-plate,diamond-pearl,diamond,overworld,visible,stark-mountain,,0,0,1,,,,,,,
flame-plate,heartgold-soulsilver,heartgold,npc-gift,,ss-aqua,Captain,0,0,1,,,,,,After obtaining all 16 Gym Badges,
float-stone,black-white,black,overworld,visible,opelucid-city,,0,0,1,,,,,,,
float-stone,black-white,white,overworld,visible,opelucid-city,,0,0,1,,,,,,,
flower-mail,crystal,crystal,wild-pokemon,,route-35-johto,Held by Webster's Spearow,0,0,1,,,,,,,
flower-mail,crystal,crystal,shop,poke-mart,,"Violet, Azalea, Viridian, Cerulean, Saffron, Fuchsia Poké Marts; Goldenrod Department Store",1,0,1,,,50,poke-dollar,,,
flower-mail,gold-silver,gold,shop,poke-mart,,"Violet, Azalea, Viridian, Cerulean, Saffron, Fuchsia Poké Marts; Goldenrod Department Store",1,0,1,,,50,poke-dollar,,,
flower-mail,gold-silver,gold,wild-pokemon,,route-35-johto,Held by Webster's Spearow,0,0,1,,,,,,,
flower-mail,gold-silver,silver,wild-pokemon,,route-35-johto,Held by Webster's Spearow,0,0,1,,,,,,,
flower-mail,gold-silver,silver,shop,poke-mart,,"Violet, Azalea, Viridian, Cerulean, Saffron, Fuchsia Poké Marts; Goldenrod Department Store",1,0,1,,,50,poke-dollar,,,
flower-pattern-cup,scarlet-violet,scarlet,shop,specialty-shop,mesagoza,Picnic-Knacks (Mesagoza Branch),1,0,1,,,800,poke-dollar,,,
flower-pattern-cup,scarlet-violet,violet,shop,specialty-shop,mesagoza,Picnic-Knacks (Mesagoza Branch),1,0,1,,,800,poke-dollar,,,
flower-sweet,sword-shield,shield,dropped,,,"Dropped by Gigantamax Factor Milcery (Wild Area News January 30 - February 16, 2020)",1,0,0,,,,,,,
flower-sweet,sword-shield,sword,dropped,,,"Dropped by Gigantamax Factor Milcery (Wild Area News January 30 - February 16, 2020)",1,0,0,,,,,,,
flower-sweet,the-crown-tundra,,exchange,watts,snowslide-slope,Watt Trader (Highlight Item),1,0,1,,,7980,watt,,,
flower-sweet,the-indigo-disk,,overworld,visible,coastal-biome,,0,0,1,,,,,,,
flower-sweet,the-indigo-disk,,crafting,item-printer,,Item Printer,1,0,0,,,,,,,
flower-sweet,the-isle-of-armor,,crafting,cram-o-matic,,Cram-o-matic (Fairy: 92-100 points),1,0,0,,,,,,,
fluffy-tail,ruby-sapphire,ruby,shop,poke-mart,verdanturf-town,Poké Mart,1,0,1,,,1000,poke-dollar,,,
flying-gem,black-white,black,overworld,recurring,,Dust cloud,1,0,0,,,,,,,
flying-gem,black-2-white-2,black-2,overworld,visible,mistralton-city,,0,0,1,,,,,,,
flying-gem,black-white,white,overworld,recurring,,Dust cloud,1,0,0,,,,,,,
flying-gem,black-2-white-2,white-2,overworld,visible,mistralton-city,,0,0,1,,,,,,,
flying-memory,sun-moon,moon,npc-gift,,aether-paradise,From Gladion after becoming Champion,0,0,1,,,,,,After becoming Champion,
flying-memory,sword-shield,shield,npc-gift,,battle-tower-galar,From a League Staff member,0,0,1,,,,,,,
flying-memory,sun-moon,sun,npc-gift,,aether-paradise,From Gladion after becoming Champion,0,0,1,,,,,,After becoming Champion,
flying-memory,sword-shield,sword,npc-gift,,battle-tower-galar,From a League Staff member,0,0,1,,,,,,,
flying-memory,ultra-sun-ultra-moon,ultra-moon,npc-gift,,ancient-poni-path,From Wicke after becoming Champion,0,0,1,,,,,,After becoming Champion,
flying-memory,ultra-sun-ultra-moon,ultra-sun,npc-gift,,ancient-poni-path,From Wicke after becoming Champion,0,0,1,,,,,,After becoming Champion,
flying-tera-shard,scarlet-violet,scarlet,overworld,visible,area-zero,,0,0,1,,,,,,,
flying-tera-shard,scarlet-violet,scarlet,raid,tera-raid-3star,,Tera Raid Battles,1,0,0,,,,,,3★ raids or higher,
flying-tera-shard,scarlet-violet,violet,raid,tera-raid-3star,,Tera Raid Battles,1,0,0,,,,,,3★ raids or higher,
flying-tera-shard,scarlet-violet,violet,overworld,visible,area-zero,,0,0,1,,,,,,,
flyinium-z--held,sun-moon,moon,overworld,visible,ten-carat-hill,Requires Machamp Shove,0,0,1,,,,,,,
flyinium-z--held,sun-moon,sun,overworld,visible,ten-carat-hill,Requires Machamp Shove,0,0,1,,,,,,,
flyinium-z--held,ultra-sun-ultra-moon,ultra-moon,overworld,visible,ten-carat-hill,Requires Machamp Shove,0,0,1,,,,,,,
flyinium-z--held,ultra-sun-ultra-moon,ultra-sun,overworld,visible,ten-carat-hill,Requires Machamp Shove,0,0,1,,,,,,,
forage-bag,sun-moon,moon,npc-gift,,lush-jungle,From Mallow at the beginning of the trial,0,0,1,,,,,,,
forage-bag,sun-moon,sun,npc-gift,,lush-jungle,From Mallow at the beginning of the trial,0,0,1,,,,,,,
forage-bag,ultra-sun-ultra-moon,ultra-moon,npc-gift,,lush-jungle,From Mallow at the beginning of the trial,0,0,1,,,,,,,
forage-bag,ultra-sun-ultra-moon,ultra-sun,npc-gift,,lush-jungle,From Mallow at the beginning of the trial,0,0,1,,,,,,,
fossilized-bird,sword-shield,shield,raid,max-raid,snowslide-slope,Max Raid Battles,1,0,0,,,,,,The Crown Tundra,
fossilized-bird,sword-shield,shield,npc-gift,,bridge-field,Digging Duo,1,0,0,,,,,,,
fossilized-bird,sword-shield,sword,npc-gift,,bridge-field,Digging Duo,1,0,0,,,,,,,
fossilized-bird,sword-shield,sword,overworld,visible,stow-on-side,,0,0,1,,,,,,,
fossilized-bird,sword-shield,sword,raid,max-raid,snowslide-slope,Max Raid Battles,1,0,0,,,,,,The Crown Tundra,
fossilized-bird,sword-shield,sword,overworld,hidden,dusty-bowl,Hidden recurring item,1,1,0,,,,,,,
fossilized-dino,sword-shield,sword,exchange,vendor,bridge-field,Digging Duo,1,0,0,,,,,,,
fossilized-dino,sword-shield,sword,overworld,visible,galar-route-06,,0,0,1,,,,,,,
fossilized-dino,sword-shield,sword,overworld,hidden,dusty-bowl,Hidden recurring item,1,1,0,,,,,,,
fossilized-dino,sword-shield,sword,raid,max-raid,snowslide-slope,,1,0,0,,,,,,The Crown Tundra,
fossilized-drake,sword-shield,shield,overworld,visible,stow-on-side,,0,0,1,,,,,,,
fossilized-drake,sword-shield,shield,overworld,hidden,dusty-bowl,,1,1,0,,,,,,,Hidden recurring item
fossilized-drake,sword-shield,shield,raid,max-raid,snowslide-slope,,1,0,0,,,,,,The Crown Tundra,
fossilized-drake,sword-shield,sword,raid,max-raid,snowslide-slope,,1,0,0,,,,,,The Crown Tundra,
fossilized-drake,sword-shield,sword,overworld,recurring,bridge-field,Digging Duo,1,0,0,,,,,,,
fossilized-fish,sword-shield,shield,overworld,recurring,dusty-bowl,,1,1,0,,,,,,,
fossilized-fish,sword-shield,shield,overworld,visible,galar-route-06,,0,0,1,,,,,,,
fossilized-fish,sword-shield,shield,raid,max-raid,snowslide-slope,Max Raid Battles,1,0,0,,,,,,The Crown Tundra,
fossilized-fish,sword-shield,sword,raid,max-raid,snowslide-slope,Max Raid Battles,1,0,0,,,,,,The Crown Tundra,
fossilized-fish,sword-shield,sword,exchange,vendor,bridge-field,Digging Duo,1,0,0,,,,,,,
fresh-cream,sword-shield,shield,shop,vendor,hammerlocke-hills,Ingredients Seller,1,0,1,,,950,poke-dollar,,,
fresh-cream,sword-shield,shield,shop,vendor,fields-of-honor,Ingredients Seller,1,0,1,,,950,poke-dollar,,,The Isle of Armor
fresh-cream,sword-shield,shield,npc-gift,,,Possible gift after cooking curry,1,0,0,,,,,,After cooking curry,
fresh-cream,sword-shield,sword,shop,vendor,rolling-fields,Ingredients Seller,1,0,1,,,950,poke-dollar,,,
fresh-cream,sword-shield,sword,shop,vendor,fields-of-honor,Ingredients Seller,1,0,1,,,950,poke-dollar,,,The Isle of Armor
fresh-cream,sword-shield,sword,npc-gift,,,Possible gift after cooking curry,1,0,0,,,,,,After cooking curry,
fresh-start-mochi,scarlet-violet,scarlet,tournament,,,Ogre Oustin',1,0,0,,,,,,Available in The Teal Mask,
fresh-start-mochi,scarlet-violet,violet,tournament,,,Ogre Oustin',1,0,0,,,,,,Available in The Teal Mask,
fried-fillet,scarlet-violet,scarlet,overworld,visible,west-province-area-two,,0,0,1,,,,,,,
fried-fillet,scarlet-violet,scarlet,shop,vendor,,Deli Cioso,1,0,1,,,360,poke-dollar,,After earning 4 Gym Badges,
fried-fillet,scarlet-violet,scarlet,auction,,porto-marinada,,1,0,0,,,,,,,
fried-fillet,the-indigo-disk,,vending-machine,,terarium,Vending machines,1,0,1,,,,,,,
fried-fillet,scarlet-violet,violet,auction,,porto-marinada,,1,0,0,,,,,,,
fried-fillet,scarlet-violet,violet,shop,vendor,,Deli Cioso,1,0,1,,,360,poke-dollar,,After earning 4 Gym Badges,
fried-fillet,scarlet-violet,violet,overworld,visible,west-province-area-two,,0,0,1,,,,,,,
fried-food,sword-shield,shield,event,,,Gift after cooking curry,1,0,0,,,,,,,
fried-food,sword-shield,shield,exchange,,,Gift from other players,1,0,0,,,,,,,
fried-food,sword-shield,shield,shop,vendor,rolling-fields,Ingredients Seller,1,0,1,,,150,poke-dollar,,,
fried-food,sword-shield,sword,shop,vendor,rolling-fields,Ingredients Seller,1,0,1,,,150,poke-dollar,,,
fried-food,sword-shield,sword,event,,,Gift after cooking curry,1,0,0,,,,,,,
fried-food,sword-shield,sword,exchange,,,Gift from other players,1,0,0,,,,,,,
fruit-bunch,sword-shield,shield,shop,vendor,fields-of-honor,Ingredients Seller,1,0,1,,,2200,poke-dollar,,,
fruit-bunch,sword-shield,shield,shop,vendor,hammerlocke-hills,Ingredients Seller,1,0,1,,,2200,poke-dollar,,,
fruit-bunch,sword-shield,shield,vending-machine,,master-dojo,Refrigerator,1,0,1,,,100000,watt,,"After donating 100,000 Watts to the Master Dojo",
fruit-bunch,sword-shield,sword,shop,vendor,hammerlocke-hills,Ingredients Seller,1,0,1,,,2200,poke-dollar,,,
fruit-bunch,sword-shield,sword,shop,vendor,fields-of-honor,Ingredients Seller,1,0,1,,,2200,poke-dollar,,,
fruit-bunch,sword-shield,sword,vending-machine,,master-dojo,Refrigerator,1,0,1,,,100000,watt,,"After donating 100,000 Watts to the Master Dojo",
full-incense,diamond-pearl,diamond,overworld,visible,veilstone-city,,0,0,1,,,,,,,
full-incense,diamond-pearl,pearl,overworld,visible,veilstone-city,,0,0,1,,,,,,,
full-incense,platinum,platinum,overworld,visible,veilstone-city,,0,0,1,,,,,,,
galactic-key,brilliant-diamond-shining-pearl,brilliant-diamond,overworld,visible,galactic-warehouse,,0,0,1,,,,,,,
galactic-key,diamond-pearl,diamond,overworld,visible,galactic-warehouse,,0,0,1,,,,,,,
galactic-key,diamond-pearl,pearl,overworld,visible,galactic-warehouse,,0,0,1,,,,,,,
galactic-key,platinum,platinum,overworld,visible,galactic-warehouse,,0,0,1,,,,,,,
galactic-key,brilliant-diamond-shining-pearl,shining-pearl,overworld,visible,galactic-warehouse,,0,0,1,,,,,,,
galactic-key,ultra-sun-ultra-moon,ultra-moon,npc-gift,,team-rockets-castle,From Cyrus after defeating him,0,0,1,,,,,,During Episode RR,
galactic-key,ultra-sun-ultra-moon,ultra-sun,npc-gift,,team-rockets-castle,From Cyrus after defeating him,0,0,1,,,,,,During Episode RR,
galarica-cuff,scarlet-violet,scarlet,exchange,,coastal-plaza,Girl near the vending machines,1,0,1,,,8,,,Exchange eight Galarica Twigs,The Indigo Disk
galarica-cuff,sword-shield,shield,exchange,,workout-sea,Woman on a small island,1,0,1,,,8,,,Exchange eight Galarica Twigs,The Isle of Armor
galarica-cuff,sword-shield,sword,exchange,,workout-sea,Woman on a small island,1,0,1,,,8,,,Exchange eight Galarica Twigs,The Isle of Armor
galarica-cuff,scarlet-violet,violet,exchange,,coastal-plaza,Girl near the vending machines,1,0,1,,,8,,,Exchange eight Galarica Twigs,The Indigo Disk
galarica-twig,scarlet-violet,scarlet,overworld,sparkling,coastal-biome,,1,0,1,,,,,,The Indigo Disk,
galarica-twig,sword-shield,shield,overworld,recurring,,Fields of Honor; Soothing Wetlands; Loop Lagoon; Workout Sea; Stepping-Stone Sea; Insular Sea,1,1,1,,,,,,Isle of Armor,
galarica-twig,sword-shield,shield,overworld,recurring,,Roaring-Sea Caves; Ballimere Lake,1,1,1,,,,,,The Crown Tundra,
galarica-twig,sword-shield,shield,shop,watt-trader,snowslide-slope,Watt Trader (Highlight Item),1,0,1,,,1980,watt,,The Crown Tundra,
galarica-twig,sword-shield,sword,overworld,recurring,,Roaring-Sea Caves; Ballimere Lake,1,1,1,,,,,,The Crown Tundra,
galarica-twig,sword-shield,sword,overworld,recurring,,Fields of Honor; Soothing Wetlands; Loop Lagoon; Workout Sea; Stepping-Stone Sea; Insular Sea,1,1,1,,,,,,Isle of Armor,
galarica-twig,sword-shield,sword,shop,watt-trader,snowslide-slope,Watt Trader (Highlight Item),1,0,1,,,1980,watt,,The Crown Tundra,
galarica-twig,scarlet-violet,violet,overworld,sparkling,coastal-biome,,1,0,1,,,,,,The Indigo Disk,
galarica-wreath,scarlet-violet,scarlet,exchange,,coastal-plaza,Girl near the vending machines,1,0,1,,,15,,,The Indigo Disk,Exchange for Galarica Twigs
galarica-wreath,sword-shield,shield,event,,,Crown Tournament distribution,0,0,1,,,,,,,
galarica-wreath,sword-shield,shield,exchange,,roaring-sea-caves,Woman in the cavern,1,0,1,,,15,,,The Crown Tundra,Exchange for Galarica Twigs
galarica-wreath,sword-shield,sword,exchange,,roaring-sea-caves,Woman in the cavern,1,0,1,,,15,,,The Crown Tundra,Exchange for Galarica Twigs
galarica-wreath,sword-shield,sword,event,,,Crown Tournament distribution,0,0,1,,,,,,,
galarica-wreath,scarlet-violet,violet,exchange,,coastal-plaza,Girl near the vending machines,1,0,1,,,15,,,The Indigo Disk,Exchange for Galarica Twigs
galladite,omega-ruby-alpha-sapphire,alpha-sapphire,npc-gift,,fallarbor-town,Given by Professor Cozmo after the Delta Episode,0,0,1,,,,,,After completing the Delta Episode,
galladite,sun-moon,moon,event,,,,0,0,1,,,,,,,
galladite,omega-ruby-alpha-sapphire,omega-ruby,npc-gift,,fallarbor-town,Given by Professor Cozmo after the Delta Episode,0,0,1,,,,,,After completing the Delta Episode,
galladite,sun-moon,sun,event,,,,0,0,1,,,,,,,
galladite,ultra-sun-ultra-moon,ultra-moon,exchange,,battle-tree,,1,0,1,,,64,battle-point,,,
galladite,ultra-sun-ultra-moon,ultra-sun,exchange,,battle-tree,,1,0,1,,,64,battle-point,,,
ganlon-berry,ruby-sapphire,ruby,event,,,,0,0,1,,,,,,,
ganlon-berry,sword-shield,sword,berry-tree,,galar-route-07,,1,0,0,,,,,,,
garchompite,omega-ruby-alpha-sapphire,alpha-sapphire,npc-gift,,fortree-city,From Aarune after reaching Platinum rank Secret Base,0,0,1,,,,,,,
garchompite,sun-moon,moon,exchange,,battle-tree,,1,0,1,,,64,battle-point,,,
garchompite,omega-ruby-alpha-sapphire,omega-ruby,npc-gift,,fortree-city,From Aarune after reaching Platinum rank Secret Base,0,0,1,,,,,,,
garchompite,sun-moon,sun,exchange,,battle-tree,,1,0,1,,,64,battle-point,,,
garchompite,ultra-sun-ultra-moon,ultra-moon,exchange,,battle-tree,,1,0,1,,,64,battle-point,,,
garchompite,ultra-sun-ultra-moon,ultra-sun,exchange,,battle-tree,,1,0,1,,,64,battle-point,,,
garchompite,x-y,x,overworld,visible,victory-road-kalos,Requires upgraded Mega Ring,0,0,1,,,,,,,
garchompite,x-y,y,overworld,visible,victory-road-kalos,Requires upgraded Mega Ring,0,0,1,,,,,,,
gardevoirite,omega-ruby-alpha-sapphire,alpha-sapphire,story,,verdanturf-town,,0,0,1,,,,,,After defeating or capturing Kyogre,
gardevoirite,omega-ruby-alpha-sapphire,omega-ruby,story,,verdanturf-town,,0,0,1,,,,,,After defeating or capturing Groudon,
gardevoirite,ultra-sun-ultra-moon,ultra-moon,exchange,,battle-tree,,1,0,1,,,64,battle-point,,,
gardevoirite,ultra-sun-ultra-moon,ultra-sun,exchange,,battle-tree,,1,0,1,,,64,battle-point,,,
gardevoirite,x-y,x,npc-gift,,lumiose-city,"Café Soleil, held by Diantha's traded Ralts",0,0,1,,,,,,,
gardevoirite,x-y,y,npc-gift,,lumiose-city,"Café Soleil, held by Diantha's traded Ralts",0,0,1,,,,,,,
gb-sounds,heartgold-soulsilver,heartgold,npc-gift,,celadon-city,"Celadon Condominiums 3F, from Game Freak sound designer",0,0,1,,,,,,After obtaining all 16 Badges,
gb-sounds,heartgold-soulsilver,soulsilver,npc-gift,,celadon-city,"Celadon Condominiums 3F, from Game Freak sound designer",0,0,1,,,,,,After obtaining all 16 Badges,
gengarite,lets-go-pikachu-lets-go-eevee,lets-go-pikachu,overworld,visible,indigo-plateau,,0,0,1,,,,,,,
gengarite,omega-ruby-alpha-sapphire,omega-ruby,overworld,visible,battle-resort,,0,0,1,,,,,,,
gengarite,sun-moon,sun,exchange,,battle-tree,,1,0,1,,,64,battle-point,,,
gengarite,x-y,x,npc-gift,,laverre-city,Hex Maniac,0,0,1,,,,,,"Must have seen Gastly, Haunter, or Gengar in the Pokédex",
genius-mochi,scarlet-violet,scarlet,contest,,,Ogre Oustin',1,0,1,,,,,,,
genius-mochi,scarlet-violet,violet,contest,,,Ogre Oustin',1,0,1,,,,,,,
genome-slate,brilliant-diamond-shining-pearl,brilliant-diamond,exchange,,ramanas-park,,1,0,1,,,,,,"After catching Raikou, Entei, and Suicune",Costs 3 Mysterious Shards S or 1 Mysterious Shard L
genome-slate,brilliant-diamond-shining-pearl,shining-pearl,exchange,,ramanas-park,,1,0,1,,,,,,"After catching Articuno, Zapdos, and Moltres",Costs 3 Mysterious Shards S or 1 Mysterious Shard L
gentle-mint,brilliant-diamond-shining-pearl,brilliant-diamond,exchange,,,Battle Park,1,0,1,,,50,battle-point,,,
gentle-mint,scarlet-violet,scarlet,tournament,,,Academy Ace Tournament,1,0,0,,,,,,,
gentle-mint,scarlet-violet,scarlet,overworld,visible,area-zero,South Province (Area Three),0,0,1,,,,,,,
gentle-mint,scarlet-violet,scarlet,tera-raid,tera-raid-5star,,,1,0,0,,,,,,,
gentle-mint,scarlet-violet,scarlet,shop,specialty-shop,,Chansey Supply,1,0,1,,,20000,poke-dollar,,After earning 6 Gym Badges,
gentle-mint,sword-shield,shield,exchange,,,Battle Tower,1,0,1,,,50,battle-point,,,
gentle-mint,brilliant-diamond-shining-pearl,shining-pearl,exchange,,,Battle Park,1,0,1,,,50,battle-point,,,
gentle-mint,sword-shield,sword,exchange,,,Battle Tower,1,0,1,,,50,battle-point,,,
gentle-mint,the-crown-tundra,,overworld,recurring,giants-bed,,1,1,1,,,,,,,
gentle-mint,the-indigo-disk,,overworld,visible,savanna-biome,,0,0,1,,,,,,,
gentle-mint,the-isle-of-armor,,overworld,recurring,soothing-wetlands,,1,1,1,,,,,,,
gentle-mint,the-teal-mask,,contest,,,Ogre Oustin',1,0,0,,,,,,,
gentle-mint,scarlet-violet,violet,shop,specialty-shop,,Chansey Supply,1,0,1,,,20000,poke-dollar,,After earning 6 Gym Badges,
gentle-mint,scarlet-violet,violet,tournament,,,Academy Ace Tournament,1,0,0,,,,,,,
gentle-mint,scarlet-violet,violet,overworld,visible,area-zero,South Province (Area Three),0,0,1,,,,,,,
gentle-mint,scarlet-violet,violet,tera-raid,tera-raid-5star,,,1,0,0,,,,,,,
ghost-gem,black-white,black,event,,,,0,0,1,,,,,,,
ghost-gem,black-2-white-2,black-2,overworld,visible,celestial-tower,,0,0,1,,,,,,,
ghost-gem,black-white,white,overworld,sparkling,,Dust cloud,1,0,0,,,,,,,
ghost-gem,black-2-white-2,white-2,overworld,sparkling,,Dust cloud in various caves,1,0,0,,,,,,,"Chargestone Cave, Mistralton Cave, Clay Tunnel, Twist Mountain, Underground Ruins, Victory Road, Wellspring Cave, Seaside Cave, Giant Chasm."
ghost-memory,sun-moon,moon,npc-gift,,aether-paradise,Gladion,0,0,1,,,,,,After becoming Champion,
ghost-memory,sword-shield,shield,npc-gift,,battle-tower-galar,League Staff member,0,0,1,,,,,,,
ghost-memory,sun-moon,sun,npc-gift,,aether-paradise,Gladion,0,0,1,,,,,,After becoming Champion,
ghost-memory,sword-shield,sword,npc-gift,,battle-tower-galar,League Staff member,0,0,1,,,,,,,
ghost-memory,ultra-sun-ultra-moon,ultra-moon,npc-gift,,ancient-poni-path,Wicke,0,0,1,,,,,,After becoming Champion,
ghost-memory,ultra-sun-ultra-moon,ultra-sun,npc-gift,,ancient-poni-path,Wicke,0,0,1,,,,,,After becoming Champion,
ghost-tera-shard,scarlet-violet,scarlet,tournament,,,Academy Ace Tournament,1,0,0,,,,,,,
ghost-tera-shard,scarlet-violet,scarlet,overworld,visible,area-zero,,0,0,1,,,,,,,
ghost-tera-shard,scarlet-violet,scarlet,tournament,,,Ogre Oustin',1,0,0,,,,,,The Teal Mask,
ghost-tera-shard,scarlet-violet,violet,tera-raid,,,Tera Raid Battles (3★ onwards),1,0,0,,,,,,,
ghost-tera-shard,scarlet-violet,violet,overworld,visible,glaseado-mountain,,0,0,1,,,,,,,
ghost-tera-shard,scarlet-violet,violet,item-printer,item-printer,,Blueberry Academy,1,0,0,,,,,,The Indigo Disk,
ghostium-z--held,sun-moon,moon,story,,alola-route-14,Reward for completing Acerola's trial,0,0,1,,,,,,,
ghostium-z--held,sun-moon,sun,story,,alola-route-14,Reward for completing Acerola's trial,0,0,1,,,,,,,
ghostium-z--held,ultra-sun-ultra-moon,ultra-moon,story,,alola-route-14,Reward for completing Acerola's trial,0,0,1,,,,,,,
ghostium-z--held,ultra-sun-ultra-moon,ultra-sun,story,,alola-route-14,Reward for completing Acerola's trial,0,0,1,,,,,,,
gigantamix,sword-shield,shield,raid,max-raid,,Max Raid Battles (all levels),1,0,0,,,,,,,
gigantamix,sword-shield,shield,exchange,watts,snowslide-slope,Watt Trader (Highlight Item),1,0,1,,,2480,watt,,The Crown Tundra,
gigantamix,sword-shield,sword,raid,max-raid,,Max Raid Battles (all levels),1,0,0,,,,,,,
gigantamix,sword-shield,sword,exchange,watts,snowslide-slope,Watt Trader (Highlight Item),1,0,1,,,2480,watt,,The Crown Tundra,
glalitite,omega-ruby-alpha-sapphire,alpha-sapphire,overworld,visible,shoal-cave,,0,0,1,,,,,,,
glalitite,sun-moon,moon,exchange,,battle-tree,,1,0,1,,,64,battle-point,,,
glalitite,omega-ruby-alpha-sapphire,omega-ruby,overworld,visible,shoal-cave,,0,0,1,,,,,,,
glalitite,sun-moon,sun,exchange,,battle-tree,,1,0,1,,,64,battle-point,,,
glalitite,ultra-sun-ultra-moon,ultra-moon,exchange,,battle-tree,,1,0,1,,,64,battle-point,,,
glalitite,ultra-sun-ultra-moon,ultra-sun,exchange,,battle-tree,,1,0,1,,,64,battle-point,,,
glastrier-treat,scarlet-violet,scarlet,npc-gift,,blueberry-academy,Blueberry Academy entrance (from Snacksworth),0,0,1,,,,,,After completing 10 solo Blueberry Quests,
glastrier-treat,scarlet-violet,violet,npc-gift,,blueberry-academy,Blueberry Academy entrance (from Snacksworth),0,0,1,,,,,,After completing one group Blueberry Quest,
glimmering-charm,scarlet-violet,scarlet,npc-gift,,revelers-road,From Jacq,0,0,1,,,,,,After obtaining all Pokémon in the Kitakami Pokédex,Available in The Teal Mask.
glimmering-charm,scarlet-violet,violet,npc-gift,,revelers-road,From Jacq,0,0,1,,,,,,After obtaining all Pokémon in the Kitakami Pokédex,Available in The Teal Mask.
glitter-mail,emerald,emerald,npc-gift,,lilycove-city,Quiz Lady,0,0,1,,,,,,,
glitter-mail,firered-leafgreen,firered,exchange,,,Trade,1,0,1,,,,,,,
glitter-mail,firered-leafgreen,leafgreen,exchange,,,Trade,1,0,1,,,,,,,
glitter-mail,ruby-sapphire,ruby,story,,trick-house,Trick House reward,0,0,1,,,,,,,
glitter-mail,ruby-sapphire,sapphire,wild-pokemon,,fortree-city,Held by in-game trade Skitty,0,0,1,,,,,,,
go-goggles,omega-ruby-alpha-sapphire,alpha-sapphire,npc-gift,,lavaridge-town,From May or Brendan,0,0,1,,,,,heat-badge,After obtaining the Heat Badge,
go-goggles,emerald,emerald,npc-gift,,lavaridge-town,From May or Brendan,0,0,1,,,,,heat-badge,After obtaining the Heat Badge,
go-goggles,omega-ruby-alpha-sapphire,omega-ruby,npc-gift,,lavaridge-town,From May or Brendan,0,0,1,,,,,heat-badge,After obtaining the Heat Badge,
go-goggles,ruby-sapphire,ruby,npc-gift,,lavaridge-town,From May or Brendan,0,0,1,,,,,heat-badge,After obtaining the Heat Badge,
go-goggles,ruby-sapphire,sapphire,npc-gift,,lavaridge-town,From May or Brendan,0,0,1,,,,,heat-badge,After obtaining the Heat Badge,
gold-berry,crystal,crystal,overworld,visible,ruins-of-alph,,0,0,1,,,,,,,
gold-berry,crystal,crystal,contest,,national-park,Bug-Catching Contest third prize,1,0,0,,,,,,,
gold-berry,gold-silver,gold,overworld,visible,ruins-of-alph,,0,0,1,,,,,,,
gold-berry,gold-silver,gold,event,,,Mystery Gift,1,0,0,,,,,,,
gold-berry,gold-silver,gold,contest,,national-park,Bug-Catching Contest third prize,1,0,0,,,,,,,
gold-berry,gold-silver,silver,overworld,visible,ruins-of-alph,,0,0,1,,,,,,,
gold-berry,gold-silver,silver,contest,,national-park,Bug-Catching Contest third prize,1,0,0,,,,,,,
gold-bottle,scarlet-violet,scarlet,shop,specialty-shop,levincia,Picnic-Knacks (Levincia Branch),1,0,1,,,30000,poke-dollar,,,
gold-bottle,scarlet-violet,violet,shop,specialty-shop,levincia,Picnic-Knacks (Levincia Branch),1,0,1,,,30000,poke-dollar,,,
gold-cup,scarlet-violet,scarlet,shop,specialty-shop,levincia,Picnic-Knacks (Levincia Branch),1,0,1,,,15000,poke-dollar,,,
gold-cup,scarlet-violet,violet,shop,specialty-shop,levincia,Picnic-Knacks (Levincia Branch),1,0,1,,,15000,poke-dollar,,,
gold-leaf,crystal,crystal,wild-pokemon,,,Held by various Generation I Pokémon,1,0,0,,,,,,,
gold-leaf,gold-silver,gold,wild-pokemon,,,Held by various Generation I Pokémon,1,0,0,,,,,,,
gold-leaf,lets-go-pikachu-lets-go-eevee,lets-go-eevee,npc-gift,,,Gift from Partner Eevee,1,0,1,,,,,,,
gold-leaf,lets-go-pikachu-lets-go-eevee,lets-go-pikachu,npc-gift,,,Gift from Partner Pikachu,1,0,1,,,,,,,
gold-leaf,gold-silver,silver,wild-pokemon,,,Held by various Generation I Pokémon,1,0,0,,,,,,,
gold-pick,scarlet-violet,scarlet,shop,specialty-shop,,Artisan Bakery,1,0,1,,,400,poke-dollar,,,
gold-pick,scarlet-violet,violet,shop,specialty-shop,,Artisan Bakery,1,0,1,,,400,poke-dollar,,,
gold-teeth,red-blue,blue,overworld,visible,safari-zone-kanto-area-3,,0,0,1,,,,,,,
gold-teeth,firered-leafgreen,firered,overworld,visible,safari-zone-kanto-area-3,,0,0,1,,,,,,,
gold-teeth,firered-leafgreen,leafgreen,overworld,visible,safari-zone-kanto-area-3,,0,0,1,,,,,,,
gold-teeth,lets-go-pikachu-lets-go-eevee,lets-go-eevee,npc-gift,,route-19-kanto,Jessie,0,0,1,,,,,,,
gold-teeth,lets-go-pikachu-lets-go-eevee,lets-go-pikachu,npc-gift,,route-19-kanto,Jessie,0,0,1,,,,,,,
gold-teeth,red-blue,red,overworld,visible,safari-zone-kanto-area-3,,0,0,1,,,,,,,
gold-teeth,yellow,yellow,overworld,visible,safari-zone-kanto-area-3,,0,0,1,,,,,,,
golden-nanab-berry,lets-go-pikachu-lets-go-eevee,lets-go-eevee,walking-pokemon,,route-14-kanto,,1,0,0,,,,,,,
golden-nanab-berry,lets-go-pikachu-lets-go-eevee,lets-go-eevee,overworld,recurring,route-15-kanto,Hidden recurring item,1,1,1,,,,,,,
golden-nanab-berry,lets-go-pikachu-lets-go-eevee,lets-go-eevee,overworld,recurring,cerulean-cave,Hidden recurring item,1,1,1,,,,,,,
golden-nanab-berry,lets-go-pikachu-lets-go-eevee,lets-go-eevee,walking-pokemon,,route-07-kanto,,1,0,0,,,,,,,
golden-nanab-berry,lets-go-pikachu-lets-go-eevee,lets-go-eevee,walking-pokemon,,route-17-kanto,,1,0,0,,,,,,,
golden-nanab-berry,lets-go-pikachu-lets-go-eevee,lets-go-eevee,achievement,,,Capture reward,1,0,0,,,,,,,
golden-nanab-berry,lets-go-pikachu-lets-go-eevee,lets-go-pikachu,walking-pokemon,,route-07-kanto,,1,0,0,,,,,,,
golden-nanab-berry,lets-go-pikachu-lets-go-eevee,lets-go-pikachu,walking-pokemon,,route-17-kanto,,1,0,0,,,,,,,
golden-nanab-berry,lets-go-pikachu-lets-go-eevee,lets-go-pikachu,overworld,recurring,cerulean-cave,Hidden recurring item,1,1,1,,,,,,,
golden-nanab-berry,lets-go-pikachu-lets-go-eevee,lets-go-pikachu,walking-pokemon,,route-14-kanto,,1,0,0,,,,,,,
golden-nanab-berry,lets-go-pikachu-lets-go-eevee,lets-go-pikachu,achievement,,,Capture reward,1,0,0,,,,,,,
golden-nanab-berry,lets-go-pikachu-lets-go-eevee,lets-go-pikachu,overworld,recurring,route-15-kanto,Hidden recurring item,1,1,1,,,,,,,
golden-pinap-berry,lets-go-pikachu-lets-go-eevee,lets-go-eevee,walking-pokemon,,route-17-kanto,,1,0,0,,,,,,,
golden-pinap-berry,lets-go-pikachu-lets-go-eevee,lets-go-eevee,achievement,,,Capture reward,1,0,0,,,,,,,
golden-pinap-berry,lets-go-pikachu-lets-go-eevee,lets-go-eevee,overworld,recurring,route-13-kanto,Hidden recurring item,1,1,1,,,,,,,
golden-pinap-berry,lets-go-pikachu-lets-go-eevee,lets-go-eevee,overworld,recurring,cerulean-cave,Hidden recurring item,1,1,1,,,,,,,
golden-pinap-berry,lets-go-pikachu-lets-go-eevee,lets-go-eevee,walking-pokemon,,route-08-kanto,,1,0,0,,,,,,,
golden-pinap-berry,lets-go-pikachu-lets-go-eevee,lets-go-eevee,walking-pokemon,,route-15-kanto,,1,0,0,,,,,,,
golden-pinap-berry,lets-go-pikachu-lets-go-eevee,lets-go-pikachu,walking-pokemon,,route-15-kanto,,1,0,0,,,,,,,
golden-pinap-berry,lets-go-pikachu-lets-go-eevee,lets-go-pikachu,achievement,,,Capture reward,1,0,0,,,,,,,
golden-pinap-berry,lets-go-pikachu-lets-go-eevee,lets-go-pikachu,overworld,recurring,cerulean-cave,Hidden recurring item,1,1,1,,,,,,,
golden-pinap-berry,lets-go-pikachu-lets-go-eevee,lets-go-pikachu,walking-pokemon,,route-17-kanto,,1,0,0,,,,,,,
golden-pinap-berry,lets-go-pikachu-lets-go-eevee,lets-go-pikachu,walking-pokemon,,route-08-kanto,,1,0,0,,,,,,,
golden-pinap-berry,lets-go-pikachu-lets-go-eevee,lets-go-pikachu,overworld,recurring,route-13-kanto,Hidden recurring item,1,1,1,,,,,,,
golden-razz-berry,lets-go-pikachu-lets-go-eevee,lets-go-eevee,overworld,recurring,cerulean-cave,Hidden item,1,1,1,,,,,,,
golden-razz-berry,lets-go-pikachu-lets-go-eevee,lets-go-pikachu,walking-pokemon,,route-11-kanto,,1,0,1,,,,,,,
golden-razz-berry,lets-go-pikachu-lets-go-eevee,lets-go-pikachu,walking-pokemon,,route-18-kanto,,1,0,1,,,,,,,
golden-razz-berry,lets-go-pikachu-lets-go-eevee,lets-go-pikachu,walking-pokemon,,route-24-kanto,,1,0,1,,,,,,,
golden-razz-berry,lets-go-pikachu-lets-go-eevee,lets-go-pikachu,achievement,,,Capture reward,1,0,1,,,,,,,
golden-razz-berry,lets-go-pikachu-lets-go-eevee,lets-go-pikachu,overworld,recurring,route-14-kanto,Hidden item,1,1,1,,,,,,,
good-rod,brilliant-diamond-shining-pearl,brilliant-diamond,npc-gift,,route-209-sinnoh,Fisher near the Hearthome City gate,0,0,1,,,,,,,
good-rod,diamond-pearl,diamond,npc-gift,,route-209-sinnoh,Fisherman near the Hearthome City gate,0,0,1,,,,,,,
good-rod,gold-silver,gold,npc-gift,,olivine-city,Fisherman north of the Pokémon Center,0,0,1,,,,,,,
good-rod,red-blue,red,npc-gift,,fuchsia-city,Fuchsia City Fishing Guru,0,0,1,,,,,,,
good-rod,ruby-sapphire,ruby,npc-gift,,hoenn-route-118,Fisherman on the eastern shore,0,0,1,,,,,,,
good-rod,x-y,x,npc-gift,,coumarine-city,Fisherman at the marina,0,0,1,,,,,,,
gooey-mulch,diamond-pearl,diamond,npc-gift,,route-208-sinnoh,Berry Master's house,1,0,1,,,,,,,
gooey-mulch,heartgold-soulsilver,heartgold,shop,specialty-shop,goldenrod-city,Goldenrod Flower Shop,1,0,1,,,200,poke-dollar,,After acquiring the Berry Pots,
gooey-mulch,diamond-pearl,pearl,npc-gift,,route-208-sinnoh,Berry Master's house,1,0,1,,,,,,,
gooey-mulch,platinum,platinum,npc-gift,,route-208-sinnoh,Berry Master's house,1,0,1,,,,,,,
gooey-mulch,heartgold-soulsilver,soulsilver,shop,specialty-shop,goldenrod-city,Goldenrod Flower Shop,1,0,1,,,200,poke-dollar,,After acquiring the Berry Pots,
gorgeous-box,crystal,crystal,transfer,,,Held by Pokémon won in Round 2 of Pokémon Stadium when traded,1,0,0,,,,,,Win Round 2 in Pokémon Stadium and trade,
gorgeous-box,crystal,crystal,transfer,,,Held by Amnesia Psyduck from Pokémon Stadium when traded,0,0,1,,,,,,Trade from Pokémon Stadium,
gorgeous-box,gold-silver,gold,transfer,,,Held by Amnesia Psyduck from Pokémon Stadium when traded,0,0,1,,,,,,Trade from Pokémon Stadium,
gorgeous-box,gold-silver,gold,transfer,,,Held by Pokémon won in Round 2 of Pokémon Stadium when traded,1,0,0,,,,,,Win Round 2 in Pokémon Stadium and trade,
gorgeous-box,gold-silver,silver,transfer,,,Held by Pokémon won in Round 2 of Pokémon Stadium when traded,1,0,0,,,,,,Win Round 2 in Pokémon Stadium and trade,
gorgeous-box,gold-silver,silver,transfer,,,Held by Amnesia Psyduck from Pokémon Stadium when traded,0,0,1,,,,,,Trade from Pokémon Stadium,
gracidea,heartgold-soulsilver,heartgold,npc-gift,,goldenrod-city,Goldenrod Flower Shop,0,0,1,,,,,,Show a fateful encounter Shaymin,
gracidea,platinum,platinum,npc-gift,,floaroma-town,,0,0,1,,,,,,Show a fateful encounter Shaymin,
gracidea,scarlet-violet,scarlet,auction,,porto-marinada,,1,0,0,,,,,,If the player owns a Shaymin,
gracidea,heartgold-soulsilver,soulsilver,npc-gift,,goldenrod-city,Goldenrod Flower Shop,0,0,1,,,,,,Show a fateful encounter Shaymin,
gracidea,scarlet-violet,violet,auction,,porto-marinada,,1,0,0,,,,,,If the player owns a Shaymin,
gram-1,black-white,black,npc-gift,,unova-route-13,Old man northeast of Fisherman Jones,0,0,1,,,,,,,
gram-2,black-white,black,overworld,visible,unova-route-13,Cliff south of Artist Zach,0,0,1,,,,,,,
gram-3,black-white,black,npc-gift,,unova-route-13,Parasol Lady south of Parasol Lady Laura,0,0,1,,,,,,,
grass-gem,black-white,black,overworld,recurring,,Dust cloud,1,0,0,,,,,,,
grass-gem,black-2-white-2,black-2,overworld,recurring,,Dust cloud in various caves,1,0,0,,,,,,,"Chargestone Cave, Mistralton Cave, Clay Tunnel, Twist Mountain, Underground Ruins, Victory Road, Wellspring Cave, Seaside Cave, Giant Chasm"
grass-gem,black-2-white-2,black-2,overworld,visible,lostlorn-forest,,0,0,1,,,,,,,
grass-gem,black-white,white,overworld,recurring,,Dust cloud,1,0,0,,,,,,,
grass-gem,black-2-white-2,white-2,overworld,visible,accumula-town,If the player chose Snivy,0,0,1,,,,,,If the player chose Snivy,
grass-gem,black-2-white-2,white-2,overworld,recurring,,Dust cloud in various caves,1,0,0,,,,,,,"Chargestone Cave, Mistralton Cave, Clay Tunnel, Twist Mountain, Underground Ruins, Victory Road, Wellspring Cave, Seaside Cave, Giant Chasm"
grass-mail,diamond-pearl,diamond,shop,department-store,veilstone-city,Veilstone Department Store,1,0,1,,,50,poke-dollar,,,
grass-mail,heartgold-soulsilver,heartgold,wild-pokemon,,route-35-johto,Held by Webster's Spearow,0,0,1,,,,,,,
grass-mail,heartgold-soulsilver,heartgold,shop,department-store,goldenrod-city,Goldenrod Department Store,1,0,1,,,50,poke-dollar,,,
grass-mail,diamond-pearl,pearl,shop,department-store,veilstone-city,Veilstone Department Store,1,0,1,,,50,poke-dollar,,,
grass-mail,platinum,platinum,shop,department-store,veilstone-city,Veilstone Department Store,1,0,1,,,50,poke-dollar,,,
grass-mail,heartgold-soulsilver,soulsilver,shop,department-store,goldenrod-city,Goldenrod Department Store,1,0,1,,,50,poke-dollar,,,
grass-mail,heartgold-soulsilver,soulsilver,wild-pokemon,,route-35-johto,Held by Webster's Spearow,0,0,1,,,,,,,
grass-memory,sun-moon,moon,npc-gift,,aether-paradise,From Gladion after becoming Champion,0,0,1,,,,,,After becoming Champion,
grass-memory,sword-shield,shield,npc-gift,,battle-tower-galar,From a League Staff member,0,0,1,,,,,,,
grass-memory,sun-moon,sun,npc-gift,,aether-paradise,From Gladion after becoming Champion,0,0,1,,,,,,After becoming Champion,
grass-memory,sword-shield,sword,npc-gift,,battle-tower-galar,From a League Staff member,0,0,1,,,,,,,
grass-memory,ultra-sun-ultra-moon,ultra-moon,npc-gift,,ancient-poni-path,From Wicke after becoming Champion,0,0,1,,,,,,After becoming Champion,
grass-memory,ultra-sun-ultra-moon,ultra-sun,npc-gift,,ancient-poni-path,From Wicke after becoming Champion,0,0,1,,,,,,After becoming Champion,
grass-tera-shard,scarlet-violet,scarlet,tournament,,mesagoza,,1,0,0,,,,,,,
grass-tera-shard,scarlet-violet,scarlet,overworld,visible,south-province-area-six,,0,0,1,,,,,,,
grass-tera-shard,scarlet-violet,scarlet,tera-raid,tera-raid-3star,,,1,0,0,,,,,,3★ raids or higher,
grass-tera-shard,scarlet-violet,violet,overworld,visible,south-province-area-six,,0,0,1,,,,,,,
grass-tera-shard,scarlet-violet,violet,tera-raid,tera-raid-3star,,,1,0,0,,,,,,3★ raids or higher,
grass-tera-shard,scarlet-violet,violet,tournament,,mesagoza,,1,0,0,,,,,,,
grassium-z--held,sun-moon,moon,story,,lush-jungle,Reward for completing Mallow's trial,0,0,1,,,,,,,
grassium-z--held,sun-moon,sun,story,,lush-jungle,Reward for completing Mallow's trial,0,0,1,,,,,,,
grassium-z--held,ultra-sun-ultra-moon,ultra-moon,story,,lush-jungle,Reward for completing Mallow's trial,0,0,1,,,,,,,
grassium-z--held,ultra-sun-ultra-moon,ultra-sun,story,,lush-jungle,Reward for completing Mallow's trial,0,0,1,,,,,,,
grassy-seed,sun-moon,moon,overworld,visible,malie-garden,,0,0,1,,,,,,,
grassy-seed,sun-moon,sun,overworld,visible,malie-garden,,0,0,1,,,,,,,
grassy-seed,ultra-sun-ultra-moon,ultra-moon,overworld,visible,alola-route-14,,0,0,1,,,,,,,
grassy-seed,ultra-sun-ultra-moon,ultra-sun,overworld,visible,alola-route-14,,0,0,1,,,,,,,
green-apricorn,crystal,crystal,overworld,recurring,route-42-johto,,1,0,1,,,,,,,
green-apricorn,gold-silver,gold,overworld,recurring,route-42-johto,,1,0,1,,,,,,,
green-apricorn,gold-silver,silver,overworld,recurring,route-42-johto,,1,0,1,,,,,,,
green-bell-pepper,scarlet-violet,scarlet,shop,vendor,,"Deli Cioso, Aquiesta Supermarket",1,0,1,,,230,poke-dollar,,After earning 3 Gym Badges,
green-bell-pepper,scarlet-violet,scarlet,shop,vendor,,Peachy's,1,0,1,,,230,poke-dollar,,After earning 3 Badges,
green-bell-pepper,scarlet-violet,violet,shop,vendor,,"Deli Cioso, Aquiesta Supermarket",1,0,1,,,230,poke-dollar,,After earning 3 Gym Badges,
green-bell-pepper,scarlet-violet,violet,shop,vendor,,Peachy's,1,0,1,,,230,poke-dollar,,After earning 3 Badges,
green-dish,scarlet-violet,scarlet,story,,mesagoza,Automatically obtained after beginning the Treasure Hunt,0,0,1,,,,,,After beginning the Treasure Hunt,
green-dish,scarlet-violet,violet,story,,mesagoza,Automatically obtained after beginning the Treasure Hunt,0,0,1,,,,,,After beginning the Treasure Hunt,
green-petal,ultra-sun-ultra-moon,ultra-moon,npc-gift,,lush-jungle,"During Mina's trial, after defeating Lana",0,0,1,,,,,,During Mina's trial,
green-petal,ultra-sun-ultra-moon,ultra-sun,npc-gift,,lush-jungle,"During Mina's trial, after defeating Mallow",0,0,1,,,,,,During Mina's trial,
green-poke-ball-pick,scarlet-violet,scarlet,vending-machine,,,Vending machines (Terarium),1,0,1,,,200,poke-dollar,,,
green-poke-ball-pick,scarlet-violet,scarlet,shop,vendor,,Artisan Bakery,1,0,1,,,200,poke-dollar,,,
green-poke-ball-pick,scarlet-violet,scarlet,shop,vendor,,Peachy's,1,0,1,,,200,poke-dollar,,,
green-poke-ball-pick,scarlet-violet,violet,shop,vendor,,Artisan Bakery,1,0,1,,,200,poke-dollar,,,
green-poke-ball-pick,scarlet-violet,violet,vending-machine,,,Vending machines (Terarium),1,0,1,,,200,poke-dollar,,,
green-poke-ball-pick,scarlet-violet,violet,shop,vendor,,Peachy's,1,0,1,,,200,poke-dollar,,,
green-scarf,diamond-pearl,diamond,npc-gift,,pastoria-city,Scarf Guy,0,0,1,,,,,,Show a Pokémon with Smart stat of 200 or more,
green-scarf,omega-ruby-alpha-sapphire,omega-ruby,npc-gift,,slateport-city,Pokémon Fan Club chairman,0,0,1,,,,,,Show a Pokémon with Clever stat of 200 or more,
green-scarf,ruby-sapphire,ruby,npc-gift,,slateport-city,Pokémon Fan Club chairman,0,0,1,,,,,,Show a Pokémon with Smart stat of 200 or more,
greet-mail,black-white,black,shop,poke-mart,,Shopping Mall Nine and most Poké Marts,1,0,1,,,50,poke-dollar,,"Unavailable in Nimbasa City, Mistralton City, Icirrus City, and the Pokémon League",
greet-mail,black-2-white-2,black-2,shop,poke-mart,,Shopping Mall Nine and most Poké Marts,1,0,1,,,50,poke-dollar,,"Unavailable in Nimbasa City, Mistralton City, Lacunosa Town, Victory Road, Pokémon League, and Striaton City",
greet-mail,black-white,white,shop,poke-mart,,Shopping Mall Nine and most Poké Marts,1,0,1,,,50,poke-dollar,,"Unavailable in Nimbasa City, Mistralton City, Icirrus City, and the Pokémon League",
greet-mail,black-2-white-2,white-2,shop,poke-mart,,Shopping Mall Nine and most Poké Marts,1,0,1,,,50,poke-dollar,,"Unavailable in Nimbasa City, Mistralton City, Lacunosa Town, Victory Road, Pokémon League, and Striaton City",
grip-claw,diamond-pearl,diamond,overworld,visible,wayward-cave,,0,0,1,,,,,,,
grip-claw,heartgold-soulsilver,heartgold,overworld,visible,seafoam-islands,,0,0,1,,,,,,,
grip-claw,diamond-pearl,pearl,overworld,visible,wayward-cave,,0,0,1,,,,,,,
grip-claw,platinum,platinum,overworld,visible,wayward-cave,,0,0,1,,,,,,,
grip-claw,heartgold-soulsilver,soulsilver,overworld,visible,seafoam-islands,,0,0,1,,,,,,,
griseous-core,scarlet-violet,scarlet,auction,,porto-marinada,Porto Marinada auction,1,0,0,,,,,,If the player owns a Giratina,
griseous-core,scarlet-violet,violet,auction,,porto-marinada,Porto Marinada auction,1,0,0,,,,,,If the player owns a Giratina,
griseous-orb,black-white,black,npc-gift,,marvelous-bridge,Given by the Shadow Triad,0,0,1,,,,,,,
griseous-orb,heartgold-soulsilver,heartgold,wild-pokemon,,sinjoh-ruins,Held by Giratina,0,0,1,,,,,,,
griseous-orb,platinum,platinum,overworld,visible,distortion-world,From Turnback Cave,0,0,1,,,,,,,
griseous-orb,heartgold-soulsilver,soulsilver,wild-pokemon,,sinjoh-ruins,Held by Giratina,0,0,1,,,,,,,
groudon-treat,scarlet-violet,scarlet,npc-gift,,blueberry-academy-entrance,Snacksworth,0,0,1,,,,,,After completing 10 solo Blueberry Quests,
groudon-treat,scarlet-violet,violet,npc-gift,,blueberry-academy-entrance,Snacksworth,0,0,1,,,,,,After completing one group Blueberry Quest,
ground-gem,black-white,black,overworld,recurring,,Dust clouds,1,0,0,,,,,,,
ground-gem,black-white,black,dream,,icy-cave,,1,0,0,,,,,,,
ground-gem,black-2-white-2,black-2,overworld,recurring,,"Dust clouds (Chargestone Cave, Mistralton Cave, Clay Tunnel, Twist Mountain, Underground Ruins, Victory Road, Wellspring Cave, Seaside Cave, Giant Chasm)",1,0,0,,,,,,,
ground-gem,black-2-white-2,black-2,overworld,visible,desert-resort,,0,0,1,,,,,,,
ground-gem,black-white,white,overworld,recurring,,Dust clouds,1,0,0,,,,,,,
ground-gem,black-white,white,dream,,icy-cave,,1,0,0,,,,,,,
ground-gem,black-2-white-2,white-2,overworld,recurring,,"Dust clouds (Chargestone Cave, Mistralton Cave, Clay Tunnel, Twist Mountain, Underground Ruins, Victory Road, Wellspring Cave, Seaside Cave, Giant Chasm)",1,0,0,,,,,,,
ground-gem,black-2-white-2,white-2,overworld,visible,desert-resort,,0,0,1,,,,,,,
ground-memory,sun-moon,moon,npc-gift,,aether-paradise,Gladion,0,0,1,,,,,,After becoming Champion,
ground-memory,sword-shield,shield,npc-gift,,battle-tower-galar,League Staff member,0,0,1,,,,,,,
ground-memory,sun-moon,sun,npc-gift,,aether-paradise,Gladion,0,0,1,,,,,,After becoming Champion,
ground-memory,sword-shield,sword,npc-gift,,battle-tower-galar,League Staff member,0,0,1,,,,,,,
ground-memory,ultra-sun-ultra-moon,ultra-moon,npc-gift,,ancient-poni-path,Wicke,0,0,1,,,,,,After becoming Champion,
ground-memory,ultra-sun-ultra-moon,ultra-sun,npc-gift,,ancient-poni-path,Wicke,0,0,1,,,,,,After becoming Champion,
ground-tera-shard,scarlet-violet,scarlet,tournament,,,Academy Ace Tournament,1,0,0,,,,,,,
ground-tera-shard,scarlet-violet,scarlet,overworld,visible,area-zero,Area Zero; South Province (Area Five),0,0,1,,,,,,,
ground-tera-shard,scarlet-violet,scarlet,tera-raid,tera-raid-5star,,Tera Raid Battles (3★ onwards),1,0,0,,,,,,,
ground-tera-shard,scarlet-violet,scarlet,item-printer,,,Item Printer,1,0,0,,,,,,The Indigo Disk,
ground-tera-shard,scarlet-violet,violet,item-printer,,,Item Printer,1,0,0,,,,,,The Indigo Disk,
ground-tera-shard,scarlet-violet,violet,tera-raid,tera-raid-5star,,Tera Raid Battles (3★ onwards),1,0,0,,,,,,,
ground-tera-shard,scarlet-violet,violet,overworld,visible,area-zero,Area Zero; South Province (Area Five),0,0,1,,,,,,,
ground-tera-shard,scarlet-violet,violet,tournament,,,Academy Ace Tournament,1,0,0,,,,,,,
groundium-z--held,sun-moon,moon,npc-gift,,vast-poni-canyon,"Hapu, after defeating her in the Poni Island grand trial",0,0,1,,,,,,After completing the Poni Island grand trial,
groundium-z--held,sun-moon,sun,npc-gift,,vast-poni-canyon,"Hapu, after defeating her in the Poni Island grand trial",0,0,1,,,,,,After completing the Poni Island grand trial,
groundium-z--held,ultra-sun-ultra-moon,ultra-moon,npc-gift,,exeggutor-island,"Hapu, after defeating her in the Poni Island grand trial",0,0,1,,,,,,After completing the Poni Island grand trial,
groundium-z--held,ultra-sun-ultra-moon,ultra-sun,npc-gift,,exeggutor-island,"Hapu, after defeating her in the Poni Island grand trial",0,0,1,,,,,,After completing the Poni Island grand trial,
growth-mulch,black-white,black,exchange,,,Trade,1,0,1,,,,,,,
growth-mulch,black-2-white-2,black-2,overworld,recurring,,"Hidden Grottoes, Join Avenue Flower Shop",1,0,0,,,,,,,
growth-mulch,diamond-pearl,diamond,overworld,recurring,route-208-sinnoh,Berry Master's house,1,0,1,,,,,,,
growth-mulch,heartgold-soulsilver,heartgold,shop,specialty-shop,goldenrod-city,Goldenrod Flower Shop,1,0,1,,,,,,After acquiring the Berry Pots,
growth-mulch,diamond-pearl,pearl,overworld,recurring,route-208-sinnoh,Berry Master's house,1,0,1,,,,,,,
growth-mulch,platinum,platinum,overworld,recurring,route-208-sinnoh,Berry Master's house,1,0,1,,,,,,,
growth-mulch,heartgold-soulsilver,soulsilver,shop,specialty-shop,goldenrod-city,Goldenrod Flower Shop,1,0,1,,,,,,After acquiring the Berry Pots,
growth-mulch,black-white,white,exchange,,,Trade,1,0,1,,,,,,,
growth-mulch,black-2-white-2,white-2,overworld,recurring,,"Hidden Grottoes, Join Avenue Flower Shop",1,0,0,,,,,,,
grubby-hanky,black-2-white-2,black-2,npc-gift,,nacrene-city,"Café Warehouse, from a customer (Sunday)",0,0,1,,,,,,,
grubby-hanky,black-2-white-2,white-2,npc-gift,,nacrene-city,"Café Warehouse, from a customer (Sunday)",0,0,1,,,,,,,
gs-ball,crystal,crystal,event,,goldenrod-city,Pokémon Communication Center / Goldenrod City Pokémon Center,0,0,1,,,,,,After entering the Hall of Fame (Virtual Console releases),Originally required a Japanese-only event in cartridge releases.
guidebook,brilliant-diamond-shining-pearl,brilliant-diamond,npc-gift,,twinleaf-town,From the player's mother after returning from Sandgem Town,0,0,1,,,,,,,
guidebook,diamond-pearl,diamond,npc-gift,,twinleaf-town,From the player's mother after returning from Sandgem Town,0,0,1,,,,,,,
guidebook,diamond-pearl,pearl,npc-gift,,twinleaf-town,From the player's mother after returning from Sandgem Town,0,0,1,,,,,,,
guidebook,platinum,platinum,npc-gift,,twinleaf-town,From the player's mother after returning from Sandgem Town,0,0,1,,,,,,,
guidebook,brilliant-diamond-shining-pearl,shining-pearl,npc-gift,,twinleaf-town,From the player's mother after returning from Sandgem Town,0,0,1,,,,,,,
gyaradosite,omega-ruby-alpha-sapphire,alpha-sapphire,npc-gift,,hoenn-route-123,From Chomper the Poochyena,0,0,1,,,,,,,
gyaradosite,omega-ruby-alpha-sapphire,omega-ruby,npc-gift,,hoenn-route-123,From Chomper the Poochyena,0,0,1,,,,,,,
gyaradosite,x-y,x,overworld,visible,couriway-town,Requires an upgraded Mega Ring,0,0,1,,,,,,,
gyaradosite,x-y,y,overworld,visible,couriway-town,Requires an upgraded Mega Ring,0,0,1,,,,,,,
haban-berry,black-2-white-2,black-2,overworld,visible,driftveil-city,,0,0,1,,,,,,,
haban-berry,heartgold-soulsilver,heartgold,mom,,,Bought by player's Mom,1,0,1,,,,,,,
haban-berry,omega-ruby-alpha-sapphire,omega-ruby,overworld,visible,hoenn-route-123,,0,0,1,,,,,,,
haban-berry,platinum,platinum,wild-pokemon,,,Held by wild Gible and Gabite,1,0,0,,5.0,,,,,
haban-berry,scarlet-violet,scarlet,overworld,sparkling,socarrat-trail,,1,0,0,,,,,,,
haban-berry,sun-moon,sun,overworld,recurring,poni-wilds,Berry piles,1,0,1,,,,,,,
haban-berry,sword-shield,sword,berry-tree,,lake-of-outrage,,1,0,1,,,,,,,
haban-berry,x-y,x,berry-tree,,,Red Berry trees,1,0,1,,,,,,,
ham,scarlet-violet,scarlet,shop,vendor,aquiesta-supermarket,,1,0,1,,,170,poke-dollar,,,
ham,scarlet-violet,scarlet,shop,vendor,,Peachy's,1,0,1,,,170,poke-dollar,,,
ham,scarlet-violet,scarlet,shop,vendor,,,1,0,1,,,170,poke-dollar,,,
ham,scarlet-violet,violet,shop,vendor,,Peachy's,1,0,1,,,170,poke-dollar,,,
ham,scarlet-violet,violet,shop,vendor,,,1,0,1,,,170,poke-dollar,,,
ham,scarlet-violet,violet,shop,vendor,aquiesta-supermarket,,1,0,1,,,170,poke-dollar,,,
hamburger,scarlet-violet,scarlet,shop,specialty-shop,,Deli Cioso,1,0,1,,,380,poke-dollar,,After earning 2 Gym Badges,
hamburger,scarlet-violet,scarlet,vending-machine,,terarium,Vending machines,1,0,1,,,,,,The Indigo Disk,
hamburger,scarlet-violet,violet,shop,specialty-shop,,Deli Cioso,1,0,1,,,380,poke-dollar,,After earning 2 Gym Badges,
hamburger,scarlet-violet,violet,vending-machine,,terarium,Vending machines,1,0,1,,,,,,The Indigo Disk,
harbor-mail,emerald,emerald,shop,poke-mart,slateport-city,Poké Mart,1,0,1,,,50,poke-dollar,,,
harbor-mail,firered-leafgreen,firered,exchange,,,Trade,1,0,1,,,,,,,
harbor-mail,firered-leafgreen,leafgreen,exchange,,,Trade,1,0,1,,,,,,,
harbor-mail,ruby-sapphire,ruby,shop,poke-mart,slateport-city,Poké Mart,1,0,1,,,50,poke-dollar,,,
harbor-mail,ruby-sapphire,ruby,overworld,visible,abandoned-ship,,0,0,1,,,,,,,
harbor-mail,ruby-sapphire,ruby,overworld,visible,trick-house,,0,0,1,,,,,,,
harbor-mail,ruby-sapphire,sapphire,shop,poke-mart,slateport-city,Poké Mart,1,0,1,,,50,poke-dollar,,,
hasty-mint,brilliant-diamond-shining-pearl,brilliant-diamond,exchange,,,Battle Park,1,0,1,,,50,battle-point,,,
hasty-mint,scarlet-violet,scarlet,shop,vendor,,Chansey Supply,1,0,1,,,20000,poke-dollar,,After earning 6 Gym Badges,
hasty-mint,scarlet-violet,scarlet,tournament,,,Academy Ace Tournament,1,0,0,,,,,,,
hasty-mint,scarlet-violet,scarlet,tera-raid,tera-raid-5star,,,1,0,0,,,,,,,
hasty-mint,sword-shield,shield,exchange,,,Battle Tower,1,0,1,,,50,battle-point,,,
hasty-mint,sword-shield,sword,overworld,recurring,soothing-wetlands,Hidden item,1,1,1,,,,,,The Isle of Armor,
hasty-mint,sword-shield,sword,overworld,recurring,giants-bed,Hidden item,1,1,1,,,,,,The Crown Tundra,
hasty-mint,sword-shield,sword,exchange,,,Battle Tower,1,0,1,,,50,battle-point,,,
health-candy,lets-go-pikachu-lets-go-eevee,lets-go-eevee,overworld,visible,celadon-condominiums,,0,0,1,,,,,,,
health-candy,lets-go-pikachu-lets-go-eevee,lets-go-eevee,overworld,recurring,pokemon-mansion-kanto,,1,1,1,,,,,,,Hidden recurring item
health-candy,lets-go-pikachu-lets-go-eevee,lets-go-pikachu,overworld,visible,celadon-condominiums,,0,0,1,,,,,,,
health-candy,lets-go-pikachu-lets-go-eevee,lets-go-pikachu,overworld,recurring,celadon-game-corner,,1,1,1,,,,,,,Hidden recurring item
health-candy,lets-go-pikachu-lets-go-eevee,lets-go-pikachu,transfer,,go-park,,1,0,1,,,,,,,
health-candy-l,lets-go-pikachu-lets-go-eevee,lets-go-eevee,overworld,recurring,celadon-game-corner,Hidden recurring item,1,1,1,,,,,,,
health-candy-l,lets-go-pikachu-lets-go-eevee,lets-go-eevee,wild-pokemon,,,Catch or transfer certain Pokémon,1,0,0,,,,,,,"Obtained by catching or transferring specific Pokémon such as Caterpie, Chansey, Snorlax, or Mew."
health-candy-l,lets-go-pikachu-lets-go-eevee,lets-go-eevee,event,,,Poké Ball Plus,1,0,1,,,,,,,
health-candy-l,lets-go-pikachu-lets-go-eevee,lets-go-pikachu,event,,,Poké Ball Plus,1,0,1,,,,,,,
health-candy-l,lets-go-pikachu-lets-go-eevee,lets-go-pikachu,overworld,recurring,celadon-game-corner,Hidden recurring item,1,1,1,,,,,,,
health-candy-l,lets-go-pikachu-lets-go-eevee,lets-go-pikachu,wild-pokemon,,,Catch or transfer certain Pokémon,1,0,0,,,,,,,"Obtained by catching or transferring specific Pokémon such as Caterpie, Chansey, Snorlax, or Mew."
health-candy-xl,lets-go-pikachu-lets-go-eevee,lets-go-eevee,transfer,,,Transfer or catch specific Pokémon,1,0,1,,,,,,,"Obtained by catching or transferring certain Pokémon such as Caterpie, Chansey, Snorlax, or Mew."
health-candy-xl,lets-go-pikachu-lets-go-eevee,lets-go-eevee,overworld,recurring,celadon-game-corner,,1,1,1,,,,,,,
health-candy-xl,lets-go-pikachu-lets-go-eevee,lets-go-pikachu,overworld,recurring,celadon-game-corner,,1,1,1,,,,,,,
health-candy-xl,lets-go-pikachu-lets-go-eevee,lets-go-pikachu,transfer,,,Transfer or catch specific Pokémon,1,0,1,,,,,,,"Obtained by catching or transferring certain Pokémon such as Caterpie, Chansey, Snorlax, or Mew."
health-mochi,scarlet-violet,scarlet,contest,,,Ogre Oustin',1,0,0,,,,,,,
health-mochi,scarlet-violet,violet,contest,,,Ogre Oustin',1,0,0,,,,,,,
heart-mail,diamond-pearl,diamond,shop,poke-mart,hearthome-city,Poké Mart,1,0,1,,,50,poke-dollar,,,
heart-mail,heartgold-soulsilver,heartgold,shop,poke-mart,olivine-city,Poké Mart,1,0,1,,,50,poke-dollar,,,
heart-mail,heartgold-soulsilver,heartgold,overworld,recurring,mt-moon-square,,1,0,1,,,,,,,
heart-mail,diamond-pearl,pearl,shop,poke-mart,hearthome-city,Poké Mart,1,0,1,,,50,poke-dollar,,,
heart-mail,platinum,platinum,shop,poke-mart,hearthome-city,Poké Mart,1,0,1,,,50,poke-dollar,,,
heart-mail,heartgold-soulsilver,soulsilver,overworld,recurring,mt-moon-square,,1,0,1,,,,,,,
heart-mail,heartgold-soulsilver,soulsilver,shop,poke-mart,olivine-city,Poké Mart,1,0,1,,,50,poke-dollar,,,
hearthflame-mask,scarlet-violet,scarlet,story,,dreaded-den,After capturing Ogerpon,0,0,1,,,,,,After capturing Ogerpon,
hearthflame-mask,scarlet-violet,violet,story,,dreaded-den,After capturing Ogerpon,0,0,1,,,,,,After capturing Ogerpon,
heat-rock,black-white,black,overworld,recurring,unova-route-08,"Once per day, daytime",1,0,1,,,,,,Daytime only,Daily item
heat-rock,diamond-pearl,diamond,mining,,underground,Underground,1,0,0,,,,,,,
heat-rock,diamond-pearl,pearl,mining,,underground,Underground,1,0,0,,,,,,,
heat-rock,platinum,platinum,mining,,underground,Underground,1,0,0,,,,,,,
heat-rock,scarlet-violet,scarlet,shop,vendor,cascarrafa,Delibird Presents,1,0,1,,,8000,poke-dollar,,After earning 4 Gym Badges,
heat-rock,scarlet-violet,violet,overworld,sparkling,east-province-area-three,Sparkling overworld item,1,0,0,,,,,,,
heat-rock,black-white,white,overworld,recurring,unova-route-08,"Once per day, daytime",1,0,1,,,,,,Daytime only,Daily item
heavy-ball,crystal,crystal,crafting,apricorn,azalea-town,Kurt (Black Apricorn),1,0,1,,,,,,,
heavy-ball,gold-silver,gold,crafting,apricorn,azalea-town,Kurt (Black Apricorn),1,0,1,,,,,,,
heavy-ball,gold-silver,silver,crafting,apricorn,azalea-town,Kurt (Black Apricorn),1,0,1,,,,,,,
heavy-duty-boots,scarlet-violet,scarlet,shop,specialty-shop,levincia,Delibird Presents (Levincia Branch),1,0,1,,,20000,poke-dollar,,After earning 4 Gym Badges,
heavy-duty-boots,scarlet-violet,scarlet,crafting,item-printer,,Item Printer,1,0,0,,,,,,The Indigo Disk,
heavy-duty-boots,sword-shield,shield,overworld,visible,galar-mine,,0,0,1,,,,,,,
heavy-duty-boots,sword-shield,shield,overworld,visible,tunnel-to-the-top,,0,0,1,,,,,,The Crown Tundra,
heavy-duty-boots,sword-shield,sword,overworld,visible,galar-mine,,0,0,1,,,,,,,
heavy-duty-boots,sword-shield,sword,overworld,visible,tunnel-to-the-top,,0,0,1,,,,,,The Crown Tundra,
heavy-duty-boots,scarlet-violet,violet,shop,specialty-shop,levincia,Delibird Presents (Levincia Branch),1,0,1,,,20000,poke-dollar,,After earning 4 Gym Badges,
heavy-duty-boots,scarlet-violet,violet,crafting,item-printer,,Item Printer,1,0,0,,,,,,The Indigo Disk,
helix-fossil,diamond-pearl,diamond,mining,,underground,After obtaining the National Pokédex,1,0,0,,,,,,After obtaining the National Pokédex,
helix-fossil,red-blue,red,choice,,mt-moon,Choice between Helix Fossil and Dome Fossil,0,0,1,,,,,,,
helix-fossil,ultra-sun-ultra-moon,ultra-sun,shop,vendor,konikoni-city,Olivia's jewelry shop,1,0,1,,,,,,,
heracronite,omega-ruby-alpha-sapphire,alpha-sapphire,overworld,visible,hoenn-route-127,,0,0,1,,,,,,,
heracronite,omega-ruby-alpha-sapphire,omega-ruby,overworld,visible,hoenn-route-127,,0,0,1,,,,,,,
heracronite,ultra-sun-ultra-moon,ultra-moon,exchange,,battle-tree,,1,0,1,,,64,battle-point,,,
heracronite,ultra-sun-ultra-moon,ultra-sun,exchange,,battle-tree,,1,0,1,,,64,battle-point,,,
heracronite,x-y,x,event,,,,0,0,1,,,,,,,
heracronite,x-y,y,overworld,visible,santalune-forest,Requires upgraded Mega Ring,0,0,1,,,,,,,
herbed-sausage,scarlet-violet,scarlet,shop,specialty-shop,,Deli Cioso,1,0,1,,,400,poke-dollar,,After earning 6 Gym Badges,
herbed-sausage,scarlet-violet,scarlet,auction,,porto-marinada,Auction,1,0,0,,,,poke-dollar,,,
herbed-sausage,scarlet-violet,scarlet,shop,specialty-shop,,Peachy's,1,0,1,,,400,poke-dollar,,After earning 6 Badges,
herbed-sausage,scarlet-violet,violet,auction,,porto-marinada,Auction,1,0,0,,,,poke-dollar,,,
herbed-sausage,scarlet-violet,violet,shop,specialty-shop,,Deli Cioso,1,0,1,,,400,poke-dollar,,After earning 6 Gym Badges,
herbed-sausage,scarlet-violet,violet,shop,specialty-shop,,Peachy's,1,0,1,,,400,poke-dollar,,After earning 6 Badges,
heroic-sword-pick,scarlet-violet,scarlet,shop,vendor,,Artisan Bakery,1,0,1,,,2000,poke-dollar,,,
heroic-sword-pick,scarlet-violet,violet,shop,vendor,,Artisan Bakery,1,0,1,,,2000,poke-dollar,,,
hi-tech-earbuds,sword-shield,shield,npc-gift,,motostoke,Man in front of the record shop,0,0,1,,,,,,,
hi-tech-earbuds,sword-shield,sword,npc-gift,,motostoke,Man in front of the record shop,0,0,1,,,,,,,
hm01,red-blue,blue,hm-tm-reward,,ss-anne,Captain of the S.S. Anne,0,0,1,,,,,cascade-badge,,
hm01,crystal,crystal,hm-tm-reward,,ilex-forest,,0,0,1,,,,,hive-badge,,
hm01,gold-silver,gold,hm-tm-reward,,ilex-forest,,0,0,1,,,,,hive-badge,,
hm01,red-blue,red,hm-tm-reward,,ss-anne,Captain of the S.S. Anne,0,0,1,,,,,cascade-badge,,
hm01,gold-silver,silver,hm-tm-reward,,ilex-forest,,0,0,1,,,,,hive-badge,,
hm01,yellow,yellow,hm-tm-reward,,ss-anne,Captain of the S.S. Anne,0,0,1,,,,,cascade-badge,,
hm02,red-blue,blue,npc-gift,,route-16-kanto,,0,0,1,,,,,thunder-badge,,
hm02,red-blue,red,npc-gift,,route-16-kanto,,0,0,1,,,,,thunder-badge,,
hm02,yellow,yellow,npc-gift,,route-16-kanto,,0,0,1,,,,,thunder-badge,,
hm03,red-blue,red,npc-gift,,safari-zone-kanto,,0,0,1,,,,,soul-badge,,
hm04,red-blue,blue,npc-gift,,fuchsia-city,,0,0,1,,,,,rainbow-badge,,
hm04,crystal,crystal,npc-gift,,olivine-city,,0,0,1,,,,,plain-badge,,
hm04,gold-silver,gold,npc-gift,,olivine-city,,0,0,1,,,,,plain-badge,,
hm04,red-blue,red,npc-gift,,fuchsia-city,,0,0,1,,,,,rainbow-badge,,
hm04,gold-silver,silver,npc-gift,,olivine-city,,0,0,1,,,,,plain-badge,,
hm04,yellow,yellow,npc-gift,,fuchsia-city,,0,0,1,,,,,rainbow-badge,,
hm05,red-blue,blue,overworld,visible,route-02-kanto,,0,0,1,,,,,boulder-badge,,
hm05,red-blue,red,overworld,visible,route-02-kanto,,0,0,1,,,,,boulder-badge,,
hm05,yellow,yellow,overworld,visible,route-02-kanto,,0,0,1,,,,,boulder-badge,,
hm06,omega-ruby-alpha-sapphire,alpha-sapphire,npc-gift,,mauville-city,,0,0,1,,,,,dynamo-badge,,
hm06,black-white,black,npc-gift,,undella-town,,0,0,1,,,,,,,
hm06,black-2-white-2,black-2,npc-gift,,undella-town,,0,0,1,,,,,,,
hm06,crystal,crystal,npc-gift,,team-rocket-hideout,,0,0,1,,,,,glacier-badge,,
hm06,diamond-pearl,diamond,npc-gift,,oreburgh-gate,,0,0,1,,,,,coal-badge,,
hm06,emerald,emerald,npc-gift,,mauville-city,,0,0,1,,,,,dynamo-badge,,
hm06,firered-leafgreen,firered,npc-gift,,ember-spa,,0,0,1,,,,,marsh-badge,,
hm06,gold-silver,gold,npc-gift,,team-rocket-hideout,,0,0,1,,,,,glacier-badge,,
hm06,heartgold-soulsilver,heartgold,npc-gift,,route-36-johto,,0,0,1,,,,,zephyr-badge,,
hm06,firered-leafgreen,leafgreen,npc-gift,,ember-spa,,0,0,1,,,,,marsh-badge,,
hm06,omega-ruby-alpha-sapphire,omega-ruby,npc-gift,,mauville-city,,0,0,1,,,,,dynamo-badge,,
hm06,diamond-pearl,pearl,npc-gift,,oreburgh-gate,,0,0,1,,,,,coal-badge,,
hm06,platinum,platinum,npc-gift,,oreburgh-gate,,0,0,1,,,,,coal-badge,,
hm06,ruby-sapphire,ruby,npc-gift,,mauville-city,,0,0,1,,,,,dynamo-badge,,
hm06,ruby-sapphire,sapphire,npc-gift,,mauville-city,,0,0,1,,,,,dynamo-badge,,
hm06,gold-silver,silver,npc-gift,,team-rocket-hideout,,0,0,1,,,,,glacier-badge,,
hm06,heartgold-soulsilver,soulsilver,npc-gift,,route-36-johto,,0,0,1,,,,,zephyr-badge,,
hm06,black-white,white,npc-gift,,undella-town,,0,0,1,,,,,,,
hm06,black-2-white-2,white-2,npc-gift,,undella-town,,0,0,1,,,,,,,
hm07,omega-ruby-alpha-sapphire,alpha-sapphire,hm-tm-reward,,mossdeep-city,,0,0,1,,,,,mind-badge,,
hm07,crystal,crystal,hm-tm-reward,,ice-path,,0,0,1,,,,,rising-badge,,
hm07,diamond-pearl,diamond,hm-tm-reward,,sunyshore-city,,0,0,1,,,,,beacon-badge,,
hm07,emerald,emerald,hm-tm-reward,,sootopolis-city,,0,0,1,,,,,rain-badge,,
hm07,firered-leafgreen,firered,hm-tm-reward,,icefall-cave,,0,0,1,,,,,volcano-badge,,
hm07,gold-silver,gold,hm-tm-reward,,ice-path,,0,0,1,,,,,rising-badge,,
hm07,heartgold-soulsilver,heartgold,hm-tm-reward,,ice-path,,0,0,1,,,,,rising-badge,,
hm07,firered-leafgreen,leafgreen,hm-tm-reward,,icefall-cave,,0,0,1,,,,,volcano-badge,,
hm07,omega-ruby-alpha-sapphire,omega-ruby,hm-tm-reward,,mossdeep-city,,0,0,1,,,,,mind-badge,,
hm07,diamond-pearl,pearl,hm-tm-reward,,sunyshore-city,,0,0,1,,,,,beacon-badge,,
hm07,platinum,platinum,hm-tm-reward,,sunyshore-city,,0,0,1,,,,,beacon-badge,,
hm07,ruby-sapphire,ruby,hm-tm-reward,,cave-of-origin,,0,0,1,,,,,rain-badge,,
hm07,ruby-sapphire,sapphire,hm-tm-reward,,cave-of-origin,,0,0,1,,,,,rain-badge,,
hm07,gold-silver,silver,hm-tm-reward,,ice-path,,0,0,1,,,,,rising-badge,,
hm07,heartgold-soulsilver,soulsilver,hm-tm-reward,,ice-path,,0,0,1,,,,,rising-badge,,
hm08,diamond-pearl,diamond,npc-gift,,route-217-sinnoh,,0,0,1,,,,,icicle-badge,,
hm08,emerald,emerald,npc-gift,,mossdeep-city,,0,0,1,,,,,mind-badge,,
hm08,heartgold-soulsilver,heartgold,npc-gift,,professor-oaks-laboratory,,0,0,1,,,,,earth-badge,,
hm08,diamond-pearl,pearl,npc-gift,,route-217-sinnoh,,0,0,1,,,,,icicle-badge,,
hm08,platinum,platinum,npc-gift,,route-217-sinnoh,,0,0,1,,,,,icicle-badge,,
hm08,ruby-sapphire,ruby,npc-gift,,mossdeep-city,,0,0,1,,,,,mind-badge,,
hm08,ruby-sapphire,sapphire,npc-gift,,mossdeep-city,,0,0,1,,,,,mind-badge,,
hm08,heartgold-soulsilver,soulsilver,npc-gift,,professor-oaks-laboratory,,0,0,1,,,,,earth-badge,,
ho-oh-treat,scarlet-violet,scarlet,npc-gift,,blueberry-academy-entrance,Snacksworth,0,0,1,,,,,,After completing 10 solo Blueberry Quests (The Indigo Disk),
ho-oh-treat,scarlet-violet,violet,npc-gift,,blueberry-academy-entrance,Snacksworth,0,0,1,,,,,,After completing one group Blueberry Quest (The Indigo Disk),
holo-caster,x-y,x,starting-item,bag,vaniville-town,Automatically obtained at the start of the game,0,0,1,,,,,,,
holo-caster,x-y,y,starting-item,bag,vaniville-town,Automatically obtained at the start of the game,0,0,1,,,,,,,
honor-of-kalos,x-y,x,story,,lumiose-city,From Professor Sycamore during the parade after entering the Hall of Fame,0,0,1,,,,,,After entering the Hall of Fame,
honor-of-kalos,x-y,y,story,,lumiose-city,From Professor Sycamore during the parade after entering the Hall of Fame,0,0,1,,,,,,After entering the Hall of Fame,
horseradish,scarlet-violet,scarlet,shop,vendor,aquiesta-supermarket,Aquiesta Supermarket,1,0,1,,,410,poke-dollar,,After earning 6 Gym Badges,
horseradish,scarlet-violet,scarlet,auction,,porto-marinada,Porto Marinada auction,1,0,0,,,,,,,
horseradish,scarlet-violet,scarlet,shop,vendor,,Peachy's,1,0,1,,,410,poke-dollar,,After earning 6 Gym Badges,Available in The Teal Mask
horseradish,scarlet-violet,violet,shop,vendor,aquiesta-supermarket,Aquiesta Supermarket,1,0,1,,,410,poke-dollar,,After earning 6 Gym Badges,
horseradish,scarlet-violet,violet,auction,,porto-marinada,Porto Marinada auction,1,0,0,,,,,,,
horseradish,scarlet-violet,violet,shop,vendor,,Peachy's,1,0,1,,,410,poke-dollar,,After earning 6 Gym Badges,Available in The Teal Mask
houndoominite,omega-ruby-alpha-sapphire,alpha-sapphire,story,,lavaridge-town,After defeating or capturing Kyogre,0,0,1,,,,,,After Kyogre encounter,
houndoominite,omega-ruby-alpha-sapphire,omega-ruby,story,,lavaridge-town,After defeating or capturing Groudon,0,0,1,,,,,,After Groudon encounter,
houndoominite,ultra-sun-ultra-moon,ultra-moon,exchange,,battle-tree,64 BP,1,0,1,,,64,battle-point,,,
houndoominite,ultra-sun-ultra-moon,ultra-sun,exchange,,battle-tree,64 BP,1,0,1,,,64,battle-point,,,
houndoominite,x-y,x,exchange,,,Trade,1,0,1,,,,,,,
houndoominite,x-y,y,overworld,visible,kalos-route-16,Requires upgraded Mega Ring,0,0,1,,,,,,After obtaining an upgraded Mega Ring,
ice-berry,crystal,crystal,event,,,Mystery Gift,1,0,0,,,,,,,
ice-berry,crystal,crystal,berry-tree,,pewter-city,,1,0,1,,,,,,,
ice-berry,crystal,crystal,berry-tree,,route-26-kanto,,1,0,1,,,,,,,
ice-berry,crystal,crystal,berry-tree,,route-36-johto,,1,0,1,,,,,,,
ice-berry,gold-silver,gold,event,,,Mystery Gift,1,0,0,,,,,,,
ice-berry,gold-silver,gold,berry-tree,,pewter-city,,1,0,1,,,,,,,
ice-berry,gold-silver,gold,berry-tree,,route-36-johto,,1,0,1,,,,,,,
ice-berry,gold-silver,gold,berry-tree,,route-36-johto,,1,0,1,,,,,,,
ice-berry,gold-silver,silver,berry-tree,,pewter-city,,1,0,1,,,,,,,
ice-berry,gold-silver,silver,berry-tree,,route-26-kanto,,1,0,1,,,,,,,
ice-berry,gold-silver,silver,berry-tree,,route-36-johto,,1,0,1,,,,,,,
ice-berry,gold-silver,silver,event,,,Mystery Gift,1,0,0,,,,,,,
ice-gem,black-white,black,mining,,,Dust cloud,1,0,0,,,,,,,
ice-gem,black-2-white-2,black-2,overworld,visible,giant-chasm,,0,0,1,,,,,,,
ice-gem,black-white,white,mining,,,Dust cloud,1,0,0,,,,,,,
ice-gem,black-2-white-2,white-2,overworld,visible,giant-chasm,,0,0,1,,,,,,,
ice-memory,sun-moon,moon,npc-gift,,aether-paradise,From Gladion,0,0,1,,,,,,After becoming Champion,
ice-memory,sword-shield,shield,npc-gift,,battle-tower-galar,From a League Staff member,0,0,1,,,,,,,
ice-memory,sun-moon,sun,npc-gift,,aether-paradise,From Gladion,0,0,1,,,,,,After becoming Champion,
ice-memory,sword-shield,sword,npc-gift,,battle-tower-galar,From a League Staff member,0,0,1,,,,,,,
ice-memory,ultra-sun-ultra-moon,ultra-moon,npc-gift,,ancient-poni-path,From Wicke,0,0,1,,,,,,After becoming Champion,
ice-memory,ultra-sun-ultra-moon,ultra-sun,npc-gift,,ancient-poni-path,From Wicke,0,0,1,,,,,,After becoming Champion,
ice-tera-shard,scarlet-violet,scarlet,tera-raid,tera-raid-5star,,Tera Raid Battles (3★ onwards),1,0,0,,,,,,,
ice-tera-shard,scarlet-violet,scarlet,overworld,visible,area-zero,,0,0,1,,,,,,,
ice-tera-shard,scarlet-violet,violet,tera-raid,tera-raid-5star,,Tera Raid Battles (3★ onwards),1,0,0,,,,,,,
ice-tera-shard,scarlet-violet,violet,overworld,visible,area-zero,,0,0,1,,,,,,,
iceroot-carrot,sword-shield,shield,harvest,,snowslide-slope,Planting Carrot Seeds in the area's crop plots,0,0,1,,,,,,The Crown Tundra story progression,
iceroot-carrot,sword-shield,sword,harvest,,snowslide-slope,Planting Carrot Seeds in the area's crop plots,0,0,1,,,,,,The Crown Tundra story progression,
icicle-plate,diamond-pearl,diamond,overworld,visible,route-217-sinnoh,,0,0,1,,,,,,,
icicle-plate,heartgold-soulsilver,heartgold,npc-gift,,ss-aqua,From the captain after obtaining all 16 Gym Badges,0,0,1,,,,,,After obtaining all 16 Gym Badges,
icicle-plate,platinum,platinum,overworld,visible,route-217-sinnoh,,0,0,1,,,,,,,
icicle-plate,scarlet-violet,scarlet,auction,,porto-marinada,,0,0,0,,,,,,If the player owns an Arceus,
icicle-plate,heartgold-soulsilver,soulsilver,npc-gift,,ss-aqua,From the captain after obtaining all 16 Gym Badges,0,0,1,,,,,,After obtaining all 16 Gym Badges,
icicle-plate,scarlet-violet,violet,auction,,porto-marinada,,0,0,0,,,,,,If the player owns an Arceus,
icium-z--held,sun-moon,moon,overworld,visible,mount-lanakila,,0,0,1,,,,,,,
icium-z--held,sun-moon,sun,overworld,visible,mount-lanakila,,0,0,1,,,,,,,
icium-z--held,ultra-sun-ultra-moon,ultra-moon,overworld,visible,mount-lanakila,,0,0,1,,,,,,,
icium-z--held,ultra-sun-ultra-moon,ultra-sun,overworld,visible,mount-lanakila,,0,0,1,,,,,,,
ilimas-normalium-z,ultra-sun-ultra-moon,ultra-moon,npc-gift,,hauoli-city,Ilima's room,0,0,1,,,,,,After becoming Champion,
ilimas-normalium-z,ultra-sun-ultra-moon,ultra-sun,npc-gift,,hauoli-city,Ilima's room,0,0,1,,,,,,After becoming Champion,
impish-mint,brilliant-diamond-shining-pearl,brilliant-diamond,exchange,,,Battle Park,1,0,1,,,50,battle-point,,,
impish-mint,scarlet-violet,scarlet,overworld,visible,area-zero,,0,0,1,,,,,,,
impish-mint,scarlet-violet,scarlet,shop,vendor,,Chansey Supply,1,0,1,,,20000,poke-dollar,,After earning 6 Gym Badges,
impish-mint,sword-shield,shield,exchange,,,Battle Tower,1,0,1,,,50,battle-point,,,
impish-mint,sword-shield,shield,overworld,recurring,giants-bed,,1,1,1,,,,,,The Crown Tundra,
impish-mint,brilliant-diamond-shining-pearl,shining-pearl,exchange,,,Battle Park,1,0,1,,,50,battle-point,,,
impish-mint,sword-shield,sword,overworld,recurring,soothing-wetlands,,1,1,1,,,,,,The Isle of Armor,
impish-mint,sword-shield,sword,exchange,,,Battle Tower,1,0,1,,,50,battle-point,,,
impish-mint,scarlet-violet,violet,shop,vendor,,Chansey Supply,1,0,1,,,20000,poke-dollar,,After earning 6 Gym Badges,
impish-mint,scarlet-violet,violet,overworld,visible,area-zero,,0,0,1,,,,,,,
incinium-z--held,sun-moon,moon,npc-gift,,alola-route-01,Hau (if the player did not start with Litten),0,0,1,,,,,,,
incinium-z--held,sun-moon,sun,npc-gift,,malie-garden,Professor Kukui (if the player started with Litten),0,0,1,,,,,,,
incinium-z--held,ultra-sun-ultra-moon,ultra-moon,npc-gift,,iki-town,Hala (after defeating him in a rematch if the player did not choose Litten),0,0,1,,,,,,After defeating Hala in a rematch,
incinium-z--held,ultra-sun-ultra-moon,ultra-sun,npc-gift,,malie-garden,Professor Kukui (if the player started with Litten),0,0,1,,,,,,,
indigo-disk,scarlet-violet,scarlet,npc-gift,,blueberry-academy,Geeta in Classroom 1-4,0,0,1,,,,,,After defeating Kieran,
indigo-disk,scarlet-violet,violet,npc-gift,,blueberry-academy,Geeta in Classroom 1-4,0,0,1,,,,,,After defeating Kieran,
indigo-style-card,scarlet-violet,scarlet,npc-gift,,blueberry-academy,Entrance (from Cyrano),0,0,1,,,,,,After battling Lacey for the first time,
indigo-style-card,scarlet-violet,violet,npc-gift,,blueberry-academy,Entrance (from Cyrano),0,0,1,,,,,,After battling Lacey for the first time,
inquiry-mail,black-white,black,shop,poke-mart,shopping-mall-nine,Shopping Mall Nine,1,0,1,,,50,poke-dollar,,,"Also sold in most Poké Marts except Nimbasa, Mistralton, Icirrus, and Pokémon League."
inquiry-mail,black-2-white-2,black-2,shop,poke-mart,shopping-mall-nine,Shopping Mall Nine,1,0,1,,,50,poke-dollar,,,"Also sold in most Poké Marts except Nimbasa, Mistralton, Lacunosa, Victory Road, Pokémon League, and Striaton."
inquiry-mail,black-white,white,shop,poke-mart,shopping-mall-nine,Shopping Mall Nine,1,0,1,,,50,poke-dollar,,,"Also sold in most Poké Marts except Nimbasa, Mistralton, Icirrus, and Pokémon League."
inquiry-mail,black-2-white-2,white-2,shop,poke-mart,shopping-mall-nine,Shopping Mall Nine,1,0,1,,,50,poke-dollar,,,"Also sold in most Poké Marts except Nimbasa, Mistralton, Lacunosa, Victory Road, Pokémon League, and Striaton."
insect-plate,diamond-pearl,diamond,overworld,visible,eterna-forest,,0,0,1,,,,,,,
insect-plate,heartgold-soulsilver,heartgold,npc-gift,,ss-aqua,Captain after obtaining all 16 Gym Badges,0,0,1,,,,,,After obtaining all 16 Gym Badges,
insect-plate,diamond-pearl,pearl,overworld,visible,eterna-forest,,0,0,1,,,,,,,
insect-plate,platinum,platinum,overworld,visible,eterna-forest,,0,0,1,,,,,,,
insect-plate,scarlet-violet,scarlet,auction,,porto-marinada,,0,0,1,,,,,,If the player owns an Arceus,
insect-plate,heartgold-soulsilver,soulsilver,npc-gift,,ss-aqua,Captain after obtaining all 16 Gym Badges,0,0,1,,,,,,After obtaining all 16 Gym Badges,
insect-plate,scarlet-violet,violet,auction,,porto-marinada,,0,0,1,,,,,,If the player owns an Arceus,
instant-noodles,sword-shield,shield,shop,vendor,rolling-fields,Ingredients Seller,1,0,1,,,150,poke-dollar,,,
instant-noodles,sword-shield,shield,event,,,Gift after cooking curry,1,0,0,,,,,,,
instant-noodles,sword-shield,sword,shop,vendor,rolling-fields,Ingredients Seller,1,0,1,,,150,poke-dollar,,,
instant-noodles,sword-shield,sword,event,,,Gift after cooking curry,1,0,0,,,,,,,
intriguing-stone,omega-ruby-alpha-sapphire,alpha-sapphire,npc-gift,,verdanturf-town,From the girl with the missing Shroomish found behind the Verdanturf Town sign,0,0,1,,,,,,,
intriguing-stone,omega-ruby-alpha-sapphire,omega-ruby,npc-gift,,verdanturf-town,From the girl with the missing Shroomish found behind the Verdanturf Town sign,0,0,1,,,,,,,
intriguing-stone,x-y,x,npc-gift,,shalour-city,From Tierno before entering the Tower of Mastery,0,0,1,,,,,,,
intriguing-stone,x-y,y,npc-gift,,shalour-city,From Tierno before entering the Tower of Mastery,0,0,1,,,,,,,
iron,red-blue,red,shop,department-store,celadon-city,Celadon Department Store,1,0,1,,,9800,poke-dollar,,,
iron,scarlet-violet,scarlet,shop,specialty-shop,,After earning 3 Gym Badges,1,0,1,,,10000,poke-dollar,,After earning 3 Gym Badges,
iron-ball,diamond-pearl,diamond,overworld,visible,stark-mountain,,0,0,1,,,,,,,
iron-ball,diamond-pearl,diamond,overworld,visible,iron-island,,0,0,1,,,,,,,
iron-plate,omega-ruby-alpha-sapphire,alpha-sapphire,npc-gift,,mossdeep-city,Steven's Beldum,0,0,1,,,,,,,
iron-plate,black-white,black,overworld,visible,abyssal-ruins,,0,0,1,,,,,,,
iron-plate,brilliant-diamond-shining-pearl,brilliant-diamond,overworld,visible,iron-island,,0,0,1,,,,,,,
iron-plate,diamond-pearl,diamond,overworld,visible,iron-island,,0,0,1,,,,,,,
iron-plate,heartgold-soulsilver,heartgold,npc-gift,,ss-aqua,Captain,0,0,1,,,,,,After obtaining all 16 Gym Badges,
iron-plate,sun-moon,moon,shop,specialty-shop,hauoli-city,Antiquities of the Ages,0,0,1,,,10000,poke-dollar,,,
iron-plate,omega-ruby-alpha-sapphire,omega-ruby,npc-gift,,mossdeep-city,Steven's Beldum,0,0,1,,,,,,,
iron-plate,diamond-pearl,pearl,overworld,visible,iron-island,,0,0,1,,,,,,,
iron-plate,platinum,platinum,overworld,visible,iron-island,,0,0,1,,,,,,,
iron-plate,scarlet-violet,scarlet,auction,,porto-marinada,,0,0,1,,,,poke-dollar,,If the player owns an Arceus,
iron-plate,brilliant-diamond-shining-pearl,shining-pearl,overworld,visible,iron-island,,0,0,1,,,,,,,
iron-plate,heartgold-soulsilver,soulsilver,npc-gift,,ss-aqua,Captain,0,0,1,,,,,,After obtaining all 16 Gym Badges,
iron-plate,sun-moon,sun,shop,specialty-shop,hauoli-city,Antiquities of the Ages,0,0,1,,,10000,poke-dollar,,,
iron-plate,scarlet-violet,violet,auction,,porto-marinada,,0,0,1,,,,poke-dollar,,If the player owns an Arceus,
iron-plate,black-white,white,overworld,visible,abyssal-ruins,,0,0,1,,,,,,,
iron-plate,x-y,x,overworld,visible,terminus-cave,,0,0,1,,,,,,,
iron-plate,x-y,y,overworld,visible,terminus-cave,,0,0,1,,,,,,,
jaboca-berry,diamond-pearl,diamond,event,,,,0,0,1,,,,,,,
jade-orb,heartgold-soulsilver,heartgold,npc-gift,,pallet-town,Professor Oak's Laboratory,0,0,1,,,,,,Show Professor Oak a Kyogre from HeartGold and a Groudon from SoulSilver.,
jade-orb,heartgold-soulsilver,soulsilver,npc-gift,,pallet-town,Professor Oak's Laboratory,0,0,1,,,,,,Show Professor Oak a Kyogre from HeartGold and a Groudon from SoulSilver.,
jalapeno,scarlet-violet,scarlet,vending-machine,,,Sure Cans,1,0,1,,,,,,After earning 4 Gym Badges,
jalapeno,scarlet-violet,scarlet,vending-machine,,,Vending machines (Terarium),1,0,1,,,,,,,
jalapeno,scarlet-violet,violet,vending-machine,,,Vending machines (Terarium),1,0,1,,,,,,,
jalapeno,scarlet-violet,violet,vending-machine,,,Sure Cans,1,0,1,,,,,,After earning 4 Gym Badges,
jam,scarlet-violet,scarlet,overworld,visible,south-province-area-two,,0,0,1,,,,,,,
jam,scarlet-violet,scarlet,shop,vendor,,Artisan Bakery,1,0,1,,,120,poke-dollar,,,
jam,scarlet-violet,scarlet,shop,vendor,,Aquiesta Supermarket,1,0,1,,,120,poke-dollar,,,
jam,scarlet-violet,scarlet,shop,vendor,,Peachy's,1,0,1,,,120,poke-dollar,,,
jam,scarlet-violet,violet,shop,vendor,,Peachy's,1,0,1,,,120,poke-dollar,,,
jam,scarlet-violet,violet,overworld,visible,south-province-area-two,,0,0,1,,,,,,,
jam,scarlet-violet,violet,shop,vendor,,Aquiesta Supermarket,1,0,1,,,120,poke-dollar,,,
jam,scarlet-violet,violet,shop,vendor,,Artisan Bakery,1,0,1,,,120,poke-dollar,,,
jaw-fossil,x-y,x,choice,,glittering-cave,Choice between this and the Sail Fossil,0,0,1,,,,,,,
jaw-fossil,x-y,y,choice,,glittering-cave,Choice between this and the Sail Fossil,0,0,1,,,,,,,
johto-slate,brilliant-diamond-shining-pearl,brilliant-diamond,exchange,,ramanas-park,Ramanas Park vendor,1,0,1,,,3,,,"After catching Regirock, Regice, and Registeel",Exchange requires Mysterious Shards
jolly-mint,brilliant-diamond-shining-pearl,brilliant-diamond,exchange,,,Battle Park,1,0,1,,,50,battle-point,,,
jolly-mint,scarlet-violet,scarlet,shop,vendor,,Chansey Supply,1,0,1,,,20000,poke-dollar,,After earning 6 Gym Badges,
jolly-mint,sword-shield,shield,overworld,recurring,giants-bed,Hidden recurring item,1,1,1,,,,,,The Crown Tundra,
jolly-mint,sword-shield,shield,exchange,,,Battle Tower,1,0,1,,,50,battle-point,,,
jolly-mint,brilliant-diamond-shining-pearl,shining-pearl,exchange,,,Battle Park,1,0,1,,,50,battle-point,,,
jolly-mint,sword-shield,sword,overworld,recurring,soothing-wetlands,Hidden recurring item,1,1,1,,,,,,The Isle of Armor,
jolly-mint,sword-shield,sword,exchange,,,Battle Tower,1,0,1,,,50,battle-point,,,
jolly-mint,scarlet-violet,violet,tournament,,,Academy Ace Tournament,1,0,0,,,,,,,
kangaskhanite,omega-ruby-alpha-sapphire,alpha-sapphire,overworld,visible,pacifidlog-town,,0,0,1,,,,,,,
kangaskhanite,lets-go-pikachu-lets-go-eevee,lets-go-eevee,overworld,visible,indigo-plateau,,0,0,1,,,,,,,
kangaskhanite,lets-go-pikachu-lets-go-eevee,lets-go-pikachu,overworld,visible,indigo-plateau,,0,0,1,,,,,,,
kangaskhanite,sun-moon,moon,exchange,,battle-tree,,1,0,1,,,64,battle-point,,,
kangaskhanite,omega-ruby-alpha-sapphire,omega-ruby,overworld,visible,pacifidlog-town,,0,0,1,,,,,,,
kangaskhanite,sun-moon,sun,exchange,,battle-tree,,1,0,1,,,64,battle-point,,,
kangaskhanite,ultra-sun-ultra-moon,ultra-moon,exchange,,battle-tree,,1,0,1,,,64,battle-point,,,
kangaskhanite,ultra-sun-ultra-moon,ultra-sun,exchange,,battle-tree,,1,0,1,,,64,battle-point,,,
kangaskhanite,x-y,x,overworld,visible,glittering-cave,Requires upgraded Mega Ring,0,0,1,,,,,,After obtaining an upgraded Mega Ring,
kangaskhanite,x-y,y,overworld,visible,glittering-cave,Requires upgraded Mega Ring,0,0,1,,,,,,After obtaining an upgraded Mega Ring,
kanto-slate,brilliant-diamond-shining-pearl,shining-pearl,exchange,,ramanas-park,,1,0,1,,,,,,"After catching Regirock, Regice, and Registeel",Exchanged for Mysterious Shards.
kee-berry,omega-ruby-alpha-sapphire,alpha-sapphire,overworld,recurring,,Gather Berries skill,1,0,1,,,,,,,
kee-berry,sun-moon,moon,overworld,recurring,alola-route-10,Berry piles,1,0,0,,,,,,,
kee-berry,omega-ruby-alpha-sapphire,omega-ruby,overworld,recurring,,Gather Berries skill,1,0,1,,,,,,,
kee-berry,scarlet-violet,scarlet,tournament,,,Ogre Oustin',1,0,0,,,,,,The Teal Mask,
kee-berry,sword-shield,shield,berry-tree,,axews-eye,Berry trees,1,0,0,,,,,,,
kee-berry,sun-moon,sun,overworld,recurring,alola-route-10,Berry piles,1,0,0,,,,,,,
kee-berry,sword-shield,sword,berry-tree,,axews-eye,Berry trees,1,0,0,,,,,,,
kee-berry,ultra-sun-ultra-moon,ultra-moon,overworld,recurring,alola-route-10,Berry piles,1,0,0,,,,,,,
kee-berry,ultra-sun-ultra-moon,ultra-sun,overworld,recurring,alola-route-10,Berry piles,1,0,0,,,,,,,
kee-berry,scarlet-violet,violet,tournament,,,Ogre Oustin',1,0,0,,,,,,The Teal Mask,
kee-berry,x-y,x,crafting,recipe,,Mutation of Liechi and Ganlon Berries,1,0,1,,,,,,,
kee-berry,x-y,y,crafting,recipe,,Mutation of Liechi and Ganlon Berries,1,0,1,,,,,,,
ketchup,scarlet-violet,scarlet,shop,specialty-shop,,Artisan Bakery,1,0,1,,,110,poke-dollar,,,
ketchup,scarlet-violet,scarlet,shop,specialty-shop,,Peachy's,1,0,1,,,110,poke-dollar,,The Teal Mask,
ketchup,scarlet-violet,scarlet,shop,specialty-shop,,Aquiesta Supermarket,1,0,1,,,110,poke-dollar,,,
ketchup,scarlet-violet,scarlet,vending-machine,,terarium,Vending machines,1,0,1,,,110,poke-dollar,,The Indigo Disk,
ketchup,scarlet-violet,scarlet,overworld,visible,south-province-area-three,,0,0,1,1,,,,,,
ketchup,scarlet-violet,scarlet,overworld,visible,west-province-area-two,,0,0,1,1,,,,,,
ketchup,scarlet-violet,violet,shop,specialty-shop,,Artisan Bakery,1,0,1,,,110,poke-dollar,,,
ketchup,scarlet-violet,violet,overworld,visible,south-province-area-three,,0,0,1,1,,,,,,
ketchup,scarlet-violet,violet,overworld,visible,west-province-area-two,,0,0,1,1,,,,,,
ketchup,scarlet-violet,violet,shop,specialty-shop,,Aquiesta Supermarket,1,0,1,,,110,poke-dollar,,,
ketchup,scarlet-violet,violet,shop,specialty-shop,,Peachy's,1,0,1,,,110,poke-dollar,,The Teal Mask,
ketchup,scarlet-violet,violet,vending-machine,,terarium,Vending machines,1,0,1,,,110,poke-dollar,,The Indigo Disk,
key-stone,omega-ruby-alpha-sapphire,alpha-sapphire,npc-gift,,southern-island,From Steven after obtaining Latias (Mega Bracelet),0,0,1,,,,,,After obtaining Latias,
key-stone,lets-go-pikachu-lets-go-eevee,lets-go-eevee,npc-gift,,professor-oaks-laboratory,From Blue after earning seven Badges,0,0,1,,,,,,After earning seven Badges,
key-stone,lets-go-pikachu-lets-go-eevee,lets-go-pikachu,npc-gift,,professor-oaks-laboratory,From Blue after earning seven Badges,0,0,1,,,,,,After earning seven Badges,
key-stone,sun-moon,moon,npc-gift,,ancient-poni-path,From Dexio after becoming Champion,0,0,1,,,,,,After becoming Champion,
key-stone,omega-ruby-alpha-sapphire,omega-ruby,npc-gift,,southern-island,From Steven after obtaining Latios (Mega Bracelet),0,0,1,,,,,,After obtaining Latios,
key-stone,sun-moon,sun,npc-gift,,ancient-poni-path,From Dexio after becoming Champion,0,0,1,,,,,,After becoming Champion,
key-stone,ultra-sun-ultra-moon,ultra-moon,npc-gift,,poni-plains,From Dexio after becoming Champion,0,0,1,,,,,,After becoming Champion,
key-stone,ultra-sun-ultra-moon,ultra-sun,npc-gift,,poni-plains,From Dexio after becoming Champion,0,0,1,,,,,,After becoming Champion,
key-stone,x-y,x,npc-gift,,tower-of-mastery,From Korrina after earning the Rumble Badge (Mega Ring),0,0,1,,,,,rumble-badge,,
key-stone,x-y,y,npc-gift,,tower-of-mastery,From Korrina after earning the Rumble Badge (Mega Ring),0,0,1,,,,,rumble-badge,,
key-to-room-1,omega-ruby-alpha-sapphire,alpha-sapphire,npc-gift,,sea-mauville,Female Tuber on the right side,0,0,1,,,,,,,
key-to-room-1,emerald,emerald,overworld,visible,abandoned-ship,Room 3,0,0,1,,,,,,,
key-to-room-1,omega-ruby-alpha-sapphire,omega-ruby,npc-gift,,sea-mauville,Female Tuber on the right side,0,0,1,,,,,,,
key-to-room-1,ruby-sapphire,ruby,overworld,visible,abandoned-ship,Room 3,0,0,1,,,,,,,
key-to-room-1,ruby-sapphire,sapphire,overworld,visible,abandoned-ship,Room 3,0,0,1,,,,,,,
key-to-room-2,omega-ruby-alpha-sapphire,alpha-sapphire,overworld,visible,sea-mauville,Room 1,0,0,1,,,,,,,
key-to-room-2,emerald,emerald,overworld,visible,abandoned-ship,Room 3,0,0,1,,,,,,,
key-to-room-2,omega-ruby-alpha-sapphire,omega-ruby,overworld,visible,sea-mauville,Room 1,0,0,1,,,,,,,
key-to-room-2,ruby-sapphire,ruby,overworld,visible,abandoned-ship,Room 3,0,0,1,,,,,,,
key-to-room-2,ruby-sapphire,sapphire,overworld,visible,abandoned-ship,Room 3,0,0,1,,,,,,,
key-to-room-4,omega-ruby-alpha-sapphire,alpha-sapphire,npc-gift,,sea-mauville,Northern exterior; Fisherman,0,0,1,,,,,,,
key-to-room-4,emerald,emerald,overworld,visible,abandoned-ship,Room 1,0,0,1,,,,,,,
key-to-room-4,omega-ruby-alpha-sapphire,omega-ruby,npc-gift,,sea-mauville,Northern exterior; Fisherman,0,0,1,,,,,,,
key-to-room-4,ruby-sapphire,ruby,overworld,visible,abandoned-ship,Room 1,0,0,1,,,,,,,
key-to-room-4,ruby-sapphire,sapphire,overworld,visible,abandoned-ship,Room 1,0,0,1,,,,,,,
key-to-room-6,omega-ruby-alpha-sapphire,alpha-sapphire,npc-gift,,sea-mauville,Room 2; from the Teammates,0,0,1,,,,,,,
key-to-room-6,emerald,emerald,overworld,visible,abandoned-ship,Room 4,0,0,1,,,,,,,
key-to-room-6,omega-ruby-alpha-sapphire,omega-ruby,npc-gift,,sea-mauville,Room 2; from the Teammates,0,0,1,,,,,,,
key-to-room-6,ruby-sapphire,ruby,overworld,visible,abandoned-ship,Room 4,0,0,1,,,,,,,
key-to-room-6,ruby-sapphire,sapphire,overworld,visible,abandoned-ship,Room 4,0,0,1,,,,,,,
kiwi,scarlet-violet,scarlet,vending-machine,,,Sure Cans,1,0,1,,,180,poke-dollar,,After earning 3 Gym Badges,
kiwi,scarlet-violet,scarlet,vending-machine,,terarium,Vending machines,1,0,1,,,,,,The Indigo Disk,
kiwi,scarlet-violet,violet,vending-machine,,,Sure Cans,1,0,1,,,180,poke-dollar,,After earning 3 Gym Badges,
kiwi,scarlet-violet,violet,vending-machine,,terarium,Vending machines,1,0,1,,,,,,The Indigo Disk,
klawf-stick,scarlet-violet,scarlet,shop,specialty-shop,aquiesta-supermarket,Aquiesta Supermarket,1,0,1,,,500,poke-dollar,,After earning 8 Gym Badges,
klawf-stick,scarlet-violet,scarlet,auction,,porto-marinada,Porto Marinada auction,1,0,0,,,,,,,
klawf-stick,scarlet-violet,scarlet,vending-machine,,terarium,Vending machines,1,0,1,,,,,,Available in The Indigo Disk,
klawf-stick,scarlet-violet,violet,shop,specialty-shop,aquiesta-supermarket,Aquiesta Supermarket,1,0,1,,,500,poke-dollar,,After earning 8 Gym Badges,
klawf-stick,scarlet-violet,violet,auction,,porto-marinada,Porto Marinada auction,1,0,0,,,,,,,
klawf-stick,scarlet-violet,violet,vending-machine,,terarium,Vending machines,1,0,1,,,,,,Available in The Indigo Disk,
kofus-wallet,scarlet-violet,scarlet,npc-gift,,cascarrafa,Gym staffer near the Cascarrafa Gym,0,0,1,,,,,,During the Cascarrafa Gym Test,
kofus-wallet,scarlet-violet,violet,npc-gift,,cascarrafa,Gym staffer near the Cascarrafa Gym,0,0,1,,,,,,During the Cascarrafa Gym Test,
kommonium-z--held,ultra-sun-ultra-moon,ultra-moon,overworld,visible,plains-grotto,,0,0,1,,,,,,,
kommonium-z--held,ultra-sun-ultra-moon,ultra-sun,overworld,visible,plains-grotto,,0,0,1,,,,,,,
koraidons-poke-ball,scarlet-violet,scarlet,npc-defeat,,poco-path,Arven,0,0,1,,,,,,After defeating Arven,
kubfu-treat,scarlet-violet,scarlet,npc-gift,,blueberry-academy,Entrance (Snacksworth),0,0,1,,,,,,After completing 10 solo Blueberry Quests,Available in The Indigo Disk.
kubfu-treat,scarlet-violet,violet,npc-gift,,blueberry-academy,Entrance (Snacksworth),0,0,1,,,,,,After completing 10 solo Blueberry Quests,Available in The Indigo Disk.
kyogre-treat,scarlet-violet,scarlet,npc-gift,,blueberry-academy,Entrance (Snacksworth),0,0,1,,,,,,After completing one group Blueberry Quest,Available in The Indigo Disk.
kyogre-treat,scarlet-violet,violet,npc-gift,,blueberry-academy,Entrance (Snacksworth),0,0,1,,,,,,After completing 10 solo Blueberry Quests,Available in The Indigo Disk.
kyurem-treat,scarlet-violet,scarlet,npc-gift,,blueberry-academy,Blueberry Academy entrance (Snacksworth),0,0,1,,,,,,After completing a group Blueberry Quest,
kyurem-treat,scarlet-violet,violet,npc-gift,,blueberry-academy,Blueberry Academy entrance (Snacksworth),0,0,1,,,,,,After completing a group Blueberry Quest,
lagging-tail,diamond-pearl,diamond,overworld,visible,route-226-sinnoh,,0,0,1,,,,,,,
lagging-tail,diamond-pearl,pearl,overworld,visible,route-226-sinnoh,,0,0,1,,,,,,,
lansat-berry,diamond-pearl,diamond,event,,,Event distribution,0,0,1,1,,,,,,
lansat-berry,emerald,emerald,npc-gift,,battle-frontier-hoenn,From Scott after obtaining all seven Silver Frontier Symbols,0,0,1,1,,,,,After obtaining all seven Silver Frontier Symbols,
lansat-berry,sword-shield,sword,tournament,,battle-tower-galar,After 100 consecutive victories,1,0,1,1,,,,,After 100 consecutive Battle Tower victories,
large-leek,sword-shield,shield,overworld,recurring,challenge-beach,Hidden recurring item,1,1,1,,,,,,Isle of Armor,
large-leek,sword-shield,shield,overworld,recurring,giants-cap,Hidden recurring item,1,1,1,,,,,,,
large-leek,sword-shield,shield,overworld,recurring,freezington,Hidden recurring item,1,1,1,,,,,,Crown Tundra,
large-leek,sword-shield,sword,overworld,recurring,giants-cap,Hidden recurring item,1,1,1,,,,,,,
large-leek,sword-shield,sword,overworld,recurring,challenge-beach,Hidden recurring item,1,1,1,,,,,,Isle of Armor,
large-leek,sword-shield,sword,overworld,recurring,freezington,Hidden recurring item,1,1,1,,,,,,Crown Tundra,
latias-treat,scarlet-violet,scarlet,npc-gift,,blueberry-academy,Entrance (Snacksworth),0,0,1,,,,,,After completing one group Blueberry Quest,
latias-treat,scarlet-violet,violet,npc-gift,,blueberry-academy,Entrance (Snacksworth),0,0,1,,,,,,After completing 10 solo Blueberry Quests,
latiasite,omega-ruby-alpha-sapphire,alpha-sapphire,wild-pokemon,static,southern-island,Held by Latias,0,0,1,,,,,,,
latiasite,sun-moon,moon,event,,,,0,0,1,,,,,,,
latiasite,omega-ruby-alpha-sapphire,omega-ruby,npc-gift,,littleroot-town,From Mom after completing the Delta Episode,0,0,1,,,,,,After completing the Delta Episode,
latiasite,sun-moon,sun,event,,,,0,0,1,,,,,,,
latiasite,ultra-sun-ultra-moon,ultra-moon,exchange,,battle-tree,Battle Tree,1,0,1,,,64,battle-point,,,
latiasite,ultra-sun-ultra-moon,ultra-sun,exchange,,battle-tree,Battle Tree,1,0,1,,,64,battle-point,,,
latiasite,x-y,x,exchange,,,Trade,1,0,1,,,,,,,
latiasite,x-y,y,exchange,,,Trade,1,0,1,,,,,,,
latios-treat,scarlet-violet,scarlet,npc-gift,,blueberry-academy-entrance,Snacksworth,0,0,1,,,,,,After completing 10 solo Blueberry Quests,
latios-treat,scarlet-violet,violet,npc-gift,,blueberry-academy-entrance,Snacksworth,0,0,1,,,,,,After completing one group Blueberry Quest,
latiosite,omega-ruby-alpha-sapphire,alpha-sapphire,npc-gift,,littleroot-town,From Mom after completing the Delta Episode,0,0,1,,,,,,After completing the Delta Episode,
latiosite,omega-ruby-alpha-sapphire,omega-ruby,wild-pokemon,static,southern-island,Held by Latios,0,0,1,,,,,,,
latiosite,ultra-sun-ultra-moon,ultra-sun,exchange,,battle-tree,,1,0,1,,,64,battle-point,,,
latiosite,x-y,x,transfer,,,Trade,1,0,1,,,,,,,
lava-cookie,firered-leafgreen,firered,overworld,visible,ss-anne,Harbor,0,0,1,,,,,,,
lava-cookie,ruby-sapphire,ruby,overworld,recurring,mt-chimney,,1,0,1,,,,,,,
lax-incense,black-white,black,shop,vendor,driftveil-city,Driftveil Market,1,0,1,,,9600,poke-dollar,,Post-National Pokédex,
lax-incense,diamond-pearl,diamond,overworld,visible,route-225-sinnoh,,0,0,1,,,,,,,
lax-incense,firered-leafgreen,firered,overworld,visible,lost-cave,,0,0,1,,,,,,,
lax-incense,ruby-sapphire,ruby,overworld,visible,mt-pyre,,0,0,1,,,,,,,
lax-mint,brilliant-diamond-shining-pearl,brilliant-diamond,exchange,,battle-park-sinnoh,Battle Park,1,0,1,,,50,battle-point,,,
lax-mint,scarlet-violet,scarlet,shop,vendor,,Chansey Supply,1,0,1,,,20000,poke-dollar,,After earning 6 Gym Badges,
lax-mint,sword-shield,shield,exchange,,battle-tower-galar,Battle Tower,1,0,1,,,50,battle-point,,,
lax-mint,sword-shield,sword,overworld,recurring,giants-bed,Hidden recurring item,1,1,1,,,,,,The Crown Tundra,
lax-mint,sword-shield,sword,exchange,,battle-tower-galar,Battle Tower,1,0,1,,,50,battle-point,,,
lax-mint,sword-shield,sword,overworld,recurring,soothing-wetlands,Hidden recurring item,1,1,1,,,,,,The Isle of Armor,
leaders-crest,scarlet-violet,scarlet,wild-pokemon,,,Held by wild Bisharp leading a group of Pawniard,1,0,0,,,,,,,
leaders-crest,scarlet-violet,violet,wild-pokemon,,,Held by wild Bisharp leading a group of Pawniard,1,0,0,,,,,,,
leaf-letter--pikachu,lets-go-pikachu-lets-go-eevee,lets-go-eevee,npc-gift,,,Gift from Partner Eevee,1,0,1,,,,,,,
leaf-letter--pikachu,lets-go-pikachu-lets-go-eevee,lets-go-pikachu,npc-gift,,,Gift from Partner Pikachu,1,0,1,,,,,,,
leafy-chairs,scarlet-violet,scarlet,npc-gift,,revelers-road,Picnicker,0,0,1,,,,,,If the player owns the Leafy Tablecloth,
leafy-chairs,scarlet-violet,violet,npc-gift,,revelers-road,Picnicker,0,0,1,,,,,,If the player owns the Leafy Tablecloth,
leafy-tablecloth,scarlet-violet,scarlet,shop,specialty-shop,mesagoza,Picnic-Knacks (Mesagoza Branch),1,0,1,,,2000,poke-dollar,,,
leafy-tablecloth,scarlet-violet,violet,shop,specialty-shop,mesagoza,Picnic-Knacks (Mesagoza Branch),1,0,1,,,2000,poke-dollar,,,
stick,diamond-pearl,diamond,wild-pokemon,,,Held by wild Farfetch'd,1,0,0,,5.0,,,,,
stick,gold-silver,gold,wild-pokemon,,,Held by wild Farfetch'd,1,0,0,,2.0,,,,,
stick,sword-shield,sword,wild-pokemon,,,Held by wild Farfetch'd,1,0,0,,50.0,,,,,
left-poke-ball,ultra-sun-ultra-moon,ultra-moon,overworld,visible,heahea-city,Aether Office,0,0,1,,,,,,,
left-poke-ball,ultra-sun-ultra-moon,ultra-sun,overworld,visible,heahea-city,Aether Office,0,0,1,,,,,,,
legendary-clue-1,sword-shield,shield,npc-gift,,freezington,"Peony at the Freeze Inn, after the first Dynamax Adventure",0,0,1,,,,,,After completing the first Dynamax Adventure,
legendary-clue-1,sword-shield,sword,npc-gift,,freezington,"Peony at the Freeze Inn, after the first Dynamax Adventure",0,0,1,,,,,,After completing the first Dynamax Adventure,
legendary-clue-2,sword-shield,shield,npc-gift,,freezington,Peony in the Freeze Inn,0,0,1,,,,,,After the first Dynamax Adventure,Crown Tundra
legendary-clue-2,sword-shield,sword,npc-gift,,freezington,Peony in the Freeze Inn,0,0,1,,,,,,After the first Dynamax Adventure,Crown Tundra
legendary-clue-3,sword-shield,shield,npc-gift,,freezington,"Peony at the Freeze Inn, after the first Dynamax Adventure",0,0,1,,,,,,After completing the first Dynamax Adventure,Crown Tundra
legendary-clue-3,sword-shield,sword,npc-gift,,freezington,"Peony at the Freeze Inn, after the first Dynamax Adventure",0,0,1,,,,,,After completing the first Dynamax Adventure,Crown Tundra
legendary-clue-question,sword-shield,shield,overworld,visible,freezington,On the doormat in the Freeze Inn after completing all Legendary Clues,0,0,1,,,,,,After completing all the Legendary Clues,The Crown Tundra
legendary-clue-question,sword-shield,sword,overworld,visible,freezington,On the doormat in the Freeze Inn after completing all Legendary Clues,0,0,1,,,,,,After completing all the Legendary Clues,The Crown Tundra
lemonade,red-blue,red,vending-machine,,celadon-city,Celadon Department Store,1,0,1,,,350,poke-dollar,,,
lens-case,sun-moon,moon,npc-gift,,hauoli-city,"Lillie, outside the apparel shop",0,0,1,,,,,,,
lens-case,sun-moon,sun,npc-gift,,hauoli-city,"Lillie, outside the apparel shop",0,0,1,,,,,,,
lens-case,ultra-sun-ultra-moon,ultra-moon,npc-gift,,hauoli-city,"Lillie, outside the apparel shop",0,0,1,,,,,,,
lens-case,ultra-sun-ultra-moon,ultra-sun,npc-gift,,hauoli-city,"Lillie, outside the apparel shop",0,0,1,,,,,,,
lens-case,x-y,x,npc-gift,,lumiose-city,Punk Girl in the PR Video Studio,0,0,1,,,,,,,
lens-case,x-y,y,npc-gift,,lumiose-city,Punk Girl in the PR Video Studio,0,0,1,,,,,,,
letter,omega-ruby-alpha-sapphire,alpha-sapphire,npc-gift,,devon-corporation,Mr. Stone after retrieving the stolen briefcase,0,0,1,,,,,,After retrieving the stolen briefcase,
letter,emerald,emerald,npc-gift,,devon-corporation,Mr. Stone after retrieving the stolen briefcase,0,0,1,,,,,,After retrieving the stolen briefcase,
letter,omega-ruby-alpha-sapphire,omega-ruby,npc-gift,,devon-corporation,Mr. Stone after retrieving the stolen briefcase,0,0,1,,,,,,After retrieving the stolen briefcase,
letter,ruby-sapphire,ruby,npc-gift,,devon-corporation,Mr. Stone after retrieving the stolen briefcase,0,0,1,,,,,,After retrieving the stolen briefcase,
letter,ruby-sapphire,sapphire,npc-gift,,devon-corporation,Mr. Stone after retrieving the stolen briefcase,0,0,1,,,,,,After retrieving the stolen briefcase,
lettuce,scarlet-violet,scarlet,shop,vendor,,Aquiesta Supermarket,1,0,1,,,90,poke-dollar,,,
lettuce,scarlet-violet,scarlet,shop,vendor,,Artisan Bakery,1,0,1,,,90,poke-dollar,,,
lettuce,scarlet-violet,scarlet,shop,vendor,,Peachy's,1,0,1,,,90,poke-dollar,,The Teal Mask,
lettuce,scarlet-violet,scarlet,vending-machine,,,Terarium vending machines,1,0,1,,,90,poke-dollar,,The Indigo Disk,
lettuce,scarlet-violet,violet,vending-machine,,,Terarium vending machines,1,0,1,,,90,poke-dollar,,The Indigo Disk,
lettuce,scarlet-violet,violet,shop,vendor,,Peachy's,1,0,1,,,90,poke-dollar,,The Teal Mask,
lettuce,scarlet-violet,violet,shop,vendor,,Artisan Bakery,1,0,1,,,90,poke-dollar,,,
lettuce,scarlet-violet,violet,shop,vendor,,Aquiesta Supermarket,1,0,1,,,90,poke-dollar,,,
liberty-pass,black-white,black,event,,,Wireless distribution,0,0,1,,,,,,,
liberty-pass,black-white,white,event,,,Wireless distribution,0,0,1,,,,,,,
liechi-berry,emerald,emerald,overworld,visible,mirage-island,,0,0,1,,,,,,,
liechi-berry,sword-shield,sword,berry-tree,,galar-route-07,,1,0,0,,,,,,,
lift-key,red-blue,blue,npc-defeat,,team-rocket-hideout,Dropped by a Team Rocket Grunt on BF4 after being defeated and spoken to again,0,0,1,,,,,,,
lift-key,firered-leafgreen,firered,npc-defeat,,team-rocket-hideout,Dropped by a Team Rocket Grunt on BF4 immediately after being defeated,0,0,1,,,,,,,
lift-key,firered-leafgreen,leafgreen,npc-defeat,,team-rocket-hideout,Dropped by a Team Rocket Grunt on BF4 immediately after being defeated,0,0,1,,,,,,,
lift-key,lets-go-pikachu-lets-go-eevee,lets-go-eevee,overworld,visible,team-rocket-hideout,Found on a wall on BF4 after defeating a Grunt,0,0,1,,,,,,,
lift-key,lets-go-pikachu-lets-go-eevee,lets-go-pikachu,overworld,visible,team-rocket-hideout,Found on a wall on BF4 after defeating a Grunt,0,0,1,,,,,,,
lift-key,red-blue,red,npc-defeat,,team-rocket-hideout,Dropped by a Team Rocket Grunt on BF4 after being defeated and spoken to again,0,0,1,,,,,,,
lift-key,yellow,yellow,npc-defeat,,team-rocket-hideout,Dropped by a Team Rocket Grunt on BF4 immediately after being defeated,0,0,1,,,,,,,
light-stone,black-white,black,npc-gift,,nacrene-city,Received from Lenora after clearing Relic Castle,0,0,1,,,,,,After clearing Relic Castle,
light-stone,black-2-white-2,white-2,npc-gift,,ns-castle,Received from N after defeating him and Reshiram,0,0,1,,,,,,After defeating N and Reshiram,
like-mail,black-white,black,shop,poke-mart,,Shopping Mall Nine and most Poké Marts (exceptions apply),1,0,1,,,50,poke-dollar,,,
like-mail,black-2-white-2,black-2,shop,poke-mart,,Shopping Mall Nine and most Poké Marts (exceptions apply),1,0,1,,,50,poke-dollar,,,
like-mail,black-white,white,shop,poke-mart,,Shopping Mall Nine and most Poké Marts (exceptions apply),1,0,1,,,50,poke-dollar,,,
like-mail,black-2-white-2,white-2,shop,poke-mart,,Shopping Mall Nine and most Poké Marts (exceptions apply),1,0,1,,,50,poke-dollar,,,
lilac-chairs,scarlet-violet,scarlet,npc-gift,,revelers-road,Picnicker,0,0,1,,,,,,If the player owns the Lilac Tablecloth,
lilac-chairs,scarlet-violet,violet,npc-gift,,revelers-road,Picnicker,0,0,1,,,,,,If the player owns the Lilac Tablecloth,
lilac-tablecloth,scarlet-violet,scarlet,shop,specialty-shop,mesagoza,Picnic-Knacks (Mesagoza Branch),1,0,1,,,1000,poke-dollar,,,
lilac-tablecloth,scarlet-violet,violet,shop,specialty-shop,mesagoza,Picnic-Knacks (Mesagoza Branch),1,0,1,,,1000,poke-dollar,,,
litebluemail,crystal,crystal,shop,poke-mart,vermilion-city,Vermilion City Poké Mart,1,0,1,,,50,poke-dollar,,,
litebluemail,gold-silver,gold,shop,poke-mart,vermilion-city,Vermilion City Poké Mart,1,0,1,,,50,poke-dollar,,,
litebluemail,gold-silver,silver,shop,poke-mart,vermilion-city,Vermilion City Poké Mart,1,0,1,,,50,poke-dollar,,,
loaded-dice,scarlet-violet,scarlet,npc-gift,,east-province-area-one,Pokémon League representative,0,0,1,,,,,,After defeating 5 Trainers in the area,
loaded-dice,scarlet-violet,scarlet,shop,specialty-shop,levincia,Delibird Presents (Levincia Branch),1,0,1,,,20000,poke-dollar,,,
loaded-dice,scarlet-violet,scarlet,item-printer,,,,1,0,0,,,,,,The Indigo Disk,
loaded-dice,scarlet-violet,violet,shop,specialty-shop,levincia,Delibird Presents (Levincia Branch),1,0,1,,,20000,poke-dollar,,,
loaded-dice,scarlet-violet,violet,item-printer,,,,1,0,0,,,,,,The Indigo Disk,
loaded-dice,scarlet-violet,violet,npc-gift,,east-province-area-one,Pokémon League representative,0,0,1,,,,,,After defeating 5 Trainers in the area,
lone-earring,lets-go-pikachu-lets-go-eevee,lets-go-eevee,npc-gift,,,Gift from Partner Eevee,1,0,1,,,,,,,
lone-earring,lets-go-pikachu-lets-go-eevee,lets-go-pikachu,npc-gift,,,Gift from Partner Pikachu,1,0,1,,,,,,,
lonely-mint,brilliant-diamond-shining-pearl,brilliant-diamond,exchange,,,Battle Park,1,0,1,,,50,battle-point,,,
lonely-mint,scarlet-violet,scarlet,shop,specialty-shop,,Chansey Supply,1,0,1,,,20000,poke-dollar,,After earning 6 Gym Badges,
lonely-mint,sword-shield,shield,exchange,,,Battle Tower,1,0,1,,,50,battle-point,,,
lonely-mint,brilliant-diamond-shining-pearl,shining-pearl,exchange,,,Battle Park,1,0,1,,,50,battle-point,,,
lonely-mint,sword-shield,sword,exchange,,,Battle Tower,1,0,1,,,50,battle-point,,,
lonely-mint,scarlet-violet,violet,shop,specialty-shop,,Chansey Supply,1,0,1,,,20000,poke-dollar,,After earning 6 Gym Badges,
looker-ticket,x-y,x,overworld,visible,lumiose-city,Prism Tower 1F (west of the elevator),0,0,1,,,,,,Post-game Looker Bureau quest,
looker-ticket,x-y,x,overworld,visible,lumiose-city,Magenta Plaza Pokémon Center (near the dressing room),0,0,1,,,,,,Post-game Looker Bureau quest,
looker-ticket,x-y,x,overworld,visible,lumiose-city,Herboriste (east wall),0,0,1,,,,,,Post-game Looker Bureau quest,
looker-ticket,x-y,x,overworld,visible,lumiose-city,Hotel Richissime 1F (east wall),0,0,1,,,,,,Post-game Looker Bureau quest,
looker-ticket,x-y,x,overworld,visible,lumiose-city,"Lumiose Museum 1F (east wall, near the couch)",0,0,1,,,,,,Post-game Looker Bureau quest,
looker-ticket,x-y,y,overworld,visible,lumiose-city,Magenta Plaza Pokémon Center (near the dressing room),0,0,1,,,,,,Post-game Looker Bureau quest,
lopunnite,omega-ruby-alpha-sapphire,alpha-sapphire,overworld,visible,mauville-city,Mauville Hills,0,0,1,,,,,,,
lopunnite,omega-ruby-alpha-sapphire,omega-ruby,overworld,visible,mauville-city,Mauville Hills,0,0,1,,,,,,,
lopunnite,ultra-sun-ultra-moon,ultra-moon,exchange,,battle-tree,Battle Tree,1,0,1,,,64,battle-point,,,
lopunnite,ultra-sun-ultra-moon,ultra-sun,exchange,,battle-tree,Battle Tree,1,0,1,,,64,battle-point,,,
lost-item,crystal,crystal,npc-gift,,vermilion-city,Pokémon Fan Club member,0,0,1,,,,,,After hearing about Copycat's missing doll,
lost-item,gold-silver,gold,npc-gift,,vermilion-city,Pokémon Fan Club member,0,0,1,,,,,,After hearing about Copycat's missing doll,
lost-item,heartgold-soulsilver,heartgold,npc-gift,,vermilion-city,Pokémon Fan Club member,0,0,1,,,,,,After hearing about Copycat's missing doll,
lost-item,gold-silver,silver,npc-gift,,vermilion-city,Pokémon Fan Club member,0,0,1,,,,,,After hearing about Copycat's missing doll,
lost-item,heartgold-soulsilver,soulsilver,npc-gift,,vermilion-city,Pokémon Fan Club member,0,0,1,,,,,,After hearing about Copycat's missing doll,
love-ball,gold-silver,gold,crafting,apricorn,azalea-town,Kurt (Pink Apricorn),1,0,1,,,,,,,
love-ball,heartgold-soulsilver,heartgold,crafting,apricorn,azalea-town,Kurt (Pink Apricorn),1,0,1,,,,,,,
love-ball,scarlet-violet,scarlet,auction,,porto-marinada,Auction,1,0,0,,,,,,,
love-ball,sword-shield,sword,trainer-reward,ball-guy,ballonlea-stadium,Champion Cup post-game,1,0,0,,0.125,,,,Post-game Champion Cup,
love-sweet,scarlet-violet,scarlet,crafting,item-printer,,Item Printer,1,0,0,,,,,,The Indigo Disk,
love-sweet,scarlet-violet,scarlet,overworld,visible,,"Coastal Biome, Polar Biome, Savanna Biome",0,0,1,,,,,,The Indigo Disk,
love-sweet,sword-shield,shield,wild-pokemon,,,Dropped by Gigantamax Factor Milcery (Wild Area News event),1,0,0,,,,,,"Wild Area News January 30 – February 16, 2020",
love-sweet,sword-shield,shield,npc-gift,,,Battle Café,1,0,0,,,,,,,
love-sweet,sword-shield,shield,crafting,cram-o-matic,,Cram-o-matic (Fairy: 92–100),1,0,0,,,,,,The Isle of Armor,
love-sweet,sword-shield,shield,exchange,watts,,Snowslide Slope Watt Trader,1,0,1,,,7980,watt,,The Crown Tundra,Highlight Item
love-sweet,sword-shield,sword,exchange,watts,,Snowslide Slope Watt Trader,1,0,1,,,7980,watt,,The Crown Tundra,Highlight Item
love-sweet,sword-shield,sword,wild-pokemon,,,Dropped by Gigantamax Factor Milcery (Wild Area News event),1,0,0,,,,,,"Wild Area News January 30 – February 16, 2020",
love-sweet,sword-shield,sword,crafting,cram-o-matic,,Cram-o-matic (Fairy: 92–100),1,0,0,,,,,,The Isle of Armor,
love-sweet,sword-shield,sword,npc-gift,,,Battle Café,1,0,0,,,,,,,
love-sweet,scarlet-violet,violet,crafting,item-printer,,Item Printer,1,0,0,,,,,,The Indigo Disk,
love-sweet,scarlet-violet,violet,overworld,visible,,"Coastal Biome, Polar Biome, Savanna Biome",0,0,1,,,,,,The Indigo Disk,
lovely-mail,crystal,crystal,shop,department-store,celadon-city,Celadon Department Store,1,0,1,,,50,poke-dollar,,,
lovely-mail,gold-silver,gold,shop,department-store,celadon-city,Celadon Department Store,1,0,1,,,50,poke-dollar,,,
lovely-mail,gold-silver,silver,shop,department-store,celadon-city,Celadon Department Store,1,0,1,,,50,poke-dollar,,,
lucarionite,omega-ruby-alpha-sapphire,alpha-sapphire,npc-gift,,contest-hall,From Chaz after defeating Lisia in a Pokémon Contest Spectacular,0,0,1,,,,,,After defeating Lisia in a Pokémon Contest Spectacular,
lucarionite,sun-moon,moon,exchange,,battle-tree,Battle Tree exchange,1,0,1,,,64,battle-point,,,
lucarionite,omega-ruby-alpha-sapphire,omega-ruby,npc-gift,,contest-hall,From Chaz after defeating Lisia in a Pokémon Contest Spectacular,0,0,1,,,,,,After defeating Lisia in a Pokémon Contest Spectacular,
lucarionite,sun-moon,sun,exchange,,battle-tree,Battle Tree exchange,1,0,1,,,64,battle-point,,,
lucarionite,ultra-sun-ultra-moon,ultra-moon,exchange,,battle-tree,Battle Tree exchange,1,0,1,,,64,battle-point,,,
lucarionite,ultra-sun-ultra-moon,ultra-sun,exchange,,battle-tree,Battle Tree exchange,1,0,1,,,64,battle-point,,,
lucarionite,x-y,x,npc-gift,,tower-of-mastery,Held by Korrina's gift Lucario,0,0,1,,,,,,,
lucarionite,x-y,y,npc-gift,,tower-of-mastery,Held by Korrina's gift Lucario,0,0,1,,,,,,,
luck-incense,diamond-pearl,diamond,overworld,visible,ravaged-path,,0,0,1,,,,,,,
luck-incense,heartgold-soulsilver,heartgold,npc-gift,,vermilion-city,,0,0,1,,,,,,,
luck-incense,diamond-pearl,pearl,overworld,visible,ravaged-path,,0,0,1,,,,,,,
luck-incense,platinum,platinum,overworld,visible,ravaged-path,,0,0,1,,,,,,,
luck-incense,heartgold-soulsilver,soulsilver,npc-gift,,vermilion-city,,0,0,1,,,,,,,
lucky-punch,gold-silver,gold,wild-pokemon,,,Held by wild Chansey,1,0,0,,,,,,,Transferred from Generation I
lugia-treat,scarlet-violet,scarlet,npc-gift,,blueberry-academy,"Entrance, from Snacksworth",0,0,1,,,,,,After completing one group Blueberry Quest,The Indigo Disk
lugia-treat,scarlet-violet,violet,npc-gift,,blueberry-academy,"Entrance, from Snacksworth",0,0,1,,,,,,After completing 10 solo Blueberry Quests,The Indigo Disk
luminous-moss,omega-ruby-alpha-sapphire,alpha-sapphire,exchange,,,Battle Maison,1,0,1,,,32,battle-point,,,
luminous-moss,omega-ruby-alpha-sapphire,omega-ruby,exchange,,,Battle Maison,1,0,1,,,32,battle-point,,,
luminous-moss,scarlet-violet,scarlet,shop,poke-mart,cascarrafa,Delibird Presents (Cascarrafa Branch),1,0,1,,,5000,poke-dollar,,After earning 4 Gym Badges,
luminous-moss,sword-shield,shield,wild-pokemon,,,,1,0,0,,5.0,,,,,
luminous-moss,sword-shield,shield,exchange,,,Battle Tower,1,0,1,,,10,battle-point,,,
luminous-moss,sword-shield,sword,exchange,,,Battle Tower,1,0,1,,,10,battle-point,,,
luminous-moss,ultra-sun-ultra-moon,ultra-moon,overworld,visible,hauoli-city,,0,0,1,,,,,,,
luminous-moss,ultra-sun-ultra-moon,ultra-sun,overworld,visible,hauoli-city,,0,0,1,,,,,,,
luminous-moss,scarlet-violet,violet,shop,poke-mart,cascarrafa,Delibird Presents (Cascarrafa Branch),1,0,1,,,5000,poke-dollar,,After earning 4 Gym Badges,
luminous-moss,x-y,x,overworld,recurring,,Mossy rocks,1,0,1,,,,,,,
luminous-moss,x-y,y,overworld,recurring,,Mossy rocks,1,0,1,,,,,,,
lumiose-galette,omega-ruby-alpha-sapphire,alpha-sapphire,npc-gift,,,Random gift from a fan after completing a Contest,1,0,0,,,,,,,
lumiose-galette,sun-moon,moon,npc-gift,,,Pokémon Center Café,1,0,0,,,,,,,
lumiose-galette,omega-ruby-alpha-sapphire,omega-ruby,story,,trick-house,Trick House,0,0,1,,,,,,,
lumiose-galette,sword-shield,shield,raid,max-raid,,"Giant's Bed, Old Cemetery, Ballimere Lake",1,0,0,,,,,,The Crown Tundra,
lumiose-galette,sun-moon,sun,overworld,visible,hauoli-city,,0,0,1,,,,,,,
lumiose-galette,sword-shield,sword,npc-gift,,,,1,0,0,,,,,,,
lumiose-galette,x-y,x,shop,vendor,lumiose-city,Galette Stand,1,0,1,,,100,poke-dollar,,"Only available for four hours at a time starting from 3 AM, 9 AM, 3 PM, and 9 PM.",
lumiose-galette,x-y,y,shop,vendor,lumiose-city,Galette Stand,1,0,1,,,100,poke-dollar,,"Only available for four hours at a time starting from 3 AM, 9 AM, 3 PM, and 9 PM.",
lunala-treat,scarlet-violet,scarlet,npc-gift,,blueberry-academy-entrance,Snacksworth,0,0,1,,,,,,After completing one group Blueberry Quest,
lunala-treat,scarlet-violet,violet,npc-gift,,blueberry-academy-entrance,Snacksworth,0,0,1,,,,,,After completing 10 solo Blueberry Quests,
lunalium-z--held,ultra-sun-ultra-moon,ultra-moon,npc-gift,,mahalo-trail,From Lillie after catching Nebby/Lunala,0,0,1,,,,,,After catching Nebby/Lunala,
lunalium-z--held,ultra-sun-ultra-moon,ultra-sun,overworld,visible,lake-of-the-sunne,After obtaining Cosmog,0,0,1,,,,,,After obtaining Cosmog,
lunar-feather,black-2-white-2,black-2,overworld,visible,strange-house,Second floor,0,0,1,,,,,,,
lunar-feather,brilliant-diamond-shining-pearl,brilliant-diamond,overworld,visible,fullmoon-island,Left behind by Cresselia when it leaves,0,0,1,,,,,,,
lunar-feather,diamond-pearl,diamond,overworld,visible,fullmoon-island,Left behind by Cresselia when it leaves,0,0,1,,,,,,,
lunar-feather,diamond-pearl,pearl,overworld,visible,fullmoon-island,Left behind by Cresselia when it leaves,0,0,1,,,,,,,
lunar-feather,platinum,platinum,overworld,visible,fullmoon-island,Left behind by Cresselia when it leaves,0,0,1,,,,,,,
lunar-feather,brilliant-diamond-shining-pearl,shining-pearl,overworld,visible,fullmoon-island,Left behind by Cresselia when it leaves,0,0,1,,,,,,,
lunar-feather,black-2-white-2,white-2,overworld,visible,strange-house,Second floor,0,0,1,,,,,,,
lure,lets-go-pikachu-lets-go-eevee,lets-go-pikachu,overworld,visible,route-03-kanto,,0,0,1,,,,,,,
lure,lets-go-pikachu-lets-go-eevee,lets-go-pikachu,overworld,visible,route-11-kanto,,0,0,1,,,,,,,
lure,lets-go-pikachu-lets-go-eevee,lets-go-pikachu,overworld,visible,route-12-kanto,,0,0,1,,,,,,,
lure,lets-go-pikachu-lets-go-eevee,lets-go-pikachu,overworld,visible,route-25-kanto,,0,0,1,,,,,,,
lure,lets-go-pikachu-lets-go-eevee,lets-go-pikachu,overworld,visible,viridian-forest,,0,0,1,,,,,,,
lure,lets-go-pikachu-lets-go-eevee,lets-go-pikachu,shop,poke-mart,,All Poké Marts,1,0,1,,,400,poke-dollar,,After obtaining 2 Badges,
lure,lets-go-pikachu-lets-go-eevee,lets-go-pikachu,shop,department-store,celadon-city,Celadon Department Store,1,0,1,,,400,poke-dollar,,,
lure,lets-go-pikachu-lets-go-eevee,lets-go-pikachu,overworld,recurring,underground-path-kanto-routes-5-6,,1,1,1,,,,,,,Hidden recurring item
lure,lets-go-pikachu-lets-go-eevee,lets-go-pikachu,overworld,recurring,underground-path-kanto-routes-7-8,,1,1,1,,,,,,,Hidden recurring item
lure-ball,gold-silver,gold,npc-gift,,azalea-town,Kurt,0,0,1,,,,,,,
lure-ball,gold-silver,gold,crafting,apricorn,azalea-town,Blue Apricorn,1,0,1,,,,,,,
lustrous-globe,scarlet-violet,scarlet,auction,,porto-marinada,Porto Marinada auction,1,0,0,,,,,,If the player owns a Palkia,
lustrous-globe,scarlet-violet,violet,auction,,porto-marinada,Porto Marinada auction,1,0,0,,,,,,If the player owns a Palkia,
lustrous-orb,black-white,black,npc-gift,,marvelous-bridge,Shadow Triad,0,0,1,,,,,,,
lustrous-orb,heartgold-soulsilver,heartgold,wild-pokemon,,sinjoh-ruins,Held by Palkia,0,0,1,,,,,,,
lustrous-orb,omega-ruby-alpha-sapphire,omega-ruby,overworld,visible,hoenn-route-129,Underwater,0,0,1,,,,,,,
lustrous-orb,platinum,platinum,overworld,visible,mount-coronet,,0,0,1,,,,,,,
lustrous-orb,scarlet-violet,scarlet,auction,,porto-marinada,Auction,1,0,0,,,,,,If the player owns a Palkia,
lustrous-orb,sun-moon,sun,shop,specialty-shop,hauoli-city,Antiquities of the Ages,1,0,1,,,10000,poke-dollar,,,
lustrous-orb,sword-shield,sword,bargain-shop,,stow-on-side,Bargain Shop Keeper,0,0,1,,,,,,If the player owns a Palkia,
lustrous-orb,x-y,x,overworld,visible,terminus-cave,,0,0,1,,,,,,,
lycanium-z--held,ultra-sun-ultra-moon,ultra-moon,npc-gift,,malie-city,From Hau after battling him,0,0,1,,,,,,,
lycanium-z--held,ultra-sun-ultra-moon,ultra-sun,npc-gift,,malie-city,From Hau after battling him,0,0,1,,,,,,,
mach-bike,omega-ruby-alpha-sapphire,alpha-sapphire,choice,,,Rydel's Cycles,1,0,1,,,,,,After speaking to specific NPCs to unlock both bikes,
mach-bike,emerald,emerald,choice,,,Rydel's Cycles,1,0,1,,,,,,,Choice between Mach Bike and Acro Bike; can switch by returning the other bike.
mach-bike,omega-ruby-alpha-sapphire,omega-ruby,choice,,,Rydel's Cycles,1,0,1,,,,,,After speaking to specific NPCs to unlock both bikes,
mach-bike,ruby-sapphire,ruby,choice,,,Rydel's Cycles,1,0,1,,,,,,,Choice between Mach Bike and Acro Bike; can switch by returning the other bike.
mach-bike,ruby-sapphire,sapphire,choice,,,Rydel's Cycles,1,0,1,,,,,,,Choice between Mach Bike and Acro Bike; can switch by returning the other bike.
machine-part,crystal,crystal,overworld,hidden,cerulean-gym,"Hidden in water in the middle of the Gym, after visiting the Power Plant",0,1,1,,,,,,After visiting the Power Plant,
machine-part,gold-silver,gold,overworld,hidden,cerulean-gym,"Hidden in water in the middle of the Gym, after visiting the Power Plant",0,1,1,,,,,,After visiting the Power Plant,
machine-part,heartgold-soulsilver,heartgold,overworld,hidden,cerulean-gym,"Hidden behind a pile of lifebuoys, after defeating the Team Rocket Grunt on Route 24",0,1,1,,,,,,After defeating the Team Rocket Grunt on Route 24,Does not appear on the Dowsing Machine despite being hidden
machine-part,gold-silver,silver,overworld,hidden,cerulean-gym,"Hidden in water in the middle of the Gym, after visiting the Power Plant",0,1,1,,,,,,After visiting the Power Plant,
machine-part,heartgold-soulsilver,soulsilver,overworld,hidden,cerulean-gym,"Hidden behind a pile of lifebuoys, after defeating the Team Rocket Grunt on Route 24",0,1,1,,,,,,After defeating the Team Rocket Grunt on Route 24,Does not appear on the Dowsing Machine despite being hidden
macho-brace,diamond-pearl,diamond,overworld,visible,pastoria-city,,0,0,1,,,,,,,
macho-brace,firered-leafgreen,firered,overworld,visible,viridian-gym,,0,0,1,,,,,,,
macho-brace,ruby-sapphire,ruby,overworld,visible,hoenn-route-111,,0,0,1,,,,,,,
macho-brace,sword-shield,sword,exchange,,hammerlocke,,1,0,1,,,10,battle-point,,,
magical-heart-pick,scarlet-violet,scarlet,shop,vendor,,Artisan Bakery,1,0,1,,,600,poke-dollar,,,
magical-heart-pick,scarlet-violet,violet,shop,vendor,,Artisan Bakery,1,0,1,,,600,poke-dollar,,,
magical-star-pick,scarlet-violet,scarlet,shop,vendor,,Artisan Bakery,1,0,1,,,600,poke-dollar,,,
magical-star-pick,scarlet-violet,violet,shop,vendor,,Artisan Bakery,1,0,1,,,600,poke-dollar,,,
magma-emblem,emerald,emerald,npc-gift,,mt-pyre,Summit; from an old lady after confronting Team Aqua,0,0,1,,,,,,After confronting Team Aqua,
magma-stone,black-2-white-2,black-2,overworld,visible,unova-route-18,On one of the cliffs in the northern section,0,0,1,,,,,,,
magma-stone,black-2-white-2,white-2,overworld,visible,unova-route-18,On one of the cliffs in the northern section,0,0,1,,,,,,,
magma-suit,omega-ruby-alpha-sapphire,omega-ruby,npc-gift,,sootopolis-city,Received from Maxie after Groudon has been awoken,0,0,1,,,,,,After Groudon has been awakened,
magost-berry,ruby-sapphire,ruby,overworld,recurring,hoenn-route-123,Berry Master's house,1,0,1,,,,,,,
makeup-bag,sun-moon,moon,npc-gift,,hauoli-city,From Lillie outside the apparel shop,0,0,1,,,,,,Player character is female,
makeup-bag,sun-moon,sun,npc-gift,,hauoli-city,From Lillie outside the apparel shop,0,0,1,,,,,,Player character is female,
makeup-bag,ultra-sun-ultra-moon,ultra-moon,npc-gift,,hauoli-city,From Lillie outside the apparel shop,0,0,1,,,,,,Player character is female,
makeup-bag,ultra-sun-ultra-moon,ultra-sun,npc-gift,,hauoli-city,From Lillie outside the apparel shop,0,0,1,,,,,,Player character is female,
malicious-armor,scarlet-violet,scarlet,exchange,,,Trade,1,0,1,,,,,,,
malicious-armor,scarlet-violet,violet,exchange,,zapapico,Woman next to the fountain near the eastern Pokémon Center (exchange for ten Sinistea Chips),1,0,1,,,10,,,,
manectite,omega-ruby-alpha-sapphire,alpha-sapphire,overworld,visible,seaside-cycling-road,,0,0,1,,,,,,,
manectite,omega-ruby-alpha-sapphire,omega-ruby,overworld,visible,seaside-cycling-road,,0,0,1,,,,,,,
manectite,ultra-sun-ultra-moon,ultra-moon,exchange,,battle-tree,,1,0,1,,,64,battle-point,,,
manectite,ultra-sun-ultra-moon,ultra-sun,exchange,,battle-tree,,1,0,1,,,64,battle-point,,,
manectite,x-y,x,overworld,visible,kalos-route-16,,0,0,1,,,,,,Requires an upgraded Mega Ring,
maranga-berry,omega-ruby-alpha-sapphire,alpha-sapphire,harvest,,,Super-Secret Base (Gather Berries skill),1,0,0,,,,,,,
maranga-berry,sun-moon,moon,overworld,recurring,poni-plains,Berry piles,1,0,0,,,,,,,
maranga-berry,omega-ruby-alpha-sapphire,omega-ruby,harvest,,,Super-Secret Base (Gather Berries skill),1,0,0,,,,,,,
maranga-berry,scarlet-violet,scarlet,event,,,Ogre Oustin',1,0,0,,,,,,,
maranga-berry,sword-shield,shield,berry-tree,,axews-eye,Berry trees,1,0,0,,,,,,,
maranga-berry,sun-moon,sun,overworld,recurring,poni-plains,Berry piles,1,0,0,,,,,,,
maranga-berry,sword-shield,sword,berry-tree,,axews-eye,Berry trees,1,0,0,,,,,,,
maranga-berry,ultra-sun-ultra-moon,ultra-moon,overworld,recurring,poni-plains,Berry piles,1,0,0,,,,,,,
maranga-berry,ultra-sun-ultra-moon,ultra-sun,overworld,recurring,poni-plains,Berry piles,1,0,0,,,,,,,
maranga-berry,scarlet-violet,violet,event,,,Ogre Oustin',1,0,0,,,,,,,
maranga-berry,x-y,x,harvest,,,Mutation of Salac and Petaya Berries,1,0,0,,,,,,,
maranga-berry,x-y,y,harvest,,,Mutation of Salac and Petaya Berries,1,0,0,,,,,,,
marble,lets-go-pikachu-lets-go-eevee,lets-go-eevee,npc-gift,,,Gift from Partner Eevee,1,0,1,,,,,,,
marble,lets-go-pikachu-lets-go-eevee,lets-go-pikachu,npc-gift,,,Gift from Partner Pikachu,1,0,1,,,,,,,
marill-ball,scarlet-violet,scarlet,shop,specialty-shop,cascarrafa,Picnic-Knacks (Cascarrafa Branch),1,0,1,,,2000,poke-dollar,,,
marill-ball,scarlet-violet,violet,shop,specialty-shop,cascarrafa,Picnic-Knacks (Cascarrafa Branch),1,0,1,,,2000,poke-dollar,,,
mark-charm,scarlet-violet,scarlet,npc-gift,,blueberry-academy,Cyrano,0,0,1,,,,,,After completing the Blueberry Pokédex (excluding event Pokémon),
mark-charm,sword-shield,shield,npc-gift,,armor-station,Doctor at Armor Station,0,0,1,,,,,,After completing the Isle of Armor Pokédex,
mark-charm,sword-shield,sword,npc-gift,,armor-station,Doctor at Armor Station,0,0,1,,,,,,After completing the Isle of Armor Pokédex,
mark-charm,scarlet-violet,violet,npc-gift,,blueberry-academy,Cyrano,0,0,1,,,,,,After completing the Blueberry Pokédex (excluding event Pokémon),
marmalade,scarlet-violet,scarlet,shop,vendor,,Artisan Bakery,1,0,1,,,260,poke-dollar,,After earning 4 Gym Badges,
marmalade,scarlet-violet,scarlet,shop,vendor,,Peachy's,1,0,1,,,260,poke-dollar,,After earning 4 Badges,
marmalade,scarlet-violet,scarlet,shop,vendor,,Aquiesta Supermarket,1,0,1,,,260,poke-dollar,,After earning 4 Gym Badges,
marmalade,scarlet-violet,violet,shop,vendor,,Peachy's,1,0,1,,,260,poke-dollar,,After earning 4 Badges,
marmalade,scarlet-violet,violet,shop,vendor,,Artisan Bakery,1,0,1,,,260,poke-dollar,,After earning 4 Gym Badges,
marmalade,scarlet-violet,violet,shop,vendor,,Aquiesta Supermarket,1,0,1,,,260,poke-dollar,,After earning 4 Gym Badges,
marshadium-z--held,sun-moon,moon,event,,,Bundled with Mount Tensei Marshadow,0,0,1,,,,,,,
marshadium-z--held,sun-moon,sun,event,,,Bundled with Mount Tensei Marshadow,0,0,1,,,,,,,
marshadium-z--held,ultra-sun-ultra-moon,ultra-moon,npc-gift,,tide-song-hotel,From a man,0,0,1,,,,,,Requires a Marshadow in the party,
marshadium-z--held,ultra-sun-ultra-moon,ultra-sun,npc-gift,,tide-song-hotel,From a man,0,0,1,,,,,,Requires a Marshadow in the party,
masterpiece-teacup,scarlet-violet,scarlet,overworld,visible,timeless-woods,,0,0,1,,,,,,The Teal Mask,
masterpiece-teacup,scarlet-violet,scarlet,item-printer,,,Item Printer,1,0,0,,,,,,The Indigo Disk,
masterpiece-teacup,scarlet-violet,scarlet,contest,,,Ogre Oustin',1,0,0,,,,,,The Teal Mask,
masterpiece-teacup,scarlet-violet,violet,overworld,visible,timeless-woods,,0,0,1,,,,,,The Teal Mask,
masterpiece-teacup,scarlet-violet,violet,contest,,,Ogre Oustin',1,0,0,,,,,,The Teal Mask,
masterpiece-teacup,scarlet-violet,violet,item-printer,,,Item Printer,1,0,0,,,,,,The Indigo Disk,
mawilite,omega-ruby-alpha-sapphire,alpha-sapphire,npc-gift,,verdanturf-town,,0,0,1,,,,,,,
mawilite,omega-ruby-alpha-sapphire,omega-ruby,npc-gift,,verdanturf-town,,0,0,1,,,,,,,
mawilite,ultra-sun-ultra-moon,ultra-moon,exchange,,battle-tree,,1,0,1,,,64,battle-point,,,
mawilite,ultra-sun-ultra-moon,ultra-sun,exchange,,battle-tree,,1,0,1,,,64,battle-point,,,
mawilite,x-y,x,overworld,visible,shabboneau-castle,2F (requires an upgraded Mega Ring),0,0,1,,,,,,Requires upgraded Mega Ring,
mawilite,x-y,y,overworld,visible,shabboneau-castle,2F (requires an upgraded Mega Ring),0,0,1,,,,,,Requires upgraded Mega Ring,
max-elixir,red-blue,red,overworld,visible,,"Route 17, Power Plant, Seafoam Islands, Cerulean Cave",0,0,1,1,,,,,,
max-honey,sword-shield,shield,raid,max-raid,honeycalm-island,Story event Max Raid Battle with Dynamax Vespiquen,0,0,1,,,,,,During the Isle of Armor story,
max-honey,sword-shield,shield,raid,max-raid,honeycalm-island,Max Raid Battles with Combee and Vespiquen,1,0,0,,,,,,,
max-honey,sword-shield,sword,raid,max-raid,honeycalm-island,Story event Max Raid Battle with Dynamax Vespiquen,0,0,1,,,,,,During the Isle of Armor story,
max-honey,sword-shield,sword,raid,max-raid,honeycalm-island,Max Raid Battles with Combee and Vespiquen,1,0,0,,,,,,,
max-lure,lets-go-pikachu-lets-go-eevee,lets-go-eevee,shop,poke-mart,,All Poké Marts,1,0,1,,,900,poke-dollar,,After obtaining 6 Badges,
max-lure,lets-go-pikachu-lets-go-eevee,lets-go-eevee,overworld,visible,route-12-kanto,,0,0,1,,,,,,,
max-lure,lets-go-pikachu-lets-go-eevee,lets-go-pikachu,overworld,visible,cerulean-cave,,0,0,1,,,,,,,
max-lure,lets-go-pikachu-lets-go-eevee,lets-go-pikachu,shop,poke-mart,,All Poké Marts,1,0,1,,,900,poke-dollar,,After obtaining 6 Badges,
max-lure,lets-go-pikachu-lets-go-eevee,lets-go-pikachu,overworld,recurring,underground-path-kanto-routes-5-6,,1,1,1,,,,,,,Hidden recurring item
max-lure,lets-go-pikachu-lets-go-eevee,lets-go-pikachu,overworld,recurring,underground-path-kanto-routes-7-8,,1,1,1,,,,,,,Hidden recurring item
max-lure,lets-go-pikachu-lets-go-eevee,lets-go-pikachu,overworld,visible,route-12-kanto,,0,0,1,,,,,,,
max-lure,lets-go-pikachu-lets-go-eevee,lets-go-pikachu,overworld,visible,pokemon-mansion-kanto,,0,0,1,,,,,,,
max-lure,lets-go-pikachu-lets-go-eevee,lets-go-pikachu,overworld,visible,silph-co,,0,0,1,,,,,,,
max-mushrooms,sword-shield,shield,overworld,visible,warm-up-tunnel,After defeating Avery for the second time,0,0,1,3,,,,,After defeating Avery for the second time,
max-mushrooms,sword-shield,shield,overworld,recurring,,"Courageous Cavern, Brawlers' Cave, Forest of Focus, or Warm-Up Tunnel",1,0,0,1,,,,,After three Max Raid Battles,One cluster spawns in one random location
max-mushrooms,sword-shield,sword,overworld,recurring,,"Courageous Cavern, Brawlers' Cave, Forest of Focus, or Warm-Up Tunnel",1,0,0,1,,,,,After three Max Raid Battles,One cluster spawns in one random location
max-mushrooms,sword-shield,sword,overworld,visible,warm-up-tunnel,After defeating Klara for the second time,0,0,1,3,,,,,After defeating Klara for the second time,
mayonnaise,scarlet-violet,scarlet,vending-machine,,terarium,Vending machines,1,0,1,,,,,,The Indigo Disk,
mayonnaise,scarlet-violet,scarlet,overworld,visible,west-province-area-two,,0,0,1,,,,,,,
mayonnaise,scarlet-violet,scarlet,shop,vendor,,Aquiesta Supermarket,1,0,1,,,120,poke-dollar,,,
mayonnaise,scarlet-violet,scarlet,shop,vendor,,Artisan Bakery,1,0,1,,,120,poke-dollar,,,
mayonnaise,scarlet-violet,violet,shop,vendor,,Artisan Bakery,1,0,1,,,120,poke-dollar,,,
mayonnaise,scarlet-violet,violet,overworld,visible,west-province-area-two,,0,0,1,,,,,,,
mayonnaise,scarlet-violet,violet,shop,vendor,,Aquiesta Supermarket,1,0,1,,,120,poke-dollar,,,
mayonnaise,scarlet-violet,violet,vending-machine,,terarium,Vending machines,1,0,1,,,,,,The Indigo Disk,
meadow-plate,black-white,black,overworld,visible,abyssal-ruins,,0,0,1,,,,,,,
meadow-plate,brilliant-diamond-shining-pearl,brilliant-diamond,overworld,visible,route-210-sinnoh,,0,0,1,,,,,,,
meadow-plate,brilliant-diamond-shining-pearl,brilliant-diamond,mining,,,,1,0,0,,,,,,,
meadow-plate,diamond-pearl,diamond,overworld,visible,route-210-sinnoh,,0,0,1,,,,,,,
meadow-plate,heartgold-soulsilver,heartgold,npc-gift,,ss-aqua,Captain,0,0,1,,,,,,After obtaining all 16 Gym Badges,
meadow-plate,omega-ruby-alpha-sapphire,omega-ruby,overworld,visible,hoenn-route-130,Underwater,0,0,1,,,,,,,
meadow-plate,platinum,platinum,overworld,visible,route-210-sinnoh,,0,0,1,,,,,,,
meadow-plate,scarlet-violet,scarlet,auction,,porto-marinada,,0,0,1,,,,,,If the player owns an Arceus,
meadow-plate,sun-moon,sun,shop,specialty-shop,hauoli-city,Shopping District,0,0,1,,,,,,,
meadow-plate,x-y,x,overworld,visible,kalos-route-20,,0,0,1,,,,,,,
mech-mail,emerald,emerald,shop,department-store,lilycove-city,Lilycove Department Store,1,0,1,,,50,poke-dollar,,,
mech-mail,emerald,emerald,overworld,visible,trick-house,,0,0,1,,,,,,,
mech-mail,firered-leafgreen,firered,trade,,,,1,0,1,,,,,,,
mech-mail,firered-leafgreen,leafgreen,trade,,,,1,0,1,,,,,,,
mech-mail,ruby-sapphire,ruby,overworld,visible,trick-house,,0,0,1,,,,,,,
mech-mail,ruby-sapphire,ruby,shop,department-store,lilycove-city,Lilycove Department Store,1,0,1,,,50,poke-dollar,,,
mech-mail,ruby-sapphire,sapphire,shop,department-store,lilycove-city,Lilycove Department Store,1,0,1,,,50,poke-dollar,,,
mech-mail,ruby-sapphire,sapphire,overworld,visible,trick-house,,0,0,1,,,,,,,
medal-box,black-2-white-2,black-2,npc-gift,,floccesy-town,From Mr. Medal outside of Alder's house after defeating the two School Kids,0,0,1,,,,,,After defeating the two School Kids,
medal-box,black-2-white-2,white-2,npc-gift,,floccesy-town,From Mr. Medal outside of Alder's house after defeating the two School Kids,0,0,1,,,,,,After defeating the two School Kids,
medichamite,omega-ruby-alpha-sapphire,alpha-sapphire,overworld,visible,mt-pyre,,0,0,1,,,,,,,
medichamite,sun-moon,moon,event,,,First Mega Stone Gift,0,0,1,,,,,,,
medichamite,omega-ruby-alpha-sapphire,omega-ruby,overworld,visible,mt-pyre,,0,0,1,,,,,,,
medichamite,sun-moon,sun,event,,,First Mega Stone Gift,0,0,1,,,,,,,
medichamite,ultra-sun-ultra-moon,ultra-moon,exchange,,battle-tree,,1,0,1,,,64,battle-point,,,
medichamite,ultra-sun-ultra-moon,ultra-sun,exchange,,battle-tree,,1,0,1,,,64,battle-point,,,
medichamite,x-y,x,overworld,visible,laverre-city,Requires upgraded Mega Ring,0,0,1,,,,,,After upgrading the Mega Ring,
medichamite,x-y,y,overworld,visible,laverre-city,Requires upgraded Mega Ring,0,0,1,,,,,,After upgrading the Mega Ring,
mega-bracelet,omega-ruby-alpha-sapphire,alpha-sapphire,npc-gift,,southern-island,From Steven after Latias joins the player,0,0,1,,,,,,After Latias joins the player,
mega-bracelet,omega-ruby-alpha-sapphire,omega-ruby,npc-gift,,southern-island,From Steven after Latios joins the player,0,0,1,,,,,,After Latios joins the player,
mega-ring,x-y,x,story,,tower-of-mastery,From Korrina after earning the Rumble Badge,0,0,1,,,,,rumble-badge,,
mega-ring,x-y,y,story,,tower-of-mastery,From Korrina after earning the Rumble Badge,0,0,1,,,,,rumble-badge,,
metagrossite,omega-ruby-alpha-sapphire,alpha-sapphire,npc-gift,,pokemon-league-kalos,"Steven, after first rematch",0,0,1,,,,,,After the first rematch with Steven,
metagrossite,sun-moon,moon,exchange,,battle-tree,,1,0,1,,,64,battle-point,,,
metagrossite,omega-ruby-alpha-sapphire,omega-ruby,npc-gift,,pokemon-league-kalos,"Steven, after first rematch",0,0,1,,,,,,After the first rematch with Steven,
metagrossite,sun-moon,sun,exchange,,battle-tree,,1,0,1,,,64,battle-point,,,
metagrossite,ultra-sun-ultra-moon,ultra-moon,exchange,,battle-tree,,1,0,1,,,64,battle-point,,,
metagrossite,ultra-sun-ultra-moon,ultra-sun,exchange,,battle-tree,,1,0,1,,,64,battle-point,,,
metal-alloy,scarlet-violet,scarlet,achievement,,,Blueberry Pokédex,0,0,1,,,,,,Reward for registering 190 Pokémon in the Blueberry Pokédex,
metal-alloy,scarlet-violet,scarlet,overworld,visible,chargestone-cavern,,0,0,1,,,,,,,
metal-alloy,the-indigo-disk,,shop,specialty-shop,blueberry-academy,School Store,1,0,1,,,300,battle-point,,,
metal-alloy,the-indigo-disk,,crafting,item-printer,,,1,0,0,,,,,,,
metal-alloy,scarlet-violet,violet,overworld,visible,chargestone-cavern,,0,0,1,,,,,,,
metal-alloy,scarlet-violet,violet,achievement,,,Blueberry Pokédex,0,0,1,,,,,,Reward for registering 190 Pokémon in the Blueberry Pokédex,
metal-powder,crystal,crystal,transfer,,,Held by Ditto traded from Generation I,1,0,0,,,,,,,
metal-powder,gold-silver,gold,transfer,,,Held by Ditto traded from Generation I,1,0,0,,,,,,,
metal-powder,gold-silver,silver,transfer,,,Held by Ditto traded from Generation I,1,0,0,,,,,,,
meteorite,omega-ruby-alpha-sapphire,alpha-sapphire,npc-gift,,mt-chimney,From Archie after defeating him,0,0,1,,,,,,,
meteorite,emerald,emerald,overworld,visible,mt-chimney,Inside the machine near Maxie,0,0,1,,,,,,,
meteorite,firered-leafgreen,firered,npc-gift,,two-island,"Pokémon Network Center, from Bill",0,0,1,,,,,,After arriving for the first time,
meteorite,firered-leafgreen,leafgreen,npc-gift,,two-island,"Pokémon Network Center, from Bill",0,0,1,,,,,,After arriving for the first time,
meteorite,omega-ruby-alpha-sapphire,omega-ruby,npc-gift,,mt-chimney,From Maxie after defeating him,0,0,1,,,,,,,
meteorite,ruby-sapphire,ruby,overworld,visible,mt-chimney,Inside the machine near Maxie,0,0,1,,,,,,,
meteorite,ruby-sapphire,sapphire,overworld,visible,mt-chimney,Inside the machine near Archie,0,0,1,,,,,,,
meteorite,scarlet-violet,scarlet,auction,,porto-marinada,Auction house,1,0,0,,,,,,If the player owns a Deoxys,Version 3.0.0+
meteorite,scarlet-violet,violet,auction,,porto-marinada,Auction house,1,0,0,,,,,,If the player owns a Deoxys,Version 3.0.0+
meteorite-shard,omega-ruby-alpha-sapphire,alpha-sapphire,npc-gift,,granite-cave,From Zinnia after defeating her,0,0,1,,,,,,,
meteorite-shard,omega-ruby-alpha-sapphire,omega-ruby,npc-gift,,granite-cave,From Zinnia after defeating her,0,0,1,,,,,,,
mewnium-z--held,sun-moon,moon,event,,,Pokémon Bank promotion,0,0,1,,,,,,,
mewnium-z--held,sun-moon,sun,event,,,Pokémon Bank promotion,0,0,1,,,,,,,
mewnium-z--held,ultra-sun-ultra-moon,ultra-moon,npc-gift,,tide-song-hotel,Man at Tide Song Hotel,0,0,1,,,,,,Requires a Mew in the party,
mewnium-z--held,ultra-sun-ultra-moon,ultra-sun,npc-gift,,tide-song-hotel,Man at Tide Song Hotel,0,0,1,,,,,,Requires a Mew in the party,
mewtwonite-x,omega-ruby-alpha-sapphire,alpha-sapphire,npc-gift,,littleroot-town,After defeating or capturing Kyogre,0,0,1,,,,,,After defeating or capturing Kyogre,
mewtwonite-x,lets-go-pikachu-lets-go-eevee,lets-go-eevee,npc-gift,,cerulean-cave,From Green after defeating her,0,0,1,,,,,,After defeating Green,
mewtwonite-x,lets-go-pikachu-lets-go-eevee,lets-go-pikachu,npc-gift,,cerulean-cave,From Green after defeating her,0,0,1,,,,,,After defeating Green,
mewtwonite-x,omega-ruby-alpha-sapphire,omega-ruby,npc-gift,,littleroot-town,After defeating or capturing Groudon,0,0,1,,,,,,After defeating or capturing Groudon,
mewtwonite-x,ultra-sun-ultra-moon,ultra-moon,exchange,,battle-tree,,1,0,1,,,64,battle-point,,,
mewtwonite-x,ultra-sun-ultra-moon,ultra-sun,exchange,,battle-tree,,1,0,1,,,64,battle-point,,,
mewtwonite-x,x-y,x,overworld,visible,unknown-dungeon-kalos,After catching Mewtwo,0,0,1,,,,,,After catching Mewtwo,
mewtwonite-x,x-y,y,overworld,visible,unknown-dungeon-kalos,After catching Mewtwo,0,0,1,,,,,,After catching Mewtwo,
mewtwonite-y,lets-go-pikachu-lets-go-eevee,lets-go-pikachu,npc-defeat,,cerulean-cave,From Green after defeating her,0,0,1,,,,,,,
mewtwonite-y,omega-ruby-alpha-sapphire,omega-ruby,overworld,visible,pokemon-league-kalos,Outside the front door,0,0,1,,,,,,,
mewtwonite-y,sun-moon,sun,event,,,,0,0,1,,,,,,,
mewtwonite-y,ultra-sun-ultra-moon,ultra-sun,exchange,,battle-tree,,1,0,1,,,64,battle-point,,,
mewtwonite-y,x-y,x,overworld,visible,unknown-dungeon-kalos,After catching Mewtwo,0,0,1,,,,,,,
micle-berry,diamond-pearl,diamond,event,,,,0,0,1,,,,,,,
mighty-candy,lets-go-pikachu-lets-go-eevee,lets-go-eevee,overworld,visible,team-rocket-hideout,,0,0,1,,,,,,,
mighty-candy,lets-go-pikachu-lets-go-eevee,lets-go-pikachu,overworld,visible,team-rocket-hideout,,0,0,1,,,,,,,
mighty-candy-l,lets-go-pikachu-lets-go-eevee,lets-go-eevee,overworld,recurring,celadon-game-corner,Hidden recurring item,1,1,1,,,,,,,
mighty-candy-l,lets-go-pikachu-lets-go-eevee,lets-go-pikachu,transfer,,go-park,GO Park or Poké Ball Plus,1,0,1,,,,,,,
mighty-candy-l,lets-go-pikachu-lets-go-eevee,lets-go-pikachu,wild-pokemon,,,Obtained by catching or transferring certain Pokémon,1,0,0,,,,,,,
mighty-candy-xl,lets-go-pikachu-lets-go-eevee,lets-go-eevee,pokewalker,,,Poké Ball Plus,1,0,0,,,,,,,
mighty-candy-xl,lets-go-pikachu-lets-go-eevee,lets-go-eevee,wild-pokemon,,,Obtained by catching or transferring certain Pokémon,1,0,1,,,,,,,
mighty-candy-xl,lets-go-pikachu-lets-go-eevee,lets-go-eevee,overworld,recurring,celadon-game-corner,Hidden recurring item,1,1,1,,,,,,,
mighty-candy-xl,lets-go-pikachu-lets-go-eevee,lets-go-pikachu,pokewalker,,,Poké Ball Plus,1,0,0,,,,,,,
mighty-candy-xl,lets-go-pikachu-lets-go-eevee,lets-go-pikachu,wild-pokemon,,,Obtained by catching or transferring certain Pokémon,1,0,1,,,,,,,
mighty-candy-xl,lets-go-pikachu-lets-go-eevee,lets-go-pikachu,overworld,recurring,celadon-game-corner,Hidden recurring item,1,1,1,,,,,,,
mild-mint,brilliant-diamond-shining-pearl,brilliant-diamond,exchange,,,Battle Park,1,0,1,,,50,battle-point,,,
mild-mint,scarlet-violet,scarlet,shop,specialty-shop,,Chansey Supply,1,0,1,,,20000,poke-dollar,,After earning 6 Gym Badges,
mild-mint,sword-shield,shield,exchange,,,Battle Tower,1,0,1,,,50,battle-point,,,
mild-mint,sword-shield,sword,overworld,recurring,giants-bed,Hidden recurring item,1,1,1,,,,,,The Crown Tundra,
mild-mint,sword-shield,sword,overworld,recurring,soothing-wetlands,Hidden recurring item,1,1,1,,,,,,The Isle of Armor,
mild-mint,sword-shield,sword,exchange,,,Battle Tower,1,0,1,,,50,battle-point,,,
mimikium-z--held,ultra-sun-ultra-moon,ultra-moon,overworld,visible,thrifty-megamart-abandoned-site,Available at night after passing Nanu's grand trial,0,0,1,,,,,,After passing Nanu's grand trial; at night,
mimikium-z--held,ultra-sun-ultra-moon,ultra-sun,overworld,visible,thrifty-megamart-abandoned-site,Available at night after passing Nanu's grand trial,0,0,1,,,,,,After passing Nanu's grand trial; at night,
mind-plate,diamond-pearl,diamond,overworld,visible,solaceon-ruins-sinnoh,,0,0,1,,,,,,,
mind-plate,heartgold-soulsilver,heartgold,npc-gift,,ss-aqua,Captain,0,0,1,,,,,,After obtaining all 16 Gym Badges,
mind-plate,scarlet-violet,scarlet,auction,,porto-marinada,,0,0,1,,,,,,If the player owns an Arceus,
mint-berry,crystal,crystal,berry-tree,,route-39-johto,,1,0,1,,,,,,,
mint-berry,crystal,crystal,event,,,Mystery Gift,1,0,0,,,,,,,
mint-berry,crystal,crystal,berry-tree,,pewter-city,,1,0,1,,,,,,,
mint-berry,gold-silver,gold,berry-tree,,pewter-city,,1,0,1,,,,,,,
mint-berry,gold-silver,gold,event,,,Mystery Gift,1,0,0,,,,,,,
mint-berry,gold-silver,gold,berry-tree,,route-39-johto,,1,0,1,,,,,,,
mint-berry,gold-silver,silver,berry-tree,,route-39-johto,,1,0,1,,,,,,,
mint-berry,gold-silver,silver,berry-tree,,pewter-city,,1,0,1,,,,,,,
mint-berry,gold-silver,silver,event,,,Mystery Gift,1,0,0,,,,,,,
mint-chairs,scarlet-violet,scarlet,npc-gift,,revelers-road,Picnicker,0,0,1,,,,,,If the player owns the Mint Tablecloth,
mint-chairs,scarlet-violet,violet,npc-gift,,revelers-road,Picnicker,0,0,1,,,,,,If the player owns the Mint Tablecloth,
mint-tablecloth,scarlet-violet,scarlet,shop,specialty-shop,mesagoza,Picnic-Knacks (Mesagoza Branch),1,0,1,,,1000,poke-dollar,,,
mint-tablecloth,scarlet-violet,violet,shop,specialty-shop,mesagoza,Picnic-Knacks (Mesagoza Branch),1,0,1,,,1000,poke-dollar,,,
miracle-seed,crystal,crystal,overworld,visible,route-32-johto,,0,0,1,,,,,,,
miracle-seed,gold-silver,gold,overworld,visible,route-32-johto,,0,0,1,,,,,,,
miracle-seed,gold-silver,silver,overworld,visible,route-32-johto,,0,0,1,,,,,,,
miracle-seed,sword-shield,sword,shop,bargain-shop,stow-on-side,Bargain Shop,1,0,1,,,3000,poke-dollar,,,
miracleberry,crystal,crystal,wild-pokemon,,,Held by wild Celebi,0,0,0,,2.0,,,,,
miracleberry,crystal,crystal,pokewalker,,,Mystery Gift: Pokémon Pikachu 2 GS,1,0,0,,,600,watt,,,
miracleberry,gold-silver,gold,pokewalker,,,Mystery Gift: Pokémon Pikachu 2 GS,1,0,0,,,600,watt,,,
miracleberry,gold-silver,gold,wild-pokemon,,,Held by wild Celebi,0,0,0,,2.0,,,,,
miracleberry,gold-silver,silver,wild-pokemon,,,Held by wild Celebi,0,0,0,,2.0,,,,,
miracleberry,gold-silver,silver,pokewalker,,,Mystery Gift: Pokémon Pikachu 2 GS,1,0,0,,,600,watt,,,
mirage-mail,crystal,crystal,event,,pokecom-center,Mobile System GB service,0,0,1,,,,,,Available only via the Mobile System GB service in the Japanese version,
miraidons-poke-ball,scarlet-violet,violet,npc-defeat,,poco-path,From Arven after defeating him,0,0,1,,,,,,,
mirror-herb,scarlet-violet,scarlet,shop,specialty-shop,cascarrafa,Delibird Presents (Cascarrafa Branch),1,0,1,,,30000,poke-dollar,,,
mirror-herb,scarlet-violet,violet,shop,specialty-shop,cascarrafa,Delibird Presents (Cascarrafa Branch),1,0,1,,,30000,poke-dollar,,,
misty-seed,sun-moon,moon,overworld,visible,poni-gauntlet,,0,0,1,,,,,,,
misty-seed,scarlet-violet,scarlet,shop,specialty-shop,cascarrafa,Delibird Presents,1,0,1,,,20000,poke-dollar,,After completing the main storyline,
misty-seed,sword-shield,shield,overworld,visible,slumbering-weald,,0,0,1,,,,,,,
misty-seed,sun-moon,sun,overworld,visible,poni-gauntlet,,0,0,1,,,,,,,
misty-seed,sword-shield,sword,crafting,cram-o-matic,,Fairy: 22–30 points,1,0,0,,,,,,The Isle of Armor,
misty-seed,sword-shield,sword,overworld,visible,slumbering-weald,,0,0,1,,,,,,,
misty-seed,scarlet-violet,violet,overworld,sparkling,west-province-area-three,,1,0,0,,,,,,,
mixed-mushrooms,sword-shield,shield,shop,vendor,rolling-fields,Ingredients Seller,1,0,1,,,400,poke-dollar,,,
mixed-mushrooms,sword-shield,shield,npc-gift,,,After cooking curry,1,0,0,,,,,,,
mixed-mushrooms,sword-shield,sword,npc-gift,,,After cooking curry,1,0,0,,,,,,,
mixed-mushrooms,sword-shield,sword,shop,vendor,rolling-fields,Ingredients Seller,1,0,1,,,400,poke-dollar,,,
modest-mint,sword-shield,shield,exchange,,battle-tower-galar,Battle Tower,1,0,1,,,50,battle-point,,,
modest-mint,sword-shield,sword,exchange,,battle-tower-galar,Battle Tower,1,0,1,,,50,battle-point,,,
moltres-treat,scarlet-violet,scarlet,npc-gift,,blueberry-academy-entrance,Snacksworth,0,0,1,,,,,,After completing 10 solo Blueberry Quests,Available during The Indigo Disk.
moltres-treat,scarlet-violet,violet,npc-gift,,blueberry-academy-entrance,Snacksworth,0,0,1,,,,,,After completing 10 solo Blueberry Quests,Available during The Indigo Disk.
monstrous-chairs,scarlet-violet,scarlet,npc-gift,,revelers-road,Picnicker,0,0,1,,,,,,If the player owns the Monstrous Tablecloth,
monstrous-chairs,scarlet-violet,violet,npc-gift,,revelers-road,Picnicker,0,0,1,,,,,,If the player owns the Monstrous Tablecloth,
monstrous-tablecloth,scarlet-violet,scarlet,shop,specialty-shop,mesagoza,Picnic-Knacks (Mesagoza Branch),1,0,1,,,2000,poke-dollar,,,
monstrous-tablecloth,scarlet-violet,violet,shop,specialty-shop,mesagoza,Picnic-Knacks (Mesagoza Branch),1,0,1,,,2000,poke-dollar,,,
moomoo-cheese,sword-shield,shield,npc-gift,,east-lake-axewell,Camping King,0,0,1,,,,,,,
moomoo-cheese,sword-shield,shield,shop,vendor,hammerlocke-hills,Ingredients Seller,1,0,1,,,,poke-dollar,,,
moomoo-cheese,sword-shield,shield,exchange,watts,master-dojo,Refrigerator,1,0,1,,,100000,watt,,"After donating 100,000 Watts",Isle of Armor
moomoo-cheese,sword-shield,sword,npc-gift,,east-lake-axewell,Camping King,0,0,1,,,,,,,
moomoo-cheese,sword-shield,sword,exchange,watts,master-dojo,Refrigerator,1,0,1,,,100000,watt,,"After donating 100,000 Watts",Isle of Armor
moomoo-cheese,sword-shield,sword,shop,vendor,hammerlocke-hills,Ingredients Seller,1,0,1,,,,poke-dollar,,,
moon-ball,gold-silver,gold,crafting,apricorn,azalea-town,Kurt (Yellow Apricorn),1,0,1,1,,,,,,
moon-ball,heartgold-soulsilver,heartgold,crafting,apricorn,azalea-town,Kurt (Yellow Apricorn),1,0,1,1,,,,,,
moon-flute,sun-moon,moon,overworld,visible,exeggutor-island,,0,0,1,,,,,,,
moon-flute,sun-moon,sun,story,,,Given to Lillie after defeating Lusamine,0,0,1,,,,,,After defeating Lusamine,
moon-flute,ultra-sun-ultra-moon,ultra-moon,overworld,visible,exeggutor-island,,0,0,1,,,,,,,
moon-flute,ultra-sun-ultra-moon,ultra-sun,story,,,Given to Lillie after defeating Lusamine,0,0,1,,,,,,After defeating Lusamine,
morph-mail,crystal,crystal,event,,,Mystery Gift,1,0,1,,,,,,,
morph-mail,gold-silver,gold,event,,,Mystery Gift,1,0,1,,,,,,,
morph-mail,gold-silver,silver,event,,,Mystery Gift,1,0,1,,,,,,,
muscle-band,black-white,black,exchange,,battle-subway,Battle Subway,1,0,1,,,48,battle-point,,,
muscle-band,black-2-white-2,black-2,exchange,,pokemon-world-tournament,Battle Subway / PWT,1,0,1,,,8,battle-point,,,
muscle-band,diamond-pearl,diamond,exchange,,battle-park-sinnoh,Battle Park,1,0,1,,,48,battle-point,,,
muscle-band,heartgold-soulsilver,heartgold,mom,,,Purchased by the player's Mom,0,0,1,,,,,,,
muscle-band,platinum,platinum,exchange,,battle-frontier-sinnoh,Battle Frontier,1,0,1,,,48,battle-point,,,
muscle-band,scarlet-violet,scarlet,shop,vendor,cascarrafa,Delibird Presents (Mesagoza Branch),1,0,1,,,8000,poke-dollar,,,
muscle-band,sun-moon,sun,overworld,visible,konikoni-city,,0,0,1,,,,,,,
muscle-band,sword-shield,sword,overworld,visible,hammerlocke,,0,0,1,,,,,,,
muscle-band,x-y,x,exchange,,battle-maison,Battle Maison,1,0,1,,,48,battle-point,,,
muscle-wing,black-white,black,overworld,recurring,driftveil-drawbridge,Flying Pokémon's shadow,1,0,1,,,,,,,
muscle-wing,black-white,black,overworld,recurring,marvelous-bridge,Flying Pokémon's shadow,1,0,1,,,,,,,
muscle-mochi,scarlet-violet,scarlet,contest,,,Ogre Oustin',1,0,0,,,,,,,
muscle-mochi,scarlet-violet,violet,contest,,,Ogre Oustin',1,0,0,,,,,,,
music-mail,crystal,crystal,event,,,Mystery Gift,1,0,1,,,,,,,
music-mail,gold-silver,gold,event,,,Mystery Gift,1,0,1,,,,,,,
music-mail,gold-silver,silver,event,,,Mystery Gift,1,0,1,,,,,,,
mustard,scarlet-violet,scarlet,vending-machine,,terarium,Vending machines,1,0,1,,,,,,The Indigo Disk DLC,
mustard,scarlet-violet,scarlet,shop,vendor,,Artisan Bakery; Aquiesta Supermarket,1,0,1,,,130,poke-dollar,,,
mustard,scarlet-violet,violet,vending-machine,,terarium,Vending machines,1,0,1,,,,,,The Indigo Disk DLC,
mustard,scarlet-violet,violet,shop,vendor,,Artisan Bakery; Aquiesta Supermarket,1,0,1,,,130,poke-dollar,,,
mysterious-shard-l,brilliant-diamond-shining-pearl,brilliant-diamond,overworld,recurring,,,1,0,0,,,,,,After obtaining the National Pokédex,
mysterious-shard-l,brilliant-diamond-shining-pearl,shining-pearl,overworld,recurring,,,1,0,0,,,,,,After obtaining the National Pokédex,
mysterious-shard-s,brilliant-diamond-shining-pearl,brilliant-diamond,overworld,recurring,,,1,0,1,,,,,,After obtaining the National Pokédex,
mysterious-shard-s,brilliant-diamond-shining-pearl,shining-pearl,overworld,recurring,,,1,0,1,,,,,,After obtaining the National Pokédex,
mystery-berry,crystal,crystal,overworld,visible,ruins-of-alph,,0,0,1,,,,,,,
mystery-berry,crystal,crystal,npc-gift,,pewter-city,Held by in-game trade Xatu,0,0,1,,,,,,,
mystery-berry,crystal,crystal,berry-tree,,route-35-johto,,1,0,1,,,,,,,
mystery-berry,crystal,crystal,berry-tree,,route-45-johto,,1,0,1,,,,,,,
mystery-berry,gold-silver,gold,berry-tree,,route-35-johto,,1,0,1,,,,,,,
mystery-berry,gold-silver,gold,berry-tree,,route-45-johto,,1,0,1,,,,,,,
mystery-berry,gold-silver,silver,berry-tree,,route-35-johto,,1,0,1,,,,,,,
mystery-berry,gold-silver,silver,berry-tree,,route-45-johto,,1,0,1,,,,,,,
mystery-egg,crystal,crystal,npc-gift,,route-30-johto,Mr. Pokémon,0,0,1,,,,,,,
mystery-egg,gold-silver,gold,npc-gift,,route-30-johto,Mr. Pokémon,0,0,1,,,,,,,
mystery-egg,heartgold-soulsilver,heartgold,npc-gift,,route-30-johto,Mr. Pokémon,0,0,1,,,,,,,
mystery-egg,gold-silver,silver,npc-gift,,route-30-johto,Mr. Pokémon,0,0,1,,,,,,,
mystery-egg,heartgold-soulsilver,soulsilver,npc-gift,,route-30-johto,Mr. Pokémon,0,0,1,,,,,,,
mythical-pecha-berry,scarlet-violet,scarlet,event,,,Mystery Gift,1,0,1,,,,,,,
mythical-pecha-berry,scarlet-violet,violet,event,,,Mystery Gift,1,0,1,,,,,,,
n-lunarizer--merge,scarlet-violet,scarlet,auction,,porto-marinada,Auction,1,0,0,,,,,,If the player owns a Necrozma,
n-lunarizer--merge,sword-shield,shield,bargain-shop,,stow-on-side,Bargain shop keeper,0,0,1,,,,,,If the player owns a Necrozma,
n-lunarizer--merge,sword-shield,sword,bargain-shop,,stow-on-side,Bargain shop keeper,0,0,1,,,,,,If the player owns a Necrozma,
n-lunarizer--merge,ultra-sun-ultra-moon,ultra-moon,npc-gift,,mount-lanakila,From Colress after catching Necrozma,0,0,1,,,,,,After catching Necrozma,
n-lunarizer--merge,ultra-sun-ultra-moon,ultra-sun,npc-gift,,mount-lanakila,From Colress after catching Necrozma,0,0,1,,,,,,After catching Necrozma,
n-lunarizer--merge,scarlet-violet,violet,auction,,porto-marinada,Auction,1,0,0,,,,,,If the player owns a Necrozma,
n-solarizer--merge,scarlet-violet,scarlet,auction,,porto-marinada,Auction,0,0,1,,,,,,If the player owns a Necrozma,
n-solarizer--merge,sword-shield,shield,bargain-shop,,stow-on-side,Bargain shop keeper,0,0,1,,,,,,If the player owns a Necrozma,
n-solarizer--merge,sword-shield,sword,bargain-shop,,stow-on-side,Bargain shop keeper,0,0,1,,,,,,If the player owns a Necrozma,
n-solarizer--merge,ultra-sun-ultra-moon,ultra-moon,npc-gift,,mount-lanakila,Colress,0,0,1,,,,,,After catching Necrozma,
n-solarizer--merge,ultra-sun-ultra-moon,ultra-sun,npc-gift,,mount-lanakila,Colress,0,0,1,,,,,,After catching Necrozma,
n-solarizer--merge,scarlet-violet,violet,auction,,porto-marinada,Auction,0,0,1,,,,,,If the player owns a Necrozma,
naive-mint,brilliant-diamond-shining-pearl,brilliant-diamond,exchange,,,Battle Park,1,0,1,,,50,battle-point,,,
naive-mint,scarlet-violet,scarlet,shop,specialty-shop,,Chansey Supply,1,0,1,,,20000,poke-dollar,,After earning 6 Gym Badges,
naive-mint,sword-shield,shield,overworld,recurring,giants-bed,,1,1,0,,,,,,The Crown Tundra,
naive-mint,sword-shield,shield,exchange,,,Battle Tower,1,0,1,,,50,battle-point,,,
naive-mint,brilliant-diamond-shining-pearl,shining-pearl,exchange,,,Battle Park,1,0,1,,,50,battle-point,,,
naive-mint,sword-shield,sword,exchange,,,Battle Tower,1,0,1,,,50,battle-point,,,
naive-mint,sword-shield,sword,overworld,recurring,soothing-wetlands,,1,1,0,,,,,,The Isle of Armor,
naive-mint,scarlet-violet,violet,overworld,visible,area-zero,South Province (Area Five),0,0,1,,,,,,,
naughty-mint,brilliant-diamond-shining-pearl,brilliant-diamond,exchange,,,Battle Park,1,0,1,,,50,battle-point,,,
naughty-mint,scarlet-violet,scarlet,overworld,visible,canyon-biome,,0,0,1,,,,,,The Indigo Disk,
naughty-mint,scarlet-violet,scarlet,overworld,visible,area-zero,,0,0,1,,,,,,,
naughty-mint,scarlet-violet,scarlet,tournament,,,Academy Ace Tournament,1,0,0,,,,,,,
naughty-mint,scarlet-violet,scarlet,tera-raid,tera-raid-5star,,,1,0,0,,,,,,,
naughty-mint,scarlet-violet,scarlet,tournament,,,Ogre Oustin',1,0,0,,,,,,The Teal Mask,
naughty-mint,sword-shield,shield,overworld,recurring,giants-bed,Hidden recurring item,1,1,1,,,,,,The Crown Tundra,
naughty-mint,sword-shield,shield,exchange,,,Battle Tower,1,0,1,,,50,battle-point,,,
naughty-mint,brilliant-diamond-shining-pearl,shining-pearl,exchange,,,Battle Park,1,0,1,,,50,battle-point,,,
naughty-mint,sword-shield,sword,exchange,,,Battle Tower,1,0,1,,,50,battle-point,,,
naughty-mint,sword-shield,sword,overworld,recurring,soothing-wetlands,Hidden recurring item,1,1,1,,,,,,The Isle of Armor,
naughty-mint,scarlet-violet,violet,shop,specialty-shop,,Chansey Supply,1,0,1,,,20000,poke-dollar,,After earning 6 Gym Badges,
necrozma-treat,scarlet-violet,scarlet,npc-gift,,blueberry-academy,"Entrance, from Snacksworth",0,0,1,,,,,,After completing a group Blueberry Quest,
necrozma-treat,scarlet-violet,violet,npc-gift,,blueberry-academy,"Entrance, from Snacksworth",0,0,1,,,,,,After completing a group Blueberry Quest,
nomel-berry,diamond-pearl,diamond,walking-pokemon,,amity-square,,1,0,0,,,,,,,
nomel-berry,emerald,emerald,overworld,recurring,hoenn-route-123,Berry Master,1,0,1,,,,,,,
noodles,scarlet-violet,scarlet,shop,vendor,,Sure Cans,1,0,1,,,280,poke-dollar,,After earning 5 Gym Badges,
noodles,scarlet-violet,scarlet,vending-machine,,terarium,Vending machines,1,0,1,,,,,,,
noodles,scarlet-violet,scarlet,shop,vendor,,Peachy's,1,0,1,,,280,poke-dollar,,After earning 5 Badges,
noodles,scarlet-violet,violet,shop,vendor,,Peachy's,1,0,1,,,280,poke-dollar,,After earning 5 Badges,
noodles,scarlet-violet,violet,shop,vendor,,Sure Cans,1,0,1,,,280,poke-dollar,,After earning 5 Gym Badges,
noodles,scarlet-violet,violet,vending-machine,,terarium,Vending machines,1,0,1,,,,,,,
normal-box,crystal,crystal,wild-pokemon,,,Held by Pokémon won in Round 1 of Pokémon Stadium and traded to Generation II,1,0,0,,,,,,,
normal-box,gold-silver,gold,wild-pokemon,,,Held by Pokémon won in Round 1 of Pokémon Stadium and traded to Generation II,1,0,0,,,,,,,
normal-box,gold-silver,silver,wild-pokemon,,,Held by Pokémon won in Round 1 of Pokémon Stadium and traded to Generation II,1,0,0,,,,,,,
normal-gem,black-white,black,overworld,sparkling,,Dust cloud,1,0,0,,,,,,,
normal-gem,black-2-white-2,black-2,overworld,visible,victory-road-unova-b2w2,,0,0,1,,,,,,,
normal-gem,scarlet-violet,scarlet,shop,vendor,cascarrafa,Delibird Presents,1,0,1,,,15000,poke-dollar,,,
normal-gem,x-y,x,event,,,,0,0,1,,,,,,,
normal-tera-shard,scarlet-violet,scarlet,overworld,visible,area-zero,,0,0,1,,,,,,,
normal-tera-shard,scarlet-violet,scarlet,raid,tera-raid-5star,,Tera Raid Battles,1,0,0,,,,,,3★ raids onwards,
normal-tera-shard,the-indigo-disk,,item-printer,item-printer,,,1,0,0,,,,,,,
normal-tera-shard,the-teal-mask,,overworld,visible,infernal-pass,,0,0,1,,,,,,,
normal-tera-shard,scarlet-violet,violet,overworld,visible,area-zero,,0,0,1,,,,,,,
normal-tera-shard,scarlet-violet,violet,raid,tera-raid-5star,,Tera Raid Battles,1,0,0,,,,,,3★ raids onwards,
normalium-z--held,sun-moon,moon,story,,verdant-cavern,Reward for completing Ilima's trial,0,0,1,,,,,,,
normalium-z--held,sun-moon,sun,story,,verdant-cavern,Reward for completing Ilima's trial,0,0,1,,,,,,,
normalium-z--held,ultra-sun-ultra-moon,ultra-moon,story,,verdant-cavern,Reward for completing Ilima's trial,0,0,1,,,,,,,
normalium-z--held,ultra-sun-ultra-moon,ultra-sun,story,,verdant-cavern,Reward for completing Ilima's trial,0,0,1,,,,,,,
oceanic-slate,brilliant-diamond-shining-pearl,brilliant-diamond,exchange,,ramanas-park,Ramanas Park vendor,1,0,1,,,3,,,"After catching Raikou, Entei, and Suicune",Costs 3 Mysterious Shards S or 1 Mysterious Shard L.
oceanic-slate,brilliant-diamond-shining-pearl,shining-pearl,exchange,,ramanas-park,Ramanas Park vendor,1,0,1,,,3,,,"After catching Articuno, Zapdos, and Moltres",Costs 3 Mysterious Shards S or 1 Mysterious Shard L.
odd-incense,black-white,black,shop,vendor,driftveil-city,Driftveil Market,1,0,1,,,9600,poke-dollar,,Post-National Pokédex,
odd-incense,diamond-pearl,diamond,overworld,visible,solaceon-ruins-sinnoh,,0,0,1,,,,,,,
odd-incense,heartgold-soulsilver,heartgold,overworld,visible,cerulean-cave,,0,0,1,,,,,,,
odd-keystone,diamond-pearl,diamond,overworld,visible,twinleaf-town,,0,0,1,,,,,,,
odd-keystone,platinum,platinum,overworld,visible,route-208-sinnoh,,0,0,1,,,,,,,
old-amber,red-blue,blue,npc-gift,,pewter-city,Pewter Museum of Science,0,0,1,,,,,,,
old-amber,red-blue,red,npc-gift,,pewter-city,Pewter Museum of Science,0,0,1,,,,,,,
old-charm,brilliant-diamond-shining-pearl,brilliant-diamond,npc-gift,,route-210-sinnoh,From Cynthia after curing the Psyduck,0,0,1,,,,,,After curing the Psyduck blocking Route 210,
old-charm,diamond-pearl,diamond,npc-gift,,route-210-sinnoh,From Cynthia after curing the Psyduck,0,0,1,,,,,,After curing the Psyduck blocking Route 210,
old-charm,diamond-pearl,pearl,npc-gift,,route-210-sinnoh,From Cynthia after curing the Psyduck,0,0,1,,,,,,After curing the Psyduck blocking Route 210,
old-charm,platinum,platinum,npc-gift,,route-210-sinnoh,From Cynthia after curing the Psyduck,0,0,1,,,,,,After curing the Psyduck blocking Route 210,
old-charm,brilliant-diamond-shining-pearl,shining-pearl,npc-gift,,route-210-sinnoh,From Cynthia after curing the Psyduck,0,0,1,,,,,,After curing the Psyduck blocking Route 210,
old-gateau,black-white,black,overworld,visible,dragonspiral-tower,,0,0,1,,,,,,,
old-gateau,diamond-pearl,diamond,overworld,visible,old-chateau,,0,0,1,,,,,,,
old-gateau,platinum,platinum,overworld,visible,old-chateau,,0,0,1,,,,,,,
old-gateau,black-white,white,overworld,visible,dragonspiral-tower,,0,0,1,,,,,,,
old-letter,sword-shield,shield,npc-gift,,hammerlocke,Girl named Paula above the train station,0,0,1,,,,,,,
old-letter,sword-shield,sword,npc-gift,,hammerlocke,Girl named Paula above the train station,0,0,1,,,,,,,
old-rod,red-blue,blue,npc-gift,,vermilion-city,Vermilion City Fishing Guru,0,0,1,,,,,,,
old-rod,brilliant-diamond-shining-pearl,brilliant-diamond,npc-gift,,jubilife-city,Fisherman in the gate to Route 218,0,0,1,,,,,,,
old-rod,crystal,crystal,npc-gift,,route-32-johto,Fisherman in the Pokémon Center,0,0,1,,,,,,,
old-rod,diamond-pearl,diamond,npc-gift,,jubilife-city,Fisherman in the gate to Route 218,0,0,1,,,,,,,
old-rod,emerald,emerald,npc-gift,,dewford-town,Fisherman east of the Gym,0,0,1,,,,,,,
old-rod,gold-silver,gold,npc-gift,,route-32-johto,Fisherman in the Pokémon Center,0,0,1,,,,,,,
old-rod,diamond-pearl,pearl,npc-gift,,jubilife-city,Fisherman in the gate to Route 218,0,0,1,,,,,,,
old-rod,platinum,platinum,npc-gift,,jubilife-city,Fisherman in the gate to Route 218,0,0,1,,,,,,,
old-rod,red-blue,red,npc-gift,,vermilion-city,Vermilion City Fishing Guru,0,0,1,,,,,,,
old-rod,ruby-sapphire,ruby,npc-gift,,dewford-town,Fisherman east of the Gym,0,0,1,,,,,,,
old-rod,ruby-sapphire,sapphire,npc-gift,,dewford-town,Fisherman east of the Gym,0,0,1,,,,,,,
old-rod,brilliant-diamond-shining-pearl,shining-pearl,npc-gift,,jubilife-city,Fisherman in the gate to Route 218,0,0,1,,,,,,,
old-rod,gold-silver,silver,npc-gift,,route-32-johto,Fisherman in the Pokémon Center,0,0,1,,,,,,,
old-rod,x-y,x,npc-gift,,ambrette-town,Fisherman in the Ambrette Aquarium,0,0,1,,,,,,,
old-rod,x-y,y,npc-gift,,ambrette-town,Fisherman in the Ambrette Aquarium,0,0,1,,,,,,,
old-rod,yellow,yellow,npc-gift,,vermilion-city,Vermilion City Fishing Guru,0,0,1,,,,,,,
old-sea-map,emerald,emerald,event,,,Event distribution (Japan and Taiwan),0,0,1,,,,,,,Not distributed outside Japan and Taiwan.
olive-oil,scarlet-violet,scarlet,overworld,visible,west-province-area-one,,0,0,1,,,,,,,
olive-oil,scarlet-violet,scarlet,trainer-reward,trainer,south-province-area-two,Olive Roll reward,0,0,1,,,,,,,
olive-oil,scarlet-violet,scarlet,shop,vendor,,Artisan Bakery,1,0,1,,,300,poke-dollar,,,
olive-oil,scarlet-violet,scarlet,shop,vendor,,Aquiesta Supermarket,1,0,1,,,300,poke-dollar,,,
olive-oil,scarlet-violet,scarlet,shop,vendor,,Peachy's,1,0,1,,,300,poke-dollar,,,
olive-oil,scarlet-violet,scarlet,overworld,visible,south-province-area-three,,0,0,1,,,,,,,
olive-oil,scarlet-violet,violet,overworld,visible,south-province-area-three,,0,0,1,,,,,,,
olive-oil,scarlet-violet,violet,overworld,visible,west-province-area-one,,0,0,1,,,,,,,
olive-oil,scarlet-violet,violet,trainer-reward,trainer,south-province-area-two,Olive Roll reward,0,0,1,,,,,,,
olive-oil,scarlet-violet,violet,shop,vendor,,Artisan Bakery,1,0,1,,,300,poke-dollar,,,
olive-oil,scarlet-violet,violet,shop,vendor,,Aquiesta Supermarket,1,0,1,,,300,poke-dollar,,,
olive-oil,scarlet-violet,violet,shop,vendor,,Peachy's,1,0,1,,,300,poke-dollar,,,
onion,scarlet-violet,scarlet,shop,specialty-shop,,Aquiesta Supermarket,1,0,1,,,130,poke-dollar,,,
onion,scarlet-violet,scarlet,shop,specialty-shop,,Artisan Bakery,1,0,1,,,130,poke-dollar,,,
onion,scarlet-violet,scarlet,shop,specialty-shop,,Peachy's,1,0,1,,,130,poke-dollar,,,
onion,scarlet-violet,violet,shop,specialty-shop,,Aquiesta Supermarket,1,0,1,,,130,poke-dollar,,,
onion,scarlet-violet,violet,shop,specialty-shop,,Peachy's,1,0,1,,,130,poke-dollar,,,
onion,scarlet-violet,violet,shop,specialty-shop,,Artisan Bakery,1,0,1,,,130,poke-dollar,,,
orange-mail,emerald,emerald,shop,poke-mart,petalburg-city,Poké Mart,1,0,1,,,50,poke-dollar,,,
orange-mail,emerald,emerald,overworld,visible,trick-house,,0,0,1,,,,,,,
orange-mail,firered-leafgreen,firered,transfer,,,"Trade from Ruby, Sapphire, or Emerald",1,0,1,,,,,,,
orange-mail,firered-leafgreen,leafgreen,transfer,,,"Trade from Ruby, Sapphire, or Emerald",1,0,1,,,,,,,
orange-mail,ruby-sapphire,ruby,overworld,visible,trick-house,,0,0,1,,,,,,,
orange-mail,ruby-sapphire,ruby,shop,poke-mart,petalburg-city,Poké Mart,1,0,1,,,50,poke-dollar,,,
orange-mail,ruby-sapphire,sapphire,shop,poke-mart,petalburg-city,Poké Mart,1,0,1,,,50,poke-dollar,,,
orange-mail,ruby-sapphire,sapphire,overworld,visible,trick-house,,0,0,1,,,,,,,
orange-petal,ultra-sun-ultra-moon,ultra-moon,npc-defeat,,hauoli-cemetery,After defeating Ilima during Mina's trial,0,0,1,,,,,,During Mina's trial,
orange-petal,ultra-sun-ultra-moon,ultra-sun,npc-defeat,,hauoli-cemetery,After defeating Ilima during Mina's trial,0,0,1,,,,,,During Mina's trial,
oval-charm,black-2-white-2,black-2,npc-gift,,juniper-pokemon-lab,Professor Juniper,0,0,1,,,,,,After obtaining all Pokémon in the Unova Pokédex except Mythical Pokémon,
oval-charm,black-2-white-2,white-2,npc-gift,,juniper-pokemon-lab,Professor Juniper,0,0,1,,,,,,After obtaining all Pokémon in the Unova Pokédex except Mythical Pokémon,
oval-charm,x-y,x,npc-gift,,pokemon-research-lab-kalos,Professor Sycamore,0,0,1,,,,,,After seeing all Pokémon in each section of the Kalos Pokédex except certain Legendary and Mythical Pokémon,
oval-charm,x-y,y,npc-gift,,pokemon-research-lab-kalos,Professor Sycamore,0,0,1,,,,,,After seeing all Pokémon in each section of the Kalos Pokédex except certain Legendary and Mythical Pokémon,
oval-stone,diamond-pearl,diamond,overworld,visible,lost-tower,,0,0,1,,,,,,,
pack-of-potatoes,sword-shield,shield,npc-gift,,,Gift after cooking curry,1,0,0,,,,,,,
pack-of-potatoes,sword-shield,shield,shop,vendor,hammerlocke-hills,Ingredients Seller,1,0,1,,,400,poke-dollar,,,
pack-of-potatoes,sword-shield,sword,shop,vendor,rolling-fields,Ingredients Seller,1,0,1,,,400,poke-dollar,,,
pack-of-potatoes,sword-shield,sword,npc-gift,,,Gift after cooking curry,1,0,0,,,,,,,
packaged-curry,sword-shield,shield,npc-gift,,,Possible gift after cooking curry,1,0,0,,,,,,,
packaged-curry,sword-shield,shield,shop,vendor,hammerlocke-hills,Ingredients Seller,1,0,1,,,950,poke-dollar,,,
packaged-curry,sword-shield,sword,shop,vendor,rolling-fields,Ingredients Seller,1,0,1,,,950,poke-dollar,,,
packaged-curry,sword-shield,sword,shop,vendor,fields-of-honor,Ingredients Seller,1,0,1,,,950,poke-dollar,,,
packaged-curry,sword-shield,sword,achievement,,,Poké Job reward (Tiers V–VIII),1,0,0,,,,,,,
pair-of-tickets,omega-ruby-alpha-sapphire,alpha-sapphire,npc-gift,,littleroot-town,From Norman,0,0,1,,,,,,After entering the Hall of Fame at the start of the Delta Episode,
pair-of-tickets,omega-ruby-alpha-sapphire,omega-ruby,npc-gift,,littleroot-town,From Norman,0,0,1,,,,,,After entering the Hall of Fame at the start of the Delta Episode,
pal-pad,black-white,black,npc-gift,,striaton-city,From Fennel after protecting Munna at the Dreamyard,0,0,1,,,,,,After protecting Munna at the Dreamyard,
pal-pad,black-2-white-2,black-2,starting-item,bag,aspertia-city,Automatically obtained at the start of the game,0,0,1,,,,,,At the start of the game,
pal-pad,diamond-pearl,diamond,npc-gift,,,"Pokémon Center Basement, from Teala after entering Oreburgh City for the first time",0,0,1,,,,,,After entering Oreburgh City for the first time,
pal-pad,heartgold-soulsilver,heartgold,npc-gift,,,"Pokémon Center Basement, from Teala after obtaining the Zephyr Badge",0,0,1,,,,,zephyr-badge,After obtaining the Zephyr Badge,
pal-pad,diamond-pearl,pearl,npc-gift,,,"Pokémon Center Basement, from Teala after entering Oreburgh City for the first time",0,0,1,,,,,,After entering Oreburgh City for the first time,
pal-pad,platinum,platinum,npc-gift,,,"Pokémon Center Basement, from Teala after entering Oreburgh City for the first time",0,0,1,,,,,,After entering Oreburgh City for the first time,
pal-pad,heartgold-soulsilver,soulsilver,npc-gift,,,"Pokémon Center Basement, from Teala after obtaining the Zephyr Badge",0,0,1,,,,,zephyr-badge,After obtaining the Zephyr Badge,
pal-pad,black-white,white,npc-gift,,striaton-city,From Fennel after protecting Munna at the Dreamyard,0,0,1,,,,,,After protecting Munna at the Dreamyard,
pal-pad,black-2-white-2,white-2,starting-item,bag,aspertia-city,Automatically obtained at the start of the game,0,0,1,,,,,,At the start of the game,
parasol-pick,scarlet-violet,scarlet,shop,specialty-shop,,Artisan Bakery,1,0,1,,,800,poke-dollar,,,
parasol-pick,scarlet-violet,violet,shop,specialty-shop,,Artisan Bakery,1,0,1,,,800,poke-dollar,,,
parcel,red-blue,blue,npc-gift,,viridian-city,Poké Mart clerk,0,0,1,,,,,,,
parcel,brilliant-diamond-shining-pearl,brilliant-diamond,npc-gift,,twinleaf-town,Barry's mother,0,0,1,,,,,,After returning from Sandgem Town,
parcel,diamond-pearl,diamond,npc-gift,,twinleaf-town,Barry's mother,0,0,1,,,,,,After returning from Sandgem Town,
parcel,firered-leafgreen,firered,npc-gift,,viridian-city,Poké Mart clerk,0,0,1,,,,,,,
parcel,firered-leafgreen,leafgreen,npc-gift,,viridian-city,Poké Mart clerk,0,0,1,,,,,,,
parcel,lets-go-pikachu-lets-go-eevee,lets-go-eevee,npc-gift,,viridian-city,Poké Mart clerk,0,0,1,,,,,,,
parcel,lets-go-pikachu-lets-go-eevee,lets-go-pikachu,npc-gift,,viridian-city,Poké Mart clerk,0,0,1,,,,,,,
parcel,diamond-pearl,pearl,npc-gift,,twinleaf-town,Barry's mother,0,0,1,,,,,,After returning from Sandgem Town,
parcel,platinum,platinum,npc-gift,,twinleaf-town,Barry's mother,0,0,1,,,,,,After returning from Sandgem Town,
parcel,red-blue,red,npc-gift,,viridian-city,Poké Mart clerk,0,0,1,,,,,,,
parcel,brilliant-diamond-shining-pearl,shining-pearl,npc-gift,,twinleaf-town,Barry's mother,0,0,1,,,,,,After returning from Sandgem Town,
parcel,yellow,yellow,npc-gift,,viridian-city,Poké Mart clerk,0,0,1,,,,,,,
park-ball,diamond-pearl,diamond,story,,pal-park,Catching Show,1,0,1,6,,,,,Participate in Pal Park Catching Show,Balls are returned after leaving the Catching Show.
park-ball,heartgold-soulsilver,heartgold,story,,pal-park,Catching Show,1,0,1,6,,,,,Participate in Pal Park Catching Show,Balls are returned after leaving the Catching Show.
park-ball,diamond-pearl,pearl,story,,pal-park,Catching Show,1,0,1,6,,,,,Participate in Pal Park Catching Show,Balls are returned after leaving the Catching Show.
park-ball,platinum,platinum,story,,pal-park,Catching Show,1,0,1,6,,,,,Participate in Pal Park Catching Show,Balls are returned after leaving the Catching Show.
park-ball,heartgold-soulsilver,soulsilver,story,,pal-park,Catching Show,1,0,1,6,,,,,Participate in Pal Park Catching Show,Balls are returned after leaving the Catching Show.
party-sparkler-pick,scarlet-violet,scarlet,shop,vendor,,Artisan Bakery,1,0,1,,,1600,poke-dollar,,,
party-sparkler-pick,scarlet-violet,violet,shop,vendor,,Artisan Bakery,1,0,1,,,1600,poke-dollar,,,
pass,crystal,crystal,npc-gift,,saffron-city,Received from the Copycat after returning her Lost Item,0,0,1,,,,,,,
pass,gold-silver,gold,npc-gift,,saffron-city,Received from the Copycat after returning her Lost Item,0,0,1,,,,,,,
pass,heartgold-soulsilver,heartgold,npc-gift,,saffron-city,Received from the Copycat after returning her Lost Item,0,0,1,,,,,,,
pass,gold-silver,silver,npc-gift,,saffron-city,Received from the Copycat after returning her Lost Item,0,0,1,,,,,,,
pass,heartgold-soulsilver,soulsilver,npc-gift,,saffron-city,Received from the Copycat after returning her Lost Item,0,0,1,,,,,,,
pass-orb,black-white,black,overworld,recurring,entralink,"Entralink missions, other players' worlds",1,0,1,,,,,,,
pass-orb,black-2-white-2,black-2,overworld,recurring,entralink,Funfest Missions,1,0,1,,,,,,,
pass-orb,black-white,white,overworld,recurring,entralink,"Entralink missions, other players' worlds",1,0,1,,,,,,,
pass-orb,black-2-white-2,white-2,overworld,recurring,entralink,Funfest Missions,1,0,1,,,,,,,
pasta,sword-shield,shield,contest,,,Possible gift after cooking curry,1,0,0,,,,,,,
pasta,sword-shield,shield,exchange,,,Gift from other players,1,0,0,,,,,,,
pasta,sword-shield,shield,shop,vendor,rolling-fields,Ingredients Seller,1,0,1,,,150,poke-dollar,,,
pasta,sword-shield,sword,contest,,,Possible gift after cooking curry,1,0,0,,,,,,,
pasta,sword-shield,sword,shop,vendor,rolling-fields,Ingredients Seller,1,0,1,,,150,poke-dollar,,,
pasta,sword-shield,sword,exchange,,,Gift from other players,1,0,0,,,,,,,
peach-chairs,scarlet-violet,scarlet,npc-gift,,revelers-road,Picnicker,0,0,1,,,,,,If the player owns the Peach Tablecloth,
peach-chairs,scarlet-violet,violet,npc-gift,,revelers-road,Picnicker,0,0,1,,,,,,If the player owns the Peach Tablecloth,
peach-tablecloth,scarlet-violet,scarlet,shop,specialty-shop,mesagoza,Picnic-Knacks (Mesagoza Branch),1,0,1,,,1000,poke-dollar,,,
peach-tablecloth,scarlet-violet,violet,shop,specialty-shop,mesagoza,Picnic-Knacks (Mesagoza Branch),1,0,1,,,1000,poke-dollar,,,
peanut-butter,scarlet-violet,scarlet,shop,vendor,,Aquiesta Supermarket,1,0,1,,,300,poke-dollar,,After earning 4 Gym Badges,
peanut-butter,scarlet-violet,scarlet,shop,vendor,,Artisan Bakery,1,0,1,,,300,poke-dollar,,After earning 4 Gym Badges,
peanut-butter,scarlet-violet,scarlet,vending-machine,,terarium,Vending machines,1,0,1,,,,,,The Indigo Disk,
peanut-butter,scarlet-violet,violet,shop,vendor,,Aquiesta Supermarket,1,0,1,,,300,poke-dollar,,After earning 4 Gym Badges,
peanut-butter,scarlet-violet,violet,vending-machine,,terarium,Vending machines,1,0,1,,,,,,The Indigo Disk,
peanut-butter,scarlet-violet,violet,shop,vendor,,Artisan Bakery,1,0,1,,,300,poke-dollar,,After earning 4 Gym Badges,
pepper,scarlet-violet,scarlet,shop,vendor,,Peachy's,1,0,1,,,100,poke-dollar,,The Teal Mask,
pepper,scarlet-violet,scarlet,overworld,visible,south-province-area-two,,0,0,1,,,,,,,
pepper,scarlet-violet,scarlet,shop,vendor,,Artisan Bakery,1,0,1,,,100,poke-dollar,,,
pepper,scarlet-violet,scarlet,shop,vendor,,Aquiesta Supermarket,1,0,1,,,100,poke-dollar,,,
pepper,scarlet-violet,scarlet,vending-machine,,terarium,Vending machines,1,0,1,,,100,poke-dollar,,The Indigo Disk,
pepper,scarlet-violet,violet,shop,vendor,,Aquiesta Supermarket,1,0,1,,,100,poke-dollar,,,
pepper,scarlet-violet,violet,overworld,visible,south-province-area-two,,0,0,1,,,,,,,
pepper,scarlet-violet,violet,shop,vendor,,Peachy's,1,0,1,,,100,poke-dollar,,The Teal Mask,
pepper,scarlet-violet,violet,shop,vendor,,Artisan Bakery,1,0,1,,,100,poke-dollar,,,
pepper,scarlet-violet,violet,vending-machine,,terarium,Vending machines,1,0,1,,,100,poke-dollar,,The Indigo Disk,
permit,black-2-white-2,black-2,npc-gift,,juniper-pokemon-lab,Professor Juniper,0,0,1,,,,,,After seeing all Pokémon in the Unova Pokédex,
permit,black-2-white-2,white-2,npc-gift,,juniper-pokemon-lab,Professor Juniper,0,0,1,,,,,,After seeing all Pokémon in the Unova Pokédex,
pewter-crunchies,lets-go-pikachu-lets-go-eevee,lets-go-eevee,shop,poke-mart,pewter-city,,1,0,1,,,500,poke-dollar,,,
pewter-crunchies,lets-go-pikachu-lets-go-eevee,lets-go-eevee,shop,poke-mart,celadon-city,,0,0,1,,,500,poke-dollar,,,
pewter-crunchies,lets-go-pikachu-lets-go-eevee,lets-go-pikachu,shop,poke-mart,celadon-city,,0,0,1,,,500,poke-dollar,,,
pewter-crunchies,lets-go-pikachu-lets-go-eevee,lets-go-pikachu,shop,poke-mart,pewter-city,,1,0,1,,,500,poke-dollar,,,
pewter-crunchies,sword-shield,shield,npc-gift,,,Battle Café,1,0,1,,,,,,,
pewter-crunchies,sword-shield,sword,npc-gift,,,Battle Café,1,0,1,,,,,,,
pickle,scarlet-violet,scarlet,vending-machine,,terarium,Vending machines,1,0,1,,,90,poke-dollar,,The Indigo Disk DLC,
pickle,scarlet-violet,scarlet,overworld,visible,south-province-area-three,,0,0,1,,,,,,,
pickle,scarlet-violet,scarlet,shop,vendor,,Sure Cans,1,0,1,,,90,poke-dollar,,,
pickle,scarlet-violet,scarlet,shop,vendor,,Aquiesta Supermarket,1,0,1,,,90,poke-dollar,,,
pickle,scarlet-violet,violet,overworld,visible,south-province-area-three,,0,0,1,,,,,,,
pickle,scarlet-violet,violet,shop,vendor,,Aquiesta Supermarket,1,0,1,,,90,poke-dollar,,,
pickle,scarlet-violet,violet,vending-machine,,terarium,Vending machines,1,0,1,,,90,poke-dollar,,The Indigo Disk DLC,
pickle,scarlet-violet,violet,shop,vendor,,Sure Cans,1,0,1,,,90,poke-dollar,,,
picnic-set,scarlet-violet,scarlet,story,,mesagoza,Automatically obtained after beginning the Treasure Hunt,0,0,1,,,,,,After beginning the Treasure Hunt,
picnic-set,scarlet-violet,violet,story,,mesagoza,Automatically obtained after beginning the Treasure Hunt,0,0,1,,,,,,After beginning the Treasure Hunt,
pidgeotite,lets-go-pikachu-lets-go-eevee,lets-go-eevee,overworld,visible,indigo-plateau,,0,0,1,,,,,,,
pidgeotite,lets-go-pikachu-lets-go-eevee,lets-go-pikachu,overworld,visible,indigo-plateau,,0,0,1,,,,,,,
pidgeotite,omega-ruby-alpha-sapphire,omega-ruby,npc-gift,,devon-corporation,Mr. Stone,0,0,1,,,,,,Show the Intriguing Stone,
pidgeotite,ultra-sun-ultra-moon,ultra-moon,exchange,,battle-tree,,1,0,1,,,64,battle-point,,,
pidgeotite,ultra-sun-ultra-moon,ultra-sun,exchange,,battle-tree,,1,0,1,,,64,battle-point,,,
pika-pika-pick,scarlet-violet,scarlet,shop,vendor,,Artisan Bakery,1,0,1,,,480,poke-dollar,,,
pika-pika-pick,scarlet-violet,scarlet,shop,vendor,,Peachy's,1,0,1,,,480,poke-dollar,,,
pika-pika-pick,scarlet-violet,scarlet,vending-machine,,terarium,Vending machines,1,0,1,,,480,poke-dollar,,The Indigo Disk,
pika-pika-pick,scarlet-violet,violet,shop,vendor,,Peachy's,1,0,1,,,480,poke-dollar,,,
pika-pika-pick,scarlet-violet,violet,shop,vendor,,Artisan Bakery,1,0,1,,,480,poke-dollar,,,
pika-pika-pick,scarlet-violet,violet,vending-machine,,terarium,Vending machines,1,0,1,,,480,poke-dollar,,The Indigo Disk,
pikachu-candy,lets-go-pikachu-lets-go-eevee,lets-go-pikachu,trainer-reward,trainer,victory-road-kanto,Coach Trainer Alemana,0,0,1,10,,,,,,
pikachu-candy,lets-go-pikachu-lets-go-eevee,lets-go-pikachu,trainer-reward,trainer,route-11-kanto,Coach Trainer Will,0,0,1,5,,,,,,
pikachu-candy,lets-go-pikachu-lets-go-eevee,lets-go-pikachu,trainer-reward,trainer,pokemon-tower,Coach Trainer Holly,0,0,1,5,,,,,,
pikachu-cup,scarlet-violet,scarlet,shop,specialty-shop,levincia,Picnic-Knacks (Levincia Branch),1,0,1,,,2000,poke-dollar,,,
pikachu-cup,scarlet-violet,violet,shop,specialty-shop,levincia,Picnic-Knacks (Levincia Branch),1,0,1,,,2000,poke-dollar,,,
pikanium-z--held,sun-moon,moon,npc-gift,,konikoni-city,Woman with three Pikachu,0,0,1,,,,,,,
pikanium-z--held,sun-moon,sun,npc-gift,,konikoni-city,Woman with three Pikachu,0,0,1,,,,,,,
pikanium-z--held,ultra-sun-ultra-moon,ultra-moon,npc-gift,,hano-grand-resort,Chuuster after defeating Reporter Rita,0,0,1,,,,,,After defeating Reporter Rita,
pikanium-z--held,ultra-sun-ultra-moon,ultra-sun,npc-gift,,hano-grand-resort,Chuuster after defeating Reporter Rita,0,0,1,,,,,,After defeating Reporter Rita,
pikashunium-z--held,sun-moon,moon,event,,,Bundled with Pikachu in a cap (I Choose You! event),0,0,1,,,,,,,
pikashunium-z--held,sun-moon,sun,event,,,Bundled with Pikachu in a cap (I Choose You! event),0,0,1,,,,,,,
pikashunium-z--held,ultra-sun-ultra-moon,ultra-moon,npc-gift,,pikachu-valley,Female Pikachu after showing a Pikachu in a cap,0,0,1,,,,,,,
pikashunium-z--held,ultra-sun-ultra-moon,ultra-sun,npc-gift,,pikachu-valley,Female Pikachu after showing a Pikachu in a cap,0,0,1,,,,,,,
pineapple,scarlet-violet,scarlet,story,,south-province-area-two,Olive Roll reward,0,0,1,,,,,,,
pineapple,scarlet-violet,scarlet,vending-machine,,,Sure Cans,1,0,1,,,250,poke-dollar,,After earning 4 Gym Badges,
pineapple,scarlet-violet,scarlet,vending-machine,,terarium,Vending machines,1,0,1,,,250,poke-dollar,,,
pineapple,scarlet-violet,violet,story,,south-province-area-two,Olive Roll reward,0,0,1,,,,,,,
pineapple,scarlet-violet,violet,vending-machine,,,Sure Cans,1,0,1,,,250,poke-dollar,,After earning 4 Gym Badges,
pineapple,scarlet-violet,violet,vending-machine,,terarium,Vending machines,1,0,1,,,250,poke-dollar,,,
pink-apricorn,crystal,crystal,harvest,,route-42-johto,,1,0,1,,,,,,,
pink-apricorn,gold-silver,gold,harvest,,route-42-johto,,1,0,1,,,,,,,
pink-apricorn,gold-silver,silver,harvest,,route-42-johto,,1,0,1,,,,,,,
pink-bottle,scarlet-violet,scarlet,shop,specialty-shop,cascarrafa,Picnic-Knacks (Cascarrafa Branch),1,0,1,,,2000,poke-dollar,,,
pink-bottle,scarlet-violet,violet,shop,specialty-shop,cascarrafa,Picnic-Knacks (Cascarrafa Branch),1,0,1,,,2000,poke-dollar,,,
pink-bow,crystal,crystal,overworld,visible,goldenrod-radio-tower,,0,0,1,,,,,,,
pink-bow,crystal,crystal,overworld,visible,route-29-johto,,0,0,1,,,,,,,
pink-bow,gold-silver,gold,overworld,visible,route-29-johto,,0,0,1,,,,,,,
pink-bow,gold-silver,gold,overworld,visible,goldenrod-radio-tower,,0,0,1,,,,,,,
pink-bow,gold-silver,silver,overworld,visible,goldenrod-radio-tower,,0,0,1,,,,,,,
pink-bow,gold-silver,silver,overworld,visible,route-29-johto,,0,0,1,,,,,,,
pink-chairs,scarlet-violet,scarlet,npc-gift,,revelers-road,Picnicker,0,0,1,,,,,,If the player owns the Pink Tablecloth,
pink-chairs,scarlet-violet,violet,npc-gift,,revelers-road,Picnicker,0,0,1,,,,,,If the player owns the Pink Tablecloth,
pink-cup,scarlet-violet,scarlet,shop,specialty-shop,cascarrafa,Picnic-Knacks (Cascarrafa Branch),1,0,1,,,1500,poke-dollar,,,
pink-cup,scarlet-violet,violet,shop,specialty-shop,cascarrafa,Picnic-Knacks (Cascarrafa Branch),1,0,1,,,1500,poke-dollar,,,
pink-nectar,sun-moon,moon,overworld,recurring,royal-avenue,,1,0,1,2,,,,,Daily,
pink-nectar,scarlet-violet,scarlet,shop,specialty-shop,,Delibird Presents,1,0,1,,,300,poke-dollar,,After earning 3 Gym Badges,
pink-nectar,sun-moon,sun,overworld,recurring,royal-avenue,,1,0,1,2,,,,,Daily,
pink-nectar,ultra-sun-ultra-moon,ultra-moon,overworld,recurring,royal-avenue,,1,0,1,2,,,,,Daily,
pink-nectar,ultra-sun-ultra-moon,ultra-sun,overworld,recurring,royal-avenue,,1,0,1,2,,,,,Daily,
pink-nectar,scarlet-violet,violet,shop,specialty-shop,,Delibird Presents,1,0,1,,,300,poke-dollar,,After earning 3 Gym Badges,
pink-petal,ultra-sun-ultra-moon,ultra-moon,story,,seafolk-village,"During Mina's trial, after defeating her",0,0,1,1,,,,,,
pink-petal,ultra-sun-ultra-moon,ultra-sun,story,,seafolk-village,"During Mina's trial, after defeating her",0,0,1,1,,,,,,
pink-scarf,ruby-sapphire,ruby,npc-gift,,slateport-city,Pokémon Fan Club chairman,0,0,1,,,,,,Show a Pokémon with Cute stat of 200 or more,
pink-tablecloth,scarlet-violet,scarlet,shop,specialty-shop,levincia,Picnic-Knacks (Levincia Branch),1,0,1,,,5000,poke-dollar,,,
pink-tablecloth,scarlet-violet,violet,shop,specialty-shop,levincia,Picnic-Knacks (Levincia Branch),1,0,1,,,5000,poke-dollar,,,
pinsirite,omega-ruby-alpha-sapphire,alpha-sapphire,overworld,visible,hoenn-route-124,Requires Dive,0,0,1,,,,,,After obtaining HM Dive,
pinsirite,lets-go-pikachu-lets-go-eevee,lets-go-eevee,overworld,visible,indigo-plateau,,0,0,1,,,,,,,
pinsirite,lets-go-pikachu-lets-go-eevee,lets-go-pikachu,overworld,visible,indigo-plateau,,0,0,1,,,,,,,
pinsirite,sun-moon,moon,exchange,,battle-tree,Battle Tree,1,0,1,,,64,battle-point,,,
pinsirite,omega-ruby-alpha-sapphire,omega-ruby,overworld,visible,hoenn-route-124,Requires Dive,0,0,1,,,,,,After obtaining HM Dive,
pinsirite,sun-moon,sun,exchange,,battle-tree,Battle Tree,1,0,1,,,64,battle-point,,,
pinsirite,ultra-sun-ultra-moon,ultra-moon,exchange,,battle-tree,Battle Tree,1,0,1,,,64,battle-point,,,
pinsirite,ultra-sun-ultra-moon,ultra-sun,exchange,,battle-tree,Battle Tree,1,0,1,,,64,battle-point,,,
pinsirite,x-y,x,overworld,visible,santalune-forest,Requires upgraded Mega Ring,0,0,1,,,,,,After upgrading the Mega Ring,
pinsirite,x-y,y,event,,,,0,0,1,,,,,,,
pixie-plate,omega-ruby-alpha-sapphire,omega-ruby,overworld,visible,hoenn-route-128,Underwater,0,0,1,,,,,,,
pixie-plate,scarlet-violet,scarlet,auction,,porto-marinada,,0,0,0,,,,,,If the player owns an Arceus,
pixie-plate,sun-moon,sun,shop,specialty-shop,hauoli-city,Antiquities of the Ages,0,0,1,,,10000,poke-dollar,,,
pixie-plate,sword-shield,sword,overworld,visible,galar-route-08,,0,0,1,,,,,,,
pixie-plate,sword-shield,sword,bargain-shop,,stow-on-side,,1,0,1,,,,,,,
pixie-plate,x-y,x,overworld,visible,pokemon-village,,0,0,1,,,,,,,
plaid-chairs-b,scarlet-violet,scarlet,npc-gift,,revelers-road,Picnicker,0,0,1,,,,,,If the player owns the Plaid Tablecloth (B),
plaid-chairs-b,scarlet-violet,violet,npc-gift,,revelers-road,Picnicker,0,0,1,,,,,,If the player owns the Plaid Tablecloth (B),
plaid-chairs-r,scarlet-violet,scarlet,npc-gift,,revelers-road,From a picnicker,0,0,1,,,,,,If the player owns the Plaid Tablecloth (R),
plaid-chairs-r,scarlet-violet,violet,npc-gift,,revelers-road,From a picnicker,0,0,1,,,,,,If the player owns the Plaid Tablecloth (R),
plaid-chairs-y,scarlet-violet,scarlet,npc-gift,,revelers-road,Picnicker,0,0,1,,,,,,If the player owns the Plaid Tablecloth (Y),
plaid-chairs-y,scarlet-violet,violet,npc-gift,,revelers-road,Picnicker,0,0,1,,,,,,If the player owns the Plaid Tablecloth (Y),
plaid-tablecloth-b,scarlet-violet,scarlet,shop,specialty-shop,cascarrafa,Picnic-Knacks (Cascarrafa Branch),1,0,1,,,3000,poke-dollar,,,
plaid-tablecloth-b,scarlet-violet,violet,shop,specialty-shop,cascarrafa,Picnic-Knacks (Cascarrafa Branch),1,0,1,,,3000,poke-dollar,,,
plaid-tablecloth-r,scarlet-violet,scarlet,shop,specialty-shop,cascarrafa,Picnic-Knacks (Cascarrafa Branch),1,0,1,,,3000,poke-dollar,,,
plaid-tablecloth-r,scarlet-violet,violet,shop,specialty-shop,cascarrafa,Picnic-Knacks (Cascarrafa Branch),1,0,1,,,3000,poke-dollar,,,
plaid-tablecloth-y,scarlet-violet,scarlet,shop,specialty-shop,cascarrafa,Picnic-Knacks (Cascarrafa Branch),1,0,1,,,3000,poke-dollar,,,
plaid-tablecloth-y,scarlet-violet,violet,shop,specialty-shop,cascarrafa,Picnic-Knacks (Cascarrafa Branch),1,0,1,,,3000,poke-dollar,,,
plasma-card,black-2-white-2,black-2,npc-defeat,,,"Plasma Frigate B2F, from the Team Plasma Grunt with a Trubbish and Zangoose after defeating her",0,0,1,,,,,,,
plasma-card,black-2-white-2,white-2,npc-defeat,,,"Plasma Frigate B1F, from the Team Plasma Grunt with three Pawniard after defeating her",0,0,1,,,,,,,
plume-fossil,black-white,black,choice,,relic-castle,Choice between this and the Cover Fossil,0,0,1,,,,,,,
plume-fossil,black-white,white,choice,,relic-castle,Choice between this and the Cover Fossil,0,0,1,,,,,,,
plume-fossil,x-y,x,field-move,rock-smash,glittering-cave,After entering the Hall of Fame,1,0,0,,,,,,After entering the Hall of Fame,
plume-fossil,x-y,y,field-move,rock-smash,glittering-cave,After entering the Hall of Fame,1,0,0,,,,,,After entering the Hall of Fame,
poffin-case,brilliant-diamond-shining-pearl,brilliant-diamond,npc-gift,,hearthome-city,Pokémon Fan Club Chairman,0,0,1,,,,,,,
poffin-case,diamond-pearl,diamond,npc-gift,,hearthome-city,Pokémon Fan Club Chairman,0,0,1,,,,,,,
poffin-case,diamond-pearl,pearl,npc-gift,,hearthome-city,Pokémon Fan Club Chairman,0,0,1,,,,,,,
poffin-case,platinum,platinum,npc-gift,,hearthome-city,Pokémon Fan Club Chairman,0,0,1,,,,,,,
poffin-case,brilliant-diamond-shining-pearl,shining-pearl,npc-gift,,hearthome-city,Pokémon Fan Club Chairman,0,0,1,,,,,,,
point-card,brilliant-diamond-shining-pearl,brilliant-diamond,story,,battle-park-sinnoh,Upon entering Battle Park for the first time,0,0,1,,,,,,,
point-card,diamond-pearl,diamond,story,,battle-park-sinnoh,Upon entering Battle Park for the first time,0,0,1,,,,,,,
point-card,diamond-pearl,pearl,story,,battle-park-sinnoh,Upon entering Battle Park for the first time,0,0,1,,,,,,,
point-card,brilliant-diamond-shining-pearl,shining-pearl,story,,battle-park-sinnoh,Upon entering Battle Park for the first time,0,0,1,,,,,,,
poison-gem,black-white,black,overworld,recurring,,Dust cloud,1,0,0,,,,,,,
poison-gem,black-2-white-2,black-2,overworld,visible,castelia-sewers,Spring or Summer,0,0,1,,,,,,,
poison-gem,black-white,white,overworld,recurring,,Dust cloud,1,0,0,,,,,,,
poison-gem,black-2-white-2,white-2,overworld,visible,castelia-sewers,Spring or Summer,0,0,1,,,,,,,
poison-memory,sun-moon,moon,npc-gift,,aether-paradise,Gladion,0,0,1,,,,,,After becoming Champion,
poison-memory,sword-shield,shield,npc-gift,,battle-tower-galar,League Staff member,0,0,1,,,,,,,
poison-memory,sun-moon,sun,npc-gift,,aether-paradise,Gladion,0,0,1,,,,,,After becoming Champion,
poison-memory,sword-shield,sword,npc-gift,,battle-tower-galar,League Staff member,0,0,1,,,,,,,
poison-memory,ultra-sun-ultra-moon,ultra-moon,npc-gift,,ancient-poni-path,Wicke,0,0,1,,,,,,After becoming Champion,
poison-memory,ultra-sun-ultra-moon,ultra-sun,npc-gift,,ancient-poni-path,Wicke,0,0,1,,,,,,After becoming Champion,
poison-tera-shard,scarlet-violet,scarlet,raid,tera-raid-5star,,Tera Raid Battles (3★ onwards),1,0,0,,,,,,,
poison-tera-shard,scarlet-violet,scarlet,overworld,visible,area-zero,,0,0,1,,,,,,,
poison-tera-shard,the-indigo-disk,,item-printer,,,Item Printer,1,0,0,,,,,,,
poison-tera-shard,scarlet-violet,violet,overworld,visible,area-zero,,0,0,1,,,,,,,
poison-tera-shard,scarlet-violet,violet,raid,tera-raid-5star,,Tera Raid Battles (3★ onwards),1,0,0,,,,,,,
poisonium-z--held,sun-moon,moon,npc-gift,,ancient-poni-path,Gift from Plumeria,0,0,1,,,,,,,
poisonium-z--held,sun-moon,sun,npc-gift,,ancient-poni-path,Gift from Plumeria,0,0,1,,,,,,,
poisonium-z--held,ultra-sun-ultra-moon,ultra-moon,npc-gift,,ancient-poni-path,Gift from Plumeria,0,0,1,,,,,,,
poisonium-z--held,ultra-sun-ultra-moon,ultra-sun,npc-gift,,ancient-poni-path,Gift from Plumeria,0,0,1,,,,,,,
poke-doll,red-blue,red,shop,department-store,celadon-city,Celadon Department Store,1,0,1,,,1000,poke-dollar,,,
poke-flute,firered-leafgreen,firered,npc-gift,,lavender-town,Volunteer Pokémon House from Mr. Fuji,0,0,1,,,,,,After defeating Team Rocket at Pokémon Tower,
poke-flute,lets-go-pikachu-lets-go-eevee,lets-go-pikachu,npc-gift,,lavender-town,Volunteer Pokémon House from Mr. Fuji,0,0,1,,,,,,After defeating Team Rocket at Pokémon Tower,
poke-flute,red-blue,red,npc-gift,,lavender-town,Volunteer Pokémon House from Mr. Fuji,0,0,1,,,,,,After defeating Team Rocket at Pokémon Tower,
poke-flute,x-y,x,npc-gift,,parfum-palace,Butler on the balcony,0,0,1,,,,,,After catching Furfrou,Item is not kept after delivery
poke-radar,brilliant-diamond-shining-pearl,brilliant-diamond,npc-gift,,sandgem-town,Professor Rowan,0,0,1,,,,,,After obtaining the National Pokédex from Professor Oak,
poke-radar,diamond-pearl,diamond,npc-gift,,sandgem-town,Professor Rowan,0,0,1,,,,,,After obtaining the National Pokédex from Professor Oak,
poke-radar,diamond-pearl,pearl,npc-gift,,sandgem-town,Professor Rowan,0,0,1,,,,,,After obtaining the National Pokédex from Professor Oak,
poke-radar,platinum,platinum,npc-gift,,sandgem-town,Professor Rowan,0,0,1,,,,,,After obtaining the National Pokédex from Professor Oak,
poke-radar,brilliant-diamond-shining-pearl,shining-pearl,npc-gift,,sandgem-town,Professor Rowan,0,0,1,,,,,,After obtaining the National Pokédex from Professor Oak,
poke-radar,x-y,x,npc-gift,,pokemon-research-lab-kalos,Scientist on 2F,0,0,1,,,,,,After entering the Hall of Fame,
poke-radar,x-y,y,npc-gift,,pokemon-research-lab-kalos,Scientist on 2F,0,0,1,,,,,,After entering the Hall of Fame,
poke-toy,black-white,black,shop,specialty-shop,shopping-mall-nine,,1,0,1,,,1000,poke-dollar,,,
poke-toy,black-white,white,shop,specialty-shop,shopping-mall-nine,,1,0,1,,,1000,poke-dollar,,,
pokeblock-case,emerald,emerald,npc-gift,,lilycove-city,Contest Hall (left receptionist),0,0,1,,,,,,,
pokeblock-case,ruby-sapphire,ruby,npc-gift,,slateport-city,Contest Hall (little girl),0,0,1,,,,,,,
pokeblock-case,ruby-sapphire,sapphire,npc-gift,,slateport-city,Contest Hall (little girl),0,0,1,,,,,,,
pokeblock-kit,omega-ruby-alpha-sapphire,alpha-sapphire,npc-gift,,slateport-city,From Lisia after delivering the Devon Parts and attempting to enter Route 110,0,0,1,,,,,,After delivering the Devon Parts,
pokeblock-kit,omega-ruby-alpha-sapphire,omega-ruby,npc-gift,,slateport-city,From Lisia after delivering the Devon Parts and attempting to enter Route 110,0,0,1,,,,,,After delivering the Devon Parts,
pokedex,red-blue,blue,npc-gift,,pallet-town,Professor Oak's Laboratory (after delivering Oak's Parcel),0,0,1,,,,,,,
pokedex,crystal,crystal,npc-gift,,route-30-johto,From Professor Oak after obtaining the Mystery Egg from Mr. Pokémon,0,0,1,,,,,,,
pokedex,gold-silver,gold,npc-gift,,route-30-johto,From Professor Oak after obtaining the Mystery Egg from Mr. Pokémon,0,0,1,,,,,,,
pokedex,red-blue,red,npc-gift,,pallet-town,Professor Oak's Laboratory (after delivering Oak's Parcel),0,0,1,,,,,,,
pokedex,gold-silver,silver,npc-gift,,route-30-johto,From Professor Oak after obtaining the Mystery Egg from Mr. Pokémon,0,0,1,,,,,,,
pokedex,yellow,yellow,npc-gift,,pallet-town,Professor Oak's Laboratory (after delivering Oak's Parcel),0,0,1,,,,,,,
pokemon-box-link,brilliant-diamond-shining-pearl,brilliant-diamond,npc-gift,,jubilife-city,From Bebe after defeating two Team Galactic Grunts and Roark,0,0,1,,,,,,After defeating Roark,
pokemon-box-link,lets-go-pikachu-lets-go-eevee,lets-go-eevee,starting-item,bag,pallet-town,In the player's Bag at the start of the game,0,0,1,,,,,,,
pokemon-box-link,lets-go-pikachu-lets-go-eevee,lets-go-pikachu,starting-item,bag,pallet-town,In the player's Bag at the start of the game,0,0,1,,,,,,,
pokemon-box-link,sword-shield,shield,npc-gift,,meetup-spot,From Sonia at the fence near the entrance to Rolling Fields,0,0,1,,,,,,,
pokemon-box-link,brilliant-diamond-shining-pearl,shining-pearl,npc-gift,,jubilife-city,From Bebe after defeating two Team Galactic Grunts and Roark,0,0,1,,,,,,After defeating Roark,
pokemon-box-link,sword-shield,sword,npc-gift,,meetup-spot,From Sonia at the fence near the entrance to Rolling Fields,0,0,1,,,,,,,
polished-mud-ball,lets-go-pikachu-lets-go-eevee,lets-go-eevee,npc-gift,,,Gift from Partner Eevee,1,0,1,,,,,,,
polished-mud-ball,lets-go-pikachu-lets-go-eevee,lets-go-pikachu,npc-gift,,,Gift from Partner Pikachu,1,0,1,,,,,,,
polka-dot-bottle,scarlet-violet,scarlet,shop,specialty-shop,cascarrafa,Picnic-Knacks (Cascarrafa Branch),1,0,1,,,1000,poke-dollar,,,
polka-dot-bottle,scarlet-violet,violet,shop,specialty-shop,cascarrafa,Picnic-Knacks (Cascarrafa Branch),1,0,1,,,1000,poke-dollar,,,
polka-dot-chairs,scarlet-violet,scarlet,npc-gift,,revelers-road,Picnicker,0,0,1,,,,,,If the player owns the Polka-Dot Tablecloth,
polka-dot-chairs,scarlet-violet,violet,npc-gift,,revelers-road,Picnicker,0,0,1,,,,,,If the player owns the Polka-Dot Tablecloth,
polka-dot-cup,scarlet-violet,scarlet,shop,specialty-shop,cascarrafa,Picnic-Knacks (Cascarrafa Branch),1,0,1,,,800,poke-dollar,,,
polka-dot-cup,scarlet-violet,violet,shop,specialty-shop,cascarrafa,Picnic-Knacks (Cascarrafa Branch),1,0,1,,,800,poke-dollar,,,
polka-dot-tablecloth,scarlet-violet,scarlet,shop,specialty-shop,cascarrafa,Picnic-Knacks (Cascarrafa Branch),1,0,1,,,1500,poke-dollar,,,
polka-dot-tablecloth,scarlet-violet,violet,shop,specialty-shop,cascarrafa,Picnic-Knacks (Cascarrafa Branch),1,0,1,,,1500,poke-dollar,,,
polkadot-bow,crystal,crystal,wild-pokemon,,,Held by Jigglypuff traded from Generation I,1,0,0,,,,,,Trade Jigglypuff from a Generation I game,
polkadot-bow,gold-silver,gold,wild-pokemon,,,Held by Jigglypuff traded from Generation I,1,0,0,,,,,,Trade Jigglypuff from a Generation I game,
polkadot-bow,gold-silver,silver,wild-pokemon,,,Held by Jigglypuff traded from Generation I,1,0,0,,,,,,Trade Jigglypuff from a Generation I game,
portraitmail,crystal,crystal,overworld,recurring,mt-moon-square,,1,0,1,,,,,,,
portraitmail,gold-silver,gold,overworld,recurring,mt-moon-square,,1,0,1,,,,,,,
portraitmail,gold-silver,silver,overworld,recurring,mt-moon-square,,1,0,1,,,,,,,
potato-salad,scarlet-violet,scarlet,shop,specialty-shop,,Deli Cioso,1,0,1,,,110,poke-dollar,,,
potato-salad,scarlet-violet,scarlet,overworld,visible,west-province-area-two,,0,0,1,,,,,,,
potato-salad,scarlet-violet,scarlet,shop,specialty-shop,,Peachy's,1,0,1,,,110,poke-dollar,,,
potato-salad,scarlet-violet,violet,shop,specialty-shop,,Deli Cioso,1,0,1,,,110,poke-dollar,,,
potato-salad,scarlet-violet,violet,shop,specialty-shop,,Peachy's,1,0,1,,,110,poke-dollar,,,
potato-salad,scarlet-violet,violet,overworld,visible,west-province-area-two,,0,0,1,,,,,,,
potato-tortilla,scarlet-violet,scarlet,overworld,visible,west-province-area-one,,0,0,1,,,,,,,
potato-tortilla,scarlet-violet,scarlet,shop,vendor,,Deli Cioso,1,0,1,,,250,poke-dollar,,After earning 1 Gym Badge,
potato-tortilla,scarlet-violet,scarlet,vending-machine,,terarium,Vending machines,1,0,1,,,,,,The Indigo Disk,
potato-tortilla,scarlet-violet,violet,shop,vendor,,Deli Cioso,1,0,1,,,250,poke-dollar,,After earning 1 Gym Badge,
potato-tortilla,scarlet-violet,violet,vending-machine,,terarium,Vending machines,1,0,1,,,,,,The Indigo Disk,
potato-tortilla,scarlet-violet,violet,overworld,visible,west-province-area-one,,0,0,1,,,,,,,
powder-jar,emerald,emerald,npc-gift,,slateport-city,Woman in the upper-right stall of Slateport Market,0,0,1,,,,,,,
powder-jar,firered-leafgreen,firered,npc-gift,,cerulean-city,Old man in the house second to the right of Cerulean Cave,0,0,1,,,,,,,
powder-jar,firered-leafgreen,leafgreen,npc-gift,,cerulean-city,Old man in the house second to the right of Cerulean Cave,0,0,1,,,,,,,
power-anklet,black-white,black,exchange,,battle-subway,,1,0,1,,,16,battle-point,,,
power-anklet,diamond-pearl,diamond,exchange,,battle-park-sinnoh,,1,0,1,,,16,battle-point,,,
power-anklet,platinum,platinum,exchange,,battle-frontier-sinnoh,,1,0,1,,,16,battle-point,,,
power-anklet,scarlet-violet,scarlet,shop,specialty-shop,,Delibird Presents,1,0,1,,,10000,poke-dollar,,,
power-anklet,scarlet-violet,violet,shop,specialty-shop,,Delibird Presents,1,0,1,,,10000,poke-dollar,,,
power-band,black-white,black,exchange,,battle-subway,,1,0,1,,,16,battle-point,,,
power-band,diamond-pearl,diamond,exchange,,battle-park-sinnoh,,1,0,1,,,16,battle-point,,,
power-band,heartgold-soulsilver,heartgold,exchange,,battle-frontier-johto,,1,0,1,,,16,battle-point,,,
power-band,platinum,platinum,exchange,,battle-frontier-sinnoh,,1,0,1,,,16,battle-point,,,
power-band,scarlet-violet,scarlet,shop,specialty-shop,,Delibird Presents,1,0,1,,,10000,poke-dollar,,,
power-belt,black-white,black,exchange,,battle-subway,,1,0,1,,,16,battle-point,,,
power-belt,black-2-white-2,black-2,exchange,,battle-subway,or Pokémon World Tournament,1,0,1,,,16,battle-point,,,
power-belt,brilliant-diamond-shining-pearl,brilliant-diamond,exchange,,battle-park-sinnoh,,1,0,1,,,10,battle-point,,,
power-belt,diamond-pearl,diamond,exchange,,battle-park-sinnoh,,1,0,1,,,16,battle-point,,,
power-belt,heartgold-soulsilver,heartgold,exchange,,battle-frontier-johto,,1,0,1,,,16,battle-point,,,
power-belt,platinum,platinum,exchange,,battle-frontier-sinnoh,,1,0,1,,,16,battle-point,,,
power-belt,scarlet-violet,scarlet,shop,vendor,,Delibird Presents,1,0,1,,,10000,poke-dollar,,,
power-belt,sun-moon,sun,exchange,,battle-royal-dome,,1,0,1,,,16,battle-point,,,
power-belt,sword-shield,sword,exchange,,hammerlocke,,1,0,1,,,10,battle-point,,,
power-belt,ultra-sun-ultra-moon,ultra-moon,overworld,visible,royal-avenue,,0,0,1,,,,,,,
power-belt,black-2-white-2,white-2,overworld,visible,,Plasma Frigate,0,0,1,,,,,,,
power-belt,x-y,x,exchange,,battle-maison,,1,0,1,,,16,battle-point,,,
power-bracer,black-white,black,exchange,,battle-subway,,1,0,1,,,16,battle-point,,,
power-bracer,brilliant-diamond-shining-pearl,brilliant-diamond,exchange,,battle-park-sinnoh,,1,0,1,,,10,battle-point,,,
power-bracer,diamond-pearl,diamond,exchange,,battle-park-sinnoh,,1,0,1,,,16,battle-point,,,
power-bracer,heartgold-soulsilver,heartgold,exchange,,battle-frontier-johto,,1,0,1,,,16,battle-point,,,
power-bracer,platinum,platinum,exchange,,battle-frontier-sinnoh,,1,0,1,,,16,battle-point,,,
power-bracer,scarlet-violet,scarlet,shop,specialty-shop,,Delibird Presents,1,0,1,,,10000,poke-dollar,,,
power-bracer,sun-moon,sun,exchange,,battle-royal-dome,,1,0,1,,,16,battle-point,,,
power-bracer,sword-shield,sword,exchange,,hammerlocke,,1,0,1,,,10,battle-point,,,Also available via Wild Area News
power-bracer,ultra-sun-ultra-moon,ultra-sun,overworld,visible,poni-coast,,0,0,1,,,,,,,
power-bracer,x-y,x,exchange,,battle-maison,,1,0,1,,,16,battle-point,,,
power-lens,black-2-white-2,black-2,overworld,visible,unova-route-13,,0,0,1,,,,,,,
power-lens,diamond-pearl,diamond,exchange,,battle-park-sinnoh,,1,0,1,,,16,battle-point,,,
power-lens,platinum,platinum,exchange,,battle-frontier-sinnoh,,1,0,1,,,16,battle-point,,,
power-lens,scarlet-violet,scarlet,shop,vendor,,Delibird Presents,1,0,1,,,10000,poke-dollar,,,
power-lens,scarlet-violet,violet,shop,vendor,,Delibird Presents,1,0,1,,,10000,poke-dollar,,,
power-plant-pass,x-y,x,overworld,visible,kalos-route-13,In the rock next to the Team Flare Grunt,0,0,1,,,,,,,
power-plant-pass,x-y,y,overworld,visible,kalos-route-13,In the rock next to the Team Flare Grunt,0,0,1,,,,,,,
power-weight,diamond-pearl,diamond,exchange,,battle-park-sinnoh,,1,0,1,,,16,battle-point,,,
power-weight,platinum,platinum,exchange,,battle-frontier-sinnoh,,1,0,1,,,16,battle-point,,,
power-weight,scarlet-violet,scarlet,shop,vendor,,Delibird Presents,1,0,1,,,10000,poke-dollar,,,
power-weight,scarlet-violet,violet,shop,vendor,,Delibird Presents,1,0,1,,,10000,poke-dollar,,,
precooked-burger,sword-shield,shield,npc-gift,,,After cooking curry,1,0,0,,,,,,,
precooked-burger,sword-shield,shield,shop,vendor,rolling-fields,Ingredients Seller,1,0,1,,,150,poke-dollar,,,
precooked-burger,sword-shield,sword,shop,vendor,rolling-fields,Ingredients Seller,1,0,1,,,150,poke-dollar,,,
precooked-burger,sword-shield,sword,npc-gift,,,After cooking curry,1,0,0,,,,,,,
primarium-z--held,sun-moon,moon,npc-gift,,alola-route-01,Hau,0,0,1,,,,,,If the player did not start with Popplio,
primarium-z--held,sun-moon,sun,npc-gift,,malie-garden,Professor Kukui,0,0,1,,,,,,If the player started with Popplio,
primarium-z--held,ultra-sun-ultra-moon,ultra-moon,npc-gift,,iki-town,Hala (rematch),0,0,1,,,,,,After defeating Hala in a rematch if the player did not choose Popplio,
primarium-z--held,ultra-sun-ultra-moon,ultra-sun,npc-gift,,malie-garden,Professor Kukui,0,0,1,,,,,,If the player started with Popplio,
prison-bottle,omega-ruby-alpha-sapphire,alpha-sapphire,npc-gift,,,Any Poké Mart clerk (with Hoopa in the party),0,0,1,,,,,,If Hoopa is in the party,
prison-bottle,sun-moon,moon,npc-gift,,aether-paradise,"Secret Lab A, from an Aether Foundation employee",0,0,1,,,,,,,
prison-bottle,omega-ruby-alpha-sapphire,omega-ruby,npc-gift,,,Any Poké Mart clerk (with Hoopa in the party),0,0,1,,,,,,If Hoopa is in the party,
prison-bottle,scarlet-violet,scarlet,auction,,porto-marinada,Auction house,1,0,0,,,,,,If the player owns a Hoopa,
prison-bottle,sun-moon,sun,npc-gift,,aether-paradise,"Secret Lab A, from an Aether Foundation employee",0,0,1,,,,,,,
prison-bottle,ultra-sun-ultra-moon,ultra-moon,npc-gift,,aether-paradise,"Secret Lab A, from an Aether Foundation employee",0,0,1,,,,,,,
prison-bottle,ultra-sun-ultra-moon,ultra-sun,npc-gift,,aether-paradise,"Secret Lab A, from an Aether Foundation employee",0,0,1,,,,,,,
prison-bottle,scarlet-violet,violet,auction,,porto-marinada,Auction house,1,0,0,,,,,,If the player owns a Hoopa,
professors-mask,sun-moon,moon,npc-gift,,hokulani-observatory,From Molayne after completing Sophocles's trial,0,0,1,,,,,,After completing Sophocles's trial,
professors-mask,sun-moon,sun,npc-gift,,hokulani-observatory,From Molayne after completing Sophocles's trial,0,0,1,,,,,,After completing Sophocles's trial,
professors-mask,ultra-sun-ultra-moon,ultra-moon,npc-gift,,hokulani-observatory,From Molayne after completing Sophocles's trial,0,0,1,,,,,,After completing Sophocles's trial,
professors-mask,ultra-sun-ultra-moon,ultra-sun,npc-gift,,hokulani-observatory,From Molayne after completing Sophocles's trial,0,0,1,,,,,,After completing Sophocles's trial,
profs-letter,x-y,x,npc-gift,,aquacorde-town,Received from Tierno after obtaining a first partner Pokémon and the Pokédex,0,0,1,,,,,,After receiving a first partner Pokémon and the Pokédex,
profs-letter,x-y,y,npc-gift,,aquacorde-town,Received from Tierno after obtaining a first partner Pokémon and the Pokédex,0,0,1,,,,,,After receiving a first partner Pokémon and the Pokédex,
prop-case,black-white,black,npc-gift,,nimbasa-city,Musical Theater owner,0,0,1,,,,,,First visit to the Musical Theater,
prop-case,black-2-white-2,black-2,npc-gift,,nimbasa-city,Musical Theater owner,0,0,1,,,,,,First visit to the Musical Theater,
prop-case,black-white,white,npc-gift,,nimbasa-city,Musical Theater owner,0,0,1,,,,,,First visit to the Musical Theater,
prop-case,black-2-white-2,white-2,npc-gift,,nimbasa-city,Musical Theater owner,0,0,1,,,,,,First visit to the Musical Theater,
prosciutto,scarlet-violet,scarlet,vending-machine,,terarium,Vending machines,1,0,1,,,,,,The Indigo Disk,
prosciutto,scarlet-violet,scarlet,overworld,visible,west-province-area-one,,0,0,1,,,,,,,
prosciutto,scarlet-violet,scarlet,shop,vendor,,Deli Cioso,1,0,1,,,200,poke-dollar,,After earning 1 Gym Badge,
prosciutto,scarlet-violet,violet,overworld,visible,west-province-area-one,,0,0,1,,,,,,,
prosciutto,scarlet-violet,violet,vending-machine,,terarium,Vending machines,1,0,1,,,,,,The Indigo Disk,
prosciutto,scarlet-violet,violet,shop,vendor,,Deli Cioso,1,0,1,,,200,poke-dollar,,After earning 1 Gym Badge,
protective-pads,sun-moon,moon,exchange,,,Battle Tree,1,0,1,,,48,battle-point,,,
protective-pads,scarlet-violet,scarlet,shop,specialty-shop,levincia,Delibird Presents (Levincia Branch),1,0,1,,,,,,After earning 4 Gym Badges,
protective-pads,sword-shield,shield,bargain-shop,,stow-on-side,Bargain Shop,1,0,1,,,,,,,
protective-pads,sun-moon,sun,exchange,,,Battle Tree,1,0,1,,,48,battle-point,,,
protective-pads,sword-shield,sword,bargain-shop,,stow-on-side,Bargain Shop,1,0,1,,,,,,,
protective-pads,ultra-sun-ultra-moon,ultra-moon,exchange,,,Battle Tree,1,0,1,,,48,battle-point,,,
protective-pads,ultra-sun-ultra-moon,ultra-sun,exchange,,,Battle Tree,1,0,1,,,48,battle-point,,,
protective-pads,scarlet-violet,violet,shop,specialty-shop,levincia,Delibird Presents (Levincia Branch),1,0,1,,,,,,After earning 4 Gym Badges,
protector,black-white,black,overworld,visible,unova-route-11,,0,0,1,,,,,,,
protector,diamond-pearl,diamond,overworld,visible,route-228-sinnoh,,0,0,1,,,,,,,
protector,heartgold-soulsilver,heartgold,overworld,visible,mt-mortar,,0,0,1,,,,,,,
przcureberry,crystal,crystal,npc-gift,,route-31-johto,Bug Catcher Wade,1,0,0,,,,,,,Possible gift
przcureberry,crystal,crystal,wild-pokemon,,olivine-city,Held by in-game trade Voltorb,0,0,1,,,,,,,
przcureberry,gold-silver,gold,berry-tree,,violet-city,,1,0,1,,,,,,,
przcureberry,gold-silver,gold,wild-pokemon,,olivine-city,Held by in-game trade Voltorb,0,0,1,,,,,,,
przcureberry,gold-silver,gold,event,,,Mystery Gift,1,0,0,,,,,,,
przcureberry,gold-silver,silver,wild-pokemon,,olivine-city,Held by in-game trade Voltorb,0,0,1,,,,,,,
przcureberry,gold-silver,silver,berry-tree,,route-08-kanto,,1,0,1,,,,,,,
psn-cure-berry,crystal,crystal,overworld,visible,ruins-of-alph,,0,0,1,,,,,,,
psn-cure-berry,crystal,crystal,berry-tree,,route-33-johto,,1,0,1,,,,,,,
psn-cure-berry,crystal,crystal,npc-gift,,route-31-johto,Bug Catcher Wade,1,0,0,,,,,,,Possible gift
psn-cure-berry,gold-silver,gold,event,,,Mystery Gift,1,0,0,,,,,,,
psn-cure-berry,gold-silver,gold,berry-tree,,route-02-kanto,,1,0,1,,,,,,,
psn-cure-berry,gold-silver,silver,berry-tree,,route-30-johto,,1,0,1,,,,,,,
psychic-gem,black-white,black,mining,sparkling,,Dust cloud,1,0,0,,,,,,,
psychic-gem,black-2-white-2,black-2,overworld,visible,dreamyard,,0,0,1,,,,,,,
psychic-gem,black-2-white-2,black-2,mining,sparkling,,"Dust cloud in Chargestone Cave, Mistralton Cave, Clay Tunnel, Twist Mountain, Underground Ruins, Victory Road, Wellspring Cave, Seaside Cave, Giant Chasm",1,0,0,,,,,,,
psychic-gem,black-white,white,mining,sparkling,,Dust cloud,1,0,0,,,,,,,
psychic-gem,black-2-white-2,white-2,overworld,visible,dreamyard,,0,0,1,,,,,,,
psychic-gem,black-2-white-2,white-2,mining,sparkling,,"Dust cloud in Chargestone Cave, Mistralton Cave, Clay Tunnel, Twist Mountain, Underground Ruins, Victory Road, Wellspring Cave, Seaside Cave, Giant Chasm",1,0,0,,,,,,,
psychic-memory,sun-moon,moon,npc-gift,,aether-paradise,From Gladion,0,0,1,,,,,,After becoming Champion,
psychic-memory,sword-shield,shield,npc-gift,,battle-tower-galar,From a League Staff member,0,0,1,,,,,,,
psychic-memory,sun-moon,sun,npc-gift,,aether-paradise,From Gladion,0,0,1,,,,,,After becoming Champion,
psychic-memory,sword-shield,sword,npc-gift,,battle-tower-galar,From a League Staff member,0,0,1,,,,,,,
psychic-memory,ultra-sun-ultra-moon,ultra-moon,npc-gift,,ancient-poni-path,From Wicke,0,0,1,,,,,,After becoming Champion,
psychic-memory,ultra-sun-ultra-moon,ultra-sun,npc-gift,,ancient-poni-path,From Wicke,0,0,1,,,,,,After becoming Champion,
psychic-seed,sun-moon,moon,npc-gift,,seafolk-village,,0,0,1,,,,,,,
psychic-seed,scarlet-violet,scarlet,shop,specialty-shop,cascarrafa,Delibird Presents,1,0,1,,,20000,poke-dollar,,After completing the main storyline,
psychic-seed,sword-shield,shield,overworld,visible,galar-route-02,,0,0,1,,,,,,,
psychic-seed,sun-moon,sun,npc-gift,,seafolk-village,,0,0,1,,,,,,,
psychic-seed,sword-shield,sword,overworld,visible,galar-route-02,,0,0,1,,,,,,,
psychic-seed,scarlet-violet,violet,shop,specialty-shop,cascarrafa,Delibird Presents,1,0,1,,,20000,poke-dollar,,After completing the main storyline,
psychic-tera-shard,scarlet-violet,scarlet,overworld,visible,area-zero,,0,0,1,,,,,,,
psychic-tera-shard,scarlet-violet,scarlet,item-printer,,,,1,0,0,,,,,,The Indigo Disk,
psychic-tera-shard,scarlet-violet,scarlet,tournament,,mesagoza,,1,0,0,,,,,,,
psychic-tera-shard,scarlet-violet,violet,overworld,visible,area-zero,,0,0,1,,,,,,,
psychic-tera-shard,scarlet-violet,violet,tera-raid,tera-raid-5star,,Tera Raid Battles (3★ onwards),1,0,0,,,,,,,
psychium-z--held,sun-moon,moon,story,,haina-desert,After completing Acerola's trial,0,0,1,,,,,,After completing Acerola's trial,
psychium-z--held,sun-moon,sun,story,,haina-desert,After completing Acerola's trial,0,0,1,,,,,,After completing Acerola's trial,
psychium-z--held,ultra-sun-ultra-moon,ultra-moon,story,,haina-desert,After completing Acerola's trial,0,0,1,,,,,,After completing Acerola's trial,
psychium-z--held,ultra-sun-ultra-moon,ultra-sun,story,,haina-desert,After completing Acerola's trial,0,0,1,,,,,,After completing Acerola's trial,
pumkin-berry,ruby-sapphire,ruby,npc-gift,,petalburg-gym,From Norman after scanning the Pumkin Berry e-Reader card,1,0,1,,,,,,After scanning the Pumkin Berry e-Reader card,Repeatable if the card is scanned again and the player has no e-Reader Berries in the Bag or PC
pumkin-berry,ruby-sapphire,sapphire,npc-gift,,petalburg-gym,From Norman after scanning the Pumkin Berry e-Reader card,1,0,1,,,,,,After scanning the Pumkin Berry e-Reader card,Repeatable if the card is scanned again and the player has no e-Reader Berries in the Bag or PC
punching-glove,scarlet-violet,scarlet,npc-gift,,zapapico,Pokémon League representative,0,0,1,,,,,,After defeating 7 Trainers in East Province (Area Three),
punching-glove,scarlet-violet,scarlet,shop,specialty-shop,mesagoza,Delibird Presents (Mesagoza Branch),1,0,1,,,15000,poke-dollar,,After earning 4 Gym Badges,
punching-glove,scarlet-violet,violet,shop,specialty-shop,mesagoza,Delibird Presents (Mesagoza Branch),1,0,1,,,15000,poke-dollar,,After earning 4 Gym Badges,
punching-glove,scarlet-violet,violet,npc-gift,,zapapico,Pokémon League representative,0,0,1,,,,,,After defeating 7 Trainers in East Province (Area Three),
pungent-root,sword-shield,shield,overworld,recurring,east-lake-axewell,,1,1,1,,,,,,,
pungent-root,sword-shield,sword,overworld,recurring,east-lake-axewell,,1,1,1,,,,,,,
pure-incense,omega-ruby-alpha-sapphire,alpha-sapphire,shop,vendor,slateport-city,Market,1,0,1,,,9600,poke-dollar,,,
pure-incense,black-white,black,shop,vendor,driftveil-city,Driftveil Market,1,0,1,,,9600,poke-dollar,,Post-National Pokédex,
pure-incense,black-2-white-2,black-2,shop,vendor,driftveil-city,Driftveil Market,1,0,1,,,9600,poke-dollar,,,
pure-incense,brilliant-diamond-shining-pearl,brilliant-diamond,overworld,visible,route-221-sinnoh,,0,0,1,,,,,,,
pure-incense,diamond-pearl,diamond,overworld,visible,route-221-sinnoh,,0,0,1,,,,,,,
pure-incense,heartgold-soulsilver,heartgold,overworld,visible,mt-silver-cave,,0,0,1,,,,,,,
pure-incense,sun-moon,moon,shop,vendor,konikoni-city,Incense stall,1,0,1,,,6000,poke-dollar,,,
pure-incense,omega-ruby-alpha-sapphire,omega-ruby,shop,vendor,slateport-city,Market,1,0,1,,,9600,poke-dollar,,,
pure-incense,diamond-pearl,pearl,overworld,visible,route-221-sinnoh,,0,0,1,,,,,,,
pure-incense,platinum,platinum,overworld,visible,route-221-sinnoh,,0,0,1,,,,,,,
pure-incense,sword-shield,shield,shop,vendor,hulbury,Incense merchant,1,0,1,,,6000,poke-dollar,,,
pure-incense,brilliant-diamond-shining-pearl,shining-pearl,overworld,visible,route-221-sinnoh,,0,0,1,,,,,,,
pure-incense,heartgold-soulsilver,soulsilver,overworld,visible,mt-silver-cave,,0,0,1,,,,,,,
pure-incense,sun-moon,sun,shop,vendor,konikoni-city,Incense stall,1,0,1,,,6000,poke-dollar,,,
pure-incense,sword-shield,sword,shop,vendor,hulbury,Incense merchant,1,0,1,,,6000,poke-dollar,,,
pure-incense,ultra-sun-ultra-moon,ultra-moon,shop,vendor,konikoni-city,Incense stall,1,0,1,,,6000,poke-dollar,,,
pure-incense,ultra-sun-ultra-moon,ultra-sun,shop,vendor,konikoni-city,Incense stall,1,0,1,,,6000,poke-dollar,,,
pure-incense,black-white,white,shop,vendor,driftveil-city,Driftveil Market,1,0,1,,,9600,poke-dollar,,Post-National Pokédex,
pure-incense,black-2-white-2,white-2,shop,vendor,driftveil-city,Driftveil Market,1,0,1,,,9600,poke-dollar,,,
pure-incense,x-y,x,shop,specialty-shop,coumarine-city,Incense shop,1,0,1,,,9600,poke-dollar,,,
pure-incense,x-y,y,shop,specialty-shop,coumarine-city,Incense shop,1,0,1,,,9600,poke-dollar,,,
purple-nectar,sun-moon,moon,overworld,recurring,poni-meadow,,1,0,1,2,,,,,Daily,
purple-nectar,scarlet-violet,scarlet,shop,poke-mart,,Delibird Presents,1,0,1,,,300,poke-dollar,,After earning 3 Gym Badges,
purple-nectar,sun-moon,sun,overworld,recurring,poni-meadow,,1,0,1,2,,,,,Daily,
purple-nectar,ultra-sun-ultra-moon,ultra-moon,overworld,recurring,poni-meadow,,1,0,1,2,,,,,Daily,
purple-nectar,ultra-sun-ultra-moon,ultra-sun,overworld,recurring,poni-meadow,,1,0,1,2,,,,,Daily,
purple-nectar,scarlet-violet,violet,shop,poke-mart,,Delibird Presents,1,0,1,,,300,poke-dollar,,After earning 3 Gym Badges,
purple-petal,ultra-sun-ultra-moon,ultra-moon,story,,aether-house,"During Mina's trial, after defeating Nanu",0,0,1,,,,,,,
purple-petal,ultra-sun-ultra-moon,ultra-sun,story,,aether-house,"During Mina's trial, after talking to Nanu",0,0,1,,,,,,,
quick-candy,lets-go-pikachu-lets-go-eevee,lets-go-eevee,overworld,hidden,pokemon-mansion-kanto,,1,1,1,,,,,,,Hidden recurring item
quick-candy,lets-go-pikachu-lets-go-eevee,lets-go-pikachu,overworld,hidden,celadon-game-corner,,1,1,1,,,,,,,Hidden recurring item
quick-candy,lets-go-pikachu-lets-go-eevee,,transfer,,go-park,,1,0,1,,,,,,,Also obtainable via Poké Ball Plus
quick-candy-l,lets-go-pikachu-lets-go-eevee,lets-go-eevee,overworld,recurring,celadon-game-corner,Hidden recurring item,1,1,1,,,,,,,
quick-candy-l,lets-go-pikachu-lets-go-eevee,lets-go-eevee,walking-pokemon,,,Poké Ball Plus,1,0,0,,,,,,,
quick-candy-l,lets-go-pikachu-lets-go-eevee,lets-go-eevee,transfer,,,Catching or transferring certain Pokémon species,1,0,1,,,,,,,
quick-candy-l,lets-go-pikachu-lets-go-eevee,lets-go-pikachu,walking-pokemon,,,Poké Ball Plus,1,0,0,,,,,,,
quick-candy-l,lets-go-pikachu-lets-go-eevee,lets-go-pikachu,transfer,,,Catching or transferring certain Pokémon species,1,0,1,,,,,,,
quick-candy-l,lets-go-pikachu-lets-go-eevee,lets-go-pikachu,overworld,recurring,celadon-game-corner,Hidden recurring item,1,1,1,,,,,,,
quick-candy-xl,lets-go-pikachu-lets-go-eevee,lets-go-eevee,transfer,,,Catching or transferring eligible Pokémon,1,0,1,,,,,,,
quick-candy-xl,lets-go-pikachu-lets-go-eevee,lets-go-eevee,overworld,recurring,celadon-game-corner,Hidden recurring item,1,1,1,,,,,,,
quick-candy-xl,lets-go-pikachu-lets-go-eevee,lets-go-pikachu,transfer,,,Catching or transferring eligible Pokémon,1,0,1,,,,,,,
quick-candy-xl,lets-go-pikachu-lets-go-eevee,lets-go-pikachu,overworld,recurring,celadon-game-corner,Hidden recurring item,1,1,1,,,,,,,
quick-powder,diamond-pearl,diamond,wild-pokemon,,,Held by wild Ditto,1,0,0,,50.0,,,,,
quick-powder,sword-shield,sword,crafting,cram-o-matic,,Poison: 82–90 points,1,0,0,,,,,,The Isle of Armor,
quiet-mint,brilliant-diamond-shining-pearl,brilliant-diamond,exchange,,,Battle Park,1,0,1,,,50,battle-point,,,
quiet-mint,scarlet-violet,scarlet,shop,vendor,,Chansey Supply,1,0,1,,,20000,poke-dollar,,After earning 6 Gym Badges,
quiet-mint,sword-shield,shield,exchange,,,Battle Tower,1,0,1,,,50,battle-point,,,
quiet-mint,brilliant-diamond-shining-pearl,shining-pearl,exchange,,,Battle Park,1,0,1,,,50,battle-point,,,
quiet-mint,sword-shield,sword,exchange,,,Battle Tower,1,0,1,,,50,battle-point,,,
quiet-mint,scarlet-violet,violet,shop,vendor,,Chansey Supply,1,0,1,,,20000,poke-dollar,,After earning 6 Gym Badges,
radiant-petal,sword-shield,shield,npc-gift,,freezington,Obtained from Calyrex after defeating Glastrier or Spectrier,0,0,1,,,,,,After defeating Glastrier or Spectrier during The Crown Tundra storyline,
radiant-petal,sword-shield,sword,npc-gift,,freezington,Obtained from Calyrex after defeating Glastrier or Spectrier,0,0,1,,,,,,After defeating Glastrier or Spectrier during The Crown Tundra storyline,
raikou-treat,scarlet-violet,scarlet,npc-gift,,blueberry-academy-entrance,From Snacksworth,0,0,1,,,,,,After completing 10 solo Blueberry Quests (The Indigo Disk),
raikou-treat,scarlet-violet,violet,npc-gift,,blueberry-academy-entrance,From Snacksworth,0,0,1,,,,,,After completing one group Blueberry Quest (The Indigo Disk),
rainbow-feather,crystal,crystal,npc-gift,,bell-tower,From a Sage after entering the Hall of Fame,0,0,1,,,,,,Three Legendary beasts with the player's OT and OT ID are owned,
rainbow-feather,gold-silver,gold,npc-gift,,goldenrod-radio-tower,From the Director after defeating Team Rocket,0,0,1,,,,,,After defeating Team Rocket at the Radio Tower,
rainbow-feather,heartgold-soulsilver,heartgold,npc-gift,,goldenrod-radio-tower,From the Director after defeating Team Rocket,0,0,1,,,,,,After defeating Team Rocket at the Radio Tower,
rainbow-feather,gold-silver,silver,npc-gift,,pewter-city,From an old man near the exit to Route 3,0,0,1,,,,,,,
rainbow-feather,heartgold-soulsilver,soulsilver,npc-gift,,pewter-city,From an old man near the exit to Route 3,0,0,1,,,,,,,
rainbow-flower,ultra-sun-ultra-moon,ultra-moon,story,,seafolk-village,Received from Mina during her trial after collecting all seven petals,0,0,1,,,,,,During Mina's trial after collecting all seven petals,
rainbow-flower,ultra-sun-ultra-moon,ultra-sun,story,,seafolk-village,Received from Mina during her trial after collecting all seven petals,0,0,1,,,,,,During Mina's trial after collecting all seven petals,
rainbow-pass,firered-leafgreen,firered,npc-gift,,pokemon-network-center,Given by Celio after obtaining the Ruby,0,0,1,,,,,,After obtaining the Ruby,
rainbow-pass,firered-leafgreen,leafgreen,npc-gift,,pokemon-network-center,Given by Celio after obtaining the Ruby,0,0,1,,,,,,After obtaining the Ruby,
rainbow-slate,brilliant-diamond-shining-pearl,brilliant-diamond,exchange,,ramanas-park,Ramanas Park exchange counter,1,0,1,,,,,,"After catching Raikou, Entei, and Suicune",Purchased using Mysterious Shards
rash-mint,brilliant-diamond-shining-pearl,brilliant-diamond,exchange,,,Battle Park,1,0,1,,,50,battle-point,,,
rash-mint,scarlet-violet,scarlet,shop,vendor,,Chansey Supply,1,0,1,,,20000,poke-dollar,,After earning 6 Gym Badges,
rash-mint,sword-shield,shield,exchange,,,Battle Tower,1,0,1,,,50,battle-point,,,
rash-mint,brilliant-diamond-shining-pearl,shining-pearl,exchange,,,Battle Park,1,0,1,,,50,battle-point,,,
rash-mint,sword-shield,sword,exchange,,,Battle Tower,1,0,1,,,50,battle-point,,,
rash-mint,scarlet-violet,violet,shop,vendor,,Chansey Supply,1,0,1,,,20000,poke-dollar,,After earning 6 Gym Badges,
rayquaza-treat,scarlet-violet,scarlet,npc-gift,,blueberry-academy,Blueberry Academy entrance (Snacksworth),0,0,1,,,,,,After completing a group Blueberry Quest,
rayquaza-treat,scarlet-violet,violet,npc-gift,,blueberry-academy,Blueberry Academy entrance (Snacksworth),0,0,1,,,,,,After completing a group Blueberry Quest,
razor-fang,black-white,black,overworld,visible,abundant-shrine,,0,0,1,,,,,,,
razor-fang,diamond-pearl,diamond,exchange,,battle-park-sinnoh,,1,0,1,,,48,battle-point,,,
razor-fang,platinum,platinum,exchange,,battle-frontier-sinnoh,,1,0,1,,,48,battle-point,,,
red-bell-pepper,scarlet-violet,scarlet,vending-machine,,terarium,Vending machines,1,0,1,,,,,,,
red-bell-pepper,scarlet-violet,scarlet,shop,vendor,,"Deli Cioso, Aquiesta Supermarket",1,0,1,,,240,poke-dollar,,After earning 3 Gym Badges,
red-bell-pepper,scarlet-violet,violet,shop,vendor,,"Deli Cioso, Aquiesta Supermarket",1,0,1,,,240,poke-dollar,,After earning 3 Gym Badges,
red-bell-pepper,scarlet-violet,violet,vending-machine,,terarium,Vending machines,1,0,1,,,,,,,
red-card,black-white,black,exchange,,,Battle Subway,1,0,1,,,32,battle-point,,,
red-card,black-white,white,exchange,,,Battle Subway,1,0,1,,,32,battle-point,,,
red-flag-pick,scarlet-violet,scarlet,shop,specialty-shop,,Peachy's,1,0,1,,,120,poke-dollar,,The Teal Mask,
red-flag-pick,scarlet-violet,scarlet,shop,specialty-shop,,Artisan Bakery,1,0,1,,,120,poke-dollar,,,
red-flag-pick,scarlet-violet,scarlet,vending-machine,,,Vending machines (Terarium),1,0,1,,,120,poke-dollar,,The Indigo Disk,
red-flag-pick,scarlet-violet,violet,shop,specialty-shop,,Peachy's,1,0,1,,,120,poke-dollar,,The Teal Mask,
red-flag-pick,scarlet-violet,violet,vending-machine,,,Vending machines (Terarium),1,0,1,,,120,poke-dollar,,The Indigo Disk,
red-flag-pick,scarlet-violet,violet,shop,specialty-shop,,Artisan Bakery,1,0,1,,,120,poke-dollar,,,
red-flute,omega-ruby-alpha-sapphire,alpha-sapphire,walking-pokemon,,hoenn-route-113,Glass Workshop,1,0,1,,,,,,500 grams,
red-flute,black-white,black,npc-gift,,unova-route-13,Treasure Hunter,1,0,1,,,,,,,
red-flute,emerald,emerald,walking-pokemon,,hoenn-route-113,Glass Workshop,1,0,1,,,,,,500 steps,
red-flute,heartgold-soulsilver,heartgold,overworld,visible,lake-of-rage,,0,0,1,,,,,,,
red-flute,omega-ruby-alpha-sapphire,omega-ruby,walking-pokemon,,hoenn-route-113,Glass Workshop,1,0,1,,,,,,500 grams,
red-flute,ruby-sapphire,ruby,walking-pokemon,,hoenn-route-113,Glass Workshop,1,0,1,,,,,,500 steps,
red-flute,ruby-sapphire,sapphire,walking-pokemon,,hoenn-route-113,Glass Workshop,1,0,1,,,,,,500 steps,
red-flute,heartgold-soulsilver,soulsilver,overworld,visible,lake-of-rage,,0,0,1,,,,,,,
red-flute,black-white,white,npc-gift,,unova-route-13,Treasure Hunter,1,0,1,,,,,,,
red-nectar,sun-moon,moon,overworld,recurring,ulaula-meadow,,1,0,1,2,,,,,,Daily
red-nectar,scarlet-violet,scarlet,shop,specialty-shop,,Delibird Presents,1,0,1,,,300,poke-dollar,,After earning 3 Gym Badges,
red-nectar,scarlet-violet,scarlet,wild-pokemon,,,,1,0,0,,5.0,,,,,Held by wild Oricorio (Baile Style)
red-nectar,sun-moon,sun,overworld,recurring,ulaula-meadow,,1,0,1,2,,,,,,Daily
red-nectar,ultra-sun-ultra-moon,ultra-moon,overworld,recurring,ulaula-meadow,,1,0,1,2,,,,,,Daily
red-nectar,ultra-sun-ultra-moon,ultra-sun,overworld,recurring,ulaula-meadow,,1,0,1,2,,,,,,Daily
red-nectar,scarlet-violet,violet,shop,specialty-shop,,Delibird Presents,1,0,1,,,300,poke-dollar,,After earning 3 Gym Badges,
red-nectar,scarlet-violet,violet,wild-pokemon,,,,1,0,0,,5.0,,,,,Held by wild Oricorio (Baile Style)
red-onion,scarlet-violet,scarlet,shop,specialty-shop,,Deli Cioso; Aquiesta Supermarket,1,0,1,,,230,poke-dollar,,After earning 2 Gym Badges,
red-onion,scarlet-violet,scarlet,vending-machine,,terarium,Vending machines,1,0,1,,,,,,The Indigo Disk,
red-onion,scarlet-violet,violet,vending-machine,,terarium,Vending machines,1,0,1,,,,,,The Indigo Disk,
red-onion,scarlet-violet,violet,shop,specialty-shop,,Deli Cioso; Aquiesta Supermarket,1,0,1,,,230,poke-dollar,,After earning 2 Gym Badges,
red-orb,omega-ruby-alpha-sapphire,alpha-sapphire,story,,mt-pyre,Summit (after defeating Matt),0,0,1,,,,,,,
red-orb,sun-moon,moon,shop,specialty-shop,hauoli-city,Hau'oli City Mall – Antiquities of the Ages,1,0,1,,,10000,poke-dollar,,,
red-orb,omega-ruby-alpha-sapphire,omega-ruby,story,,sootopolis-city,From Maxie after battling Groudon,0,0,1,,,,,,,
red-orb,ruby-sapphire,ruby,story,,mt-pyre,Summit (after confronting Team Magma),0,0,1,,,,,,,
red-orb,heartgold-soulsilver,soulsilver,npc-gift,,route-30-johto,Mr. Pokémon,0,0,1,,,,,,After defeating Red and obtaining the National Pokédex and a Kanto starter,
red-orb,sun-moon,sun,shop,specialty-shop,hauoli-city,Hau'oli City Mall – Antiquities of the Ages,1,0,1,,,10000,poke-dollar,,,
red-petal,ultra-sun-ultra-moon,ultra-moon,story,,wela-volcano-park,"During Mina's trial, after defeating Kiawe and Hiker David",0,0,1,,,,,,,
red-petal,ultra-sun-ultra-moon,ultra-sun,story,,wela-volcano-park,"During Mina's trial, after defeating Kiawe and Hiker David",0,0,1,,,,,,,
red-poke-ball-pick,scarlet-violet,scarlet,shop,vendor,,Artisan Bakery,1,0,1,,,,,,,
red-poke-ball-pick,scarlet-violet,scarlet,shop,vendor,,Peachy's,1,0,1,,,,,,The Teal Mask,
red-poke-ball-pick,scarlet-violet,scarlet,vending-machine,,,Vending machines (Terarium),1,0,1,,,,,,The Indigo Disk,
red-poke-ball-pick,scarlet-violet,violet,shop,vendor,,Artisan Bakery,1,0,1,,,,,,,
red-poke-ball-pick,scarlet-violet,violet,shop,vendor,,Peachy's,1,0,1,,,,,,The Teal Mask,
red-poke-ball-pick,scarlet-violet,violet,vending-machine,,,Vending machines (Terarium),1,0,1,,,,,,The Indigo Disk,
red-scale,crystal,crystal,story,,lake-of-rage,Automatically obtained after battling the Red Gyarados,0,0,1,,,,,,,
red-scale,gold-silver,gold,story,,lake-of-rage,Automatically obtained after battling the Red Gyarados,0,0,1,,,,,,,
red-scale,heartgold-soulsilver,heartgold,story,,lake-of-rage,Automatically obtained after battling the Red Gyarados,0,0,1,,,,,,,
red-scale,gold-silver,silver,story,,lake-of-rage,Automatically obtained after battling the Red Gyarados,0,0,1,,,,,,,
red-scale,heartgold-soulsilver,soulsilver,story,,lake-of-rage,Automatically obtained after battling the Red Gyarados,0,0,1,,,,,,,
red-scarf,brilliant-diamond-shining-pearl,brilliant-diamond,npc-gift,,pastoria-city,Scarf Guy,0,0,1,,,,,,Show a Pokémon with Coolness stat of 200 or more,
red-scarf,diamond-pearl,diamond,npc-gift,,pastoria-city,Scarf Guy,0,0,1,,,,,,Show a Pokémon with Cool stat of 200 or more,
red-scarf,omega-ruby-alpha-sapphire,omega-ruby,npc-gift,,slateport-city,Pokémon Fan Club chairman,0,0,1,,,,,,Show a Pokémon with Cool stat of 200 or more,
red-scarf,ruby-sapphire,ruby,npc-gift,,slateport-city,Pokémon Fan Club chairman,0,0,1,,,,,,Show a Pokémon with Cool stat of 200 or more,
reins-of-unity,scarlet-violet,scarlet,auction,,porto-marinada,Porto Marinada auction,1,0,0,,,,,,If the player owns a Calyrex,
reins-of-unity,sword-shield,shield,npc-gift,,freezington,From Peony at the mayor's house,0,0,1,,,,,,After obtaining the Radiant Petal,
reins-of-unity,sword-shield,sword,npc-gift,,freezington,From Peony at the mayor's house,0,0,1,,,,,,After obtaining the Radiant Petal,
reins-of-unity,scarlet-violet,violet,auction,,porto-marinada,Porto Marinada auction,1,0,0,,,,,,If the player owns a Calyrex,
relaxed-mint,brilliant-diamond-shining-pearl,brilliant-diamond,exchange,,,Battle Park,1,0,1,,,50,battle-point,,,
relaxed-mint,scarlet-violet,scarlet,shop,specialty-shop,,Chansey Supply,1,0,1,,,20000,poke-dollar,,After earning 6 Gym Badges,
relaxed-mint,sword-shield,shield,exchange,,,Battle Tower,1,0,1,,,50,battle-point,,,
relaxed-mint,sword-shield,sword,overworld,recurring,giants-bed,,1,1,0,,,,,,The Crown Tundra,
relaxed-mint,sword-shield,sword,exchange,,,Battle Tower,1,0,1,,,50,battle-point,,,
relaxed-mint,sword-shield,sword,overworld,recurring,soothing-wetlands,,1,1,0,,,,,,The Isle of Armor,
relic-band,black-white,black,overworld,visible,abyssal-ruins,,0,0,1,,,,,,,
relic-band,black-2-white-2,black-2,overworld,visible,abyssal-ruins,,0,0,1,,,,,,,
relic-band,black-white,white,overworld,visible,abyssal-ruins,,0,0,1,,,,,,,
relic-band,black-2-white-2,white-2,overworld,visible,abyssal-ruins,,0,0,1,,,,,,,
relic-copper,black-white,black,overworld,visible,abyssal-ruins,,0,0,1,,,,,,,
relic-copper,black-2-white-2,black-2,overworld,visible,abyssal-ruins,,0,0,1,,,,,,,
relic-copper,black-white,white,overworld,visible,abyssal-ruins,,0,0,1,,,,,,,
relic-copper,black-2-white-2,white-2,overworld,visible,abyssal-ruins,,0,0,1,,,,,,,
relic-crown,black-white,black,overworld,visible,abyssal-ruins,,0,0,1,,,,,,,
relic-crown,black-2-white-2,black-2,overworld,visible,abyssal-ruins,,0,0,1,,,,,,,
relic-crown,black-white,white,overworld,visible,abyssal-ruins,,0,0,1,,,,,,,
relic-crown,black-2-white-2,white-2,overworld,visible,abyssal-ruins,,0,0,1,,,,,,,
relic-gold,omega-ruby-alpha-sapphire,alpha-sapphire,event,,,,0,0,1,,,,,,,
relic-gold,black-white,black,overworld,visible,abyssal-ruins,,0,0,1,,,,,,,
relic-gold,black-2-white-2,black-2,overworld,visible,abyssal-ruins,,0,0,1,,,,,,,
relic-gold,sun-moon,moon,event,,,,0,0,1,,,,,,,
relic-gold,omega-ruby-alpha-sapphire,omega-ruby,event,,,,0,0,1,,,,,,,
relic-gold,sun-moon,sun,event,,,,0,0,1,,,,,,,
relic-gold,ultra-sun-ultra-moon,ultra-moon,event,,,,0,0,1,,,,,,,
relic-gold,ultra-sun-ultra-moon,ultra-sun,event,,,,0,0,1,,,,,,,
relic-gold,black-white,white,overworld,visible,abyssal-ruins,,0,0,1,,,,,,,
relic-gold,black-2-white-2,white-2,overworld,visible,abyssal-ruins,,0,0,1,,,,,,,
relic-gold,x-y,x,exchange,,,Trade,1,0,1,,,,,,,
relic-gold,x-y,y,exchange,,,Trade,1,0,1,,,,,,,
relic-silver,black-white,black,overworld,visible,abyssal-ruins,,0,0,1,,,,,,,
relic-silver,black-2-white-2,black-2,overworld,visible,abyssal-ruins,,0,0,1,,,,,,,
relic-silver,black-white,white,overworld,visible,abyssal-ruins,,0,0,1,,,,,,,
relic-silver,black-2-white-2,white-2,overworld,visible,abyssal-ruins,,0,0,1,,,,,,,
relic-statue,black-white,black,overworld,visible,abyssal-ruins,,0,0,1,,,,,,,
relic-statue,black-2-white-2,black-2,overworld,visible,abyssal-ruins,,0,0,1,,,,,,,
relic-statue,black-white,white,overworld,visible,abyssal-ruins,,0,0,1,,,,,,,
relic-statue,black-2-white-2,white-2,overworld,visible,abyssal-ruins,,0,0,1,,,,,,,
relic-vase,black-white,black,overworld,visible,abyssal-ruins,,0,0,1,,,,,,,
relic-vase,black-2-white-2,black-2,overworld,visible,abyssal-ruins,,0,0,1,,,,,,,
relic-vase,black-white,white,overworld,visible,abyssal-ruins,,0,0,1,,,,,,,
relic-vase,black-2-white-2,white-2,overworld,visible,abyssal-ruins,,0,0,1,,,,,,,
repel,red-blue,red,shop,poke-mart,cerulean-city,Cerulean Poké Mart,1,0,1,,,350,poke-dollar,,,
reply-mail,black-white,black,shop,poke-mart,,"Shopping Mall Nine and every Poké Mart except those in Nimbasa, Mistralton, Icirrus, and the Pokémon League",1,0,1,,,50,poke-dollar,,,
reply-mail,black-2-white-2,black-2,shop,poke-mart,,"Shopping Mall Nine and every Poké Mart except those in Nimbasa, Mistralton, Lacunosa, Victory Road, the Pokémon League, and Striaton",1,0,1,,,50,poke-dollar,,,
reply-mail,black-white,white,shop,poke-mart,,"Shopping Mall Nine and every Poké Mart except those in Nimbasa, Mistralton, Icirrus, and the Pokémon League",1,0,1,,,50,poke-dollar,,,
reply-mail,black-2-white-2,white-2,shop,poke-mart,,"Shopping Mall Nine and every Poké Mart except those in Nimbasa, Mistralton, Lacunosa, Victory Road, the Pokémon League, and Striaton",1,0,1,,,50,poke-dollar,,,
reshiram-treat,scarlet-violet,scarlet,npc-gift,,blueberry-academy-entrance,Snacksworth,0,0,1,,,,,,After completing 10 solo Blueberry Quests,Available in The Indigo Disk
reshiram-treat,scarlet-violet,violet,npc-gift,,blueberry-academy-entrance,Snacksworth,0,0,1,,,,,,After completing one group Blueberry Quest,Available in The Indigo Disk
resist-mochi,scarlet-violet,scarlet,contest,,,Ogre Oustin',1,0,1,,,,,,,
resist-mochi,scarlet-violet,violet,contest,,,Ogre Oustin',1,0,1,,,,,,,
retro-mail,emerald,emerald,wild-pokemon,,battle-frontier-hoenn,Held by in-game trade Meowth,0,0,1,,,,,,,
retro-mail,firered-leafgreen,firered,shop,department-store,celadon-city,Celadon Department Store,1,0,1,,,50,poke-dollar,,,
retro-mail,firered-leafgreen,leafgreen,shop,department-store,celadon-city,Celadon Department Store,1,0,1,,,50,poke-dollar,,,
retro-mail,ruby-sapphire,ruby,exchange,,,Trade from another game,1,0,1,,,,,,,
retro-mail,ruby-sapphire,sapphire,exchange,,,Trade from another game,1,0,1,,,,,,,
reveal-glass,omega-ruby-alpha-sapphire,alpha-sapphire,npc-gift,,mauville-city,Woman selling mirrors on 1F,0,0,1,,,,,,"Show Tornadus, Thundurus, or Landorus",
reveal-glass,black-2-white-2,black-2,story,,abundant-shrine,Take Therian Forme Landorus to the hokora,0,0,1,,,,,,,
reveal-glass,sun-moon,moon,npc-gift,,dimensional-research-lab,Professor Burnet,0,0,1,,,,,,After clearing Olivia's grand trial,
reveal-glass,omega-ruby-alpha-sapphire,omega-ruby,npc-gift,,mauville-city,Woman selling mirrors on 1F,0,0,1,,,,,,"Show Tornadus, Thundurus, or Landorus",
reveal-glass,scarlet-violet,scarlet,auction,,porto-marinada,Auction,1,0,0,,,,,,"If the player owns a Tornadus, Thundurus, Landorus, or Enamorus",
reveal-glass,sword-shield,shield,bargain-shop,,stow-on-side,Bargain shop keeper,0,0,1,,,,,,"If the player owns a Tornadus, Thundurus, or Landorus",
reveal-glass,sun-moon,sun,npc-gift,,dimensional-research-lab,Professor Burnet,0,0,1,,,,,,After clearing Olivia's grand trial,
reveal-glass,sword-shield,sword,bargain-shop,,stow-on-side,Bargain shop keeper,0,0,1,,,,,,"If the player owns a Tornadus, Thundurus, or Landorus",
reveal-glass,ultra-sun-ultra-moon,ultra-moon,npc-gift,,dimensional-research-lab,Professor Burnet,0,0,1,,,,,,After clearing Olivia's grand trial,
reveal-glass,ultra-sun-ultra-moon,ultra-sun,npc-gift,,dimensional-research-lab,Professor Burnet,0,0,1,,,,,,After clearing Olivia's grand trial,
reveal-glass,scarlet-violet,violet,auction,,porto-marinada,Auction,1,0,0,,,,,,"If the player owns a Tornadus, Thundurus, Landorus, or Enamorus",
reveal-glass,black-2-white-2,white-2,story,,abundant-shrine,Take Therian Forme Landorus to the hokora,0,0,1,,,,,,,
reveal-glass,x-y,x,npc-gift,,reflection-cave,Scientist near the Shalour City exit,0,0,1,,,,,,"Show Tornadus, Thundurus, and Landorus",
reveal-glass,x-y,y,npc-gift,,reflection-cave,Scientist near the Shalour City exit,0,0,1,,,,,,"Show Tornadus, Thundurus, and Landorus",
ribbon-sweet,scarlet-violet,scarlet,crafting,item-printer,,Item Printer,1,0,0,,,,,,The Indigo Disk,
ribbon-sweet,sword-shield,shield,raid,max-raid,,Dropped by Gigantamax Factor Milcery during Wild Area News event,1,0,0,,,,,,"Wild Area News event January 30 - February 16, 2020",
ribbon-sweet,sword-shield,shield,shop,watt-trader,snowslide-slope,Watt Trader,1,0,1,,,7980,watt,,,The Crown Tundra highlight item
ribbon-sweet,sword-shield,shield,crafting,cram-o-matic,,Cram-o-matic,1,0,0,,,,,,"Fairy type, 112-120 points",The Isle of Armor
ribbon-sweet,sword-shield,sword,crafting,cram-o-matic,,Cram-o-matic,1,0,0,,,,,,"Fairy type, 112-120 points",The Isle of Armor
ribbon-sweet,sword-shield,sword,raid,max-raid,,Dropped by Gigantamax Factor Milcery during Wild Area News event,1,0,0,,,,,,"Wild Area News event January 30 - February 16, 2020",
ribbon-sweet,sword-shield,sword,shop,watt-trader,snowslide-slope,Watt Trader,1,0,1,,,7980,watt,,,The Crown Tundra highlight item
ribbon-sweet,scarlet-violet,violet,crafting,item-printer,,Item Printer,1,0,0,,,,,,The Indigo Disk,
rice,scarlet-violet,scarlet,shop,vendor,,Sure Cans,1,0,1,,,280,poke-dollar,,After earning 5 Gym Badges,
rice,the-indigo-disk,,vending-machine,,terarium,Vending machines,1,0,1,,,280,poke-dollar,,,
rice,the-teal-mask,,shop,vendor,,Peachy's,1,0,1,,,280,poke-dollar,,After earning 5 Badges,
rice,scarlet-violet,violet,shop,vendor,,Sure Cans,1,0,1,,,280,poke-dollar,,After earning 5 Gym Badges,
rich-mulch,omega-ruby-alpha-sapphire,alpha-sapphire,exchange,,,Trade,1,0,1,,,,,,,
rich-mulch,omega-ruby-alpha-sapphire,omega-ruby,exchange,,,Trade,1,0,1,,,,,,,
rich-mulch,x-y,x,crafting,recipe,,Berry fields composter (using three differently-colored Berries),1,0,1,,,,,,,
rich-mulch,x-y,y,crafting,recipe,,Berry fields composter (using three differently-colored Berries),1,0,1,,,,,,,
ride-pager,sun-moon,moon,story,,iki-town,From Hala after completing the Melemele Island grand trial,0,0,1,,,,,,After defeating Hala in the Melemele Island grand trial,
ride-pager,sun-moon,sun,story,,iki-town,From Hala after completing the Melemele Island grand trial,0,0,1,,,,,,After defeating Hala in the Melemele Island grand trial,
ride-pager,ultra-sun-ultra-moon,ultra-moon,story,,iki-town,From Hala after completing the Melemele Island grand trial,0,0,1,,,,,,After defeating Hala in the Melemele Island grand trial,
ride-pager,ultra-sun-ultra-moon,ultra-sun,story,,iki-town,From Hala after completing the Melemele Island grand trial,0,0,1,,,,,,After defeating Hala in the Melemele Island grand trial,
rindo-berry,black-white,black,wild-pokemon,held,,"Held by wild Finneon, Lumineon, and Panpour",1,0,0,,5.0,,,,,
rindo-berry,diamond-pearl,diamond,wild-pokemon,held,,Held by wild Finneon and Lumineon,1,0,0,,5.0,,,,,
rindo-berry,scarlet-violet,scarlet,overworld,sparkling,socarrat-trail,,1,0,0,,,,,,,
rindo-berry,sword-shield,sword,berry-tree,,bridge-field,Berry trees,1,0,0,,,,,,,
ring-target,black-white,black,overworld,visible,opelucid-city,,0,0,1,,,,,,,
ring-target,black-2-white-2,black-2,overworld,visible,opelucid-city,,0,0,1,,,,,,,
ring-target,sun-moon,moon,exchange,,battle-tree,16 BP,1,0,1,,,16,battle-point,,,
ring-target,scarlet-violet,scarlet,shop,vendor,levincia,Delibird Presents (after completing the main storyline),1,0,1,,,10000,poke-dollar,,After completing the main storyline,
ring-target,sword-shield,shield,bargain-shop,,stow-on-side,,1,0,1,,,,,,,
ring-target,sun-moon,sun,exchange,,battle-tree,16 BP,1,0,1,,,16,battle-point,,,
ring-target,sword-shield,sword,bargain-shop,,stow-on-side,,1,0,1,,,,,,,
ring-target,scarlet-violet,violet,shop,vendor,levincia,Delibird Presents (after completing the main storyline),1,0,1,,,10000,poke-dollar,,After completing the main storyline,
ring-target,black-white,white,overworld,visible,opelucid-city,,0,0,1,,,,,,,
ring-target,black-2-white-2,white-2,overworld,visible,opelucid-city,,0,0,1,,,,,,,
ring-target,x-y,x,exchange,,battle-maison,32 BP,1,0,1,,,32,battle-point,,,
ring-target,x-y,y,exchange,,battle-maison,32 BP,1,0,1,,,32,battle-point,,,
rock-gem,black-white,black,overworld,sparkling,,Dust cloud,1,0,0,,,,,,,
rock-gem,black-2-white-2,black-2,overworld,visible,relic-passage,,0,0,1,,,,,,,
rock-gem,black-2-white-2,black-2,shop,specialty-shop,join-avenue,Antique Shop,1,0,1,,,,,,,
rock-gem,black-white,white,overworld,sparkling,,Dust cloud,1,0,0,,,,,,,
rock-gem,black-2-white-2,white-2,shop,specialty-shop,join-avenue,Antique Shop,1,0,1,,,,,,,
rock-gem,black-2-white-2,white-2,overworld,visible,relic-passage,,0,0,1,,,,,,,
rock-incense,black-white,black,shop,vendor,driftveil-city,Driftveil Market,1,0,1,,,9600,poke-dollar,,Post-National Pokédex,
rock-incense,diamond-pearl,diamond,overworld,visible,fuego-ironworks,,0,0,1,,,,,,,
rock-incense,heartgold-soulsilver,heartgold,overworld,visible,digletts-cave,,0,0,1,,,,,,,
rock-memory,sun-moon,moon,npc-gift,,aether-paradise,Gladion,0,0,1,,,,,,After becoming Champion,
rock-memory,sword-shield,shield,npc-gift,,battle-tower-galar,League Staff member,0,0,1,,,,,,,
rock-memory,sun-moon,sun,npc-gift,,aether-paradise,Gladion,0,0,1,,,,,,After becoming Champion,
rock-memory,sword-shield,sword,npc-gift,,battle-tower-galar,League Staff member,0,0,1,,,,,,,
rock-memory,ultra-sun-ultra-moon,ultra-moon,npc-gift,,ancient-poni-path,Wicke,0,0,1,,,,,,After becoming Champion,
rock-memory,ultra-sun-ultra-moon,ultra-sun,npc-gift,,ancient-poni-path,Wicke,0,0,1,,,,,,After becoming Champion,
rock-tera-shard,scarlet-violet,scarlet,tournament,,,Academy Ace Tournament,1,0,0,,,,,,,
rock-tera-shard,scarlet-violet,scarlet,overworld,visible,area-zero,,0,0,1,,,,,,,
rock-tera-shard,scarlet-violet,scarlet,overworld,visible,wistful-fields,,0,0,1,,,,,,The Teal Mask,
rock-tera-shard,scarlet-violet,scarlet,item-printer,item-printer,,,1,0,0,,,,,,The Indigo Disk,
rock-tera-shard,scarlet-violet,violet,npc-gift,,uva-academy,Tyme,0,0,1,,,,,,After completing Tyme’s storyline,
rock-tera-shard,scarlet-violet,violet,tera-raid,tera-raid-5star,,Tera Raid Battles (3★ and higher),1,0,0,,,,,,,
rockium-z--held,sun-moon,moon,trainer-reward,gym-leader,ruins-of-life,Olivia after defeating her in the Akala Island grand trial,0,0,1,,,,,,After defeating Olivia in the Akala Island grand trial,
rockium-z--held,sun-moon,sun,trainer-reward,gym-leader,ruins-of-life,Olivia after defeating her in the Akala Island grand trial,0,0,1,,,,,,After defeating Olivia in the Akala Island grand trial,
rockium-z--held,ultra-sun-ultra-moon,ultra-moon,trainer-reward,gym-leader,ruins-of-life,Olivia after defeating her in the Akala Island grand trial,0,0,1,,,,,,After defeating Olivia in the Akala Island grand trial,
rockium-z--held,ultra-sun-ultra-moon,ultra-sun,trainer-reward,gym-leader,ruins-of-life,Olivia after defeating her in the Akala Island grand trial,0,0,1,,,,,,After defeating Olivia in the Akala Island grand trial,
rocky-helmet,black-white,black,overworld,visible,cold-storage,,0,0,1,,,,,,,
rocky-helmet,black-white,white,overworld,visible,cold-storage,,0,0,1,,,,,,,
roller-skates,x-y,x,npc-defeat,,santalune-city,From Roller Skater Rinka after defeating her,0,0,1,,,,,,,
roller-skates,x-y,y,npc-defeat,,santalune-city,From Roller Skater Rinka after defeating her,0,0,1,,,,,,,
room-service,scarlet-violet,scarlet,shop,specialty-shop,levincia,Delibird Presents (Levincia Branch),1,0,1,,,20000,poke-dollar,,After completing the main storyline,
room-service,sword-shield,shield,crafting,cram-o-matic,,Cram-o-matic,1,0,0,,,,,,Isle of Armor,"Fairy type recipe, 62–70 points."
room-service,sword-shield,shield,exchange,,,Battle Tower,1,0,1,,,15,battle-point,,,
room-service,sword-shield,shield,overworld,visible,giants-bed,,0,0,1,,,,,,The Crown Tundra,
room-service,sword-shield,sword,exchange,,,Battle Tower,1,0,1,,,15,battle-point,,,
room-service,sword-shield,sword,overworld,visible,giants-bed,,0,0,1,,,,,,The Crown Tundra,
room-service,sword-shield,sword,crafting,cram-o-matic,,Cram-o-matic,1,0,0,,,,,,Isle of Armor,"Fairy type recipe, 62–70 points."
room-service,scarlet-violet,violet,shop,specialty-shop,levincia,Delibird Presents (Levincia Branch),1,0,1,,,20000,poke-dollar,,After completing the main storyline,
root-fossil,emerald,emerald,overworld,visible,mirage-tower,Choice between Root Fossil and Claw Fossil,0,0,1,,,,,,,
root-fossil,ruby-sapphire,ruby,overworld,visible,hoenn-route-111,Choice between Root Fossil and Claw Fossil,0,0,1,,,,,,,
roseli-berry,x-y,x,overworld,recurring,kalos-route-14,,1,0,1,,,,,,,
roseli-berry,x-y,y,overworld,recurring,kalos-route-14,,1,0,1,,,,,,,
roto-stick,scarlet-violet,scarlet,npc-gift,,mossui-town,Caretaker before orienteering begins,0,0,1,,,,,,Before orienteering begins in The Teal Mask,
roto-stick,scarlet-violet,violet,npc-gift,,mossui-town,Caretaker before orienteering begins,0,0,1,,,,,,Before orienteering begins in The Teal Mask,
rotom-bike,sword-shield,shield,npc-gift,,fields-of-honor,Bike Lady near the Master Dojo,0,0,1,,,,,,The Isle of Armor expansion,Sparkling White or Glistening Black
rotom-bike,sword-shield,shield,npc-gift,,galar-route-05,Doctor after defeating Team Yell Grunts,0,0,1,,,,,,After defeating the Team Yell Grunts harassing the Doctor,Land Mode
rotom-bike,sword-shield,shield,npc-gift,,galar-route-09,Doctor after driving off Team Yell Grunts,0,0,1,,,,,,After defeating Hop in Circhester,Water Mode
rotom-bike,sword-shield,sword,npc-gift,,galar-route-05,Doctor after defeating Team Yell Grunts,0,0,1,,,,,,After defeating the Team Yell Grunts harassing the Doctor,Land Mode
rotom-bike,sword-shield,sword,npc-gift,,fields-of-honor,Bike Lady near the Master Dojo,0,0,1,,,,,,The Isle of Armor expansion,Sparkling White or Glistening Black
rotom-bike,sword-shield,sword,npc-gift,,galar-route-09,Doctor after driving off Team Yell Grunts,0,0,1,,,,,,After defeating Hop in Circhester,Water Mode
rotom-catalog,brilliant-diamond-shining-pearl,brilliant-diamond,story,,rotoms-room,,0,0,1,,,,,,After letting Rotom enter an appliance,
rotom-catalog,scarlet-violet,scarlet,auction,,porto-marinada,Auction house,1,0,0,,,,poke-dollar,,If the player owns a Rotom,"Bid starts at 4,000 Pokédollars or more"
rotom-catalog,sword-shield,shield,npc-defeat,,wyndon,League Staff Isaac,0,0,1,,,,,,After defeating League Staff Isaac,
rotom-catalog,brilliant-diamond-shining-pearl,shining-pearl,story,,rotoms-room,,0,0,1,,,,,,After letting Rotom enter an appliance,
rotom-catalog,sword-shield,sword,npc-defeat,,wyndon,League Staff Isaac,0,0,1,,,,,,After defeating League Staff Isaac,
rotom-catalog,scarlet-violet,violet,auction,,porto-marinada,Auction house,1,0,0,,,,poke-dollar,,If the player owns a Rotom,"Bid starts at 4,000 Pokédollars or more"
rotom-phone,scarlet-violet,scarlet,npc-gift,,cabo-poco,From Mom after exiting the house for the first time,0,0,1,,,,,,After exiting the house for the first time,
rotom-phone,scarlet-violet,violet,npc-gift,,cabo-poco,From Mom after exiting the house for the first time,0,0,1,,,,,,After exiting the house for the first time,
rotom-pokedex,sun-moon,moon,npc-gift,,iki-town,Professor Kukui,0,0,1,,,,,,After saving Nebby on Mahalo Trail,
rotom-pokedex,sun-moon,moon,story,,iki-town,Given by Professor Kukui,0,0,1,,,,,,After saving Nebby on Mahalo Trail,
rotom-pokedex,sun-moon,sun,story,,iki-town,Given by Professor Kukui,0,0,1,,,,,,After saving Nebby on Mahalo Trail,
rotom-pokedex,sun-moon,sun,npc-gift,,iki-town,Professor Kukui,0,0,1,,,,,,After saving Nebby on Mahalo Trail,
rotom-pokedex,ultra-sun-ultra-moon,ultra-moon,npc-gift,,iki-town,Professor Kukui,0,0,1,,,,,,After saving Nebby on Mahalo Trail,
rotom-pokedex,ultra-sun-ultra-moon,ultra-sun,npc-gift,,iki-town,Professor Kukui,0,0,1,,,,,,After saving Nebby on Mahalo Trail,
rsvp-mail,black-white,black,shop,poke-mart,,Shopping Mall Nine and most Poké Marts,1,0,1,,,50,poke-dollar,,,"Unavailable in Nimbasa, Mistralton, Icirrus, and Pokémon League Poké Marts"
rsvp-mail,black-2-white-2,black-2,shop,poke-mart,,Shopping Mall Nine and most Poké Marts,1,0,1,,,50,poke-dollar,,,"Unavailable in Nimbasa, Mistralton, Lacunosa, Victory Road, Pokémon League, and Striaton Poké Marts"
rsvp-mail,black-white,white,shop,poke-mart,,Shopping Mall Nine and most Poké Marts,1,0,1,,,50,poke-dollar,,,"Unavailable in Nimbasa, Mistralton, Icirrus, and Pokémon League Poké Marts"
rsvp-mail,black-2-white-2,white-2,shop,poke-mart,,Shopping Mall Nine and most Poké Marts,1,0,1,,,50,poke-dollar,,,"Unavailable in Nimbasa, Mistralton, Lacunosa, Victory Road, Pokémon League, and Striaton Poké Marts"
ruby,firered-leafgreen,firered,overworld,visible,mt-ember,B5F,0,0,1,,,,,,,
ruby,firered-leafgreen,leafgreen,overworld,visible,mt-ember,B5F,0,0,1,,,,,,,
rusted-shield,scarlet-violet,scarlet,auction,,porto-marinada,Porto Marinada auction,1,0,0,,,,,,If the player owns a Zamazenta,
rusted-shield,sword-shield,shield,wild-pokemon,,,,0,0,1,,,,,,,Held by wild Zamazenta
rusted-shield,sword-shield,sword,event,,,,0,0,1,,,,,,,
rusted-shield,sword-shield,sword,exchange,,,Trade,1,0,1,,,,,,,
rusted-shield,scarlet-violet,violet,auction,,porto-marinada,Porto Marinada auction,1,0,0,,,,,,If the player owns a Zamazenta,
rusted-sword,scarlet-violet,scarlet,auction,,porto-marinada,Porto Marinada auction,1,0,0,,,,,,If the player owns a Zacian,
rusted-sword,sword-shield,shield,event,,,,0,0,1,,,,,,,
rusted-sword,sword-shield,sword,wild-pokemon,,,Held by Zacian,0,0,1,,100.0,,,,,
rusted-sword,scarlet-violet,violet,auction,,porto-marinada,Porto Marinada auction,1,0,0,,,,,,If the player owns a Zacian,
sablenite,omega-ruby-alpha-sapphire,alpha-sapphire,overworld,visible,sootopolis-city,,0,0,1,,,,,,,
sablenite,sun-moon,moon,exchange,,,Battle Tree,1,0,1,,,64,battle-point,,,
sablenite,omega-ruby-alpha-sapphire,omega-ruby,overworld,visible,sootopolis-city,,0,0,1,,,,,,,
sablenite,sun-moon,sun,exchange,,,Battle Tree,1,0,1,,,64,battle-point,,,
sablenite,ultra-sun-ultra-moon,ultra-moon,exchange,,,Battle Tree,1,0,1,,,64,battle-point,,,
sablenite,ultra-sun-ultra-moon,ultra-sun,exchange,,,Battle Tree,1,0,1,,,64,battle-point,,,
sachet,omega-ruby-alpha-sapphire,omega-ruby,exchange,,battle-maison,,1,0,1,,,32,battle-point,,,
sachet,sun-moon,sun,overworld,visible,konikoni-city,,0,0,1,,,,,,,
sachet,sun-moon,sun,exchange,,battle-tree,,1,0,1,,,32,battle-point,,,
sachet,sword-shield,sword,crafting,cram-o-matic,,Fairy: 52-60 points,1,0,0,,,,,,The Isle of Armor,
sachet,sword-shield,sword,exchange,,hammerlocke,,1,0,1,,,10,battle-point,,,
sachet,x-y,x,overworld,visible,kalos-route-12,,0,0,1,,,,,,,
sachet,x-y,x,exchange,,battle-maison,,1,0,1,,,32,battle-point,,,
sachet,x-y,y,overworld,visible,cyllage-city,,0,0,1,,,,,,,
sacred-ash,gold-silver,gold,wild-pokemon,static,,Held by Ho-Oh,0,0,1,,100.0,,,,,
safari-ball,diamond-pearl,diamond,story,,great-marsh,Safari Game entry,1,0,1,30,,,,,Participating in a Safari Game,
safari-ball,red-blue,red,story,,safari-zone-kanto,Safari Game entry,1,0,1,30,,,,,Participating in a Safari Game,Unused balls are returned after the game.
safety-goggles,omega-ruby-alpha-sapphire,alpha-sapphire,overworld,visible,hoenn-route-111,,0,0,1,,,,,,,
safety-goggles,sun-moon,moon,overworld,visible,haina-desert,Night,0,0,1,,,,,,,
safety-goggles,omega-ruby-alpha-sapphire,omega-ruby,overworld,visible,hoenn-route-111,,0,0,1,,,,,,,
safety-goggles,scarlet-violet,scarlet,crafting,item-printer,,,1,0,0,,,,,,The Indigo Disk,
safety-goggles,scarlet-violet,scarlet,shop,specialty-shop,levincia,Delibird Presents,1,0,1,,,20000,poke-dollar,,After earning 4 Gym Badges,
safety-goggles,sword-shield,shield,overworld,visible,tunnel-to-the-top,The Crown Tundra,0,0,1,,,,,,,
safety-goggles,sword-shield,shield,overworld,visible,galar-route-07,,0,0,1,,,,,,,
safety-goggles,sun-moon,sun,overworld,visible,haina-desert,Night,0,0,1,,,,,,,
safety-goggles,sword-shield,sword,overworld,visible,galar-route-07,,0,0,1,,,,,,,
safety-goggles,sword-shield,sword,overworld,visible,tunnel-to-the-top,The Crown Tundra,0,0,1,,,,,,,
safety-goggles,ultra-sun-ultra-moon,ultra-moon,exchange,,,Battle Tree,1,0,1,,,48,battle-point,,,
safety-goggles,ultra-sun-ultra-moon,ultra-sun,exchange,,,Battle Tree,1,0,1,,,48,battle-point,,,
safety-goggles,scarlet-violet,violet,crafting,item-printer,,,1,0,0,,,,,,The Indigo Disk,
safety-goggles,scarlet-violet,violet,shop,specialty-shop,levincia,Delibird Presents,1,0,1,,,20000,poke-dollar,,After earning 4 Gym Badges,
safety-goggles,x-y,x,exchange,,,Battle Maison,1,0,1,,,48,battle-point,,,
safety-goggles,x-y,y,exchange,,,Battle Maison,1,0,1,,,48,battle-point,,,
sail-fossil,ultra-sun-ultra-moon,ultra-moon,shop,specialty-shop,konikoni-city,Olivia's jewelry shop,0,0,1,,,,,,,
sail-fossil,x-y,x,overworld,visible,glittering-cave,Choice between Sail Fossil and Jaw Fossil,0,0,1,,,,,,,
sail-fossil,x-y,y,overworld,visible,glittering-cave,Choice between Sail Fossil and Jaw Fossil,0,0,1,,,,,,,
salad-mix,sword-shield,shield,shop,vendor,fields-of-honor,Ingredients Seller,1,0,1,,,400,poke-dollar,,Requires access to the Isle of Armor,
salad-mix,sword-shield,shield,shop,vendor,rolling-fields,Ingredients Seller,1,0,1,,,400,poke-dollar,,,
salad-mix,sword-shield,shield,shop,vendor,hammerlocke-hills,Ingredients Seller,1,0,1,,,400,poke-dollar,,,
salad-mix,sword-shield,sword,shop,vendor,fields-of-honor,Ingredients Seller,1,0,1,,,400,poke-dollar,,Requires access to the Isle of Armor,
salad-mix,sword-shield,sword,shop,vendor,rolling-fields,Ingredients Seller,1,0,1,,,400,poke-dollar,,,
salad-mix,sword-shield,sword,shop,vendor,hammerlocke-hills,Ingredients Seller,1,0,1,,,400,poke-dollar,,,
salamencite,omega-ruby-alpha-sapphire,alpha-sapphire,npc-gift,,meteor-falls,Zinnia's grandmother,0,0,1,,,,,,After completing the Delta Episode,
salamencite,sun-moon,moon,exchange,,battle-tree,,1,0,1,,,64,battle-point,,,
salamencite,omega-ruby-alpha-sapphire,omega-ruby,npc-gift,,meteor-falls,Zinnia's grandmother,0,0,1,,,,,,After completing the Delta Episode,
salamencite,sun-moon,sun,exchange,,battle-tree,,1,0,1,,,64,battle-point,,,
salamencite,ultra-sun-ultra-moon,ultra-moon,exchange,,battle-tree,,1,0,1,,,64,battle-point,,,
salamencite,ultra-sun-ultra-moon,ultra-sun,exchange,,battle-tree,,1,0,1,,,64,battle-point,,,
salt,scarlet-violet,scarlet,shop,specialty-shop,,Artisan Bakery,1,0,1,,,90,poke-dollar,,,
salt,scarlet-violet,scarlet,overworld,visible,south-province-area-two,,0,0,1,,,,,,,
salt,scarlet-violet,scarlet,shop,specialty-shop,,Aquiesta Supermarket,1,0,1,,,90,poke-dollar,,,
salt,the-indigo-disk,,vending-machine,,terarium,Vending machines,1,0,1,,,90,poke-dollar,,,
salt,the-teal-mask,,shop,specialty-shop,,Peachy's,1,0,1,,,90,poke-dollar,,,
salt,scarlet-violet,violet,shop,specialty-shop,,Artisan Bakery,1,0,1,,,90,poke-dollar,,,
salt,scarlet-violet,violet,shop,specialty-shop,,Aquiesta Supermarket,1,0,1,,,90,poke-dollar,,,
salt,scarlet-violet,violet,overworld,visible,south-province-area-two,,0,0,1,,,,,,,
salty-herba-mystica,scarlet-violet,scarlet,story,,revelers-road,Reward for showing all 19 tablecloths to a picnicker,0,0,1,2,,,,,The Teal Mask,
salty-herba-mystica,scarlet-violet,scarlet,tera-raid,tera-raid-5star,,,1,0,0,,,,,,,Also obtainable from 6★ Tera Raid Battles.
salty-herba-mystica,scarlet-violet,scarlet,tournament,,,Ogre Oustin' (Hard difficulty),1,0,0,,,,,,The Teal Mask,
salty-herba-mystica,scarlet-violet,scarlet,npc-gift,,league-club-room,First battle reward from Larry after inviting him as a Special Coach,0,0,1,3,,,,,The Indigo Disk,
salty-herba-mystica,scarlet-violet,violet,npc-gift,,league-club-room,First battle reward from Larry after inviting him as a Special Coach,0,0,1,3,,,,,The Indigo Disk,
salty-herba-mystica,scarlet-violet,violet,tournament,,,Ogre Oustin' (Hard difficulty),1,0,0,,,,,,The Teal Mask,
salty-herba-mystica,scarlet-violet,violet,tera-raid,tera-raid-5star,,,1,0,0,,,,,,,Also obtainable from 6★ Tera Raid Battles.
salty-herba-mystica,scarlet-violet,violet,story,,revelers-road,Reward for showing all 19 tablecloths to a picnicker,0,0,1,2,,,,,The Teal Mask,
sandwich,scarlet-violet,scarlet,npc-gift,,cabo-poco,From Mom after battling Nemona for the first time,0,0,1,,,,,,After battling Nemona for the first time,
sandwich,scarlet-violet,violet,npc-gift,,cabo-poco,From Mom after battling Nemona for the first time,0,0,1,,,,,,After battling Nemona for the first time,
sapphire,firered-leafgreen,firered,npc-defeat,,rocket-warehouse,Scientist Gideon,0,0,1,,,,,,,Recovered after defeating Scientist Gideon.
sapphire,firered-leafgreen,leafgreen,npc-defeat,,rocket-warehouse,Scientist Gideon,0,0,1,,,,,,,Recovered after defeating Scientist Gideon.
sassy-mint,brilliant-diamond-shining-pearl,brilliant-diamond,exchange,,,Battle Park,1,0,1,,,50,battle-point,,,
sassy-mint,scarlet-violet,scarlet,shop,specialty-shop,,Chansey Supply,1,0,1,,,20000,poke-dollar,,After earning 6 Gym Badges,
sassy-mint,sword-shield,shield,exchange,,,Battle Tower,1,0,1,,,50,battle-point,,,
sassy-mint,brilliant-diamond-shining-pearl,shining-pearl,exchange,,,Battle Park,1,0,1,,,50,battle-point,,,
sassy-mint,sword-shield,sword,exchange,,,Battle Tower,1,0,1,,,50,battle-point,,,
sassy-mint,scarlet-violet,violet,shop,specialty-shop,,Chansey Supply,1,0,1,,,20000,poke-dollar,,After earning 6 Gym Badges,
sausages,sword-shield,shield,npc-gift,,,Possible gift after cooking curry,1,0,0,,,,,,,
sausages,sword-shield,shield,npc-gift,,east-lake-axewell,Camping King,0,0,1,,,,,,,
sausages,sword-shield,shield,shop,vendor,rolling-fields,Ingredients Seller,1,0,1,,,400,poke-dollar,,,
sausages,sword-shield,shield,quest,,,Poké Job reward (Tiers III–VI),1,0,0,,,,,,,
sausages,sword-shield,shield,npc-gift,,master-dojo,Refrigerator,1,0,1,,,,,,"After donating 100,000 Watts",The Isle of Armor
sausages,sword-shield,sword,npc-gift,,east-lake-axewell,Camping King,0,0,1,,,,,,,
sausages,sword-shield,sword,quest,,,Poké Job reward (Tiers III–VI),1,0,0,,,,,,,
sausages,sword-shield,sword,npc-gift,,master-dojo,Refrigerator,1,0,1,,,,,,"After donating 100,000 Watts",The Isle of Armor
sausages,sword-shield,sword,shop,vendor,rolling-fields,Ingredients Seller,1,0,1,,,400,poke-dollar,,,
sausages,sword-shield,sword,npc-gift,,,Possible gift after cooking curry,1,0,0,,,,,,,
scanner,omega-ruby-alpha-sapphire,alpha-sapphire,overworld,hidden,sea-mauville,Submerged control room; requires Dive,0,1,1,,,,,,,
scanner,emerald,emerald,overworld,visible,abandoned-ship,Requires Dive,0,0,1,,,,,,,
scanner,omega-ruby-alpha-sapphire,omega-ruby,overworld,hidden,sea-mauville,Submerged control room; requires Dive,0,1,1,,,,,,,
scanner,ruby-sapphire,ruby,overworld,visible,abandoned-ship,Requires Dive,0,0,1,,,,,,,
scanner,ruby-sapphire,sapphire,overworld,visible,abandoned-ship,Requires Dive,0,0,1,,,,,,,
scarlet-book,scarlet-violet,scarlet,story,,area-zero,"Research Station No. 2, received from Arven",0,0,1,,,,,,,
scarlet-book,scarlet-violet,scarlet,exchange,,crystal-pool,"Professor Sada, after catching Terapagos, in exchange for Briar's Book",0,0,1,,,,,,After catching Terapagos (The Indigo Disk),
sceptilite,omega-ruby-alpha-sapphire,alpha-sapphire,overworld,visible,hoenn-route-120,If the player's first partner Pokémon was Treecko,0,0,1,,,,,,,
sceptilite,omega-ruby-alpha-sapphire,alpha-sapphire,overworld,visible,hoenn-route-114,After defeating or capturing Kyogre,0,0,1,,,,,,If the player's first partner Pokémon was not Treecko,
sceptilite,sun-moon,moon,event,,,,0,0,1,,,,,,,
sceptilite,omega-ruby-alpha-sapphire,omega-ruby,overworld,visible,hoenn-route-120,If the player's first partner Pokémon was Treecko,0,0,1,,,,,,,
sceptilite,omega-ruby-alpha-sapphire,omega-ruby,overworld,visible,hoenn-route-114,After defeating or capturing Groudon,0,0,1,,,,,,If the player's first partner Pokémon was not Treecko,
sceptilite,sun-moon,sun,event,,,,0,0,1,,,,,,,
sceptilite,ultra-sun-ultra-moon,ultra-moon,exchange,,battle-tree,,1,0,1,,,64,battle-point,,,
sceptilite,ultra-sun-ultra-moon,ultra-sun,exchange,,battle-tree,,1,0,1,,,64,battle-point,,,
scizorite,omega-ruby-alpha-sapphire,alpha-sapphire,overworld,visible,petalburg-woods,After defeating or capturing Kyogre,0,0,1,,,,,,After defeating or capturing Kyogre,
scizorite,sun-moon,moon,exchange,,battle-tree,Battle Tree,1,0,1,,,64,battle-point,,,
scizorite,omega-ruby-alpha-sapphire,omega-ruby,overworld,visible,petalburg-woods,After defeating or capturing Groudon,0,0,1,,,,,,After defeating or capturing Groudon,
scizorite,sun-moon,sun,exchange,,battle-tree,Battle Tree,1,0,1,,,64,battle-point,,,
scizorite,ultra-sun-ultra-moon,ultra-moon,exchange,,battle-tree,Battle Tree,1,0,1,,,64,battle-point,,,
scizorite,ultra-sun-ultra-moon,ultra-sun,exchange,,battle-tree,Battle Tree,1,0,1,,,64,battle-point,,,
scizorite,x-y,x,overworld,visible,frost-cavern,Requires an upgraded Mega Ring,0,0,1,,,,,,After obtaining an upgraded Mega Ring,
scizorite,x-y,y,overworld,visible,frost-cavern,Requires an upgraded Mega Ring,0,0,1,,,,,,After obtaining an upgraded Mega Ring,
scope-lens,scarlet-violet,scarlet,shop,vendor,levincia,Delibird Presents (Levincia Branch),1,0,1,,,15000,poke-dollar,,,
scope-lens,sword-shield,sword,overworld,visible,galar-route-09,,0,0,1,,,,,,,
scroll-of-darkness,scarlet-violet,scarlet,auction,,porto-marinada,Porto Marinada auction,0,0,1,,,,,,If the player owns a Kubfu,
scroll-of-darkness,scarlet-violet,violet,auction,,porto-marinada,Porto Marinada auction,0,0,1,,,,,,If the player owns a Kubfu,
scroll-of-waters,scarlet-violet,scarlet,auction,,porto-marinada,Porto Marinada auction,1,0,1,,,,,,If the player owns a Kubfu,
scroll-of-waters,scarlet-violet,violet,auction,,porto-marinada,Porto Marinada auction,1,0,1,,,,,,If the player owns a Kubfu,
secret-key,red-blue,blue,overworld,visible,pokemon-mansion-kanto,B1F,0,0,1,,,,,,,
secret-key,firered-leafgreen,firered,overworld,visible,pokemon-mansion-kanto,B1F,0,0,1,,,,,,,
secret-key,firered-leafgreen,leafgreen,overworld,visible,pokemon-mansion-kanto,B1F,0,0,1,,,,,,,
secret-key,lets-go-pikachu-lets-go-eevee,lets-go-eevee,overworld,visible,pokemon-mansion-kanto,B1F,0,0,1,,,,,,,
secret-key,lets-go-pikachu-lets-go-eevee,lets-go-pikachu,overworld,visible,pokemon-mansion-kanto,B1F,0,0,1,,,,,,,
secret-key,red-blue,red,overworld,visible,pokemon-mansion-kanto,B1F,0,0,1,,,,,,,
secret-key,yellow,yellow,overworld,visible,pokemon-mansion-kanto,B1F,0,0,1,,,,,,,
secret-key-sinnoh,brilliant-diamond-shining-pearl,brilliant-diamond,story,,old-chateau,Automatically obtained after catching Rotom,0,0,1,,,,,,After catching Rotom,
secret-key-sinnoh,brilliant-diamond-shining-pearl,shining-pearl,story,,old-chateau,Automatically obtained after catching Rotom,0,0,1,,,,,,After catching Rotom,
secret-medicine,brilliant-diamond-shining-pearl,brilliant-diamond,npc-gift,,valor-lakefront,From Cynthia after defeating the Team Galactic Grunt from Pastoria City,0,0,1,,,,,,After defeating the Team Galactic Grunt,
secret-medicine,crystal,crystal,npc-gift,,cianwood-city,"Pharmacy, after speaking with Jasmine at the Olivine Lighthouse",0,0,1,,,,,,After speaking with Jasmine at the Olivine Lighthouse,
secret-medicine,diamond-pearl,diamond,npc-gift,,valor-lakefront,From Cynthia after defeating the Galactic Grunt from Pastoria City,0,0,1,,,,,,After defeating the Galactic Grunt,
secret-medicine,gold-silver,gold,npc-gift,,cianwood-city,"Pharmacy, after speaking with Jasmine at the Olivine Lighthouse",0,0,1,,,,,,After speaking with Jasmine at the Olivine Lighthouse,
secret-medicine,diamond-pearl,pearl,npc-gift,,valor-lakefront,From Cynthia after defeating the Galactic Grunt from Pastoria City,0,0,1,,,,,,After defeating the Galactic Grunt,
secret-medicine,platinum,platinum,npc-gift,,valor-lakefront,From Cynthia after defeating the Galactic Grunt from Pastoria City,0,0,1,,,,,,After defeating the Galactic Grunt,
secret-medicine,brilliant-diamond-shining-pearl,shining-pearl,npc-gift,,valor-lakefront,From Cynthia after defeating the Team Galactic Grunt from Pastoria City,0,0,1,,,,,,After defeating the Team Galactic Grunt,
secret-medicine,gold-silver,silver,npc-gift,,cianwood-city,"Pharmacy, after speaking with Jasmine at the Olivine Lighthouse",0,0,1,,,,,,After speaking with Jasmine at the Olivine Lighthouse,
serious-mint,brilliant-diamond-shining-pearl,brilliant-diamond,exchange,,battle-park-sinnoh,Battle Park,1,0,1,,,50,battle-point,,,
serious-mint,scarlet-violet,scarlet,shop,vendor,,Chansey Supply,1,0,1,,,20000,poke-dollar,,After earning 6 Gym Badges,
serious-mint,sword-shield,shield,exchange,,battle-tower-galar,Battle Tower,1,0,1,,,50,battle-point,,,
serious-mint,sword-shield,sword,exchange,,battle-tower-galar,Battle Tower,1,0,1,,,50,battle-point,,,
serious-mint,sword-shield,sword,overworld,recurring,soothing-wetlands,Hidden recurring item,1,1,1,,,,,,The Isle of Armor,
serious-mint,sword-shield,sword,overworld,recurring,giants-bed,Hidden recurring item,1,1,1,,,,,,The Crown Tundra,
shaderoot-carrot,sword-shield,shield,harvest,,old-cemetery,Plant Carrot Seeds in the area's crop plots,0,0,1,,,,,,,
shaderoot-carrot,sword-shield,sword,harvest,,old-cemetery,Plant Carrot Seeds in the area's crop plots,0,0,1,,,,,,,
shadow-mail,emerald,emerald,shop,poke-mart,sootopolis-city,Poké Mart,1,0,1,,,50,poke-dollar,,,
shadow-mail,emerald,emerald,overworld,visible,trick-house,,0,0,1,,,,,,,
shadow-mail,firered-leafgreen,firered,exchange,,,"Trade from Ruby, Sapphire, or Emerald",1,0,1,,,,,,,
shadow-mail,firered-leafgreen,leafgreen,exchange,,,"Trade from Ruby, Sapphire, or Emerald",1,0,1,,,,,,,
shadow-mail,ruby-sapphire,ruby,shop,poke-mart,sootopolis-city,Poké Mart,1,0,1,,,50,poke-dollar,,,
shadow-mail,ruby-sapphire,ruby,overworld,visible,trick-house,,0,0,1,,,,,,,
shadow-mail,ruby-sapphire,sapphire,shop,poke-mart,sootopolis-city,Poké Mart,1,0,1,,,50,poke-dollar,,,
shadow-mail,ruby-sapphire,sapphire,overworld,visible,trick-house,,0,0,1,,,,,,,
shalour-sable,omega-ruby-alpha-sapphire,alpha-sapphire,overworld,visible,trick-house,,0,0,1,,,,,,,
shalour-sable,lets-go-pikachu-lets-go-eevee,lets-go-eevee,overworld,visible,ss-anne,,0,0,1,,,,,,,
shalour-sable,lets-go-pikachu-lets-go-eevee,lets-go-pikachu,overworld,visible,ss-anne,,0,0,1,,,,,,,
shalour-sable,sun-moon,moon,npc-gift,,,Pokémon Center Café,1,0,0,,,,,,,
shalour-sable,omega-ruby-alpha-sapphire,omega-ruby,overworld,visible,trick-house,,0,0,1,,,,,,,
shalour-sable,sword-shield,shield,npc-gift,,,,1,0,0,,,,,,,
shalour-sable,sun-moon,sun,npc-gift,,,Pokémon Center Café,1,0,0,,,,,,,
shalour-sable,sword-shield,sword,npc-gift,,,,1,0,0,,,,,,,
shalour-sable,ultra-sun-ultra-moon,ultra-moon,npc-gift,,festival-plaza,General Store,1,0,0,,,,,,,
shalour-sable,ultra-sun-ultra-moon,ultra-sun,npc-gift,,festival-plaza,General Store,1,0,0,,,,,,,
shalour-sable,x-y,x,exchange,,,Trade,1,0,1,,,,,,,
shalour-sable,x-y,y,exchange,,,Trade,1,0,1,,,,,,,
sharpedonite,omega-ruby-alpha-sapphire,alpha-sapphire,npc-gift,,team-aqua-hideout,From Archie during the Delta Episode,0,0,1,,,,,,During the Delta Episode,
sharpedonite,sun-moon,moon,exchange,,battle-tree,Battle Tree,1,0,1,,,64,battle-point,,,
sharpedonite,omega-ruby-alpha-sapphire,omega-ruby,npc-gift,,battle-resort,From Team Aqua during the first visit,0,0,1,,,,,,,
sharpedonite,sun-moon,sun,exchange,,battle-tree,Battle Tree,1,0,1,,,64,battle-point,,,
sharpedonite,ultra-sun-ultra-moon,ultra-moon,exchange,,battle-tree,Battle Tree,1,0,1,,,64,battle-point,,,
sharpedonite,ultra-sun-ultra-moon,ultra-sun,exchange,,battle-tree,Battle Tree,1,0,1,,,64,battle-point,,,
shed-shell,diamond-pearl,diamond,overworld,visible,route-228-sinnoh,,0,0,1,,,,,,,
shed-shell,heartgold-soulsilver,heartgold,contest,,,Bug-Catching Contest consolation prize,1,0,0,,,,,,,
shed-shell,platinum,platinum,overworld,visible,route-228-sinnoh,,0,0,1,,,,,,,
shed-shell,scarlet-violet,scarlet,shop,specialty-shop,cascarrafa,Delibird Presents (Cascarrafa Branch),1,0,1,,,20000,poke-dollar,,After earning 4 Gym Badges,
shed-shell,sword-shield,sword,overworld,visible,galar-route-05,,0,0,1,,,,,,,
shed-shell,sword-shield,sword,overworld,hidden,dappled-grove,Hidden recurring item,1,1,1,,,,,,,
shiny-charm,omega-ruby-alpha-sapphire,alpha-sapphire,npc-gift,,littleroot-town,Professor Birch,0,0,1,,,,,,After completing the National Pokédex excluding Mythical Pokémon,
shiny-charm,black-2-white-2,black-2,npc-gift,,juniper-pokemon-lab,Professor Juniper,0,0,1,,,,,,After completing the National Pokédex excluding Mythical Pokémon and having it evaluated by Cedric Juniper,
shiny-charm,sun-moon,moon,npc-gift,,heahea-city,Game director,0,0,1,,,,,,After completing the Alola Pokédex excluding Mythical Pokémon,
shiny-charm,omega-ruby-alpha-sapphire,omega-ruby,npc-gift,,littleroot-town,Professor Birch,0,0,1,,,,,,After completing the National Pokédex excluding Mythical Pokémon,
shiny-charm,scarlet-violet,scarlet,npc-gift,,naranja-academy,Jacq,0,0,1,,,,,,After completing the Paldea Pokédex,
shiny-charm,sword-shield,shield,npc-gift,,circhester,Game Freak director,0,0,1,,,,,,After completing the mainland Galar Pokédex,
shiny-charm,sun-moon,sun,npc-gift,,heahea-city,Game director,0,0,1,,,,,,After completing the Alola Pokédex excluding Mythical Pokémon,
shiny-charm,sword-shield,sword,npc-gift,,circhester,Game Freak director,0,0,1,,,,,,After completing the mainland Galar Pokédex,
shiny-charm,scarlet-violet,violet,npc-gift,,uva-academy,Jacq,0,0,1,,,,,,After completing the Paldea Pokédex,
shiny-charm,black-2-white-2,white-2,npc-gift,,juniper-pokemon-lab,Professor Juniper,0,0,1,,,,,,After completing the National Pokédex excluding Mythical Pokémon and having it evaluated by Cedric Juniper,
shiny-charm,x-y,x,npc-gift,,pokemon-research-lab-kalos,Professor Sycamore,0,0,1,,,,,,After completing the National Pokédex excluding Mythical Pokémon,
shiny-charm,x-y,y,npc-gift,,pokemon-research-lab-kalos,Professor Sycamore,0,0,1,,,,,,After completing the National Pokédex excluding Mythical Pokémon,
shoal-salt,omega-ruby-alpha-sapphire,omega-ruby,overworld,recurring,shoal-cave,Low tide,1,0,1,4,,,,,,
shoal-salt,ruby-sapphire,ruby,overworld,recurring,shoal-cave,Low tide,1,0,1,4,,,,,,
shoal-shell,omega-ruby-alpha-sapphire,alpha-sapphire,overworld,recurring,shoal-cave,High tide,1,0,1,4,,,,,,
shoal-shell,black-white,black,npc-gift,,unova-route-13,Treasure hunter,1,0,1,,,,,,,
shoal-shell,black-2-white-2,black-2,overworld,recurring,unova-route-17,Reappears occasionally,1,0,0,,,,,,,
shoal-shell,emerald,emerald,overworld,recurring,shoal-cave,High tide,1,0,1,4,,,,,,
shoal-shell,omega-ruby-alpha-sapphire,omega-ruby,overworld,recurring,shoal-cave,High tide,1,0,1,4,,,,,,
shoal-shell,ruby-sapphire,ruby,overworld,recurring,shoal-cave,High tide,1,0,1,4,,,,,,
shoal-shell,ruby-sapphire,sapphire,overworld,recurring,shoal-cave,High tide,1,0,1,4,,,,,,
shoal-shell,black-white,white,npc-gift,,unova-route-13,Treasure hunter,1,0,1,,,,,,,
shoal-shell,black-2-white-2,white-2,overworld,recurring,unova-route-17,Reappears occasionally,1,0,0,,,,,,,
shock-drive,omega-ruby-alpha-sapphire,alpha-sapphire,npc-gift,,mauville-city,Street Thug (show Genesect),0,0,1,,,,,,,
shock-drive,black-white,black,npc-gift,,p2-laboratory,Scientist Dudley (show Genesect),0,0,1,,,,,,,
shock-drive,black-2-white-2,black-2,npc-gift,,p2-laboratory,Scientist Dudley (show Genesect),0,0,1,,,,,,,
shock-drive,sun-moon,moon,npc-gift,,alola-route-08,Colress,0,0,1,,,,,,After becoming Champion,
shock-drive,omega-ruby-alpha-sapphire,omega-ruby,npc-gift,,mauville-city,Street Thug (show Genesect),0,0,1,,,,,,,
shock-drive,sword-shield,shield,shop,bargain-shop,stow-on-side,Bargain shop keeper,0,0,1,,,,,,If the player owns a Genesect,
shock-drive,sun-moon,sun,npc-gift,,alola-route-08,Colress,0,0,1,,,,,,After becoming Champion,
shock-drive,sword-shield,sword,shop,bargain-shop,stow-on-side,Bargain shop keeper,0,0,1,,,,,,If the player owns a Genesect,
shock-drive,ultra-sun-ultra-moon,ultra-moon,npc-gift,,alola-route-08,Colress,0,0,1,,,,,,After becoming Champion,
shock-drive,ultra-sun-ultra-moon,ultra-sun,npc-gift,,alola-route-08,Colress,0,0,1,,,,,,After becoming Champion,
shock-drive,black-white,white,npc-gift,,p2-laboratory,Scientist Dudley (show Genesect),0,0,1,,,,,,,
shock-drive,black-2-white-2,white-2,npc-gift,,p2-laboratory,Scientist Dudley (show Genesect),0,0,1,,,,,,,
shock-drive,x-y,x,npc-gift,,ambrette-town,Fossil Lab Hiker (show Genesect),0,0,1,,,,,,,
shock-drive,x-y,y,npc-gift,,ambrette-town,Fossil Lab Hiker (show Genesect),0,0,1,,,,,,,
shuca-berry,diamond-pearl,diamond,overworld,,,,1,0,0,,,,,,,"Various methods including Battle Frontier, Pastoria City, and held by wild Ponyta (5%)"
silk-scarf,diamond-pearl,diamond,exchange,coins,veilstone-city,Veilstone Game Corner,1,0,1,,,1000,coin,,,
silk-scarf,ruby-sapphire,ruby,overworld,visible,dewford-town,,0,0,1,,,,,,,
silph-scope,red-blue,blue,npc-defeat,,team-rocket-hideout,Dropped by Giovanni after defeating him,0,0,1,,,,,,,
silph-scope,firered-leafgreen,firered,npc-defeat,,team-rocket-hideout,Dropped by Giovanni after defeating him,0,0,1,,,,,,,
silph-scope,firered-leafgreen,leafgreen,npc-defeat,,team-rocket-hideout,Dropped by Giovanni after defeating him,0,0,1,,,,,,,
silph-scope,lets-go-pikachu-lets-go-eevee,lets-go-eevee,npc-gift,,team-rocket-hideout,Given by Giovanni after defeating him,0,0,1,,,,,,,
silph-scope,lets-go-pikachu-lets-go-eevee,lets-go-pikachu,npc-gift,,team-rocket-hideout,Given by Giovanni after defeating him,0,0,1,,,,,,,
silph-scope,red-blue,red,npc-defeat,,team-rocket-hideout,Dropped by Giovanni after defeating him,0,0,1,,,,,,,
silph-scope,yellow,yellow,npc-defeat,,team-rocket-hideout,Dropped by Giovanni after defeating him,0,0,1,,,,,,,
silver-bottle,scarlet-violet,scarlet,shop,specialty-shop,levincia,Picnic-Knacks (Levincia Branch),1,0,1,,,20000,poke-dollar,,,
silver-bottle,scarlet-violet,violet,shop,specialty-shop,levincia,Picnic-Knacks (Levincia Branch),1,0,1,,,20000,poke-dollar,,,
silver-cup,scarlet-violet,scarlet,shop,specialty-shop,levincia,Picnic-Knacks (Levincia Branch),1,0,1,,,10000,poke-dollar,,,
silver-cup,scarlet-violet,violet,shop,specialty-shop,levincia,Picnic-Knacks (Levincia Branch),1,0,1,,,10000,poke-dollar,,,
silver-feather,crystal,crystal,npc-gift,,pewter-city,Old man near the exit to Route 3,0,0,1,,,,,,,
silver-feather,gold-silver,gold,npc-gift,,pewter-city,Old man near the exit to Route 3,0,0,1,,,,,,,
silver-feather,heartgold-soulsilver,heartgold,npc-gift,,pewter-city,Old man near the exit to Route 3,0,0,1,,,,,,,
silver-feather,gold-silver,silver,npc-gift,,goldenrod-city,Goldenrod Radio Tower Director,0,0,1,,,,,,After defeating Team Rocket,
silver-feather,heartgold-soulsilver,soulsilver,npc-gift,,goldenrod-city,Goldenrod Radio Tower Director,0,0,1,,,,,,After defeating Team Rocket,
silver-leaf,crystal,crystal,wild-pokemon,held,,"Held by wild Tentacruel, Rapidash, Magneton, Kingler, Electrode, Weezing, and Seaking",1,0,0,,,,,,,Pokémon originating from Generation I
silver-leaf,gold-silver,gold,wild-pokemon,held,,"Held by wild Tentacruel, Rapidash, Magneton, Kingler, Electrode, Weezing, and Seaking",1,0,0,,,,,,,Pokémon originating from Generation I
silver-leaf,lets-go-pikachu-lets-go-eevee,lets-go-eevee,npc-gift,,,Partner Eevee,1,0,1,,,,,,,
silver-leaf,lets-go-pikachu-lets-go-eevee,lets-go-pikachu,npc-gift,,,Partner Pikachu,1,0,1,,,,,,,
silver-leaf,gold-silver,silver,wild-pokemon,held,,"Held by wild Tentacruel, Rapidash, Magneton, Kingler, Electrode, Weezing, and Seaking",1,0,0,,,,,,,Pokémon originating from Generation I
silver-nanab-berry,lets-go-pikachu-lets-go-eevee,lets-go-eevee,overworld,recurring,silph-co,Hidden recurring item,1,1,1,,,,,,,
silver-nanab-berry,lets-go-pikachu-lets-go-eevee,lets-go-pikachu,overworld,recurring,route-17-kanto,Hidden recurring item,1,1,1,,,,,,,
silver-nanab-berry,lets-go-pikachu-lets-go-eevee,lets-go-pikachu,overworld,recurring,silph-co,Hidden recurring item,1,1,1,,,,,,,
silver-nanab-berry,lets-go-pikachu-lets-go-eevee,lets-go-pikachu,overworld,recurring,route-13-kanto,Hidden recurring item,1,1,1,,,,,,,
silver-nanab-berry,lets-go-pikachu-lets-go-eevee,lets-go-pikachu,walking-pokemon,,route-07-kanto,,1,0,0,,,,,,,
silver-nanab-berry,lets-go-pikachu-lets-go-eevee,lets-go-pikachu,walking-pokemon,,route-14-kanto,,1,0,0,,,,,,,
silver-nanab-berry,lets-go-pikachu-lets-go-eevee,lets-go-pikachu,walking-pokemon,,route-17-kanto,,1,0,0,,,,,,,
silver-nanab-berry,lets-go-pikachu-lets-go-eevee,lets-go-pikachu,achievement,,,Capture reward,1,0,0,,,,,,,
silver-pick,scarlet-violet,scarlet,shop,specialty-shop,,Peachy's,1,0,1,,,40,poke-dollar,,The Teal Mask,
silver-pick,scarlet-violet,scarlet,vending-machine,,terarium,Vending machines,1,0,1,,,40,poke-dollar,,The Indigo Disk,
silver-pick,scarlet-violet,scarlet,shop,specialty-shop,,Artisan Bakery,1,0,1,,,40,poke-dollar,,,
silver-pick,scarlet-violet,violet,vending-machine,,terarium,Vending machines,1,0,1,,,40,poke-dollar,,The Indigo Disk,
silver-pick,scarlet-violet,violet,shop,specialty-shop,,Artisan Bakery,1,0,1,,,40,poke-dollar,,,
silver-pick,scarlet-violet,violet,shop,specialty-shop,,Peachy's,1,0,1,,,40,poke-dollar,,The Teal Mask,
silver-pinap-berry,lets-go-pikachu-lets-go-eevee,lets-go-eevee,overworld,visible,route-05-kanto,,0,0,1,,,,,,,
silver-pinap-berry,lets-go-pikachu-lets-go-eevee,lets-go-eevee,overworld,visible,route-17-kanto,,0,0,1,,,,,,,
silver-pinap-berry,lets-go-pikachu-lets-go-eevee,lets-go-pikachu,overworld,visible,route-05-kanto,,0,0,1,,,,,,,
silver-pinap-berry,lets-go-pikachu-lets-go-eevee,lets-go-pikachu,overworld,visible,route-17-kanto,,0,0,1,,,,,,,
silver-razz-berry,lets-go-pikachu-lets-go-eevee,lets-go-eevee,overworld,visible,route-18-kanto,,0,0,1,3,,,,,,
silver-razz-berry,lets-go-pikachu-lets-go-eevee,lets-go-pikachu,overworld,visible,route-18-kanto,,0,0,1,3,,,,,,
simple-chairs,scarlet-violet,scarlet,overworld,visible,revelers-road,,0,0,1,,,,,,,Available in The Teal Mask area
simple-chairs,scarlet-violet,violet,overworld,visible,revelers-road,,0,0,1,,,,,,,Available in The Teal Mask area
skull-fossil,diamond-pearl,diamond,mining,,underground,Underground,1,0,0,,,,,,,
skull-fossil,platinum,platinum,mining,,underground,Underground (odd Trainer ID),1,0,0,,,,,,If the last digit of the Trainer ID is odd,
skull-fossil,ultra-sun-ultra-moon,ultra-sun,npc-gift,,konikoni-city,Olivia's jewelry shop,0,0,1,,,,,,,
skull-fossil,x-y,x,field-move,rock-smash,glittering-cave,,1,0,0,,,,,,After entering the Hall of Fame,
sky-plate,black-white,black,overworld,visible,abyssal-ruins,,0,0,1,,,,,,,
sky-plate,brilliant-diamond-shining-pearl,brilliant-diamond,overworld,visible,pokemon-league-sinnoh,,0,0,1,,,,,,,
sky-plate,diamond-pearl,diamond,story,,pokemon-league-sinnoh,,0,0,1,,,,,,,
sky-plate,heartgold-soulsilver,heartgold,npc-gift,,ss-aqua,Captain,0,0,1,,,,,,After obtaining all 16 Gym Badges,
sky-plate,omega-ruby-alpha-sapphire,omega-ruby,overworld,hidden,hoenn-route-124,Underwater,0,1,1,,,,,,,
sky-plate,platinum,platinum,mining,,underground,,0,0,0,,,,,,,
sky-plate,scarlet-violet,scarlet,auction,,porto-marinada,Auction house,0,0,1,,,,,,If the player owns an Arceus,
sky-plate,sun-moon,sun,shop,specialty-shop,hauoli-city,Hau'oli City Mall – Antiquities of the Ages,0,0,1,,,10000,poke-dollar,,,
sky-plate,x-y,x,overworld,visible,coumarine-city,,0,0,1,,,,,,,
slowbronite,omega-ruby-alpha-sapphire,alpha-sapphire,overworld,visible,shoal-cave,After making a Shell Bell for the first time,0,0,1,,,,,,,
slowbronite,lets-go-pikachu-lets-go-eevee,lets-go-eevee,overworld,visible,indigo-plateau,,0,0,1,,,,,,,
slowbronite,lets-go-pikachu-lets-go-eevee,lets-go-pikachu,overworld,visible,indigo-plateau,,0,0,1,,,,,,,
slowbronite,sun-moon,moon,exchange,,battle-tree,,1,0,1,,,64,battle-point,,,
slowbronite,omega-ruby-alpha-sapphire,omega-ruby,overworld,visible,shoal-cave,After making a Shell Bell for the first time,0,0,1,,,,,,,
slowbronite,sun-moon,sun,exchange,,battle-tree,,1,0,1,,,64,battle-point,,,
slowpoke-cup,scarlet-violet,scarlet,npc-gift,,naranja-academy,Saguaro,0,0,1,,,,,,After giving Saguaro a Sweet Herba Mystica in the postgame,
slowpoke-cup,scarlet-violet,violet,npc-gift,,uva-academy,Saguaro,0,0,1,,,,,,After giving Saguaro a Sweet Herba Mystica in the postgame,
slowpoke-tail,crystal,crystal,shop,specialty-shop,mahogany-town,Just a Souvenir Shop (before exposing Team Rocket),1,0,1,,,9800,poke-dollar,,Before exposing Team Rocket,
slowpoke-tail,gold-silver,gold,shop,specialty-shop,mahogany-town,Just a Souvenir Shop (before exposing Team Rocket),1,0,1,,,9800,poke-dollar,,Before exposing Team Rocket,
slowpoke-tail,gold-silver,silver,shop,specialty-shop,mahogany-town,Just a Souvenir Shop (before exposing Team Rocket),1,0,1,,,9800,poke-dollar,,Before exposing Team Rocket,
small-bouquet,lets-go-pikachu-lets-go-eevee,lets-go-eevee,npc-gift,,,Gift from partner Eevee after entering the Hall of Fame,0,0,1,,,,,,After entering the Hall of Fame,
small-bouquet,lets-go-pikachu-lets-go-eevee,lets-go-pikachu,npc-gift,,,Gift from partner Pikachu after entering the Hall of Fame,0,0,1,,,,,,After entering the Hall of Fame,
smart-candy,lets-go-pikachu-lets-go-eevee,lets-go-eevee,overworld,hidden,,"Rocket Game Corner, Pokémon Mansion, Victory Road",1,1,1,,,,,,,Hidden recurring item locations
smart-candy,lets-go-pikachu-lets-go-eevee,lets-go-pikachu,overworld,hidden,,"Rocket Game Corner, Pokémon Mansion, Victory Road",1,1,1,,,,,,,Hidden recurring item locations
smart-candy-l,lets-go-pikachu-lets-go-eevee,lets-go-eevee,transfer,,,Catch or transfer certain Pokémon,1,0,1,,,,,,,
smart-candy-l,lets-go-pikachu-lets-go-eevee,lets-go-eevee,overworld,hidden,celadon-game-corner,Hidden recurring item,1,1,1,,,,,,,Recurring hidden item
smart-candy-l,lets-go-pikachu-lets-go-eevee,lets-go-eevee,walking-pokemon,,,Poké Ball Plus,1,0,0,,,,,,,
smart-candy-l,lets-go-pikachu-lets-go-eevee,lets-go-pikachu,walking-pokemon,,,Poké Ball Plus,1,0,0,,,,,,,
smart-candy-l,lets-go-pikachu-lets-go-eevee,lets-go-pikachu,transfer,,,Catch or transfer certain Pokémon,1,0,1,,,,,,,
smart-candy-l,lets-go-pikachu-lets-go-eevee,lets-go-pikachu,overworld,hidden,celadon-game-corner,Hidden recurring item,1,1,1,,,,,,,Recurring hidden item
smart-candy-xl,lets-go-pikachu-lets-go-eevee,lets-go-eevee,wild-pokemon,,,Obtained by catching or transferring certain Pokémon,1,0,0,,,,,,,"Includes Bulbasaur, Ivysaur, Venusaur, Charmeleon, Charizard, Butterfree, Oddish, Gloom, Vileplume, Venomoth, Psyduck, Golduck, Abra, Kadabra, Alakazam, Magnemite, Magneton, Gastly, Haunter, Gengar, Exeggutor, Horsea, Seadra, Jynx, Magmar, Porygon, Zapdos, Moltres, or Mewtwo"
smart-candy-xl,lets-go-pikachu-lets-go-eevee,lets-go-eevee,transfer,,,Poké Ball Plus,1,0,0,,,,,,,
smart-candy-xl,lets-go-pikachu-lets-go-eevee,lets-go-eevee,overworld,recurring,celadon-game-corner,Hidden recurring item,1,1,1,,,,,,,
smart-candy-xl,lets-go-pikachu-lets-go-eevee,lets-go-pikachu,transfer,,,Poké Ball Plus,1,0,0,,,,,,,
smart-candy-xl,lets-go-pikachu-lets-go-eevee,lets-go-pikachu,wild-pokemon,,,Obtained by catching or transferring certain Pokémon,1,0,0,,,,,,,"Includes Bulbasaur, Ivysaur, Venusaur, Charmeleon, Charizard, Butterfree, Oddish, Gloom, Vileplume, Venomoth, Psyduck, Golduck, Abra, Kadabra, Alakazam, Magnemite, Magneton, Gastly, Haunter, Gengar, Exeggutor, Horsea, Seadra, Jynx, Magmar, Porygon, Zapdos, Moltres, or Mewtwo"
smart-candy-xl,lets-go-pikachu-lets-go-eevee,lets-go-pikachu,overworld,recurring,celadon-game-corner,Hidden recurring item,1,1,1,,,,,,,
smiling-vee-pick,scarlet-violet,scarlet,shop,vendor,,Artisan Bakery,1,0,1,,,1200,poke-dollar,,,
smiling-vee-pick,scarlet-violet,scarlet,npc-defeat,,league-club-room,Reward for defeating Penny,0,0,1,20,,,,,The Indigo Disk,
smiling-vee-pick,scarlet-violet,violet,npc-defeat,,league-club-room,Reward for defeating Penny,0,0,1,20,,,,,The Indigo Disk,
smiling-vee-pick,scarlet-violet,violet,shop,vendor,,Artisan Bakery,1,0,1,,,1200,poke-dollar,,,
smoke-poke-tail,sword-shield,shield,npc-gift,,east-lake-axewell,Camping King,0,0,1,,,,,,,
smoke-poke-tail,sword-shield,shield,shop,vendor,hammerlocke-hills,Ingredients Seller,1,0,1,,,2200,poke-dollar,,,
smoke-poke-tail,sword-shield,shield,shop,vendor,fields-of-honor,Ingredients Seller,1,0,1,,,2200,poke-dollar,,,
smoke-poke-tail,sword-shield,sword,npc-gift,,east-lake-axewell,Camping King,0,0,1,,,,,,,
smoke-poke-tail,sword-shield,sword,shop,vendor,hammerlocke-hills,Ingredients Seller,1,0,1,,,2200,poke-dollar,,,
smoke-poke-tail,sword-shield,sword,shop,vendor,fields-of-honor,Ingredients Seller,1,0,1,,,2200,poke-dollar,,,
smoked-fillet,scarlet-violet,scarlet,vending-machine,,terarium,Vending machines,1,0,1,,,,,,The Indigo Disk,
smoked-fillet,scarlet-violet,scarlet,shop,specialty-shop,,Deli Cioso,1,0,1,,,330,poke-dollar,,After earning 2 Gym Badges,
smoked-fillet,scarlet-violet,violet,shop,specialty-shop,,Deli Cioso,1,0,1,,,330,poke-dollar,,After earning 2 Gym Badges,
smoked-fillet,scarlet-violet,violet,vending-machine,,terarium,Vending machines,1,0,1,,,,,,The Indigo Disk,
snorlium-z--held,sun-moon,moon,event,,,Bundled with the Snorlium Z Munchlax,0,0,1,,,,,,,
snorlium-z--held,sun-moon,sun,event,,,Bundled with the Snorlium Z Munchlax,0,0,1,,,,,,,
snorlium-z--held,ultra-sun-ultra-moon,ultra-moon,npc-gift,,tide-song-hotel,Man at Tide Song Hotel,0,0,1,,,,,,Requires a Snorlax in the party,
snorlium-z--held,ultra-sun-ultra-moon,ultra-sun,npc-gift,,tide-song-hotel,Man at Tide Song Hotel,0,0,1,,,,,,Requires a Snorlax in the party,
snow-mail,diamond-pearl,diamond,shop,poke-mart,snowpoint-city,Poké Mart,1,0,1,,,50,poke-dollar,,,
snow-mail,heartgold-soulsilver,heartgold,shop,poke-mart,lavender-town,Poké Mart,1,0,1,,,50,poke-dollar,,,
snow-mail,diamond-pearl,pearl,shop,poke-mart,snowpoint-city,Poké Mart,1,0,1,,,50,poke-dollar,,,
snow-mail,platinum,platinum,shop,poke-mart,snowpoint-city,Poké Mart,1,0,1,,,50,poke-dollar,,,
snow-mail,heartgold-soulsilver,soulsilver,shop,poke-mart,lavender-town,Poké Mart,1,0,1,,,50,poke-dollar,,,
snowball,x-y,x,overworld,recurring,,Snow piles,1,0,1,,,,,,,
solgaleo-treat,scarlet-violet,scarlet,npc-gift,,blueberry-academy,Entrance (Snacksworth),0,0,1,,,,,,After completing 10 solo Blueberry Quests,
solgaleo-treat,scarlet-violet,violet,npc-gift,,blueberry-academy,Entrance (Snacksworth),0,0,1,,,,,,After completing one group Blueberry Quest,
solganium-z--held,ultra-sun-ultra-moon,ultra-moon,npc-gift,,lake-of-the-moone,After obtaining Cosmog,0,0,1,,,,,,After obtaining Cosmog,
solganium-z--held,ultra-sun-ultra-moon,ultra-sun,npc-gift,,mahalo-trail,From Lillie after catching Nebby/Solgaleo,0,0,1,,,,,,After catching Nebby/Solgaleo,
sonias-book,sword-shield,shield,npc-gift,,slumbering-weald,From Sonia after defeating Hop in the deepest part of the forest,0,0,1,,,,,,After defeating Hop in the Slumbering Weald,
sonias-book,sword-shield,sword,npc-gift,,slumbering-weald,From Sonia after defeating Hop in the deepest part of the forest,0,0,1,,,,,,After defeating Hop in the Slumbering Weald,
soot-sack,omega-ruby-alpha-sapphire,alpha-sapphire,npc-gift,,hoenn-route-113,Glass Workshop (from the boss),0,0,1,,,,,,,
soot-sack,emerald,emerald,npc-gift,,hoenn-route-113,Glass Workshop (from the boss),0,0,1,,,,,,,
soot-sack,omega-ruby-alpha-sapphire,omega-ruby,npc-gift,,hoenn-route-113,Glass Workshop (from the boss),0,0,1,,,,,,,
soot-sack,ruby-sapphire,ruby,npc-gift,,hoenn-route-113,Glass Workshop (from the boss),0,0,1,,,,,,,
soot-sack,ruby-sapphire,sapphire,npc-gift,,hoenn-route-113,Glass Workshop (from the boss),0,0,1,,,,,,,
soul-dew,ruby-sapphire,ruby,wild-pokemon,static,southern-island,Held by Latias (requires Eon Ticket),0,0,1,,,,,,Requires Eon Ticket,
soul-slate,brilliant-diamond-shining-pearl,brilliant-diamond,exchange,,ramanas-park,Ramanas Park vendor,1,0,1,,,,,,"After catching Regirock, Regice, and Registeel",Costs 3 Mysterious Shards S or 1 Mysterious Shard L
soul-slate,brilliant-diamond-shining-pearl,shining-pearl,exchange,,ramanas-park,Ramanas Park vendor,1,0,1,,,,,,"After catching Regirock, Regice, and Registeel",Costs 3 Mysterious Shards S or 1 Mysterious Shard L
sour-herba-mystica,scarlet-violet,scarlet,story,,revelers-road,Reward for showing all 19 tablecloths to a picnicker,0,0,1,2,,,,,The Teal Mask,
sour-herba-mystica,scarlet-violet,scarlet,tera-raid,tera-raid-5star,,Tera Raid Battles,1,0,0,,,,,,,
sour-herba-mystica,scarlet-violet,scarlet,tournament,,league-club-room,Reward for defeating Saguaro,0,0,1,3,,,,,The Indigo Disk,
sour-herba-mystica,scarlet-violet,violet,story,,revelers-road,Reward for showing all 19 tablecloths to a picnicker,0,0,1,2,,,,,The Teal Mask,
sour-herba-mystica,scarlet-violet,violet,tournament,,league-club-room,Reward for defeating Saguaro,0,0,1,3,,,,,The Indigo Disk,
sour-herba-mystica,scarlet-violet,violet,tera-raid,tera-raid-5star,,Tera Raid Battles,1,0,0,,,,,,,
space-mail,diamond-pearl,diamond,shop,department-store,veilstone-city,Veilstone Department Store,1,0,1,,,50,poke-dollar,,,
space-mail,heartgold-soulsilver,heartgold,shop,department-store,celadon-city,Celadon Department Store,1,0,1,,,50,poke-dollar,,,
space-mail,heartgold-soulsilver,heartgold,shop,department-store,goldenrod-city,Goldenrod Department Store,1,0,1,,,50,poke-dollar,,,
space-mail,diamond-pearl,pearl,shop,department-store,veilstone-city,Veilstone Department Store,1,0,1,,,50,poke-dollar,,,
space-mail,platinum,platinum,shop,department-store,veilstone-city,Veilstone Department Store,1,0,1,,,50,poke-dollar,,,
space-mail,heartgold-soulsilver,soulsilver,shop,department-store,goldenrod-city,Goldenrod Department Store,1,0,1,,,50,poke-dollar,,,
space-mail,heartgold-soulsilver,soulsilver,shop,department-store,celadon-city,Celadon Department Store,1,0,1,,,50,poke-dollar,,,
sparkling-stone,sun-moon,moon,story,,mahalo-trail,Plank Bridge; from Lillie after saving Nebby from wild Spearow,0,0,1,,,,,,,
sparkling-stone,sun-moon,sun,story,,mahalo-trail,Plank Bridge; from Lillie after saving Nebby from wild Spearow,0,0,1,,,,,,,
sparkling-stone,ultra-sun-ultra-moon,ultra-moon,story,,mahalo-trail,Plank Bridge; from Lillie after saving Nebby from wild Spearow,0,0,1,,,,,,,
sparkling-stone,ultra-sun-ultra-moon,ultra-sun,story,,mahalo-trail,Plank Bridge; from Lillie after saving Nebby from wild Spearow,0,0,1,,,,,,,
spectrier-treat,scarlet-violet,scarlet,npc-gift,,blueberry-academy,Blueberry Academy entrance (Snacksworth),0,0,1,,,,,,After completing one group Blueberry Quest,
spectrier-treat,scarlet-violet,violet,npc-gift,,blueberry-academy,Blueberry Academy entrance (Snacksworth),0,0,1,,,,,,After completing 10 solo Blueberry Quests,
spice-mix,sword-shield,shield,npc-gift,,,After cooking curry,1,0,0,,,,,,,Possible gift
spice-mix,sword-shield,shield,shop,vendor,rolling-fields,Ingredients Seller,1,0,1,,,400,poke-dollar,,,
spice-mix,sword-shield,sword,shop,vendor,rolling-fields,Ingredients Seller,1,0,1,,,400,poke-dollar,,,
spice-mix,sword-shield,sword,npc-gift,,,After cooking curry,1,0,0,,,,,,,Possible gift
spicy-herba-mystica,scarlet-violet,scarlet,tera-raid,tera-raid-5star,,Tera Raid Battles,1,0,0,,,,,,,Also obtainable from 6★ raids.
spicy-herba-mystica,scarlet-violet,scarlet,event,,,,0,0,1,,,,,,,
spicy-herba-mystica,the-indigo-disk,,trainer-reward,trainer,league-club-room,First battle reward from Kofu after inviting him as a special coach,0,0,1,3,,,,,,
spicy-herba-mystica,the-teal-mask,,story,,revelers-road,Reward for showing all 19 tablecloths to a picnicker,0,0,1,2,,,,,,
spicy-herba-mystica,the-teal-mask,,tournament,,,Ogre Oustin' (Hard difficulty),1,0,0,,,,,,,
spicy-herba-mystica,scarlet-violet,violet,event,,,,0,0,1,,,,,,,
spicy-herba-mystica,scarlet-violet,violet,tera-raid,tera-raid-5star,,Tera Raid Battles,1,0,0,,,,,,,Also obtainable from 6★ raids.
splash-plate,diamond-pearl,diamond,overworld,visible,route-220-sinnoh,,0,0,1,,,,,,,
splash-plate,heartgold-soulsilver,heartgold,npc-gift,,ss-aqua,Captain,0,0,1,,,,,,After obtaining all 16 Gym Badges,
splash-plate,diamond-pearl,pearl,overworld,visible,route-220-sinnoh,,0,0,1,,,,,,,
splash-plate,platinum,platinum,overworld,visible,route-220-sinnoh,,0,0,1,,,,,,,
splash-plate,scarlet-violet,scarlet,auction,,porto-marinada,,1,0,0,,,,,,If the player owns an Arceus,
splash-plate,heartgold-soulsilver,soulsilver,npc-gift,,ss-aqua,Captain,0,0,1,,,,,,After obtaining all 16 Gym Badges,
splash-plate,scarlet-violet,violet,auction,,porto-marinada,,1,0,0,,,,,,If the player owns an Arceus,
spooky-chairs,scarlet-violet,scarlet,npc-gift,,revelers-road,Picnicker,0,0,1,,,,,,If the player owns the Spooky Tablecloth,
spooky-chairs,scarlet-violet,violet,npc-gift,,revelers-road,Picnicker,0,0,1,,,,,,If the player owns the Spooky Tablecloth,
spooky-plate,diamond-pearl,diamond,overworld,visible,amity-square,,0,0,1,,,,,,,
spooky-tablecloth,scarlet-violet,scarlet,shop,specialty-shop,levincia,Picnic-Knacks (Levincia Branch),1,0,1,,,4000,poke-dollar,,,
spooky-tablecloth,scarlet-violet,violet,shop,specialty-shop,levincia,Picnic-Knacks (Levincia Branch),1,0,1,,,4000,poke-dollar,,,
sport-ball,crystal,crystal,contest,,national-park,"Bug-Catching Contest (Tuesday, Thursday, Saturday)",1,0,1,20,,,,,,Only usable during contest; unused balls are returned.
sport-ball,gold-silver,gold,contest,,national-park,"Bug-Catching Contest (Tuesday, Thursday, Saturday)",1,0,1,20,,,,,,Only usable during contest; unused balls are returned.
sport-ball,gold-silver,silver,contest,,national-park,"Bug-Catching Contest (Tuesday, Thursday, Saturday)",1,0,1,20,,,,,,Only usable during contest; unused balls are returned.
sprayduck,brilliant-diamond-shining-pearl,brilliant-diamond,npc-gift,,floaroma-town,Woman in the Pick a Peck of Colors Flower Shop,0,0,1,,,,,,,
sprayduck,diamond-pearl,diamond,npc-gift,,floaroma-town,Woman in the Pick a Peck of Colors Flower Shop,0,0,1,,,,,,,
sprayduck,diamond-pearl,pearl,npc-gift,,floaroma-town,Woman in the Pick a Peck of Colors Flower Shop,0,0,1,,,,,,,
sprayduck,platinum,platinum,npc-gift,,floaroma-town,Woman in the Pick a Peck of Colors Flower Shop,0,0,1,,,,,,,
sprayduck,brilliant-diamond-shining-pearl,shining-pearl,npc-gift,,floaroma-town,Woman in the Pick a Peck of Colors Flower Shop,0,0,1,,,,,,,
sprinklotad,x-y,x,npc-gift,,berry-fields-kalos,Berry grower after agreeing to help him grow Berries,0,0,1,,,,,,,
sprinklotad,x-y,y,npc-gift,,berry-fields-kalos,Berry grower after agreeing to help him grow Berries,0,0,1,,,,,,,
squall-slate,brilliant-diamond-shining-pearl,shining-pearl,exchange,,ramanas-park,,1,0,1,1,,,,,"After catching Articuno, Zapdos, and Moltres",Purchased using Mysterious Shards.
squirt-bottle,crystal,crystal,npc-gift,,goldenrod-city,Flower Shop,0,0,1,,,,,,After defeating Whitney,
squirt-bottle,gold-silver,gold,npc-gift,,goldenrod-city,Flower Shop,0,0,1,,,,,,After defeating Whitney,
squirt-bottle,heartgold-soulsilver,heartgold,npc-gift,,goldenrod-city,Flower Shop,0,0,1,,,,,,After defeating Whitney,
squirt-bottle,gold-silver,silver,npc-gift,,goldenrod-city,Flower Shop,0,0,1,,,,,,After defeating Whitney,
squirt-bottle,heartgold-soulsilver,soulsilver,npc-gift,,goldenrod-city,Flower Shop,0,0,1,,,,,,After defeating Whitney,
ss-ticket,firered-leafgreen,firered,npc-gift,,sea-cottage,"Bill, after restoring him to normal",0,0,1,,,,,,,
ss-ticket,gold-silver,gold,npc-gift,,new-bark-town,"Professor Elm, after entering the Hall of Fame",0,0,1,,,,,,After entering the Hall of Fame,
ss-ticket,heartgold-soulsilver,heartgold,npc-gift,,new-bark-town,"Professor Elm, after entering the Hall of Fame",0,0,1,,,,,,After entering the Hall of Fame,
ss-ticket,lets-go-pikachu-lets-go-eevee,lets-go-pikachu,npc-gift,,sea-cottage,"Bill, after restoring him to normal",0,0,1,,,,,,,
ss-ticket,omega-ruby-alpha-sapphire,omega-ruby,npc-gift,,littleroot-town,"Norman, after completing the Delta Episode",0,0,1,,,,,,After completing the Delta Episode,
ss-ticket,red-blue,red,npc-gift,,sea-cottage,"Bill, after restoring him to normal",0,0,1,,,,,,,
ss-ticket,ruby-sapphire,ruby,npc-gift,,littleroot-town,"Norman, after entering the Hall of Fame",0,0,1,,,,,,After entering the Hall of Fame,
stable-mulch,diamond-pearl,diamond,overworld,recurring,route-208-sinnoh,Berry Master's house,1,0,1,,,,,,,
stable-mulch,heartgold-soulsilver,heartgold,shop,specialty-shop,goldenrod-city,Goldenrod Flower Shop,1,0,1,,,,,,After acquiring the Berry Pots,
stable-mulch,diamond-pearl,pearl,overworld,recurring,route-208-sinnoh,Berry Master's house,1,0,1,,,,,,,
stable-mulch,platinum,platinum,overworld,recurring,route-208-sinnoh,Berry Master's house,1,0,1,,,,,,,
stable-mulch,heartgold-soulsilver,soulsilver,shop,specialty-shop,goldenrod-city,Goldenrod Flower Shop,1,0,1,,,,,,After acquiring the Berry Pots,
star-sweet,scarlet-violet,scarlet,crafting,item-printer,,Item Printer,1,0,1,,,,,,The Indigo Disk,
star-sweet,sword-shield,shield,raid,max-raid,,Dropped by Gigantamax Factor Milcery (Wild Area News event),1,0,0,,,,,,"Wild Area News January 30 – February 16, 2020",
star-sweet,sword-shield,shield,shop,watt-trader,snowslide-slope,Watt Trader (Highlight Item),1,0,1,,,7980,watt,,The Crown Tundra,
star-sweet,sword-shield,shield,crafting,cram-o-matic,,Cram-o-matic (Fairy: 112–120 points),1,0,1,,,,,,The Isle of Armor,
star-sweet,sword-shield,sword,raid,max-raid,,Dropped by Gigantamax Factor Milcery (Wild Area News event),1,0,0,,,,,,"Wild Area News January 30 – February 16, 2020",
star-sweet,sword-shield,sword,crafting,cram-o-matic,,Cram-o-matic (Fairy: 112–120 points),1,0,1,,,,,,The Isle of Armor,
star-sweet,sword-shield,sword,shop,watt-trader,snowslide-slope,Watt Trader (Highlight Item),1,0,1,,,7980,watt,,The Crown Tundra,
star-sweet,scarlet-violet,violet,crafting,item-printer,,Item Printer,1,0,1,,,,,,The Indigo Disk,
starf-berry,emerald,emerald,trainer-reward,trainer,battle-frontier-hoenn,From Scott after obtaining all seven Gold Frontier Symbols,0,0,1,,,,,,After obtaining all seven Gold Frontier Symbols,
starf-berry,sword-shield,sword,tournament,,battle-tower-galar,Every 100 victories starting from 200,1,0,1,,,,,,,
steel-bottle-b,scarlet-violet,scarlet,shop,specialty-shop,mesagoza,Picnic-Knacks (Mesagoza Branch),1,0,1,,,1500,poke-dollar,,,
steel-bottle-b,scarlet-violet,violet,shop,specialty-shop,mesagoza,Picnic-Knacks (Mesagoza Branch),1,0,1,,,1500,poke-dollar,,,
steel-bottle-r,scarlet-violet,scarlet,shop,specialty-shop,mesagoza,Picnic-Knacks (Mesagoza Branch),1,0,1,,,1500,poke-dollar,,,
steel-bottle-r,scarlet-violet,violet,shop,specialty-shop,mesagoza,Picnic-Knacks (Mesagoza Branch),1,0,1,,,1500,poke-dollar,,,
steel-bottle-y,scarlet-violet,scarlet,shop,specialty-shop,mesagoza,Picnic-Knacks (Mesagoza Branch),1,0,1,,,1500,poke-dollar,,,
steel-bottle-y,scarlet-violet,violet,shop,specialty-shop,mesagoza,Picnic-Knacks (Mesagoza Branch),1,0,1,,,1500,poke-dollar,,,
steel-gem,black-white,black,mining,dust-cloud,,Dust cloud,1,0,0,,,,,,,
steel-gem,black-2-white-2,black-2,mining,dust-cloud,clay-tunnel,Clay Tunnel,0,0,1,,,,,,,Finite method
steel-gem,black-white,white,mining,dust-cloud,,Dust cloud,1,0,0,,,,,,,
steel-gem,black-2-white-2,white-2,mining,dust-cloud,clay-tunnel,Clay Tunnel,0,0,1,,,,,,,Finite method
steel-mail,diamond-pearl,diamond,shop,poke-mart,sunyshore-city,Poké Mart,1,0,1,,,50,poke-dollar,,,
steel-mail,heartgold-soulsilver,heartgold,shop,poke-mart,fuchsia-city,Poké Mart,1,0,1,,,50,poke-dollar,,,
steel-mail,diamond-pearl,pearl,shop,poke-mart,sunyshore-city,Poké Mart,1,0,1,,,50,poke-dollar,,,
steel-mail,platinum,platinum,shop,poke-mart,sunyshore-city,Poké Mart,1,0,1,,,50,poke-dollar,,,
steel-mail,heartgold-soulsilver,soulsilver,shop,poke-mart,fuchsia-city,Poké Mart,1,0,1,,,50,poke-dollar,,,
steel-memory,sun-moon,moon,npc-gift,,aether-paradise,From Gladion,0,0,1,,,,,,After becoming Champion,
steel-memory,sword-shield,shield,npc-gift,,battle-tower-galar,From a League Staff member,0,0,1,,,,,,,
steel-memory,sun-moon,sun,npc-gift,,aether-paradise,From Gladion,0,0,1,,,,,,After becoming Champion,
steel-memory,sword-shield,sword,npc-gift,,battle-tower-galar,From a League Staff member,0,0,1,,,,,,,
steel-memory,ultra-sun-ultra-moon,ultra-moon,npc-gift,,ancient-poni-path,From Wicke,0,0,1,,,,,,After becoming Champion,
steel-memory,ultra-sun-ultra-moon,ultra-sun,npc-gift,,ancient-poni-path,From Wicke,0,0,1,,,,,,After becoming Champion,
steel-tera-shard,scarlet-violet,scarlet,tournament,,,Academy Ace Tournament,1,0,0,,,,,,,
steel-tera-shard,scarlet-violet,scarlet,overworld,visible,area-zero,,0,0,1,,,,,,,
steel-tera-shard,scarlet-violet,violet,tournament,,,Academy Ace Tournament,1,0,0,,,,,,,
steel-tera-shard,scarlet-violet,violet,overworld,visible,area-zero,,0,0,1,,,,,,,
steelium-z--held,sun-moon,moon,npc-gift,,hokulani-observatory,"Molayne, after completing Sophocles's trial",0,0,1,,,,,,After completing Sophocles's trial,
steelium-z--held,sun-moon,sun,npc-gift,,hokulani-observatory,"Molayne, after completing Sophocles's trial",0,0,1,,,,,,After completing Sophocles's trial,
steelium-z--held,ultra-sun-ultra-moon,ultra-moon,npc-gift,,mount-hokulani,Molayne,0,0,1,,,,,,,
steelium-z--held,ultra-sun-ultra-moon,ultra-sun,npc-gift,,mount-hokulani,Molayne,0,0,1,,,,,,,
steelixite,omega-ruby-alpha-sapphire,alpha-sapphire,overworld,visible,granite-cave,,0,0,1,,,,,,,
steelixite,omega-ruby-alpha-sapphire,omega-ruby,overworld,visible,granite-cave,,0,0,1,,,,,,,
steelixite,ultra-sun-ultra-moon,ultra-moon,exchange,,battle-tree,,1,0,1,,,64,battle-point,,,
steelixite,ultra-sun-ultra-moon,ultra-sun,exchange,,battle-tree,,1,0,1,,,64,battle-point,,,
stellar-tera-shard,scarlet-violet,scarlet,wild-pokemon,,,Defeating or catching wild Stellar Tera Pokémon,1,0,1,10,,,,,,
stellar-tera-shard,scarlet-violet,scarlet,crafting,item-printer,,Item Printer,1,0,1,,,,,,After purchasing the third Item Printer upgrade,
stellar-tera-shard,scarlet-violet,scarlet,overworld,visible,area-zero-underdepths,,0,0,1,,,,,,,
stellar-tera-shard,scarlet-violet,violet,overworld,visible,area-zero-underdepths,,0,0,1,,,,,,,
stellar-tera-shard,scarlet-violet,violet,crafting,item-printer,,Item Printer,1,0,1,,,,,,After purchasing the third Item Printer upgrade,
stellar-tera-shard,scarlet-violet,violet,wild-pokemon,,,Defeating or catching wild Stellar Tera Pokémon,1,0,1,10,,,,,,
sticker-case,diamond-pearl,diamond,npc-gift,,solaceon-town,Gift from a woman,0,0,1,,,,,,,
sticker-case,heartgold-soulsilver,heartgold,npc-gift,,moomoo-farm,Gift for healing the sick Miltank,0,0,1,,,,,,,
sticker-case,diamond-pearl,pearl,npc-gift,,solaceon-town,Gift from a woman,0,0,1,,,,,,,
sticker-case,platinum,platinum,npc-gift,,solaceon-town,Gift from a woman,0,0,1,,,,,,,
sticker-case,heartgold-soulsilver,soulsilver,npc-gift,,moomoo-farm,Gift for healing the sick Miltank,0,0,1,,,,,,,
stone-plate,black-white,black,overworld,visible,abyssal-ruins,,0,0,1,,,,,,,
stone-plate,diamond-pearl,diamond,overworld,visible,mount-coronet,,0,0,1,,,,,,,
stone-plate,heartgold-soulsilver,heartgold,npc-gift,,ss-aqua,Captain,0,0,1,,,,,,After obtaining all 16 Gym Badges,
stone-plate,diamond-pearl,pearl,overworld,visible,mount-coronet,,0,0,1,,,,,,,
stone-plate,platinum,platinum,overworld,visible,mount-coronet,,0,0,1,,,,,,,
stone-plate,heartgold-soulsilver,soulsilver,npc-gift,,ss-aqua,Captain,0,0,1,,,,,,After obtaining all 16 Gym Badges,
stone-plate,black-white,white,overworld,visible,abyssal-ruins,,0,0,1,,,,,,,
storage-key,omega-ruby-alpha-sapphire,alpha-sapphire,overworld,visible,sea-mauville,Room 4,0,0,1,,,,,,,
storage-key,emerald,emerald,overworld,visible,abandoned-ship,Captain's office,0,0,1,,,,,,,
storage-key,omega-ruby-alpha-sapphire,omega-ruby,overworld,visible,sea-mauville,Room 4,0,0,1,,,,,,,
storage-key,ruby-sapphire,ruby,overworld,visible,abandoned-ship,Captain's office,0,0,1,,,,,,,
storage-key,ruby-sapphire,sapphire,overworld,visible,abandoned-ship,Captain's office,0,0,1,,,,,,,
storage-key--galactic-warehouse,brilliant-diamond-shining-pearl,brilliant-diamond,dropped,,veilstone-city,Dropped by a Team Galactic Grunt after encountering Jupiter at Lake Acuity,0,0,1,,,,,,After encountering Jupiter at Lake Acuity,
storage-key--galactic-warehouse,diamond-pearl,diamond,dropped,,veilstone-city,Dropped by a Team Galactic Grunt after encountering Jupiter at Lake Acuity,0,0,1,,,,,,After encountering Jupiter at Lake Acuity,
storage-key--galactic-warehouse,diamond-pearl,pearl,dropped,,veilstone-city,Dropped by a Team Galactic Grunt after encountering Jupiter at Lake Acuity,0,0,1,,,,,,After encountering Jupiter at Lake Acuity,
storage-key--galactic-warehouse,brilliant-diamond-shining-pearl,shining-pearl,dropped,,veilstone-city,Dropped by a Team Galactic Grunt after encountering Jupiter at Lake Acuity,0,0,1,,,,,,After encountering Jupiter at Lake Acuity,
strange-souvenir,omega-ruby-alpha-sapphire,alpha-sapphire,exchange,trade,,,1,0,1,,,,,,,
strange-souvenir,sun-moon,moon,shop,specialty-shop,thrifty-megamart,,1,0,1,,,3000,poke-dollar,,,
strange-souvenir,sun-moon,moon,overworld,visible,malie-city,,0,0,1,,,,,,,
strange-souvenir,omega-ruby-alpha-sapphire,omega-ruby,exchange,trade,,,1,0,1,,,,,,,
strange-souvenir,sun-moon,sun,overworld,visible,malie-city,,0,0,1,,,,,,,
strange-souvenir,sun-moon,sun,shop,specialty-shop,thrifty-megamart,,1,0,1,,,3000,poke-dollar,,,
strange-souvenir,x-y,x,npc-gift,,,Any hotel (Backpacker after meeting him four times),0,0,1,,,,,,After meeting the Backpacker four times,
strange-souvenir,x-y,y,npc-gift,,,Any hotel (Backpacker after meeting him four times),0,0,1,,,,,,After meeting the Backpacker four times,
stratospheric-slate,brilliant-diamond-shining-pearl,brilliant-diamond,exchange,,ramanas-park,Stratospheric Room vendor,1,0,1,,,,,,"After catching Raikou, Entei, and Suicune",Costs 3 Mysterious Shards S or 1 Mysterious Shard L.
stratospheric-slate,brilliant-diamond-shining-pearl,shining-pearl,exchange,,ramanas-park,Stratospheric Room vendor,1,0,1,,,,,,"After catching Articuno, Zapdos, and Moltres",Costs 3 Mysterious Shards S or 1 Mysterious Shard L.
strawberry,scarlet-violet,scarlet,shop,vending-machine,,Sure Cans,1,0,1,,,140,poke-dollar,,,
strawberry,scarlet-violet,scarlet,overworld,visible,south-province-area-two,,0,0,1,,,,,,,
strawberry,scarlet-violet,scarlet,shop,vending-machine,terarium,Vending machines,1,0,1,,,140,poke-dollar,,The Indigo Disk,
strawberry,scarlet-violet,violet,shop,vending-machine,,Sure Cans,1,0,1,,,140,poke-dollar,,,
strawberry,scarlet-violet,violet,shop,vending-machine,terarium,Vending machines,1,0,1,,,140,poke-dollar,,The Indigo Disk,
strawberry,scarlet-violet,violet,overworld,visible,south-province-area-two,,0,0,1,,,,,,,
strawberry-sweet,scarlet-violet,scarlet,overworld,visible,polar-biome,,0,0,1,,,,,,The Indigo Disk,
strawberry-sweet,scarlet-violet,scarlet,crafting,item-printer,,Item Printer,1,0,0,,,,,,The Indigo Disk,
strawberry-sweet,sword-shield,shield,npc-gift,,,Battle Café,1,0,1,,,,,,,
strawberry-sweet,sword-shield,shield,shop,watt-trader,snowslide-slope,Watt Trader (Highlight Item),1,0,1,,,7980,watt,,The Crown Tundra,
strawberry-sweet,sword-shield,shield,overworld,visible,hammerlocke,,0,0,1,,,,,,,
strawberry-sweet,sword-shield,shield,crafting,cram-o-matic,,Cram-o-matic (Fairy recipes),1,0,0,,,,,,The Isle of Armor,
strawberry-sweet,sword-shield,sword,shop,watt-trader,snowslide-slope,Watt Trader (Highlight Item),1,0,1,,,7980,watt,,The Crown Tundra,
strawberry-sweet,sword-shield,sword,npc-gift,,,Battle Café,1,0,1,,,,,,,
strawberry-sweet,sword-shield,sword,crafting,cram-o-matic,,Cram-o-matic (Fairy recipes),1,0,0,,,,,,The Isle of Armor,
strawberry-sweet,sword-shield,sword,overworld,visible,hammerlocke,,0,0,1,,,,,,,
strawberry-sweet,scarlet-violet,violet,crafting,item-printer,,Item Printer,1,0,0,,,,,,The Indigo Disk,
strawberry-sweet,scarlet-violet,violet,overworld,visible,savanna-biome,,0,0,1,,,,,,The Indigo Disk,
stretchy-spring,lets-go-pikachu-lets-go-eevee,lets-go-eevee,npc-gift,,,Gift from Partner Eevee,1,0,1,,,,,,,
stretchy-spring,lets-go-pikachu-lets-go-eevee,lets-go-pikachu,npc-gift,,,Gift from Partner Pikachu,1,0,1,,,,,,,
striped-bottle,scarlet-violet,scarlet,shop,specialty-shop,mesagoza,Picnic-Knacks (Mesagoza Branch),1,0,1,,,1000,poke-dollar,,,
striped-bottle,scarlet-violet,violet,shop,specialty-shop,mesagoza,Picnic-Knacks (Mesagoza Branch),1,0,1,,,1000,poke-dollar,,,
striped-chairs,scarlet-violet,scarlet,npc-gift,,revelers-road,Picnicker,0,0,1,,,,,,If the player owns the Striped Tablecloth,
striped-chairs,scarlet-violet,violet,npc-gift,,revelers-road,Picnicker,0,0,1,,,,,,If the player owns the Striped Tablecloth,
striped-cup,scarlet-violet,scarlet,shop,specialty-shop,mesagoza,Picnic-Knacks (Mesagoza Branch),1,0,1,,,800,poke-dollar,,,
striped-cup,scarlet-violet,violet,shop,specialty-shop,mesagoza,Picnic-Knacks (Mesagoza Branch),1,0,1,,,800,poke-dollar,,,
striped-tablecloth,scarlet-violet,scarlet,shop,specialty-shop,mesagoza,Picnic-Knacks (Mesagoza Branch),1,0,1,,,1500,poke-dollar,,,
striped-tablecloth,scarlet-violet,violet,shop,specialty-shop,mesagoza,Picnic-Knacks (Mesagoza Branch),1,0,1,,,1500,poke-dollar,,,
style-card,sword-shield,shield,npc-defeat,,fields-of-honor,From Avery after defeating him for the first time,0,0,1,,,,,,After defeating Avery in the Isle of Armor,
style-card,sword-shield,sword,npc-defeat,,fields-of-honor,From Klara after defeating her for the first time,0,0,1,,,,,,After defeating Klara in the Isle of Armor,
suicune-treat,scarlet-violet,scarlet,npc-gift,,blueberry-academy-entrance,Snacksworth,0,0,1,,,,,,After completing 10 solo Blueberry Quests,The Indigo Disk
suicune-treat,scarlet-violet,violet,npc-gift,,blueberry-academy-entrance,Snacksworth,0,0,1,,,,,,After completing one group Blueberry Quest,The Indigo Disk
suite-key,brilliant-diamond-shining-pearl,brilliant-diamond,overworld,visible,route-213-sinnoh,Immediately northwest of the northern reception entrance of Hotel Grand Lake,0,0,1,,,,,,,
suite-key,diamond-pearl,diamond,overworld,visible,route-213-sinnoh,Immediately northwest of the northern reception entrance of Hotel Grand Lake,0,0,1,,,,,,,
suite-key,diamond-pearl,pearl,overworld,visible,route-213-sinnoh,Immediately northwest of the northern reception entrance of Hotel Grand Lake,0,0,1,,,,,,,
suite-key,platinum,platinum,overworld,visible,route-213-sinnoh,Immediately northwest of the northern reception entrance of Hotel Grand Lake,0,0,1,,,,,,,
suite-key,brilliant-diamond-shining-pearl,shining-pearl,overworld,visible,route-213-sinnoh,Immediately northwest of the northern reception entrance of Hotel Grand Lake,0,0,1,,,,,,,
sun-flute,sun-moon,sun,overworld,visible,exeggutor-island,,0,0,1,,,,,,,
sun-flute,ultra-sun-ultra-moon,ultra-sun,overworld,visible,exeggutor-island,,0,0,1,,,,,,,
sunrise-flower-pick,scarlet-violet,scarlet,shop,specialty-shop,,Artisan Bakery,1,0,1,,,1000,poke-dollar,,,
sunrise-flower-pick,scarlet-violet,violet,shop,specialty-shop,,Artisan Bakery,1,0,1,,,1000,poke-dollar,,,
sunset-flower-pick,scarlet-violet,scarlet,shop,vendor,,Artisan Bakery,1,0,1,,,1000,poke-dollar,,,
sunset-flower-pick,scarlet-violet,violet,shop,vendor,,Artisan Bakery,1,0,1,,,1000,poke-dollar,,,
super-lure,lets-go-pikachu-lets-go-eevee,lets-go-eevee,overworld,recurring,underground-path-kanto-routes-7-8,,1,1,1,,,,,,,Hidden recurring item
super-lure,lets-go-pikachu-lets-go-eevee,lets-go-eevee,overworld,visible,route-17-kanto,,0,0,1,,,,,,,
super-lure,lets-go-pikachu-lets-go-eevee,lets-go-eevee,overworld,visible,fuchsia-city,,0,0,1,,,,,,,
super-lure,lets-go-pikachu-lets-go-eevee,lets-go-eevee,overworld,visible,seafoam-islands,,0,0,1,,,,,,,
super-lure,lets-go-pikachu-lets-go-eevee,lets-go-eevee,shop,poke-mart,,All Poké Marts,1,0,1,,,700,poke-dollar,,After obtaining 4 Badges,
super-lure,lets-go-pikachu-lets-go-eevee,lets-go-eevee,overworld,recurring,route-10-kanto,,1,1,1,,,,,,,Hidden recurring item
super-lure,lets-go-pikachu-lets-go-eevee,lets-go-eevee,overworld,recurring,underground-path-kanto-routes-5-6,,1,1,1,,,,,,,Hidden recurring item
super-lure,lets-go-pikachu-lets-go-eevee,lets-go-pikachu,overworld,visible,route-17-kanto,,0,0,1,,,,,,,
super-lure,lets-go-pikachu-lets-go-eevee,lets-go-pikachu,overworld,recurring,route-10-kanto,,1,1,1,,,,,,,Hidden recurring item
super-lure,lets-go-pikachu-lets-go-eevee,lets-go-pikachu,overworld,visible,fuchsia-city,,0,0,1,,,,,,,
super-lure,lets-go-pikachu-lets-go-eevee,lets-go-pikachu,overworld,recurring,underground-path-kanto-routes-7-8,,1,1,1,,,,,,,Hidden recurring item
super-lure,lets-go-pikachu-lets-go-eevee,lets-go-pikachu,overworld,visible,seafoam-islands,,0,0,1,,,,,,,
super-lure,lets-go-pikachu-lets-go-eevee,lets-go-pikachu,overworld,recurring,underground-path-kanto-routes-5-6,,1,1,1,,,,,,,Hidden recurring item
super-lure,lets-go-pikachu-lets-go-eevee,lets-go-pikachu,shop,poke-mart,,All Poké Marts,1,0,1,,,700,poke-dollar,,After obtaining 4 Badges,
super-rod,black-white,black,npc-gift,,nuvema-town,Looker after defeating Ghetsis,0,0,1,,,,,,After defeating Ghetsis,
super-rod,diamond-pearl,diamond,npc-gift,,fight-area,Fisherman near the Route 225 gate,0,0,1,,,,,,,
super-rod,gold-silver,gold,npc-gift,,route-12-kanto,Silence Bridge Fishing Guru,0,0,1,,,,,,,
super-rod,red-blue,red,npc-gift,,route-12-kanto,Silence Bridge Fishing Guru,0,0,1,,,,,,,
super-rod,ruby-sapphire,ruby,npc-gift,,mossdeep-city,Fisherman in the house east of the Gym,0,0,1,,,,,,,
super-rod,x-y,x,npc-gift,,kalos-route-16,Fisherman in the Fishing Shack,0,0,1,,,,,,,
surf-mail,crystal,crystal,shop,poke-mart,olivine-city,Olivine Poké Mart,1,0,1,,,50,poke-dollar,,,
surf-mail,crystal,crystal,shop,department-store,celadon-city,Celadon Department Store,1,0,1,,,50,poke-dollar,,,
surf-mail,gold-silver,gold,shop,department-store,celadon-city,Celadon Department Store,1,0,1,,,50,poke-dollar,,,
surf-mail,gold-silver,gold,shop,poke-mart,olivine-city,Olivine Poké Mart,1,0,1,,,50,poke-dollar,,,
surf-mail,gold-silver,silver,shop,poke-mart,olivine-city,Olivine Poké Mart,1,0,1,,,50,poke-dollar,,,
surf-mail,gold-silver,silver,shop,department-store,celadon-city,Celadon Department Store,1,0,1,,,50,poke-dollar,,,
surge-badge,ultra-sun-ultra-moon,ultra-moon,trainer-reward,gym-leader,malie-city,Kantonian Gym Leader,0,0,1,,,,,,After defeating the Kantonian Gym Leader,
surge-badge,ultra-sun-ultra-moon,ultra-sun,trainer-reward,gym-leader,malie-city,Kantonian Gym Leader,0,0,1,,,,,,After defeating the Kantonian Gym Leader,
surprise-mulch,omega-ruby-alpha-sapphire,alpha-sapphire,exchange,,,Trade,1,0,1,,,,,,,
surprise-mulch,omega-ruby-alpha-sapphire,omega-ruby,exchange,,,Trade,1,0,1,,,,,,,
surprise-mulch,x-y,x,crafting,recipe,,Berry fields composter (using three Berries of the same color),1,0,1,,,,,,,
surprise-mulch,x-y,y,crafting,recipe,,Berry fields composter (using three Berries of the same color),1,0,1,,,,,,,
swampertite,omega-ruby-alpha-sapphire,alpha-sapphire,overworld,visible,hoenn-route-120,,0,0,1,,,,,,If the player's first partner Pokémon was Mudkip,
swampertite,omega-ruby-alpha-sapphire,alpha-sapphire,overworld,visible,hoenn-route-114,,0,0,1,,,,,,After defeating or capturing Kyogre,If the player's first partner Pokémon was not Mudkip
swampertite,sun-moon,moon,event,,,,0,0,1,,,,,,,
swampertite,omega-ruby-alpha-sapphire,omega-ruby,overworld,visible,hoenn-route-120,,0,0,1,,,,,,If the player's first partner Pokémon was Mudkip,
swampertite,omega-ruby-alpha-sapphire,omega-ruby,overworld,visible,hoenn-route-114,,0,0,1,,,,,,After defeating or capturing Groudon,If the player's first partner Pokémon was not Mudkip
swampertite,sun-moon,sun,event,,,,0,0,1,,,,,,,
swampertite,ultra-sun-ultra-moon,ultra-moon,exchange,,battle-tree,,1,0,1,,,64,battle-point,,,
swampertite,ultra-sun-ultra-moon,ultra-sun,exchange,,battle-tree,,1,0,1,,,64,battle-point,,,
sweet-apple,scarlet-violet,scarlet,overworld,sparkling,tagtree-thicket,,1,0,1,,,,,,,
sweet-apple,scarlet-violet,scarlet,shop,specialty-shop,,Delibird Presents,1,0,1,,,2200,poke-dollar,,After earning 3 Gym Badges,
sweet-apple,sword-shield,shield,overworld,visible,hammerlocke,,0,0,1,,,,,,,
sweet-apple,sword-shield,shield,overworld,recurring,axews-eye,Hidden recurring item,1,1,1,,,,,,,
sweet-apple,sword-shield,sword,event,,,Wild Area News,0,0,1,,,,,,"March 19 to March 25, 2020",
sweet-apple,the-isle-of-armor,,overworld,recurring,loop-lagoon,Hidden recurring item,1,1,1,,,,,,,
sweet-apple,the-isle-of-armor,,overworld,recurring,soothing-wetlands,Hidden recurring item,1,1,1,,,,,,,
sweet-apple,the-teal-mask,,overworld,sparkling,apple-hills,,1,0,1,,,,,,,
sweet-apple,scarlet-violet,violet,shop,specialty-shop,,Delibird Presents,1,0,1,,,2200,poke-dollar,,After earning 3 Gym Badges,
sweet-apple,scarlet-violet,violet,overworld,sparkling,tagtree-thicket,,1,0,1,,,,,,,
sweet-heart,black-white,black,npc-gift,,,Feeling Check,1,0,1,,,,,,,Amount varies
sweet-heart,sword-shield,shield,npc-gift,,,Battle Café,1,0,1,,,,,,,
sweet-heart,sword-shield,sword,npc-gift,,,Battle Café,1,0,1,,,,,,,
sweet-heart,black-white,white,npc-gift,,,Feeling Check,1,0,1,,,,,,,Amount varies
sweet-heart,x-y,x,npc-gift,,camphrier-town,Daily gift,1,0,1,1,,,,,Once per day; five on February 14 and March 14,
sweet-heart,x-y,y,npc-gift,,camphrier-town,Daily gift,1,0,1,1,,,,,Once per day; five on February 14 and March 14,
sweet-herba-mystica,scarlet-violet,scarlet,event,,,,0,0,1,,,,,,,
sweet-herba-mystica,scarlet-violet,scarlet,tera-raid,tera-raid-5star,,Tera Raid Battles,1,0,0,,,,,,,
sweet-herba-mystica,the-indigo-disk,,npc-gift,,league-club-room,First battle reward from Katy after inviting her as a special coach,0,0,1,3,,,,,,
sweet-herba-mystica,the-teal-mask,,story,,revelers-road,Reward for showing all 19 tablecloths to a picnicker,0,0,1,2,,,,,,
sweet-herba-mystica,the-teal-mask,,event,,,Ogre Oustin' (Hard difficulty),1,0,0,,,,,,,
sweet-herba-mystica,scarlet-violet,violet,event,,,,0,0,1,,,,,,,
sweet-herba-mystica,scarlet-violet,violet,tera-raid,tera-raid-6star,,Tera Raid Battles,1,0,0,,,,,,,
swift-mochi,scarlet-violet,scarlet,tournament,,,Ogre Oustin',1,0,0,,,,,,,Reward from the Ogre Oustin' minigame
swift-mochi,scarlet-violet,violet,tournament,,,Ogre Oustin',1,0,0,,,,,,,Reward from the Ogre Oustin' minigame
synchro-machine,scarlet-violet,scarlet,npc-gift,,central-plaza,Synclaire,0,0,1,,,,,,After performing a trial test in the Indigo Disk storyline,
synchro-machine,scarlet-violet,violet,npc-gift,,central-plaza,Synclaire,0,0,1,,,,,,After performing a trial test in the Indigo Disk storyline,
syrupy-apple,scarlet-violet,scarlet,shop,vendor,mossfell-confluence,Food Stand,1,0,1,,,500,poke-dollar,,,
syrupy-apple,scarlet-violet,violet,shop,vendor,mossfell-confluence,Food Stand,1,0,1,,,500,poke-dollar,,,
tapunium-z--held,sun-moon,moon,story,,ruins-of-conflict,After catching or defeating Tapu Koko,0,0,1,,,,,,,
tapunium-z--held,sun-moon,sun,story,,ruins-of-conflict,After catching or defeating Tapu Koko,0,0,1,,,,,,,
tapunium-z--held,ultra-sun-ultra-moon,ultra-moon,story,,ruins-of-conflict,After catching or defeating any of the tapu,0,0,1,,,,,,,
tapunium-z--held,ultra-sun-ultra-moon,ultra-sun,story,,ruins-of-conflict,After catching or defeating any of the tapu,0,0,1,,,,,,,
tart-apple,scarlet-violet,scarlet,shop,specialty-shop,,Delibird Presents,1,0,1,,,2200,poke-dollar,,After earning 3 Gym Badges,
tart-apple,sword-shield,shield,event,,,Wild Area News,0,0,1,,,,,,"March 19 to March 25, 2020",
tart-apple,sword-shield,sword,overworld,recurring,axews-eye,Hidden recurring item,1,1,0,,,,,,,
tart-apple,sword-shield,sword,overworld,visible,hammerlocke,,0,0,1,,,,,,,
tart-apple,scarlet-violet,violet,overworld,sparkling,tagtree-thicket,,1,0,0,,,,,,,
tea,firered-leafgreen,firered,npc-gift,,celadon-condominiums,"Manager's Suite, received from the Manager",0,0,1,,,,,,,
tea,firered-leafgreen,leafgreen,npc-gift,,celadon-condominiums,"Manager's Suite, received from the Manager",0,0,1,,,,,,,
tea,lets-go-pikachu-lets-go-eevee,lets-go-eevee,npc-gift,,celadon-city,Received from Brock in front of the Celadon Condominiums,0,0,1,,,,,,,
tea,lets-go-pikachu-lets-go-eevee,lets-go-pikachu,npc-gift,,celadon-city,Received from Brock in front of the Celadon Condominiums,0,0,1,,,,,,,
teachy-tv,firered-leafgreen,firered,npc-gift,,viridian-city,Gift from the old man who teaches how to catch Pokémon,0,0,1,,,,,,,
teachy-tv,firered-leafgreen,leafgreen,npc-gift,,viridian-city,Gift from the old man who teaches how to catch Pokémon,0,0,1,,,,,,,
teal-mask,scarlet-violet,scarlet,dropped,,kitakami-hall,Dropped by Ogerpon on the first night of the Festival of Masks,0,0,1,,,,,,,
teal-mask,scarlet-violet,violet,dropped,,kitakami-hall,Dropped by Ogerpon on the first night of the Festival of Masks,0,0,1,,,,,,,
teal-style-card,scarlet-violet,scarlet,npc-gift,,mossui-town,From Carmine and Kieran's grandmother during the Festival of Masks,0,0,1,,,,,,During the Festival of Masks,
teal-style-card,scarlet-violet,violet,npc-gift,,mossui-town,From Carmine and Kieran's grandmother during the Festival of Masks,0,0,1,,,,,,During the Festival of Masks,
tectonic-slate,brilliant-diamond-shining-pearl,brilliant-diamond,exchange,,ramanas-park,Ramanas Park vendor,1,0,1,,,,,,"After catching Raikou, Entei, and Suicune",Costs 3 Mysterious Shards S or 1 Mysterious Shard L.
tectonic-slate,brilliant-diamond-shining-pearl,shining-pearl,exchange,,ramanas-park,Ramanas Park vendor,1,0,1,,,,,,"After catching Articuno, Zapdos, and Moltres",Costs 3 Mysterious Shards S or 1 Mysterious Shard L.
tera-orb,scarlet-violet,scarlet,npc-gift,,mesagoza,"Nemona, after defeating a Team Star Grunt harassing Penny",0,0,1,,,,,,,
tera-orb,scarlet-violet,violet,npc-gift,,mesagoza,"Nemona, after defeating a Team Star Grunt harassing Penny",0,0,1,,,,,,,
terrain-extender,sun-moon,moon,overworld,visible,resolution-cave,,0,0,1,,,,,,,
terrain-extender,scarlet-violet,scarlet,shop,specialty-shop,cascarrafa,Delibird Presents,1,0,1,,,15000,poke-dollar,,After completing the main storyline,
terrain-extender,sword-shield,shield,exchange,,battle-tower-galar,,1,0,1,,,15,battle-point,,,
terrain-extender,sun-moon,sun,overworld,visible,resolution-cave,,0,0,1,,,,,,,
terrain-extender,sword-shield,sword,overworld,visible,galar-route-08,,0,0,1,,,,,,,
terrain-extender,ultra-sun-ultra-moon,ultra-sun,exchange,,battle-tree,,1,0,1,,,48,battle-point,,,
terrakion-treat,scarlet-violet,scarlet,npc-gift,,blueberry-academy-entrance,Snacksworth,0,0,1,,,,,,After completing one group Blueberry Quest,The Indigo Disk
terrakion-treat,scarlet-violet,violet,npc-gift,,blueberry-academy-entrance,Snacksworth,0,0,1,,,,,,After completing 10 solo Blueberry Quests,The Indigo Disk
thanks-mail,black-white,black,shop,poke-mart,,Shopping Mall Nine and most Poké Marts,1,0,1,,,50,poke-dollar,,,"Unavailable in Nimbasa, Mistralton, Icirrus, and Pokémon League Poké Marts."
thanks-mail,black-white,black,starting-item,pc,,Mail from Bianca,0,0,1,,,,,,,
thanks-mail,black-2-white-2,black-2,shop,poke-mart,,Shopping Mall Nine and most Poké Marts,1,0,1,,,50,poke-dollar,,,"Unavailable in Nimbasa, Mistralton, Lacunosa, Victory Road, Pokémon League, and Striaton Poké Marts."
thanks-mail,black-white,white,starting-item,pc,,Mail from Bianca,0,0,1,,,,,,,
thanks-mail,black-white,white,shop,poke-mart,,Shopping Mall Nine and most Poké Marts,1,0,1,,,50,poke-dollar,,,"Unavailable in Nimbasa, Mistralton, Icirrus, and Pokémon League Poké Marts."
thanks-mail,black-2-white-2,white-2,shop,poke-mart,,Shopping Mall Nine and most Poké Marts,1,0,1,,,50,poke-dollar,,,"Unavailable in Nimbasa, Mistralton, Lacunosa, Victory Road, Pokémon League, and Striaton Poké Marts."
thick-club,firered-leafgreen,firered,wild-pokemon,,,Held by wild Cubone or Marowak,1,0,0,,5.0,,,,,
thick-club,gold-silver,gold,wild-pokemon,,,Held by wild Cubone or Marowak,1,0,0,,2.0,,,,,
thick-club,ultra-sun-ultra-moon,ultra-sun,wild-pokemon,,,Held by wild Cubone,1,0,0,,5.0,,,,,
throat-spray,scarlet-violet,scarlet,shop,specialty-shop,mesagoza,Delibird Presents (Mesagoza Branch),1,0,1,,,20000,poke-dollar,,After earning 4 Gym Badges,
throat-spray,sword-shield,shield,overworld,visible,motostoke,,0,0,1,,,,,,,
throat-spray,sword-shield,shield,overworld,visible,snowslide-slope,,0,0,1,,,,,,The Crown Tundra,
throat-spray,sword-shield,shield,exchange,,battle-tower-galar,Battle Tower,1,0,1,,,10,battle-point,,,
throat-spray,sword-shield,sword,overworld,visible,motostoke,,0,0,1,,,,,,,
throat-spray,sword-shield,sword,exchange,,battle-tower-galar,Battle Tower,1,0,1,,,10,battle-point,,,
throat-spray,sword-shield,sword,overworld,visible,snowslide-slope,,0,0,1,,,,,,The Crown Tundra,
throat-spray,scarlet-violet,violet,shop,specialty-shop,mesagoza,Delibird Presents (Mesagoza Branch),1,0,1,,,20000,poke-dollar,,After earning 4 Gym Badges,
tidal-bell,omega-ruby-alpha-sapphire,alpha-sapphire,exchange,,slateport-city,From Captain Stern in exchange for the Scanner,0,0,1,,,,,,Exchange the Scanner,
tidal-bell,heartgold-soulsilver,soulsilver,trainer-reward,trainer,ecruteak-city,Reward for defeating the Kimono Girls,0,0,1,,,,,,,
timid-mint,brilliant-diamond-shining-pearl,brilliant-diamond,exchange,,,Battle Park,1,0,1,,,50,battle-point,,,
timid-mint,scarlet-violet,scarlet,overworld,visible,area-zero,West Province (Area One),0,0,1,,,,,,,
timid-mint,sword-shield,shield,overworld,recurring,soothing-wetlands,,1,1,1,,,,,,The Isle of Armor,
timid-mint,sword-shield,shield,overworld,recurring,giants-bed,,1,1,1,,,,,,The Crown Tundra,
timid-mint,sword-shield,shield,exchange,,,Battle Tower,1,0,1,,,50,battle-point,,,
timid-mint,brilliant-diamond-shining-pearl,shining-pearl,exchange,,,Battle Park,1,0,1,,,50,battle-point,,,
timid-mint,sword-shield,sword,exchange,,,Battle Tower,1,0,1,,,50,battle-point,,,
timid-mint,sword-shield,sword,overworld,recurring,soothing-wetlands,,1,1,1,,,,,,The Isle of Armor,
timid-mint,sword-shield,sword,overworld,recurring,giants-bed,,1,1,1,,,,,,The Crown Tundra,
timid-mint,scarlet-violet,violet,overworld,visible,area-zero,West Province (Area One),0,0,1,,,,,,,
tin-of-beans,sword-shield,shield,shop,vendor,rolling-fields,Ingredients Seller,1,0,1,,,,,,,
tin-of-beans,sword-shield,shield,npc-gift,,,Possible gift after cooking curry,1,0,0,,,,,,,
tin-of-beans,sword-shield,shield,npc-gift,,,Gift from other players,1,0,0,,,,,,,
tin-of-beans,sword-shield,shield,shop,vendor,freezington,Freezington Peddler,1,0,1,,,,,,The Crown Tundra,
tin-of-beans,sword-shield,sword,npc-gift,,,Gift from other players,1,0,0,,,,,,,
tin-of-beans,sword-shield,sword,shop,vendor,rolling-fields,Ingredients Seller,1,0,1,,,,,,,
tin-of-beans,sword-shield,sword,shop,vendor,freezington,Freezington Peddler,1,0,1,,,,,,The Crown Tundra,
tin-of-beans,sword-shield,sword,npc-gift,,,Possible gift after cooking curry,1,0,0,,,,,,,
tiny-bamboo-shoot,scarlet-violet,scarlet,overworld,sparkling,north-province-area-two,,1,0,1,,,,,,,
tiny-bamboo-shoot,scarlet-violet,scarlet,item-printer,,,,1,0,0,,,,,,Available in The Indigo Disk.,
tiny-bamboo-shoot,scarlet-violet,violet,item-printer,,,,1,0,0,,,,,,Available in The Indigo Disk.,
tiny-bamboo-shoot,scarlet-violet,violet,overworld,sparkling,north-province-area-two,,1,0,1,,,,,,,
tm-case,firered-leafgreen,firered,story,,,Automatically obtained when the player obtains their first TM,0,0,1,,,,,,After obtaining the first TM,Earliest without trading is Pewter Gym
tm-case,firered-leafgreen,leafgreen,story,,,Automatically obtained when the player obtains their first TM,0,0,1,,,,,,After obtaining the first TM,Earliest without trading is Pewter Gym
tm00,sword-shield,shield,shop,poke-mart,hammerlocke,East Pokémon Center,1,0,1,,,10000,poke-dollar,,,
tm00,sword-shield,sword,shop,poke-mart,hammerlocke,East Pokémon Center,1,0,1,,,10000,poke-dollar,,,
tm01,red-blue,red,shop,department-store,celadon-city,Celadon Department Store,1,0,1,,,3000,poke-dollar,,,
tm01,red-blue,red,overworld,visible,mt-moon,,0,0,1,,,,,,,
tm02,red-blue,red,shop,department-store,celadon-city,Celadon Department Store,1,0,1,,,2000,poke-dollar,,,
tm03,red-blue,red,story,,silph-co,,0,0,1,,,,,,,
tm04,gold-silver,gold,overworld,visible,route-35-johto,,0,0,1,,,,,,,
tm04,red-blue,red,overworld,visible,route-04-kanto,,0,0,1,,,,,,,
tm04,ruby-sapphire,ruby,trainer-reward,gym-leader,,Defeat Tate and Liza,0,0,1,,,,,,,
tm05,red-blue,red,shop,department-store,celadon-city,Celadon Department Store,1,0,1,,,3000,poke-dollar,,,
tm06,red-blue,red,trainer-reward,gym-leader,,Defeat Koga,0,0,1,,,,,soul-badge,,
tm08,red-blue,blue,overworld,,ss-anne,,0,0,1,,,,,,,
tm08,crystal,crystal,shop,department-store,goldenrod-city,Goldenrod Department Store,1,0,1,,,1000,poke-dollar,,,
tm08,gold-silver,gold,shop,department-store,goldenrod-city,Goldenrod Department Store,1,0,1,,,1000,poke-dollar,,,
tm08,red-blue,red,overworld,,ss-anne,,0,0,1,,,,,,,
tm08,gold-silver,silver,shop,department-store,goldenrod-city,Goldenrod Department Store,1,0,1,,,1000,poke-dollar,,,
tm08,yellow,yellow,overworld,,ss-anne,,0,0,1,,,,,,,
tm09,red-blue,blue,shop,department-store,celadon-city,Celadon Department Store,1,0,1,,,3000,poke-dollar,,,
tm09,red-blue,red,shop,department-store,celadon-city,Celadon Department Store,1,0,1,,,3000,poke-dollar,,,
tm09,yellow,yellow,shop,department-store,celadon-city,Celadon Department Store,1,0,1,,,3000,poke-dollar,,,
tm10,red-blue,red,overworld,visible,team-rocket-hideout,,0,0,1,,,,,,,
tm11,red-blue,red,trainer-reward,gym-leader,cerulean-city,Prize for defeating Misty,0,0,1,,,,,,,
tm12,red-blue,blue,overworld,visible,mt-moon,,0,0,1,,,,,,,
tm12,red-blue,red,overworld,visible,mt-moon,,0,0,1,,,,,,,
tm12,yellow,yellow,overworld,visible,mt-moon,,0,0,1,,,,,,,
tm14,red-blue,red,overworld,visible,pokemon-mansion-kanto,,0,0,1,,,,,,,
tm15,red-blue,red,shop,game-corner,celadon-game-corner,,1,0,1,,,5500,coin,,,
tm16,gold-silver,gold,trainer-reward,gym-leader,mahogany-town-gym,Defeat Pryce,0,0,1,,,,,glacier-badge,,
tm16,red-blue,red,overworld,visible,route-12-kanto,,0,0,1,,,,,,,
tm18,crystal,crystal,overworld,visible,slowpoke-well,,0,0,1,,,,,,,
tm18,gold-silver,gold,shop,department-store,celadon-city,Celadon Department Store,1,0,1,,,2000,poke-dollar,,,
tm18,red-blue,red,shop,department-store,celadon-city,Celadon Department Store,1,0,1,,,,,,,
tm18,gold-silver,silver,shop,department-store,celadon-city,Celadon Department Store,1,0,1,,,2000,poke-dollar,,,
tm19,black-white,black,overworld,visible,unova-route-18,,0,0,1,,,,,,,
tm19,gold-silver,gold,trainer-reward,gym-leader,,Erika,0,0,1,,,,,,,
tm19,red-blue,red,overworld,visible,route-25-kanto,,0,0,1,,,,,,,
tm19,ruby-sapphire,ruby,overworld,visible,hoenn-route-123,,0,0,1,,,,,,,
tm19,sword-shield,shield,shop,poke-mart,motostoke,Upper Pokémon Center,1,0,1,,,10000,poke-dollar,,,
tm19,sun-moon,sun,shop,poke-mart,malie-city,,1,0,1,,,10000,poke-dollar,,,
tm19,x-y,x,overworld,visible,kalos-route-08,,0,0,1,,,,,,,
tm20,red-blue,blue,overworld,visible,route-15-kanto,,0,0,1,,,,,,,
tm20,red-blue,red,overworld,visible,route-15-kanto,,0,0,1,,,,,,,
tm20,yellow,yellow,overworld,visible,route-15-kanto,,0,0,1,,,,,,,
tm21,gold-silver,gold,shop,department-store,goldenrod-city,Goldenrod Department Store (Sunday),1,0,1,,,,,,Available on Sunday,
tm21,red-blue,red,trainer-reward,gym-leader,celadon-city,Defeat Erika,0,0,1,,,,,rainbow-badge,,
tm21,scarlet-violet,scarlet,trainer-reward,gym-leader,,Defeat Katy,0,0,1,,,,,,,Also craftable via TM Machine with materials.
tm22,red-blue,blue,overworld,visible,pokemon-mansion-kanto,,0,0,1,,,,,,,
tm22,red-blue,red,overworld,visible,pokemon-mansion-kanto,,0,0,1,,,,,,,
tm22,yellow,yellow,overworld,visible,pokemon-mansion-kanto,,0,0,1,,,,,,,
tm23,red-blue,red,exchange,coins,celadon-game-corner,,1,0,1,,,3300,coin,,,
tm24,gold-silver,gold,trainer-reward,gym-leader,blackthorn-city,Prize for defeating Clair,0,0,1,,,,,rising-badge,,
tm24,red-blue,red,trainer-reward,gym-leader,vermilion-city,Prize for defeating Lt. Surge,0,0,1,,,,,thunder-badge,,
tm25,red-blue,red,overworld,visible,power-plant,,0,0,1,,,,,,,
tm26,gold-silver,gold,overworld,visible,victory-road-kanto,,0,0,1,,,,,,,
tm26,red-blue,red,overworld,visible,silph-co,,0,0,1,,,,,,,
tm27,red-blue,red,trainer-reward,gym-leader,,Defeat Giovanni,0,0,1,,,,,,,
tm28,firered-leafgreen,firered,shop,department-store,celadon-city,Celadon Department Store,1,0,1,,,2000,poke-dollar,,,
tm28,red-blue,red,overworld,visible,cerulean-city,,0,0,1,,,,,,,
tm29,gold-silver,gold,exchange,coins,celadon-city,Game Corner,1,0,1,,,3500,coin,,,
tm29,red-blue,red,shop,poke-mart,saffron-city,,1,0,1,,,,,,,
tm30,gold-silver,gold,trainer-reward,gym-leader,ecruteak-city,Defeat Morty,0,0,1,,,,,,,
tm30,red-blue,red,overworld,visible,route-09-kanto,,0,0,1,,,,,,,
tm31,gold-silver,gold,trainer-reward,gym-leader,,Defeat Falkner,0,0,1,,,,,zephyr-badge,,
tm31,red-blue,red,overworld,visible,saffron-city,,0,0,1,,,,,,,
tm32,diamond-pearl,diamond,exchange,coins,veilstone-city,Veilstone Game Corner,1,0,1,,,4000,coin,,,
tm32,gold-silver,gold,exchange,coins,celadon-city,Celadon Game Corner,1,0,1,,,1500,coin,,,
tm32,red-blue,red,shop,department-store,celadon-city,Celadon Department Store,1,0,1,,,1000,poke-dollar,,,
tm32,ruby-sapphire,ruby,exchange,coins,mauville-city,Mauville Game Corner,1,0,1,,,1500,coin,,,
tm32,scarlet-violet,scarlet,crafting,tm-machine,,TM Machine,1,0,1,,,200,league-point,,,Requires Fletchling Feather x3
tm32,sun-moon,sun,shop,vendor,konikoni-city,TM Shop,1,0,1,,,10000,poke-dollar,,,
tm32,sword-shield,sword,shop,poke-mart,hammerlocke,West Pokémon Center,1,0,1,,,10000,poke-dollar,,,
tm34,red-blue,red,trainer-reward,gym-leader,pewter-city,Prize for defeating Brock,0,0,1,,,,,boulder-badge,,
tm35,red-blue,red,overworld,visible,cinnabar-lab,,0,0,1,,,,,,,
tm36,red-blue,red,overworld,visible,silph-co,,0,0,1,,,,,,,
tm38,red-blue,blue,trainer-reward,gym-leader,,Defeat Blaine,0,0,1,,,,,,,
tm38,red-blue,red,trainer-reward,gym-leader,,Defeat Blaine,0,0,1,,,,,,,
tm38,yellow,yellow,trainer-reward,gym-leader,,Defeat Blaine,0,0,1,,,,,,,
tm39,red-blue,blue,overworld,visible,route-12-kanto,,0,0,1,,,,,,,
tm39,red-blue,red,overworld,visible,route-12-kanto,,0,0,1,,,,,,,
tm39,yellow,yellow,overworld,visible,route-12-kanto,,0,0,1,,,,,,,
tm40,red-blue,red,overworld,visible,safari-zone-kanto,,0,0,1,,,,,,,
tm41,yellow,yellow,shop,department-store,celadon-city,Celadon Department Store,0,0,1,,,,,,,
tm42,red-blue,blue,shop,poke-mart,viridian-city,,1,0,1,,,,,,,
tm42,red-blue,red,shop,poke-mart,viridian-city,,1,0,1,,,,,,,
tm42,yellow,yellow,shop,poke-mart,viridian-city,,1,0,1,,,,,,,
tm43,red-blue,blue,overworld,visible,victory-road-kanto,,0,0,1,,,,,,,
tm43,red-blue,red,overworld,visible,victory-road-kanto,,0,0,1,,,,,,,
tm43,yellow,yellow,overworld,visible,victory-road-kanto,,0,0,1,,,,,,,
tm44,red-blue,blue,story,,ss-anne,,0,0,1,,,,,,,
tm44,red-blue,red,story,,ss-anne,,0,0,1,,,,,,,
tm44,yellow,yellow,story,,ss-anne,,0,0,1,,,,,,,
tm45,red-blue,red,overworld,visible,route-24-kanto,,0,0,1,,,,,,,
tm46,red-blue,red,trainer-reward,gym-leader,saffron-city,Defeat Sabrina,0,0,1,,,,,,,
tm47,red-blue,red,overworld,visible,victory-road-kanto,,0,0,1,,,,,,,
tm48,red-blue,red,shop,department-store,celadon-city,Celadon Department Store,1,0,1,,,,,,,
tm49,red-blue,red,shop,department-store,celadon-city,Celadon Department Store,1,0,1,,,,,,,
tm50,gold-silver,gold,overworld,visible,route-31-johto,,0,0,1,,,,,,,
tm50,red-blue,red,shop,vendor,celadon-game-corner,,1,0,1,,,7700,coin,,,
tm51,diamond-pearl,diamond,overworld,visible,route-210-sinnoh,,0,0,1,,,,,,,
tm51,heartgold-soulsilver,heartgold,trainer-reward,gym-leader,violet-city-gym,Defeat Falkner,0,0,1,,,,,,,
tm52,diamond-pearl,diamond,shop,department-store,veilstone-city,Veilstone Department Store,1,0,1,,,5500,poke-dollar,,,
tm53,black-white,black,overworld,visible,unova-route-12,,0,0,1,,,,,,,
tm53,black-2-white-2,black-2,overworld,visible,aspertia-city,,0,0,1,,,,,,,
tm53,diamond-pearl,diamond,exchange,,route-226-sinnoh,Battle Tower,1,0,1,,,64,battle-point,,,
tm53,heartgold-soulsilver,heartgold,exchange,,battle-frontier-johto,,1,0,1,,,64,battle-point,,,
tm53,platinum,platinum,exchange,,route-226-sinnoh,Battle Frontier,1,0,1,,,64,battle-point,,,
tm54,diamond-pearl,diamond,shop,department-store,veilstone-city,Veilstone Department Store,1,0,1,,,2000,poke-dollar,,,
tm54,diamond-pearl,pearl,shop,department-store,veilstone-city,Veilstone Department Store,1,0,1,,,2000,poke-dollar,,,
tm55,diamond-pearl,diamond,trainer-reward,gym-leader,,Prize for defeating Crasher Wake,0,0,1,,,,,,,
tm55,heartgold-soulsilver,heartgold,shop,department-store,celadon-city,Celadon Department Store,1,0,1,,,3000,poke-dollar,,,
tm56,diamond-pearl,diamond,overworld,visible,route-222-sinnoh,,0,0,1,,,,,,,
tm56,diamond-pearl,pearl,overworld,visible,route-222-sinnoh,,0,0,1,,,,,,,
tm56,platinum,platinum,overworld,visible,route-222-sinnoh,,0,0,1,,,,,,,
tm57,diamond-pearl,diamond,trainer-reward,gym-leader,,Prize for defeating Volkner,0,0,1,,,,,,,
tm57,heartgold-soulsilver,heartgold,lottery,,goldenrod-city,Goldenrod Department Store lottery,1,0,0,,,,,,,
tm57,diamond-pearl,pearl,trainer-reward,gym-leader,,Prize for defeating Volkner,0,0,1,,,,,,,
tm57,platinum,platinum,trainer-reward,gym-leader,,Prize for defeating Volkner,0,0,1,,,,,,,
tm57,heartgold-soulsilver,soulsilver,overworld,visible,power-plant,,0,0,1,,,,,,,
tm58,diamond-pearl,diamond,exchange,coins,veilstone-city,Game Corner,1,0,1,1,,2000,coin,,,
tm58,diamond-pearl,pearl,exchange,coins,veilstone-city,Game Corner,1,0,1,1,,2000,coin,,,
tm58,platinum,platinum,exchange,coins,veilstone-city,Game Corner,1,0,1,1,,2000,coin,,,
tm60,diamond-pearl,diamond,trainer-reward,gym-leader,,Prize for defeating Maylene,0,0,1,,,,,,,
tm61,black-white,black,overworld,visible,celestial-tower,,0,0,1,,,,,,,
tm61,diamond-pearl,diamond,exchange,,battle-tower-sinnoh,,1,0,1,,,32,battle-point,,,
tm61,platinum,platinum,exchange,,battle-frontier-sinnoh,,1,0,1,,,32,battle-point,,,
tm62,black-white,black,trainer-reward,gym-leader,,Defeat Skyla,0,0,1,,,,,,,
tm62,diamond-pearl,diamond,overworld,visible,route-212-sinnoh,,0,0,1,,,,,,,
tm62,heartgold-soulsilver,heartgold,lottery,,route-06-kanto,Goldenrod Department Store lottery,1,0,0,,,,,,,
tm62,platinum,platinum,overworld,visible,route-212-sinnoh,,0,0,1,,,,,,,
tm62,sword-shield,sword,shop,poke-mart,wyndon,,1,0,1,,,30000,poke-dollar,,,
tm62,x-y,x,overworld,visible,coumarine-city,,0,0,1,,,,,,,
tm63,diamond-pearl,diamond,overworld,visible,veilstone-city,,0,0,1,,,,,,,
tm63,heartgold-soulsilver,heartgold,overworld,visible,route-34-johto,,0,0,1,,,,,,,
tm64,diamond-pearl,diamond,shop,game-corner,veilstone-city,Veilstone Game Corner,1,0,1,,,,,,,
tm65,black-white,black,overworld,visible,celestial-tower,,0,0,1,,,,,,,
tm65,diamond-pearl,diamond,trainer-reward,gym-leader,,Prize for defeating Fantina,0,0,1,,,,,,,
tm65,heartgold-soulsilver,heartgold,lottery,,goldenrod-city,Goldenrod Department Store lottery,1,0,0,,,,,,,
tm65,diamond-pearl,pearl,trainer-reward,gym-leader,,Prize for defeating Fantina,0,0,1,,,,,,,
tm65,platinum,platinum,trainer-reward,gym-leader,,Prize for defeating Fantina,0,0,1,,,,,,,
tm65,heartgold-soulsilver,soulsilver,lottery,,goldenrod-city,Goldenrod Department Store lottery,1,0,0,,,,,,,
tm65,black-white,white,overworld,visible,celestial-tower,,0,0,1,,,,,,,
tm66,diamond-pearl,diamond,overworld,visible,route-215-sinnoh,,0,0,1,,,,,,,
tm66,diamond-pearl,pearl,overworld,visible,route-215-sinnoh,,0,0,1,,,,,,,
tm66,platinum,platinum,overworld,visible,route-215-sinnoh,,0,0,1,,,,,,,
tm67,black-white,black,trainer-reward,gym-leader,nacrene-city,Defeat Lenora,0,0,1,,,,,,,
tm67,diamond-pearl,diamond,overworld,visible,eterna-city,Eterna Condominiums,0,0,1,,,,,,,
tm67,diamond-pearl,pearl,overworld,visible,eterna-city,Eterna Condominiums,0,0,1,,,,,,,
tm67,platinum,platinum,overworld,visible,eterna-city,Eterna Condominiums,0,0,1,,,,,,,
tm67,black-white,white,trainer-reward,gym-leader,nacrene-city,Defeat Lenora,0,0,1,,,,,,,
tm68,diamond-pearl,diamond,shop,game-corner,veilstone-city,Veilstone Game Corner,1,0,1,,,20000,coin,,,
tm69,diamond-pearl,diamond,overworld,visible,mount-coronet,,0,0,1,,,,,,,
tm69,heartgold-soulsilver,heartgold,overworld,visible,route-10-kanto,,0,0,1,,,,,,,
tm69,diamond-pearl,pearl,overworld,visible,mount-coronet,,0,0,1,,,,,,,
tm69,platinum,platinum,overworld,visible,mount-coronet,,0,0,1,,,,,,,
tm69,heartgold-soulsilver,soulsilver,overworld,visible,route-10-kanto,,0,0,1,,,,,,,
tm70,diamond-pearl,diamond,shop,department-store,veilstone-city,Veilstone Department Store,1,0,1,,,1000,poke-dollar,,,Also found in Oreburgh Gate
tm71,diamond-pearl,diamond,exchange,,battle-tower-sinnoh,,1,0,1,,,80,battle-point,,,
tm72,diamond-pearl,diamond,trainer-reward,gym-leader,,Prize for defeating Candice,0,0,1,,,,,icicle-badge,,
tm73,diamond-pearl,diamond,exchange,,battle-tower-sinnoh,,1,0,1,,,32,battle-point,,,
tm74,diamond-pearl,diamond,exchange,coins,veilstone-city,Game Corner,1,0,1,,,15000,coin,,,
tm74,heartgold-soulsilver,heartgold,exchange,coins,celadon-city,Game Corner,1,0,1,,,10000,coin,,,
tm74,diamond-pearl,pearl,exchange,coins,veilstone-city,Game Corner,1,0,1,,,15000,coin,,,
tm74,platinum,platinum,exchange,coins,veilstone-city,Game Corner,1,0,1,,,15000,coin,,,
tm74,heartgold-soulsilver,soulsilver,exchange,coins,celadon-city,Game Corner,1,0,1,,,10000,coin,,,
tm75,diamond-pearl,diamond,shop,vendor,veilstone-city,Veilstone Game Corner,1,0,1,,,4000,coin,,,
tm76,diamond-pearl,diamond,trainer-reward,gym-leader,,Prize for defeating Roark,0,0,1,,,,,coal-badge,,
tm76,diamond-pearl,pearl,trainer-reward,gym-leader,,Prize for defeating Roark,0,0,1,,,,,coal-badge,,
tm76,platinum,platinum,trainer-reward,gym-leader,,Prize for defeating Roark,0,0,1,,,,,coal-badge,,
tm77,black-white,black,exchange,,battle-subway,,1,0,1,,,48,battle-point,,,
tm77,black-2-white-2,black-2,exchange,,battle-subway,Pokémon World Tournament,1,0,1,,,24,battle-point,,,
tm77,diamond-pearl,diamond,overworld,visible,route-211-sinnoh,,0,0,1,,,,,,,
tm77,heartgold-soulsilver,heartgold,overworld,visible,viridian-forest,,0,0,1,,,,,,,
tm77,sword-shield,shield,trainer-reward,gym-leader,ballonlea,Defeat Allister,0,0,1,,,,,,,
tm77,sword-shield,sword,shop,vendor,ballonlea,,1,0,1,,,,,,,
tm78,black-white,black,trainer-reward,gym-leader,driftveil-city,Defeat Clay,0,0,1,,,,,,,
tm78,diamond-pearl,diamond,overworld,visible,route-204-sinnoh,,0,0,1,,,,,,,
tm78,heartgold-soulsilver,heartgold,shop,department-store,celadon-city,Celadon Department Store,1,0,1,,,1500,poke-dollar,,,
tm79,diamond-pearl,diamond,overworld,visible,victory-road-sinnoh,,0,0,1,,,,,,,
tm79,diamond-pearl,pearl,overworld,visible,victory-road-sinnoh,,0,0,1,,,,,,,
tm80,diamond-pearl,diamond,overworld,visible,mount-coronet,,0,0,1,,,,,,,
tm80,heartgold-soulsilver,heartgold,trainer-reward,gym-leader,pewter-city,Defeat Brock,0,0,1,,,,,,,
tm81,diamond-pearl,diamond,overworld,visible,route-221-sinnoh,,0,0,1,,,,,,,
tm81,platinum,platinum,shop,specialty-shop,battle-frontier-sinnoh,,1,0,1,,,64,battle-point,,,
tm82,black-white,black,trainer-reward,gym-leader,opelucid-city,Defeat Drayden,0,0,1,,,,,,,
tm82,diamond-pearl,diamond,overworld,visible,eterna-forest,,0,0,1,,,,,,,
tm82,heartgold-soulsilver,heartgold,overworld,visible,goldenrod-tunnel,Warehouse,0,0,1,,,,,,,
tm82,diamond-pearl,pearl,overworld,visible,eterna-forest,,0,0,1,,,,,,,
tm82,platinum,platinum,overworld,visible,eterna-forest,,0,0,1,,,,,,,
tm82,heartgold-soulsilver,soulsilver,overworld,visible,goldenrod-tunnel,Warehouse,0,0,1,,,,,,,
tm82,black-white,white,trainer-reward,gym-leader,opelucid-city,Defeat Iris,0,0,1,,,,,,,
tm83,omega-ruby-alpha-sapphire,alpha-sapphire,overworld,visible,sootopolis-city,,0,0,1,,,,,,,
tm83,black-white,black,trainer-reward,gym-leader,,"Defeat Cilan, Chili, or Cress",0,0,1,,,,,,,
tm83,black-2-white-2,black-2,trainer-reward,gym-leader,,Defeat Cheren,0,0,1,,,,,,,
tm83,brilliant-diamond-shining-pearl,brilliant-diamond,shop,department-store,veilstone-city,Veilstone Department Store,1,0,1,,,3000,poke-dollar,,,
tm83,diamond-pearl,diamond,shop,department-store,veilstone-city,Veilstone Department Store,1,0,1,,,2000,poke-dollar,,,
tm83,heartgold-soulsilver,heartgold,shop,department-store,goldenrod-city,Goldenrod Department Store / Moomoo Farm,1,0,1,,,2000,poke-dollar,,,
tm83,sun-moon,moon,overworld,visible,alola-route-03,,0,0,1,,,,,,,
tm83,omega-ruby-alpha-sapphire,omega-ruby,overworld,visible,sootopolis-city,,0,0,1,,,,,,,
tm83,diamond-pearl,pearl,shop,department-store,veilstone-city,Veilstone Department Store,1,0,1,,,2000,poke-dollar,,,
tm83,platinum,platinum,shop,department-store,veilstone-city,Veilstone Department Store,1,0,1,,,2000,poke-dollar,,,
tm83,scarlet-violet,scarlet,crafting,recipe,,TM Machine,1,0,1,,,5000,league-point,,,"Requires Shroodle Ink x3, Seviper Fang x3, Mareanie Spike x3"
tm83,sword-shield,shield,shop,specialty-shop,battle-tower-galar,Battle Tower,1,0,1,,,100000,poke-dollar,,,
tm83,brilliant-diamond-shining-pearl,shining-pearl,shop,department-store,veilstone-city,Veilstone Department Store,1,0,1,,,3000,poke-dollar,,,
tm83,heartgold-soulsilver,soulsilver,shop,department-store,goldenrod-city,Goldenrod Department Store / Moomoo Farm,1,0,1,,,2000,poke-dollar,,,
tm83,sun-moon,sun,overworld,visible,alola-route-03,,0,0,1,,,,,,,
tm83,sword-shield,sword,shop,specialty-shop,battle-tower-galar,Battle Tower,1,0,1,,,100000,poke-dollar,,,
tm83,ultra-sun-ultra-moon,ultra-moon,overworld,visible,alola-route-03,,0,0,1,,,,,,,
tm83,ultra-sun-ultra-moon,ultra-sun,overworld,visible,alola-route-03,,0,0,1,,,,,,,
tm83,scarlet-violet,violet,crafting,recipe,,TM Machine,1,0,1,,,5000,league-point,,,"Requires Shroodle Ink x3, Seviper Fang x3, Mareanie Spike x3"
tm83,black-white,white,trainer-reward,gym-leader,,"Defeat Cilan, Chili, or Cress",0,0,1,,,,,,,
tm83,black-2-white-2,white-2,trainer-reward,gym-leader,,Defeat Cheren,0,0,1,,,,,,,
tm83,x-y,x,trainer-reward,gym-leader,,Defeat Viola,0,0,1,,,,,,,
tm83,x-y,y,trainer-reward,gym-leader,,Defeat Viola,0,0,1,,,,,,,
tm84,black-white,black,overworld,visible,unova-route-06,,0,0,1,,,,,,,
tm84,black-2-white-2,black-2,overworld,visible,moor-of-icirrus,,0,0,1,,,,,,,
tm84,diamond-pearl,diamond,overworld,visible,route-212-sinnoh,,0,0,1,,,,,,,
tm84,heartgold-soulsilver,heartgold,trainer-reward,gym-leader,,Defeat Janine,0,0,1,,,,,,,
tm84,x-y,x,shop,poke-mart,shalour-city,Poké Mart,1,0,1,,,10000,poke-dollar,,,
tm85,diamond-pearl,diamond,overworld,visible,valor-lakefront,,0,0,1,,,,,,,
tm85,heartgold-soulsilver,heartgold,overworld,visible,viridian-city,,0,0,1,,,,,,,
tm85,diamond-pearl,pearl,overworld,visible,valor-lakefront,,0,0,1,,,,,,,
tm85,platinum,platinum,overworld,visible,valor-lakefront,,0,0,1,,,,,,,
tm85,sword-shield,shield,trainer-reward,gym-leader,,Prize for defeating Piers,0,0,1,,,,,,After defeating Piers,
tm85,heartgold-soulsilver,soulsilver,overworld,visible,viridian-city,,0,0,1,,,,,,,
tm85,sword-shield,sword,trainer-reward,gym-leader,,Prize for defeating Piers,0,0,1,,,,,,After defeating Piers,
tm86,diamond-pearl,diamond,trainer-reward,gym-leader,,Defeat Gardenia,0,0,1,,,,,forest-badge,,
tm86,heartgold-soulsilver,heartgold,pickup,,route-11-kanto,,1,0,0,,,,,,,
tm86,diamond-pearl,pearl,trainer-reward,gym-leader,,Defeat Gardenia,0,0,1,,,,,forest-badge,,
tm86,platinum,platinum,trainer-reward,gym-leader,,Defeat Gardenia,0,0,1,,,,,forest-badge,,
tm86,heartgold-soulsilver,soulsilver,pickup,,route-11-kanto,,1,0,0,,,,,,,
tm87,diamond-pearl,diamond,overworld,visible,pokemon-mansion-sinnoh,,0,0,1,,,,,,,
tm87,heartgold-soulsilver,heartgold,shop,department-store,celadon-city,Celadon Department Store,1,0,1,,,1500,poke-dollar,,,
tm87,scarlet-violet,scarlet,crafting,recipe,,TM Machine,1,0,1,,,3000,league-point,,,"Requires Meowth Fur ×3, Sableye Gem ×3, Sneasel Claw ×3"
tm87,sword-shield,sword,trainer-reward,gym-leader,,Prize for defeating Opal,0,0,1,,,,,,,
tm89,diamond-pearl,diamond,shop,game-corner,veilstone-city,Veilstone Game Corner,1,0,1,,,6000,coin,,,
tm90,diamond-pearl,diamond,exchange,coins,veilstone-game-corner,,1,0,1,,,2000,coin,,,
tm91,black-white,black,overworld,visible,twist-mountain,,0,0,1,,,,,,,
tm91,diamond-pearl,diamond,trainer-reward,gym-leader,,Prize for defeating Byron,0,0,1,,,,,,,
tm91,heartgold-soulsilver,heartgold,lottery,,goldenrod-city,Goldenrod Department Store lottery,1,0,0,,,,,,,Tuesdays only
tm91,platinum,platinum,trainer-reward,gym-leader,,Prize for defeating Byron,0,0,1,,,,,,,
tm91,sword-shield,sword,shop,poke-mart,hammerlocke,East Pokémon Center,1,0,1,,,20000,poke-dollar,,,
tm92,diamond-pearl,diamond,overworld,visible,hotel-grand-lake,,0,0,1,,,,,,,
tm92,diamond-pearl,pearl,overworld,visible,hotel-grand-lake,,0,0,1,,,,,,,
tm92,platinum,platinum,overworld,visible,hotel-grand-lake,,0,0,1,,,,,,,
tm93,black-white,black,overworld,visible,victory-road-unova-bw,,0,0,1,,,,,,,
tm93,scarlet-violet,scarlet,crafting,recipe,,TM Machine,1,0,1,,,8000,league-point,,,"Requires Varoom Fume x3, Klefki Key x3, Tinkatink Hair x3."
tm93,sword-shield,sword,overworld,visible,wyndon,,0,0,1,,,,,,,
tm93,x-y,x,shop,poke-mart,kiloude-city,Poké Mart,1,0,1,,,50000,poke-dollar,,,
tm94,black-white,black,overworld,visible,pinwheel-forest,,0,0,1,,,,,,,
tm94,black-2-white-2,black-2,overworld,visible,virbank-complex,,0,0,1,,,,,,,
tm94,black-white,white,overworld,visible,pinwheel-forest,,0,0,1,,,,,,,
tm94,black-2-white-2,white-2,overworld,visible,virbank-complex,,0,0,1,,,,,,,
tm94,x-y,x,overworld,visible,ambrette-town,,0,0,1,,,,,,,
tm94,x-y,y,overworld,visible,ambrette-town,,0,0,1,,,,,,,
tm95,black-white,black,story,,castelia-city,Unobtainable without Lock Capsule,0,0,0,,,,,,Requires Lock Capsule transfer,Event-exclusive and unobtainable
tm95,black-2-white-2,black-2,npc-defeat,,lostlorn-forest,Zoroark disguised as Backpacker,0,0,1,,,,,,,
tm95,omega-ruby-alpha-sapphire,omega-ruby,overworld,visible,mirage-cave,North of Fallarbor Town,0,0,1,,,,,,,
tm95,x-y,x,overworld,visible,lost-hotel,,0,0,1,,,,,,,
tm96,omega-ruby-alpha-sapphire,alpha-sapphire,overworld,visible,fiery-path,,0,0,1,,,,,,,
tm96,sun-moon,moon,overworld,visible,alola-route-05,,0,0,1,,,,,,,
tm96,omega-ruby-alpha-sapphire,omega-ruby,overworld,visible,fiery-path,,0,0,1,,,,,,,
tm96,sword-shield,shield,overworld,visible,galar-route-08,,0,0,1,,,,,,,
tm96,sun-moon,sun,overworld,visible,alola-route-05,,0,0,1,,,,,,,
tm96,sword-shield,sword,overworld,visible,galar-route-08,,0,0,1,,,,,,,
tm96,ultra-sun-ultra-moon,ultra-moon,overworld,visible,alola-route-05,,0,0,1,,,,,,,
tm96,ultra-sun-ultra-moon,ultra-sun,overworld,visible,alola-route-05,,0,0,1,,,,,,,
tm96,x-y,x,overworld,visible,ambrette-town,,0,0,1,,,,,,,
tm96,x-y,y,overworld,visible,ambrette-town,,0,0,1,,,,,,,
tm97,omega-ruby-alpha-sapphire,alpha-sapphire,overworld,visible,team-aqua-hideout,,0,0,1,,,,,,,
tm97,sun-moon,moon,overworld,visible,poni-coast,,0,0,1,,,,,,,
tm97,omega-ruby-alpha-sapphire,omega-ruby,overworld,visible,team-magma-hideout,,0,0,1,,,,,,,
tm97,sword-shield,shield,overworld,visible,turffield,,0,0,1,,,,,,,
tm97,sun-moon,sun,overworld,visible,poni-coast,,0,0,1,,,,,,,
tm97,sword-shield,sword,overworld,visible,turffield,,0,0,1,,,,,,,
tm97,ultra-sun-ultra-moon,ultra-moon,overworld,visible,poni-coast,,0,0,1,,,,,,,
tm97,ultra-sun-ultra-moon,ultra-sun,overworld,visible,poni-coast,,0,0,1,,,,,,,
tm97,x-y,x,overworld,visible,kalos-route-15,,0,0,1,,,,,,,
tm97,x-y,y,overworld,visible,kalos-route-15,,0,0,1,,,,,,,
tm98,omega-ruby-alpha-sapphire,alpha-sapphire,shop,poke-mart,mauville-city,Mauville City Poké Mart,1,0,1,,,10000,poke-dollar,,,
tm98,brilliant-diamond-shining-pearl,brilliant-diamond,exchange,,battle-tower-sinnoh,,1,0,1,,,40,battle-point,,,
tm98,sun-moon,moon,overworld,visible,poni-breaker-coast,,0,0,1,,,,,,,
tm98,omega-ruby-alpha-sapphire,omega-ruby,shop,poke-mart,mauville-city,Mauville City Poké Mart,1,0,1,,,10000,poke-dollar,,,
tm98,scarlet-violet,scarlet,crafting,item-printer,,TM Machine,1,0,1,,,3000,league-point,,,Requires Girafarig Fur ×3 and Flittle Down ×3.
tm98,sword-shield,shield,overworld,visible,galar-route-10,,0,0,1,,,,,,,
tm98,brilliant-diamond-shining-pearl,shining-pearl,exchange,,battle-tower-sinnoh,,1,0,1,,,40,battle-point,,,
tm98,sun-moon,sun,overworld,visible,poni-breaker-coast,,0,0,1,,,,,,,
tm98,sword-shield,sword,overworld,visible,galar-route-10,,0,0,1,,,,,,,
tm98,ultra-sun-ultra-moon,ultra-moon,overworld,visible,poni-breaker-coast,,0,0,1,,,,,,,
tm98,ultra-sun-ultra-moon,ultra-sun,overworld,visible,poni-breaker-coast,,0,0,1,,,,,,,
tm98,scarlet-violet,violet,crafting,item-printer,,TM Machine,1,0,1,,,3000,league-point,,,Requires Girafarig Fur ×3 and Flittle Down ×3.
tm98,x-y,x,npc-defeat,trainer,,Defeating Korrina,0,0,1,,,,,,,
tm98,x-y,y,npc-defeat,trainer,,Defeating Korrina,0,0,1,,,,,,,
tm99,omega-ruby-alpha-sapphire,alpha-sapphire,overworld,visible,hoenn-route-123,,0,0,1,,,,,,,
tm99,sun-moon,moon,overworld,visible,vast-poni-canyon,,0,0,1,,,,,,,
tm99,omega-ruby-alpha-sapphire,omega-ruby,overworld,visible,hoenn-route-123,,0,0,1,,,,,,,
tm99,sword-shield,shield,trainer-reward,gym-leader,,Defeat Raihan,0,0,1,,,,,,,
tm99,sun-moon,sun,overworld,visible,vast-poni-canyon,,0,0,1,,,,,,,
tm99,sword-shield,sword,trainer-reward,gym-leader,,Defeat Raihan,0,0,1,,,,,,,
tm99,ultra-sun-ultra-moon,ultra-moon,overworld,visible,vast-poni-canyon,,0,0,1,,,,,,,
tm99,ultra-sun-ultra-moon,ultra-sun,overworld,visible,vast-poni-canyon,,0,0,1,,,,,,,
tm99,x-y,x,trainer-reward,gym-leader,,Defeat Valerie,0,0,1,,,,,,,
tm99,x-y,y,trainer-reward,gym-leader,,Defeat Valerie,0,0,1,,,,,,,
tm100,omega-ruby-alpha-sapphire,alpha-sapphire,shop,poke-mart,slateport-city,,1,0,1,,,5000,poke-dollar,,,
tm100,omega-ruby-alpha-sapphire,omega-ruby,shop,poke-mart,slateport-city,,1,0,1,,,5000,poke-dollar,,,
tm100,x-y,x,overworld,visible,coumarine-city,,0,0,1,,,,,,,
tm100,x-y,y,overworld,visible,coumarine-city,,0,0,1,,,,,,,
tm102,scarlet-violet,scarlet,trainer-reward,trainer,,"Prize for defeating Atticus, TM Machine",0,0,1,,,,,,,
tm102,scarlet-violet,violet,trainer-reward,trainer,,"Prize for defeating Atticus, TM Machine",0,0,1,,,,,,,
tm103,scarlet-violet,scarlet,shop,specialty-shop,blueberry-academy,Blueberry Academy Store,1,0,1,1,,25,battle-point,,Only in The Indigo Disk,
tm103,scarlet-violet,scarlet,crafting,recipe,,TM Machine,1,0,1,1,,5000,league-point,,,"Requires Mimikyu Scrap x3, Azurill Fur x3, Falinks Sweat x3"
tm103,scarlet-violet,violet,shop,specialty-shop,blueberry-academy,Blueberry Academy Store,1,0,1,1,,25,battle-point,,Only in The Indigo Disk,
tm103,scarlet-violet,violet,crafting,recipe,,TM Machine,1,0,1,1,,5000,league-point,,,"Requires Mimikyu Scrap x3, Azurill Fur x3, Falinks Sweat x3"
tm104,scarlet-violet,scarlet,crafting,recipe,,TM Machine,1,0,1,,,1500,league-point,,,Requires Bronzor Fragment ×3 and Pineco Husk ×3
tm104,scarlet-violet,scarlet,exchange,,blueberry-academy,Blueberry Academy Store,1,0,1,,,10,battle-point,,Only in The Indigo Disk,
tm104,scarlet-violet,violet,crafting,recipe,,TM Machine,1,0,1,,,1500,league-point,,,Requires Bronzor Fragment ×3 and Pineco Husk ×3
tm104,scarlet-violet,violet,exchange,,blueberry-academy,Blueberry Academy Store,1,0,1,,,10,battle-point,,Only in The Indigo Disk,
tm105,scarlet-violet,scarlet,crafting,item-printer,,"Mesagoza, Dalizapa Passage, Socarrat Trail, East Province (Area One), West Province (Area Three); Kitakami Road in The Teal Mask",1,0,1,,,5000,league-point,,,"Requires crafting materials: Fomantis Leaf ×3, Tarountula Thread ×3, Kricketot Shell ×3"
tm105,scarlet-violet,violet,crafting,item-printer,,"Mesagoza, Dalizapa Passage, Socarrat Trail, East Province (Area One), West Province (Area Three); Kitakami Road in The Teal Mask",1,0,1,,,5000,league-point,,,"Requires crafting materials: Fomantis Leaf ×3, Tarountula Thread ×3, Kricketot Shell ×3"
tm106,scarlet-violet,scarlet,crafting,recipe,,TM Machine,1,0,1,,,8000,league-point,,,"Requires Pineco Husk ×5, Dunsparce Scales ×3, and Arrokuda Scales ×3"
tm106,scarlet-violet,violet,crafting,recipe,,TM Machine,1,0,1,,,8000,league-point,,,"Requires Pineco Husk ×5, Dunsparce Scales ×3, and Arrokuda Scales ×3"
tm107,scarlet-violet,scarlet,crafting,recipe,,TM Machine,1,0,1,,,3000,league-point,,,Requires Salandit Gas ×3 and Shuppet Scrap ×3
tm107,scarlet-violet,violet,crafting,recipe,,TM Machine,1,0,1,,,3000,league-point,,,Requires Salandit Gas ×3 and Shuppet Scrap ×3
tm108,scarlet-violet,scarlet,shop,specialty-shop,,TM Machine,1,0,1,,,8000,league-point,,,"Requires Maschiff Fang ×5, Bruxish Tooth ×3, Yungoos Fur ×3"
tm108,scarlet-violet,scarlet,shop,specialty-shop,,"Blueberry Academy Store, Polar Biome",1,0,1,,,40,battle-point,,Only in The Indigo Disk,
tm108,scarlet-violet,violet,shop,specialty-shop,,"Blueberry Academy Store, Polar Biome",1,0,1,,,40,battle-point,,Only in The Indigo Disk,
tm108,scarlet-violet,violet,shop,specialty-shop,,TM Machine,1,0,1,,,8000,league-point,,,"Requires Maschiff Fang ×5, Bruxish Tooth ×3, Yungoos Fur ×3"
tm109,scarlet-violet,scarlet,crafting,recipe,medali,TM Machine,1,0,1,,,5000,league-point,,,"Requires Shuppet Scrap ×3, Sableye Gem ×3, Sinistea Chip ×3"
tm109,the-indigo-disk,,shop,specialty-shop,blueberry-academy,Blueberry Academy Store,1,0,1,,,25,battle-point,,,
tm109,the-teal-mask,,crafting,recipe,kitakami-road,TM Machine,1,0,1,,,5000,league-point,,,"Requires Shuppet Scrap ×3, Sableye Gem ×3, Sinistea Chip ×3"
tm109,scarlet-violet,violet,crafting,recipe,medali,TM Machine,1,0,1,,,5000,league-point,,,"Requires Shuppet Scrap ×3, Sableye Gem ×3, Sinistea Chip ×3"
tm110,scarlet-violet,scarlet,exchange,,blueberry-academy,Blueberry Academy Store,1,0,1,,,50,battle-point,,Only in The Indigo Disk,
tm110,scarlet-violet,scarlet,crafting,recipe,,TM Machine,1,0,1,,,10000,league-point,,,"Requires Arrokuda Scales ×5, Wiglett Sand ×3, Buizel Fur ×3"
tm110,scarlet-violet,violet,exchange,,blueberry-academy,Blueberry Academy Store,1,0,1,,,50,battle-point,,Only in The Indigo Disk,
tm110,scarlet-violet,violet,crafting,recipe,,TM Machine,1,0,1,,,10000,league-point,,,"Requires Arrokuda Scales ×5, Wiglett Sand ×3, Buizel Fur ×3"
tm111,scarlet-violet,scarlet,crafting,recipe,,TM Machine,1,0,1,,,8000,league-point,,,"Requires Capsakid Seed ×5, Hoppip Leaf ×3, Skiddo Leaf ×3"
tm111,scarlet-violet,scarlet,overworld,visible,area-zero,,0,0,1,,,,,,,
tm111,scarlet-violet,scarlet,shop,specialty-shop,blueberry-academy,Blueberry Academy Store,1,0,1,,,40,battle-point,,Only in The Indigo Disk,
tm111,scarlet-violet,violet,crafting,recipe,,TM Machine,1,0,1,,,8000,league-point,,,"Requires Capsakid Seed ×5, Hoppip Leaf ×3, Skiddo Leaf ×3"
tm111,scarlet-violet,violet,overworld,visible,area-zero,,0,0,1,,,,,,,
tm111,scarlet-violet,violet,shop,specialty-shop,blueberry-academy,Blueberry Academy Store,1,0,1,,,40,battle-point,,Only in The Indigo Disk,
tm112,scarlet-violet,scarlet,exchange,,blueberry-academy,Blueberry Academy Store,1,0,1,1,,40,battle-point,,Only in The Indigo Disk,
tm112,scarlet-violet,scarlet,crafting,recipe,,TM Machine,1,0,1,1,,8000,league-point,,,"Requires Ralts Dust ×5, Riolu Fur ×3, Charcadet Soot ×3"
tm112,scarlet-violet,violet,crafting,recipe,,TM Machine,1,0,1,1,,8000,league-point,,,"Requires Ralts Dust ×5, Riolu Fur ×3, Charcadet Soot ×3"
tm112,scarlet-violet,violet,exchange,,blueberry-academy,Blueberry Academy Store,1,0,1,1,,40,battle-point,,Only in The Indigo Disk,
tm113,scarlet-violet,scarlet,exchange,,,Blueberry Academy Store,1,0,1,,,25,battle-point,,Only in The Indigo Disk,
tm113,scarlet-violet,scarlet,crafting,recipe,,TM Machine,1,0,1,,,5000,league-point,,,"Requires Rufflet Feather ×3, Rookidee Feather ×3, Bombirdier Feather ×3"
tm113,scarlet-violet,violet,exchange,,,Blueberry Academy Store,1,0,1,,,25,battle-point,,Only in The Indigo Disk,
tm113,scarlet-violet,violet,crafting,recipe,,TM Machine,1,0,1,,,5000,league-point,,,"Requires Rufflet Feather ×3, Rookidee Feather ×3, Bombirdier Feather ×3"
tm114,scarlet-violet,scarlet,crafting,recipe,area-zero,TM Machine; prize for defeating Ryme,1,0,1,,,8000,league-point,,After defeating Ryme,"Requires Gastly Gas ×5, Sandygast Sand ×3, Sinistea Chip ×3"
tm114,scarlet-violet,violet,crafting,recipe,area-zero,TM Machine; prize for defeating Ryme,1,0,1,,,8000,league-point,,After defeating Ryme,"Requires Gastly Gas ×5, Sandygast Sand ×3, Sinistea Chip ×3"
tm115,scarlet-violet,scarlet,crafting,recipe,,TM Machine,1,0,1,,,8000,league-point,,,"Requires Goomy Goo ×5, Swablu Fluff ×3, Tatsugiri Scales ×3"
tm115,scarlet-violet,scarlet,exchange,,blueberry-academy-store,Canyon Biome,1,0,1,,,40,battle-point,,Only in The Indigo Disk,
tm115,scarlet-violet,violet,crafting,recipe,,TM Machine,1,0,1,,,8000,league-point,,,"Requires Goomy Goo ×5, Swablu Fluff ×3, Tatsugiri Scales ×3"
tm115,scarlet-violet,violet,exchange,,blueberry-academy-store,Canyon Biome,1,0,1,,,40,battle-point,,Only in The Indigo Disk,
tm116,scarlet-violet,scarlet,story,,,After School Pokémon Research Club,0,0,1,,,,,,,
tm116,scarlet-violet,scarlet,crafting,recipe,,TM Machine,1,0,1,,,5000,league-point,,,Requires Rolycoly Coal ×3 and Rockruff Rock ×3
tm116,scarlet-violet,scarlet,overworld,visible,south-province-area-two,,0,0,1,,,,,,,
tm116,scarlet-violet,violet,story,,,After School Pokémon Research Club,0,0,1,,,,,,,
tm116,scarlet-violet,violet,overworld,visible,south-province-area-two,,0,0,1,,,,,,,
tm116,scarlet-violet,violet,crafting,recipe,,TM Machine,1,0,1,,,5000,league-point,,,Requires Rolycoly Coal ×3 and Rockruff Rock ×3
tm117,scarlet-violet,scarlet,crafting,recipe,south-province-area-six,TM Machine,1,0,1,,,8000,league-point,,,"Requires Litleo Tuft ×5, Tandemaus Fur ×3, Skwovet Fur ×3"
tm117,scarlet-violet,scarlet,shop,specialty-shop,blueberry-academy,"Blueberry Academy Store, Canyon Biome",1,0,1,,,40,battle-point,,Only in The Indigo Disk,
tm117,scarlet-violet,violet,crafting,recipe,south-province-area-six,TM Machine,1,0,1,,,8000,league-point,,,"Requires Litleo Tuft ×5, Tandemaus Fur ×3, Skwovet Fur ×3"
tm117,scarlet-violet,violet,shop,specialty-shop,blueberry-academy,"Blueberry Academy Store, Canyon Biome",1,0,1,,,40,battle-point,,Only in The Indigo Disk,
tm118,scarlet-violet,scarlet,shop,vendor,blueberry-academy,"Blueberry Academy Store, Savanna Plaza",1,0,1,,,50,battle-point,,Only in The Indigo Disk,
tm118,scarlet-violet,scarlet,crafting,recipe,asado-desert,TM Machine,1,0,1,,,10000,league-point,,,"Requires materials: Growlithe Fur ×5, Torkoal Coal ×3, Larvesta Fuzz ×3."
tm118,scarlet-violet,violet,crafting,recipe,asado-desert,TM Machine,1,0,1,,,10000,league-point,,,"Requires materials: Growlithe Fur ×5, Torkoal Coal ×3, Larvesta Fuzz ×3."
tm118,scarlet-violet,violet,shop,vendor,blueberry-academy,"Blueberry Academy Store, Savanna Plaza",1,0,1,,,50,battle-point,,Only in The Indigo Disk,
tm119,scarlet-violet,scarlet,crafting,recipe,,TM Machine,1,0,1,,,10000,league-point,,,"Requires Deerling Hair ×5, Applin Juice ×3, Bramblin Twig ×3"
tm119,scarlet-violet,scarlet,shop,vendor,blueberry-academy,"Blueberry Academy Store, Canyon Biome",1,0,1,,,50,battle-point,,Only in The Indigo Disk,
tm119,scarlet-violet,violet,crafting,recipe,,TM Machine,1,0,1,,,10000,league-point,,,"Requires Deerling Hair ×5, Applin Juice ×3, Bramblin Twig ×3"
tm119,scarlet-violet,violet,shop,vendor,blueberry-academy,"Blueberry Academy Store, Canyon Biome",1,0,1,,,50,battle-point,,Only in The Indigo Disk,
tm120,scarlet-violet,scarlet,trainer-reward,gym-leader,,Prize for defeating Tulip,0,0,1,,,,,,,
tm120,scarlet-violet,scarlet,crafting,recipe,,TM Machine,1,0,1,,,10000,league-point,,,"Requires Rellor Mud ×5, Indeedee Fur ×3, Ralts Dust ×3"
tm120,scarlet-violet,violet,trainer-reward,gym-leader,,Prize for defeating Tulip,0,0,1,,,,,,,
tm120,scarlet-violet,violet,crafting,recipe,,TM Machine,1,0,1,,,10000,league-point,,,"Requires Rellor Mud ×5, Indeedee Fur ×3, Ralts Dust ×3"
tm121,scarlet-violet,scarlet,crafting,tm-machine,,TM Machine,1,0,1,,,5000,league-point,,,"Requires Cufant Tarnish ×3, Bronzor Fragment ×3, Dondozo Whisker ×3"
tm121,scarlet-violet,violet,crafting,tm-machine,,TM Machine,1,0,1,,,5000,league-point,,,"Requires Cufant Tarnish ×3, Bronzor Fragment ×3, Dondozo Whisker ×3"
tm122,scarlet-violet,scarlet,crafting,recipe,,"TM Machine locations including Levincia, Casseroya Lake, Segin Squad's Base, North Province (Area Three), South Province (Area Four); Infernal Pass in The Teal Mask",1,0,1,,,3000,league-point,,,Requires materials: Hawlucha Down ×3 and Slakoth Fur ×3
tm122,scarlet-violet,violet,crafting,recipe,,"TM Machine locations including Levincia, Casseroya Lake, Segin Squad's Base, North Province (Area Three), South Province (Area Four); Infernal Pass in The Teal Mask",1,0,1,,,3000,league-point,,,Requires materials: Hawlucha Down ×3 and Slakoth Fur ×3
tm123,scarlet-violet,scarlet,crafting,item-printer,levincia,TM Machine,1,0,1,,,10000,league-point,,,Also available in Kitakami Wilds during The Teal Mask
tm123,scarlet-violet,violet,crafting,item-printer,levincia,TM Machine,1,0,1,,,10000,league-point,,,Also available in Kitakami Wilds during The Teal Mask
tm124,scarlet-violet,scarlet,trainer-reward,gym-leader,,Prize for defeating Grusha,0,0,1,,,,,,,
tm124,scarlet-violet,scarlet,crafting,recipe,,TM Machine,1,0,1,,,8000,league-point,,,"Requires Cetoddle Grease ×5, Bergmite Ice ×3, Frigibax Scales ×3"
tm124,scarlet-violet,scarlet,shop,specialty-shop,,Blueberry Academy Store,1,0,1,,,50,battle-point,,Only in The Indigo Disk,
tm124,scarlet-violet,violet,crafting,recipe,,TM Machine,1,0,1,,,8000,league-point,,,"Requires Cetoddle Grease ×5, Bergmite Ice ×3, Frigibax Scales ×3"
tm124,scarlet-violet,violet,shop,specialty-shop,,Blueberry Academy Store,1,0,1,,,50,battle-point,,Only in The Indigo Disk,
tm124,scarlet-violet,violet,trainer-reward,gym-leader,,Prize for defeating Grusha,0,0,1,,,,,,,
tm125,scarlet-violet,scarlet,crafting,craftworks,,TM Machine,1,0,1,,,10000,league-point,,,"Requires Litleo Tuft ×5, Houndour Fang ×3, Numel Lava ×3"
tm125,scarlet-violet,scarlet,exchange,,blueberry-academy-store,Coastal Biome,1,0,1,,,50,battle-point,,Only in The Indigo Disk,
tm125,scarlet-violet,violet,crafting,craftworks,,TM Machine,1,0,1,,,10000,league-point,,,"Requires Litleo Tuft ×5, Houndour Fang ×3, Numel Lava ×3"
tm125,scarlet-violet,violet,exchange,,blueberry-academy-store,Coastal Biome,1,0,1,,,50,battle-point,,Only in The Indigo Disk,
tm126,scarlet-violet,scarlet,crafting,recipe,,TM Machine,1,0,1,,,10000,league-point,,,Requires materials
tm126,scarlet-violet,violet,crafting,recipe,,TM Machine,1,0,1,,,10000,league-point,,,Requires materials
tm127,scarlet-violet,scarlet,exchange,,blueberry-academy,Blueberry Academy Store,1,0,1,,,50,battle-point,,Only in The Indigo Disk,
tm127,scarlet-violet,scarlet,crafting,recipe,,TM Machine,1,0,1,,,10000,league-point,,,"Requires Fidough Fur ×5, Tandemaus Fur ×3, Tinkatink Hair ×3"
tm127,scarlet-violet,violet,exchange,,blueberry-academy,Blueberry Academy Store,1,0,1,,,50,battle-point,,Only in The Indigo Disk,
tm127,scarlet-violet,violet,crafting,recipe,,TM Machine,1,0,1,,,10000,league-point,,,"Requires Fidough Fur ×5, Tandemaus Fur ×3, Tinkatink Hair ×3"
tm128,scarlet-violet,scarlet,crafting,recipe,mesagoza,TM Machine,1,0,1,,,1500,league-point,,,Requires 3 Slowpoke Claw and 3 Slakoth Fur
tm128,scarlet-violet,violet,crafting,recipe,mesagoza,TM Machine,1,0,1,,,1500,league-point,,,Requires 3 Slowpoke Claw and 3 Slakoth Fur
tm129,scarlet-violet,scarlet,crafting,recipe,,TM Machine,1,0,1,,,3000,league-point,,,Requires Stantler Hair ×3 and Indeedee Fur ×3
tm129,scarlet-violet,scarlet,shop,specialty-shop,blueberry-academy,Blueberry Academy Store (The Indigo Disk),1,0,1,,,15,battle-point,,Only in The Indigo Disk,
tm129,scarlet-violet,violet,crafting,recipe,,TM Machine,1,0,1,,,3000,league-point,,,Requires Stantler Hair ×3 and Indeedee Fur ×3
tm129,scarlet-violet,violet,shop,specialty-shop,blueberry-academy,Blueberry Academy Store (The Indigo Disk),1,0,1,,,15,battle-point,,Only in The Indigo Disk,
tm130,scarlet-violet,scarlet,shop,specialty-shop,blueberry-academy,Blueberry Academy Store,1,0,1,,,10,battle-point,,Only available during The Indigo Disk,
tm130,scarlet-violet,scarlet,crafting,recipe,,TM Machine,1,0,1,,,400,league-point,,,Requires Eevee Fur ×1
tm130,scarlet-violet,violet,shop,specialty-shop,blueberry-academy,Blueberry Academy Store,1,0,1,,,10,battle-point,,Only available during The Indigo Disk,
tm130,scarlet-violet,violet,crafting,recipe,,TM Machine,1,0,1,,,400,league-point,,,Requires Eevee Fur ×1
tm131,scarlet-violet,scarlet,crafting,recipe,,TM Machine,1,0,1,,,10000,league-point,,,"Requires Rellor Mud ×5, Petilil Leaf ×3, Kricketot Shell ×3"
tm131,scarlet-violet,violet,crafting,recipe,,TM Machine,1,0,1,,,10000,league-point,,,"Requires Rellor Mud ×5, Petilil Leaf ×3, Kricketot Shell ×3"
tm133,scarlet-violet,scarlet,crafting,recipe,,TM Machine,1,0,1,,,10000,league-point,,,"Requires Silicobra Sand ×5, Shellos Mud ×3, Barboach Slime ×3"
tm133,the-indigo-disk,,exchange,,blueberry-academy,"Blueberry Academy Store, Coastal Biome",1,0,1,,,50,battle-point,,,
tm133,scarlet-violet,violet,crafting,recipe,,TM Machine,1,0,1,,,10000,league-point,,,"Requires Silicobra Sand ×5, Shellos Mud ×3, Barboach Slime ×3"
tm134,scarlet-violet,scarlet,crafting,recipe,casseroya-lake,"East Province (Area One), TM Machine",1,0,1,,,3000,league-point,,,"Requires Falinks Sweat ×3, Heracross Claw ×3, and Mankey Fur ×3"
tm134,scarlet-violet,violet,crafting,recipe,casseroya-lake,"East Province (Area One), TM Machine",1,0,1,,,3000,league-point,,,"Requires Falinks Sweat ×3, Heracross Claw ×3, and Mankey Fur ×3"
tm136,scarlet-violet,scarlet,crafting,recipe,levincia,TM Machine,1,0,1,,,3000,league-point,,,
tm136,scarlet-violet,violet,crafting,recipe,levincia,TM Machine,1,0,1,,,3000,league-point,,,
tm137,scarlet-violet,scarlet,crafting,recipe,,TM Machine,1,0,1,,,3000,league-point,,,"Requires Flabébé Pollen ×3, Sunkern Leaf ×3, and Fomantis Leaf ×3"
tm137,scarlet-violet,violet,crafting,recipe,,TM Machine,1,0,1,,,3000,league-point,,,"Requires Flabébé Pollen ×3, Sunkern Leaf ×3, and Fomantis Leaf ×3"
tm138,scarlet-violet,scarlet,crafting,item-printer,,TM Machine,1,0,1,,,3000,league-point,,,Also requires crafting materials
tm138,scarlet-violet,violet,crafting,item-printer,,TM Machine,1,0,1,,,3000,league-point,,,Also requires crafting materials
tm139,scarlet-violet,scarlet,crafting,recipe,,TM Machine,1,0,1,,,3000,league-point,,,"Requires Klefki Key ×3, Igglybuff Fluff ×3, Flabébé Pollen ×3"
tm139,scarlet-violet,violet,crafting,recipe,,TM Machine,1,0,1,,,3000,league-point,,,"Requires Klefki Key ×3, Igglybuff Fluff ×3, Flabébé Pollen ×3"
tm140,scarlet-violet,scarlet,shop,specialty-shop,blueberry-academy,Blueberry Academy Store (Polar Biome),1,0,1,,,25,battle-point,,Only in The Indigo Disk,
tm140,scarlet-violet,scarlet,crafting,recipe,area-zero,TM Machine,1,0,1,,,5000,league-point,,,"Requires Meowth Fur ×3, Spiritomb Fragment ×3, Tatsugiri Scales ×3"
tm140,scarlet-violet,violet,shop,specialty-shop,blueberry-academy,Blueberry Academy Store (Polar Biome),1,0,1,,,25,battle-point,,Only in The Indigo Disk,
tm140,scarlet-violet,violet,crafting,recipe,area-zero,TM Machine,1,0,1,,,5000,league-point,,,"Requires Meowth Fur ×3, Spiritomb Fragment ×3, Tatsugiri Scales ×3"
tm141,scarlet-violet,scarlet,shop,specialty-shop,blueberry-academy,Blueberry Academy Store,1,0,1,1,,60,battle-point,,Only in The Indigo Disk,
tm141,scarlet-violet,scarlet,crafting,recipe,,TM Machine,1,0,1,1,,12000,league-point,,,Available at multiple locations including Casseroya Lake and provinces; additional locations in The Teal Mask and The Indigo Disk
tm141,scarlet-violet,violet,shop,specialty-shop,blueberry-academy,Blueberry Academy Store,1,0,1,1,,60,battle-point,,Only in The Indigo Disk,
tm141,scarlet-violet,violet,crafting,recipe,,TM Machine,1,0,1,1,,12000,league-point,,,Available at multiple locations including Casseroya Lake and provinces; additional locations in The Teal Mask and The Indigo Disk
tm142,scarlet-violet,scarlet,crafting,recipe,,TM Machine,1,0,1,,,12000,league-point,,,"Requires Finizen Mucus ×5, Finneon Scales ×3, and Luvdisc Scales ×3"
tm142,scarlet-violet,scarlet,shop,specialty-shop,blueberry-academy,Blueberry Academy Store,1,0,1,,,60,battle-point,,Only in The Indigo Disk,
tm142,scarlet-violet,violet,crafting,recipe,,TM Machine,1,0,1,,,12000,league-point,,,"Requires Finizen Mucus ×5, Finneon Scales ×3, and Luvdisc Scales ×3"
tm142,scarlet-violet,violet,shop,specialty-shop,blueberry-academy,Blueberry Academy Store,1,0,1,,,60,battle-point,,Only in The Indigo Disk,
tm143,scarlet-violet,scarlet,crafting,recipe,area-zero,TM Machine,1,0,1,,,12000,league-point,,,Requires additional Pokémon materials
tm143,scarlet-violet,scarlet,shop,specialty-shop,blueberry-academy,Blueberry Academy Store,1,0,1,,,60,battle-point,,Only in The Indigo Disk,
tm143,scarlet-violet,violet,shop,specialty-shop,blueberry-academy,Blueberry Academy Store,1,0,1,,,60,battle-point,,Only in The Indigo Disk,
tm143,scarlet-violet,violet,crafting,recipe,area-zero,TM Machine,1,0,1,,,12000,league-point,,,Requires additional Pokémon materials
tm144,scarlet-violet,scarlet,crafting,recipe,east-paldean-sea,TM Machine,1,0,1,,,8000,league-point,,,Also obtainable in The Indigo Disk at Torchlit Labyrinth
tm144,scarlet-violet,violet,crafting,recipe,east-paldean-sea,TM Machine,1,0,1,,,8000,league-point,,,Also obtainable in The Indigo Disk at Torchlit Labyrinth
tm145,scarlet-violet,scarlet,crafting,recipe,east-paldean-sea,TM Machine,1,0,1,,,8000,league-point,,,Also available only in The Indigo Disk at Torchlit Labyrinth
tm145,scarlet-violet,violet,crafting,recipe,east-paldean-sea,TM Machine,1,0,1,,,8000,league-point,,,Also available only in The Indigo Disk at Torchlit Labyrinth
tm146,scarlet-violet,scarlet,crafting,recipe,east-paldean-sea,TM Machine,1,0,1,,,8000,league-point,,,Also available in Torchlit Labyrinth in The Indigo Disk
tm146,scarlet-violet,violet,crafting,recipe,east-paldean-sea,TM Machine,1,0,1,,,8000,league-point,,,Also available in Torchlit Labyrinth in The Indigo Disk
tm147,scarlet-violet,scarlet,crafting,recipe,north-province-area-two,TM Machine,1,0,1,,,10000,league-point,,Only in The Teal Mask: Paradise Barrens,"Requires Shinx Fang ×5, Pichu Fur ×3, Tynamo Slime ×3"
tm147,scarlet-violet,violet,crafting,recipe,north-province-area-two,TM Machine,1,0,1,,,10000,league-point,,Only in The Teal Mask: Paradise Barrens,"Requires Shinx Fang ×5, Pichu Fur ×3, Tynamo Slime ×3"
tm148,scarlet-violet,scarlet,crafting,recipe,,TM Machine,1,0,1,,,10000,league-point,,,"Requires Croagunk Poison ×5, Grimer Toxin ×3, Foongus Spores ×3"
tm148,scarlet-violet,scarlet,exchange,,,Blueberry Academy Store,1,0,1,,,50,battle-point,,Only in The Indigo Disk,
tm148,scarlet-violet,violet,exchange,,,Blueberry Academy Store,1,0,1,,,50,battle-point,,Only in The Indigo Disk,
tm148,scarlet-violet,violet,crafting,recipe,,TM Machine,1,0,1,,,10000,league-point,,,"Requires Croagunk Poison ×5, Grimer Toxin ×3, Foongus Spores ×3"
tm149,scarlet-violet,scarlet,crafting,recipe,cascarrafa,TM Machine,1,0,1,,,12000,league-point,,,"Requires Phanpy Nail ×5, Diglett Dirt ×3, Barboach Slime ×3"
tm149,scarlet-violet,scarlet,exchange,,blueberry-academy,Blueberry Academy Store,1,0,1,,,60,battle-point,,Only in The Indigo Disk,
tm149,scarlet-violet,violet,exchange,,blueberry-academy,Blueberry Academy Store,1,0,1,,,60,battle-point,,Only in The Indigo Disk,
tm149,scarlet-violet,violet,crafting,recipe,cascarrafa,TM Machine,1,0,1,,,12000,league-point,,,"Requires Phanpy Nail ×5, Diglett Dirt ×3, Barboach Slime ×3"
tm150,scarlet-violet,scarlet,crafting,recipe,,TM Machine,1,0,1,,,12000,league-point,,,"Requires Rolycoly Coal ×5, Rockruff Rock ×3, Klawf Claw ×3"
tm150,scarlet-violet,scarlet,shop,specialty-shop,blueberry-academy,Blueberry Academy Store,1,0,1,,,60,battle-point,,Only in The Indigo Disk,
tm150,scarlet-violet,violet,shop,specialty-shop,blueberry-academy,Blueberry Academy Store,1,0,1,,,60,battle-point,,Only in The Indigo Disk,
tm150,scarlet-violet,violet,crafting,recipe,,TM Machine,1,0,1,,,12000,league-point,,,"Requires Rolycoly Coal ×5, Rockruff Rock ×3, Klawf Claw ×3"
tm151,scarlet-violet,scarlet,crafting,recipe,timeless-woods,TM Machine,1,0,1,1,,10000,league-point,,Only in The Teal Mask,"Requires Sinistea Chips ×5, Shuppet Scrap ×3, Greavard Wax ×3"
tm151,scarlet-violet,scarlet,crafting,recipe,inlet-grotto,TM Machine,1,0,1,1,,10000,league-point,,,"Requires Sinistea Chips ×5, Shuppet Scrap ×3, Greavard Wax ×3"
tm151,scarlet-violet,violet,crafting,recipe,inlet-grotto,TM Machine,1,0,1,1,,10000,league-point,,,"Requires Sinistea Chips ×5, Shuppet Scrap ×3, Greavard Wax ×3"
tm151,scarlet-violet,violet,crafting,recipe,timeless-woods,TM Machine,1,0,1,1,,10000,league-point,,Only in The Teal Mask,"Requires Sinistea Chips ×5, Shuppet Scrap ×3, Greavard Wax ×3"
tm152,scarlet-violet,scarlet,crafting,recipe,,TM Machine,1,0,1,,,14000,league-point,,,"Requires Tauros Hair ×8, Zangoose Claw ×5, and Slakoth Fur ×3."
tm152,scarlet-violet,violet,crafting,recipe,,TM Machine,1,0,1,,,14000,league-point,,,"Requires Tauros Hair ×8, Zangoose Claw ×5, and Slakoth Fur ×3."
tm153,scarlet-violet,scarlet,crafting,recipe,north-province-area-one,TM Machine,1,0,1,,,14000,league-point,,,"Requires Houndour Fang ×8, Charcadet Soot ×5, Growlithe Fur ×3"
tm153,scarlet-violet,violet,crafting,recipe,north-province-area-one,TM Machine,1,0,1,,,14000,league-point,,,"Requires Houndour Fang ×8, Charcadet Soot ×5, Growlithe Fur ×3"
tm154,scarlet-violet,scarlet,crafting,recipe,north-province-area-one,TM Machine,1,0,1,1,,14000,league-point,,,Only in The Indigo Disk: Coastal Biome
tm154,scarlet-violet,violet,crafting,recipe,north-province-area-one,TM Machine,1,0,1,1,,14000,league-point,,,Only in The Indigo Disk: Coastal Biome
tm155,scarlet-violet,scarlet,crafting,recipe,north-province-area-one,TM Machine,1,0,1,,,14000,league-point,,Only in The Indigo Disk: Canyon Biome,
tm155,scarlet-violet,violet,crafting,recipe,north-province-area-one,TM Machine,1,0,1,,,14000,league-point,,Only in The Indigo Disk: Canyon Biome,
tm156,scarlet-violet,scarlet,crafting,recipe,area-zero,TM Machine,1,0,1,,,12000,league-point,,,"Requires Axew Scales x5, Dratini Scales x3, Frigibax Scales x3"
tm156,scarlet-violet,scarlet,shop,vendor,blueberry-academy,Blueberry Academy Store,1,0,1,,,60,battle-point,,Only in The Indigo Disk,
tm156,scarlet-violet,violet,crafting,recipe,area-zero,TM Machine,1,0,1,,,12000,league-point,,,"Requires Axew Scales x5, Dratini Scales x3, Frigibax Scales x3"
tm156,scarlet-violet,violet,shop,vendor,blueberry-academy,Blueberry Academy Store,1,0,1,,,60,battle-point,,Only in The Indigo Disk,
tm157,scarlet-violet,scarlet,overworld,visible,alfornada-cavern,,0,0,1,,,,,,,
tm157,scarlet-violet,scarlet,crafting,recipe,,TM Machine,1,0,1,,,12000,league-point,,,"Requires Litleo Tuft ×5, Numel Lava ×3, Capsakid Seed ×3"
tm157,the-indigo-disk,,shop,specialty-shop,blueberry-academy-store,,1,0,1,,,60,battle-point,,Only in The Indigo Disk,
tm157,scarlet-violet,violet,overworld,visible,glaseado-mountain,,0,0,1,,,,,,,
tm158,scarlet-violet,scarlet,crafting,craftworks,,TM Machine,1,0,1,,,12000,league-point,,,"Requires Flamigo Down ×5, Meditite Sweat ×3, Impidimp Hair ×3"
tm158,scarlet-violet,scarlet,shop,specialty-shop,blueberry-academy,Blueberry Academy Store,1,0,1,,,60,battle-point,,Only in The Indigo Disk,
tm158,scarlet-violet,violet,shop,specialty-shop,blueberry-academy,Blueberry Academy Store,1,0,1,,,60,battle-point,,Only in The Indigo Disk,
tm158,scarlet-violet,violet,crafting,craftworks,,TM Machine,1,0,1,,,12000,league-point,,,"Requires Flamigo Down ×5, Meditite Sweat ×3, Impidimp Hair ×3"
tm159,scarlet-violet,scarlet,crafting,recipe,area-zero,TM Machine,1,0,1,,,12000,league-point,,,"Requires Bounsweet Sweat ×5, Tropius Leaf ×3, Toedscool Flaps ×3"
tm159,scarlet-violet,violet,crafting,recipe,area-zero,TM Machine,1,0,1,,,12000,league-point,,,"Requires Bounsweet Sweat ×5, Tropius Leaf ×3, Toedscool Flaps ×3"
tm160,scarlet-violet,scarlet,shop,specialty-shop,blueberry-academy-store,Canyon Biome,1,0,1,,,60,battle-point,,Only in The Indigo Disk,
tm160,scarlet-violet,scarlet,crafting,recipe,,TM Machine,1,0,1,,,12000,league-point,,,"Requires Swablu Fluff ×5, Oricorio Feather ×3, Wingull Feather ×3"
tm160,scarlet-violet,violet,shop,specialty-shop,blueberry-academy-store,Canyon Biome,1,0,1,,,60,battle-point,,Only in The Indigo Disk,
tm160,scarlet-violet,violet,crafting,recipe,,TM Machine,1,0,1,,,12000,league-point,,,"Requires Swablu Fluff ×5, Oricorio Feather ×3, Wingull Feather ×3"
tm161,scarlet-violet,scarlet,crafting,recipe,levincia,TM Machine,1,0,1,,,5000,league-point,,,"Requires Hatenna Dust ×3, Bronzor Fragment ×3, Gothita Eyelash ×3"
tm161,scarlet-violet,scarlet,overworld,visible,fellhorn-gorge,Only in The Teal Mask,0,0,1,,,,,,The Teal Mask,
tm161,scarlet-violet,violet,crafting,recipe,levincia,TM Machine,1,0,1,,,5000,league-point,,,"Requires Hatenna Dust ×3, Bronzor Fragment ×3, Gothita Eyelash ×3"
tm161,scarlet-violet,violet,shop,specialty-shop,blueberry-academy,"Academy Store, Canyon Biome",1,0,1,,,25,battle-point,,The Indigo Disk,
tm162,scarlet-violet,scarlet,crafting,recipe,,TM Machine,1,0,1,,,10000,league-point,,,"Requires Kricketot Shell ×5, Combee Honey ×3, Venonat Fang ×3"
tm162,scarlet-violet,scarlet,exchange,,blueberry-academy,Blueberry Academy Store,1,0,1,,,50,battle-point,,Only in The Indigo Disk,
tm162,scarlet-violet,violet,exchange,,blueberry-academy,Blueberry Academy Store,1,0,1,,,50,battle-point,,Only in The Indigo Disk,
tm162,scarlet-violet,violet,crafting,recipe,,TM Machine,1,0,1,,,10000,league-point,,,"Requires Kricketot Shell ×5, Combee Honey ×3, Venonat Fang ×3"
tm163,scarlet-violet,scarlet,crafting,recipe,,TM Machine,1,0,1,,,14000,league-point,,,"Requires Dratini Scales ×8, Goomy Goo ×5, Tauros Hair ×3"
tm163,scarlet-violet,scarlet,exchange,,blueberry-academy,Blueberry Academy Store,1,0,1,,,70,battle-point,,Only in The Indigo Disk,
tm163,scarlet-violet,violet,exchange,,blueberry-academy,Blueberry Academy Store,1,0,1,,,70,battle-point,,Only in The Indigo Disk,
tm163,scarlet-violet,violet,crafting,recipe,,TM Machine,1,0,1,,,14000,league-point,,,"Requires Dratini Scales ×8, Goomy Goo ×5, Tauros Hair ×3"
tm164,scarlet-violet,scarlet,crafting,recipe,,TM Machine,1,0,1,,,12000,league-point,,,"Requires Starly Feather ×5, Rufflet Feather ×3, Rookidee Feather ×3"
tm164,scarlet-violet,scarlet,shop,specialty-shop,blueberry-academy,Blueberry Academy Store,1,0,1,,,60,battle-point,,Only in The Indigo Disk,
tm164,scarlet-violet,violet,shop,specialty-shop,blueberry-academy,Blueberry Academy Store,1,0,1,,,60,battle-point,,Only in The Indigo Disk,
tm164,scarlet-violet,violet,crafting,recipe,,TM Machine,1,0,1,,,12000,league-point,,,"Requires Starly Feather ×5, Rufflet Feather ×3, Rookidee Feather ×3"
tm165,scarlet-violet,scarlet,shop,vendor,blueberry-academy-store,Blueberry Academy Store,1,0,1,,,60,battle-point,,Only in The Indigo Disk,
tm165,scarlet-violet,scarlet,crafting,recipe,,"Alfornada, Area Zero",1,0,1,,,12000,league-point,,,"Requires Growlithe Fur ×5, Fletchling Feather ×3, Charcadet Soot ×3"
tm165,scarlet-violet,violet,crafting,recipe,,"Alfornada, Area Zero",1,0,1,,,12000,league-point,,,"Requires Growlithe Fur ×5, Fletchling Feather ×3, Charcadet Soot ×3"
tm165,scarlet-violet,violet,shop,vendor,blueberry-academy-store,Blueberry Academy Store,1,0,1,,,60,battle-point,,Only in The Indigo Disk,
tm166,scarlet-violet,scarlet,shop,specialty-shop,blueberry-academy,Blueberry Academy Store,1,0,1,1,,60,battle-point,,Only in The Indigo Disk,
tm166,scarlet-violet,scarlet,crafting,craftworks,,TM Machine,1,0,1,1,,12000,league-point,,,"Requires Dedenne Fur ×5, Pichu Fur ×3, Tynamo Slime ×3"
tm166,scarlet-violet,violet,shop,specialty-shop,blueberry-academy,Blueberry Academy Store,1,0,1,1,,60,battle-point,,Only in The Indigo Disk,
tm166,scarlet-violet,violet,crafting,craftworks,,TM Machine,1,0,1,1,,12000,league-point,,,"Requires Dedenne Fur ×5, Pichu Fur ×3, Tynamo Slime ×3"
tm167,scarlet-violet,scarlet,trainer-reward,trainer,,"Prize for defeating Eri, TM Machine",0,0,1,,,,,,,
tm167,scarlet-violet,violet,trainer-reward,trainer,,"Prize for defeating Eri, TM Machine",0,0,1,,,,,,,
tm168,scarlet-violet,scarlet,crafting,recipe,,TM Machine,1,0,1,,,12000,league-point,,"Available at TM Machines; recipe availability noted at Casseroya Lake, East Province (Area Three), North Province (Area One). Only in The Indigo Disk: Canyon Biome.","Requires Bounsweet Sweat ×5, Tropius Leaf ×3, Foongus Spores ×3."
tm168,scarlet-violet,violet,crafting,recipe,,TM Machine,1,0,1,,,12000,league-point,,"Available at TM Machines; recipe availability noted at Casseroya Lake, East Province (Area Three), North Province (Area One). Only in The Indigo Disk: Canyon Biome.","Requires Bounsweet Sweat ×5, Tropius Leaf ×3, Foongus Spores ×3."
tm169,scarlet-violet,scarlet,npc-defeat,,mesagoza,Prize for defeating Penny after completing Operation Starfall and Area Zero,0,0,1,,,,,,After completing Operation Starfall and Area Zero,
tm169,scarlet-violet,violet,npc-defeat,,mesagoza,Prize for defeating Penny after completing Operation Starfall and Area Zero,0,0,1,,,,,,After completing Operation Starfall and Area Zero,
tm170,scarlet-violet,scarlet,crafting,recipe,kitakami-wilds,TM Machine (The Teal Mask),1,0,1,,,14000,league-point,,Only in The Teal Mask,
tm170,scarlet-violet,scarlet,crafting,recipe,area-zero,North Province (Area Three) TM Machine,1,0,1,,,14000,league-point,,,
tm170,scarlet-violet,violet,crafting,recipe,kitakami-wilds,TM Machine (The Teal Mask),1,0,1,,,14000,league-point,,Only in The Teal Mask,
tm170,scarlet-violet,violet,crafting,recipe,area-zero,North Province (Area Three) TM Machine,1,0,1,,,14000,league-point,,,
tm171,scarlet-violet,scarlet,crafting,recipe,,TM Machine,1,0,1,,,8000,league-point,,,Requires Glimmet Crystal ×8
tm171,scarlet-violet,scarlet,npc-gift,,area-zero,From Geeta after defeating Nemona after obtaining 5 Gym Badges,0,0,1,,,,,,After obtaining 5 Gym Badges and defeating Nemona,
tm171,scarlet-violet,scarlet,shop,specialty-shop,blueberry-academy,"Blueberry Academy Store, Central Plaza",1,0,1,,,40,battle-point,,Only in The Indigo Disk,
tm171,scarlet-violet,violet,crafting,recipe,,TM Machine,1,0,1,,,8000,league-point,,,Requires Glimmet Crystal ×8
tm171,scarlet-violet,violet,shop,specialty-shop,blueberry-academy,"Blueberry Academy Store, Central Plaza",1,0,1,,,40,battle-point,,Only in The Indigo Disk,
tm171,scarlet-violet,violet,npc-gift,,area-zero,From Geeta after defeating Nemona after obtaining 5 Gym Badges,0,0,1,,,,,,After obtaining 5 Gym Badges and defeating Nemona,
tm172,scarlet-violet,scarlet,crafting,craftworks,kitakami-road,TM Machine (The Teal Mask only),1,0,1,,,200,league-point,,Only available during The Teal Mask,Requires Houndour Fang ×2 and Poochyena Fang ×3
tm172,scarlet-violet,violet,crafting,craftworks,kitakami-road,TM Machine (The Teal Mask only),1,0,1,,,200,league-point,,Only available during The Teal Mask,Requires Houndour Fang ×2 and Poochyena Fang ×3
tm173,scarlet-violet,scarlet,crafting,item-printer,mossui-town,TM Machine (The Teal Mask only),1,0,1,,,400,league-point,,Available only in The Teal Mask,Requires Pichu Fur ×3
tm173,scarlet-violet,violet,crafting,item-printer,mossui-town,TM Machine (The Teal Mask only),1,0,1,,,400,league-point,,Available only in The Teal Mask,Requires Pichu Fur ×3
tm174,scarlet-violet,scarlet,crafting,recipe,fellhorn-gorge,TM Machine (The Teal Mask),1,0,1,,,400,league-point,,Only in The Teal Mask,Requires Feebas Scales ×2
tm174,scarlet-violet,scarlet,crafting,recipe,polar-biome,TM Machine (The Indigo Disk),1,0,1,,,400,league-point,,Only in The Indigo Disk,Requires Feebas Scales ×2
tm174,scarlet-violet,violet,crafting,recipe,polar-biome,TM Machine (The Indigo Disk),1,0,1,,,400,league-point,,Only in The Indigo Disk,Requires Feebas Scales ×2
tm174,scarlet-violet,violet,crafting,recipe,fellhorn-gorge,TM Machine (The Teal Mask),1,0,1,,,400,league-point,,Only in The Teal Mask,Requires Feebas Scales ×2
tm175,scarlet-violet,scarlet,crafting,recipe,loyalty-plaza,TM Machine (Only in The Teal Mask),1,0,1,,,800,league-point,,Only available in The Teal Mask,Requires Ekans Fang ×3 and Koffing Gas ×3
tm175,scarlet-violet,violet,crafting,recipe,loyalty-plaza,TM Machine (Only in The Teal Mask),1,0,1,,,800,league-point,,Only available in The Teal Mask,Requires Ekans Fang ×3 and Koffing Gas ×3
tm176,scarlet-violet,scarlet,crafting,item-printer,oni-mountain,TM Machine (The Teal Mask),1,0,1,,,400,league-point,,Only available in The Teal Mask,Requires Diglett Dirt ×2 and Sandshrew Claw ×3
tm176,scarlet-violet,violet,crafting,item-printer,oni-mountain,TM Machine (The Teal Mask),1,0,1,,,400,league-point,,Only available in The Teal Mask,Requires Diglett Dirt ×2 and Sandshrew Claw ×3
tm177,scarlet-violet,scarlet,crafting,recipe,mossui-town,TM Machine,1,0,1,,,200,league-point,,Only available in The Teal Mask,Requires Duskull Fragment ×2 and Gastly Gas ×2
tm177,scarlet-violet,violet,crafting,recipe,mossui-town,TM Machine,1,0,1,,,200,league-point,,Only available in The Teal Mask,Requires Duskull Fragment ×2 and Gastly Gas ×2
tm178,scarlet-violet,scarlet,crafting,recipe,fellhorn-gorge,TM Machine (The Teal Mask only),1,0,1,,,400,league-point,,Only available in The Teal Mask,Requires Cleffa Fur ×2 and Nosepass Fragment ×4.
tm178,scarlet-violet,violet,crafting,recipe,fellhorn-gorge,TM Machine (The Teal Mask only),1,0,1,,,400,league-point,,Only available in The Teal Mask,Requires Cleffa Fur ×2 and Nosepass Fragment ×4.
tm179,scarlet-violet,scarlet,crafting,recipe,wistful-fields,TM Machine (The Teal Mask),1,0,1,,,800,league-point,,Only available in The Teal Mask,Requires Geodude Fragment ×3 and Carbink Jewel ×3
tm179,scarlet-violet,violet,crafting,recipe,wistful-fields,TM Machine (The Teal Mask),1,0,1,,,800,league-point,,Only available in The Teal Mask,Requires Geodude Fragment ×3 and Carbink Jewel ×3
tm180,scarlet-violet,scarlet,crafting,recipe,infernal-pass,TM Machine (The Teal Mask),1,0,1,,,10000,league-point,,Only in The Teal Mask,Requires Nosepass Fragment ×4 and Bronzor Fragment ×2
tm180,scarlet-violet,violet,crafting,recipe,infernal-pass,TM Machine (The Teal Mask),1,0,1,,,10000,league-point,,Only in The Teal Mask,Requires Nosepass Fragment ×4 and Bronzor Fragment ×2
tm181,scarlet-violet,scarlet,crafting,recipe,oni-mountain,TM Machine (The Teal Mask),1,0,1,,,14000,league-point,,Available in The Teal Mask,Requires Corphish Shell ×4 and Seedot Stem ×4
tm181,scarlet-violet,scarlet,crafting,recipe,savanna-biome,TM Machine (The Indigo Disk),1,0,1,,,14000,league-point,,Available in The Indigo Disk,Requires Corphish Shell ×4 and Seedot Stem ×4
tm181,scarlet-violet,violet,crafting,recipe,savanna-biome,TM Machine (The Indigo Disk),1,0,1,,,14000,league-point,,Available in The Indigo Disk,Requires Corphish Shell ×4 and Seedot Stem ×4
tm181,scarlet-violet,violet,crafting,recipe,oni-mountain,TM Machine (The Teal Mask),1,0,1,,,14000,league-point,,Available in The Teal Mask,Requires Corphish Shell ×4 and Seedot Stem ×4
tm182,scarlet-violet,scarlet,crafting,recipe,apple-hills,TM Machine (The Teal Mask only),1,0,1,,,3000,league-point,,Available only during The Teal Mask,"Requires Yanma Spike x2, Surskit Syrup x2, Sewaddle Leaf x2"
tm182,scarlet-violet,violet,crafting,recipe,apple-hills,TM Machine (The Teal Mask only),1,0,1,,,3000,league-point,,Available only during The Teal Mask,"Requires Yanma Spike x2, Surskit Syrup x2, Sewaddle Leaf x2"
tm183,scarlet-violet,scarlet,crafting,recipe,onis-maw,TM Machine (The Teal Mask),1,0,1,,,5000,league-point,,Only available in The Teal Mask,Requires Sandshrew Claw ×3 and Tandemaus Fur ×3
tm183,scarlet-violet,violet,crafting,recipe,onis-maw,TM Machine (The Teal Mask),1,0,1,,,5000,league-point,,Only available in The Teal Mask,Requires Sandshrew Claw ×3 and Tandemaus Fur ×3
tm184,scarlet-violet,scarlet,crafting,recipe,infernal-pass,TM Machine (Only in The Teal Mask),1,0,1,,,3000,league-point,,Available only during The Teal Mask,Requires Riolu Fur ×3 and Croagunk Poison ×2.
tm184,scarlet-violet,violet,crafting,recipe,infernal-pass,TM Machine (Only in The Teal Mask),1,0,1,,,3000,league-point,,Available only during The Teal Mask,Requires Riolu Fur ×3 and Croagunk Poison ×2.
tm185,scarlet-violet,scarlet,crafting,recipe,,TM Machine (Only in The Teal Mask: Reveler's Road; Only in The Indigo Disk: Savanna Biome),1,0,1,,,5000,league-point,,,Requires 3 Sewaddle Leaf and 3 Kricketot Shell.
tm185,scarlet-violet,violet,crafting,recipe,,TM Machine (Only in The Teal Mask: Reveler's Road; Only in The Indigo Disk: Savanna Biome),1,0,1,,,5000,league-point,,,Requires 3 Sewaddle Leaf and 3 Kricketot Shell.
tm186,scarlet-violet,scarlet,crafting,recipe,paradise-barrens,TM Machine (The Teal Mask),1,0,1,,,5000,league-point,,Only in The Teal Mask,Requires Swinub Hair ×2 and Mudbray Mud ×4
tm186,scarlet-violet,scarlet,crafting,recipe,canyon-biome,TM Machine (The Indigo Disk),1,0,1,,,5000,league-point,,Only in The Indigo Disk,Requires Swinub Hair ×2 and Mudbray Mud ×4
tm186,scarlet-violet,violet,crafting,recipe,canyon-biome,TM Machine (The Indigo Disk),1,0,1,,,5000,league-point,,Only in The Indigo Disk,Requires Swinub Hair ×2 and Mudbray Mud ×4
tm186,scarlet-violet,violet,crafting,recipe,paradise-barrens,TM Machine (The Teal Mask),1,0,1,,,5000,league-point,,Only in The Teal Mask,Requires Swinub Hair ×2 and Mudbray Mud ×4
tm187,scarlet-violet,scarlet,crafting,recipe,,TM Machine,1,0,1,,,10000,league-point,,,Requires Swinub Hair ×2 and Snorunt Fur ×3
tm187,scarlet-violet,scarlet,shop,specialty-shop,blueberry-academy,"Blueberry Academy Store, Polar Biome",1,0,1,,,50,battle-point,,Only in The Indigo Disk,
tm187,scarlet-violet,violet,shop,specialty-shop,blueberry-academy,"Blueberry Academy Store, Polar Biome",1,0,1,,,50,battle-point,,Only in The Indigo Disk,
tm187,scarlet-violet,violet,crafting,recipe,,TM Machine,1,0,1,,,10000,league-point,,,Requires Swinub Hair ×2 and Snorunt Fur ×3
tm188,scarlet-violet,scarlet,crafting,item-printer,,TM Machine,1,0,1,,,8000,league-point,,Only available in The Teal Mask or The Indigo Disk,Requires Poltchageist Powder ×3 and Slowpoke Claw ×3
tm188,scarlet-violet,violet,crafting,item-printer,,TM Machine,1,0,1,,,8000,league-point,,Only available in The Teal Mask or The Indigo Disk,Requires Poltchageist Powder ×3 and Slowpoke Claw ×3
tm189,scarlet-violet,scarlet,crafting,recipe,kitakami-wilds,TM Machine,1,0,1,,,8000,league-point,,Only in The Teal Mask,Requires Slugma Lava ×4 and Munchlax Fang ×2
tm189,scarlet-violet,violet,crafting,recipe,kitakami-wilds,TM Machine,1,0,1,,,8000,league-point,,Only in The Teal Mask,Requires Slugma Lava ×4 and Munchlax Fang ×2
tm190,scarlet-violet,scarlet,crafting,recipe,,TM Machine,1,0,1,,,12000,league-point,,,Requires Seedot Stem ×4 and Sewaddle Leaf ×2
tm190,scarlet-violet,violet,crafting,recipe,,TM Machine,1,0,1,,,12000,league-point,,,Requires Seedot Stem ×4 and Sewaddle Leaf ×2
tm191,scarlet-violet,scarlet,crafting,recipe,onis-maw,TM Machine (The Teal Mask),1,0,1,,,5000,league-point,,Only available in The Teal Mask,Requires Lotad Leaf ×4 and Chingling Fragment ×2
tm191,scarlet-violet,violet,crafting,recipe,onis-maw,TM Machine (The Teal Mask),1,0,1,,,5000,league-point,,Only available in The Teal Mask,Requires Lotad Leaf ×4 and Chingling Fragment ×2
tm192,scarlet-violet,scarlet,crafting,recipe,revelers-road,TM Machine,1,0,1,,,8000,league-point,,Only in The Teal Mask,Requires Timburr Sweat ×3 and Jangmo-o Scales ×3
tm192,scarlet-violet,violet,crafting,recipe,revelers-road,TM Machine,1,0,1,,,8000,league-point,,Only in The Teal Mask,Requires Timburr Sweat ×3 and Jangmo-o Scales ×3
tm193,scarlet-violet,scarlet,crafting,recipe,kitakami-road,TM Machine (The Teal Mask),1,0,1,,,1500,league-point,,Available only in The Teal Mask.,Requires Vulpix Fur ×3 and Petilil Leaf ×3.
tm193,scarlet-violet,scarlet,crafting,recipe,polar-biome,TM Machine (The Indigo Disk),1,0,1,,,1500,league-point,,Available only in The Indigo Disk.,Requires Vulpix Fur ×3 and Petilil Leaf ×3.
tm193,scarlet-violet,violet,crafting,recipe,kitakami-road,TM Machine (The Teal Mask),1,0,1,,,1500,league-point,,Available only in The Teal Mask.,Requires Vulpix Fur ×3 and Petilil Leaf ×3.
tm193,scarlet-violet,violet,crafting,recipe,polar-biome,TM Machine (The Indigo Disk),1,0,1,,,1500,league-point,,Available only in The Indigo Disk.,Requires Vulpix Fur ×3 and Petilil Leaf ×3.
tm194,scarlet-violet,scarlet,crafting,recipe,coastal-biome,TM Machine (The Indigo Disk),1,0,1,,,10000,league-point,,Available only in The Indigo Disk,Requires Bellsprout Vine ×3 and Seedot Stem ×3
tm194,scarlet-violet,scarlet,crafting,recipe,apple-hills,TM Machine (The Teal Mask),1,0,1,,,10000,league-point,,Available only in The Teal Mask,Requires Bellsprout Vine ×3 and Seedot Stem ×3
tm194,scarlet-violet,violet,crafting,recipe,apple-hills,TM Machine (The Teal Mask),1,0,1,,,10000,league-point,,Available only in The Teal Mask,Requires Bellsprout Vine ×3 and Seedot Stem ×3
tm194,scarlet-violet,violet,crafting,recipe,coastal-biome,TM Machine (The Indigo Disk),1,0,1,,,10000,league-point,,Available only in The Indigo Disk,Requires Bellsprout Vine ×3 and Seedot Stem ×3
tm195,scarlet-violet,scarlet,crafting,recipe,fellhorn-gorge,TM Machine,1,0,1,,,8000,league-point,,Only in The Teal Mask,"Requires crafting materials: Litwick Soot ×2, Vulpix Fur ×2, Mimikyu Scrap ×2"
tm195,scarlet-violet,violet,crafting,recipe,fellhorn-gorge,TM Machine,1,0,1,,,8000,league-point,,Only in The Teal Mask,"Requires crafting materials: Litwick Soot ×2, Vulpix Fur ×2, Mimikyu Scrap ×2"
tm196,scarlet-violet,scarlet,crafting,recipe,,TM Machine,1,0,1,,,5000,league-point,,,"Requires materials: Basculin Fang ×2, Veluza Fillet ×2, Finizen Mucus ×2"
tm196,scarlet-violet,scarlet,shop,specialty-shop,blueberry-academy-store,Canyon Biome,1,0,1,,,25,battle-point,,Only in The Indigo Disk,
tm196,scarlet-violet,violet,shop,specialty-shop,blueberry-academy-store,Canyon Biome,1,0,1,,,25,battle-point,,Only in The Indigo Disk,
tm196,scarlet-violet,violet,crafting,recipe,,TM Machine,1,0,1,,,5000,league-point,,,"Requires materials: Basculin Fang ×2, Veluza Fillet ×2, Finizen Mucus ×2"
tm197,scarlet-violet,scarlet,crafting,craftworks,fellhorn-gorge,TM Machine (The Teal Mask),1,0,1,,,5000,league-point,,,Requires Ducklett Feather ×3 and Bombirdier Feather ×3
tm197,scarlet-violet,scarlet,exchange,,blueberry-academy,Blueberry Academy Store (The Indigo Disk),1,0,1,,,25,battle-point,,,
tm197,scarlet-violet,violet,exchange,,blueberry-academy,Blueberry Academy Store (The Indigo Disk),1,0,1,,,25,battle-point,,,
tm197,scarlet-violet,violet,crafting,craftworks,fellhorn-gorge,TM Machine (The Teal Mask),1,0,1,,,5000,league-point,,,Requires Ducklett Feather ×3 and Bombirdier Feather ×3
tm198,scarlet-violet,scarlet,crafting,item-printer,revelers-road,TM Machine (The Teal Mask only),1,0,1,1,,14000,league-point,,Available only in The Teal Mask,"Requires Litwick Soot ×2, Phantump Twig ×2, and Duskull Fragment ×2"
tm198,scarlet-violet,violet,crafting,item-printer,revelers-road,TM Machine (The Teal Mask only),1,0,1,1,,14000,league-point,,Available only in The Teal Mask,"Requires Litwick Soot ×2, Phantump Twig ×2, and Duskull Fragment ×2"
tm199,scarlet-violet,scarlet,crafting,recipe,timeless-woods,TM Machine (Only in The Teal Mask),1,0,1,,,5000,league-point,,Only available in The Teal Mask,"Requires Vullaby Feather ×3, Pawniard Blade ×2, Poochyena Fang ×2"
tm199,scarlet-violet,violet,crafting,recipe,timeless-woods,TM Machine (Only in The Teal Mask),1,0,1,,,5000,league-point,,Only available in The Teal Mask,"Requires Vullaby Feather ×3, Pawniard Blade ×2, Poochyena Fang ×2"
tm200,scarlet-violet,scarlet,crafting,recipe,,TM Machine,1,0,1,,,10000,league-point,,,"Requires Gible Scales ×2, Arrokuda Scales ×2, Jangmo-o Scales ×2"
tm200,scarlet-violet,scarlet,shop,specialty-shop,blueberry-academy,Blueberry Academy Store,1,0,1,,,50,battle-point,,Only in The Indigo Disk,
tm200,scarlet-violet,violet,crafting,recipe,,TM Machine,1,0,1,,,10000,league-point,,,"Requires Gible Scales ×2, Arrokuda Scales ×2, Jangmo-o Scales ×2"
tm200,scarlet-violet,violet,shop,specialty-shop,blueberry-academy,Blueberry Academy Store,1,0,1,,,50,battle-point,,Only in The Indigo Disk,
tm201,scarlet-violet,scarlet,crafting,recipe,kitakami-wilds,TM Machine (The Teal Mask),1,0,1,,,14000,league-point,,Available only during The Teal Mask expansion.,Requires Carbink Jewel ×2 and Cleffa Fur ×3.
tm201,scarlet-violet,violet,crafting,recipe,canyon-biome,TM Machine (The Indigo Disk),1,0,1,,,14000,league-point,,Available only during The Indigo Disk expansion.,Requires Carbink Jewel ×2 and Cleffa Fur ×3.
tm202,scarlet-violet,scarlet,crafting,recipe,savanna-biome,TM Machine,1,0,1,,,3000,league-point,,Only available in The Indigo Disk,Requires Solosis Gel ×3 and Comfey Flower ×2
tm202,scarlet-violet,violet,crafting,recipe,savanna-biome,TM Machine,1,0,1,,,3000,league-point,,Only available in The Indigo Disk,Requires Solosis Gel ×3 and Comfey Flower ×2
tm203,scarlet-violet,scarlet,crafting,item-printer,coastal-biome,TM Machine,1,0,1,,,400,league-point,,Only in The Indigo Disk,Requires Porygon Fragment ×1 and Stantler Hair ×2
tm203,scarlet-violet,violet,crafting,item-printer,coastal-biome,TM Machine,1,0,1,,,400,league-point,,Only in The Indigo Disk,Requires Porygon Fragment ×1 and Stantler Hair ×2
tm204,scarlet-violet,scarlet,crafting,recipe,savanna-biome,TM Machine (Only in The Indigo Disk),1,0,1,,,10000,league-point,,Only in The Indigo Disk,Requires Rhyhorn Fang ×4 and Tauros Hair ×2
tm204,scarlet-violet,violet,crafting,recipe,savanna-biome,TM Machine (Only in The Indigo Disk),1,0,1,,,10000,league-point,,Only in The Indigo Disk,Requires Rhyhorn Fang ×4 and Tauros Hair ×2
tm205,scarlet-violet,scarlet,crafting,item-printer,savanna-biome,TM Machine (The Indigo Disk),1,0,1,,,5000,league-point,,Only available in The Indigo Disk,Requires Snubbull Hair ×3 and Tauros Hair ×3
tm205,scarlet-violet,violet,crafting,item-printer,savanna-biome,TM Machine (The Indigo Disk),1,0,1,,,5000,league-point,,Only available in The Indigo Disk,Requires Snubbull Hair ×3 and Tauros Hair ×3
tm206,scarlet-violet,scarlet,crafting,recipe,coastal-biome,TM Machine,1,0,1,,,5000,league-point,,Only in The Indigo Disk,"Requires crafting materials: Oddish Leaf ×2, Comfey Flower ×2, Cottonee Fluff ×1"
tm206,scarlet-violet,violet,crafting,recipe,coastal-biome,TM Machine,1,0,1,,,5000,league-point,,Only in The Indigo Disk,"Requires crafting materials: Oddish Leaf ×2, Comfey Flower ×2, Cottonee Fluff ×1"
tm207,scarlet-violet,scarlet,crafting,recipe,,TM Machine,1,0,1,,,3000,league-point,,,Requires Magby Hair ×3 and Numel Lava ×2
tm207,scarlet-violet,scarlet,npc-defeat,,,Crispin,0,0,1,,,,,,Only in The Indigo Disk,
tm207,scarlet-violet,violet,crafting,recipe,,TM Machine,1,0,1,,,3000,league-point,,,Requires Magby Hair ×3 and Numel Lava ×2
tm207,scarlet-violet,violet,npc-defeat,,,Crispin,0,0,1,,,,,,Only in The Indigo Disk,
tm208,scarlet-violet,scarlet,crafting,recipe,polar-biome,TM Machine,1,0,1,,,800,league-point,,Only available in The Indigo Disk,"Requires materials: Horsea Ink ×2, Seel Fur ×2, Lapras Teardrop ×1"
tm208,scarlet-violet,violet,crafting,recipe,polar-biome,TM Machine,1,0,1,,,800,league-point,,Only available in The Indigo Disk,"Requires materials: Horsea Ink ×2, Seel Fur ×2, Lapras Teardrop ×1"
tm209,scarlet-violet,scarlet,crafting,recipe,,"TM Machine (The Indigo Disk: Polar Biome, Savanna Biome)",1,0,1,,,10000,league-point,,Only in The Indigo Disk,Requires Horsea Ink ×3 and Wooper Slime ×3.
tm209,scarlet-violet,violet,crafting,recipe,,"TM Machine (The Indigo Disk: Polar Biome, Savanna Biome)",1,0,1,,,10000,league-point,,Only in The Indigo Disk,Requires Horsea Ink ×3 and Wooper Slime ×3.
tm210,scarlet-violet,scarlet,crafting,recipe,canyon-biome,"TM Machine, Chargestone Cavern (The Indigo Disk only)",1,0,1,,,5000,league-point,,Only available in The Indigo Disk,Requires Elekid Fur ×3 and Blitzle Mane Hair ×2.
tm210,scarlet-violet,violet,crafting,recipe,canyon-biome,"TM Machine, Chargestone Cavern (The Indigo Disk only)",1,0,1,,,5000,league-point,,Only available in The Indigo Disk,Requires Elekid Fur ×3 and Blitzle Mane Hair ×2.
tm211,scarlet-violet,scarlet,crafting,recipe,chargestone-cavern,TM Machine (Only in The Indigo Disk),1,0,1,,,800,league-point,,Available only during The Indigo Disk,Requires Joltik Thread ×5
tm211,scarlet-violet,violet,crafting,recipe,chargestone-cavern,TM Machine (Only in The Indigo Disk),1,0,1,,,800,league-point,,Available only during The Indigo Disk,Requires Joltik Thread ×5
tm212,scarlet-violet,scarlet,crafting,recipe,polar-biome,TM Machine (The Indigo Disk),1,0,1,,,8000,league-point,,Only in The Indigo Disk,"Requires Tyrogue Sweat ×1, Minccino Fur ×1, Sneasel Claw ×3"
tm212,scarlet-violet,violet,crafting,recipe,polar-biome,TM Machine (The Indigo Disk),1,0,1,,,8000,league-point,,Only in The Indigo Disk,"Requires Tyrogue Sweat ×1, Minccino Fur ×1, Sneasel Claw ×3"
tm213,scarlet-violet,scarlet,crafting,recipe,savanna-biome,TM Machine (Only in The Indigo Disk),1,0,1,,,800,league-point,,Only in The Indigo Disk,"Requires Scraggy Sweat ×3, Pawmi Fur ×1, Tyrogue Sweat ×1"
tm213,scarlet-violet,violet,crafting,recipe,savanna-biome,TM Machine (Only in The Indigo Disk),1,0,1,,,800,league-point,,Only in The Indigo Disk,"Requires Scraggy Sweat ×3, Pawmi Fur ×1, Tyrogue Sweat ×1"
tm214,scarlet-violet,scarlet,crafting,recipe,coastal-biome,TM Machine (The Indigo Disk),1,0,1,,,10000,league-point,,Only available in The Indigo Disk,"Requires Tentacool Stinger x2, Qwilfish Spines x2, Gastly Gas x2"
tm214,scarlet-violet,violet,crafting,recipe,coastal-biome,TM Machine (The Indigo Disk),1,0,1,,,10000,league-point,,Only available in The Indigo Disk,"Requires Tentacool Stinger x2, Qwilfish Spines x2, Gastly Gas x2"
tm215,scarlet-violet,scarlet,crafting,recipe,,"TM Machine (Only in The Indigo Disk: Coastal Biome, Savanna Biome)",1,0,1,1,,10000,league-point,,Available only in The Indigo Disk,"Requires Trapinch Shell ×2, Sandile Claw ×1, Drilbur Claw ×2"
tm215,scarlet-violet,violet,crafting,recipe,,"TM Machine (Only in The Indigo Disk: Coastal Biome, Savanna Biome)",1,0,1,1,,10000,league-point,,Available only in The Indigo Disk,"Requires Trapinch Shell ×2, Sandile Claw ×1, Drilbur Claw ×2"
tm216,scarlet-violet,scarlet,crafting,recipe,canyon-biome,TM Machine (The Indigo Disk only),1,0,1,,,400,league-point,,Available only in The Indigo Disk,Requires Pikipek Feather ×3 and Murkrow Bauble ×2
tm216,scarlet-violet,violet,crafting,recipe,canyon-biome,TM Machine (The Indigo Disk only),1,0,1,,,400,league-point,,Available only in The Indigo Disk,Requires Pikipek Feather ×3 and Murkrow Bauble ×2
tm217,scarlet-violet,scarlet,crafting,recipe,canyon-biome,TM Machine (The Indigo Disk only),1,0,1,,,5000,league-point,,Available only in The Indigo Disk.,"Requires Solosis Gel ×2, Slowpoke Claw ×2, and Drowzee Fur ×2."
tm217,scarlet-violet,violet,crafting,recipe,canyon-biome,TM Machine (The Indigo Disk only),1,0,1,,,5000,league-point,,Available only in The Indigo Disk.,"Requires Solosis Gel ×2, Slowpoke Claw ×2, and Drowzee Fur ×2."
tm218,scarlet-violet,scarlet,crafting,recipe,savanna-biome,TM Machine (The Indigo Disk only),1,0,1,,,10000,league-point,,Available only in The Indigo Disk,Requires Espurr Fur ×3 and Exeggcute Shell ×2
tm218,scarlet-violet,violet,crafting,recipe,savanna-biome,TM Machine (The Indigo Disk only),1,0,1,,,10000,league-point,,Available only in The Indigo Disk,Requires Espurr Fur ×3 and Exeggcute Shell ×2
tm219,scarlet-violet,scarlet,crafting,recipe,canyon-biome,TM Machine (Only in The Indigo Disk),1,0,1,,,3000,league-point,,Available in The Indigo Disk,Requires Dewpider Thread ×3 and Rellor Mud ×2
tm219,scarlet-violet,violet,crafting,recipe,canyon-biome,TM Machine (Only in The Indigo Disk),1,0,1,,,3000,league-point,,Available in The Indigo Disk,Requires Dewpider Thread ×3 and Rellor Mud ×2
tm220,scarlet-violet,scarlet,crafting,recipe,,"TM Machine (The Indigo Disk: Canyon Biome, Polar Biome)",1,0,1,,,15000,league-point,,Only in The Indigo Disk,Requires Minior Shell ×8
tm220,scarlet-violet,violet,crafting,recipe,,"TM Machine (The Indigo Disk: Canyon Biome, Polar Biome)",1,0,1,,,15000,league-point,,Only in The Indigo Disk,Requires Minior Shell ×8
tm221,scarlet-violet,scarlet,crafting,recipe,savanna-biome,TM Machine (The Indigo Disk only),1,0,1,,,5000,league-point,,Available only in The Indigo Disk,Requires Scraggy Sweat ×2 and Zorua Fur ×3
tm221,scarlet-violet,violet,crafting,recipe,savanna-biome,TM Machine (The Indigo Disk only),1,0,1,,,5000,league-point,,Available only in The Indigo Disk,Requires Scraggy Sweat ×2 and Zorua Fur ×3
tm222,scarlet-violet,scarlet,crafting,recipe,polar-biome,TM Machine (The Indigo Disk),1,0,1,,,3000,league-point,,Only in The Indigo Disk,"Requires Duraludon Tarnish ×3, Axew Scales ×2, Cyclizar Scales ×1"
tm222,scarlet-violet,violet,crafting,recipe,polar-biome,TM Machine (The Indigo Disk),1,0,1,,,3000,league-point,,Only in The Indigo Disk,"Requires Duraludon Tarnish ×3, Axew Scales ×2, Cyclizar Scales ×1"
tm223,scarlet-violet,scarlet,crafting,recipe,torchlit-labyrinth,TM Machine,1,0,1,,,800,league-point,,Only in The Indigo Disk,Requires Magnemite Screw ×2 and Elekid Fur ×2.
tm223,scarlet-violet,violet,crafting,recipe,torchlit-labyrinth,TM Machine,1,0,1,,,800,league-point,,Only in The Indigo Disk,Requires Magnemite Screw ×2 and Elekid Fur ×2.
tm224,scarlet-violet,scarlet,crafting,recipe,polar-biome,TM Machine (The Indigo Disk only),1,0,1,,,400,league-point,,Available only in The Indigo Disk,Requires Golett Shard ×4 and Nacli Salt ×2
tm224,scarlet-violet,violet,crafting,recipe,polar-biome,TM Machine (The Indigo Disk only),1,0,1,,,400,league-point,,Available only in The Indigo Disk,Requires Golett Shard ×4 and Nacli Salt ×2
tm225,scarlet-violet,scarlet,trainer-reward,trainer,,Amarys,0,0,1,,,,,,Only in The Indigo Disk,
tm225,scarlet-violet,scarlet,crafting,recipe,,TM Machine,1,0,1,,,5000,league-point,,,Requires Beldum Claw ×3 and Cufant Tarnish ×3
tm225,scarlet-violet,violet,crafting,recipe,,TM Machine,1,0,1,,,5000,league-point,,,Requires Beldum Claw ×3 and Cufant Tarnish ×3
tm225,scarlet-violet,violet,trainer-reward,trainer,,Amarys,0,0,1,,,,,,Only in The Indigo Disk,
tm226,scarlet-violet,scarlet,crafting,recipe,,TM Machine,1,0,1,,,1500,league-point,,,"Requires Tatsugiri Scales ×2, Lapras Teardrop ×2, and Applin Juice ×1."
tm226,scarlet-violet,scarlet,trainer-reward,trainer,,Prize for defeating Drayton,0,0,1,,,,,,Only in The Indigo Disk,
tm226,scarlet-violet,violet,trainer-reward,trainer,,Prize for defeating Drayton,0,0,1,,,,,,Only in The Indigo Disk,
tm226,scarlet-violet,violet,crafting,recipe,,TM Machine,1,0,1,,,1500,league-point,,,"Requires Tatsugiri Scales ×2, Lapras Teardrop ×2, and Applin Juice ×1."
tm227,scarlet-violet,scarlet,npc-defeat,,,Prize for defeating Lacey (The Indigo Disk),0,0,1,,,,,,Only in The Indigo Disk,
tm227,scarlet-violet,scarlet,crafting,recipe,,TM Machine,1,0,1,,,3000,league-point,,,"Requires Igglybuff Fluff ×3, Ralts Dust ×2, Cottonee Fluff ×2"
tm227,scarlet-violet,violet,crafting,recipe,,TM Machine,1,0,1,,,3000,league-point,,,"Requires Igglybuff Fluff ×3, Ralts Dust ×2, Cottonee Fluff ×2"
tm227,scarlet-violet,violet,npc-defeat,,,Prize for defeating Lacey (The Indigo Disk),0,0,1,,,,,,Only in The Indigo Disk,
tm228,scarlet-violet,scarlet,crafting,recipe,central-plaza,TM Machine,1,0,1,,,3000,league-point,,Only in The Indigo Disk,Requires Psyduck Down ×3 and Chingling Fragment ×3
tm228,scarlet-violet,violet,crafting,recipe,central-plaza,TM Machine,1,0,1,,,3000,league-point,,Only in The Indigo Disk,Requires Psyduck Down ×3 and Chingling Fragment ×3
tm229,scarlet-violet,scarlet,crafting,recipe,savanna-biome,TM Machine,1,0,1,,,1500,league-point,,Only available in The Indigo Disk,Requires Makuhita Sweat ×3 and Tyrogue Sweat ×3.
tm229,scarlet-violet,violet,crafting,recipe,savanna-biome,TM Machine,1,0,1,,,1500,league-point,,Only available in The Indigo Disk,Requires Makuhita Sweat ×3 and Tyrogue Sweat ×3.
tmv-pass,x-y,x,npc-gift,,lumiose-city,"Lumiose Station, from Professor Sycamore",0,0,1,,,,,,After entering the Hall of Fame,
tmv-pass,x-y,y,npc-gift,,lumiose-city,"Lumiose Station, from Professor Sycamore",0,0,1,,,,,,After entering the Hall of Fame,
tofu,scarlet-violet,scarlet,shop,specialty-shop,,Aquiesta Supermarket,1,0,1,,,260,poke-dollar,,After earning 5 Gym Badges,
tofu,the-teal-mask,,shop,specialty-shop,,Peachy's,1,0,1,,,260,poke-dollar,,After earning 5 Badges,
tofu,scarlet-violet,violet,shop,specialty-shop,,Aquiesta Supermarket,1,0,1,,,260,poke-dollar,,After earning 5 Gym Badges,
tomato,scarlet-violet,scarlet,shop,vendor,,Sure Cans,1,0,1,,,100,poke-dollar,,,
tomato,scarlet-violet,scarlet,shop,vendor,,Peachy's,1,0,1,,,100,poke-dollar,,The Teal Mask,
tomato,scarlet-violet,scarlet,shop,vendor,,Aquiesta Supermarket,1,0,1,,,100,poke-dollar,,,
tomato,scarlet-violet,scarlet,vending-machine,,,Terarium,1,0,1,,,,,,The Indigo Disk,
tomato,scarlet-violet,violet,vending-machine,,,Terarium,1,0,1,,,,,,The Indigo Disk,
tomato,scarlet-violet,violet,shop,vendor,,Sure Cans,1,0,1,,,100,poke-dollar,,,
tomato,scarlet-violet,violet,shop,vendor,,Aquiesta Supermarket,1,0,1,,,100,poke-dollar,,,
tomato,scarlet-violet,violet,shop,vendor,,Peachy's,1,0,1,,,100,poke-dollar,,The Teal Mask,
tough-candy,lets-go-pikachu-lets-go-eevee,lets-go-eevee,wild-pokemon,,,Catch or transfer certain Pokémon,1,0,0,,,,,,,
tough-candy,lets-go-pikachu-lets-go-eevee,lets-go-pikachu,wild-pokemon,,,Catch or transfer certain Pokémon,1,0,0,,,,,,,
tough-candy-l,lets-go-pikachu-lets-go-eevee,lets-go-eevee,overworld,recurring,celadon-game-corner,Hidden recurring item,1,1,1,,,,,,,
tough-candy-l,lets-go-pikachu-lets-go-eevee,lets-go-eevee,walking-pokemon,,,Poké Ball Plus,1,0,0,,,,,,,
tough-candy-l,lets-go-pikachu-lets-go-eevee,lets-go-eevee,wild-pokemon,,,Catch or transfer specific Pokémon species,1,0,0,,,,,,,Obtained by catching or transferring certain Pokémon species.
tough-candy-l,lets-go-pikachu-lets-go-eevee,lets-go-pikachu,walking-pokemon,,,Poké Ball Plus,1,0,0,,,,,,,
tough-candy-l,lets-go-pikachu-lets-go-eevee,lets-go-pikachu,wild-pokemon,,,Catch or transfer specific Pokémon species,1,0,0,,,,,,,Obtained by catching or transferring certain Pokémon species.
tough-candy-l,lets-go-pikachu-lets-go-eevee,lets-go-pikachu,overworld,recurring,celadon-game-corner,Hidden recurring item,1,1,1,,,,,,,
tough-candy-xl,lets-go-pikachu-lets-go-eevee,lets-go-eevee,wild-pokemon,,,Obtained by catching or transferring certain Pokémon,1,0,1,,,,,,,
tough-candy-xl,lets-go-pikachu-lets-go-eevee,lets-go-eevee,overworld,recurring,celadon-game-corner,,1,1,1,,,,,,,
tough-candy-xl,lets-go-pikachu-lets-go-eevee,lets-go-eevee,transfer,,,Poké Ball Plus,1,0,1,,,,,,,
tough-candy-xl,lets-go-pikachu-lets-go-eevee,lets-go-pikachu,wild-pokemon,,,Obtained by catching or transferring certain Pokémon,1,0,1,,,,,,,
tough-candy-xl,lets-go-pikachu-lets-go-eevee,lets-go-pikachu,overworld,recurring,celadon-game-corner,,1,1,1,,,,,,,
tough-candy-xl,lets-go-pikachu-lets-go-eevee,lets-go-pikachu,transfer,,,Poké Ball Plus,1,0,1,,,,,,,
town-map,black-white,black,npc-gift,,nuvema-town,From the player's Mom after obtaining the Pokédex,0,0,1,,,,,,After obtaining the Pokédex,
town-map,black-2-white-2,black-2,npc-gift,,aspertia-city,From Hugh's sister after receiving Poké Balls from Bianca,0,0,1,,,,,,After receiving Poké Balls from Bianca,
town-map,brilliant-diamond-shining-pearl,brilliant-diamond,npc-gift,,jubilife-city,"Trainers' School, from Barry after delivering the Parcel",0,0,1,,,,,,After delivering the Parcel,
town-map,diamond-pearl,diamond,npc-gift,,jubilife-city,"Trainers' School, from Barry after delivering the Parcel",0,0,1,,,,,,After delivering the Parcel,
town-map,firered-leafgreen,firered,npc-gift,,pallet-town,From Daisy after obtaining the Pokédex,0,0,1,,,,,,After obtaining the Pokédex,
town-map,lets-go-pikachu-lets-go-eevee,lets-go-pikachu,npc-gift,,pallet-town,From the player's Mom after obtaining the Pokédex,0,0,1,,,,,,After obtaining the Pokédex,
town-map,red-blue,red,npc-gift,,pallet-town,From Daisy after obtaining the Pokédex,0,0,1,,,,,,After obtaining the Pokédex,
town-map,x-y,x,npc-gift,,vaniville-town,From the player's Mom after delivering the Prof's Letter,0,0,1,,,,,,After delivering the Prof's Letter,
toxic-plate,black-white,black,overworld,visible,abyssal-ruins,,0,0,1,,,,,,,
toxic-plate,diamond-pearl,diamond,overworld,visible,great-marsh,,0,0,1,,,,,,,
toxic-plate,heartgold-soulsilver,heartgold,npc-gift,,ss-aqua,Captain,0,0,1,,,,,,After obtaining all 16 Gym Badges,
toxic-plate,omega-ruby-alpha-sapphire,omega-ruby,overworld,visible,hoenn-route-129,Underwater,0,0,1,,,,,,,
toxic-plate,platinum,platinum,overworld,visible,great-marsh,,0,0,1,,,,,,,
toxic-plate,scarlet-violet,scarlet,auction,,porto-marinada,,0,0,0,,,,,,If the player owns an Arceus,
toxic-plate,sun-moon,sun,shop,specialty-shop,hauoli-city,Shopping District,0,0,1,,,,,,,
toxic-plate,x-y,x,overworld,visible,kalos-route-19,,0,0,1,,,,,,,
tr00,sword-shield,shield,crafting,cram-o-matic,master-dojo,Cram-o-matic,1,0,0,,,,,,Only in The Isle of Armor,Normal type recipes totaling 122–130 points
tr00,sword-shield,shield,shop,watt-trader,,Watt Traders,1,0,1,,,2000,watt,,,
tr00,sword-shield,shield,raid,max-raid,,4★–5★ Max Raid Battles in the Wild Area and DLC areas,1,0,0,,,,,,,"Available in base game, The Isle of Armor, and The Crown Tundra"
tr00,sword-shield,sword,shop,watt-trader,,Watt Traders,1,0,1,,,2000,watt,,,
tr00,sword-shield,sword,crafting,cram-o-matic,master-dojo,Cram-o-matic,1,0,0,,,,,,Only in The Isle of Armor,Normal type recipes totaling 122–130 points
tr00,sword-shield,sword,raid,max-raid,,4★–5★ Max Raid Battles in the Wild Area and DLC areas,1,0,0,,,,,,,"Available in base game, The Isle of Armor, and The Crown Tundra"
tr01,sword-shield,shield,exchange,watts,,Watt Traders,1,0,1,,,3000,watt,,,
tr01,sword-shield,shield,raid,max-raid,,3★–5★ Max Raid Battles,1,0,0,,,,,,,
tr01,sword-shield,shield,crafting,cram-o-matic,master-dojo,Cram-o-matic (Normal: 72–80 points),1,0,0,,,,,,Only in The Isle of Armor,
tr01,sword-shield,sword,exchange,watts,,Watt Traders,1,0,1,,,3000,watt,,,
tr01,sword-shield,sword,raid,max-raid,,3★–5★ Max Raid Battles,1,0,0,,,,,,,
tr01,sword-shield,sword,crafting,cram-o-matic,master-dojo,Cram-o-matic (Normal: 72–80 points),1,0,0,,,,,,Only in The Isle of Armor,
tr02,sword-shield,shield,raid,max-raid,,Max Raid Battles,1,0,0,,,,,,,
tr02,sword-shield,shield,exchange,watts,,Watt Traders,1,0,1,,,5000,watt,,,
tr02,sword-shield,sword,exchange,watts,,Watt Traders,1,0,1,,,5000,watt,,,
tr02,sword-shield,sword,raid,max-raid,,Max Raid Battles,1,0,0,,,,,,,
tr03,sword-shield,shield,raid,max-raid,,4★–5★ Max Raid Battles,1,0,0,,,,,,,
tr03,sword-shield,shield,shop,watt-trader,,Watt Traders,1,0,1,,,8000,watt,,,
tr03,sword-shield,sword,shop,watt-trader,,Watt Traders,1,0,1,,,8000,watt,,,
tr03,sword-shield,sword,raid,max-raid,,4★–5★ Max Raid Battles,1,0,0,,,,,,,
tr04,sword-shield,shield,crafting,cram-o-matic,,Water recipe (22–30 points),1,0,0,,,,,,Only in The Isle of Armor,
tr04,sword-shield,shield,exchange,watts,,Watt Traders,1,0,1,,,5000,watt,,,
tr04,sword-shield,shield,raid,max-raid,,4★–5★ Max Raid Battles,1,0,0,,,,,,,
tr04,sword-shield,sword,crafting,cram-o-matic,,Water recipe (22–30 points),1,0,0,,,,,,Only in The Isle of Armor,
tr04,sword-shield,sword,exchange,watts,,Watt Traders,1,0,1,,,5000,watt,,,
tr04,sword-shield,sword,raid,max-raid,,4★–5★ Max Raid Battles,1,0,0,,,,,,,
tr05,sword-shield,shield,overworld,visible,snowslide-slope,,1,0,1,,,,,,Only in The Crown Tundra,
tr05,sword-shield,shield,shop,watt-trader,,Watt Traders,1,0,1,,,5000,watt,,,
tr05,sword-shield,shield,raid,max-raid,,Max Raid Battles,1,0,0,,,,,,,
tr05,sword-shield,shield,crafting,cram-o-matic,,Cram-o-matic (Ice: 102–110 points),1,0,0,,,,,,Only in The Isle of Armor,
tr05,sword-shield,sword,raid,max-raid,,Max Raid Battles,1,0,0,,,,,,,
tr05,sword-shield,sword,overworld,visible,snowslide-slope,,1,0,1,,,,,,Only in The Crown Tundra,
tr05,sword-shield,sword,crafting,cram-o-matic,,Cram-o-matic (Ice: 102–110 points),1,0,0,,,,,,Only in The Isle of Armor,
tr05,sword-shield,sword,shop,watt-trader,,Watt Traders,1,0,1,,,5000,watt,,,
tr06,sword-shield,shield,exchange,watts,,Watt Traders,1,0,1,,,8000,watt,,,
tr06,sword-shield,shield,raid,max-raid,,4★–5★ Max Raid Battles,1,0,0,,,,,,,
tr06,sword-shield,sword,raid,max-raid,,4★–5★ Max Raid Battles,1,0,0,,,,,,,
tr06,sword-shield,sword,exchange,watts,,Watt Traders,1,0,1,,,8000,watt,,,
tr07,sword-shield,shield,crafting,cram-o-matic,master-dojo,Cram-o-matic,1,0,0,,,,,,Only in The Isle of Armor,"Fighting-type input, 2–20 points"
tr07,sword-shield,shield,shop,watt-trader,,Watt Traders,1,0,1,,,3000,watt,,,
tr07,sword-shield,shield,raid,max-raid,,"2★, 3★, 5★ Max Raid Battles",1,0,0,,,,,,,Includes Isle of Armor and The Crown Tundra areas
tr07,sword-shield,sword,raid,max-raid,,"2★, 3★, 5★ Max Raid Battles",1,0,0,,,,,,,Includes Isle of Armor and The Crown Tundra areas
tr07,sword-shield,sword,shop,watt-trader,,Watt Traders,1,0,1,,,3000,watt,,,
tr07,sword-shield,sword,crafting,cram-o-matic,master-dojo,Cram-o-matic,1,0,0,,,,,,Only in The Isle of Armor,"Fighting-type input, 2–20 points"
tr08,sword-shield,shield,shop,watt-trader,,Watt Traders,1,0,1,,,5000,watt,,,
tr08,sword-shield,sword,shop,watt-trader,,Watt Traders,1,0,1,,,5000,watt,,,
tr09,sword-shield,shield,exchange,watts,,Wild Area Watt Traders,1,0,1,,,8000,watt,,,
tr09,sword-shield,shield,raid,max-raid,,"4★, 5★ Max Raid Battles",1,0,0,,,,,,,
tr09,sword-shield,sword,raid,max-raid,,"4★, 5★ Max Raid Battles",1,0,0,,,,,,,
tr09,sword-shield,sword,crafting,cram-o-matic,,Cram-o-matic (Electric: 122–130 points),1,0,0,,,,,,Only in The Isle of Armor,
tr09,sword-shield,sword,exchange,watts,,Wild Area Watt Traders,1,0,1,,,8000,watt,,,
tr10,sword-shield,shield,shop,watt-trader,,Watt Traders,1,0,1,,,8000,watt,,,
tr10,sword-shield,shield,raid,max-raid,,"4★, 5★ Max Raid Battles",1,0,0,,,,,,,
tr10,sword-shield,sword,shop,watt-trader,,Watt Traders,1,0,1,,,8000,watt,,,
tr10,sword-shield,sword,raid,max-raid,,"4★, 5★ Max Raid Battles",1,0,0,,,,,,,
tr10,sword-shield,sword,crafting,cram-o-matic,,Cram-o-matic,1,0,1,,,,,,Only in The Isle of Armor,Ground recipe: 122-130 points
tr11,sword-shield,shield,raid,max-raid,,"2★, 3★, 5★ Max Raid Battles",1,0,0,,,,,,,
tr11,sword-shield,shield,shop,watt-trader,,Watt Traders,1,0,1,,,5000,watt,,,
tr11,sword-shield,shield,crafting,cram-o-matic,,Cram-o-matic (Psychic 132–140 points),1,0,0,,,,,,Only in The Isle of Armor,
tr11,sword-shield,sword,shop,watt-trader,,Watt Traders,1,0,1,,,5000,watt,,,
tr11,sword-shield,sword,crafting,cram-o-matic,,Cram-o-matic (Psychic 132–140 points),1,0,0,,,,,,Only in The Isle of Armor,
tr11,sword-shield,sword,raid,max-raid,,"2★, 3★, 5★ Max Raid Battles",1,0,0,,,,,,,
tr12,sword-shield,shield,shop,watt-trader,,Watt Traders,1,0,1,,,2000,watt,,,
tr12,sword-shield,shield,raid,max-raid,,3★–5★ Max Raid Battles,1,0,0,,,,,,,
tr12,sword-shield,shield,crafting,cram-o-matic,master-dojo,Cram-o-matic,1,0,0,,,,,,Only in The Isle of Armor,Psychic: 2–20 points
tr12,sword-shield,sword,shop,watt-trader,,Watt Traders,1,0,1,,,2000,watt,,,
tr12,sword-shield,sword,raid,max-raid,,3★–5★ Max Raid Battles,1,0,0,,,,,,,
tr12,sword-shield,sword,crafting,cram-o-matic,master-dojo,Cram-o-matic,1,0,0,,,,,,Only in The Isle of Armor,Psychic: 2–20 points
tr13,sword-shield,shield,shop,watt-trader,motostoke,Wild Area Watt Traders,1,0,1,,,1000,watt,,,
tr13,sword-shield,shield,raid,max-raid,,3★–5★ Max Raid Battles,1,0,0,,,,,,,
tr13,sword-shield,sword,raid,max-raid,,3★–5★ Max Raid Battles,1,0,0,,,,,,,
tr13,sword-shield,sword,shop,watt-trader,motostoke,Wild Area Watt Traders,1,0,1,,,1000,watt,,,
tr14,sword-shield,shield,raid,max-raid,,4★–5★ Max Raid Battles,1,0,0,,,,,,,
tr14,sword-shield,shield,shop,watt-trader,,Watt Traders,1,0,1,,,1000,watt,,,
tr14,sword-shield,shield,crafting,cram-o-matic,master-dojo,Cram-o-matic (Normal: 22–30 points),1,0,0,,,,,,Only in The Isle of Armor,
tr14,sword-shield,sword,shop,watt-trader,,Watt Traders,1,0,1,,,1000,watt,,,
tr14,sword-shield,sword,raid,max-raid,,4★–5★ Max Raid Battles,1,0,0,,,,,,,
tr14,sword-shield,sword,crafting,cram-o-matic,master-dojo,Cram-o-matic (Normal: 22–30 points),1,0,0,,,,,,Only in The Isle of Armor,
tr15,sword-shield,shield,raid,max-raid,stony-wilderness,"4★, 5★ Max Raid Battles",1,0,0,,,,,,,
tr15,sword-shield,shield,exchange,watts,,Watt Traders,1,0,1,,,8000,watt,,,
tr15,sword-shield,sword,raid,max-raid,hammerlocke-hills,"4★, 5★ Max Raid Battles",1,0,0,,,,,,,
tr15,sword-shield,sword,exchange,watts,,Watt Traders,1,0,1,,,8000,watt,,,
tr16,sword-shield,shield,shop,watt-trader,,Watt Traders,1,0,1,,,3000,watt,,,
tr16,sword-shield,shield,raid,max-raid,,"1★, 2★, 5★ Max Raid Battles in listed Wild Area locations and DLC areas",1,0,0,,,,,,,
tr16,sword-shield,shield,crafting,cram-o-matic,master-dojo,Cram-o-matic (Water: 52–60 points),1,0,0,,,,,,Only in The Isle of Armor,
tr16,sword-shield,sword,shop,watt-trader,,Watt Traders,1,0,1,,,3000,watt,,,
tr16,sword-shield,sword,raid,max-raid,,"1★, 2★, 5★ Max Raid Battles in listed Wild Area locations and DLC areas",1,0,0,,,,,,,
tr16,sword-shield,sword,crafting,cram-o-matic,master-dojo,Cram-o-matic (Water: 52–60 points),1,0,0,,,,,,Only in The Isle of Armor,
tr17,sword-shield,shield,shop,watt-trader,,Wild Area Watt Traders,1,0,1,,,2000,watt,,,
tr17,sword-shield,shield,raid,max-raid,,2★–5★ Max Raid Battles,1,0,0,,,,,,,
tr17,sword-shield,shield,crafting,cram-o-matic,master-dojo,Cram-o-matic (Psychic: 92–100 points),1,0,0,,,,,,Only in The Isle of Armor,
tr17,sword-shield,sword,shop,watt-trader,,Wild Area Watt Traders,1,0,1,,,2000,watt,,,
tr17,sword-shield,sword,raid,max-raid,,2★–5★ Max Raid Battles,1,0,0,,,,,,,
tr17,sword-shield,sword,crafting,cram-o-matic,master-dojo,Cram-o-matic (Psychic: 92–100 points),1,0,0,,,,,,Only in The Isle of Armor,
tr18,sword-shield,shield,raid,max-raid,,Max Raid Battles,1,0,0,,,,,,,"Available in Bridge Field, Dappled Grove, Rolling Fields, South Lake Miloch"
tr18,sword-shield,shield,shop,watt-trader,,Watt Traders,1,0,1,,,3000,watt,,,
tr18,sword-shield,shield,crafting,cram-o-matic,master-dojo,Cram-o-matic (Bug: 22–30 points),1,0,0,,,,,,Only in The Isle of Armor,
tr18,sword-shield,sword,shop,watt-trader,,Watt Traders,1,0,1,,,3000,watt,,,
tr18,sword-shield,sword,crafting,cram-o-matic,master-dojo,Cram-o-matic (Bug: 22–30 points),1,0,0,,,,,,Only in The Isle of Armor,
tr18,sword-shield,sword,raid,max-raid,,Max Raid Battles,1,0,0,,,,,,,"Available in Bridge Field, Dappled Grove, Rolling Fields, South Lake Miloch"
tr19,sword-shield,shield,raid,max-raid,,Max Raid Battles,1,0,0,,,,,,,
tr19,sword-shield,shield,shop,watt-trader,,Watt Traders,1,0,1,,,2000,watt,,,
tr19,sword-shield,sword,raid,max-raid,,Max Raid Battles,1,0,0,,,,,,,
tr19,sword-shield,sword,shop,watt-trader,,Watt Traders,1,0,1,,,2000,watt,,,
tr19,the-isle-of-armor,,crafting,cram-o-matic,,Cram-o-matic (Normal: 82–90 points),1,0,0,,,,,,,
tr20,sword-shield,shield,raid,max-raid,rolling-fields,"4★, 5★ Max Raid Battles",1,0,0,,,,,,,
tr20,sword-shield,shield,shop,watt-trader,,Watt Traders,1,0,1,,,3000,watt,,,
tr20,sword-shield,sword,shop,watt-trader,,Watt Traders,1,0,1,,,3000,watt,,,
tr20,sword-shield,sword,raid,max-raid,east-lake-axewell,"4★, 5★ Max Raid Battles",1,0,0,,,,,,,
tr20,sword-shield,sword,crafting,cram-o-matic,,Cram-o-matic (Normal: 112–120 points),1,0,0,,,,,,Only in The Isle of Armor,
tr21,sword-shield,shield,shop,watt-trader,,Watt Traders,1,0,1,,,2000,watt,,,
tr21,sword-shield,shield,raid,max-raid,,"2★, 3★, 5★ Max Raid Battles",1,0,0,,,,,,,
tr21,sword-shield,shield,crafting,cram-o-matic,challenge-beach,Cram-o-matic (Fighting: 62–70 points),1,0,0,,,,,,Only in The Isle of Armor,
tr21,sword-shield,sword,shop,watt-trader,,Watt Traders,1,0,1,,,2000,watt,,,
tr21,sword-shield,sword,raid,max-raid,,"2★, 3★, 5★ Max Raid Battles",1,0,0,,,,,,,
tr21,sword-shield,sword,crafting,cram-o-matic,challenge-beach,Cram-o-matic (Fighting: 62–70 points),1,0,0,,,,,,Only in The Isle of Armor,
tr22,sword-shield,shield,crafting,cram-o-matic,master-dojo,Cram-o-matic (Poison: 102–110 points),1,0,0,,,,,,Only in The Isle of Armor,
tr22,sword-shield,shield,shop,watt-trader,,Watt Traders,1,0,1,,,5000,watt,,,
tr22,sword-shield,shield,raid,max-raid,,"3★, 4★, 5★ Max Raid Battles",1,0,0,,,,,,,
tr22,sword-shield,sword,shop,watt-trader,,Watt Traders,1,0,1,,,5000,watt,,,
tr22,sword-shield,sword,crafting,cram-o-matic,master-dojo,Cram-o-matic (Poison: 102–110 points),1,0,0,,,,,,Only in The Isle of Armor,
tr22,sword-shield,sword,raid,max-raid,,"3★, 4★, 5★ Max Raid Battles",1,0,0,,,,,,,
tr23,sword-shield,shield,exchange,watts,,Watt Traders,1,0,1,,,2000,watt,,,
tr23,sword-shield,shield,raid,max-raid,,"3★, 4★, 5★ Max Raid Battles",1,0,0,,,,,,,"Includes Wild Area, Isle of Armor, and Crown Tundra locations"
tr23,sword-shield,shield,crafting,cram-o-matic,,Cram-o-matic (Ground: 22–30 points),1,0,0,,,,,,Only in The Isle of Armor,
tr23,sword-shield,sword,exchange,watts,,Watt Traders,1,0,1,,,2000,watt,,,
tr23,sword-shield,sword,raid,max-raid,,"3★, 4★, 5★ Max Raid Battles",1,0,0,,,,,,,"Includes Wild Area, Isle of Armor, and Crown Tundra locations"
tr23,sword-shield,sword,crafting,cram-o-matic,,Cram-o-matic (Ground: 22–30 points),1,0,0,,,,,,Only in The Isle of Armor,
tr24,sword-shield,shield,raid,max-raid,,4★–5★ Max Raid Battles,1,0,0,,,,,,,
tr24,sword-shield,shield,shop,watt-trader,,Watt Traders,1,0,1,,,8000,watt,,,
tr24,sword-shield,shield,crafting,cram-o-matic,,Cram-o-matic (Dragon-type combination),1,0,0,,,,,,Only in The Isle of Armor,
tr24,sword-shield,sword,shop,watt-trader,,Watt Traders,1,0,1,,,8000,watt,,,
tr24,sword-shield,sword,crafting,cram-o-matic,,Cram-o-matic (Dragon-type combination),1,0,0,,,,,,Only in The Isle of Armor,
tr24,sword-shield,sword,raid,max-raid,,4★–5★ Max Raid Battles,1,0,0,,,,,,,
tr25,sword-shield,shield,raid,max-raid,,Max Raid Battles,1,0,0,,,,,,,
tr25,sword-shield,shield,exchange,watts,,Wild Area Watt Traders,1,0,1,,,3000,watt,,,
tr25,sword-shield,sword,raid,max-raid,,Max Raid Battles,1,0,0,,,,,,,
tr25,sword-shield,sword,exchange,watts,,Wild Area Watt Traders,1,0,1,,,3000,watt,,,
tr25,sword-shield,sword,crafting,cram-o-matic,,Cram-o-matic,1,0,0,,,,,,Psychic-type points 72–80,Only in The Isle of Armor
tr26,sword-shield,shield,raid,max-raid,,3★–5★ Max Raid Battles,1,0,0,,,,,,,
tr26,sword-shield,shield,exchange,watts,,Watt Traders,1,0,1,,,1000,watt,,,
tr26,sword-shield,sword,exchange,watts,,Watt Traders,1,0,1,,,1000,watt,,,
tr26,sword-shield,sword,raid,max-raid,,3★–5★ Max Raid Battles,1,0,0,,,,,,,
tr27,sword-shield,shield,shop,watt-trader,,Watt Traders,1,0,1,,,2000,watt,,,
tr27,sword-shield,shield,raid,max-raid,,Max Raid Battles,1,0,0,,,,,,,
tr27,sword-shield,sword,shop,watt-trader,,Watt Traders,1,0,1,,,2000,watt,,,
tr27,sword-shield,sword,raid,max-raid,,Max Raid Battles,1,0,0,,,,,,,
tr28,sword-shield,shield,raid,max-raid,,4★–5★ Max Raid Battles,1,0,0,,,,,,,
tr28,sword-shield,shield,exchange,watts,,Watt Traders,1,0,1,,,8000,watt,,,
tr28,sword-shield,sword,raid,max-raid,,4★–5★ Max Raid Battles,1,0,0,,,,,,,
tr28,sword-shield,sword,exchange,watts,,Watt Traders,1,0,1,,,8000,watt,,,
tr29,sword-shield,shield,crafting,cram-o-matic,master-dojo,Cram-o-matic (Normal: 92–100 points),1,0,0,,,,,,Only in The Isle of Armor,
tr29,sword-shield,shield,exchange,watts,,Watt Traders,1,0,1,,,2000,watt,,,
tr29,sword-shield,shield,raid,max-raid,,4★–5★ Max Raid Battles,1,0,0,,,,,,,
tr29,sword-shield,sword,exchange,watts,,Watt Traders,1,0,1,,,2000,watt,,,
tr29,sword-shield,sword,crafting,cram-o-matic,master-dojo,Cram-o-matic (Normal: 92–100 points),1,0,0,,,,,,Only in The Isle of Armor,
tr29,sword-shield,sword,raid,max-raid,,4★–5★ Max Raid Battles,1,0,0,,,,,,,
tr30,sword-shield,shield,shop,watt-trader,,Watt Traders,1,0,1,,,2000,watt,,,
tr30,sword-shield,shield,crafting,cram-o-matic,,Cram-o-matic (Normal: 102–110 points),1,0,0,,,,,,Only in The Isle of Armor,
tr30,sword-shield,shield,raid,max-raid,,3★–5★ Max Raid Battles,1,0,0,,,,,,,
tr30,sword-shield,sword,crafting,cram-o-matic,,Cram-o-matic (Normal: 102–110 points),1,0,0,,,,,,Only in The Isle of Armor,
tr30,sword-shield,sword,raid,max-raid,,3★–5★ Max Raid Battles,1,0,0,,,,,,,
tr30,sword-shield,sword,shop,watt-trader,,Watt Traders,1,0,1,,,2000,watt,,,
tr31,sword-shield,shield,crafting,cram-o-matic,brawlers-cave,Cram-o-matic (Steel: 2–20 points),1,0,0,,,,,,Only in The Isle of Armor,
tr31,sword-shield,shield,exchange,watts,,Watt Traders,1,0,1,,,5000,watt,,,
tr31,sword-shield,shield,raid,max-raid,,4★ and 5★ Max Raid Battles,1,0,0,,,,,,,
tr31,sword-shield,sword,crafting,cram-o-matic,brawlers-cave,Cram-o-matic (Steel: 2–20 points),1,0,0,,,,,,Only in The Isle of Armor,
tr31,sword-shield,sword,exchange,watts,,Watt Traders,1,0,1,,,5000,watt,,,
tr31,sword-shield,sword,raid,max-raid,,4★ and 5★ Max Raid Battles,1,0,0,,,,,,,
tr32,sword-shield,shield,exchange,watts,,Watt Traders,1,0,1,,,3000,watt,,,
tr32,sword-shield,shield,raid,max-raid,,Max Raid Battles,1,0,0,,,,,,,
tr32,sword-shield,sword,raid,max-raid,,Max Raid Battles,1,0,0,,,,,,,
tr32,sword-shield,sword,exchange,watts,,Watt Traders,1,0,1,,,3000,watt,,,
tr33,sword-shield,shield,raid,max-raid,,"Max Raid Battles in the Wild Area, Isle of Armor, and Crown Tundra",1,0,0,,,,,,,"Available from 1★, 2★, 4★, and 5★ raids"
tr33,sword-shield,shield,overworld,visible,old-cemetery,,0,0,1,,,,,,Only in The Crown Tundra,
tr33,sword-shield,shield,shop,watt-trader,,Watt Traders,1,0,1,,,3000,watt,,,
tr33,sword-shield,shield,crafting,cram-o-matic,,Cram-o-matic (Ghost-type recipes),1,0,0,,,,,,Only in The Isle of Armor,Requires 122–130 Ghost points
tr33,sword-shield,sword,raid,max-raid,,"Max Raid Battles in the Wild Area, Isle of Armor, and Crown Tundra",1,0,0,,,,,,,"Available from 1★, 2★, 4★, and 5★ raids"
tr33,sword-shield,sword,shop,watt-trader,,Watt Traders,1,0,1,,,3000,watt,,,
tr33,sword-shield,sword,crafting,cram-o-matic,,Cram-o-matic (Ghost-type recipes),1,0,0,,,,,,Only in The Isle of Armor,Requires 122–130 Ghost points
tr33,sword-shield,sword,overworld,visible,old-cemetery,,0,0,1,,,,,,Only in The Crown Tundra,
tr34,sword-shield,shield,exchange,watts,,Watt Traders,1,0,1,,,3000,watt,,,
tr34,sword-shield,shield,raid,max-raid,,4★–5★ Max Raid Battles,1,0,0,,,,,,,
tr34,sword-shield,shield,crafting,cram-o-matic,,"Cram-o-matic (Psychic type, 22–30 points)",1,0,0,,,,,,Only in The Isle of Armor,
tr34,sword-shield,sword,exchange,watts,,Watt Traders,1,0,1,,,3000,watt,,,
tr34,sword-shield,sword,raid,max-raid,,4★–5★ Max Raid Battles,1,0,0,,,,,,,
tr34,sword-shield,sword,crafting,cram-o-matic,,"Cram-o-matic (Psychic type, 22–30 points)",1,0,0,,,,,,Only in The Isle of Armor,
tr35,sword-shield,shield,crafting,cram-o-matic,master-dojo,Cram-o-matic (Normal: 62–70 points),1,0,0,,,,,,Only in The Isle of Armor,
tr35,sword-shield,shield,shop,watt-trader,,Watt Traders,1,0,1,,,3000,watt,,,
tr35,sword-shield,shield,raid,max-raid,,"2★, 3★, and 5★ Max Raid Battles",1,0,0,,,,,,,
tr35,sword-shield,sword,shop,watt-trader,,Watt Traders,1,0,1,,,3000,watt,,,
tr35,sword-shield,sword,crafting,cram-o-matic,master-dojo,Cram-o-matic (Normal: 62–70 points),1,0,0,,,,,,Only in The Isle of Armor,
tr35,sword-shield,sword,raid,max-raid,,"2★, 3★, and 5★ Max Raid Battles",1,0,0,,,,,,,
tr36,sword-shield,shield,exchange,watts,,Watt Traders,1,0,1,,,5000,watt,,,
tr36,sword-shield,shield,raid,max-raid,,3★–5★ Max Raid Battles,1,0,0,,,,,,,"Includes Giant's Cap, Lake of Outrage, and Stony Wilderness"
tr36,sword-shield,shield,crafting,cram-o-matic,,Cram-o-matic,1,0,0,,,,,,Only in The Isle of Armor,Fire-type ingredients totaling 72–80 points
tr36,sword-shield,sword,raid,max-raid,,3★–5★ Max Raid Battles,1,0,0,,,,,,,"Includes Giant's Cap, Lake of Outrage, and Stony Wilderness"
tr36,sword-shield,sword,exchange,watts,,Watt Traders,1,0,1,,,5000,watt,,,
tr36,sword-shield,sword,crafting,cram-o-matic,,Cram-o-matic,1,0,0,,,,,,Only in The Isle of Armor,Fire-type ingredients totaling 72–80 points
tr37,sword-shield,shield,exchange,watts,,Watt Traders,1,0,1,,,2000,watt,,,
tr37,sword-shield,shield,raid,max-raid,,4★ and 5★ Max Raid Battles,1,0,0,,,,,,,
tr37,sword-shield,shield,crafting,cram-o-matic,,Cram-o-matic,1,0,0,,,,,,Only in The Isle of Armor,"Dark-type recipe, 2–20 points"
tr37,sword-shield,sword,crafting,cram-o-matic,,Cram-o-matic,1,0,0,,,,,,Only in The Isle of Armor,"Dark-type recipe, 2–20 points"
tr37,sword-shield,sword,exchange,watts,,Watt Traders,1,0,1,,,2000,watt,,,
tr37,sword-shield,sword,raid,max-raid,,4★ and 5★ Max Raid Battles,1,0,0,,,,,,,
tr38,sword-shield,shield,raid,max-raid,,"3★, 4★, 5★ Max Raid Battles",1,0,0,,,,,,,
tr38,sword-shield,shield,shop,watt-trader,,Watt Traders,1,0,1,,,2000,watt,,,
tr38,sword-shield,sword,crafting,cram-o-matic,challenge-beach,Cram-o-matic (Psychic: 102–110 points),1,0,0,,,,,,Only in The Isle of Armor,
tr38,sword-shield,sword,shop,watt-trader,,Watt Traders,1,0,1,,,2000,watt,,,
tr38,sword-shield,sword,raid,max-raid,,"3★, 4★, 5★ Max Raid Battles",1,0,0,,,,,,,
tr39,sword-shield,shield,exchange,watts,,Wild Area and DLC Watt Traders,1,0,1,,,8000,watt,,,
tr39,sword-shield,shield,raid,max-raid,,3★–5★ Max Raid Battles in Wild Area and DLC areas,1,0,0,,,,,,,
tr39,sword-shield,shield,crafting,cram-o-matic,,Cram-o-matic (Fighting-type recipe),1,0,0,,,,,,Only in The Isle of Armor,Requires 112–120 Fighting points
tr39,sword-shield,sword,exchange,watts,,Wild Area and DLC Watt Traders,1,0,1,,,8000,watt,,,
tr39,sword-shield,sword,raid,max-raid,,3★–5★ Max Raid Battles in Wild Area and DLC areas,1,0,0,,,,,,,
tr39,sword-shield,sword,crafting,cram-o-matic,,Cram-o-matic (Fighting-type recipe),1,0,0,,,,,,Only in The Isle of Armor,Requires 112–120 Fighting points
tr40,sword-shield,shield,shop,watt-trader,,Watt Traders,1,0,1,,,1000,watt,,,
tr40,sword-shield,shield,raid,max-raid,stony-wilderness,"4★, 5★ Max Raid Battles",1,0,0,,,,,,,
tr40,sword-shield,sword,shop,watt-trader,,Watt Traders,1,0,1,,,1000,watt,,,
tr40,sword-shield,sword,crafting,cram-o-matic,,Psychic: 32–40 points,1,0,0,,,,,,Only in The Isle of Armor,
tr40,sword-shield,sword,raid,max-raid,motostoke-riverbank,"4★, 5★ Max Raid Battles",1,0,0,,,,,,,
tr41,sword-shield,shield,raid,max-raid,,"3★, 4★, 5★ Max Raid Battles",1,0,0,,,,,,,
tr41,sword-shield,shield,exchange,watts,,Watt Traders,1,0,1,,,3000,watt,,,
tr41,sword-shield,sword,exchange,watts,,Watt Traders,1,0,1,,,3000,watt,,,
tr41,sword-shield,sword,raid,max-raid,,"3★, 4★, 5★ Max Raid Battles",1,0,0,,,,,,,
tr42,sword-shield,shield,shop,watt-trader,,Watt Traders,1,0,1,,,5000,watt,,,
tr42,sword-shield,shield,raid,max-raid,,"1★, 2★, 4★, 5★ Max Raid Battles",1,0,0,,,,,,,
tr42,sword-shield,shield,crafting,cram-o-matic,,Cram-o-matic (Normal: 132–140 points),1,0,0,,,,,,Only in The Isle of Armor,
tr42,sword-shield,sword,shop,watt-trader,,Watt Traders,1,0,1,,,5000,watt,,,
tr42,sword-shield,sword,raid,max-raid,,"1★, 2★, 4★, 5★ Max Raid Battles",1,0,0,,,,,,,
tr42,sword-shield,sword,crafting,cram-o-matic,,Cram-o-matic (Normal: 132–140 points),1,0,0,,,,,,Only in The Isle of Armor,
tr43,sword-shield,shield,shop,watt-trader,,Watt Traders,1,0,1,,,8000,watt,,,
tr43,sword-shield,shield,raid,max-raid,,"4★, 5★ Max Raid Battles",1,0,0,,,,,,,
tr43,sword-shield,sword,raid,max-raid,,"4★, 5★ Max Raid Battles",1,0,0,,,,,,,
tr43,sword-shield,sword,shop,watt-trader,,Watt Traders,1,0,1,,,8000,watt,,,
tr44,sword-shield,shield,raid,max-raid,,3★–5★ Max Raid Battles,1,0,0,,,,,,,
tr44,sword-shield,shield,shop,watt-trader,,Watt Traders,1,0,1,,,2000,watt,,,
tr44,sword-shield,sword,shop,watt-trader,,Watt Traders,1,0,1,,,2000,watt,,,
tr44,sword-shield,sword,raid,max-raid,,3★–5★ Max Raid Battles,1,0,0,,,,,,,
tr45,sword-shield,shield,raid,max-raid,,3★ and 5★ Max Raid Battles,1,0,0,,,,,,,
tr45,sword-shield,shield,shop,watt-trader,,Watt Traders,1,0,1,,,5000,watt,,,
tr45,sword-shield,sword,raid,max-raid,,3★ and 5★ Max Raid Battles,1,0,0,,,,,,,
tr45,sword-shield,sword,shop,watt-trader,,Watt Traders,1,0,1,,,5000,watt,,,
tr46,sword-shield,shield,crafting,cram-o-matic,master-dojo,Cram-o-matic (Steel-type points),1,0,0,,,,,,Only in The Isle of Armor,
tr46,sword-shield,shield,shop,watt-trader,,Watt Traders,1,0,1,,,2000,watt,,,
tr46,sword-shield,shield,raid,max-raid,,4★–5★ Max Raid Battles,1,0,0,,,,,,,
tr46,sword-shield,sword,shop,watt-trader,,Watt Traders,1,0,1,,,2000,watt,,,
tr46,sword-shield,sword,crafting,cram-o-matic,master-dojo,Cram-o-matic (Steel-type points),1,0,0,,,,,,Only in The Isle of Armor,
tr46,sword-shield,sword,raid,max-raid,,4★–5★ Max Raid Battles,1,0,0,,,,,,,
tr47,sword-shield,shield,shop,watt-trader,,Watt Traders,1,0,1,,,3000,watt,,,
tr47,sword-shield,shield,raid,max-raid,,Max Raid Battles,1,0,0,,,,,,,
tr47,sword-shield,sword,raid,max-raid,,Max Raid Battles,1,0,0,,,,,,,
tr47,sword-shield,sword,shop,watt-trader,,Watt Traders,1,0,1,,,3000,watt,,,
tr48,sword-shield,shield,shop,watt-trader,,Watt Traders,1,0,1,,,2000,watt,,,
tr48,sword-shield,shield,raid,max-raid,,"3★, 4★, 5★ Max Raid Battles",1,0,0,,,,,,,
tr48,sword-shield,shield,crafting,cram-o-matic,master-dojo,"Cram-o-matic (Fighting-type output, 52–60 points)",1,0,0,,,,,,Only in The Isle of Armor,
tr48,sword-shield,sword,shop,watt-trader,,Watt Traders,1,0,1,,,2000,watt,,,
tr48,sword-shield,sword,raid,max-raid,,"3★, 4★, 5★ Max Raid Battles",1,0,0,,,,,,,
tr48,sword-shield,sword,crafting,cram-o-matic,master-dojo,"Cram-o-matic (Fighting-type output, 52–60 points)",1,0,0,,,,,,Only in The Isle of Armor,
tr49,sword-shield,shield,shop,watt-trader,,Watt Traders,1,0,1,,,2000,watt,,,
tr49,sword-shield,shield,raid,max-raid,,3★–5★ Max Raid Battles,1,0,0,,,,,,,
tr49,sword-shield,sword,shop,watt-trader,,Watt Traders,1,0,1,,,2000,watt,,,
tr49,sword-shield,sword,raid,max-raid,,3★–5★ Max Raid Battles,1,0,0,,,,,,,
tr49,the-crown-tundra,,shop,watt-trader,snowslide-slope,Watt Trader,1,0,1,,,2000,watt,,,
tr49,the-isle-of-armor,,crafting,cram-o-matic,training-lowlands,Cram-o-matic (Psychic: 112–120 points),1,0,0,,,,,,,
tr50,sword-shield,shield,crafting,cram-o-matic,master-dojo,Cram-o-matic (Grass: 62–70 points),1,0,0,,,,,,Only in The Isle of Armor,
tr50,sword-shield,shield,shop,watt-trader,,Watt Traders,1,0,1,,,5000,watt,,,
tr50,sword-shield,shield,raid,max-raid,,3★–5★ Max Raid Battles,1,0,0,,,,,,,
tr50,sword-shield,sword,shop,watt-trader,,Watt Traders,1,0,1,,,5000,watt,,,
tr50,sword-shield,sword,crafting,cram-o-matic,master-dojo,Cram-o-matic (Grass: 62–70 points),1,0,0,,,,,,Only in The Isle of Armor,
tr50,sword-shield,sword,raid,max-raid,,3★–5★ Max Raid Battles,1,0,0,,,,,,,
tr51,sword-shield,shield,crafting,cram-o-matic,,Cram-o-matic (Dragon: 112–120 points),1,0,0,,,,,,Only in The Isle of Armor,
tr51,sword-shield,shield,exchange,watts,,Wild Area Watt Traders,1,0,1,,,2000,watt,,,
tr51,sword-shield,shield,raid,max-raid,,"3★, 4★, 5★ Max Raid Battles",1,0,0,,,,,,,
tr51,sword-shield,sword,raid,max-raid,,"3★, 4★, 5★ Max Raid Battles",1,0,0,,,,,,,
tr51,sword-shield,sword,crafting,cram-o-matic,,Cram-o-matic (Dragon: 112–120 points),1,0,0,,,,,,Only in The Isle of Armor,
tr51,sword-shield,sword,exchange,watts,,Wild Area Watt Traders,1,0,1,,,2000,watt,,,
tr52,sword-shield,shield,shop,watt-trader,,Watt Traders,1,0,1,,,3000,watt,,,
tr52,sword-shield,sword,shop,watt-trader,,Watt Traders,1,0,1,,,3000,watt,,,
tr52,sword-shield,,raid,max-raid,,3★–5★ Max Raid Battles,1,0,0,,,,,,,Available in various Wild Area locations and DLC areas
tr52,the-crown-tundra,,shop,watt-trader,snowslide-slope,Watt Trader,1,0,1,,,3000,watt,,,
tr52,the-isle-of-armor,,crafting,cram-o-matic,,Cram-o-matic,1,0,0,,,,,,Steel-type input totaling 72–80 points,
tr53,sword-shield,shield,shop,watt-trader,,Wild Area Watt Traders,1,0,1,,,8000,watt,,,
tr53,sword-shield,shield,raid,max-raid,,4★ and 5★ Max Raid Battles,1,0,0,,,,,,,
tr53,sword-shield,shield,crafting,cram-o-matic,,Cram-o-matic (Fighting: 122–130 points),1,0,0,,,,,,Only in The Isle of Armor,
tr53,sword-shield,sword,raid,max-raid,,4★ and 5★ Max Raid Battles,1,0,0,,,,,,,
tr53,sword-shield,sword,crafting,cram-o-matic,,Cram-o-matic (Fighting: 122–130 points),1,0,0,,,,,,Only in The Isle of Armor,
tr53,sword-shield,sword,shop,watt-trader,,Wild Area Watt Traders,1,0,1,,,8000,watt,,,
tr54,sword-shield,shield,shop,watt-trader,,Wild Area Watt Traders,1,0,1,,,2000,watt,,,
tr54,sword-shield,shield,raid,max-raid,,Max Raid Battles in the Wild Area,1,0,0,,,,,,,
tr54,sword-shield,sword,raid,max-raid,,Max Raid Battles in the Wild Area,1,0,0,,,,,,,
tr54,sword-shield,sword,crafting,cram-o-matic,,"Cram-o-matic (Poison type, 52–60 points)",1,0,0,,,,,,Only in The Isle of Armor,
tr54,sword-shield,sword,shop,watt-trader,,Wild Area Watt Traders,1,0,1,,,2000,watt,,,
tr55,sword-shield,shield,exchange,watts,,Watt Traders,1,0,1,,,8000,watt,,,
tr55,sword-shield,shield,raid,max-raid,,4★–5★ Max Raid Battles,1,0,0,,,,,,,Available in specific Wild Area locations and expansion areas
tr55,sword-shield,sword,exchange,watts,,Watt Traders,1,0,1,,,8000,watt,,,
tr55,sword-shield,sword,raid,max-raid,,4★–5★ Max Raid Battles,1,0,0,,,,,,,Available in specific Wild Area locations and expansion areas
tr55,sword-shield,sword,crafting,cram-o-matic,,Cram-o-matic,1,0,0,,,,,,Only in The Isle of Armor,Fire-type combination totaling 112–120 points
tr56,sword-shield,shield,raid,max-raid,,Max Raid Battles,1,0,0,,,,,,,
tr56,sword-shield,shield,shop,watt-trader,,Watt Traders,1,0,1,,,3000,watt,,,
tr56,sword-shield,shield,crafting,cram-o-matic,,Cram-o-matic (Fighting: 22–30 points),1,0,0,,,,,,Only in The Isle of Armor,
tr56,sword-shield,sword,shop,watt-trader,,Watt Traders,1,0,1,,,3000,watt,,,
tr56,sword-shield,sword,crafting,cram-o-matic,,Cram-o-matic (Fighting: 22–30 points),1,0,0,,,,,,Only in The Isle of Armor,
tr56,sword-shield,sword,raid,max-raid,,Max Raid Battles,1,0,0,,,,,,,
tr57,sword-shield,shield,exchange,watts,,Watt Traders,1,0,1,,,3000,watt,,,
tr57,sword-shield,shield,raid,max-raid,,Max Raid Battles,1,0,0,,,,,,,
tr57,sword-shield,shield,crafting,cram-o-matic,,Cram-o-matic (Poison: 72–80 points),1,0,0,,,,,,Only in The Isle of Armor,
tr57,sword-shield,sword,exchange,watts,,Watt Traders,1,0,1,,,3000,watt,,,
tr57,sword-shield,sword,raid,max-raid,,Max Raid Battles,1,0,0,,,,,,,
tr57,sword-shield,sword,crafting,cram-o-matic,,Cram-o-matic (Poison: 72–80 points),1,0,0,,,,,,Only in The Isle of Armor,
tr58,sword-shield,shield,shop,watt-trader,,Watt Traders,1,0,1,,,3000,watt,,,
tr58,sword-shield,shield,raid,max-raid,,"3★, 4★, 5★ Max Raid Battles",1,0,0,,,,,,,Some locations exclusive to Shield
tr58,sword-shield,sword,raid,max-raid,,"3★, 4★, 5★ Max Raid Battles",1,0,0,,,,,,,
tr58,sword-shield,sword,shop,watt-trader,,Watt Traders,1,0,1,,,3000,watt,,,
tr59,sword-shield,shield,raid,max-raid,giants-mirror,Max Raid Battles,1,0,0,,,,,,,
tr59,sword-shield,shield,exchange,watts,,Watt Traders,1,0,1,,,3000,watt,,,
tr59,sword-shield,sword,raid,max-raid,dappled-grove,Max Raid Battles,1,0,0,,,,,,,
tr59,sword-shield,sword,exchange,watts,,Watt Traders,1,0,1,,,3000,watt,,,
tr60,sword-shield,shield,crafting,cram-o-matic,,Cram-o-matic (Bug: 2–20 points),1,0,0,,,,,,Only in The Isle of Armor,
tr60,sword-shield,shield,raid,max-raid,,Max Raid Battles,1,0,0,,,,,,,
tr60,sword-shield,shield,shop,watt-trader,,Watt Traders,1,0,1,,,3000,watt,,,
tr60,sword-shield,sword,crafting,cram-o-matic,,Cram-o-matic (Bug: 2–20 points),1,0,0,,,,,,Only in The Isle of Armor,
tr60,sword-shield,sword,shop,watt-trader,,Watt Traders,1,0,1,,,3000,watt,,,
tr60,sword-shield,sword,raid,max-raid,,Max Raid Battles,1,0,0,,,,,,,
tr61,sword-shield,shield,exchange,watts,,Watt Trader,1,0,1,,,5000,watt,,,
tr61,sword-shield,shield,raid,max-raid,,3★–5★ Max Raid Battles,1,0,0,,,,,,,
tr61,sword-shield,shield,crafting,cram-o-matic,,Cram-o-matic (Bug: 72–80 points),1,0,0,,,,,,Only in The Isle of Armor,
tr61,sword-shield,sword,exchange,watts,,Watt Trader,1,0,1,,,5000,watt,,,
tr61,sword-shield,sword,raid,max-raid,,3★–5★ Max Raid Battles,1,0,0,,,,,,,
tr61,sword-shield,sword,crafting,cram-o-matic,,Cram-o-matic (Bug: 72–80 points),1,0,0,,,,,,Only in The Isle of Armor,
tr62,sword-shield,shield,raid,max-raid,rolling-fields,Max Raid Battles,1,0,0,,,,,,,Shield only locations apply
tr62,sword-shield,shield,exchange,watts,,Watt Traders,1,0,1,,,3000,watt,,,
tr62,sword-shield,shield,exchange,watts,snowslide-slope,Watt Trader,1,0,1,,,3000,watt,,Only in The Crown Tundra,
tr62,sword-shield,sword,exchange,watts,,Watt Traders,1,0,1,,,3000,watt,,,
tr62,sword-shield,sword,raid,max-raid,axews-eye,Max Raid Battles,1,0,0,,,,,,,
tr62,sword-shield,sword,crafting,cram-o-matic,,Cram-o-matic (Dragon: 92–100),1,0,0,,,,,,Only in The Isle of Armor,
tr63,sword-shield,shield,crafting,cram-o-matic,,Cram-o-matic (Rock: 82–90 points),1,0,0,,,,,,Only in The Isle of Armor,
tr63,sword-shield,shield,exchange,watts,,Watt Traders,1,0,1,,,3000,watt,,,
tr63,sword-shield,sword,crafting,cram-o-matic,,Cram-o-matic (Rock: 82–90 points),1,0,0,,,,,,Only in The Isle of Armor,
tr63,sword-shield,sword,exchange,watts,,Watt Traders,1,0,1,,,3000,watt,,,
tr64,sword-shield,shield,shop,watt-trader,,Watt Traders,1,0,1,,,8000,watt,,,
tr64,sword-shield,shield,raid,max-raid,,4★–5★ Max Raid Battles,1,0,0,,,,,,,
tr64,sword-shield,shield,crafting,cram-o-matic,master-dojo,"Cram-o-matic (Fighting-type, 102–110 points)",1,0,0,,,,,,Only in The Isle of Armor,
tr64,sword-shield,sword,shop,watt-trader,,Watt Traders,1,0,1,,,8000,watt,,,
tr64,sword-shield,sword,raid,max-raid,,4★–5★ Max Raid Battles,1,0,0,,,,,,,
tr64,sword-shield,sword,crafting,cram-o-matic,master-dojo,"Cram-o-matic (Fighting-type, 102–110 points)",1,0,0,,,,,,Only in The Isle of Armor,
tr65,sword-shield,shield,shop,watt-trader,,Watt Traders,1,0,1,,,5000,watt,,,
tr65,sword-shield,shield,raid,max-raid,bridge-field,Max Raid Battles,1,0,0,,,,,,,
tr65,sword-shield,shield,crafting,cram-o-matic,,Cram-o-matic (Grass: 72–80),1,0,0,,,,,,Only in The Isle of Armor,
tr65,sword-shield,sword,shop,watt-trader,,Watt Traders,1,0,1,,,5000,watt,,,
tr65,sword-shield,sword,crafting,cram-o-matic,,Cram-o-matic (Grass: 72–80),1,0,0,,,,,,Only in The Isle of Armor,
tr65,sword-shield,sword,raid,max-raid,bridge-field,Max Raid Battles,1,0,0,,,,,,,
tr66,sword-shield,shield,raid,max-raid,,3★–5★ Max Raid Battles,1,0,0,,,,,,,
tr66,sword-shield,shield,crafting,cram-o-matic,,Cram-o-matic (Flying: 122–130 points),1,0,0,,,,,,Only in The Isle of Armor,
tr66,sword-shield,shield,shop,watt-trader,,Watt Traders,1,0,1,,,8000,watt,,,
tr66,sword-shield,sword,crafting,cram-o-matic,,Cram-o-matic (Flying: 122–130 points),1,0,0,,,,,,Only in The Isle of Armor,
tr66,sword-shield,sword,shop,watt-trader,,Watt Traders,1,0,1,,,8000,watt,,,
tr66,sword-shield,sword,raid,max-raid,,3★–5★ Max Raid Battles,1,0,0,,,,,,,
tr67,sword-shield,shield,exchange,watts,,Watt Traders,1,0,1,,,5000,watt,,,
tr67,sword-shield,shield,raid,max-raid,,"2★, 3★, 5★ Max Raid Battles (Dusty Bowl, Giant's Seat, Rolling Fields)",1,0,0,,,,,,,
tr67,sword-shield,sword,exchange,watts,,Watt Traders,1,0,1,,,5000,watt,,,
tr67,sword-shield,sword,raid,max-raid,,"2★, 3★, 5★ Max Raid Battles (Dusty Bowl, Giant's Seat, Rolling Fields)",1,0,0,,,,,,,
tr67,the-crown-tundra,,exchange,watts,snowslide-slope,Watt Trader,1,0,1,,,5000,watt,,,
tr67,the-isle-of-armor,,crafting,cram-o-matic,,Ground-type recipe (72–80 points),1,0,0,,,,,,,
tr68,sword-shield,shield,exchange,watts,,Watt Traders,1,0,1,,,2000,watt,,,
tr68,sword-shield,sword,exchange,watts,,Watt Traders,1,0,1,,,2000,watt,,,
tr69,sword-shield,shield,raid,max-raid,,"1★, 2★, 4★, 5★ Max Raid Battles",1,0,0,,,,,,,"Bridge Field, Motostoke Riverbank, Stony Wilderness, Watchtower Ruins; DLC areas apply if owned"
tr69,sword-shield,shield,shop,watt-trader,,Wild Area Watt Traders,1,0,1,,,3000,watt,,,
tr69,sword-shield,shield,crafting,cram-o-matic,,Cram-o-matic,1,0,0,,,,,,Only in The Isle of Armor,Psychic-type combination: 82–90 points
tr69,sword-shield,sword,crafting,cram-o-matic,,Cram-o-matic,1,0,0,,,,,,Only in The Isle of Armor,Psychic-type combination: 82–90 points
tr69,sword-shield,sword,shop,watt-trader,,Wild Area Watt Traders,1,0,1,,,3000,watt,,,
tr69,sword-shield,sword,raid,max-raid,,"1★, 2★, 4★, 5★ Max Raid Battles",1,0,0,,,,,,,"Bridge Field, Motostoke Riverbank, Stony Wilderness, Watchtower Ruins; DLC areas apply if owned"
tr70,sword-shield,shield,raid,max-raid,,"Dusty Bowl, Giant's Seat, Hammerlocke Hills, Stony Wilderness",1,0,0,,,,,,,
tr70,sword-shield,shield,crafting,cram-o-matic,,Cram-o-matic (Steel: 112–120 points),1,0,0,,,,,,Only in The Isle of Armor,
tr70,sword-shield,shield,shop,watt-trader,,Watt Traders,1,0,1,,,5000,watt,,,
tr70,sword-shield,sword,shop,watt-trader,,Watt Traders,1,0,1,,,5000,watt,,,
tr70,sword-shield,sword,raid,max-raid,,"Dusty Bowl, Giant's Seat, Hammerlocke Hills, Stony Wilderness",1,0,0,,,,,,,
tr70,sword-shield,sword,crafting,cram-o-matic,,Cram-o-matic (Steel: 112–120 points),1,0,0,,,,,,Only in The Isle of Armor,
tr71,sword-shield,shield,raid,max-raid,,"4★, 5★ Max Raid Battles",1,0,0,,,,,,,"Includes Bridge Field, Dappled Grove, Giant's Mirror, Stony Wilderness; Isle of Armor and Crown Tundra locations also apply."
tr71,sword-shield,shield,shop,watt-trader,,Watt Traders,1,0,1,,,8000,watt,,,
tr71,sword-shield,shield,crafting,cram-o-matic,master-dojo,Cram-o-matic (Grass: 122–130 points),1,0,0,,,,,,Only in The Isle of Armor,
tr71,sword-shield,sword,crafting,cram-o-matic,master-dojo,Cram-o-matic (Grass: 122–130 points),1,0,0,,,,,,Only in The Isle of Armor,
tr71,sword-shield,sword,shop,watt-trader,,Watt Traders,1,0,1,,,8000,watt,,,
tr71,sword-shield,sword,raid,max-raid,,"4★, 5★ Max Raid Battles",1,0,0,,,,,,,"Includes Bridge Field, Dappled Grove, Giant's Mirror, Stony Wilderness; Isle of Armor and Crown Tundra locations also apply."
tr72,sword-shield,shield,shop,watt-trader,,Watt Traders,1,0,1,,,8000,watt,,,
tr72,sword-shield,shield,raid,max-raid,,4★–5★ Max Raid Battles,1,0,0,,,,,,,
tr72,sword-shield,sword,shop,watt-trader,,Watt Traders,1,0,1,,,8000,watt,,,
tr72,sword-shield,sword,raid,max-raid,,4★–5★ Max Raid Battles,1,0,0,,,,,,,
tr72,the-isle-of-armor,,crafting,cram-o-matic,,Cram-o-matic (Grass: 102–110),1,0,0,,,,,,Only in The Isle of Armor,
tr73,sword-shield,shield,raid,max-raid,,4★–5★ Max Raid Battles,1,0,0,,,,,,,
tr73,sword-shield,shield,shop,watt-trader,,Watt Traders,1,0,1,,,8000,watt,,,
tr73,sword-shield,shield,crafting,cram-o-matic,,Cram-o-matic (Poison: 122–130 points),1,0,0,,,,,,The Isle of Armor,
tr73,sword-shield,sword,shop,watt-trader,,Watt Traders,1,0,1,,,8000,watt,,,
tr73,sword-shield,sword,crafting,cram-o-matic,,Cram-o-matic (Poison: 122–130 points),1,0,0,,,,,,The Isle of Armor,
tr73,sword-shield,sword,raid,max-raid,,4★–5★ Max Raid Battles,1,0,0,,,,,,,
tr74,sword-shield,shield,exchange,watts,,Watt Traders,1,0,1,,,5000,watt,,,
tr74,sword-shield,shield,raid,max-raid,,"3★–5★ Max Raid Battles (various Wild Area, Isle of Armor, and Crown Tundra locations)",1,0,0,,,,,,,
tr74,sword-shield,shield,crafting,cram-o-matic,,"Cram-o-matic (Steel type, 122–130 points)",1,0,0,,,,,,Only in The Isle of Armor,
tr74,sword-shield,sword,exchange,watts,,Watt Traders,1,0,1,,,5000,watt,,,
tr74,sword-shield,sword,raid,max-raid,,"3★–5★ Max Raid Battles (various Wild Area, Isle of Armor, and Crown Tundra locations)",1,0,0,,,,,,,
tr74,sword-shield,sword,crafting,cram-o-matic,,"Cram-o-matic (Steel type, 122–130 points)",1,0,0,,,,,,Only in The Isle of Armor,
tr75,sword-shield,shield,shop,watt-trader,,Watt Traders,1,0,1,,,8000,watt,,,
tr75,sword-shield,shield,raid,max-raid,,"4★, 5★ Max Raid Battles",1,0,0,,,,,,,"Includes Dusty Bowl, Giant's Seat, and Rolling Fields"
tr75,sword-shield,shield,crafting,cram-o-matic,master-dojo,Cram-o-matic (Rock: 122–130 points),1,0,0,,,,,,Only in The Isle of Armor,
tr75,sword-shield,sword,shop,watt-trader,,Watt Traders,1,0,1,,,8000,watt,,,
tr75,sword-shield,sword,raid,max-raid,,"4★, 5★ Max Raid Battles",1,0,0,,,,,,,"Includes Dusty Bowl, Giant's Seat, and Rolling Fields"
tr75,sword-shield,sword,crafting,cram-o-matic,master-dojo,Cram-o-matic (Rock: 122–130 points),1,0,0,,,,,,Only in The Isle of Armor,
tr76,sword-shield,shield,raid,max-raid,,3★–5★ Max Raid Battles,1,0,0,,,,,,,
tr76,sword-shield,shield,shop,watt-trader,,Wild Area Watt Traders,1,0,1,,,3000,watt,,,
tr76,sword-shield,sword,raid,max-raid,,3★–5★ Max Raid Battles,1,0,0,,,,,,,
tr76,sword-shield,sword,shop,watt-trader,,Wild Area Watt Traders,1,0,1,,,3000,watt,,,
tr77,sword-shield,shield,raid,max-raid,,3★–5★ Max Raid Battles,1,0,0,,,,,,,
tr77,sword-shield,shield,shop,watt-trader,,Watt Traders,1,0,1,,,3000,watt,,,
tr77,sword-shield,shield,crafting,cram-o-matic,,Cram-o-matic (Grass: 52–60 points),1,0,0,,,,,,The Isle of Armor,
tr77,sword-shield,sword,shop,watt-trader,,Watt Traders,1,0,1,,,3000,watt,,,
tr77,sword-shield,sword,crafting,cram-o-matic,,Cram-o-matic (Grass: 52–60 points),1,0,0,,,,,,The Isle of Armor,
tr77,sword-shield,sword,raid,max-raid,,3★–5★ Max Raid Battles,1,0,0,,,,,,,
tr78,sword-shield,shield,crafting,cram-o-matic,,Cram-o-matic (Poison: 112–120 points),1,0,0,,,,,,Only in The Isle of Armor,
tr78,sword-shield,shield,raid,max-raid,,"3★, 4★, 5★ Max Raid Battles",1,0,0,,,,,,,
tr78,sword-shield,shield,shop,watt-trader,,Watt Traders,1,0,1,,,5000,watt,,,
tr78,sword-shield,sword,shop,watt-trader,,Watt Traders,1,0,1,,,5000,watt,,,
tr78,sword-shield,sword,raid,max-raid,,"3★, 4★, 5★ Max Raid Battles",1,0,0,,,,,,,
tr78,sword-shield,sword,crafting,cram-o-matic,,Cram-o-matic (Poison: 112–120 points),1,0,0,,,,,,Only in The Isle of Armor,
tr79,sword-shield,shield,raid,max-raid,,"Max Raid Battles (Dusty Bowl, Giant's Seat, Hammerlocke Hills, Stony Wilderness)",1,0,0,,,,,,,
tr79,sword-shield,shield,shop,watt-trader,,Watt Traders,1,0,1,,,3000,watt,,,
tr79,sword-shield,shield,crafting,cram-o-matic,,Cram-o-matic,1,0,1,,,,,,Only in The Isle of Armor,Steel type input totaling 92–100 points
tr79,sword-shield,sword,shop,watt-trader,,Watt Traders,1,0,1,,,3000,watt,,,
tr79,sword-shield,sword,raid,max-raid,,"Max Raid Battles (Dusty Bowl, Giant's Seat, Hammerlocke Hills, Stony Wilderness)",1,0,0,,,,,,,
tr79,sword-shield,sword,crafting,cram-o-matic,,Cram-o-matic,1,0,1,,,,,,Only in The Isle of Armor,Steel type input totaling 92–100 points
tr80,sword-shield,shield,exchange,watts,,Watt Traders,1,0,1,,,3000,watt,,,
tr80,sword-shield,shield,raid,max-raid,,3★–5★ Max Raid Battles,1,0,0,,,,,,,
tr80,sword-shield,sword,exchange,watts,,Watt Traders,1,0,1,,,3000,watt,,,
tr80,sword-shield,sword,raid,max-raid,,3★–5★ Max Raid Battles,1,0,0,,,,,,,
tr81,sword-shield,shield,shop,watt-trader,,Watt Traders,1,0,1,,,3000,watt,,,
tr81,sword-shield,shield,raid,max-raid,,4★ and 5★ Max Raid Battles,1,0,0,,,,,,,
tr81,sword-shield,sword,shop,watt-trader,,Watt Traders,1,0,1,,,3000,watt,,,
tr81,sword-shield,sword,raid,max-raid,,4★ and 5★ Max Raid Battles,1,0,0,,,,,,,
tr82,sword-shield,shield,crafting,cram-o-matic,,Cram-o-matic (Psychic: 42–50 points),1,0,0,,,,,,Only in The Isle of Armor,
tr82,sword-shield,shield,shop,watt-trader,,Watt Traders,1,0,1,,,2000,watt,,,
tr82,sword-shield,shield,raid,max-raid,,4★ and 5★ Max Raid Battles,1,0,0,,,,,,,
tr82,sword-shield,sword,shop,watt-trader,,Watt Traders,1,0,1,,,2000,watt,,,
tr82,sword-shield,sword,crafting,cram-o-matic,,Cram-o-matic (Psychic: 42–50 points),1,0,0,,,,,,Only in The Isle of Armor,
tr82,sword-shield,sword,raid,max-raid,,4★ and 5★ Max Raid Battles,1,0,0,,,,,,,
tr83,sword-shield,shield,raid,max-raid,,"2★, 3★, 5★ Max Raid Battles",1,0,0,,,,,,,
tr83,sword-shield,shield,crafting,cram-o-matic,master-dojo,Cram-o-matic,1,0,0,,,,,,Psychic-type input totaling 62–70 points,The Isle of Armor
tr83,sword-shield,shield,shop,watt-trader,,Watt Traders,1,0,1,,,2000,watt,,,
tr83,sword-shield,sword,raid,max-raid,,"2★, 3★, 5★ Max Raid Battles",1,0,0,,,,,,,
tr83,sword-shield,sword,shop,watt-trader,,Watt Traders,1,0,1,,,2000,watt,,,
tr83,sword-shield,sword,crafting,cram-o-matic,master-dojo,Cram-o-matic,1,0,0,,,,,,Psychic-type input totaling 62–70 points,The Isle of Armor
tr84,sword-shield,shield,raid,max-raid,,2★–4★ Max Raid Battles,1,0,0,,,,,,,
tr84,sword-shield,shield,exchange,watts,,Watt Traders,1,0,1,,,3000,watt,,,
tr84,sword-shield,sword,exchange,watts,,Watt Traders,1,0,1,,,3000,watt,,,
tr84,sword-shield,sword,raid,max-raid,,2★–4★ Max Raid Battles,1,0,0,,,,,,,
tr85,sword-shield,shield,shop,watt-trader,,Watt Traders,1,0,1,,,1000,watt,,,
tr85,sword-shield,shield,raid,max-raid,,"3★, 4★, 5★ Max Raid Battles",1,0,0,,,,,,,
tr85,sword-shield,shield,crafting,cram-o-matic,,Cram-o-matic (Normal: 2–20 points),1,0,0,,,,,,Only in The Isle of Armor,
tr85,sword-shield,sword,shop,watt-trader,,Watt Traders,1,0,1,,,1000,watt,,,
tr85,sword-shield,sword,raid,max-raid,,"3★, 4★, 5★ Max Raid Battles",1,0,0,,,,,,,
tr85,sword-shield,sword,crafting,cram-o-matic,,Cram-o-matic (Normal: 2–20 points),1,0,0,,,,,,Only in The Isle of Armor,
tr86,sword-shield,shield,crafting,cram-o-matic,,Cram-o-matic (Electric: 62–70 points),1,0,0,,,,,,Only in The Isle of Armor,
tr86,sword-shield,shield,shop,watt-trader,,Watt Traders,1,0,1,,,5000,watt,,,
tr86,sword-shield,shield,raid,max-raid,giants-cap,Max Raid Battles,1,0,0,,,,,,,
tr86,sword-shield,sword,shop,watt-trader,,Watt Traders,1,0,1,,,5000,watt,,,
tr86,sword-shield,sword,crafting,cram-o-matic,,Cram-o-matic (Electric: 62–70 points),1,0,0,,,,,,Only in The Isle of Armor,
tr86,sword-shield,sword,raid,max-raid,giants-cap,Max Raid Battles,1,0,0,,,,,,,
tr87,sword-shield,shield,shop,watt-trader,,Watt Traders,1,0,1,,,3000,watt,,,
tr87,sword-shield,shield,raid,max-raid,,"1★, 2★, 4★, 5★ Max Raid Battles",1,0,0,,,,,,,
tr87,sword-shield,sword,raid,max-raid,,"1★, 2★, 4★, 5★ Max Raid Battles",1,0,0,,,,,,,
tr87,sword-shield,sword,shop,watt-trader,,Watt Traders,1,0,1,,,3000,watt,,,
tr88,sword-shield,shield,exchange,watts,,Watt Traders,1,0,1,,,3000,watt,,,
tr88,sword-shield,shield,raid,max-raid,,Max Raid Battles,1,0,0,,,,,,,
tr88,sword-shield,sword,raid,max-raid,,Max Raid Battles,1,0,0,,,,,,,
tr88,sword-shield,sword,exchange,watts,,Watt Traders,1,0,1,,,3000,watt,,,
tr89,sword-shield,shield,crafting,cram-o-matic,,Cram-o-matic (Flying: 102–110 points),1,0,0,,,,,,The Isle of Armor,
tr89,sword-shield,shield,exchange,watts,,Watt Trader,1,0,1,,,8000,watt,,,
tr89,sword-shield,shield,raid,max-raid,,4★–5★ Max Raid Battles,1,0,0,,,,,,,
tr89,sword-shield,sword,exchange,watts,,Watt Trader,1,0,1,,,8000,watt,,,
tr89,sword-shield,sword,raid,max-raid,,4★–5★ Max Raid Battles,1,0,0,,,,,,,
tr89,sword-shield,sword,crafting,cram-o-matic,,Cram-o-matic (Flying: 102–110 points),1,0,0,,,,,,The Isle of Armor,
tr90,sword-shield,shield,raid,max-raid,,Various Max Raid Battle dens,1,0,0,,,,,,,
tr90,sword-shield,shield,exchange,watts,,Watt Traders,1,0,1,,,5000,watt,,,
tr90,sword-shield,shield,crafting,cram-o-matic,,Cram-o-matic (Fairy-type recipes),1,0,0,,,,,,Only in The Isle of Armor,
tr90,sword-shield,sword,crafting,cram-o-matic,,Cram-o-matic (Fairy-type recipes),1,0,0,,,,,,Only in The Isle of Armor,
tr90,sword-shield,sword,exchange,watts,,Watt Traders,1,0,1,,,5000,watt,,,
tr90,sword-shield,sword,raid,max-raid,,Various Max Raid Battle dens,1,0,0,,,,,,,
tr91,sword-shield,shield,raid,max-raid,,4★–5★ Max Raid Battles,1,0,0,,,,,,,
tr91,sword-shield,shield,shop,watt-trader,,Watt Traders,1,0,1,,,2000,watt,,,
tr91,sword-shield,shield,crafting,cram-o-matic,,Cram-o-matic (Poison: 32–40 points),1,0,0,,,,,,Only in The Isle of Armor,
tr91,sword-shield,sword,shop,watt-trader,,Watt Traders,1,0,1,,,2000,watt,,,
tr91,sword-shield,sword,raid,max-raid,,4★–5★ Max Raid Battles,1,0,0,,,,,,,
tr91,sword-shield,sword,crafting,cram-o-matic,,Cram-o-matic (Poison: 32–40 points),1,0,0,,,,,,Only in The Isle of Armor,
tr92,sword-shield,shield,raid,max-raid,,Max Raid Battles,1,0,0,,,,,,,
tr92,sword-shield,shield,shop,watt-trader,,Watt Traders,1,0,1,,,3000,watt,,,
tr92,sword-shield,sword,raid,max-raid,,Max Raid Battles,1,0,0,,,,,,,
tr92,sword-shield,sword,shop,watt-trader,,Watt Traders,1,0,1,,,3000,watt,,,
tr92,sword-shield,sword,crafting,cram-o-matic,,Cram-o-matic (Fairy: 102–110 points),1,0,0,,,,,,The Isle of Armor,
tr93,sword-shield,shield,exchange,watts,,Wild Area Watt Traders; Snowslide Slope Watt Trader (The Crown Tundra),1,0,1,,,5000,watt,,,
tr93,sword-shield,shield,raid,max-raid,,"2★, 3★, 5★ Max Raid Battles in various Wild Area locations and expansions",1,0,0,,,,,,,
tr93,sword-shield,shield,crafting,cram-o-matic,,Cram-o-matic (Dark: 122–130 points) in The Isle of Armor,1,0,0,,,,,,Only in The Isle of Armor,
tr93,sword-shield,sword,exchange,watts,,Wild Area Watt Traders; Snowslide Slope Watt Trader (The Crown Tundra),1,0,1,,,5000,watt,,,
tr93,sword-shield,sword,raid,max-raid,,"2★, 3★, 5★ Max Raid Battles in various Wild Area locations and expansions",1,0,0,,,,,,,
tr93,sword-shield,sword,crafting,cram-o-matic,,Cram-o-matic (Dark: 122–130 points) in The Isle of Armor,1,0,0,,,,,,Only in The Isle of Armor,
tr94,sword-shield,shield,shop,watt-trader,,Watt Traders,1,0,1,,,5000,watt,,,
tr94,sword-shield,shield,raid,max-raid,,"2★, 3★, 5★ Max Raid Battles",1,0,0,,,,,,,
tr94,sword-shield,shield,crafting,cram-o-matic,master-dojo,Cram-o-matic (Ground: 102–110 points),1,0,0,,,,,,Only in The Isle of Armor,
tr94,sword-shield,sword,shop,watt-trader,,Watt Traders,1,0,1,,,5000,watt,,,
tr94,sword-shield,sword,raid,max-raid,,"2★, 3★, 5★ Max Raid Battles",1,0,0,,,,,,,
tr94,sword-shield,sword,crafting,cram-o-matic,master-dojo,Cram-o-matic (Ground: 102–110 points),1,0,0,,,,,,Only in The Isle of Armor,
tr95,sword-shield,shield,exchange,watts,,Watt Traders,1,0,1,,,3000,watt,,,
tr95,sword-shield,shield,raid,max-raid,,"1★, 2★, 4★, 5★ Max Raid Battles",1,0,0,,,,,,,
tr95,sword-shield,sword,raid,max-raid,,"1★, 2★, 4★, 5★ Max Raid Battles",1,0,0,,,,,,,
tr95,sword-shield,sword,exchange,watts,,Watt Traders,1,0,1,,,3000,watt,,,
tr96,sword-shield,shield,exchange,watts,,Wild Area Watt Traders,1,0,1,,,5000,watt,,,
tr96,sword-shield,shield,raid,max-raid,,3★–5★ Max Raid Battles,1,0,0,,,,,,,
tr96,sword-shield,sword,raid,max-raid,,3★–5★ Max Raid Battles,1,0,0,,,,,,,
tr96,sword-shield,sword,crafting,cram-o-matic,,Cram-o-matic,1,0,0,,,,,,Bug-type input totaling 102–110 points,Only in The Isle of Armor
tr96,sword-shield,sword,exchange,watts,,Wild Area Watt Traders,1,0,1,,,5000,watt,,,
tr97,sword-shield,shield,shop,watt-trader,,Watt Traders,1,0,1,,,5000,watt,,,
tr97,sword-shield,shield,raid,max-raid,motostoke-riverbank,"2★, 3★, 5★ Max Raid Battles",1,0,0,,,,,,,
tr97,sword-shield,sword,raid,max-raid,motostoke-riverbank,"2★, 3★, 5★ Max Raid Battles",1,0,0,,,,,,,
tr97,sword-shield,sword,shop,watt-trader,,Watt Traders,1,0,1,,,5000,watt,,,
tr98,sword-shield,shield,raid,max-raid,,"3★, 4★ Max Raid Battles",1,0,0,,,,,,,
tr98,sword-shield,shield,shop,watt-trader,,Watt Traders,1,0,1,,,3000,watt,,,
tr98,sword-shield,shield,crafting,cram-o-matic,challenge-beach,Cram-o-matic (Water: 62–70 points),1,0,0,,,,,,Only in The Isle of Armor,
tr98,sword-shield,sword,crafting,cram-o-matic,challenge-beach,Cram-o-matic (Water: 62–70 points),1,0,0,,,,,,Only in The Isle of Armor,
tr98,sword-shield,sword,raid,max-raid,,"3★, 4★ Max Raid Battles",1,0,0,,,,,,,
tr98,sword-shield,sword,shop,watt-trader,,Watt Traders,1,0,1,,,3000,watt,,,
tr99,sword-shield,shield,shop,watt-trader,,Watt Traders,1,0,1,,,3000,watt,,,
tr99,sword-shield,shield,raid,max-raid,,Max Raid Battles,1,0,0,,,,,,,"1★, 2★, 4★, 5★ raids"
tr99,sword-shield,sword,shop,watt-trader,,Watt Traders,1,0,1,,,3000,watt,,,
tr99,sword-shield,sword,raid,max-raid,,Max Raid Battles,1,0,0,,,,,,,"1★, 2★, 4★, 5★ raids"
tr99,sword-shield,sword,crafting,cram-o-matic,,Cram-o-matic,1,0,0,,,,,,The Isle of Armor,"Fighting type, 82–90 points"
tri-pass,firered-leafgreen,firered,npc-gift,,pokemon-network-center,Given by Celio upon arrival,0,0,1,,,,,,,
tri-pass,firered-leafgreen,leafgreen,npc-gift,,pokemon-network-center,Given by Celio upon arrival,0,0,1,,,,,,,
tropic-mail,emerald,emerald,overworld,visible,trick-house,,0,0,1,,,,,,,
tropic-mail,emerald,emerald,npc-gift,,lilycove-city,Quiz Lady,0,0,1,,,,,,,
tropic-mail,firered-leafgreen,firered,exchange,trade,,,1,0,1,,,,,,,
tropic-mail,firered-leafgreen,leafgreen,exchange,trade,,,1,0,1,,,,,,,
tropic-mail,ruby-sapphire,ruby,overworld,visible,trick-house,,0,0,1,,,,,,,
tropic-mail,ruby-sapphire,ruby,npc-gift,,pacifidlog-town,Held by in-game trade Corsola,0,0,1,,,,,,,
tropic-mail,ruby-sapphire,sapphire,overworld,visible,trick-house,,0,0,1,,,,,,,
tropic-mail,ruby-sapphire,sapphire,npc-gift,,pacifidlog-town,Held by in-game trade Corsola,0,0,1,,,,,,,
tropical-shell,lets-go-pikachu-lets-go-eevee,lets-go-eevee,npc-gift,,,Gift from Partner Eevee,1,0,1,,,,,,,
tropical-shell,lets-go-pikachu-lets-go-eevee,lets-go-pikachu,npc-gift,,,Gift from Partner Pikachu,1,0,1,,,,,,,
tunnel-mail,diamond-pearl,diamond,shop,poke-mart,oreburgh-city,Oreburgh City Poké Mart,1,0,1,,,50,poke-dollar,,,
tunnel-mail,heartgold-soulsilver,heartgold,shop,poke-mart,violet-city,Violet City Poké Mart,1,0,1,,,50,poke-dollar,,,
tunnel-mail,heartgold-soulsilver,heartgold,shop,department-store,celadon-city,Celadon Department Store,1,0,1,,,50,poke-dollar,,,
tunnel-mail,diamond-pearl,pearl,shop,poke-mart,oreburgh-city,Oreburgh City Poké Mart,1,0,1,,,50,poke-dollar,,,
tunnel-mail,platinum,platinum,shop,poke-mart,oreburgh-city,Oreburgh City Poké Mart,1,0,1,,,50,poke-dollar,,,
tunnel-mail,heartgold-soulsilver,soulsilver,shop,poke-mart,violet-city,Violet City Poké Mart,1,0,1,,,50,poke-dollar,,,
tunnel-mail,heartgold-soulsilver,soulsilver,shop,department-store,celadon-city,Celadon Department Store,1,0,1,,,50,poke-dollar,,,
twisted-spoon,ruby-sapphire,ruby,wild-pokemon,,,Held by wild Abra,1,0,0,,5.0,,,,,
tyranitarite,omega-ruby-alpha-sapphire,alpha-sapphire,overworld,visible,jagged-pass,After defeating or capturing Kyogre,0,0,1,,,,,,After Kyogre event,
tyranitarite,omega-ruby-alpha-sapphire,omega-ruby,overworld,visible,jagged-pass,After defeating or capturing Groudon,0,0,1,,,,,,After Groudon event,
tyranitarite,ultra-sun-ultra-moon,ultra-moon,exchange,,battle-tree,Battle Tree,1,0,1,,,64,battle-point,,,
tyranitarite,ultra-sun-ultra-moon,ultra-sun,exchange,,battle-tree,Battle Tree,1,0,1,,,64,battle-point,,,
tyranitarite,x-y,x,story,,cyllage-gym,Requires upgraded Mega Ring,0,0,1,,,,,,After obtaining upgraded Mega Ring,
ultranecrozium-z--held,ultra-sun-ultra-moon,ultra-moon,dropped,,mount-lanakila,Dropped by Necrozma when caught,0,0,1,,,,,,,
ultranecrozium-z--held,ultra-sun-ultra-moon,ultra-sun,dropped,,mount-lanakila,Dropped by Necrozma when caught,0,0,1,,,,,,,
unown-report,heartgold-soulsilver,heartgold,npc-gift,,ruins-of-alph,Given by a researcher after solving the first chamber puzzle,0,0,1,,,,,,After solving the first Ruins of Alph puzzle,
unown-report,heartgold-soulsilver,soulsilver,npc-gift,,ruins-of-alph,Given by a researcher after solving the first chamber puzzle,0,0,1,,,,,,After solving the first Ruins of Alph puzzle,
unremarkable-teacup,scarlet-violet,scarlet,overworld,visible,paradise-barrens,,0,0,1,,,,,,,
unremarkable-teacup,scarlet-violet,scarlet,overworld,visible,oni-mountain,,0,0,1,,,,,,,
unremarkable-teacup,scarlet-violet,scarlet,contest,,,Ogre Oustin',1,0,0,,,,,,,
unremarkable-teacup,scarlet-violet,scarlet,item-printer,,,Item Printer,1,0,0,,,,,,The Indigo Disk,
unremarkable-teacup,scarlet-violet,violet,item-printer,,,Item Printer,1,0,0,,,,,,The Indigo Disk,
unremarkable-teacup,scarlet-violet,violet,contest,,,Ogre Oustin',1,0,0,,,,,,,
unremarkable-teacup,scarlet-violet,violet,overworld,visible,paradise-barrens,,0,0,1,,,,,,,
unremarkable-teacup,scarlet-violet,violet,overworld,visible,oni-mountain,,0,0,1,,,,,,,
up-grade,black-2-white-2,black-2,shop,specialty-shop,black-city,Store 3,1,0,1,,,40000,poke-dollar,,,
up-grade,gold-silver,gold,overworld,visible,silph-co,,0,0,1,,,,,,,
utility-umbrella,scarlet-violet,scarlet,shop,specialty-shop,cascarrafa,Delibird Presents (Cascarrafa Branch),1,0,1,,,15000,poke-dollar,,After earning 4 Gym Badges,
utility-umbrella,sword-shield,shield,shop,vendor,hammerlocke,,0,0,1,,,,,,,
utility-umbrella,sword-shield,shield,crafting,cram-o-matic,,Cram-o-matic (Steel: 52–60 points),1,0,0,,,,,,The Isle of Armor,
utility-umbrella,sword-shield,shield,shop,vendor,freezington,,0,0,1,,,,,,The Crown Tundra,
utility-umbrella,sword-shield,sword,crafting,cram-o-matic,,Cram-o-matic (Steel: 52–60 points),1,0,0,,,,,,The Isle of Armor,
utility-umbrella,sword-shield,sword,shop,vendor,freezington,,0,0,1,,,,,,The Crown Tundra,
utility-umbrella,sword-shield,sword,shop,vendor,hammerlocke,,0,0,1,,,,,,,
utility-umbrella,scarlet-violet,violet,shop,specialty-shop,cascarrafa,Delibird Presents (Cascarrafa Branch),1,0,1,,,15000,poke-dollar,,After earning 4 Gym Badges,
vee-vee-pick,scarlet-violet,scarlet,shop,vendor,,Artisan Bakery,1,0,1,,,480,poke-dollar,,,
vee-vee-pick,scarlet-violet,scarlet,shop,vendor,,Peachy's,1,0,1,,,480,poke-dollar,,The Teal Mask expansion,
vee-vee-pick,scarlet-violet,scarlet,vending-machine,,,Vending machines (Terarium),1,0,1,,,480,poke-dollar,,The Indigo Disk expansion,
vee-vee-pick,scarlet-violet,violet,shop,vendor,,Peachy's,1,0,1,,,480,poke-dollar,,The Teal Mask expansion,
vee-vee-pick,scarlet-violet,violet,vending-machine,,,Vending machines (Terarium),1,0,1,,,480,poke-dollar,,The Indigo Disk expansion,
vee-vee-pick,scarlet-violet,violet,shop,vendor,,Artisan Bakery,1,0,1,,,480,poke-dollar,,,
venusaurite,x-y,x,npc-gift,,pokemon-research-lab-kalos,If Bulbasaur is chosen,0,0,1,,,,,,,
venusaurite,x-y,y,shop,specialty-shop,stone-emporium,,1,0,1,,,,poke-dollar,,If Bulbasaur is not chosen,
vinegar,scarlet-violet,scarlet,overworld,visible,east-paldean-sea,,0,0,1,,,,,,,
vinegar,scarlet-violet,scarlet,shop,vendor,,Deli Cioso; Aquiesta Supermarket,1,0,1,,,300,poke-dollar,,After earning 2 Gym Badges,
vinegar,the-indigo-disk,,vending-machine,,terarium,Vending machines,1,0,1,,,,,,,
vinegar,scarlet-violet,violet,shop,vendor,,Deli Cioso; Aquiesta Supermarket,1,0,1,,,300,poke-dollar,,After earning 2 Gym Badges,
vinegar,scarlet-violet,violet,overworld,visible,east-paldean-sea,,0,0,1,,,,,,,
violet-book,scarlet-violet,violet,npc-gift,,area-zero,Research Station No. 2 (from Arven),0,0,1,,,,,,,
violet-book,scarlet-violet,violet,exchange,,crystal-pool,"From Professor Turo after catching Terapagos, in exchange for Briar's Book",0,0,1,,,,,,After catching Terapagos,The Indigo Disk
virizion-treat,scarlet-violet,scarlet,npc-gift,,blueberry-academy-entrance,Snacksworth,0,0,1,,,,,,After completing one group Blueberry Quest,
virizion-treat,scarlet-violet,violet,npc-gift,,blueberry-academy-entrance,Snacksworth,0,0,1,,,,,,After completing 10 solo Blueberry Quests,
voltorb-candy,lets-go-pikachu-lets-go-eevee,lets-go-eevee,overworld,hidden,power-plant,,1,1,1,,,,,,,Daily hidden items
voltorb-candy,lets-go-pikachu-lets-go-eevee,lets-go-pikachu,overworld,hidden,power-plant,,1,1,1,,,,,,,Daily hidden items
vs-recorder,omega-ruby-alpha-sapphire,alpha-sapphire,npc-gift,,mauville-city,From a man in black at the Battle Institute upon first entry,0,0,1,,,,,,,
vs-recorder,black-white,black,npc-gift,,nimbasa-city,From an Ace Trainer exiting the Gear Station,0,0,1,,,,,,,
vs-recorder,black-2-white-2,black-2,npc-gift,,nimbasa-city,From Nate/Rosa after defeating the Subway Bosses in front of the Gear Station,0,0,1,,,,,,After defeating the Subway Bosses,
vs-recorder,heartgold-soulsilver,heartgold,npc-gift,,route-31-johto,From Ethan/Lyra in the gate to Violet City,0,0,1,,,,,,,
vs-recorder,omega-ruby-alpha-sapphire,omega-ruby,npc-gift,,mauville-city,From a man in black at the Battle Institute upon first entry,0,0,1,,,,,,,
vs-recorder,platinum,platinum,npc-gift,,jubilife-city,From Looker upon meeting him for the first time,0,0,1,,,,,,,
vs-recorder,heartgold-soulsilver,soulsilver,npc-gift,,route-31-johto,From Ethan/Lyra in the gate to Violet City,0,0,1,,,,,,,
vs-recorder,black-white,white,npc-gift,,nimbasa-city,From an Ace Trainer exiting the Gear Station,0,0,1,,,,,,,
vs-recorder,black-2-white-2,white-2,npc-gift,,nimbasa-city,From Nate/Rosa after defeating the Subway Bosses in front of the Gear Station,0,0,1,,,,,,After defeating the Subway Bosses,
vs-recorder,x-y,x,npc-gift,,kiloude-city,From a Monsieur upon entering the city for the first time,0,0,1,,,,,,,
vs-recorder,x-y,y,npc-gift,,kiloude-city,From a Monsieur upon entering the city for the first time,0,0,1,,,,,,,
vs-seeker,brilliant-diamond-shining-pearl,brilliant-diamond,npc-gift,,route-207-sinnoh,Lucas/Dawn at the end of Cycling Road,0,0,1,,,,,,,
vs-seeker,diamond-pearl,diamond,npc-gift,,route-207-sinnoh,Lucas/Dawn at the end of Cycling Road,0,0,1,,,,,,,
vs-seeker,firered-leafgreen,firered,npc-gift,,vermilion-city,Girl in the Pokémon Center,0,0,1,,,,,,,
vs-seeker,firered-leafgreen,leafgreen,npc-gift,,vermilion-city,Girl in the Pokémon Center,0,0,1,,,,,,,
vs-seeker,diamond-pearl,pearl,npc-gift,,route-207-sinnoh,Lucas/Dawn at the end of Cycling Road,0,0,1,,,,,,,
vs-seeker,platinum,platinum,npc-gift,,route-207-sinnoh,Lucas/Dawn at the entrance to Mt. Coronet,0,0,1,,,,,,,
vs-seeker,brilliant-diamond-shining-pearl,shining-pearl,npc-gift,,route-207-sinnoh,Lucas/Dawn at the end of Cycling Road,0,0,1,,,,,,,
wailmer-pail,omega-ruby-alpha-sapphire,alpha-sapphire,npc-gift,,hoenn-route-104,Pretty Petal Flower Shop (owner),0,0,1,,,,,,,
wailmer-pail,emerald,emerald,npc-gift,,hoenn-route-104,Pretty Petal Flower Shop (middle sister),0,0,1,,,,,,,
wailmer-pail,omega-ruby-alpha-sapphire,omega-ruby,npc-gift,,hoenn-route-104,Pretty Petal Flower Shop (owner),0,0,1,,,,,,,
wailmer-pail,ruby-sapphire,ruby,npc-gift,,hoenn-route-104,Pretty Petal Flower Shop (middle sister),0,0,1,,,,,,,
wailmer-pail,ruby-sapphire,sapphire,npc-gift,,hoenn-route-104,Pretty Petal Flower Shop (middle sister),0,0,1,,,,,,,
wasabi,scarlet-violet,scarlet,shop,specialty-shop,,Aquiesta Supermarket,1,0,1,,,330,poke-dollar,,After earning 5 Gym Badges,
wasabi,scarlet-violet,scarlet,vending-machine,,terarium,Vending machines,1,0,1,,,,,,The Indigo Disk,
wasabi,scarlet-violet,violet,vending-machine,,terarium,Vending machines,1,0,1,,,,,,The Indigo Disk,
wasabi,scarlet-violet,violet,shop,specialty-shop,,Aquiesta Supermarket,1,0,1,,,330,poke-dollar,,After earning 5 Gym Badges,
water-gem,black-white,black,event,,,,0,0,1,,,,,,,
water-gem,black-white,white,overworld,sparkling,,Dust cloud,1,0,0,,,,,,,
water-memory,sun-moon,moon,npc-gift,,aether-paradise,Gladion,0,0,1,,,,,,After becoming Champion,
water-memory,sword-shield,shield,npc-gift,,battle-tower-galar,League Staff member,0,0,1,,,,,,,
water-memory,sun-moon,sun,npc-gift,,aether-paradise,Gladion,0,0,1,,,,,,After becoming Champion,
water-memory,sword-shield,sword,npc-gift,,battle-tower-galar,League Staff member,0,0,1,,,,,,,
water-memory,ultra-sun-ultra-moon,ultra-moon,npc-gift,,ancient-poni-path,Wicke,0,0,1,,,,,,After becoming Champion,
water-memory,ultra-sun-ultra-moon,ultra-sun,npc-gift,,ancient-poni-path,Wicke,0,0,1,,,,,,After becoming Champion,
water-tera-shard,scarlet-violet,scarlet,overworld,visible,area-zero,,0,0,1,,,,,,,
water-tera-shard,scarlet-violet,scarlet,raid,tera-raid-5star,,Tera Raid Battles (3★ and above),1,0,0,,,,,,,
water-tera-shard,scarlet-violet,violet,raid,tera-raid-5star,,Tera Raid Battles (3★ and above),1,0,0,,,,,,,
water-tera-shard,scarlet-violet,violet,overworld,visible,area-zero,,0,0,1,,,,,,,
watercress,scarlet-violet,scarlet,shop,specialty-shop,,Deli Cioso; Aquiesta Supermarket,1,0,1,,,270,poke-dollar,,After earning 2 Gym Badges,
watercress,scarlet-violet,scarlet,vending-machine,,terarium,Vending machines,1,0,1,,,,,,The Indigo Disk,
watercress,scarlet-violet,violet,vending-machine,,terarium,Vending machines,1,0,1,,,,,,The Indigo Disk,
watercress,scarlet-violet,violet,shop,specialty-shop,,Deli Cioso; Aquiesta Supermarket,1,0,1,,,270,poke-dollar,,After earning 2 Gym Badges,
waterium-z--held,sun-moon,moon,story,,brooklet-hill,Reward for completing Lana's trial,0,0,1,,,,,,,
waterium-z--held,sun-moon,sun,story,,brooklet-hill,Reward for completing Lana's trial,0,0,1,,,,,,,
waterium-z--held,ultra-sun-ultra-moon,ultra-moon,story,,brooklet-hill,Reward for completing Lana's trial,0,0,1,,,,,,,
waterium-z--held,ultra-sun-ultra-moon,ultra-sun,story,,brooklet-hill,Reward for completing Lana's trial,0,0,1,,,,,,,
wave-incense,diamond-pearl,diamond,overworld,visible,route-210-sinnoh,,0,0,1,,,,,,,
wave-incense,heartgold-soulsilver,heartgold,overworld,visible,route-47-johto,,0,0,1,,,,,,,
wave-incense,platinum,platinum,overworld,visible,route-210-sinnoh,,0,0,1,,,,,,,
wave-incense,heartgold-soulsilver,soulsilver,overworld,visible,route-47-johto,,0,0,1,,,,,,,
wave-mail,emerald,emerald,shop,department-store,lilycove-city,Lilycove Department Store,1,0,1,,,50,poke-dollar,,,
wave-mail,emerald,emerald,overworld,visible,trick-house,,0,0,1,,,,,,,
wave-mail,emerald,emerald,npc-gift,,pacifidlog-town,Held by in-game trade Horsea,0,0,1,,,,,,,
wave-mail,firered-leafgreen,firered,exchange,,,Trade,1,0,1,,,,,,,
wave-mail,firered-leafgreen,leafgreen,exchange,,,Trade,1,0,1,,,,,,,
wave-mail,ruby-sapphire,ruby,overworld,visible,trick-house,,0,0,1,,,,,,,
wave-mail,ruby-sapphire,ruby,shop,department-store,lilycove-city,Lilycove Department Store,1,0,1,,,50,poke-dollar,,,
wave-mail,ruby-sapphire,sapphire,overworld,visible,trick-house,,0,0,1,,,,,,,
wave-mail,ruby-sapphire,sapphire,shop,department-store,lilycove-city,Lilycove Department Store,1,0,1,,,50,poke-dollar,,,
weakness-policy,sun-moon,moon,exchange,,,Battle Tree,1,0,1,,,32,battle-point,,,
weakness-policy,scarlet-violet,scarlet,shop,specialty-shop,mesagoza,Delibird Presents,1,0,1,,,50000,poke-dollar,,After completing the main storyline,
weakness-policy,sword-shield,shield,exchange,,,Battle Tower,1,0,1,,,20,battle-point,,,
weakness-policy,sun-moon,sun,exchange,,,Battle Tree,1,0,1,,,32,battle-point,,,
weakness-policy,sword-shield,sword,exchange,,,Battle Tower,1,0,1,,,20,battle-point,,,
weakness-policy,scarlet-violet,violet,shop,specialty-shop,mesagoza,Delibird Presents,1,0,1,,,50000,poke-dollar,,After completing the main storyline,
weakness-policy,x-y,x,exchange,,,Battle Maison,1,0,1,,,32,battle-point,,,
weakness-policy,x-y,y,exchange,,,Battle Maison,1,0,1,,,32,battle-point,,,
wellspring-mask,scarlet-violet,scarlet,story,,dreaded-den,After capturing Ogerpon,0,0,1,1,,,,,After capturing Ogerpon,
wellspring-mask,scarlet-violet,violet,story,,dreaded-den,After capturing Ogerpon,0,0,1,1,,,,,After capturing Ogerpon,
whimsical-chairs,scarlet-violet,scarlet,npc-gift,,revelers-road,Picnicker,0,0,1,,,,,,If the player owns the Whimsical Tablecloth,
whimsical-chairs,scarlet-violet,violet,npc-gift,,revelers-road,Picnicker,0,0,1,,,,,,If the player owns the Whimsical Tablecloth,
whimsical-tablecloth,scarlet-violet,scarlet,shop,specialty-shop,mesagoza,Picnic-Knacks (Mesagoza Branch),1,0,1,,,2000,poke-dollar,,,
whimsical-tablecloth,scarlet-violet,violet,shop,specialty-shop,mesagoza,Picnic-Knacks (Mesagoza Branch),1,0,1,,,2000,poke-dollar,,,
whipped-cream,scarlet-violet,scarlet,shop,specialty-shop,,Artisan Bakery,1,0,1,,,200,poke-dollar,,After earning 1 Gym Badge,
whipped-cream,scarlet-violet,scarlet,shop,specialty-shop,,Aquiesta Supermarket,1,0,1,,,200,poke-dollar,,After earning 1 Gym Badge,
whipped-cream,scarlet-violet,scarlet,vending-machine,,terarium,Vending machines,1,0,1,,,,,,The Indigo Disk,
whipped-cream,scarlet-violet,violet,shop,specialty-shop,,Aquiesta Supermarket,1,0,1,,,200,poke-dollar,,After earning 1 Gym Badge,
whipped-cream,scarlet-violet,violet,shop,specialty-shop,,Artisan Bakery,1,0,1,,,200,poke-dollar,,After earning 1 Gym Badge,
whipped-cream,scarlet-violet,violet,vending-machine,,terarium,Vending machines,1,0,1,,,,,,The Indigo Disk,
whipped-dream,omega-ruby-alpha-sapphire,alpha-sapphire,exchange,,battle-maison,,1,0,1,,,32,battle-point,,,
whipped-dream,sun-moon,moon,exchange,,battle-tree,,1,0,1,,,32,battle-point,,,
whipped-dream,omega-ruby-alpha-sapphire,omega-ruby,exchange,,battle-maison,,1,0,1,,,32,battle-point,,,
whipped-dream,sun-moon,sun,overworld,visible,konikoni-city,,0,0,1,,,,,,,
whipped-dream,sun-moon,sun,exchange,,battle-tree,,1,0,1,,,32,battle-point,,,
whipped-dream,sword-shield,sword,npc-gift,,,,1,0,0,,,,,,,
whipped-dream,sword-shield,sword,exchange,,hammerlocke,,1,0,1,,,10,battle-point,,,
whipped-dream,x-y,x,overworld,visible,kalos-route-12,,0,0,1,,,,,,,
whipped-dream,x-y,x,overworld,visible,cyllage-city,,0,0,1,,,,,,,
whipped-dream,x-y,x,exchange,,battle-maison,,1,0,1,,,32,battle-point,,,
whipped-dream,x-y,y,exchange,,battle-maison,,1,0,1,,,32,battle-point,,,
white-apricorn,crystal,crystal,overworld,recurring,azalea-town,,1,0,1,,,,,,,
white-apricorn,gold-silver,gold,overworld,recurring,azalea-town,,1,0,1,,,,,,,
white-apricorn,gold-silver,silver,overworld,recurring,azalea-town,,1,0,1,,,,,,,
white-flute,emerald,emerald,overworld,recurring,hoenn-route-113,Glass Workshop (1000 steps),1,0,1,,,,,,,
white-flute,ruby-sapphire,ruby,overworld,recurring,hoenn-route-113,Glass Workshop (1000 steps),1,0,1,,,,,,,
white-mane-hair,sword-shield,shield,wild-pokemon,static,freezington,Obtained upon defeating Glastrier after planting Carrot Seeds in Snowslide Slope,0,0,1,,,,,,After choosing to plant the Carrot Seeds in Snowslide Slope,The Crown Tundra
white-mane-hair,sword-shield,sword,wild-pokemon,static,freezington,Obtained upon defeating Glastrier after planting Carrot Seeds in Snowslide Slope,0,0,1,,,,,,After choosing to plant the Carrot Seeds in Snowslide Slope,The Crown Tundra
wide-lens,black-white,black,npc-gift,,castelia-city,Pokémon Center man in black,0,0,1,,,,,,Having Pokémon from 5 different original Trainers,
wide-lens,diamond-pearl,diamond,exchange,coins,veilstone-city,Veilstone Game Corner,1,0,1,,,1000,coin,,,
wide-lens,heartgold-soulsilver,heartgold,exchange,coins,goldenrod-city,Goldenrod Game Corner,1,0,1,,,1000,coin,,,
wide-lens,scarlet-violet,scarlet,shop,vendor,levincia,Delibird Presents (Levincia Branch),1,0,1,,,20000,poke-dollar,,,
winking-pika-pick,scarlet-violet,scarlet,shop,specialty-shop,,Artisan Bakery,1,0,1,,,1200,poke-dollar,,,
winking-pika-pick,scarlet-violet,violet,shop,specialty-shop,,Artisan Bakery,1,0,1,,,1200,poke-dollar,,,
wishing-piece,sword-shield,shield,shop,watt-trader,,All Watt Traders,1,0,1,1,,3000,watt,,,
wishing-piece,sword-shield,shield,crafting,cram-o-matic,,Cram-o-matic,1,0,0,1,,,,,Isle of Armor,"42–50 points (most types), 92–100 points (Rock)"
wishing-piece,sword-shield,shield,overworld,hidden,brawlers-cave,,1,1,1,1,,,,,Isle of Armor,Hidden recurring item
wishing-piece,sword-shield,shield,max-lair,dynite-ore-trader,max-lair,Dynite Ore trader,1,0,1,1,,,dynite-ore,,The Crown Tundra,
wishing-piece,sword-shield,sword,crafting,cram-o-matic,,Cram-o-matic,1,0,0,1,,,,,Isle of Armor,"42–50 points (most types), 92–100 points (Rock)"
wishing-piece,sword-shield,sword,overworld,hidden,brawlers-cave,,1,1,1,1,,,,,Isle of Armor,Hidden recurring item
wishing-piece,sword-shield,sword,shop,watt-trader,,All Watt Traders,1,0,1,1,,3000,watt,,,
wishing-piece,sword-shield,sword,max-lair,dynite-ore-trader,max-lair,Dynite Ore trader,1,0,1,1,,,dynite-ore,,The Crown Tundra,
wishing-star,sword-shield,shield,story,,galar-route-02,Received from Hop after battling him,0,0,1,,,,,,,
wishing-star,sword-shield,sword,story,,galar-route-02,Received from Hop after battling him,0,0,1,,,,,,,
wood-mail,emerald,emerald,overworld,visible,trick-house,,0,0,1,,,,,,,
wood-mail,emerald,emerald,shop,poke-mart,fortree-city,Poké Mart,1,0,1,,,50,poke-dollar,,,
wood-mail,firered-leafgreen,firered,trade,,,,1,0,1,,,,,,,
wood-mail,firered-leafgreen,leafgreen,trade,,,,1,0,1,,,,,,,
wood-mail,ruby-sapphire,ruby,shop,poke-mart,fortree-city,Poké Mart,1,0,1,,,50,poke-dollar,,,
wood-mail,ruby-sapphire,ruby,overworld,visible,trick-house,,0,0,1,,,,,,,
wood-mail,ruby-sapphire,sapphire,shop,poke-mart,fortree-city,Poké Mart,1,0,1,,,50,poke-dollar,,,
wood-mail,ruby-sapphire,sapphire,overworld,visible,trick-house,,0,0,1,,,,,,,
wooden-crown,sword-shield,shield,overworld,visible,freezington,On the table in the Freeze Inn,0,0,1,,,,,,After accepting the Legendary Clues,Crown Tundra
wooden-crown,sword-shield,sword,overworld,visible,freezington,On the table in the Freeze Inn,0,0,1,,,,,,After accepting the Legendary Clues,Crown Tundra
works-key,brilliant-diamond-shining-pearl,brilliant-diamond,npc-gift,,floaroma-meadow,Honey Man after defeating Team Galactic Grunts,0,0,1,,,,,,After defeating the Team Galactic Grunts at Valley Windworks,
works-key,diamond-pearl,diamond,npc-gift,,floaroma-meadow,Honey Man after defeating Team Galactic Grunts,0,0,1,,,,,,After defeating the Team Galactic Grunts at Valley Windworks,
works-key,diamond-pearl,pearl,npc-gift,,floaroma-meadow,Honey Man after defeating Team Galactic Grunts,0,0,1,,,,,,After defeating the Team Galactic Grunts at Valley Windworks,
works-key,platinum,platinum,npc-gift,,floaroma-meadow,Honey Man after defeating Team Galactic Grunts,0,0,1,,,,,,After defeating the Team Galactic Grunts at Valley Windworks,
works-key,brilliant-diamond-shining-pearl,shining-pearl,npc-gift,,floaroma-meadow,Honey Man after defeating Team Galactic Grunts,0,0,1,,,,,,After defeating the Team Galactic Grunts at Valley Windworks,
x-defense,red-blue,red,shop,department-store,celadon-city,Celadon Department Store,1,0,1,,,550,poke-dollar,,,
x-defense,scarlet-violet,scarlet,shop,vendor,,Chansey Supply,1,0,1,,,2000,poke-dollar,,,
xtransceiver,black-white,black,npc-gift,,nuvema-town,Received from Mom at the start of the game,0,0,1,,,,,,,
xtransceiver,black-2-white-2,black-2,starting-item,bag,aspertia-city,In the player's Bag at the start of the game,0,0,1,,,,,,,
xtransceiver,black-white,white,npc-gift,,nuvema-town,Received from Mom at the start of the game,0,0,1,,,,,,,
xtransceiver,black-2-white-2,white-2,starting-item,bag,aspertia-city,In the player's Bag at the start of the game,0,0,1,,,,,,,
yarn-ball,scarlet-violet,scarlet,shop,specialty-shop,mesagoza,Picnic-Knacks (Mesagoza Branch),1,0,1,,,1000,poke-dollar,,,
yarn-ball,scarlet-violet,violet,shop,specialty-shop,mesagoza,Picnic-Knacks (Mesagoza Branch),1,0,1,,,1000,poke-dollar,,,
yellow-apricorn,crystal,crystal,harvest,,route-42-johto,,1,0,1,,,,,,,
yellow-apricorn,gold-silver,gold,harvest,,route-42-johto,,1,0,1,,,,,,,
yellow-apricorn,gold-silver,silver,harvest,,route-42-johto,,1,0,1,,,,,,,
yellow-bell-pepper,scarlet-violet,scarlet,shop,vendor,,"Deli Cioso, Aquiesta Supermarket",1,0,1,,,240,poke-dollar,,After earning 3 Gym Badges,
yellow-bell-pepper,scarlet-violet,scarlet,vending-machine,,terarium,Vending machines,1,0,1,,,,,,The Indigo Disk,
yellow-bell-pepper,scarlet-violet,violet,shop,vendor,,"Deli Cioso, Aquiesta Supermarket",1,0,1,,,240,poke-dollar,,After earning 3 Gym Badges,
yellow-bell-pepper,scarlet-violet,violet,vending-machine,,terarium,Vending machines,1,0,1,,,,,,The Indigo Disk,
yellow-bottle,scarlet-violet,scarlet,shop,specialty-shop,cascarrafa,Picnic-Knacks (Cascarrafa Branch),1,0,1,,,2000,poke-dollar,,,
yellow-bottle,scarlet-violet,violet,shop,specialty-shop,cascarrafa,Picnic-Knacks (Cascarrafa Branch),1,0,1,,,2000,poke-dollar,,,
yellow-chairs,scarlet-violet,scarlet,npc-gift,,revelers-road,Picnicker,0,0,1,,,,,,If the player owns the Yellow Tablecloth,
yellow-chairs,scarlet-violet,violet,npc-gift,,revelers-road,Picnicker,0,0,1,,,,,,If the player owns the Yellow Tablecloth,
yellow-cup,scarlet-violet,scarlet,shop,specialty-shop,cascarrafa,Picnic-Knacks (Cascarrafa Branch),1,0,1,,,1500,poke-dollar,,,
yellow-cup,scarlet-violet,violet,shop,specialty-shop,cascarrafa,Picnic-Knacks (Cascarrafa Branch),1,0,1,,,1500,poke-dollar,,,
yellow-flute,firered-leafgreen,firered,exchange,coins,celadon-game-corner,,1,0,1,,,1600,coin,,,
yellow-flute,ruby-sapphire,ruby,crafting,craftworks,hoenn-route-113,Glass Workshop,1,0,1,,,,,,After accumulating 500 steps,
yellow-nectar,sun-moon,moon,overworld,recurring,melemele-meadow,Nighttime flowers,1,0,1,2,,,,,Nighttime; daily,
yellow-nectar,scarlet-violet,scarlet,shop,specialty-shop,,Delibird Presents,1,0,1,,,300,poke-dollar,,After earning 3 Gym Badges,
yellow-nectar,sun-moon,sun,overworld,recurring,melemele-meadow,Nighttime flowers,1,0,1,2,,,,,Nighttime; daily,
yellow-nectar,ultra-sun-ultra-moon,ultra-moon,overworld,recurring,melemele-meadow,Nighttime flowers,1,0,1,2,,,,,Nighttime; daily,
yellow-nectar,ultra-sun-ultra-moon,ultra-sun,overworld,recurring,melemele-meadow,Nighttime flowers,1,0,1,2,,,,,Nighttime; daily,
yellow-nectar,scarlet-violet,violet,shop,specialty-shop,,Delibird Presents,1,0,1,,,300,poke-dollar,,After earning 3 Gym Badges,
yellow-petal,ultra-sun-ultra-moon,ultra-moon,npc-gift,,hokulani-observatory,"Sophocles (during Mina's trial, after talking to Sophocles)",0,0,1,,,,,,During Mina's trial,
yellow-petal,ultra-sun-ultra-moon,ultra-sun,npc-gift,,hokulani-observatory,"Sophocles (during Mina's trial, after defeating Sophocles)",0,0,1,,,,,,During Mina's trial,
yellow-scarf,diamond-pearl,diamond,npc-gift,,pastoria-city,Scarf Guy,0,0,1,,,,,,Show a Pokémon with Tough stat of 200 or more,
yellow-scarf,firered-leafgreen,firered,exchange,,,Trade,1,0,1,,,,,,,
yellow-scarf,ruby-sapphire,ruby,npc-gift,,slateport-city,Pokémon Fan Club chairman,0,0,1,,,,,,Show a Pokémon with Tough stat of 200 or more,
yellow-tablecloth,scarlet-violet,scarlet,shop,specialty-shop,levincia,Picnic-Knacks (Levincia Branch),1,0,1,,,5000,poke-dollar,,,
yellow-tablecloth,scarlet-violet,violet,shop,specialty-shop,levincia,Picnic-Knacks (Levincia Branch),1,0,1,,,5000,poke-dollar,,,
yogurt,scarlet-violet,scarlet,shop,vendor,,Peachy's,1,0,1,,,140,poke-dollar,,After earning 1 Badge (The Teal Mask),
yogurt,scarlet-violet,scarlet,shop,vendor,,Aquiesta Supermarket,1,0,1,,,140,poke-dollar,,After earning 1 Gym Badge,
yogurt,scarlet-violet,scarlet,vending-machine,,,Vending machines (Terarium),1,0,1,,,,,,The Indigo Disk,
yogurt,scarlet-violet,scarlet,shop,vendor,,Artisan Bakery,1,0,1,,,140,poke-dollar,,After earning 1 Gym Badge,
yogurt,scarlet-violet,violet,vending-machine,,,Vending machines (Terarium),1,0,1,,,,,,The Indigo Disk,
yogurt,scarlet-violet,violet,shop,vendor,,Artisan Bakery,1,0,1,,,140,poke-dollar,,After earning 1 Gym Badge,
yogurt,scarlet-violet,violet,shop,vendor,,Aquiesta Supermarket,1,0,1,,,140,poke-dollar,,After earning 1 Gym Badge,
yogurt,scarlet-violet,violet,shop,vendor,,Peachy's,1,0,1,,,140,poke-dollar,,After earning 1 Badge (The Teal Mask),
z-power-ring,ultra-sun-ultra-moon,ultra-moon,story,,iki-town,Received from Hala after defeating Hau during the festival,0,0,1,,,,,,,
z-power-ring,ultra-sun-ultra-moon,ultra-sun,story,,iki-town,Received from Hala after defeating Hau during the festival,0,0,1,,,,,,,
z-ring,sun-moon,moon,story,,iki-town,From Hala after defeating Hau during the festival,0,0,1,,,,,,After completing the ceremony battle with Hau,
z-ring,sun-moon,sun,story,,iki-town,From Hala after defeating Hau during the festival,0,0,1,,,,,,After completing the ceremony battle with Hau,
zap-plate,diamond-pearl,diamond,overworld,visible,sunyshore-city,,0,0,1,,,,,,,
zap-plate,platinum,platinum,overworld,visible,sunyshore-city,,0,0,1,,,,,,,
zap-plate,scarlet-violet,scarlet,auction,,porto-marinada,,0,0,0,,,,,,If the player owns an Arceus,
zap-plate,scarlet-violet,violet,auction,,porto-marinada,,0,0,0,,,,,,If the player owns an Arceus,
zapdos-treat,scarlet-violet,scarlet,npc-gift,,blueberry-academy,Blueberry Academy entrance (Snacksworth),0,0,1,,,,,,After completing 10 solo Blueberry Quests,Requires The Indigo Disk
zapdos-treat,scarlet-violet,violet,npc-gift,,blueberry-academy,Blueberry Academy entrance (Snacksworth),0,0,1,,,,,,After completing 10 solo Blueberry Quests,Requires The Indigo Disk
zekrom-treat,scarlet-violet,scarlet,npc-gift,,blueberry-academy-entrance,Snacksworth,0,0,1,,,,,,After completing one group Blueberry Quest (The Indigo Disk),
zekrom-treat,scarlet-violet,violet,npc-gift,,blueberry-academy-entrance,Snacksworth,0,0,1,,,,,,After completing 10 solo Blueberry Quests (The Indigo Disk),
zoom-lens,black-white,black,trainer-reward,trainer,castelia-city,Pokémon Center (man in black),0,0,1,,,,,,Having Pokémon from 20 different original Trainers,
zoom-lens,diamond-pearl,diamond,exchange,coins,veilstone-city,Veilstone Game Corner,1,0,1,,,1000,coin,,,
zoom-lens,heartgold-soulsilver,heartgold,exchange,coins,goldenrod-city,Goldenrod Game Corner,1,0,1,,,1000,coin,,,
zoom-lens,diamond-pearl,pearl,exchange,coins,veilstone-city,Veilstone Game Corner,1,0,1,,,1000,coin,,,
zoom-lens,platinum,platinum,exchange,coins,veilstone-city,Veilstone Game Corner,1,0,1,,,1000,coin,,,
zoom-lens,scarlet-violet,scarlet,shop,specialty-shop,levincia,Delibird Presents (Levincia Branch),1,0,1,,,10000,poke-dollar,,After earning 4 Gym Badges,
zoom-lens,heartgold-soulsilver,soulsilver,exchange,coins,goldenrod-city,Goldenrod Game Corner,1,0,1,,,1000,coin,,,
zoom-lens,scarlet-violet,violet,shop,specialty-shop,levincia,Delibird Presents (Levincia Branch),1,0,1,,,10000,poke-dollar,,After earning 4 Gym Badges,
zoom-lens,black-white,white,trainer-reward,trainer,castelia-city,Pokémon Center (man in black),0,0,1,,,,,,Having Pokémon from 20 different original Trainers,
zygarde-cube,sun-moon,moon,npc-defeat,,heahea-city,Defeat Sina,0,0,1,,,,,,,
zygarde-cube,sword-shield,shield,shop,bargain-shop,stow-on-side,Bargain shop keeper,0,0,1,,,,,,If the player owns a Zygarde,
zygarde-cube,sun-moon,sun,npc-defeat,,heahea-city,Defeat Dexio,0,0,1,,,,,,,
zygarde-cube,sword-shield,sword,shop,bargain-shop,stow-on-side,Bargain shop keeper,0,0,1,,,,,,If the player owns a Zygarde,
zygarde-cube,ultra-sun-ultra-moon,ultra-moon,npc-defeat,,alola-route-16,Defeat Sina,0,0,1,,,,,,After catching Zygarde in Resolution Cave,
zygarde-cube,ultra-sun-ultra-moon,ultra-sun,npc-defeat,,alola-route-16,Defeat Dexio,0,0,1,,,,,,After catching Zygarde in Resolution Cave,
