item,generation,pocket,version_group,version
ability-capsule,6,medicine,,
ability-capsule,7,medicine,,
ability-capsule,8,items,,
ability-capsule,9,items,,
ability-patch,8,items,sword-shield,
ability-patch,9,items,scarlet-violet,
ability-shield,9,items,scarlet-violet,
ability-urge,5,items,black-white,
ability-urge,5,items,black-2-white-2,
abomasite,6,items,,
abomasite,7,items,,
abra-candy,7,candy-jar,lets-go-pikachu-lets-go-eevee,
absolite,6,items,,
absolite,7,items,,
absolite-z,9,mega-stones,sword-shield,
absolite-z,9,mega-stones,brilliant-diamond-shining-pearl,
absorb-bulb,5,held-items,,
absorb-bulb,6,items,,
absorb-bulb,7,items,,
absorb-bulb,8,items,,
absorb-bulb,9,items,,
academy-ball,9,picnic-items,scarlet-violet,
academy-bottle,9,picnic-items,,
academy-chairs,9,picnic-items,scarlet-violet,
academy-cup,9,picnic-items,scarlet-violet,
academy-tablecloth,9,picnic-items,scarlet-violet,
acro-bike,3,key-items,,
acro-bike,6,key-items,omega-ruby-alpha-sapphire,
acro-bike,7,key-items,,
adamant-crystal,9,items,scarlet-violet,
adamant-mint,8,items,sword-shield,
adamant-mint,9,items,scarlet-violet,
adamant-orb,4,items,,
adamant-orb,5,items,,
adamant-orb,6,items,,
adamant-orb,7,items,,
adamant-orb,8,items,,
adamant-orb,9,items,,
adrenaline-orb,7,items,,
adrenaline-orb,8,items,,
adrenaline-orb,9,items,,
adventure-rules,6,key-items,x-y,
adventure-rules,7,key-items,,
adventure-rules,8,key-items,sword-shield,
adventure-rules,9,key-items,,
aerodactyl-candy,7,candy-jar,lets-go-pikachu-lets-go-eevee,
aerodactylite,6,items,,
aerodactylite,7,items,,
aggronite,6,items,x-y,
aggronite,7,items,sun-moon,
aguav-berry,3,berries,ruby-sapphire,
aguav-berry,3,berries,emerald,emerald
aguav-berry,4,berries,,
aguav-berry,5,berries,,
aguav-berry,6,berries,,
aguav-berry,7,berries,,
aguav-berry,8,berries,sword-shield,
aguav-berry,9,berries,,
air-balloon,5,items,,
air-balloon,6,items,,
air-balloon,7,items,,
air-balloon,8,items,,
air-balloon,9,items,,
air-mail,4,mail,,
alakazite,6,items,,
alakazite,7,items,,
aloraichium-z--held,7,z-crystals,,
altarianite,6,items,omega-ruby-alpha-sapphire,
altarianite,7,items,,
amaze-mulch,6,items,,
amaze-mulch,7,items,,
ampharosite,6,items,,
ampharosite,7,items,,
amulet-coin,2,items,,
amulet-coin,3,items,,
amulet-coin,4,items,,
amulet-coin,5,items,,
amulet-coin,6,items,,
amulet-coin,7,items,,
amulet-coin,8,items,,
amulet-coin,9,items,,
antidote,1,items,,
antidote,2,items,,
antidote,3,items,,
antidote,4,medicine,,
antidote,5,medicine,,
antidote,6,medicine,,
antidote,7,medicine,,
antidote,8,medicine,,
antidote,9,medicine,,
apicot-berry,3,berries,ruby-sapphire,
apicot-berry,3,berry-pouch,firered-leafgreen,
apicot-berry,4,berries,,
apicot-berry,5,berries,,
apicot-berry,6,berries,,
apicot-berry,7,berries,,
apicot-berry,8,berries,,
apicot-berry,9,berries,,
apple,9,picnic-items,scarlet-violet,
apricorn,8,items,,
apricorn-box,4,key-items,heartgold-soulsilver,
apricorn-box,5,key-items,,
apricorn-box,6,key-items,,
apricorn-box,7,key-items,,
aqua-suit,6,key-items,omega-ruby-alpha-sapphire,
aqua-suit,7,key-items,,
armor-fossil,4,items,,
armor-fossil,5,items,,
armor-fossil,6,items,,
armor-fossil,7,items,,
armor-fossil,8,treasures,brilliant-diamond-shining-pearl,
armor-pass,8,key-items,sword-shield,
armorite-ore,8,items,sword-shield,
articuno-candy,7,candy-jar,lets-go-pikachu-lets-go-eevee,
articuno-treat,9,key-items,scarlet-violet,
aspear-berry,3,berries,ruby-sapphire,
aspear-berry,3,berries,emerald,emerald
aspear-berry,4,berries,,
assault-vest,6,items,,
assault-vest,7,items,,
assault-vest,8,items,,
assault-vest,9,items,,
audinite,6,items,omega-ruby-alpha-sapphire,
audinite,7,items,,
aurora-ticket,3,key-items,,
auspicious-armor,9,items,scarlet-violet,
autograph,7,items,,
aux-evasion,8,battle-items,,
aux-guard,8,battle-items,,
avocado,9,picnic-items,scarlet-violet,
awakening,1,items,,
awakening,2,items,,
awakening,3,items,,
awakening,4,medicine,,
awakening,5,medicine,,
awakening,6,medicine,,
awakening,7,medicine,,
awakening,8,medicine,,
awakening,9,medicine,,
azure-flute,4,key-items,,
azure-flute,5,key-items,,
azure-flute,6,key-items,,
azure-flute,7,key-items,,
azure-flute,8,key-items,brilliant-diamond-shining-pearl,
babiri-berry,4,berries,,
babiri-berry,5,berries,,
babiri-berry,6,berries,,
babiri-berry,7,berries,,
babiri-berry,8,berries,,
babiri-berry,9,berries,,
bachs-food-tin,8,ingredients,sword-shield,
bacon,9,picnic-items,scarlet-violet,
baguette,9,picnic-items,scarlet-violet,
balm-mushroom,5,items,,
balm-mushroom,6,items,,
balm-mushroom,7,items,,
balm-mushroom,8,treasures,,
balm-mushroom,9,treasures,,
banana,9,picnic-items,scarlet-violet,
band-autograph,8,key-items,sword-shield,
banettite,6,items,,
banettite,7,items,,
barred-cup,9,picnic-items,scarlet-violet,
basculegion-food,8,key-items,,
basement-key-hoenn,3,key-items,,
basement-key-hoenn,6,key-items,omega-ruby-alpha-sapphire,
basement-key-hoenn,7,key-items,,
basement-key-johto,2,key-items,,
basement-key-johto,4,key-items,heartgold-soulsilver,
basement-key-johto,5,key-items,,
basement-key-johto,6,key-items,,
basement-key-johto,7,key-items,,
basil,9,picnic-items,scarlet-violet,
battle-chairs,9,picnic-items,scarlet-violet,
battle-tablecloth,9,picnic-items,scarlet-violet,
beach-glass,7,items,,
bead-mail,3,items,,
bean-cake,8,medicine,,
beast-ball,7,items,,
beast-ball,8,poke-balls,,
beast-ball,9,poke-balls,,
beedrillite,6,items,omega-ruby-alpha-sapphire,
beedrillite,7,items,,
bellsprout-candy,7,candy-jar,lets-go-pikachu-lets-go-eevee,
belue-berry,3,berries,ruby-sapphire,
belue-berry,3,berries,emerald,emerald
belue-berry,4,berries,,
belue-berry,5,berries,,
belue-berry,6,berries,,
belue-berry,7,berries,,
belue-berry,8,berries,,
berry-gen2,2,items,,
berry-juice,2,items,,
berry-juice,3,items,,
berry-juice,4,medicine,,
berry-juice,5,medicine,,
berry-juice,6,medicine,,
berry-juice,7,medicine,,
berry-juice,8,medicine,,
berry-pots,4,key-items,heartgold-soulsilver,
berry-pots,5,key-items,,
berry-pots,6,key-items,,
berry-pots,7,key-items,,
berry-pouch,3,key-items,firered-leafgreen,
berry-pouch,3,key-items,emerald,emerald
berry-sweet,8,items,sword-shield,
berserk-gene,2,items,,
bicycle,1,key-items,,
bicycle,2,key-items,,
bicycle,3,key-items,firered-leafgreen,
bicycle,4,key-items,,
bicycle,5,key-items,,
bicycle,6,key-items,,
bicycle,7,key-items,,
bicycle,8,key-items,brilliant-diamond-shining-pearl,
big-bamboo-shoot,9,treasures,scarlet-violet,
big-malasada,7,medicine,,
big-malasada,8,medicine,,
big-mushroom,2,items,,
big-mushroom,3,items,,
big-mushroom,4,items,,
big-mushroom,5,items,,
big-mushroom,6,items,,
big-mushroom,7,items,,
big-mushroom,8,treasures,sword-shield,
big-mushroom,9,treasures,scarlet-violet,
big-nugget,5,items,,
big-nugget,6,items,,
big-nugget,7,items,,
big-nugget,8,treasures,,
big-nugget,9,treasures,,
big-pearl,2,items,,
big-pearl,3,items,,
big-pearl,4,items,,
big-pearl,5,items,,
big-pearl,6,items,,
big-pearl,7,items,,
big-pearl,8,treasures,sword-shield,
big-pearl,9,treasures,scarlet-violet,
big-root,4,items,,
big-root,5,items,,
big-root,6,items,,
big-root,7,items,,
big-root,8,items,,
big-root,9,items,,
bike-voucher,1,key-items,,
bike-voucher,3,key-items,firered-leafgreen,
bike-voucher,3,key-items,emerald,emerald
binding-band,5,held-items,,
binding-band,6,items,,
binding-band,7,items,,
binding-band,8,items,,
binding-band,9,items,,
bitter-berry,2,items,,
bitter-herba-mystica,9,picnic-items,scarlet-violet,
black-apricorn,2,items,,
black-apricorn,4,items,heartgold-soulsilver,
black-apricorn,5,items,,
black-apricorn,6,items,,
black-apricorn,7,items,,
black-apricorn,8,items,sword-shield,
black-apricorn,9,items,scarlet-violet,
black-augurite,8,items,,
black-belt,2,items,,
black-belt,3,items,,
black-belt,4,items,,
black-belt,5,items,,
black-belt,6,items,,
black-belt,7,items,,
black-belt,8,items,,
black-belt,9,items,,
black-flute,3,items,,
black-flute,4,items,,
black-flute,5,items,,
black-flute,6,items,,
black-flute,7,items,,
black-glasses,2,items,,
black-glasses,3,items,,
black-glasses,4,items,,
black-glasses,5,items,,
black-glasses,6,items,,
black-glasses,7,items,,
black-glasses,8,items,,
black-glasses,9,items,,
black-mane-hair,8,key-items,,
black-sludge,4,items,,
black-sludge,5,held-items,,
black-sludge,6,items,,
black-sludge,7,items,,
black-sludge,8,items,,
black-sludge,9,items,,
black-tumblestone,8,items,,
blastoisinite,6,items,,
blastoisinite,7,items,,
blazikenite,6,items,,
blazikenite,7,items,,
bloom-mail,4,mail,,
blue-apricorn,2,items,,
blue-apricorn,4,apricorn-box,heartgold-soulsilver,
blue-apricorn,8,items,sword-shield,
blue-apricorn,9,items,scarlet-violet,
blue-bottle,9,picnic-items,scarlet-violet,
blue-card,2,key-items,crystal,crystal
blue-card,4,key-items,heartgold-soulsilver,
blue-card,5,key-items,,
blue-card,6,key-items,,
blue-card,7,key-items,,
blue-chairs,9,picnic-items,scarlet-violet,
blue-cup,9,picnic-items,scarlet-violet,
blue-dish,9,picnic-items,scarlet-violet,
blue-flag-pick,9,picnic-items,scarlet-violet,
blue-flute,3,items,,
blue-flute,4,battle-items,,
blue-flute,5,items,,
blue-flute,6,items,x-y,
blue-flute,6,medicine,omega-ruby-alpha-sapphire,
blue-flute,7,medicine,,
blue-orb,3,key-items,,
blue-orb,4,key-items,heartgold-soulsilver,
blue-orb,5,key-items,,
blue-orb,6,items,,
blue-orb,7,items,,
blue-petal,7,key-items,ultra-sun-ultra-moon,
blue-poke-ball-pick,9,picnic-items,,
blue-scarf,3,items,,
blue-scarf,4,items,,
blue-scarf,5,items,,
blue-scarf,6,items,,
blue-scarf,7,items,,
blue-scarf,8,items,sword-shield,
blue-shard,3,items,,
blue-shard,4,items,,
blue-shard,5,items,,
blue-shard,6,items,,
blue-shard,7,items,,
blue-shard,8,items,sword-shield,
blue-sky-flower-pick,9,picnic-items,scarlet-violet,
blue-tablecloth,9,picnic-items,scarlet-violet,
blueberry-chairs,9,picnic-items,scarlet-violet,
blueberry-tablecloth,9,picnic-items,scarlet-violet,
bluesky-mail,2,items,,
bluk-berry,3,berries,ruby-sapphire,
bluk-berry,3,berries,emerald,emerald
bluk-berry,3,berry-pouch,firered-leafgreen,
bluk-berry,4,berries,,
bluk-berry,5,berries,,
bluk-berry,6,berries,,
bluk-berry,7,berries,,
bluk-berry,8,berries,,
blunder-policy,8,items,sword-shield,
blunder-policy,9,items,scarlet-violet,
bobs-food-tin,8,ingredients,sword-shield,
boiled-egg,8,ingredients,sword-shield,
bold-mint,8,items,,
bold-mint,9,items,,
boost-mulch,6,items,,
boost-mulch,7,items,,
booster-energy,9,items,scarlet-violet,
bottle-cap,7,items,,
bottle-cap,8,treasures,sword-shield,
bottle-cap,9,items,scarlet-violet,
brave-mint,8,items,sword-shield,
brave-mint,9,items,scarlet-violet,
bread,8,ingredients,sword-shield,
briars-book,9,key-items,scarlet-violet,
brick-mail,4,mail,,
brick-piece,2,items,,
bridgemail-d,5,items,,
bridgemail-m,5,items,,
bridgemail-s,5,items,,
bridgemail-t,5,items,,
bridgemail-v,5,items,,
bright-powder,2,items,,
bright-powder,3,items,,
bright-powder,4,items,,
bright-powder,5,items,,
bright-powder,6,items,,
bright-powder,7,items,,
bright-powder,8,items,,
bright-powder,9,items,,
brittle-bones,8,ingredients,sword-shield,
bronze-bottle,9,picnic-items,,
bronze-cup,9,picnic-items,scarlet-violet,
bubble-mail,4,mail,,
bug-gem,5,items,,
bug-gem,6,items,,
bug-gem,7,items,,
bug-memory,7,items,,
bug-memory,8,items,,
bug-tera-shard,9,items,scarlet-violet,
buginium-z--held,7,z-crystals,sun-moon,
bulbasaur-candy,7,candy-jar,lets-go-pikachu-lets-go-eevee,
burn-drive,5,held-items,,
burn-drive,6,items,,
burn-drive,7,items,,
burn-heal,1,items,,
burn-heal,2,items,,
burn-heal,3,items,,
burn-heal,4,medicine,,
burn-heal,5,medicine,,
burn-heal,6,medicine,,
burn-heal,7,medicine,,
burn-heal,8,medicine,,
burn-heal,9,medicine,,
burnt-berry,2,items,,
butter,9,picnic-items,scarlet-violet,
bw-grass-chairs,9,picnic-items,,
bw-grass-tablecloth,9,picnic-items,scarlet-violet,
calcium,1,items,,
calcium,4,medicine,,
calcium,8,items,,
calm-mint,8,items,sword-shield,
calm-mint,9,items,scarlet-violet,
cameruptite,6,items,omega-ruby-alpha-sapphire,
cameruptite,7,items,,
camping-gear,8,key-items,sword-shield,
carbos,1,items,,
carbos,2,items,,
carbos,3,items,,
carbos,4,medicine,,
carbos,5,medicine,,
carbos,6,medicine,,
carbos,7,medicine,,
carbos,8,items,,
carbos,9,items,,
card-key-johto,2,key-items,,
card-key-johto,4,key-items,heartgold-soulsilver,
card-key-johto,5,key-items,,
card-key-johto,6,key-items,,
card-key-johto,7,key-items,,
card-key,1,key-items,,
card-key,3,key-items,firered-leafgreen,
card-key,3,key-items,emerald,emerald
card-key,7,items,lets-go-pikachu-lets-go-eevee,
careful-mint,8,items,sword-shield,
careful-mint,9,items,scarlet-violet,
carrot-seeds,8,key-items,,
casteliacone,5,medicine,,
casteliacone,6,medicine,,
casteliacone,7,medicine,,
catching-charm,8,key-items,,
catching-charm,9,key-items,,
caterpie-candy,7,candy-jar,lets-go-pikachu-lets-go-eevee,
cell-battery,5,items,,
cell-battery,6,items,,
cell-battery,7,items,,
cell-battery,8,items,,
cell-battery,9,items,,
chalky-stone,7,items,,
chansey-candy,7,candy-jar,lets-go-pikachu-lets-go-eevee,
charcoal,2,items,,
charcoal,3,items,,
charcoal,4,items,,
charcoal,5,items,,
charcoal,6,items,,
charcoal,7,items,,
charcoal,8,items,,
charcoal,9,items,,
charizardite-x,6,items,,
charizardite-x,7,items,,
charizardite-y,6,items,,
charizardite-y,7,items,,
charmander-candy,7,candy-jar,lets-go-pikachu-lets-go-eevee,
charti-berry,4,berries,,
charti-berry,5,berries,,
charti-berry,6,berries,,
charti-berry,7,berries,,
charti-berry,8,berries,,
charti-berry,9,berries,,
cheese,9,picnic-items,scarlet-violet,
cheri-berry,3,berries,ruby-sapphire,
cheri-berry,3,berries,emerald,emerald
cheri-berry,3,berry-pouch,firered-leafgreen,
cheri-berry,4,berries,,
cheri-berry,5,berries,,
cheri-berry,6,berries,,
cheri-berry,7,berries,,
cheri-berry,8,berries,sword-shield,
cheri-berry,9,berries,,
cherish-ball,4,poke-balls,,
cherish-ball,5,items,,
cherish-ball,6,items,,
cherish-ball,7,items,,
cherish-ball,8,poke-balls,,
cherish-ball,9,poke-balls,,
cherry-tomatoes,9,picnic-items,,
chesto-berry,3,berries,ruby-sapphire,
chesto-berry,3,berries,emerald,emerald
chesto-berry,4,berries,,
chesto-berry,5,berries,,
chesto-berry,6,berries,,
chesto-berry,7,berries,,
chesto-berry,8,berries,sword-shield,
chesto-berry,9,berries,,
chilan-berry,4,berries,,
chilan-berry,5,berries,,
chilan-berry,6,berries,,
chilan-berry,7,berries,,
chilan-berry,8,berries,,
chilan-berry,9,berries,,
chili-sauce,9,picnic-items,scarlet-violet,
chill-drive,5,items,,
chill-drive,6,items,,
chill-drive,7,items,,
chipped-pot,8,items,sword-shield,
chipped-pot,9,items,scarlet-violet,
choice-band,3,items,,
choice-band,4,items,,
choice-band,5,held-items,,
choice-band,6,items,,
choice-band,7,items,,
choice-band,8,items,,
choice-band,9,items,,
choice-scarf,4,items,,
choice-scarf,5,items,,
choice-scarf,6,items,,
choice-scarf,7,items,,
choice-scarf,8,items,,
choice-scarf,9,items,,
choice-specs,4,items,,
choice-specs,5,items,,
choice-specs,6,items,,
choice-specs,7,items,,
choice-specs,8,items,,
choice-specs,9,items,,
chople-berry,4,berries,,
chople-berry,5,berries,,
chople-berry,6,berries,,
chople-berry,7,berries,,
chople-berry,8,berries,,
chople-berry,9,berries,,
chorizo,9,picnic-items,scarlet-violet,
claw-fossil,3,key-items,ruby-sapphire,
claw-fossil,3,key-items,emerald,emerald
claw-fossil,4,items,diamond-pearl,
claw-fossil,4,items,platinum,platinum
claw-fossil,8,treasures,sword-shield,
cleanse-tag,2,items,,
cleanse-tag,3,items,,
cleanse-tag,4,items,,
cleanse-tag,5,items,,
cleanse-tag,6,items,,
cleanse-tag,7,items,,
cleanse-tag,8,items,,
cleanse-tag,9,items,,
clear-amulet,9,items,scarlet-violet,
clear-bell,2,key-items,,
clear-bell,4,key-items,heartgold-soulsilver,
clear-bell,5,key-items,,
clear-bell,6,key-items,,
clear-bell,7,key-items,,
clefairy-candy,7,candy-jar,lets-go-pikachu-lets-go-eevee,
clever-wing,5,medicine,,
clever-wing,6,medicine,,
clever-wing,7,medicine,,
clever-wing,8,items,,
clever-wing,9,items,,
clever-mochi,9,items,scarlet-violet,
clover-sweet,8,items,sword-shield,
coba-berry,4,berries,,
coba-berry,5,berries,,
coba-berry,6,berries,,
coba-berry,7,berries,,
coba-berry,8,berries,,
coba-berry,9,berries,,
cobalion-treat,9,key-items,scarlet-violet,
coconut-milk,8,ingredients,sword-shield,
coin-case,1,key-items,,
coin-case,2,key-items,,
coin-case,3,key-items,,
coin-case,4,key-items,,
coin-case,5,key-items,,
coin-case,6,key-items,,
coin-case,7,key-items,,
colbur-berry,4,berries,,
colbur-berry,5,berries,,
colbur-berry,6,berries,,
colbur-berry,7,berries,,
colbur-berry,8,berries,,
colbur-berry,9,berries,,
colress-machine,5,key-items,black-2-white-2,
colress-machine,6,key-items,,
colress-machine,7,key-items,,
comet-shard,5,items,,
comet-shard,6,items,,
comet-shard,7,items,,
comet-shard,8,treasures,sword-shield,
comet-shard,9,treasures,scarlet-violet,
contest-costume--jacket,6,key-items,omega-ruby-alpha-sapphire,
contest-costume--jacket,7,key-items,sun-moon,
contest-costume--jacket,7,key-items,ultra-sun-ultra-moon,
contest-pass,3,key-items,,
contest-pass,4,key-items,,
contest-pass,5,key-items,,
contest-pass,6,key-items,,
contest-pass,7,key-items,,
cornerstone-mask,9,items,scarlet-violet,
cornn-berry,3,berries,ruby-sapphire,
cornn-berry,3,berries,emerald,emerald
cornn-berry,3,berry-pouch,firered-leafgreen,
cornn-berry,4,berries,,
cornn-berry,5,berries,,
cornn-berry,6,berries,,
cornn-berry,7,berries,,
cornn-berry,8,berries,,
coupon-1,4,key-items,,
coupon-2,4,key-items,,
coupon-3,4,key-items,,
courage-candy,7,candy-jar,lets-go-pikachu-lets-go-eevee,
courage-candy-l,7,candy-jar,,
courage-candy-xl,7,candy-jar,,
cover-fossil,5,items,,
cover-fossil,6,items,,
cover-fossil,7,items,,
covert-cloak,9,items,scarlet-violet,
cracked-pot,8,items,sword-shield,
cracked-pot,9,items,scarlet-violet,
cream-cheese,9,picnic-items,,
crown-pass,8,key-items,,
crunchy-salt,8,items,,
crystal-cluster,9,key-items,,
cubone-candy,7,candy-jar,lets-go-pikachu-lets-go-eevee,
cucumber,9,picnic-items,scarlet-violet,
curry-powder,9,picnic-items,scarlet-violet,
custap-berry,4,berries,,
custap-berry,5,berries,,
custap-berry,6,berries,,
custap-berry,7,berries,,
custap-berry,8,berries,,
custap-berry,9,berries,,
cyber-ball,9,picnic-items,scarlet-violet,
damp-mulch,4,items,,
damp-mulch,5,items,,
damp-mulch,6,items,,
damp-mulch,7,items,,
damp-rock,4,items,,
damp-rock,5,items,,
damp-rock,6,items,,
damp-rock,7,items,,
damp-rock,8,items,,
damp-rock,9,items,,
dark-gem,5,items,,
dark-gem,6,items,,
dark-gem,7,items,,
dark-memory,7,items,,
dark-memory,8,items,sword-shield,
dark-stone,5,key-items,,
dark-stone,6,key-items,,
dark-stone,7,key-items,,
dark-tera-shard,9,items,scarlet-violet,
darkinium-z--held,7,z-crystals,,
data-card-01,4,items,heartgold-soulsilver,
dawn-stone,4,items,,
dawn-stone,5,items,,
dawn-stone,6,items,,
dawn-stone,7,items,,
dawn-stone,8,items,,
dawn-stone,9,items,,
decidium-z--held,7,z-crystals,,
deep-sea-scale,3,items,,
deep-sea-scale,8,items,sword-shield,
deep-sea-tooth,3,items,,
deep-sea-tooth,4,items,,
deep-sea-tooth,5,items,,
deep-sea-tooth,6,items,,
deep-sea-tooth,7,items,,
deep-sea-tooth,8,items,,
destiny-knot,4,items,,
destiny-knot,5,items,,
destiny-knot,6,items,,
destiny-knot,7,items,,
destiny-knot,8,items,,
destiny-knot,9,items,,
devon-parts,3,key-items,,
devon-parts,6,key-items,omega-ruby-alpha-sapphire,
devon-parts,7,key-items,,
devon-scope,3,key-items,,
devon-scope,6,key-items,omega-ruby-alpha-sapphire,
devon-scope,7,key-items,,
devon-scuba-gear,6,key-items,omega-ruby-alpha-sapphire,
devon-scuba-gear,7,key-items,,
diamond-bottle,9,picnic-items,scarlet-violet,
diamond-chairs,9,picnic-items,scarlet-violet,
diamond-pattern-cup,9,picnic-items,scarlet-violet,
diamond-tablecloth,9,picnic-items,scarlet-violet,
diancite,6,items,omega-ruby-alpha-sapphire,
diancite,7,items,,
digger-drill,4,none,,
digger-drill,8,treasures,brilliant-diamond-shining-pearl,
diglett-candy,7,candy-jar,lets-go-pikachu-lets-go-eevee,
dire-hit,1,items,,
dire-hit,2,items,,
dire-hit,3,items,,
dire-hit,4,battle-items,,
dire-hit,5,items,,
dire-hit,6,items,,
dire-hit,7,items,,
dire-hit,8,battle-items,,
dire-hit,9,battle-items,,
dire-hit-2,5,items,black-white,
dire-hit-2,5,items,black-2-white-2,
dire-hit-3,5,items,black-white,
dire-hit-3,5,items,black-2-white-2,
direshroom,8,items,,
discount-coupon,6,items,,
discount-coupon,7,items,,
discovery-slate,8,treasures,brilliant-diamond-shining-pearl,
distortion-slate,8,treasures,sword-shield,
ditto-candy,7,candy-jar,lets-go-pikachu-lets-go-eevee,
dive-ball,3,poke-balls,,
dive-ball,4,poke-balls,,
dive-ball,5,items,,
dive-ball,6,items,,
dive-ball,7,items,,
dive-ball,8,poke-balls,,
dive-ball,9,poke-balls,,
dna-splicers,5,key-items,black-2-white-2,
dna-splicers,6,key-items,,
dna-splicers,7,key-items,,
dna-splicers,8,key-items,sword-shield,
doduo-candy,7,candy-jar,lets-go-pikachu-lets-go-eevee,
dome-fossil,1,key-items,red-blue,
dome-fossil,3,key-items,firered-leafgreen,
dome-fossil,4,items,,
dome-fossil,8,treasures,brilliant-diamond-shining-pearl,
doppel-bonnets,8,items,,
douse-drive,5,held-items,,
douse-drive,6,items,,
douse-drive,7,items,,
dowsing-machine,1,key-items,,
dowsing-machine,2,key-items,,
dowsing-machine,3,key-items,,
dowsing-machine,4,key-items,heartgold-soulsilver,
dowsing-machine,5,key-items,,
dowsing-machine,6,key-items,,
dowsing-machine,7,key-items,,
draco-plate,4,items,,
draco-plate,5,items,,
draco-plate,6,items,,
draco-plate,7,items,,
draco-plate,8,items,brilliant-diamond-shining-pearl,
draco-plate,9,items,,
dragon-fang,2,items,,
dragon-fang,3,items,,
dragon-fang,4,items,,
dragon-fang,5,items,,
dragon-fang,6,items,,
dragon-fang,7,items,,
dragon-fang,8,items,,
dragon-fang,9,items,,
dragon-gem,5,items,,
dragon-gem,6,items,,
dragon-gem,7,items,,
dragon-memory,7,items,,
dragon-memory,8,items,,
dragon-scale,2,items,,
dragon-scale,3,items,,
dragon-scale,4,items,,
dragon-scale,5,held-items,,
dragon-scale,6,items,,
dragon-scale,7,items,,
dragon-scale,8,items,sword-shield,
dragon-skull,5,key-items,,
dragon-skull,6,key-items,,
dragon-skull,7,key-items,,
dragon-tera-shard,9,items,scarlet-violet,
dragonium-z--held,7,z-crystals,,
dratini-candy,7,candy-jar,lets-go-pikachu-lets-go-eevee,
dread-plate,4,items,,
dread-plate,5,items,,
dread-plate,6,items,,
dread-plate,7,items,,
dread-plate,8,items,brilliant-diamond-shining-pearl,
dread-plate,9,items,,
dream-ball,5,poke-balls,,
dream-ball,6,items,,
dream-ball,7,items,,
dream-ball,8,poke-balls,,
dream-ball,9,poke-balls,,
dream-mail,3,items,,
dropped-item,5,key-items,black-2-white-2,
dropped-item,6,key-items,,
dropped-item,7,key-items,,
drowzee-candy,7,candy-jar,lets-go-pikachu-lets-go-eevee,
ds-sounds,8,key-items,brilliant-diamond-shining-pearl,
dubious-disc,4,items,,
dubious-disc,5,items,,
dubious-disc,6,items,,
dubious-disc,7,items,,
dubious-disc,8,items,sword-shield,
durin-berry,3,berries,ruby-sapphire,
durin-berry,3,berries,emerald,emerald
durin-berry,3,berry-pouch,firered-leafgreen,
durin-berry,4,berries,,
durin-berry,5,berries,,
durin-berry,6,berries,,
durin-berry,7,berries,,
durin-berry,8,berries,,
dusk-ball,4,poke-balls,,
dusk-ball,5,poke-balls,,
dusk-ball,6,items,,
dusk-ball,7,items,,
dusk-ball,8,poke-balls,,
dusk-ball,9,poke-balls,,
dusk-stone,4,items,,
dusk-stone,5,items,,
dusk-stone,6,items,,
dusk-stone,7,items,,
dusk-stone,8,items,,
dusk-stone,9,items,,
dynamax-band,8,key-items,,
dynamax-candy,8,items,sword-shield,
dynamax-crystal,8,items,sword-shield,
dynite-ore,8,items,sword-shield,
earth-plate,4,items,,
earth-plate,5,items,,
earth-plate,6,items,,
earth-plate,7,items,,
earth-plate,8,items,brilliant-diamond-shining-pearl,
earth-plate,9,items,,
eevee-candy,7,candy-jar,lets-go-pikachu-lets-go-eevee,
eevee-cup,9,picnic-items,scarlet-violet,
eevium-z--held,7,z-crystals,,
egg,9,picnic-items,scarlet-violet,
egg-ticket,2,key-items,crystal,crystal
eggant-berry,3,berries,,
eject-button,5,held-items,,
eject-button,6,items,,
eject-button,7,items,,
eject-button,8,items,,
eject-button,9,items,,
eject-pack,8,items,sword-shield,
eject-pack,9,items,scarlet-violet,
ekans-candy,7,candy-jar,lets-go-pikachu-lets-go-eevee,
electabuzz-candy,7,candy-jar,lets-go-pikachu-lets-go-eevee,
electirizer,4,items,,
electirizer,5,items,,
electirizer,6,items,,
electirizer,7,items,,
electirizer,8,items,sword-shield,
electric-gem,5,items,,
electric-gem,6,items,,
electric-gem,7,items,,
electric-memory,7,items,,
electric-memory,8,items,,
electric-seed,7,items,,
electric-seed,8,items,,
electric-seed,9,items,,
electric-tera-shard,9,items,scarlet-violet,
electrium-z--held,7,z-crystals,,
elevator-key,6,key-items,x-y,
elevator-key,6,key-items,omega-ruby-alpha-sapphire,
elevator-key,7,key-items,sun-moon,
elixir,1,items,,
elixir,2,items,,
elixir,3,items,,
elixir,4,medicine,,
elixir,5,medicine,,
elixir,6,medicine,,
elixir,7,medicine,,
elixir,8,medicine,,
elixir,9,medicine,,
endorsement,8,key-items,sword-shield,
energy-powder,2,items,,
energy-powder,3,items,,
energy-powder,4,medicine,,
energy-powder,5,medicine,,
energy-powder,6,medicine,,
energy-powder,7,medicine,,
energy-powder,8,medicine,,
energy-powder,9,medicine,,
energy-root,2,items,,
energy-root,3,items,,
energy-root,4,medicine,,
energy-root,5,medicine,,
energy-root,6,medicine,,
energy-root,7,medicine,,
energy-root,8,medicine,,
energy-root,9,medicine,,
enigma-berry,3,berries,ruby-sapphire,
enigma-berry,3,berries,emerald,emerald
enigma-berry,3,berry-pouch,firered-leafgreen,
enigma-berry,4,berries,,
enigma-berry,5,berries,,
enigma-berry,6,berries,,
enigma-berry,7,berries,,
enigma-berry,8,berries,,
enigma-berry,9,berries,,
enigma-stone,4,key-items,heartgold-soulsilver,
enigma-stone,5,key-items,,
enigma-stone,6,key-items,,
enigma-stone,7,key-items,,
enigmatic-card,7,key-items,,
entei-treat,9,key-items,scarlet-violet,
eon-flute,6,key-items,omega-ruby-alpha-sapphire,
eon-flute,7,key-items,,
eon-mail,2,items,,
eon-ticket,3,key-items,,
eon-ticket,6,key-items,omega-ruby-alpha-sapphire,
eon-ticket,7,key-items,,
escape-rope,1,items,,
escape-rope,2,items,,
escape-rope,3,items,,
escape-rope,4,items,,
escape-rope,5,items,,
escape-rope,6,items,,
escape-rope,7,items,,
escape-rope,8,key-items,sword-shield,
escape-rope,8,items,brilliant-diamond-shining-pearl,
ether,1,items,,
ether,2,items,,
ether,3,items,,
ether,4,medicine,,
ether,5,medicine,,
ether,6,medicine,,
ether,7,medicine,,
ether,8,medicine,,
ether,9,medicine,,
everstone,2,items,,
everstone,3,items,,
everstone,4,items,,
everstone,5,items,,
everstone,6,items,,
everstone,7,items,,
everstone,8,items,,
everstone,9,items,,
eviolite,5,held-items,,
eviolite,6,items,,
eviolite,7,items,,
eviolite,8,items,,
eviolite,9,items,,
exeggcute-candy,7,candy-jar,lets-go-pikachu-lets-go-eevee,
exercise-ball,9,picnic-items,scarlet-violet,
exp-candy-l,8,items,sword-shield,
exp-candy-l,9,items,scarlet-violet,
exp-candy-m,8,items,sword-shield,
exp-candy-m,9,items,scarlet-violet,
exp-candy-s,8,items,sword-shield,
exp-candy-s,9,items,scarlet-violet,
exp-candy-xl,8,items,sword-shield,
exp-candy-xl,9,items,scarlet-violet,
exp-candy-xs,8,items,sword-shield,
exp-candy-xs,9,items,scarlet-violet,
exp-charm,8,key-items,sword-shield,
exp-charm,9,key-items,,
exp-share,1,items,,
exp-share,2,items,,
exp-share,3,items,,
exp-share,4,items,,
exp-share,5,held-items,,
exp-share,6,key-items,,
exp-share,7,key-items,,
expert-belt,4,items,,
expert-belt,5,items,,
expert-belt,6,items,,
expert-belt,7,items,,
expert-belt,8,items,sword-shield,
expert-belt,9,items,scarlet-violet,
explorer-kit,4,key-items,diamond-pearl,
explorer-kit,4,key-items,platinum,platinum
explorer-kit,5,key-items,,
explorer-kit,6,key-items,,
explorer-kit,7,key-items,,
explorer-kit,8,key-items,brilliant-diamond-shining-pearl,
fab-mail,3,items,,
fairium-z--held,7,z-crystals,,
fairy-feather,9,items,scarlet-violet,
fairy-gem,6,items,,
fairy-gem,7,items,,
fairy-memory,7,items,,
fairy-memory,8,items,,
fairy-tera-shard,9,items,scarlet-violet,
fame-checker,3,key-items,firered-leafgreen,
fame-checker,3,key-items,emerald,emerald
fancy-apple,8,ingredients,sword-shield,
farfetchd-candy,7,candy-jar,lets-go-pikachu-lets-go-eevee,
fashion-case,4,key-items,,
fashion-case,5,key-items,,
fashion-case,6,key-items,,
fashion-case,7,key-items,,
fast-ball,2,poke-balls,,
fast-ball,4,poke-balls,heartgold-soulsilver,
fast-ball,5,items,,
fast-ball,6,items,,
fast-ball,7,items,,
fast-ball,8,poke-balls,,
fast-ball,9,poke-balls,,
favored-mail,5,items,,
festival-ticket,7,items,,
fiery-pick,9,picnic-items,scarlet-violet,
fighting-gem,5,items,,
fighting-gem,6,items,,
fighting-gem,7,items,,
fighting-memory,7,items,,
fighting-memory,8,items,sword-shield,
fighting-tera-shard,9,items,scarlet-violet,
fightinium-z--held,7,z-crystals,,
figy-berry,3,berries,ruby-sapphire,
figy-berry,3,berries,emerald,emerald
figy-berry,4,berries,,
fire-gem,5,items,,
fire-gem,6,items,,
fire-gem,7,items,,
fire-memory,7,items,,
fire-memory,8,items,,
fire-pattern-cup,9,picnic-items,,
fire-stone,1,items,,
fire-stone,2,items,,
fire-stone,3,items,,
fire-stone,4,items,,
fire-stone,5,items,,
fire-stone,6,items,,
fire-stone,7,items,,
fire-stone,8,items,,
fire-stone,9,items,,
fire-tera-shard,9,items,scarlet-violet,
firium-z--held,7,z-crystals,,
fishing-rod,7,key-items,,
fishing-rod,8,key-items,sword-shield,
fist-plate,4,items,,
fist-plate,5,items,,
fist-plate,6,items,,
fist-plate,7,items,,
fist-plate,8,items,brilliant-diamond-shining-pearl,
fist-plate,9,items,,
flame-mail,4,mail,,
flame-orb,4,items,,
flame-orb,5,held-items,,
flame-orb,6,items,,
flame-orb,7,items,,
flame-orb,8,items,,
flame-orb,9,items,,
flame-plate,4,items,,
flame-plate,5,items,,
flame-plate,6,items,,
flame-plate,7,items,,
flame-plate,8,items,brilliant-diamond-shining-pearl,
flame-plate,9,items,,
float-stone,5,held-items,,
float-stone,6,items,,
float-stone,7,items,,
float-stone,8,items,,
float-stone,9,items,,
flower-mail,2,items,,
flower-pattern-cup,9,picnic-items,scarlet-violet,
flower-sweet,8,items,sword-shield,
fluffy-tail,3,items,,
fluffy-tail,4,battle-items,,
fluffy-tail,5,items,,
fluffy-tail,6,items,,
fluffy-tail,7,items,,
flying-gem,5,items,,
flying-gem,6,items,,
flying-gem,7,items,,
flying-memory,7,items,,
flying-memory,8,items,sword-shield,
flying-tera-shard,9,items,,
flyinium-z--held,7,z-crystals,,
focus-band,2,items,,
focus-band,3,items,,
focus-band,4,items,,
focus-band,5,items,,
focus-band,6,items,,
focus-band,7,items,,
focus-band,8,items,,
focus-band,9,items,,
focus-sash,4,items,,
focus-sash,5,items,,
focus-sash,6,items,,
focus-sash,7,items,,
focus-sash,8,items,,
focus-sash,9,items,,
forage-bag,7,key-items,,
fossilized-bird,8,treasures,sword-shield,
fossilized-dino,8,treasures,sword-shield,
fossilized-drake,8,treasures,sword-shield,
fossilized-fish,8,treasures,sword-shield,
fresh-cream,8,ingredients,sword-shield,
fresh-start-mochi,9,items,scarlet-violet,
fresh-water,1,items,,
fresh-water,2,items,,
fresh-water,3,items,,
fresh-water,4,medicine,,
fresh-water,5,medicine,,
fresh-water,6,medicine,,
fresh-water,7,medicine,,
fresh-water,8,medicine,,
fresh-water,9,medicine,,
fried-fillet,9,picnic-items,scarlet-violet,
fried-food,8,ingredients,sword-shield,
friend-ball,2,poke-balls,,
friend-ball,4,poke-balls,heartgold-soulsilver,
friend-ball,5,items,,
friend-ball,6,items,,
friend-ball,7,items,,
friend-ball,8,poke-balls,,
friend-ball,9,poke-balls,,
fruit-bunch,8,ingredients,sword-shield,
full-heal,1,items,,
full-heal,2,items,,
full-heal,3,items,,
full-heal,4,medicine,,
full-heal,5,medicine,,
full-heal,6,medicine,,
full-heal,7,medicine,,
full-heal,8,medicine,,
full-heal,9,medicine,,
full-incense,4,items,,
full-incense,5,items,,
full-incense,6,items,,
full-incense,7,items,,
full-incense,8,items,,
full-restore,1,items,,
full-restore,2,items,,
full-restore,3,items,,
full-restore,4,medicine,,
full-restore,5,medicine,,
full-restore,6,medicine,,
full-restore,7,medicine,,
full-restore,8,medicine,,
full-restore,9,medicine,,
galactic-key,4,key-items,,
galactic-key,7,key-items,ultra-sun-ultra-moon,
galactic-key,8,key-items,brilliant-diamond-shining-pearl,
galarica-cuff,8,items,sword-shield,
galarica-cuff,9,items,scarlet-violet,
galarica-twig,8,items,sword-shield,
galarica-wreath,8,items,sword-shield,
galarica-wreath,9,items,scarlet-violet,
galladite,6,items,omega-ruby-alpha-sapphire,
galladite,7,items,,
ganlon-berry,3,berries,ruby-sapphire,
ganlon-berry,3,berries,emerald,emerald
ganlon-berry,3,berry-pouch,firered-leafgreen,
ganlon-berry,4,berries,,
ganlon-berry,5,berries,,
ganlon-berry,6,berries,,
ganlon-berry,7,berries,,
ganlon-berry,8,berries,,
ganlon-berry,9,berries,,
garchompite,6,items,,
garchompite,7,items,,
gardevoirite,6,items,,
gardevoirite,7,items,,
gastly-candy,7,candy-jar,lets-go-pikachu-lets-go-eevee,
gb-sounds,4,key-items,heartgold-soulsilver,
gb-sounds,5,key-items,,
gb-sounds,6,key-items,,
gb-sounds,7,key-items,,
gengarite,6,items,,
gengarite,7,items,,
genius-wing,5,medicine,,
genius-wing,6,medicine,,
genius-wing,7,medicine,,
genius-wing,8,items,sword-shield,
genius-wing,9,items,scarlet-violet,
genius-mochi,9,items,scarlet-violet,
genome-slate,8,treasures,,
gentle-mint,8,items,,
gentle-mint,9,items,,
geodude-candy,7,candy-jar,lets-go-pikachu-lets-go-eevee,
ghost-gem,5,items,,
ghost-gem,6,items,,
ghost-gem,7,items,,
ghost-memory,7,items,,
ghost-memory,8,items,sword-shield,
ghost-tera-shard,9,items,scarlet-violet,
ghostium-z--held,7,z-crystals,,
gigantamix,8,ingredients,sword-shield,
glalitite,6,items,omega-ruby-alpha-sapphire,
glalitite,7,items,,
glastrier-treat,9,key-items,scarlet-violet,
glimmering-charm,9,key-items,scarlet-violet,
glitter-mail,3,items,,
go-goggles,3,key-items,,
go-goggles,6,key-items,omega-ruby-alpha-sapphire,
go-goggles,7,key-items,,
gold-berry,2,items,,
gold-bottle,9,picnic-items,scarlet-violet,
gold-bottle-cap,7,items,,
gold-bottle-cap,8,treasures,,
gold-bottle-cap,9,items,,
gold-cup,9,picnic-items,scarlet-violet,
gold-leaf,2,items,,
gold-leaf,7,items,,
gold-pick,9,picnic-items,scarlet-violet,
gold-teeth,1,key-items,red-blue,
gold-teeth,1,key-items,yellow,yellow
gold-teeth,3,key-items,firered-leafgreen,
gold-teeth,7,items,lets-go-pikachu-lets-go-eevee,
goldeen-candy,7,candy-jar,lets-go-pikachu-lets-go-eevee,
golden-nanab-berry,7,catching-pocket,lets-go-pikachu-lets-go-eevee,
golden-pinap-berry,7,catching-pocket,lets-go-pikachu-lets-go-eevee,
golden-razz-berry,7,catching-pocket,,
good-rod,1,key-items,,
good-rod,2,key-items,,
good-rod,3,key-items,,
good-rod,4,key-items,,
good-rod,5,key-items,,
good-rod,6,key-items,,
good-rod,7,key-items,,
good-rod,8,key-items,brilliant-diamond-shining-pearl,
gooey-mulch,4,items,,
gooey-mulch,5,items,,
gooey-mulch,6,items,,
gooey-mulch,7,items,,
gorgeous-box,2,items,,
gracidea,4,key-items,platinum,platinum
gracidea,5,key-items,,
gracidea,6,key-items,,
gracidea,7,key-items,,
gracidea,8,key-items,brilliant-diamond-shining-pearl,
gracidea,9,key-items,,
gram-1,5,key-items,,
gram-2,5,key-items,,
gram-3,5,key-items,,
grass-gem,5,items,,
grass-gem,6,items,,
grass-gem,7,items,,
grass-mail,4,mail,,
grass-memory,7,items,,
grass-memory,8,items,,
grass-tera-shard,9,items,scarlet-violet,
grassium-z--held,7,z-crystals,sun-moon,
grassy-seed,7,items,,
grassy-seed,8,items,,
grassy-seed,9,items,,
great-ball,1,items,red-blue,
great-ball,2,poke-balls,gold-silver,
great-ball,2,poke-balls,crystal,crystal
great-ball,3,poke-balls,ruby-sapphire,
great-ball,3,poke-balls,emerald,emerald
great-ball,4,poke-balls,diamond-pearl,
great-ball,4,poke-balls,platinum,platinum
great-ball,5,items,black-white,
great-ball,6,items,x-y,
great-ball,7,items,sun-moon,
great-ball,8,poke-balls,sword-shield,
great-ball,9,poke-balls,scarlet-violet,
green-apricorn,2,items,,
green-apricorn,4,items,heartgold-soulsilver,
green-apricorn,5,items,,
green-apricorn,6,items,,
green-apricorn,7,items,,
green-apricorn,8,items,,
green-apricorn,9,items,,
green-bell-pepper,9,picnic-items,scarlet-violet,
green-dish,9,picnic-items,scarlet-violet,
green-petal,7,key-items,ultra-sun-ultra-moon,
green-poke-ball-pick,9,picnic-items,scarlet-violet,
green-scarf,3,items,,
green-scarf,4,items,,
green-scarf,5,items,,
green-scarf,6,items,,
green-scarf,7,items,,
green-scarf,8,items,sword-shield,
green-shard,3,items,,
green-shard,4,items,,
green-shard,5,items,,
green-shard,6,items,,
green-shard,7,items,,
green-shard,8,items,sword-shield,
greet-mail,5,items,,
grepa-berry,3,berries,ruby-sapphire,
grepa-berry,3,berries,emerald,emerald
grepa-berry,3,berry-pouch,firered-leafgreen,
grepa-berry,4,berries,,
grepa-berry,5,berries,,
grepa-berry,6,berries,,
grepa-berry,7,berries,,
grepa-berry,8,berries,,
grepa-berry,9,berries,,
grimer-candy,7,candy-jar,lets-go-pikachu-lets-go-eevee,
grip-claw,4,items,,
grip-claw,5,held-items,,
grip-claw,6,items,,
grip-claw,7,items,,
grip-claw,8,items,,
grip-claw,9,items,,
griseous-core,9,items,scarlet-violet,
griseous-orb,4,items,platinum,platinum
griseous-orb,5,items,,
griseous-orb,6,items,,
griseous-orb,7,items,,
griseous-orb,8,items,sword-shield,
griseous-orb,9,items,scarlet-violet,
grit-dust,8,items,,
groudon-treat,9,key-items,scarlet-violet,
ground-gem,5,items,,
ground-gem,6,items,,
ground-gem,7,items,,
ground-memory,7,items,,
ground-memory,8,items,,
ground-tera-shard,9,items,scarlet-violet,
groundium-z--held,7,z-crystals,,
growlithe-candy,7,candy-jar,lets-go-pikachu-lets-go-eevee,
growth-mulch,4,items,,
growth-mulch,5,items,,
growth-mulch,6,items,,
growth-mulch,7,items,,
grubby-hanky,5,key-items,black-2-white-2,
grubby-hanky,6,key-items,,
grubby-hanky,7,key-items,,
gs-ball,2,key-items,,
guard-spec,1,items,,
guard-spec,4,battle-items,,
guard-spec,8,battle-items,,
guard-spec,9,battle-items,,
guidebook,4,key-items,,
guidebook,5,key-items,,
guidebook,6,key-items,,
guidebook,7,key-items,,
guidebook,8,key-items,brilliant-diamond-shining-pearl,
gyaradosite,6,items,,
gyaradosite,7,items,,
haban-berry,4,berries,,
haban-berry,5,berries,,
haban-berry,6,berries,,
haban-berry,7,berries,,
haban-berry,8,berries,,
haban-berry,9,berries,,
ham,9,picnic-items,scarlet-violet,
hamburger,9,picnic-items,scarlet-violet,
harbor-mail,3,items,,
hard-stone,2,items,,
hard-stone,3,items,,
hard-stone,4,items,,
hard-stone,5,items,,
hard-stone,6,items,,
hard-stone,7,items,,
hard-stone,8,items,,
hard-stone,9,items,,
hasty-mint,8,items,sword-shield,
hasty-mint,9,items,scarlet-violet,
heal-ball,4,poke-balls,,
heal-ball,5,poke-balls,,
heal-ball,6,items,,
heal-ball,7,items,,
heal-ball,8,poke-balls,,
heal-ball,9,poke-balls,,
heal-powder,2,items,,
heal-powder,3,items,,
heal-powder,4,medicine,,
heal-powder,5,medicine,,
heal-powder,6,medicine,,
heal-powder,7,medicine,,
heal-powder,8,medicine,,
heal-powder,9,medicine,,
health-candy,7,candy-jar,,
health-candy-l,7,candy-jar,,
health-candy-xl,7,candy-jar,,
health-wing,5,medicine,,
health-wing,6,medicine,,
health-wing,7,medicine,,
health-wing,8,items,,
health-wing,9,items,,
health-mochi,9,items,scarlet-violet,
heart-mail,4,mail,heartgold-soulsilver,
heart-scale,3,items,,
heart-scale,4,items,,
heart-scale,5,items,,
heart-scale,6,items,,
heart-scale,7,items,,
heart-scale,8,items,sword-shield,
hearthflame-mask,9,items,scarlet-violet,
heat-rock,4,items,,
heat-rock,5,items,,
heat-rock,6,items,,
heat-rock,7,items,,
heat-rock,8,items,,
heat-rock,9,items,,
heavy-ball,2,poke-balls,,
heavy-ball,4,poke-balls,heartgold-soulsilver,
heavy-ball,5,items,,
heavy-ball,6,items,,
heavy-ball,7,items,,
heavy-ball,8,poke-balls,,
heavy-ball,9,poke-balls,,
heavy-duty-boots,8,items,sword-shield,
heavy-duty-boots,9,items,scarlet-violet,
helix-fossil,1,key-items,red-blue,
helix-fossil,3,key-items,firered-leafgreen,
helix-fossil,4,items,,
helix-fossil,8,treasures,brilliant-diamond-shining-pearl,
heracronite,6,items,,
heracronite,7,items,,
herbed-sausage,9,picnic-items,scarlet-violet,
heroic-sword-pick,9,picnic-items,scarlet-violet,
hi-tech-earbuds,8,key-items,,
hitmonchan-candy,7,candy-jar,lets-go-pikachu-lets-go-eevee,
hitmonlee-candy,7,candy-jar,lets-go-pikachu-lets-go-eevee,
hm01,1,items,red-blue,
hm01,1,items,yellow,yellow
hm01,2,tms-and-hms,gold-silver,
hm01,2,tms-and-hms,crystal,crystal
hm01,3,tms-and-hms,ruby-sapphire,
hm01,3,tms-and-hms,emerald,emerald
hm01,3,tm-case,firered-leafgreen,
hm01,4,tms-and-hms,,
hm01,5,tms-and-hms,,
hm01,6,tms-and-hms,,
hm02,1,items,,
hm02,2,tms-and-hms,,
hm02,3,tms-and-hms,ruby-sapphire,
hm02,3,tms-and-hms,emerald,emerald
hm02,3,tm-case,firered-leafgreen,
hm02,4,tms-and-hms,,
hm02,5,tms-and-hms,,
hm02,6,tms-and-hms,,
hm03,1,items,,
hm03,2,tms-and-hms,,
hm03,3,tms-and-hms,ruby-sapphire,
hm03,3,tms-and-hms,emerald,emerald
hm03,3,tm-case,firered-leafgreen,
hm03,4,tms-and-hms,,
hm03,5,tms-and-hms,,
hm03,6,tms-and-hms,,
hm04,1,items,,
hm04,2,tms-and-hms,,
hm04,3,tms-and-hms,ruby-sapphire,
hm04,3,tms-and-hms,emerald,emerald
hm04,3,tm-case,firered-leafgreen,
hm04,4,tms-and-hms,,
hm04,5,tms-and-hms,,
hm04,6,tms-and-hms,,
hm05,1,items,,
hm05,2,tms-and-hms,,
hm05,3,tms-and-hms,ruby-sapphire,
hm05,3,tms-and-hms,emerald,emerald
hm05,3,tm-case,firered-leafgreen,
hm05,4,tms-and-hms,,
hm05,5,tms-and-hms,,
hm05,6,tms-and-hms,,
hm06,2,tms-and-hms,,
hm06,3,tms-and-hms,ruby-sapphire,
hm06,3,tms-and-hms,emerald,emerald
hm06,3,tm-case,firered-leafgreen,
hm06,4,tms-and-hms,,
hm06,5,tms-and-hms,,
hm06,6,tms-and-hms,,
hm07,2,tms-and-hms,,
hm07,3,tms-and-hms,ruby-sapphire,
hm07,3,tm-case,firered-leafgreen,
hm07,4,tms-and-hms,,
hm07,5,tms-and-hms,,
hm07,6,tms-and-hms,,
hm08,3,tms-and-hms,ruby-sapphire,
hm08,3,tms-and-hms,emerald,emerald
hm08,3,tm-case,firered-leafgreen,
hm08,4,tms-and-hms,,
ho-oh-treat,9,key-items,,
holo-caster,6,key-items,,
holo-caster,7,key-items,,
hondew-berry,3,berries,ruby-sapphire,
hondew-berry,3,berries,emerald,emerald
hondew-berry,3,berry-pouch,firered-leafgreen,
hondew-berry,4,berries,,
hondew-berry,5,berries,,
hondew-berry,6,berries,,
hondew-berry,7,berries,,
hondew-berry,8,berries,,
hondew-berry,9,berries,,
honey,4,items,,
honey,5,items,,
honey,6,items,,
honey,7,items,,
honey,8,treasures,,
honey,9,treasures,,
honey-cake,8,medicine,,
honor-of-kalos,6,key-items,,
honor-of-kalos,7,key-items,,
hopo-berry,8,berries,,
horsea-candy,7,candy-jar,lets-go-pikachu-lets-go-eevee,
horseradish,9,picnic-items,scarlet-violet,
houndoominite,6,items,,
houndoominite,7,items,,
hp-up,1,items,,
hp-up,2,items,,
hp-up,3,items,,
hp-up,4,medicine,,
hp-up,5,medicine,,
hp-up,6,medicine,,
hp-up,7,medicine,,
hp-up,8,items,,
hp-up,9,items,,
hyper-grepa-berry,9,berries,,
hyper-kelpsy-berry,9,berries,,
hyper-lum-berry,9,berries,,
hyper-oran-berry,9,berries,,
hyper-potion,1,items,,
hyper-potion,2,items,,
hyper-potion,3,items,,
hyper-potion,4,medicine,,
hyper-potion,5,medicine,,
hyper-potion,6,medicine,,
hyper-potion,7,medicine,,
hyper-potion,8,medicine,,
hyper-potion,9,medicine,,
hyper-yache-berry,9,berries,,
iapapa-berry,3,berries,ruby-sapphire,
iapapa-berry,3,berries,emerald,emerald
iapapa-berry,3,berry-pouch,firered-leafgreen,
iapapa-berry,4,berries,,
iapapa-berry,5,berries,,
iapapa-berry,6,berries,,
iapapa-berry,7,berries,,
iapapa-berry,8,berries,sword-shield,
iapapa-berry,8,berries,brilliant-diamond-shining-pearl,
iapapa-berry,9,berries,,
ice-berry,2,items,,
ice-gem,5,items,,
ice-gem,6,items,,
ice-gem,7,items,,
ice-heal,1,items,,
ice-heal,2,items,,
ice-heal,3,items,,
ice-heal,4,medicine,,
ice-heal,5,medicine,,
ice-heal,6,medicine,,
ice-heal,7,medicine,,
ice-heal,8,medicine,,
ice-heal,9,medicine,,
ice-memory,7,items,,
ice-memory,8,items,sword-shield,
ice-stone,7,items,,
ice-stone,8,items,,
ice-stone,9,items,,
ice-tera-shard,9,items,scarlet-violet,
iceroot-carrot,8,key-items,sword-shield,
icicle-plate,4,items,,
icicle-plate,5,items,,
icicle-plate,6,items,,
icicle-plate,7,items,,
icicle-plate,8,items,brilliant-diamond-shining-pearl,
icicle-plate,9,items,,
icium-z--held,7,z-crystals,,
icy-rock,4,items,,
icy-rock,5,items,,
icy-rock,6,items,,
icy-rock,7,items,,
icy-rock,8,items,,
icy-rock,9,items,,
ilimas-normalium-z,7,key-items,ultra-sun-ultra-moon,
impish-mint,8,items,,
impish-mint,9,items,,
incinium-z--held,7,z-crystals,,
indigo-disk,9,key-items,scarlet-violet,
indigo-style-card,9,key-items,scarlet-violet,
inquiry-mail,5,items,,
insect-plate,4,items,,
insect-plate,5,items,,
insect-plate,6,items,,
insect-plate,7,items,,
insect-plate,8,items,brilliant-diamond-shining-pearl,
insect-plate,9,items,,
instant-noodles,8,ingredients,sword-shield,
intriguing-stone,6,key-items,,
intriguing-stone,7,key-items,,
iron,1,items,,
iron,2,items,,
iron,3,items,,
iron,4,medicine,,
iron,5,medicine,,
iron,6,medicine,,
iron,7,medicine,,
iron,8,items,,
iron,9,items,,
iron-ball,4,items,,
iron-ball,5,items,,
iron-ball,6,items,,
iron-ball,7,items,,
iron-ball,8,items,,
iron-ball,9,items,,
iron-plate,4,items,,
iron-plate,5,items,,
iron-plate,6,items,,
iron-plate,7,items,,
iron-plate,8,items,brilliant-diamond-shining-pearl,
iron-plate,9,items,,
item-drop,5,items,black-white,
item-drop,5,items,black-2-white-2,
item-urge,5,items,black-white,
item-urge,5,items,black-2-white-2,
jaboca-berry,4,berries,,
jaboca-berry,5,berries,,
jaboca-berry,6,berries,,
jaboca-berry,7,berries,,
jaboca-berry,8,berries,,
jaboca-berry,9,berries,,
jade-orb,4,key-items,heartgold-soulsilver,
jade-orb,5,key-items,,
jade-orb,6,key-items,,
jade-orb,7,key-items,,
jalapeno,9,picnic-items,scarlet-violet,
jam,9,picnic-items,scarlet-violet,
jaw-fossil,6,items,,
jaw-fossil,7,items,,
jigglypuff-candy,7,candy-jar,lets-go-pikachu-lets-go-eevee,
johto-slate,8,treasures,brilliant-diamond-shining-pearl,
jolly-mint,8,items,,
jolly-mint,9,items,,
jynx-candy,7,candy-jar,lets-go-pikachu-lets-go-eevee,
kabuto-candy,7,candy-jar,lets-go-pikachu-lets-go-eevee,
kangaskhan-candy,7,candy-jar,lets-go-pikachu-lets-go-eevee,
kangaskhanite,6,items,,
kangaskhanite,7,items,,
kanto-slate,8,treasures,,
kasib-berry,4,berries,,
kasib-berry,5,berries,,
kasib-berry,6,berries,,
kasib-berry,7,berries,,
kasib-berry,8,berries,,
kasib-berry,9,berries,,
kebia-berry,4,berries,,
kebia-berry,5,berries,,
kebia-berry,6,berries,,
kebia-berry,7,berries,,
kebia-berry,8,berries,,
kebia-berry,9,berries,,
kee-berry,6,berries,,
kee-berry,7,berries,,
kee-berry,8,berries,,
kee-berry,9,berries,,
kelpsy-berry,3,berries,ruby-sapphire,
kelpsy-berry,3,berries,emerald,emerald
kelpsy-berry,3,berry-pouch,firered-leafgreen,
kelpsy-berry,4,berries,,
kelpsy-berry,5,berries,,
kelpsy-berry,6,berries,,
kelpsy-berry,7,berries,,
kelpsy-berry,8,berries,,
kelpsy-berry,9,berries,,
ketchup,9,picnic-items,scarlet-violet,
key-stone,6,key-items,,
key-stone,7,key-items,,
key-to-room-1,3,key-items,,
key-to-room-1,6,key-items,omega-ruby-alpha-sapphire,
key-to-room-1,7,key-items,,
key-to-room-2,3,key-items,,
key-to-room-2,6,key-items,omega-ruby-alpha-sapphire,
key-to-room-2,7,key-items,,
key-to-room-4,3,key-items,,
key-to-room-4,6,key-items,omega-ruby-alpha-sapphire,
key-to-room-4,7,key-items,,
key-to-room-6,3,key-items,,
key-to-room-6,6,key-items,omega-ruby-alpha-sapphire,
key-to-room-6,7,key-items,,
kings-rock,2,items,,
kings-rock,8,items,,
kings-rock,9,items,,
kiwi,9,picnic-items,scarlet-violet,
klawf-stick,9,picnic-items,scarlet-violet,
koffing-candy,7,candy-jar,lets-go-pikachu-lets-go-eevee,
kofus-wallet,9,key-items,scarlet-violet,
kommonium-z--held,7,z-crystals,ultra-sun-ultra-moon,
koraidons-poke-ball,9,key-items,scarlet-violet,
krabby-candy,7,candy-jar,lets-go-pikachu-lets-go-eevee,
kubfu-treat,9,key-items,scarlet-violet,
kyogre-treat,9,key-items,,
kyurem-treat,9,key-items,scarlet-violet,
lagging-tail,4,items,,
lagging-tail,5,items,,
lagging-tail,6,items,,
lagging-tail,7,items,,
lagging-tail,8,items,,
lagging-tail,9,items,,
lansat-berry,3,berries,ruby-sapphire,
lansat-berry,3,berries,emerald,emerald
lansat-berry,4,berries,,
lansat-berry,5,berries,,
lansat-berry,6,berries,,
lansat-berry,7,berries,,
lansat-berry,8,berries,,
lansat-berry,9,berries,,
lapras-candy,7,candy-jar,lets-go-pikachu-lets-go-eevee,
large-leek,8,ingredients,sword-shield,
latias-treat,9,key-items,scarlet-violet,
latiasite,6,items,,
latiasite,7,items,,
latios-treat,9,key-items,scarlet-violet,
latiosite,6,items,,
latiosite,7,items,,
lava-cookie,3,items,,
lava-cookie,4,medicine,,
lava-cookie,5,medicine,,
lava-cookie,6,medicine,,
lava-cookie,7,medicine,,
lava-cookie,8,medicine,,
lax-incense,3,items,,
lax-incense,4,items,,
lax-incense,5,items,,
lax-incense,6,items,,
lax-incense,7,items,,
lax-incense,8,items,sword-shield,
lax-mint,8,items,sword-shield,
lax-mint,9,items,scarlet-violet,
leaders-crest,9,items,scarlet-violet,
leaf-letter--pikachu,7,items,,
leaf-stone,1,items,,
leaf-stone,8,items,,
leaf-stone,9,items,,
leafy-chairs,9,picnic-items,scarlet-violet,
leafy-tablecloth,9,picnic-items,scarlet-violet,
stick,2,items,,
stick,3,items,,
stick,4,items,,
stick,5,items,,
stick,6,items,,
stick,7,items,,
stick,8,items,sword-shield,
left-poke-ball,7,key-items,ultra-sun-ultra-moon,
leftovers,2,items,,
leftovers,3,items,,
leftovers,4,items,,
leftovers,5,items,,
leftovers,6,items,,
leftovers,7,items,,
leftovers,8,items,,
leftovers,9,items,,
legend-plate,8,key-items,,
legendary-clue-1,8,key-items,,
legendary-clue-2,8,key-items,,
legendary-clue-3,8,key-items,,
legendary-clue-question,8,key-items,,
lemonade,1,items,,
lemonade,2,items,,
lemonade,3,items,,
lemonade,4,medicine,,
lemonade,5,medicine,,
lemonade,6,medicine,,
lemonade,7,medicine,,
lemonade,8,medicine,,
lemonade,9,medicine,,
lens-case,6,key-items,,
lens-case,7,key-items,,
leppa-berry,3,berries,ruby-sapphire,
leppa-berry,3,berries,emerald,emerald
leppa-berry,3,berry-pouch,firered-leafgreen,
leppa-berry,4,berries,,
letter,3,key-items,,
letter,6,key-items,omega-ruby-alpha-sapphire,
letter,7,key-items,,
lettuce,9,picnic-items,scarlet-violet,
level-ball,2,poke-balls,,
level-ball,4,poke-balls,heartgold-soulsilver,
level-ball,5,items,,
level-ball,6,items,,
level-ball,7,items,,
level-ball,8,poke-balls,,
level-ball,9,poke-balls,,
liberty-pass,5,key-items,,
liberty-pass,6,key-items,,
liberty-pass,7,key-items,,
lickitung-candy,7,candy-jar,lets-go-pikachu-lets-go-eevee,
liechi-berry,3,berries,ruby-sapphire,
liechi-berry,3,berries,emerald,emerald
liechi-berry,3,berry-pouch,firered-leafgreen,
liechi-berry,4,berries,,
liechi-berry,5,berries,,
liechi-berry,6,berries,,
liechi-berry,7,berries,,
liechi-berry,8,berries,,
liechi-berry,9,berries,,
life-orb,4,items,,
life-orb,5,items,,
life-orb,6,items,,
life-orb,7,items,,
life-orb,8,items,,
life-orb,9,items,,
lift-key,1,key-items,,
lift-key,3,key-items,firered-leafgreen,
lift-key,7,items,lets-go-pikachu-lets-go-eevee,
light-ball,2,items,,
light-ball,3,items,,
light-ball,4,items,,
light-ball,5,items,,
light-ball,6,items,,
light-ball,7,items,,
light-ball,8,items,,
light-ball,9,items,,
light-clay,4,items,,
light-clay,5,items,,
light-clay,6,items,,
light-clay,7,items,,
light-clay,8,items,sword-shield,
light-clay,9,items,scarlet-violet,
light-stone,5,key-items,,
light-stone,6,key-items,,
light-stone,7,key-items,,
like-mail,5,items,,
lilac-chairs,9,picnic-items,scarlet-violet,
lilac-tablecloth,9,picnic-items,scarlet-violet,
litebluemail,2,items,,
loaded-dice,9,items,scarlet-violet,
lock-capsule,4,key-items,heartgold-soulsilver,
lock-capsule,5,key-items,,
lock-capsule,6,key-items,,
lock-capsule,7,key-items,,
lone-earring,7,items,,
lonely-mint,8,items,,
lonely-mint,9,items,,
looker-ticket,6,key-items,,
looker-ticket,7,key-items,,
lopunnite,6,items,omega-ruby-alpha-sapphire,
lopunnite,7,items,,
lost-item,2,key-items,,
lost-item,4,key-items,heartgold-soulsilver,
lost-item,5,key-items,,
lost-item,6,key-items,,
lost-item,7,key-items,,
love-ball,2,poke-balls,,
love-ball,4,poke-balls,heartgold-soulsilver,
love-ball,5,items,black-white,
love-ball,6,items,,
love-ball,7,items,,
love-ball,8,poke-balls,,
love-ball,9,poke-balls,,
love-sweet,8,items,sword-shield,
lovely-mail,2,items,,
lucarionite,6,items,,
lucarionite,7,items,,
luck-incense,4,items,,
luck-incense,5,items,,
luck-incense,6,items,,
luck-incense,7,items,,
luck-incense,8,items,sword-shield,
lucky-egg,2,items,,
lucky-egg,3,items,,
lucky-egg,4,items,,
lucky-egg,5,items,,
lucky-egg,6,items,,
lucky-egg,7,items,,
lucky-egg,8,items,,
lucky-egg,9,items,,
lucky-punch,2,items,,
lucky-punch,3,items,,
lucky-punch,4,items,,
lucky-punch,5,items,,
lucky-punch,6,items,,
lucky-punch,7,items,,
lucky-punch,8,items,sword-shield,
lugia-treat,9,key-items,scarlet-violet,
lum-berry,3,berries,ruby-sapphire,
lum-berry,3,berries,emerald,emerald
lum-berry,3,berry-pouch,firered-leafgreen,
lum-berry,4,berries,,
luminous-moss,6,items,,
luminous-moss,7,items,,
luminous-moss,8,items,,
luminous-moss,9,items,,
lumiose-galette,6,medicine,,
lumiose-galette,7,medicine,,
lumiose-galette,8,medicine,,
lumiose-galette,9,medicine,,
lunala-treat,9,key-items,scarlet-violet,
lunalium-z--held,7,z-crystals,ultra-sun-ultra-moon,
lunar-feather,4,key-items,,
lunar-feather,5,key-items,,
lunar-feather,6,key-items,,
lunar-feather,7,key-items,,
lunar-feather,8,key-items,brilliant-diamond-shining-pearl,
lure,7,items,,
lure-ball,2,poke-balls,,
lure-ball,4,poke-balls,heartgold-soulsilver,
lure-ball,5,items,,
lure-ball,6,items,,
lure-ball,7,items,,
lure-ball,8,poke-balls,,
lure-ball,9,poke-balls,,
lustrous-globe,8,key-items,,
lustrous-globe,9,items,,
lustrous-orb,4,items,,
lustrous-orb,5,items,,
lustrous-orb,6,items,,
lustrous-orb,7,items,,
lustrous-orb,8,items,,
lustrous-orb,9,items,,
luxury-ball,3,poke-balls,,
luxury-ball,4,poke-balls,,
luxury-ball,5,poke-balls,,
luxury-ball,6,items,,
luxury-ball,7,items,,
luxury-ball,8,poke-balls,,
luxury-ball,9,poke-balls,,
lycanium-z--held,7,z-crystals,ultra-sun-ultra-moon,
mach-bike,3,key-items,,
mach-bike,6,key-items,omega-ruby-alpha-sapphire,
mach-bike,7,key-items,,
machine-part,2,key-items,,
machine-part,4,key-items,heartgold-soulsilver,
machine-part,5,key-items,,
machine-part,6,key-items,,
machine-part,7,key-items,,
macho-brace,3,items,,
macho-brace,4,items,,
macho-brace,5,items,,
macho-brace,6,items,,
macho-brace,7,items,,
macho-brace,8,items,sword-shield,
machop-candy,7,candy-jar,lets-go-pikachu-lets-go-eevee,
magical-heart-pick,9,picnic-items,scarlet-violet,
magical-star-pick,9,picnic-items,,
magikarp-candy,7,candy-jar,lets-go-pikachu-lets-go-eevee,
magma-emblem,3,key-items,emerald,emerald
magma-stone,4,key-items,,
magma-stone,5,key-items,,
magma-stone,6,key-items,,
magma-stone,7,key-items,,
magma-suit,6,key-items,omega-ruby-alpha-sapphire,
magma-suit,7,key-items,,
magmar-candy,7,candy-jar,lets-go-pikachu-lets-go-eevee,
magmarizer,4,items,,
magmarizer,5,held-items,,
magmarizer,6,items,,
magmarizer,7,items,,
magmarizer,8,items,sword-shield,
magnemite-candy,7,candy-jar,lets-go-pikachu-lets-go-eevee,
magnet,2,items,,
magnet,3,items,,
magnet,4,items,,
magnet,5,held-items,,
magnet,6,items,,
magnet,7,items,,
magnet,8,items,,
magnet,9,items,,
mago-berry,3,berries,ruby-sapphire,
mago-berry,3,berries,emerald,emerald
mago-berry,3,berry-pouch,firered-leafgreen,
mago-berry,4,berries,,
magost-berry,3,berries,ruby-sapphire,
magost-berry,3,berries,emerald,emerald
magost-berry,3,berry-pouch,firered-leafgreen,
magost-berry,4,berries,,
magost-berry,5,berries,,
magost-berry,6,berries,,
magost-berry,7,berries,,
magost-berry,8,berries,,
makeup-bag,7,key-items,,
malicious-armor,9,items,,
manectite,6,items,,
manectite,7,items,,
mankey-candy,7,candy-jar,lets-go-pikachu-lets-go-eevee,
maranga-berry,6,berries,,
maranga-berry,7,berries,,
maranga-berry,8,berries,,
maranga-berry,9,berries,,
marble,7,items,,
marill-ball,9,picnic-items,,
mark-charm,8,key-items,sword-shield,
mark-charm,9,key-items,scarlet-violet,
marmalade,9,picnic-items,,
marshadium-z--held,7,z-crystals,,
master-ball,1,items,,
master-ball,2,poke-balls,,
master-ball,3,poke-balls,,
master-ball,4,poke-balls,,
master-ball,5,items,,
master-ball,6,items,,
master-ball,7,items,,
master-ball,8,poke-balls,,
master-ball,9,poke-balls,,
masterpiece-teacup,9,items,scarlet-violet,
mawilite,6,items,,
mawilite,7,items,,
max-elixir,1,items,,
max-elixir,4,medicine,,
max-ether,1,items,,
max-ether,2,items,,
max-ether,3,items,,
max-ether,4,medicine,,
max-ether,5,medicine,,
max-ether,6,medicine,,
max-ether,7,medicine,,
max-ether,8,medicine,,
max-ether,9,medicine,,
max-honey,8,medicine,sword-shield,
max-lure,7,items,lets-go-pikachu-lets-go-eevee,
max-mushrooms,8,battle-items,,
max-potion,1,items,,
max-potion,2,items,,
max-potion,3,items,,
max-potion,4,medicine,,
max-potion,5,medicine,,
max-potion,6,medicine,,
max-potion,7,medicine,,
max-potion,8,medicine,,
max-potion,9,medicine,,
max-repel,1,items,,
max-repel,2,items,,
max-repel,3,items,,
max-repel,4,items,,
max-repel,5,items,,
max-repel,6,items,,
max-repel,7,items,,
max-repel,8,items,sword-shield,
max-revive,1,items,,
max-revive,2,items,,
max-revive,3,items,,
max-revive,4,medicine,,
max-revive,5,medicine,,
max-revive,6,medicine,,
max-revive,7,medicine,,
max-revive,8,medicine,,
max-revive,9,medicine,,
mayonnaise,9,picnic-items,scarlet-violet,
meadow-plate,4,items,,
meadow-plate,5,items,,
meadow-plate,6,items,,
meadow-plate,7,items,,
meadow-plate,8,items,brilliant-diamond-shining-pearl,
meadow-plate,9,items,,
mech-mail,3,items,,
medal-box,5,key-items,black-2-white-2,
medal-box,6,key-items,,
medal-box,7,key-items,,
medichamite,6,items,,
medichamite,7,items,,
medicinal-leek,8,items,,
mega-bracelet,6,key-items,omega-ruby-alpha-sapphire,
mega-bracelet,7,key-items,,
mega-ring,6,key-items,,
mega-ring,7,key-items,,
meltan-candy,7,candy-jar,lets-go-pikachu-lets-go-eevee,
member-card,4,key-items,,
member-card,5,key-items,,
member-card,6,key-items,,
member-card,7,key-items,,
member-card,8,key-items,brilliant-diamond-shining-pearl,
mental-herb,3,items,,
mental-herb,4,items,,
mental-herb,5,items,,
mental-herb,6,items,,
mental-herb,7,items,,
mental-herb,8,items,,
mental-herb,9,items,,
meowth-candy,7,candy-jar,lets-go-pikachu-lets-go-eevee,
metagrossite,6,items,omega-ruby-alpha-sapphire,
metagrossite,7,items,,
metal-alloy,9,items,scarlet-violet,
metal-coat,2,items,,
metal-coat,8,items,sword-shield,
metal-coat,9,items,scarlet-violet,
metal-powder,2,items,,
metal-powder,3,items,,
metal-powder,4,items,,
metal-powder,5,held-items,,
metal-powder,6,items,,
metal-powder,7,items,,
metal-powder,8,items,,
meteorite,3,key-items,,
meteorite,6,key-items,omega-ruby-alpha-sapphire,
meteorite,7,key-items,,
meteorite,9,key-items,,
meteorite-shard,6,key-items,omega-ruby-alpha-sapphire,
meteorite-shard,7,key-items,,
metronome,4,items,,
metronome,5,items,,
metronome,6,items,,
metronome,7,items,,
metronome,8,items,,
metronome,9,items,,
mew-candy,7,candy-jar,lets-go-pikachu-lets-go-eevee,
mewnium-z--held,7,z-crystals,,
mewtwo-candy,7,candy-jar,lets-go-pikachu-lets-go-eevee,
mewtwonite-x,6,items,,
mewtwonite-x,7,items,,
mewtwonite-y,6,items,,
mewtwonite-y,7,items,,
micle-berry,4,berries,,
micle-berry,5,berries,,
micle-berry,6,berries,,
micle-berry,7,berries,,
micle-berry,8,berries,,
micle-berry,9,berries,,
mighty-candy,7,candy-jar,,
mighty-candy-l,7,candy-jar,,
mighty-candy-xl,7,candy-jar,,
mild-mint,8,items,sword-shield,
mild-mint,9,items,scarlet-violet,
mimikium-z--held,7,z-crystals,ultra-sun-ultra-moon,
mind-plate,4,items,,
mind-plate,5,items,,
mind-plate,6,items,,
mind-plate,7,items,,
mind-plate,8,items,brilliant-diamond-shining-pearl,
mind-plate,9,items,,
mint-berry,2,items,,
mint-chairs,9,picnic-items,scarlet-violet,
mint-tablecloth,9,picnic-items,scarlet-violet,
miracle-seed,2,items,,
miracle-seed,3,items,,
miracle-seed,4,items,,
miracle-seed,5,items,,
miracle-seed,6,items,,
miracle-seed,7,items,,
miracle-seed,8,items,,
miracle-seed,9,items,,
miracleberry,2,items,,
mirage-mail,2,items,,
miraidons-poke-ball,9,key-items,scarlet-violet,
mirror-herb,9,items,scarlet-violet,
misty-seed,7,items,,
misty-seed,8,items,,
misty-seed,9,items,,
mixed-mushrooms,8,ingredients,sword-shield,
modest-mint,8,items,sword-shield,
modest-mint,9,items,scarlet-violet,
moltres-candy,7,candy-jar,lets-go-pikachu-lets-go-eevee,
moltres-treat,9,key-items,,
monstrous-chairs,9,picnic-items,scarlet-violet,
monstrous-tablecloth,9,picnic-items,scarlet-violet,
moomoo-cheese,8,ingredients,sword-shield,
moomoo-milk,2,items,,
moomoo-milk,3,items,,
moomoo-milk,4,medicine,,
moomoo-milk,5,medicine,,
moomoo-milk,6,medicine,,
moomoo-milk,7,medicine,,
moomoo-milk,8,medicine,,
moomoo-milk,9,medicine,,
moon-ball,2,poke-balls,,
moon-ball,4,poke-balls,heartgold-soulsilver,
moon-ball,5,items,,
moon-ball,6,items,,
moon-ball,7,items,,
moon-ball,8,poke-balls,,
moon-ball,9,poke-balls,,
moon-flute,7,key-items,sun-moon,
moon-stone,1,items,,
moon-stone,2,items,,
moon-stone,3,items,,
moon-stone,4,items,,
moon-stone,5,items,,
moon-stone,6,items,,
moon-stone,7,items,,
moon-stone,8,items,,
moon-stone,9,items,,
morph-mail,2,items,,
mosaic-mail,4,mail,,
mr-mime-candy,7,candy-jar,lets-go-pikachu-lets-go-eevee,
muscle-band,4,items,,
muscle-band,5,items,,
muscle-band,6,items,,
muscle-band,7,items,,
muscle-band,8,items,,
muscle-band,9,items,,
muscle-wing,5,medicine,,
muscle-wing,6,medicine,,
muscle-wing,7,medicine,,
muscle-wing,8,items,,
muscle-wing,9,items,,
muscle-mochi,9,items,scarlet-violet,
music-mail,2,items,,
mustard,9,picnic-items,scarlet-violet,
mysterious-balm,8,key-items,,
mysterious-shard-l,8,treasures,,
mysterious-shard-s,8,treasures,,
mystery-berry,2,items,,
mystery-egg,2,key-items,,
mystery-egg,4,key-items,heartgold-soulsilver,
mystery-egg,5,key-items,,
mystery-egg,6,key-items,,
mystery-egg,7,key-items,,
mystic-ticket,3,key-items,firered-leafgreen,
mystic-ticket,3,key-items,emerald,emerald
mystic-water,2,items,,
mystic-water,3,items,,
mystic-water,4,items,,
mystic-water,5,items,,
mystic-water,6,items,,
mystic-water,7,items,,
mystic-water,8,items,sword-shield,
mystic-water,9,items,scarlet-violet,
mythical-pecha-berry,9,key-items,scarlet-violet,
n-lunarizer--merge,7,key-items,ultra-sun-ultra-moon,
n-lunarizer--merge,8,key-items,sword-shield,
n-solarizer--merge,7,key-items,ultra-sun-ultra-moon,
n-solarizer--merge,8,key-items,sword-shield,
naive-mint,8,items,sword-shield,
naive-mint,9,items,scarlet-violet,
nanab-berry,3,berries,ruby-sapphire,
nanab-berry,3,berries,emerald,emerald
nanab-berry,4,berries,,
nanab-berry,7,catching-pocket,lets-go-pikachu-lets-go-eevee,
naughty-mint,8,items,sword-shield,
naughty-mint,9,items,scarlet-violet,
necrozma-treat,9,key-items,scarlet-violet,
nest-ball,3,poke-balls,,
nest-ball,4,poke-balls,,
nest-ball,5,poke-balls,,
nest-ball,6,items,,
nest-ball,7,items,,
nest-ball,8,poke-balls,,
nest-ball,9,poke-balls,,
net-ball,3,poke-balls,,
net-ball,4,poke-balls,,
net-ball,5,poke-balls,,
net-ball,6,items,,
net-ball,7,items,,
net-ball,8,poke-balls,,
net-ball,9,poke-balls,,
never-melt-ice,2,items,,
never-melt-ice,3,items,,
never-melt-ice,4,items,,
never-melt-ice,5,items,,
never-melt-ice,6,items,,
never-melt-ice,7,items,,
never-melt-ice,8,items,,
never-melt-ice,9,items,,
nidoran-f-candy,7,candy-jar,lets-go-pikachu-lets-go-eevee,
nidoran-m-candy,7,candy-jar,lets-go-pikachu-lets-go-eevee,
nomel-berry,3,berries,ruby-sapphire,
nomel-berry,3,berries,emerald,emerald
nomel-berry,3,berry-pouch,firered-leafgreen,
nomel-berry,4,berries,,
nomel-berry,5,berries,,
nomel-berry,6,berries,,
nomel-berry,7,berries,,
nomel-berry,8,berries,,
noodles,9,picnic-items,scarlet-violet,
normal-box,2,items,,
normal-gem,5,items,,
normal-gem,6,items,,
normal-gem,7,items,,
normal-gem,8,items,,
normal-gem,9,items,,
normal-tera-shard,9,items,scarlet-violet,
normalium-z--held,7,z-crystals,,
nugget,1,items,,
nugget,2,items,,
nugget,3,items,,
nugget,4,items,,
nugget,5,items,,
nugget,6,items,,
nugget,7,items,,
nugget,8,treasures,,
nugget,9,treasures,,
oaks-letter,4,key-items,,
oaks-letter,5,key-items,,
oaks-letter,6,key-items,,
oaks-letter,7,key-items,,
oaks-letter,8,key-items,brilliant-diamond-shining-pearl,
occa-berry,4,berries,,
occa-berry,5,berries,,
occa-berry,6,berries,,
occa-berry,7,berries,,
occa-berry,8,berries,,
occa-berry,9,berries,,
oceanic-slate,8,treasures,brilliant-diamond-shining-pearl,
odd-incense,4,items,,
odd-incense,5,items,,
odd-incense,6,items,,
odd-incense,7,items,,
odd-incense,8,items,sword-shield,
odd-keystone,4,items,,
odd-keystone,5,items,,
odd-keystone,6,items,,
odd-keystone,7,items,,
odd-keystone,8,items,brilliant-diamond-shining-pearl,
odd-keystone,9,items,,
oddish-candy,7,candy-jar,lets-go-pikachu-lets-go-eevee,
old-amber,1,key-items,,
old-amber,3,key-items,firered-leafgreen,
old-amber,4,items,,
old-amber,5,items,,
old-amber,6,items,,
old-amber,7,items,,
old-amber,8,treasures,brilliant-diamond-shining-pearl,
old-charm,4,key-items,,
old-charm,5,key-items,,
old-charm,6,key-items,,
old-charm,7,key-items,,
old-charm,8,key-items,brilliant-diamond-shining-pearl,
old-gateau,4,medicine,,
old-gateau,5,medicine,,
old-gateau,6,medicine,,
old-gateau,7,medicine,,
old-gateau,8,medicine,,
old-letter,8,key-items,sword-shield,
old-rod,1,key-items,,
old-rod,2,key-items,,
old-rod,3,key-items,,
old-rod,4,key-items,,
old-rod,5,key-items,,
old-rod,6,key-items,,
old-rod,7,key-items,,
old-rod,8,key-items,brilliant-diamond-shining-pearl,
old-sea-map,3,key-items,emerald,emerald
olive-oil,9,picnic-items,scarlet-violet,
omanyte-candy,7,candy-jar,lets-go-pikachu-lets-go-eevee,
onion,9,picnic-items,scarlet-violet,
onix-candy,7,candy-jar,lets-go-pikachu-lets-go-eevee,
oran-berry,3,berries,ruby-sapphire,
oran-berry,3,berries,emerald,emerald
oran-berry,4,berries,,
oran-berry,5,berries,,
oran-berry,6,berries,,
oran-berry,7,berries,,
oran-berry,8,berries,sword-shield,
oran-berry,9,berries,,
orange-dish,9,picnic-items,scarlet-violet,
orange-mail,3,items,,
orange-petal,7,key-items,ultra-sun-ultra-moon,
oval-charm,5,key-items,black-2-white-2,
oval-charm,6,key-items,,
oval-charm,7,key-items,,
oval-charm,8,key-items,sword-shield,
oval-charm,9,key-items,,
oval-stone,4,items,,
oval-stone,5,items,,
oval-stone,6,items,,
oval-stone,7,items,,
oval-stone,8,items,,
oval-stone,9,items,,
pack-of-potatoes,8,ingredients,sword-shield,
packaged-curry,8,ingredients,sword-shield,
pair-of-tickets,6,key-items,omega-ruby-alpha-sapphire,
pair-of-tickets,7,key-items,,
pal-pad,4,key-items,,
pal-pad,5,key-items,,
pal-pad,6,key-items,,
pal-pad,7,key-items,,
pamtre-berry,3,berries,ruby-sapphire,
pamtre-berry,3,berries,emerald,emerald
pamtre-berry,3,berry-pouch,firered-leafgreen,
pamtre-berry,4,berries,,
pamtre-berry,5,berries,,
pamtre-berry,6,berries,,
pamtre-berry,7,berries,,
pamtre-berry,8,berries,,
paralyze-heal,1,items,,
paralyze-heal,2,items,,
paralyze-heal,3,items,,
paralyze-heal,4,medicine,,
paralyze-heal,5,medicine,,
paralyze-heal,6,medicine,,
paralyze-heal,7,medicine,,
paralyze-heal,8,medicine,,
paralyze-heal,9,medicine,,
paras-candy,7,candy-jar,lets-go-pikachu-lets-go-eevee,
parasol-pick,9,picnic-items,scarlet-violet,
parcel,1,key-items,,
parcel,3,key-items,firered-leafgreen,
parcel,4,key-items,,
parcel,5,key-items,,
parcel,6,key-items,,
parcel,7,items,lets-go-pikachu-lets-go-eevee,
parcel,8,key-items,brilliant-diamond-shining-pearl,
park-ball,4,poke-balls,heartgold-soulsilver,
park-ball,5,items,black-white,
park-ball,6,items,x-y,
park-ball,7,items,sun-moon,
park-ball,9,poke-balls,scarlet-violet,
party-sparkler-pick,9,picnic-items,scarlet-violet,
pass,2,key-items,,
pass,4,key-items,heartgold-soulsilver,
pass,5,key-items,,
pass,6,key-items,,
pass,7,key-items,,
pass-orb,5,items,,
pass-orb,6,items,,
pass-orb,7,items,,
passho-berry,4,berries,,
passho-berry,5,berries,,
passho-berry,6,berries,,
passho-berry,7,berries,,
passho-berry,8,berries,,
passho-berry,9,berries,,
pasta,8,ingredients,sword-shield,
payapa-berry,4,berries,,
payapa-berry,5,berries,,
payapa-berry,6,berries,,
payapa-berry,7,berries,,
payapa-berry,8,berries,,
payapa-berry,9,berries,,
peach-chairs,9,picnic-items,scarlet-violet,
peach-tablecloth,9,picnic-items,scarlet-violet,
peanut-butter,9,picnic-items,scarlet-violet,
pearl,2,items,,
pearl,3,items,,
pearl,4,items,,
pearl,5,items,,
pearl,6,items,,
pearl,7,items,,
pearl,8,treasures,,
pearl,9,treasures,,
pearl-string,5,items,,
pearl-string,6,items,,
pearl-string,7,items,,
pearl-string,8,treasures,sword-shield,
pearl-string,9,treasures,scarlet-violet,
peat-block,8,items,,
pecha-berry,3,berries,ruby-sapphire,
pecha-berry,3,berries,emerald,emerald
pecha-berry,4,berries,,
pecha-berry,5,berries,,
pecha-berry,6,berries,,
pecha-berry,7,berries,,
pecha-berry,8,berries,sword-shield,
pecha-berry,9,berries,,
pepper,9,picnic-items,scarlet-violet,
permit,5,key-items,black-2-white-2,
permit,6,key-items,,
permit,7,key-items,,
persim-berry,3,berries,ruby-sapphire,
persim-berry,3,berries,emerald,emerald
persim-berry,4,berries,,
persim-berry,5,berries,,
persim-berry,6,berries,,
persim-berry,7,berries,,
persim-berry,8,berries,sword-shield,
persim-berry,8,berries,brilliant-diamond-shining-pearl,
persim-berry,9,berries,,
petaya-berry,3,berries,ruby-sapphire,
petaya-berry,3,berries,emerald,emerald
petaya-berry,4,berries,,
petaya-berry,5,berries,,
petaya-berry,6,berries,,
petaya-berry,7,berries,,
petaya-berry,8,berries,,
petaya-berry,9,berries,,
pewter-crunchies,7,medicine,,
pewter-crunchies,8,medicine,,
pickle,9,picnic-items,scarlet-violet,
picnic-set,9,picnic-items,scarlet-violet,
pidgeotite,6,items,omega-ruby-alpha-sapphire,
pidgeotite,7,items,,
pidgey-candy,7,candy-jar,lets-go-pikachu-lets-go-eevee,
pika-pika-pick,9,picnic-items,scarlet-violet,
pikachu-candy,7,candy-jar,lets-go-pikachu-lets-go-eevee,
pikachu-cup,9,picnic-items,scarlet-violet,
pikanium-z--held,7,z-crystals,,
pikashunium-z--held,7,z-crystals,,
pinap-berry,3,berries,ruby-sapphire,
pinap-berry,3,berries,emerald,emerald
pinap-berry,3,berry-pouch,firered-leafgreen,
pinap-berry,4,berries,,
pinap-berry,5,berries,,
pinap-berry,6,berries,,
pinap-berry,7,berries,sun-moon,
pinap-berry,7,berries,ultra-sun-ultra-moon,
pinap-berry,7,catching-pocket,lets-go-pikachu-lets-go-eevee,
pinap-berry,8,berries,sword-shield,
pinap-berry,8,berries,brilliant-diamond-shining-pearl,
pineapple,9,picnic-items,scarlet-violet,
pink-apricorn,2,items,,
pink-apricorn,4,items,heartgold-soulsilver,
pink-apricorn,5,items,,
pink-apricorn,6,items,,
pink-apricorn,7,items,,
pink-apricorn,8,items,,
pink-apricorn,9,items,,
pink-bottle,9,picnic-items,scarlet-violet,
pink-bow,2,items,,
pink-chairs,9,picnic-items,scarlet-violet,
pink-cup,9,picnic-items,scarlet-violet,
pink-nectar,7,items,,
pink-nectar,9,items,,
pink-petal,7,key-items,ultra-sun-ultra-moon,
pink-scarf,3,items,,
pink-scarf,4,items,,
pink-scarf,5,items,,
pink-scarf,6,items,,
pink-scarf,7,items,,
pink-scarf,8,items,,
pink-tablecloth,9,picnic-items,,
pinsir-candy,7,candy-jar,lets-go-pikachu-lets-go-eevee,
pinsirite,6,items,,
pinsirite,7,items,,
pixie-plate,6,items,,
pixie-plate,7,items,,
pixie-plate,8,items,sword-shield,
pixie-plate,9,items,,
plaid-chairs-b,9,picnic-items,scarlet-violet,
plaid-chairs-r,9,picnic-items,scarlet-violet,
plaid-chairs-y,9,picnic-items,scarlet-violet,
plaid-tablecloth-b,9,picnic-items,scarlet-violet,
plaid-tablecloth-r,9,picnic-items,scarlet-violet,
plaid-tablecloth-y,9,picnic-items,scarlet-violet,
plasma-card,5,key-items,black-2-white-2,
plasma-card,6,key-items,,
plasma-card,7,key-items,,
plume-fossil,5,items,,
plume-fossil,6,items,,
plume-fossil,7,items,,
poffin-case,4,key-items,,
poffin-case,5,key-items,,
poffin-case,6,key-items,,
poffin-case,7,key-items,,
poffin-case,8,key-items,brilliant-diamond-shining-pearl,
point-card,4,key-items,,
point-card,5,key-items,,
point-card,6,key-items,,
point-card,7,key-items,,
point-card,8,key-items,brilliant-diamond-shining-pearl,
poison-barb,2,items,,
poison-barb,3,items,,
poison-barb,4,items,,
poison-barb,5,items,,
poison-barb,6,items,,
poison-barb,7,items,,
poison-barb,8,items,,
poison-barb,9,items,,
poison-gem,5,items,,
poison-gem,6,items,,
poison-gem,7,items,,
poison-memory,7,items,,
poison-memory,8,items,,
poison-tera-shard,9,items,scarlet-violet,
poisonium-z--held,7,z-crystals,,
poke-ball,1,items,,
poke-ball,2,poke-balls,,
poke-ball,3,poke-balls,,
poke-ball,4,poke-balls,,
poke-ball,5,items,,
poke-ball,6,items,,
poke-ball,7,items,,
poke-ball,8,poke-balls,,
poke-ball,9,poke-balls,,
poke-doll,1,items,,
poke-doll,2,items,,
poke-doll,3,items,,
poke-doll,4,battle-items,,
poke-doll,5,items,,
poke-doll,6,items,,
poke-doll,7,items,,
poke-doll,8,battle-items,,
poke-doll,9,battle-items,,
poke-flute,1,key-items,,
poke-flute,3,key-items,firered-leafgreen,
poke-flute,6,key-items,,
poke-flute,7,key-items,,
poke-radar,4,key-items,,
poke-radar,6,key-items,,
poke-radar,8,key-items,brilliant-diamond-shining-pearl,
poke-toy,5,items,,
poke-toy,6,items,,
poke-toy,7,items,,
pokeblock-case,3,key-items,,
pokeblock-kit,6,key-items,omega-ruby-alpha-sapphire,
pokeblock-kit,7,key-items,sun-moon,
pokeblock-kit,7,key-items,ultra-sun-ultra-moon,
pokedex,1,key-items,,
pokemon-box-link,8,key-items,sword-shield,
polished-mud-ball,7,items,,
poliwag-candy,7,candy-jar,lets-go-pikachu-lets-go-eevee,
polka-dot-bottle,9,picnic-items,scarlet-violet,
polka-dot-chairs,9,picnic-items,scarlet-violet,
polka-dot-cup,9,picnic-items,scarlet-violet,
polka-dot-tablecloth,9,picnic-items,,
polkadot-bow,2,items,,
pomeg-berry,3,berries,ruby-sapphire,
pomeg-berry,3,berries,emerald,emerald
pomeg-berry,4,berries,,
pomeg-berry,5,berries,,
pomeg-berry,6,berries,,
pomeg-berry,7,berries,,
pomeg-berry,8,berries,,
pomeg-berry,9,berries,,
ponyta-candy,7,candy-jar,lets-go-pikachu-lets-go-eevee,
portraitmail,2,items,,
porygon-candy,7,candy-jar,lets-go-pikachu-lets-go-eevee,
potato-salad,9,picnic-items,scarlet-violet,
potato-tortilla,9,picnic-items,scarlet-violet,
potion,1,items,,
potion,2,items,,
potion,3,items,,
potion,4,medicine,,
potion,5,medicine,,
potion,6,medicine,,
potion,7,medicine,,
potion,8,medicine,,
potion,9,medicine,,
powder-jar,3,key-items,firered-leafgreen,
powder-jar,3,key-items,emerald,emerald
power-anklet,4,items,,
power-anklet,5,items,,
power-anklet,6,items,,
power-anklet,7,items,,
power-anklet,8,items,,
power-anklet,9,items,,
power-band,4,items,,
power-band,5,held-items,,
power-band,6,items,,
power-band,7,items,,
power-band,8,items,,
power-band,9,items,,
power-belt,4,items,,
power-belt,5,items,,
power-belt,6,items,,
power-belt,7,items,,
power-belt,8,items,,
power-belt,9,items,,
power-bracer,4,items,,
power-bracer,5,held-items,,
power-bracer,6,items,,
power-bracer,7,items,,
power-bracer,8,items,,
power-bracer,9,items,,
power-herb,4,items,,
power-herb,5,items,,
power-herb,6,items,,
power-herb,7,items,,
power-herb,8,items,,
power-herb,9,items,,
power-lens,4,items,,
power-lens,5,held-items,,
power-lens,6,items,,
power-lens,7,items,,
power-lens,8,items,,
power-lens,9,items,,
power-plant-pass,6,key-items,,
power-plant-pass,7,key-items,,
power-weight,4,items,,
power-weight,5,held-items,,
power-weight,6,items,,
power-weight,7,items,,
power-weight,8,items,,
power-weight,9,items,,
pp-max,3,items,,
pp-max,4,medicine,,
pp-max,5,medicine,,
pp-max,6,medicine,,
pp-max,7,medicine,,
pp-max,8,items,,
pp-max,9,items,,
pp-up,1,items,,
pp-up,2,items,,
pp-up,3,items,,
pp-up,4,medicine,,
pp-up,5,medicine,,
pp-up,6,medicine,,
pp-up,7,medicine,,
pp-up,8,items,,
pp-up,9,items,,
precooked-burger,8,ingredients,,
premier-ball,3,poke-balls,,
premier-ball,4,poke-balls,,
premier-ball,5,items,,
premier-ball,6,items,,
premier-ball,7,items,,
premier-ball,8,poke-balls,,
premier-ball,9,poke-balls,,
pretty-wing,5,items,,
pretty-wing,6,items,,
pretty-wing,7,items,,
pretty-wing,8,treasures,sword-shield,
pretty-wing,9,treasures,scarlet-violet,
primarium-z--held,7,z-crystals,,
prism-scale,5,items,black-2-white-2,
prism-scale,6,items,,
prism-scale,7,items,,
prism-scale,8,items,sword-shield,
prism-scale,9,items,scarlet-violet,
prison-bottle,6,key-items,omega-ruby-alpha-sapphire,
prison-bottle,7,key-items,,
prison-bottle,9,key-items,,
professors-mask,7,key-items,,
profs-letter,6,key-items,,
profs-letter,7,key-items,,
prop-case,5,key-items,,
prop-case,6,key-items,,
prop-case,7,key-items,,
prosciutto,9,picnic-items,scarlet-violet,
protective-pads,7,items,,
protective-pads,8,items,,
protective-pads,9,items,,
protector,4,items,,
protector,5,items,,
protector,6,items,,
protector,7,items,,
protector,8,items,sword-shield,
protein,1,items,,
protein,2,items,,
protein,3,items,,
protein,4,medicine,,
protein,5,medicine,,
protein,6,medicine,,
protein,7,medicine,,
protein,8,items,,
protein,9,items,,
przcureberry,2,items,,
psn-cure-berry,2,items,,
psychic-gem,5,items,,
psychic-gem,6,items,,
psychic-gem,7,items,,
psychic-memory,7,items,,
psychic-memory,8,items,,
psychic-seed,7,items,,
psychic-seed,8,items,,
psychic-seed,9,items,,
psychic-tera-shard,9,items,scarlet-violet,
psychium-z--held,7,z-crystals,sun-moon,
psyduck-candy,7,candy-jar,lets-go-pikachu-lets-go-eevee,
pumkin-berry,3,berries,ruby-sapphire,
punching-glove,9,items,scarlet-violet,
pungent-root,8,ingredients,sword-shield,
pure-incense,4,items,,
pure-incense,5,items,,
pure-incense,6,items,,
pure-incense,7,items,,
pure-incense,8,items,sword-shield,
purple-nectar,7,items,,
purple-nectar,9,items,,
purple-petal,7,key-items,ultra-sun-ultra-moon,
qualot-berry,3,berries,ruby-sapphire,
qualot-berry,3,berries,emerald,emerald
qualot-berry,4,berries,,
qualot-berry,5,berries,,
qualot-berry,6,berries,,
qualot-berry,7,berries,,
qualot-berry,8,berries,,
qualot-berry,9,berries,,
question-marks,1,key-items,,
quick-ball,4,poke-balls,,
quick-ball,5,poke-balls,,
quick-ball,6,items,,
quick-ball,7,items,,
quick-ball,8,poke-balls,,
quick-ball,9,poke-balls,,
quick-candy,7,candy-jar,,
quick-candy-l,7,candy-jar,lets-go-pikachu-lets-go-eevee,
quick-candy-xl,7,candy-jar,,
quick-claw,2,items,,
quick-claw,3,items,,
quick-claw,4,items,,
quick-claw,5,held-items,,
quick-claw,6,items,,
quick-claw,7,items,,
quick-claw,8,items,,
quick-claw,9,items,,
quick-powder,4,items,,
quick-powder,5,items,,
quick-powder,6,items,,
quick-powder,7,items,,
quick-powder,8,items,sword-shield,
quiet-mint,8,items,sword-shield,
quiet-mint,9,items,scarlet-violet,
rabuta-berry,3,berries,ruby-sapphire,
rabuta-berry,3,berries,emerald,emerald
rabuta-berry,3,berry-pouch,firered-leafgreen,
rabuta-berry,4,berries,,
rabuta-berry,5,berries,,
rabuta-berry,6,berries,,
rabuta-berry,7,berries,,
rabuta-berry,8,berries,,
radiant-petal,8,key-items,,
rage-candy-bar,2,items,,
rage-candy-bar,4,key-items,heartgold-soulsilver,
rage-candy-bar,5,medicine,,
rage-candy-bar,6,medicine,,
rage-candy-bar,7,medicine,,
rage-candy-bar,8,medicine,,
raikou-treat,9,key-items,scarlet-violet,
rainbow-feather,2,key-items,,
rainbow-feather,4,key-items,heartgold-soulsilver,
rainbow-feather,5,key-items,,
rainbow-feather,6,key-items,,
rainbow-feather,7,key-items,,
rainbow-flower,7,key-items,ultra-sun-ultra-moon,
rainbow-pass,3,key-items,firered-leafgreen,
rainbow-pass,3,key-items,emerald,emerald
rainbow-slate,8,treasures,brilliant-diamond-shining-pearl,
rare-bone,4,items,,
rare-bone,5,items,,
rare-bone,6,items,,
rare-bone,7,items,,
rare-bone,8,treasures,sword-shield,
rare-bone,9,treasures,scarlet-violet,
rare-candy,1,items,,
rare-candy,2,items,,
rare-candy,3,items,,
rare-candy,4,medicine,,
rare-candy,5,medicine,,
rare-candy,6,medicine,,
rare-candy,7,medicine,lets-go-pikachu-lets-go-eevee,
rare-candy,8,items,,
rare-candy,9,items,,
rash-mint,8,items,,
rash-mint,9,items,,
rattata-candy,7,candy-jar,lets-go-pikachu-lets-go-eevee,
rawst-berry,3,berries,ruby-sapphire,
rawst-berry,3,berries,emerald,emerald
rawst-berry,4,berries,,
rawst-berry,5,berries,,
rawst-berry,6,berries,,
rawst-berry,7,berries,,
rawst-berry,8,berries,sword-shield,
rawst-berry,9,berries,,
rayquaza-treat,9,key-items,scarlet-violet,
razor-claw,4,items,,
razor-claw,5,items,,
razor-claw,8,items,,
razor-claw,9,items,,
razor-fang,4,items,,
razor-fang,5,items,,
razor-fang,6,items,,
razor-fang,7,items,,
razor-fang,8,items,sword-shield,
razz-berry,3,berries,ruby-sapphire,
razz-berry,3,berries,emerald,emerald
razz-berry,3,berry-pouch,firered-leafgreen,
razz-berry,4,berries,,
razz-berry,5,berries,,
razz-berry,6,berries,,
razz-berry,7,berries,sun-moon,
razz-berry,7,berries,ultra-sun-ultra-moon,
razz-berry,7,catching-pocket,lets-go-pikachu-lets-go-eevee,
razz-berry,8,berries,sword-shield,
razz-berry,8,berries,brilliant-diamond-shining-pearl,
reaper-cloth,4,items,,
reaper-cloth,5,items,,
reaper-cloth,6,items,,
reaper-cloth,7,items,,
reaper-cloth,8,items,sword-shield,
red-apricorn,2,items,,
red-apricorn,4,items,heartgold-soulsilver,
red-apricorn,8,items,sword-shield,
red-apricorn,9,items,scarlet-violet,
red-bell-pepper,9,picnic-items,scarlet-violet,
red-card,5,items,,
red-card,6,items,,
red-card,7,items,,
red-card,8,items,,
red-card,9,items,,
red-chain,4,key-items,,
red-chain,5,key-items,,
red-chain,6,key-items,,
red-chain,7,key-items,,
red-dish,9,picnic-items,scarlet-violet,
red-flag-pick,9,picnic-items,scarlet-violet,
red-flute,3,items,,
red-flute,4,battle-items,,
red-flute,5,items,,
red-flute,6,items,x-y,
red-flute,6,medicine,omega-ruby-alpha-sapphire,
red-flute,7,medicine,,
red-nectar,7,items,,
red-nectar,9,items,,
red-onion,9,picnic-items,scarlet-violet,
red-orb,3,key-items,,
red-orb,4,key-items,heartgold-soulsilver,
red-orb,5,key-items,,
red-orb,6,items,,
red-orb,7,items,,
red-petal,7,key-items,ultra-sun-ultra-moon,
red-poke-ball-pick,9,picnic-items,,
red-scale,2,key-items,,
red-scale,4,key-items,heartgold-soulsilver,
red-scale,5,key-items,,
red-scale,6,key-items,,
red-scale,7,key-items,,
red-scarf,3,items,,
red-scarf,4,items,,
red-scarf,5,items,,
red-scarf,6,items,,
red-scarf,7,items,,
red-scarf,8,items,,
red-shard,3,items,,
red-shard,4,items,,
red-shard,5,items,,
red-shard,6,items,,
red-shard,7,items,,
red-shard,8,items,sword-shield,
reins-of-unity,8,key-items,,
reins-of-unity,9,key-items,,
relaxed-mint,8,items,sword-shield,
relaxed-mint,9,items,scarlet-violet,
relic-band,5,items,,
relic-band,6,items,,
relic-band,7,items,,
relic-copper,5,items,,
relic-copper,6,items,,
relic-copper,7,items,,
relic-crown,5,items,,
relic-crown,6,items,,
relic-crown,7,items,,
relic-gold,5,items,,
relic-gold,6,items,,
relic-gold,7,items,,
relic-silver,5,items,,
relic-silver,6,items,,
relic-silver,7,items,,
relic-statue,5,items,,
relic-statue,6,items,,
relic-statue,7,items,,
relic-vase,5,items,,
relic-vase,6,items,,
relic-vase,7,items,,
remedy,8,medicine,,
repeat-ball,3,poke-balls,,
repeat-ball,4,poke-balls,,
repeat-ball,5,items,,
repeat-ball,6,items,,
repeat-ball,7,items,,
repeat-ball,8,poke-balls,,
repeat-ball,9,poke-balls,,
repel,1,items,,
repel,2,items,,
repel,3,items,,
repel,4,items,,
repel,5,items,,
repel,6,items,,
repel,7,items,,
repel,8,items,sword-shield,
reply-mail,5,items,,
reset-urge,5,items,black-white,
reset-urge,5,items,black-2-white-2,
reshiram-treat,9,key-items,,
resist-wing,5,medicine,,
resist-wing,6,medicine,,
resist-wing,7,medicine,,
resist-wing,8,items,,
resist-wing,9,items,,
resist-mochi,9,items,,
retro-mail,3,items,,
reveal-glass,5,key-items,black-2-white-2,
reveal-glass,6,key-items,,
reveal-glass,7,key-items,,
reveal-glass,8,key-items,sword-shield,
reveal-glass,9,key-items,,
revival-herb,2,items,,
revival-herb,3,items,,
revival-herb,4,medicine,,
revival-herb,5,medicine,,
revival-herb,6,medicine,,
revival-herb,7,medicine,,
revival-herb,8,medicine,,
revival-herb,9,medicine,,
revive,1,items,,
revive,2,items,,
revive,3,items,,
revive,4,medicine,,
revive,5,medicine,,
revive,6,medicine,,
revive,7,medicine,,
revive,8,medicine,,
revive,9,medicine,,
rhyhorn-candy,7,candy-jar,lets-go-pikachu-lets-go-eevee,
ribbon-sweet,8,items,sword-shield,
rice,9,picnic-items,scarlet-violet,
rich-mulch,6,items,,
rich-mulch,7,items,,
ride-pager,7,key-items,sun-moon,
riding-wear,7,key-items,sun-moon,
rindo-berry,4,berries,,
rindo-berry,5,berries,,
rindo-berry,6,berries,,
rindo-berry,7,berries,,
rindo-berry,8,berries,,
rindo-berry,9,berries,,
ring-target,5,items,,
ring-target,6,items,,
ring-target,7,items,,
ring-target,8,items,,
ring-target,9,items,,
rock-gem,5,items,,
rock-gem,6,items,,
rock-gem,7,items,,
rock-incense,4,items,,
rock-incense,5,items,,
rock-incense,6,items,,
rock-incense,7,items,,
rock-incense,8,items,sword-shield,
rock-memory,7,items,,
rock-memory,8,items,,
rock-tera-shard,9,items,scarlet-violet,
rockium-z--held,7,z-crystals,,
rocky-helmet,5,items,,
rocky-helmet,6,items,,
rocky-helmet,7,items,,
rocky-helmet,8,items,,
rocky-helmet,9,items,,
roller-skates,6,key-items,,
roller-skates,7,key-items,,
room-service,8,items,sword-shield,
room-service,9,items,scarlet-violet,
root-fossil,3,key-items,,
root-fossil,4,items,,
root-fossil,5,items,,
root-fossil,6,items,,
root-fossil,7,items,,
root-fossil,8,treasures,sword-shield,
rose-incense,4,items,,
rose-incense,5,items,,
rose-incense,6,items,,
rose-incense,7,items,,
rose-incense,8,items,sword-shield,
roseli-berry,6,berries,,
roseli-berry,7,berries,,
roseli-berry,8,berries,,
roseli-berry,9,berries,,
roto-stick,9,key-items,scarlet-violet,
rotom-bike,8,key-items,,
rotom-catalog,8,key-items,,
rotom-catalog,9,key-items,,
rotom-phone,9,key-items,,
rotom-pokedex,7,key-items,sun-moon,
rowap-berry,4,berries,,
rowap-berry,5,berries,,
rowap-berry,6,berries,,
rowap-berry,7,berries,,
rowap-berry,8,berries,,
rowap-berry,9,berries,,
rsvp-mail,5,items,,
ruby,3,key-items,firered-leafgreen,
ruby,3,key-items,emerald,emerald
rusted-shield,8,items,sword-shield,
rusted-shield,9,items,scarlet-violet,
rusted-sword,8,items,sword-shield,
rusted-sword,9,items,scarlet-violet,
sablenite,6,items,omega-ruby-alpha-sapphire,
sablenite,7,items,,
sachet,6,items,,
sachet,7,items,,
sachet,8,items,sword-shield,
sacred-ash,2,items,,
sacred-ash,3,items,,
sacred-ash,4,medicine,,
sacred-ash,5,medicine,,
sacred-ash,6,medicine,,
sacred-ash,7,medicine,,
sacred-ash,8,medicine,,
safari-ball,1,key-items,,
safari-ball,3,poke-balls,,
safari-ball,4,poke-balls,,
safari-ball,5,items,,
safari-ball,6,items,,
safari-ball,7,items,,
safari-ball,8,poke-balls,,
safari-ball,9,poke-balls,,
safety-goggles,6,items,,
safety-goggles,7,items,,
safety-goggles,8,items,,
safety-goggles,9,items,,
sail-fossil,6,items,,
sail-fossil,7,items,,
salac-berry,3,berries,ruby-sapphire,
salac-berry,3,berries,emerald,emerald
salac-berry,3,berry-pouch,firered-leafgreen,
salac-berry,4,berries,,
salac-berry,5,berries,,
salac-berry,6,berries,,
salac-berry,7,berries,,
salac-berry,8,berries,,
salac-berry,9,berries,,
salad-mix,8,ingredients,sword-shield,
salamencite,6,items,omega-ruby-alpha-sapphire,
salamencite,7,items,,
salt,9,picnic-items,scarlet-violet,
salty-herba-mystica,9,picnic-items,scarlet-violet,
sandshrew-candy,7,candy-jar,lets-go-pikachu-lets-go-eevee,
sandwich,9,key-items,scarlet-violet,
sapphire,3,key-items,firered-leafgreen,
sapphire,3,key-items,emerald,emerald
sassy-mint,8,items,sword-shield,
sassy-mint,9,items,scarlet-violet,
sausages,8,ingredients,sword-shield,
scanner,3,key-items,,
scanner,6,key-items,omega-ruby-alpha-sapphire,
scanner,7,key-items,,
scarlet-book,9,key-items,scarlet-violet,
sceptilite,6,items,omega-ruby-alpha-sapphire,
sceptilite,7,items,,
scizorite,6,items,,
scizorite,7,items,,
scope-lens,2,items,,
scope-lens,3,items,,
scope-lens,4,items,,
scope-lens,5,items,,
scope-lens,6,items,,
scope-lens,7,items,,
scope-lens,8,items,,
scope-lens,9,items,,
scroll-of-darkness,9,key-items,scarlet-violet,
scroll-of-waters,9,key-items,scarlet-violet,
scyther-candy,7,candy-jar,lets-go-pikachu-lets-go-eevee,
sea-incense,3,items,,
sea-incense,4,items,,
sea-incense,5,items,,
sea-incense,6,items,,
sea-incense,7,items,,
sea-incense,8,items,sword-shield,
secret-key,1,key-items,,
secret-key,3,key-items,firered-leafgreen,
secret-key,3,key-items,emerald,emerald
secret-key,7,items,lets-go-pikachu-lets-go-eevee,
secret-key-sinnoh,4,key-items,platinum,platinum
secret-key-sinnoh,5,key-items,,
secret-key-sinnoh,6,key-items,,
secret-key-sinnoh,7,key-items,,
secret-key-sinnoh,8,key-items,brilliant-diamond-shining-pearl,
secret-medicine,2,key-items,,
secret-medicine,4,key-items,,
secret-medicine,5,key-items,,
secret-medicine,6,key-items,,
secret-medicine,7,key-items,,
secret-medicine,8,key-items,brilliant-diamond-shining-pearl,
seel-candy,7,candy-jar,lets-go-pikachu-lets-go-eevee,
serious-mint,8,items,sword-shield,
serious-mint,9,items,scarlet-violet,
shaderoot-carrot,8,key-items,,
shadow-mail,3,items,,
shalour-sable,6,medicine,,
shalour-sable,7,medicine,,
shalour-sable,8,medicine,,
shalour-sable,9,medicine,,
sharp-beak,2,items,,
sharp-beak,3,items,,
sharp-beak,4,items,,
sharp-beak,5,items,,
sharp-beak,6,items,,
sharp-beak,7,items,,
sharp-beak,8,items,,
sharp-beak,9,items,,
sharpedonite,6,items,omega-ruby-alpha-sapphire,
sharpedonite,7,items,,
shed-shell,4,items,,
shed-shell,5,items,,
shed-shell,6,items,,
shed-shell,7,items,,
shed-shell,8,items,,
shed-shell,9,items,,
shell-bell,3,items,,
shell-bell,4,items,,
shell-bell,5,items,,
shell-bell,6,items,,
shell-bell,7,items,,
shell-bell,8,items,,
shell-bell,9,items,,
shellder-candy,7,candy-jar,lets-go-pikachu-lets-go-eevee,
shiny-charm,5,key-items,black-2-white-2,
shiny-charm,6,key-items,,
shiny-charm,7,key-items,,
shiny-charm,8,key-items,,
shiny-charm,9,key-items,,
shiny-stone,4,items,,
shiny-stone,8,items,,
shiny-stone,9,items,,
shoal-salt,3,items,,
shoal-salt,4,items,,
shoal-salt,5,items,,
shoal-salt,6,items,,
shoal-salt,7,items,,
shoal-shell,3,items,,
shoal-shell,4,items,,
shoal-shell,5,items,,
shoal-shell,6,items,,
shoal-shell,7,items,,
shock-drive,5,held-items,,
shock-drive,6,items,,
shock-drive,7,items,,
shuca-berry,4,berries,,
shuca-berry,5,berries,,
shuca-berry,6,berries,,
shuca-berry,7,berries,,
shuca-berry,8,berries,,
shuca-berry,9,berries,,
silk-scarf,3,items,,
silk-scarf,4,items,,
silk-scarf,5,items,,
silk-scarf,6,items,,
silk-scarf,7,items,,
silk-scarf,8,items,,
silk-scarf,9,items,,
silph-scope,1,key-items,,
silph-scope,3,key-items,firered-leafgreen,
silph-scope,7,items,lets-go-pikachu-lets-go-eevee,
silver-bottle,9,picnic-items,scarlet-violet,
silver-cup,9,picnic-items,scarlet-violet,
silver-feather,2,key-items,,
silver-feather,4,key-items,heartgold-soulsilver,
silver-feather,5,key-items,,
silver-feather,6,key-items,,
silver-feather,7,key-items,,
silver-leaf,2,items,,
silver-leaf,7,items,,
silver-nanab-berry,7,catching-pocket,,
silver-pick,9,picnic-items,,
silver-pinap-berry,7,catching-pocket,,
silver-powder,2,items,,
silver-powder,3,items,,
silver-powder,4,items,,
silver-powder,5,items,,
silver-powder,6,items,,
silver-powder,7,items,,
silver-powder,8,items,,
silver-powder,9,items,,
silver-razz-berry,7,catching-pocket,,
simple-chairs,9,picnic-items,scarlet-violet,
sitrus-berry,3,berries,ruby-sapphire,
sitrus-berry,3,berries,emerald,emerald
sitrus-berry,3,berry-pouch,firered-leafgreen,
sitrus-berry,4,berries,,
skull-fossil,4,items,,
skull-fossil,5,items,,
skull-fossil,6,items,,
skull-fossil,7,items,,
skull-fossil,8,treasures,brilliant-diamond-shining-pearl,
sky-plate,4,items,,
sky-plate,5,items,,
sky-plate,6,items,,
sky-plate,7,items,,
sky-plate,8,items,brilliant-diamond-shining-pearl,
sky-plate,9,items,,
slowbronite,6,items,omega-ruby-alpha-sapphire,
slowbronite,7,items,,
slowpoke-candy,7,candy-jar,lets-go-pikachu-lets-go-eevee,
slowpoke-cup,9,picnic-items,scarlet-violet,
slowpoke-tail,2,items,,
slowpoke-tail,4,key-items,heartgold-soulsilver,
slowpoke-tail,5,key-items,,
slowpoke-tail,6,key-items,,
slowpoke-tail,7,key-items,,
small-bouquet,7,items,,
smart-candy,7,candy-jar,,
smart-candy-l,7,candy-jar,,
smart-candy-xl,7,candy-jar,,
smiling-vee-pick,9,picnic-items,,
smoke-ball,2,items,,
smoke-ball,3,items,,
smoke-ball,4,items,,
smoke-ball,5,items,,
smoke-ball,6,items,,
smoke-ball,7,items,,
smoke-ball,8,items,,
smoke-ball,9,items,,
smoke-poke-tail,8,ingredients,sword-shield,
smoked-fillet,9,picnic-items,scarlet-violet,
smooth-rock,4,items,,
smooth-rock,5,items,,
smooth-rock,6,items,,
smooth-rock,7,items,,
smooth-rock,8,items,,
smooth-rock,9,items,,
snorlax-candy,7,candy-jar,lets-go-pikachu-lets-go-eevee,
snorlium-z--held,7,z-crystals,,
snow-mail,4,mail,,
snowball,6,items,,
snowball,7,items,,
snowball,8,items,sword-shield,
snowball,9,items,,
soda-pop,1,items,,
soda-pop,4,medicine,,
soft-sand,2,items,,
soft-sand,3,items,,
soft-sand,4,items,,
soft-sand,5,items,,
soft-sand,6,items,,
soft-sand,7,items,,
soft-sand,8,items,,
soft-sand,9,items,,
solgaleo-treat,9,key-items,scarlet-violet,
solganium-z--held,7,z-crystals,ultra-sun-ultra-moon,
sonias-book,8,key-items,sword-shield,
soot-sack,3,key-items,,
soot-sack,6,key-items,omega-ruby-alpha-sapphire,
soot-sack,7,key-items,,
soothe-bell,3,items,,
soothe-bell,4,items,,
soothe-bell,5,items,,
soothe-bell,6,items,,
soothe-bell,7,items,,
soothe-bell,8,items,,
soothe-bell,9,items,,
soul-dew,3,items,,
soul-dew,4,items,,
soul-dew,5,items,,
soul-dew,6,items,,
soul-dew,7,items,,
soul-dew,8,items,sword-shield,
soul-slate,8,treasures,brilliant-diamond-shining-pearl,
sour-herba-mystica,9,picnic-items,scarlet-violet,
space-mail,4,mail,,
sparkling-stone,7,key-items,,
spearow-candy,7,candy-jar,lets-go-pikachu-lets-go-eevee,
spectrier-treat,9,key-items,scarlet-violet,
spell-tag,2,items,,
spell-tag,3,items,,
spell-tag,4,items,,
spell-tag,5,items,,
spell-tag,6,items,,
spell-tag,7,items,,
spell-tag,8,items,,
spell-tag,9,items,,
spelon-berry,3,berries,ruby-sapphire,
spelon-berry,3,berries,emerald,emerald
spelon-berry,3,berry-pouch,firered-leafgreen,
spelon-berry,4,berries,,
spelon-berry,5,berries,,
spelon-berry,6,berries,,
spelon-berry,7,berries,,
spelon-berry,8,berries,,
spice-mix,8,ingredients,sword-shield,
spicy-herba-mystica,9,picnic-items,scarlet-violet,
splash-plate,4,items,,
splash-plate,5,items,,
splash-plate,6,items,,
splash-plate,7,items,,
splash-plate,8,items,brilliant-diamond-shining-pearl,
splash-plate,9,items,,
spooky-chairs,9,picnic-items,scarlet-violet,
spooky-plate,4,items,,
spooky-plate,5,items,,
spooky-plate,6,items,,
spooky-plate,7,items,,
spooky-plate,8,items,brilliant-diamond-shining-pearl,
spooky-plate,9,items,,
spooky-tablecloth,9,picnic-items,scarlet-violet,
sport-ball,2,poke-balls,,
sport-ball,4,poke-balls,heartgold-soulsilver,
sport-ball,5,items,,
sport-ball,6,items,,
sport-ball,7,items,,
sport-ball,8,poke-balls,,
sport-ball,9,poke-balls,,
sprayduck,4,key-items,,
sprayduck,5,key-items,,
sprayduck,6,key-items,,
sprayduck,7,key-items,,
sprayduck,8,key-items,brilliant-diamond-shining-pearl,
sprinklotad,6,key-items,,
sprinklotad,7,key-items,,
squall-slate,8,treasures,,
squirt-bottle,2,key-items,,
squirt-bottle,4,key-items,heartgold-soulsilver,
squirt-bottle,5,key-items,,
squirt-bottle,6,key-items,,
squirt-bottle,7,key-items,,
squirtle-candy,7,candy-jar,lets-go-pikachu-lets-go-eevee,
ss-ticket,1,key-items,,
ss-ticket,2,key-items,,
ss-ticket,3,key-items,,
ss-ticket,4,key-items,,
ss-ticket,5,key-items,,
ss-ticket,6,key-items,,
ss-ticket,7,items,,
stable-mulch,4,items,,
stable-mulch,5,items,,
stable-mulch,6,items,,
stable-mulch,7,items,,
star-piece,2,items,,
star-piece,3,items,,
star-piece,4,items,,
star-piece,5,items,,
star-piece,6,items,,
star-piece,7,items,,
star-piece,8,treasures,sword-shield,
star-piece,9,treasures,scarlet-violet,
star-sweet,8,items,sword-shield,
stardust,2,items,,
stardust,8,treasures,sword-shield,
stardust,9,treasures,scarlet-violet,
starf-berry,3,berries,ruby-sapphire,
starf-berry,3,berries,emerald,emerald
starf-berry,3,berry-pouch,firered-leafgreen,
starf-berry,4,berries,,
starf-berry,5,berries,,
starf-berry,6,berries,,
starf-berry,7,berries,,
starf-berry,8,berries,,
starf-berry,9,berries,,
staryu-candy,7,candy-jar,lets-go-pikachu-lets-go-eevee,
steel-bottle-b,9,picnic-items,scarlet-violet,
steel-bottle-r,9,picnic-items,scarlet-violet,
steel-bottle-y,9,picnic-items,,
steel-gem,5,items,,
steel-gem,6,items,,
steel-gem,7,items,,
steel-mail,4,mail,,
steel-memory,7,items,,
steel-memory,8,items,,
steel-tera-shard,9,items,,
steelium-z--held,7,z-crystals,,
steelixite,6,items,omega-ruby-alpha-sapphire,
steelixite,7,items,,
stellar-tera-shard,9,items,,
sticker-case,4,key-items,,
sticker-case,5,key-items,,
sticker-case,6,key-items,,
sticker-case,7,key-items,,
sticky-barb,4,items,,
sticky-barb,5,items,,
sticky-barb,6,items,,
sticky-barb,7,items,,
sticky-barb,8,items,,
sticky-barb,9,items,,
sticky-glob,8,items,,
stone-plate,4,items,,
stone-plate,5,items,,
stone-plate,6,items,,
stone-plate,7,items,,
stone-plate,8,items,brilliant-diamond-shining-pearl,
stone-plate,9,items,,
storage-key,3,key-items,,
storage-key,6,key-items,omega-ruby-alpha-sapphire,
storage-key,7,key-items,,
storage-key--galactic-warehouse,4,key-items,,
storage-key--galactic-warehouse,5,key-items,,
storage-key--galactic-warehouse,6,key-items,,
storage-key--galactic-warehouse,7,key-items,,
storage-key--galactic-warehouse,8,key-items,brilliant-diamond-shining-pearl,
strange-ball,8,poke-balls,,
strange-ball,9,poke-balls,,
strange-souvenir,6,items,,
strange-souvenir,7,items,,
stratospheric-slate,8,treasures,,
strawberry,9,picnic-items,scarlet-violet,
strawberry-sweet,8,items,sword-shield,
stretchy-spring,7,items,,
striped-bottle,9,picnic-items,scarlet-violet,
striped-chairs,9,picnic-items,scarlet-violet,
striped-cup,9,picnic-items,scarlet-violet,
striped-tablecloth,9,picnic-items,scarlet-violet,
style-card,8,key-items,sword-shield,
suicune-treat,9,key-items,,
suite-key,4,key-items,,
suite-key,5,key-items,,
suite-key,6,key-items,,
suite-key,7,key-items,,
suite-key,8,key-items,brilliant-diamond-shining-pearl,
sun-flute,7,key-items,,
sun-stone,2,items,,
sun-stone,3,items,,
sun-stone,4,items,,
sun-stone,5,items,,
sun-stone,6,items,,
sun-stone,7,items,,
sun-stone,8,items,,
sun-stone,9,items,,
sunrise-flower-pick,9,picnic-items,scarlet-violet,
sunset-flower-pick,9,picnic-items,scarlet-violet,
super-lure,7,items,,
super-potion,1,items,,
super-potion,2,items,,
super-potion,3,items,,
super-potion,4,medicine,,
super-potion,5,medicine,,
super-potion,6,medicine,,
super-potion,7,medicine,,
super-potion,8,medicine,,
super-potion,9,medicine,,
super-repel,1,items,,
super-repel,2,items,,
super-repel,3,items,,
super-repel,4,items,,
super-repel,5,items,,
super-repel,6,items,,
super-repel,7,items,,
super-repel,8,items,sword-shield,
super-rod,1,key-items,,
super-rod,2,key-items,,
super-rod,3,key-items,,
super-rod,4,key-items,,
super-rod,5,key-items,,
super-rod,6,key-items,,
super-rod,7,key-items,,
super-rod,8,key-items,brilliant-diamond-shining-pearl,
superb-remedy,8,medicine,,
surf-mail,2,items,,
surge-badge,7,key-items,ultra-sun-ultra-moon,
surprise-mulch,6,items,,
surprise-mulch,7,items,,
swampertite,6,items,omega-ruby-alpha-sapphire,
swampertite,7,items,,
swap-snack,8,items,,
sweet-apple,8,items,sword-shield,
sweet-apple,9,items,scarlet-violet,
sweet-heart,5,medicine,,
sweet-heart,6,medicine,,
sweet-heart,7,medicine,,
sweet-heart,8,medicine,,
sweet-herba-mystica,9,picnic-items,scarlet-violet,
swift-wing,5,medicine,,
swift-wing,6,medicine,,
swift-wing,7,medicine,,
swift-wing,8,items,sword-shield,
swift-wing,9,items,scarlet-violet,
swift-mochi,9,items,scarlet-violet,
synchro-machine,9,key-items,scarlet-violet,
syrupy-apple,9,items,scarlet-violet,
tamato-berry,3,berries,ruby-sapphire,
tamato-berry,3,berries,emerald,emerald
tamato-berry,3,berry-pouch,firered-leafgreen,
tamato-berry,4,berries,,
tamato-berry,5,berries,,
tamato-berry,6,berries,,
tamato-berry,7,berries,,
tamato-berry,8,berries,,
tamato-berry,9,berries,,
tanga-berry,4,berries,,
tanga-berry,5,berries,,
tanga-berry,6,berries,,
tanga-berry,7,berries,,
tanga-berry,8,berries,,
tanga-berry,9,berries,,
tangela-candy,7,candy-jar,lets-go-pikachu-lets-go-eevee,
tapunium-z--held,7,z-crystals,,
tart-apple,8,items,sword-shield,
tart-apple,9,items,scarlet-violet,
tauros-candy,7,candy-jar,lets-go-pikachu-lets-go-eevee,
tea,3,key-items,firered-leafgreen,
tea,3,key-items,emerald,emerald
tea,7,items,lets-go-pikachu-lets-go-eevee,
teachy-tv,3,key-items,firered-leafgreen,
teachy-tv,3,key-items,emerald,emerald
teal-mask,9,key-items,scarlet-violet,
teal-style-card,9,key-items,,
tectonic-slate,8,treasures,brilliant-diamond-shining-pearl,
tempting-charm,8,items,,
tentacool-candy,7,candy-jar,lets-go-pikachu-lets-go-eevee,
tera-orb,9,key-items,scarlet-violet,
terrain-extender,7,items,,
terrain-extender,8,items,,
terrain-extender,9,items,,
terrakion-treat,9,key-items,scarlet-violet,
teru-sama,2,items,,
thanks-mail,5,items,,
thick-club,2,items,,
thick-club,8,items,sword-shield,
throat-spray,8,items,sword-shield,
throat-spray,9,items,scarlet-violet,
thunder-stone,1,items,,
thunder-stone,8,items,sword-shield,
thunder-stone,9,items,scarlet-violet,
tidal-bell,4,key-items,heartgold-soulsilver,
tidal-bell,5,key-items,,
tidal-bell,6,key-items,,
tidal-bell,7,key-items,,
timer-ball,3,poke-balls,,
timer-ball,4,poke-balls,,
timer-ball,5,poke-balls,,
timer-ball,6,items,,
timer-ball,7,items,,
timer-ball,8,poke-balls,,
timer-ball,9,poke-balls,,
timid-mint,8,items,sword-shield,
timid-mint,9,items,scarlet-violet,
tin-of-beans,8,ingredients,sword-shield,
tiny-bamboo-shoot,9,treasures,scarlet-violet,
tiny-mushroom,2,items,,
tiny-mushroom,3,items,,
tiny-mushroom,4,items,,
tiny-mushroom,5,items,,
tiny-mushroom,6,items,,
tiny-mushroom,7,items,,
tiny-mushroom,8,treasures,,
tiny-mushroom,9,treasures,,
tm-case,3,key-items,firered-leafgreen,
tm-case,3,key-items,emerald,emerald
tm00,8,tms,sword-shield,
tm01,1,items,,
tm01,2,tms-and-hms,,
tm01,3,tms-and-hms,emerald,emerald
tm01,3,tms-and-hms,ruby-sapphire,
tm01,3,tm-case,firered-leafgreen,
tm01,4,tms-and-hms,,
tm01,5,tms-and-hms,,
tm01,6,tms-and-hms,,
tm01,7,tms,sun-moon,
tm01,7,tms,ultra-sun-ultra-moon,
tm01,8,tms,,
tm01,9,tms,,
tm02,1,items,red-blue,
tm02,2,tms-and-hms,gold-silver,
tm02,3,tms-and-hms,ruby-sapphire,
tm02,3,tm-case,firered-leafgreen,
tm02,4,tms-and-hms,diamond-pearl,
tm02,5,tms-and-hms,black-white,
tm02,6,tms-and-hms,x-y,
tm02,7,tms,sun-moon,
tm02,8,tms,sword-shield,
tm02,9,tms,scarlet-violet,
tm03,1,items,,
tm03,2,tms-and-hms,,
tm03,3,tms-and-hms,ruby-sapphire,
tm03,3,tms-and-hms,emerald,emerald
tm03,3,tm-case,firered-leafgreen,
tm03,4,tms-and-hms,,
tm03,5,tms-and-hms,,
tm03,6,tms-and-hms,,
tm03,7,tms,sun-moon,
tm03,7,tms,ultra-sun-ultra-moon,
tm03,8,tms,,
tm03,9,tms,,
tm04,1,items,red-blue,
tm04,2,tms-and-hms,gold-silver,
tm04,3,tms-and-hms,ruby-sapphire,
tm04,4,tms-and-hms,diamond-pearl,
tm04,5,tms-and-hms,black-white,
tm04,6,tms-and-hms,x-y,
tm04,7,tms,sun-moon,
tm04,8,tms,sword-shield,
tm04,9,tms,scarlet-violet,
tm05,1,items,,
tm05,2,tms-and-hms,,
tm05,3,tms-and-hms,ruby-sapphire,
tm05,3,tms-and-hms,emerald,emerald
tm05,3,tm-case,firered-leafgreen,
tm05,4,tms-and-hms,,
tm05,5,tms-and-hms,,
tm05,6,tms-and-hms,,
tm05,7,tms,sun-moon,
tm05,7,tms,ultra-sun-ultra-moon,
tm05,8,tms,,
tm05,9,tms,,
tm06,1,items,,
tm06,2,tms-and-hms,,
tm06,3,tms-and-hms,ruby-sapphire,
tm06,3,tms-and-hms,emerald,emerald
tm06,3,tm-case,firered-leafgreen,
tm06,4,tms-and-hms,,
tm06,5,tms-and-hms,,
tm06,6,tms-and-hms,,
tm06,7,tms,sun-moon,
tm06,7,tms,ultra-sun-ultra-moon,
tm06,8,tms,,
tm06,9,tms,,
tm07,1,items,,
tm07,2,tms-and-hms,,
tm07,3,tms-and-hms,ruby-sapphire,
tm07,3,tms-and-hms,emerald,emerald
tm07,3,tm-case,firered-leafgreen,
tm07,4,tms-and-hms,,
tm07,5,tms-and-hms,,
tm07,6,tms-and-hms,,
tm07,7,tms,sun-moon,
tm07,7,tms,ultra-sun-ultra-moon,
tm07,8,tms,,
tm07,9,tms,,
tm08,1,items,,
tm08,2,tms-and-hms,,
tm08,3,tms-and-hms,ruby-sapphire,
tm08,3,tms-and-hms,emerald,emerald
tm08,3,tm-case,firered-leafgreen,
tm08,4,tms-and-hms,,
tm08,5,tms-and-hms,,
tm08,6,tms-and-hms,,
tm08,7,tms,sun-moon,
tm08,7,tms,ultra-sun-ultra-moon,
tm08,7,tm-case,lets-go-pikachu-lets-go-eevee,
tm08,8,tms,,
tm08,9,tms,,
tm09,1,items,,
tm09,2,tms-and-hms,,
tm09,3,tms-and-hms,ruby-sapphire,
tm09,3,tms-and-hms,emerald,emerald
tm09,3,tm-case,firered-leafgreen,
tm09,4,tms-and-hms,,
tm09,5,tms-and-hms,,
tm09,6,tms-and-hms,,
tm09,7,tms,sun-moon,
tm09,7,tms,ultra-sun-ultra-moon,
tm09,8,tms,,
tm09,9,tms,,
tm10,1,items,,
tm10,2,tms-and-hms,,
tm10,3,tms-and-hms,ruby-sapphire,
tm10,3,tms-and-hms,emerald,emerald
tm10,3,tm-case,firered-leafgreen,
tm10,4,tms-and-hms,,
tm10,5,tms-and-hms,,
tm10,6,tms-and-hms,,
tm10,7,tms,sun-moon,
tm10,7,tms,ultra-sun-ultra-moon,
tm10,8,tms,,
tm10,9,tms,,
tm11,1,items,,
tm11,2,tms-and-hms,,
tm11,3,tms-and-hms,ruby-sapphire,
tm11,3,tms-and-hms,emerald,emerald
tm11,3,tm-case,firered-leafgreen,
tm11,4,tms-and-hms,,
tm11,5,tms-and-hms,,
tm11,6,tms-and-hms,,
tm11,7,tms,sun-moon,
tm11,7,tms,ultra-sun-ultra-moon,
tm11,7,tm-case,lets-go-pikachu-lets-go-eevee,
tm11,8,tms,,
tm11,9,tms,,
tm12,1,items,,
tm12,2,tms-and-hms,,
tm12,3,tms-and-hms,ruby-sapphire,
tm12,3,tms-and-hms,emerald,emerald
tm12,3,tm-case,firered-leafgreen,
tm12,4,tms-and-hms,,
tm12,5,tms-and-hms,,
tm12,6,tms-and-hms,,
tm12,7,tms,sun-moon,
tm12,7,tms,ultra-sun-ultra-moon,
tm12,8,tms,,
tm12,9,tms,,
tm13,1,items,,
tm13,2,tms-and-hms,,
tm13,3,tms-and-hms,ruby-sapphire,
tm13,3,tms-and-hms,emerald,emerald
tm13,3,tm-case,firered-leafgreen,
tm13,4,tms-and-hms,,
tm13,5,tms-and-hms,,
tm13,6,tms-and-hms,,
tm13,7,tms,sun-moon,
tm13,7,tms,ultra-sun-ultra-moon,
tm13,8,tms,,
tm13,9,tms,,
tm14,1,items,red-blue,
tm14,2,tms-and-hms,gold-silver,
tm14,3,tms-and-hms,ruby-sapphire,
tm14,3,tm-case,firered-leafgreen,
tm14,4,tms-and-hms,diamond-pearl,
tm14,5,tms-and-hms,black-white,
tm14,6,tms-and-hms,x-y,
tm14,7,tms,sun-moon,
tm14,8,tms,sword-shield,
tm14,9,tms,scarlet-violet,
tm15,1,items,,
tm15,1,items,red-blue,
tm15,1,items,yellow,yellow
tm15,2,tms-and-hms,,
tm15,2,tms-and-hms,gold-silver,
tm15,2,tms-and-hms,crystal,crystal
tm15,3,tm-case,firered-leafgreen,
tm15,3,tms-and-hms,emerald,emerald
tm15,3,tms-and-hms,ruby-sapphire,
tm15,4,tms-and-hms,,
tm15,5,tms-and-hms,,
tm15,6,tms-and-hms,,
tm15,7,tms,sun-moon,
tm15,7,tms,ultra-sun-ultra-moon,
tm15,7,tm-case,lets-go-pikachu-lets-go-eevee,
tm15,8,tms,sword-shield,
tm15,8,tms,,
tm15,9,tms,,
tm15,9,tms,scarlet-violet,
tm16,1,items,red-blue,
tm16,2,tms-and-hms,gold-silver,
tm16,3,tms-and-hms,emerald,emerald
tm16,3,tms-and-hms,ruby-sapphire,
tm16,4,tms-and-hms,diamond-pearl,
tm16,4,tms-and-hms,platinum,platinum
tm16,5,tms-and-hms,black-white,
tm16,6,tms-and-hms,x-y,
tm16,7,tms,sun-moon,
tm16,7,tms,ultra-sun-ultra-moon,
tm16,8,tms,sword-shield,
tm16,9,tms,scarlet-violet,
tm17,1,items,,
tm17,2,tms-and-hms,,
tm17,3,tms-and-hms,ruby-sapphire,
tm17,3,tms-and-hms,emerald,emerald
tm17,3,tm-case,firered-leafgreen,
tm17,4,tms-and-hms,,
tm17,5,tms-and-hms,,
tm17,6,tms-and-hms,,
tm17,7,tms,sun-moon,
tm17,7,tms,ultra-sun-ultra-moon,
tm17,7,tm-case,lets-go-pikachu-lets-go-eevee,
tm17,8,tms,,
tm17,9,tms,,
tm18,1,items,,
tm18,2,tms-and-hms,,
tm18,3,tms-and-hms,ruby-sapphire,
tm18,3,tms-and-hms,emerald,emerald
tm18,3,tm-case,firered-leafgreen,
tm18,4,tms-and-hms,,
tm18,5,tms-and-hms,,
tm18,6,tms-and-hms,,
tm18,7,tms,sun-moon,
tm18,7,tms,ultra-sun-ultra-moon,
tm18,8,tms,,
tm18,9,tms,,
tm19,1,items,,
tm19,2,tms-and-hms,,
tm19,3,tms-and-hms,ruby-sapphire,
tm19,3,tms-and-hms,emerald,emerald
tm19,3,tm-case,firered-leafgreen,
tm19,4,tms-and-hms,,
tm19,5,tms-and-hms,,
tm19,6,tms-and-hms,,
tm19,7,tms,sun-moon,
tm19,7,tms,ultra-sun-ultra-moon,
tm19,8,tms,,
tm19,9,tms,,
tm20,1,items,,
tm20,2,tms-and-hms,,
tm20,3,tms-and-hms,ruby-sapphire,
tm20,3,tms-and-hms,emerald,emerald
tm20,3,tm-case,firered-leafgreen,
tm20,4,tms-and-hms,,
tm20,5,tms-and-hms,,
tm20,6,tms-and-hms,,
tm20,7,tms,sun-moon,
tm20,7,tms,ultra-sun-ultra-moon,
tm20,8,tms,,
tm20,9,tms,,
tm21,1,items,red-blue,
tm21,2,tms-and-hms,gold-silver,
tm21,3,tms-and-hms,ruby-sapphire,
tm21,4,tms-and-hms,diamond-pearl,
tm21,5,tms-and-hms,black-white,
tm21,6,tms-and-hms,x-y,
tm21,7,tms,sun-moon,
tm21,8,tms,sword-shield,
tm21,9,tms,scarlet-violet,
tm22,1,items,,
tm22,2,tms-and-hms,,
tm22,3,tms-and-hms,ruby-sapphire,
tm22,3,tms-and-hms,emerald,emerald
tm22,3,tm-case,firered-leafgreen,
tm22,4,tms-and-hms,,
tm22,5,tms-and-hms,,
tm22,6,tms-and-hms,,
tm22,7,tms,sun-moon,
tm22,7,tms,ultra-sun-ultra-moon,
tm22,8,tms,,
tm22,9,tms,,
tm23,1,items,,
tm23,2,tms-and-hms,,
tm23,3,tms-and-hms,ruby-sapphire,
tm23,3,tms-and-hms,emerald,emerald
tm23,3,tm-case,firered-leafgreen,
tm23,4,tms-and-hms,,
tm23,5,tms-and-hms,,
tm23,6,tms-and-hms,,
tm23,7,tms,sun-moon,
tm23,7,tms,ultra-sun-ultra-moon,
tm23,8,tms,,
tm23,9,tms,,
tm24,1,items,,
tm24,2,tms-and-hms,,
tm24,3,tms-and-hms,ruby-sapphire,
tm24,3,tms-and-hms,emerald,emerald
tm24,3,tm-case,firered-leafgreen,
tm24,4,tms-and-hms,,
tm24,5,tms-and-hms,,
tm24,6,tms-and-hms,,
tm24,7,tms,sun-moon,
tm24,7,tms,ultra-sun-ultra-moon,
tm24,8,tms,,
tm24,9,tms,,
tm25,1,items,red-blue,
tm25,2,tms-and-hms,gold-silver,
tm25,3,tms-and-hms,ruby-sapphire,
tm25,4,tms-and-hms,diamond-pearl,
tm25,5,tms-and-hms,black-white,
tm25,6,tms-and-hms,x-y,
tm25,7,tms,sun-moon,
tm25,8,tms,sword-shield,
tm25,9,tms,scarlet-violet,
tm26,1,items,red-blue,
tm26,2,tms-and-hms,gold-silver,
tm26,3,tms-and-hms,ruby-sapphire,
tm26,3,tm-case,firered-leafgreen,
tm26,4,tms-and-hms,diamond-pearl,
tm26,5,tms-and-hms,black-white,
tm26,6,tms-and-hms,x-y,
tm26,7,tms,sun-moon,
tm26,8,tms,sword-shield,
tm26,9,tms,scarlet-violet,
tm27,1,items,,
tm27,2,tms-and-hms,,
tm27,3,tms-and-hms,ruby-sapphire,
tm27,3,tms-and-hms,emerald,emerald
tm27,3,tm-case,firered-leafgreen,
tm27,4,tms-and-hms,,
tm27,5,tms-and-hms,,
tm27,6,tms-and-hms,,
tm27,7,tms,sun-moon,
tm27,7,tms,ultra-sun-ultra-moon,
tm27,8,tms,,
tm27,9,tms,,
tm28,1,items,,
tm28,2,tms-and-hms,,
tm28,3,tms-and-hms,ruby-sapphire,
tm28,3,tms-and-hms,emerald,emerald
tm28,3,tm-case,firered-leafgreen,
tm28,4,tms-and-hms,,
tm28,5,tms-and-hms,,
tm28,6,tms-and-hms,,
tm28,7,tms,sun-moon,
tm28,7,tms,ultra-sun-ultra-moon,
tm28,8,tms,,
tm28,9,tms,,
tm29,1,items,red-blue,
tm29,2,tms-and-hms,gold-silver,
tm29,3,tms-and-hms,ruby-sapphire,
tm29,3,tm-case,firered-leafgreen,
tm29,4,tms-and-hms,diamond-pearl,
tm29,5,tms-and-hms,black-white,
tm29,6,tms-and-hms,x-y,
tm29,7,tms,sun-moon,
tm29,8,tms,sword-shield,
tm29,9,tms,scarlet-violet,
tm30,1,items,,
tm30,2,tms-and-hms,,
tm30,3,tms-and-hms,ruby-sapphire,
tm30,3,tms-and-hms,emerald,emerald
tm30,3,tm-case,firered-leafgreen,
tm30,4,tms-and-hms,,
tm30,5,tms-and-hms,,
tm30,6,tms-and-hms,,
tm30,7,tms,sun-moon,
tm30,7,tms,ultra-sun-ultra-moon,
tm30,8,tms,,
tm30,9,tms,,
tm31,1,items,,
tm31,2,tms-and-hms,,
tm31,3,tms-and-hms,ruby-sapphire,
tm31,3,tms-and-hms,emerald,emerald
tm31,3,tm-case,firered-leafgreen,
tm31,4,tms-and-hms,,
tm31,5,tms-and-hms,,
tm31,6,tms-and-hms,,
tm31,7,tms,sun-moon,
tm31,7,tms,ultra-sun-ultra-moon,
tm31,8,tms,,
tm31,9,tms,,
tm32,1,items,,
tm32,2,tms-and-hms,,
tm32,3,tms-and-hms,ruby-sapphire,
tm32,3,tms-and-hms,emerald,emerald
tm32,3,tm-case,firered-leafgreen,
tm32,4,tms-and-hms,,
tm32,5,tms-and-hms,,
tm32,6,tms-and-hms,,
tm32,7,tms,sun-moon,
tm32,7,tms,ultra-sun-ultra-moon,
tm32,8,tms,,
tm32,9,tms,,
tm33,1,items,,
tm33,2,tms-and-hms,,
tm33,3,tms-and-hms,ruby-sapphire,
tm33,3,tms-and-hms,emerald,emerald
tm33,3,tm-case,firered-leafgreen,
tm33,4,tms-and-hms,,
tm33,5,tms-and-hms,,
tm33,6,tms-and-hms,,
tm33,7,tms,sun-moon,
tm33,7,tms,ultra-sun-ultra-moon,
tm33,8,tms,,
tm33,9,tms,,
tm34,1,items,,
tm34,2,tms-and-hms,,
tm34,3,tms-and-hms,ruby-sapphire,
tm34,3,tms-and-hms,emerald,emerald
tm34,3,tm-case,firered-leafgreen,
tm34,4,tms-and-hms,,
tm34,5,tms-and-hms,,
tm34,6,tms-and-hms,,
tm34,7,tms,sun-moon,
tm34,7,tms,ultra-sun-ultra-moon,
tm34,8,tms,,
tm34,9,tms,,
tm35,1,items,,
tm35,2,tms-and-hms,,
tm35,3,tms-and-hms,ruby-sapphire,
tm35,3,tms-and-hms,emerald,emerald
tm35,3,tm-case,firered-leafgreen,
tm35,4,tms-and-hms,,
tm35,5,tms-and-hms,,
tm35,6,tms-and-hms,,
tm35,7,tms,sun-moon,
tm35,7,tms,ultra-sun-ultra-moon,
tm35,8,tms,,
tm35,9,tms,,
tm36,1,items,,
tm36,2,tms-and-hms,,
tm36,3,tms-and-hms,ruby-sapphire,
tm36,3,tms-and-hms,emerald,emerald
tm36,3,tm-case,firered-leafgreen,
tm36,4,tms-and-hms,,
tm36,5,tms-and-hms,,
tm36,6,tms-and-hms,,
tm36,7,tms,sun-moon,
tm36,7,tms,ultra-sun-ultra-moon,
tm36,8,tms,,
tm36,9,tms,,
tm37,1,items,,
tm37,2,tms-and-hms,,
tm37,3,tms-and-hms,ruby-sapphire,
tm37,3,tms-and-hms,emerald,emerald
tm37,3,tm-case,firered-leafgreen,
tm37,4,tms-and-hms,,
tm37,5,tms-and-hms,,
tm37,6,tms-and-hms,,
tm37,7,tms,sun-moon,
tm37,7,tms,ultra-sun-ultra-moon,
tm37,8,tms,,
tm37,9,tms,,
tm38,1,items,,
tm38,2,tms-and-hms,,
tm38,3,tms-and-hms,ruby-sapphire,
tm38,3,tms-and-hms,emerald,emerald
tm38,3,tm-case,firered-leafgreen,
tm38,4,tms-and-hms,,
tm38,5,tms-and-hms,,
tm38,6,tms-and-hms,,
tm38,7,tms,sun-moon,
tm38,7,tms,ultra-sun-ultra-moon,
tm38,8,tms,,
tm38,9,tms,,
tm39,1,items,,
tm39,2,tms-and-hms,,
tm39,3,tms-and-hms,ruby-sapphire,
tm39,3,tms-and-hms,emerald,emerald
tm39,3,tm-case,firered-leafgreen,
tm39,4,tms-and-hms,,
tm39,5,tms-and-hms,,
tm39,6,tms-and-hms,,
tm39,7,tms,sun-moon,
tm39,7,tms,ultra-sun-ultra-moon,
tm39,7,tm-case,lets-go-pikachu-lets-go-eevee,
tm39,8,tms,,
tm39,9,tms,,
tm40,1,items,,
tm40,2,tms-and-hms,,
tm40,3,tms-and-hms,ruby-sapphire,
tm40,3,tms-and-hms,emerald,emerald
tm40,3,tm-case,firered-leafgreen,
tm40,4,tms-and-hms,,
tm40,5,tms-and-hms,,
tm40,6,tms-and-hms,,
tm40,7,tms,sun-moon,
tm40,7,tms,ultra-sun-ultra-moon,
tm40,8,tms,,
tm40,9,tms,,
tm41,1,items,,
tm41,2,tms-and-hms,,
tm41,3,tms-and-hms,ruby-sapphire,
tm41,3,tms-and-hms,emerald,emerald
tm41,3,tm-case,firered-leafgreen,
tm41,4,tms-and-hms,,
tm41,5,tms-and-hms,,
tm41,6,tms-and-hms,,
tm41,7,tms,sun-moon,
tm41,7,tms,ultra-sun-ultra-moon,
tm41,8,tms,,
tm41,9,tms,,
tm42,1,items,,
tm42,2,tms-and-hms,,
tm42,3,tms-and-hms,ruby-sapphire,
tm42,3,tms-and-hms,emerald,emerald
tm42,3,tm-case,firered-leafgreen,
tm42,4,tms-and-hms,,
tm42,5,tms-and-hms,,
tm42,6,tms-and-hms,,
tm42,7,tms,sun-moon,
tm42,7,tms,ultra-sun-ultra-moon,
tm42,8,tms,,
tm42,9,tms,,
tm43,1,items,,
tm43,2,tms-and-hms,,
tm43,3,tms-and-hms,ruby-sapphire,
tm43,3,tms-and-hms,emerald,emerald
tm43,3,tm-case,firered-leafgreen,
tm43,4,tms-and-hms,,
tm43,5,tms-and-hms,,
tm43,6,tms-and-hms,,
tm43,7,tms,sun-moon,
tm43,7,tms,ultra-sun-ultra-moon,
tm43,8,tms,,
tm43,9,tms,,
tm44,1,items,,
tm44,2,tms-and-hms,,
tm44,3,tms-and-hms,ruby-sapphire,
tm44,3,tms-and-hms,emerald,emerald
tm44,3,tm-case,firered-leafgreen,
tm44,4,tms-and-hms,,
tm44,5,tms-and-hms,,
tm44,6,tms-and-hms,,
tm44,7,tms,sun-moon,
tm44,7,tms,ultra-sun-ultra-moon,
tm44,8,tms,,
tm44,9,tms,,
tm45,1,items,,
tm45,2,tms-and-hms,,
tm45,3,tms-and-hms,ruby-sapphire,
tm45,3,tms-and-hms,emerald,emerald
tm45,3,tm-case,firered-leafgreen,
tm45,4,tms-and-hms,,
tm45,5,tms-and-hms,,
tm45,6,tms-and-hms,,
tm45,7,tms,sun-moon,
tm45,7,tms,ultra-sun-ultra-moon,
tm45,8,tms,,
tm45,9,tms,,
tm46,1,items,,
tm46,2,tms-and-hms,,
tm46,3,tms-and-hms,ruby-sapphire,
tm46,3,tms-and-hms,emerald,emerald
tm46,3,tm-case,firered-leafgreen,
tm46,4,tms-and-hms,,
tm46,5,tms-and-hms,,
tm46,6,tms-and-hms,,
tm46,7,tms,sun-moon,
tm46,7,tms,ultra-sun-ultra-moon,
tm46,8,tms,,
tm46,9,tms,,
tm47,1,items,,
tm47,2,tms-and-hms,,
tm47,3,tms-and-hms,ruby-sapphire,
tm47,3,tms-and-hms,emerald,emerald
tm47,3,tm-case,firered-leafgreen,
tm47,4,tms-and-hms,,
tm47,5,tms-and-hms,,
tm47,6,tms-and-hms,,
tm47,7,tms,sun-moon,
tm47,7,tms,ultra-sun-ultra-moon,
tm47,8,tms,,
tm47,9,tms,,
tm48,1,items,,
tm48,2,tms-and-hms,,
tm48,3,tms-and-hms,ruby-sapphire,
tm48,3,tms-and-hms,emerald,emerald
tm48,3,tm-case,firered-leafgreen,
tm48,4,tms-and-hms,,
tm48,5,tms-and-hms,,
tm48,6,tms-and-hms,,
tm48,7,tms,sun-moon,
tm48,7,tms,ultra-sun-ultra-moon,
tm48,8,tms,,
tm48,9,tms,,
tm49,1,items,,
tm49,2,tms-and-hms,,
tm49,3,tms-and-hms,ruby-sapphire,
tm49,3,tms-and-hms,emerald,emerald
tm49,3,tm-case,firered-leafgreen,
tm49,4,tms-and-hms,,
tm49,5,tms-and-hms,,
tm49,6,tms-and-hms,,
tm49,7,tms,sun-moon,
tm49,7,tms,ultra-sun-ultra-moon,
tm49,8,tms,,
tm49,9,tms,,
tm50,1,items,red-blue,
tm50,1,items,yellow,yellow
tm50,2,tms-and-hms,gold-silver,
tm50,2,tms-and-hms,crystal,crystal
tm50,3,tms-and-hms,ruby-sapphire,
tm50,3,tms-and-hms,emerald,emerald
tm50,3,tm-case,firered-leafgreen,
tm50,4,tms-and-hms,,
tm50,5,tms-and-hms,,
tm50,6,tms-and-hms,,
tm50,7,tms,sun-moon,
tm50,7,tms,ultra-sun-ultra-moon,
tm50,8,tms,,
tm50,9,tms,scarlet-violet,
tm51,4,tms-and-hms,,
tm51,5,tms-and-hms,,
tm51,6,tms-and-hms,,
tm51,7,tms,sun-moon,
tm51,7,tms,ultra-sun-ultra-moon,
tm51,7,tm-case,lets-go-pikachu-lets-go-eevee,
tm51,8,tms,,
tm51,9,tms,,
tm52,4,tms-and-hms,,
tm52,5,tms-and-hms,,
tm52,6,tms-and-hms,,
tm52,7,tms,sun-moon,
tm52,7,tms,ultra-sun-ultra-moon,
tm52,8,tms,,
tm52,9,tms,,
tm53,4,tms-and-hms,,
tm53,5,tms-and-hms,,
tm53,6,tms-and-hms,,
tm53,7,tms,sun-moon,
tm53,7,tms,ultra-sun-ultra-moon,
tm53,8,tms,,
tm53,9,tms,,
tm54,4,tms-and-hms,,
tm54,5,tms-and-hms,,
tm54,6,tms-and-hms,,
tm54,7,tms,sun-moon,
tm54,8,tms,,
tm54,9,tms,,
tm55,4,tms-and-hms,,
tm55,5,tms-and-hms,,
tm55,6,tms-and-hms,,
tm55,7,tms,sun-moon,
tm55,7,tms,ultra-sun-ultra-moon,
tm55,8,tms,,
tm55,9,tms,,
tm56,4,tms-and-hms,,
tm56,5,tms-and-hms,,
tm56,6,tms-and-hms,,
tm56,7,tms,sun-moon,
tm56,7,tms,ultra-sun-ultra-moon,
tm56,8,tms,,
tm56,9,tms,,
tm57,4,tms-and-hms,,
tm57,5,tms-and-hms,,
tm57,6,tms-and-hms,,
tm57,7,tms,sun-moon,
tm57,7,tms,ultra-sun-ultra-moon,
tm57,7,tm-case,lets-go-pikachu-lets-go-eevee,
tm57,8,tms,,
tm57,9,tms,,
tm58,4,tms-and-hms,,
tm58,5,tms-and-hms,,
tm58,6,tms-and-hms,,
tm58,7,tms,sun-moon,
tm58,7,tms,ultra-sun-ultra-moon,
tm58,8,tms,,
tm58,9,tms,,
tm59,4,tms-and-hms,,
tm59,5,tms-and-hms,,
tm59,6,tms-and-hms,,
tm59,7,tms,sun-moon,
tm59,7,tms,ultra-sun-ultra-moon,
tm59,7,tm-case,lets-go-pikachu-lets-go-eevee,
tm59,8,tms,,
tm59,9,tms,,
tm60,4,tms-and-hms,,
tm60,5,tms-and-hms,,
tm60,6,tms-and-hms,,
tm60,7,tms,sun-moon,
tm60,7,tms,ultra-sun-ultra-moon,
tm60,8,tms,sword-shield,
tm60,9,tms,scarlet-violet,
tm61,4,tms-and-hms,,
tm61,5,tms-and-hms,,
tm61,6,tms-and-hms,,
tm61,7,tms,sun-moon,
tm61,7,tms,ultra-sun-ultra-moon,
tm61,8,tms,,
tm61,9,tms,,
tm62,4,tms-and-hms,,
tm62,5,tms-and-hms,,
tm62,6,tms-and-hms,,
tm62,7,tms,sun-moon,
tm62,7,tms,ultra-sun-ultra-moon,
tm62,8,tms,,
tm62,9,tms,,
tm63,4,tms-and-hms,,
tm63,5,tms-and-hms,,
tm63,6,tms-and-hms,,
tm63,7,tms,sun-moon,
tm63,7,tms,ultra-sun-ultra-moon,
tm63,8,tms,,
tm63,9,tms,,
tm64,4,tms-and-hms,,
tm64,5,tms-and-hms,,
tm64,6,tms-and-hms,,
tm64,7,tms,sun-moon,
tm64,7,tms,ultra-sun-ultra-moon,
tm64,8,tms,,
tm64,9,tms,,
tm65,4,tms-and-hms,,
tm65,5,tms-and-hms,,
tm65,6,tms-and-hms,,
tm65,7,tms,sun-moon,
tm65,7,tms,ultra-sun-ultra-moon,
tm65,8,tms,,
tm65,9,tms,,
tm66,4,tms-and-hms,,
tm66,5,tms-and-hms,,
tm66,6,tms-and-hms,,
tm66,7,tms,sun-moon,
tm66,7,tms,ultra-sun-ultra-moon,
tm66,8,tms,,
tm66,9,tms,,
tm67,4,tms-and-hms,,
tm67,5,tms-and-hms,,
tm67,6,tms-and-hms,,
tm67,7,tms,sun-moon,
tm67,7,tms,ultra-sun-ultra-moon,
tm67,8,tms,,
tm67,9,tms,,
tm68,4,tms-and-hms,,
tm68,5,tms-and-hms,,
tm68,6,tms-and-hms,,
tm68,7,tms,sun-moon,
tm68,7,tms,ultra-sun-ultra-moon,
tm68,8,tms,,
tm68,9,tms,,
tm69,4,tms-and-hms,,
tm69,5,tms-and-hms,,
tm69,6,tms-and-hms,,
tm69,7,tms,sun-moon,
tm69,7,tms,ultra-sun-ultra-moon,
tm69,8,tms,,
tm69,9,tms,,
tm70,4,tms-and-hms,,
tm70,5,tms-and-hms,,
tm70,6,tms-and-hms,,
tm70,7,tms,sun-moon,
tm70,7,tms,ultra-sun-ultra-moon,
tm70,8,tms,,
tm70,9,tms,,
tm71,4,tms-and-hms,,
tm71,5,tms-and-hms,,
tm71,6,tms-and-hms,,
tm71,7,tms,sun-moon,
tm71,7,tms,ultra-sun-ultra-moon,
tm71,8,tms,,
tm71,9,tms,,
tm72,4,tms-and-hms,,
tm72,5,tms-and-hms,,
tm72,6,tms-and-hms,,
tm72,7,tms,sun-moon,
tm72,7,tms,ultra-sun-ultra-moon,
tm72,8,tms,,
tm72,9,tms,,
tm73,4,tms-and-hms,,
tm73,5,tms-and-hms,,
tm73,6,tms-and-hms,,
tm73,7,tms,sun-moon,
tm73,7,tms,ultra-sun-ultra-moon,
tm73,8,tms,,
tm73,9,tms,,
tm74,4,tms-and-hms,,
tm74,5,tms-and-hms,,
tm74,6,tms-and-hms,,
tm74,7,tms,sun-moon,
tm74,7,tms,ultra-sun-ultra-moon,
tm74,8,tms,,
tm74,9,tms,,
tm75,4,tms-and-hms,,
tm75,5,tms-and-hms,,
tm75,6,tms-and-hms,,
tm75,7,tms,sun-moon,
tm75,7,tms,ultra-sun-ultra-moon,
tm75,8,tms,,
tm75,9,tms,,
tm76,4,tms-and-hms,,
tm76,5,tms-and-hms,,
tm76,6,tms-and-hms,,
tm76,7,tms,sun-moon,
tm76,7,tms,ultra-sun-ultra-moon,
tm76,8,tms,,
tm76,9,tms,,
tm77,4,tms-and-hms,,
tm77,5,tms-and-hms,,
tm77,6,tms-and-hms,,
tm77,7,tms,sun-moon,
tm77,7,tms,ultra-sun-ultra-moon,
tm77,8,tms,,
tm77,9,tms,,
tm78,4,tms-and-hms,,
tm78,5,tms-and-hms,,
tm78,6,tms-and-hms,,
tm78,7,tms,sun-moon,
tm78,7,tms,ultra-sun-ultra-moon,
tm78,8,tms,,
tm78,9,tms,,
tm79,4,tms-and-hms,,
tm79,5,tms-and-hms,,
tm79,6,tms-and-hms,,
tm79,7,tms,sun-moon,
tm79,7,tms,ultra-sun-ultra-moon,
tm79,8,tms,,
tm79,9,tms,,
tm80,4,tms-and-hms,,
tm80,5,tms-and-hms,,
tm80,6,tms-and-hms,,
tm80,7,tms,sun-moon,
tm80,7,tms,ultra-sun-ultra-moon,
tm80,8,tms,,
tm80,9,tms,,
tm81,4,tms-and-hms,,
tm81,5,tms-and-hms,,
tm81,6,tms-and-hms,,
tm81,7,tms,sun-moon,
tm81,7,tms,ultra-sun-ultra-moon,
tm81,8,tms,,
tm81,9,tms,,
tm82,4,tms-and-hms,,
tm82,5,tms-and-hms,,
tm82,6,tms-and-hms,,
tm82,7,tms,sun-moon,
tm82,7,tms,ultra-sun-ultra-moon,
tm82,8,tms,sword-shield,
tm82,9,tms,scarlet-violet,
tm83,4,tms-and-hms,,
tm83,5,tms-and-hms,,
tm83,6,tms-and-hms,,
tm83,7,tms,sun-moon,
tm83,7,tms,ultra-sun-ultra-moon,
tm83,8,tms,,
tm83,9,tms,,
tm84,4,tms-and-hms,,
tm84,5,tms-and-hms,,
tm84,6,tms-and-hms,,
tm84,7,tms,sun-moon,
tm84,7,tms,ultra-sun-ultra-moon,
tm84,8,tms,,
tm84,9,tms,,
tm85,4,tms-and-hms,,
tm85,5,tms-and-hms,,
tm85,6,tms-and-hms,,
tm85,7,tms,sun-moon,
tm85,7,tms,ultra-sun-ultra-moon,
tm85,8,tms,,
tm85,9,tms,,
tm86,4,tms-and-hms,,
tm86,5,tms-and-hms,,
tm86,6,tms-and-hms,,
tm86,7,tms,sun-moon,
tm86,7,tms,ultra-sun-ultra-moon,
tm86,8,tms,,
tm86,9,tms,,
tm87,4,tms-and-hms,,
tm87,5,tms-and-hms,,
tm87,6,tms-and-hms,,
tm87,7,tms,sun-moon,
tm87,7,tms,ultra-sun-ultra-moon,
tm87,8,tms,sword-shield,
tm87,9,tms,scarlet-violet,
tm88,4,tms-and-hms,,
tm88,5,tms-and-hms,,
tm88,6,tms-and-hms,,
tm88,7,tms,sun-moon,
tm88,7,tms,ultra-sun-ultra-moon,
tm88,8,tms,sword-shield,
tm88,9,tms,scarlet-violet,
tm89,4,tms-and-hms,,
tm89,5,tms-and-hms,,
tm89,6,tms-and-hms,,
tm89,7,tms,sun-moon,
tm89,7,tms,ultra-sun-ultra-moon,
tm89,8,tms,,
tm89,9,tms,,
tm90,4,tms-and-hms,,
tm90,5,tms-and-hms,,
tm90,6,tms-and-hms,,
tm90,7,tms,sun-moon,
tm90,7,tms,ultra-sun-ultra-moon,
tm90,8,tms,,
tm90,9,tms,,
tm91,4,tms-and-hms,,
tm91,5,tms-and-hms,,
tm91,6,tms-and-hms,,
tm91,7,tms,sun-moon,
tm91,7,tms,ultra-sun-ultra-moon,
tm91,8,tms,,
tm91,9,tms,,
tm92,4,tms-and-hms,,
tm92,5,tms-and-hms,,
tm92,6,tms-and-hms,,
tm92,7,tms,sun-moon,
tm92,7,tms,ultra-sun-ultra-moon,
tm92,8,tms,,
tm92,9,tms,,
tm93,5,tms-and-hms,,
tm93,6,tms-and-hms,,
tm93,7,tms,sun-moon,
tm93,7,tms,ultra-sun-ultra-moon,
tm93,8,tms,,
tm93,9,tms,,
tm94,5,tms-and-hms,,
tm94,6,tms-and-hms,,
tm94,7,tms,sun-moon,
tm94,7,tms,ultra-sun-ultra-moon,
tm94,8,tms,,
tm94,9,tms,,
tm95,5,tms-and-hms,,
tm95,6,tms-and-hms,,
tm95,7,tms,sun-moon,
tm95,7,tms,ultra-sun-ultra-moon,
tm95,8,tms,,
tm95,9,tms,,
tm96,6,tms-and-hms,,
tm96,7,tms,sun-moon,
tm96,7,tms,ultra-sun-ultra-moon,
tm96,8,tms,,
tm96,9,tms,,
tm97,6,tms-and-hms,,
tm97,7,tms,sun-moon,
tm97,7,tms,ultra-sun-ultra-moon,
tm97,8,tms,,
tm97,9,tms,,
tm98,6,tms-and-hms,,
tm98,7,tms,sun-moon,
tm98,7,tms,ultra-sun-ultra-moon,
tm98,8,tms,,
tm98,9,tms,,
tm99,6,tms-and-hms,,
tm99,7,tms,sun-moon,
tm99,7,tms,ultra-sun-ultra-moon,
tm99,8,tms,,
tm99,9,tms,,
tm100,6,tms-and-hms,,
tm100,7,tms,sun-moon,
tm100,7,tms,ultra-sun-ultra-moon,
tm100,8,tms,,
tm100,9,tms,,
tm101,9,tms,,
tm102,9,tms,,
tm103,9,tms,,
tm104,9,tms,,
tm105,9,tms,,
tm106,9,tms,,
tm107,9,tms,,
tm108,9,tms,,
tm109,9,tms,,
tm110,9,tms,,
tm111,9,tms,,
tm112,9,tms,,
tm113,9,tms,,
tm114,9,tms,,
tm115,9,tms,,
tm116,9,tms,,
tm117,9,tms,,
tm118,9,tms,,
tm119,9,tms,,
tm120,9,tms,,
tm121,9,tms,,
tm122,9,tms,,
tm123,9,tms,,
tm124,9,tms,,
tm125,9,tms,,
tm126,9,tms,scarlet-violet,
tm127,9,tms,scarlet-violet,
tm128,9,tms,scarlet-violet,
tm129,9,tms,,
tm130,9,tms,,
tm131,9,tms,,
tm132,9,tms,,
tm133,9,tms,,
tm134,9,tms,scarlet-violet,
tm135,9,tms,,
tm136,9,tms,,
tm137,9,tms,,
tm138,9,tms,,
tm139,9,tms,,
tm140,9,tms,,
tm141,9,tms,scarlet-violet,
tm142,9,tms,,
tm143,9,tms,,
tm144,9,tms,,
tm145,9,tms,scarlet-violet,
tm146,9,tms,,
tm147,9,tms,,
tm148,9,tms,,
tm149,9,tms,,
tm150,9,tms,,
tm151,9,tms,,
tm152,9,tms,,
tm153,9,tms,,
tm154,9,tms,,
tm155,9,tms,,
tm156,9,tms,,
tm157,9,tms,,
tm158,9,tms,,
tm159,9,tms,,
tm160,9,tms,,
tm161,9,tms,scarlet-violet,
tm162,9,tms,scarlet-violet,
tm163,9,tms,,
tm164,9,tms,scarlet-violet,
tm165,9,tms,scarlet-violet,
tm166,9,tms,scarlet-violet,
tm167,9,tms,,
tm168,9,tms,,
tm169,9,tms,scarlet-violet,
tm170,9,tms,scarlet-violet,
tm171,9,tms,scarlet-violet,
tm172,9,tms,scarlet-violet,
tm173,9,tms,,
tm174,9,tms,scarlet-violet,
tm175,9,tms,,
tm176,9,tms,,
tm177,9,tms,scarlet-violet,
tm178,9,tms,,
tm179,9,tms,scarlet-violet,
tm180,9,tms,,
tm181,9,tms,scarlet-violet,
tm182,9,tms,scarlet-violet,
tm183,9,tms,scarlet-violet,
tm184,9,tms,scarlet-violet,
tm185,9,tms,,
tm186,9,tms,,
tm187,9,tms,,
tm188,9,tms,,
tm189,9,tms,scarlet-violet,
tm190,9,tms,,
tm191,9,tms,,
tm192,9,tms,,
tm193,9,tms,,
tm194,9,tms,,
tm195,9,tms,,
tm196,9,tms,,
tm197,9,tms,,
tm198,9,tms,,
tm199,9,tms,scarlet-violet,
tm200,9,tms,,
tm201,9,tms,,
tm202,9,tms,scarlet-violet,
tm203,9,tms,scarlet-violet,
tm204,9,tms,scarlet-violet,
tm205,9,tms,scarlet-violet,
tm206,9,tms,,
tm207,9,tms,scarlet-violet,
tm208,9,tms,scarlet-violet,
tm209,9,tms,scarlet-violet,
tm210,9,tms,scarlet-violet,
tm211,9,tms,scarlet-violet,
tm212,9,tms,scarlet-violet,
tm213,9,tms,,
tm214,9,tms,,
tm215,9,tms,scarlet-violet,
tm216,9,tms,,
tm217,9,tms,,
tm218,9,tms,,
tm219,9,tms,scarlet-violet,
tm220,9,tms,scarlet-violet,
tm221,9,tms,scarlet-violet,
tm222,9,tms,scarlet-violet,
tm223,9,tms,scarlet-violet,
tm224,9,tms,,
tm225,9,tms,scarlet-violet,
tm226,9,tms,,
tm227,9,tms,,
tm228,9,tms,scarlet-violet,
tm229,9,tms,scarlet-violet,
tmv-pass,6,key-items,,
tmv-pass,7,key-items,,
tofu,9,picnic-items,scarlet-violet,
tomato,9,picnic-items,,
tough-candy,7,candy-jar,,
tough-candy-l,7,candy-jar,lets-go-pikachu-lets-go-eevee,
tough-candy-xl,7,candy-jar,,
town-map,1,key-items,,
town-map,3,key-items,firered-leafgreen,
town-map,3,key-items,emerald,emerald
town-map,4,key-items,,
town-map,5,key-items,,
town-map,6,key-items,,
town-map,7,key-items,,
toxic-orb,4,items,,
toxic-orb,5,items,,
toxic-orb,6,items,,
toxic-orb,7,items,,
toxic-orb,8,items,,
toxic-orb,9,items,,
toxic-plate,4,items,,
toxic-plate,5,items,,
toxic-plate,6,items,,
toxic-plate,7,items,,
toxic-plate,8,items,brilliant-diamond-shining-pearl,
toxic-plate,9,items,,
tr00,8,tms,,
tr01,8,tms,,
tr02,8,tms,,
tr03,8,tms,,
tr04,8,tms,sword-shield,
tr05,8,tms,sword-shield,
tr06,8,tms,,
tr07,8,tms,sword-shield,
tr08,8,tms,,
tr09,8,tms,sword-shield,
tr10,8,tms,,
tr11,8,tms,,
tr12,8,tms,,
tr13,8,tms,,
tr14,8,tms,,
tr15,8,tms,,
tr16,8,tms,,
tr17,8,tms,sword-shield,
tr18,8,tms,,
tr19,8,tms,,
tr20,8,tms,,
tr21,8,tms,,
tr22,8,tms,,
tr23,8,tms,,
tr24,8,tms,,
tr25,8,tms,,
tr26,8,tms,,
tr27,8,tms,,
tr28,8,tms,,
tr29,8,tms,sword-shield,
tr30,8,tms,sword-shield,
tr31,8,tms,,
tr32,8,tms,sword-shield,
tr33,8,tms,,
tr34,8,tms,,
tr35,8,tms,,
tr36,8,tms,,
tr37,8,tms,,
tr38,8,tms,,
tr39,8,tms,,
tr40,8,tms,,
tr41,8,tms,,
tr42,8,tms,sword-shield,
tr43,8,tms,,
tr44,8,tms,,
tr45,8,tms,,
tr46,8,tms,,
tr47,8,tms,,
tr48,8,tms,sword-shield,
tr49,8,tms,,
tr50,8,tms,,
tr51,8,tms,,
tr52,8,tms,sword-shield,
tr53,8,tms,,
tr54,8,tms,,
tr55,8,tms,,
tr56,8,tms,,
tr57,8,tms,,
tr58,8,tms,,
tr59,8,tms,sword-shield,
tr60,8,tms,,
tr61,8,tms,sword-shield,
tr62,8,tms,,
tr63,8,tms,,
tr64,8,tms,,
tr65,8,tms,sword-shield,
tr66,8,tms,sword-shield,
tr67,8,tms,,
tr68,8,tms,,
tr69,8,tms,sword-shield,
tr70,8,tms,sword-shield,
tr71,8,tms,,
tr72,8,tms,,
tr73,8,tms,sword-shield,
tr74,8,tms,,
tr75,8,tms,sword-shield,
tr76,8,tms,,
tr77,8,tms,,
tr78,8,tms,,
tr79,8,tms,,
tr80,8,tms,,
tr81,8,tms,,
tr82,8,tms,,
tr83,8,tms,sword-shield,
tr84,8,tms,sword-shield,
tr85,8,tms,,
tr86,8,tms,sword-shield,
tr87,8,tms,sword-shield,
tr88,8,tms,,
tr89,8,tms,,
tr90,8,tms,sword-shield,
tr91,8,tms,sword-shield,
tr92,8,tms,sword-shield,
tr93,8,tms,,
tr94,8,tms,,
tr95,8,tms,sword-shield,
tr96,8,tms,sword-shield,
tr97,8,tms,sword-shield,
tr98,8,tms,,
tr99,8,tms,,
tri-pass,3,key-items,firered-leafgreen,
tri-pass,3,key-items,emerald,emerald
tropic-mail,3,items,,
tropical-shell,7,items,,
tumblestone,8,items,,
tunnel-mail,4,mail,,
twisted-spoon,2,items,,
twisted-spoon,3,items,,
twisted-spoon,4,items,,
twisted-spoon,5,items,,
twisted-spoon,6,items,,
twisted-spoon,7,items,,
twisted-spoon,8,items,,
twisted-spoon,9,items,,
tyranitarite,6,items,,
tyranitarite,7,items,,
ultra-ball,1,items,,
ultra-ball,2,poke-balls,,
ultra-ball,3,poke-balls,,
ultra-ball,4,poke-balls,,
ultra-ball,5,items,,
ultra-ball,6,items,,
ultra-ball,7,items,,
ultra-ball,8,poke-balls,,
ultra-ball,9,poke-balls,,
ultranecrozium-z--held,7,z-crystals,ultra-sun-ultra-moon,
unown-report,4,key-items,heartgold-soulsilver,
unown-report,5,key-items,,
unown-report,6,key-items,,
unown-report,7,key-items,,
unremarkable-teacup,9,items,scarlet-violet,
up-grade,2,items,,
up-grade,5,items,,
up-grade,8,items,sword-shield,
utility-umbrella,8,items,sword-shield,
utility-umbrella,9,items,scarlet-violet,
vee-vee-pick,9,picnic-items,scarlet-violet,
venonat-candy,7,candy-jar,lets-go-pikachu-lets-go-eevee,
venusaurite,6,items,,
venusaurite,7,items,,
vinegar,9,picnic-items,scarlet-violet,
violet-book,9,key-items,scarlet-violet,
virizion-treat,9,key-items,scarlet-violet,
voltorb-candy,7,candy-jar,lets-go-pikachu-lets-go-eevee,
vs-recorder,4,key-items,platinum,platinum
vs-recorder,4,key-items,heartgold-soulsilver,
vs-recorder,5,key-items,,
vs-recorder,6,key-items,,
vs-recorder,7,key-items,,
vs-seeker,3,key-items,firered-leafgreen,
vs-seeker,4,key-items,,
vs-seeker,5,key-items,,
vs-seeker,6,key-items,,
vs-seeker,7,key-items,,
vs-seeker,8,key-items,brilliant-diamond-shining-pearl,
vulpix-candy,7,candy-jar,lets-go-pikachu-lets-go-eevee,
wacan-berry,4,berries,,
wacan-berry,5,berries,,
wacan-berry,6,berries,,
wacan-berry,7,berries,,
wacan-berry,8,berries,,
wacan-berry,9,berries,,
wailmer-pail,3,key-items,,
wailmer-pail,6,key-items,omega-ruby-alpha-sapphire,
wailmer-pail,7,key-items,,
warding-charm,8,items,,
wasabi,9,picnic-items,scarlet-violet,
water-gem,5,items,,
water-gem,6,items,,
water-gem,7,items,,
water-memory,7,items,,
water-memory,8,items,sword-shield,
water-stone,1,items,,
water-stone,8,items,,
water-stone,9,items,,
water-tera-shard,9,items,scarlet-violet,
watercress,9,picnic-items,scarlet-violet,
waterium-z--held,7,z-crystals,,
watmel-berry,3,berries,ruby-sapphire,
watmel-berry,3,berries,emerald,emerald
watmel-berry,3,berry-pouch,firered-leafgreen,
watmel-berry,4,berries,,
watmel-berry,5,berries,,
watmel-berry,6,berries,,
watmel-berry,7,berries,,
watmel-berry,8,berries,,
wave-incense,4,items,,
wave-incense,5,items,,
wave-incense,6,items,,
wave-incense,7,items,,
wave-incense,8,items,sword-shield,
wave-mail,3,items,,
weakness-policy,6,items,,
weakness-policy,7,items,,
weakness-policy,8,items,,
weakness-policy,9,items,,
weedle-candy,7,candy-jar,lets-go-pikachu-lets-go-eevee,
wellspring-mask,9,items,scarlet-violet,
wepear-berry,3,berries,ruby-sapphire,
wepear-berry,3,berries,emerald,emerald
wepear-berry,3,berry-pouch,firered-leafgreen,
wepear-berry,4,berries,,
wepear-berry,5,berries,,
wepear-berry,6,berries,,
wepear-berry,7,berries,,
wepear-berry,8,berries,,
whimsical-chairs,9,picnic-items,scarlet-violet,
whimsical-tablecloth,9,picnic-items,scarlet-violet,
whipped-cream,9,picnic-items,,
whipped-dream,6,items,,
whipped-dream,7,items,,
whipped-dream,8,items,sword-shield,
white-apricorn,2,items,,
white-apricorn,4,items,heartgold-soulsilver,
white-apricorn,5,items,,
white-apricorn,6,items,,
white-apricorn,7,items,,
white-apricorn,8,items,,
white-apricorn,9,items,,
white-dish,9,picnic-items,scarlet-violet,
white-flute,3,items,,
white-flute,4,items,,
white-flute,5,items,,
white-flute,6,items,,
white-flute,7,items,,
white-herb,3,items,,
white-herb,4,items,,
white-herb,5,items,,
white-herb,8,items,,
white-herb,9,items,,
white-mane-hair,8,key-items,sword-shield,
wide-lens,4,items,,
wide-lens,5,held-items,,
wide-lens,6,items,,
wide-lens,7,items,,
wide-lens,8,items,,
wide-lens,9,items,,
wiki-berry,3,berries,ruby-sapphire,
wiki-berry,3,berries,emerald,emerald
wiki-berry,3,berry-pouch,firered-leafgreen,
wiki-berry,4,berries,,
winking-pika-pick,9,picnic-items,scarlet-violet,
wise-glasses,4,items,,
wise-glasses,5,items,,
wise-glasses,6,items,,
wise-glasses,7,items,,
wise-glasses,8,items,,
wise-glasses,9,items,,
wishing-chip,8,items,,
wishing-piece,8,items,sword-shield,
wishing-star,8,key-items,,
wood-mail,3,items,,
wooden-crown,8,key-items,sword-shield,
works-key,4,key-items,,
works-key,5,key-items,,
works-key,6,key-items,,
works-key,7,key-items,,
works-key,8,key-items,brilliant-diamond-shining-pearl,
x-accuracy,1,items,,
x-accuracy,2,items,,
x-accuracy,3,items,,
x-accuracy,4,battle-items,,
x-accuracy,5,items,,
x-accuracy,6,items,,
x-accuracy,7,items,,
x-accuracy,8,battle-items,,
x-accuracy,9,battle-items,,
x-accuracy-2,5,items,black-white,
x-accuracy-2,5,items,black-2-white-2,
x-accuracy-3,5,items,black-white,
x-accuracy-3,5,items,black-2-white-2,
x-accuracy-6,5,items,black-white,
x-accuracy-6,5,items,black-2-white-2,
x-attack,1,items,,
x-attack,2,items,,
x-attack,3,items,,
x-attack,4,battle-items,,
x-attack,5,items,,
x-attack,6,items,,
x-attack,7,items,,
x-attack,8,battle-items,,
x-attack,9,battle-items,,
x-attack-2,5,items,black-white,
x-attack-2,5,items,black-2-white-2,
x-attack-3,5,items,black-white,
x-attack-3,5,items,black-2-white-2,
x-attack-6,5,items,black-white,
x-attack-6,5,items,black-2-white-2,
x-defend-2,5,items,black-white,
x-defend-2,5,items,black-2-white-2,
x-defend-3,5,items,black-white,
x-defend-3,5,items,black-2-white-2,
x-defend-6,5,items,black-white,
x-defend-6,5,items,black-2-white-2,
x-defense,1,items,,
x-defense,2,items,,
x-defense,3,items,,
x-defense,4,battle-items,,
x-defense,5,items,,
x-defense,6,items,,
x-defense,7,items,,
x-defense,8,battle-items,,
x-defense,9,battle-items,,
x-sp-atk,1,items,,
x-sp-atk,2,items,,
x-sp-atk,3,items,,
x-sp-atk,4,battle-items,,
x-sp-atk,5,items,,
x-sp-atk,6,items,,
x-sp-atk,7,items,,
x-sp-atk,8,battle-items,,
x-sp-atk,9,battle-items,,
x-sp-atk-2,5,items,black-white,
x-sp-atk-2,5,items,black-2-white-2,
x-sp-atk-3,5,items,black-white,
x-sp-atk-3,5,items,black-2-white-2,
x-sp-atk-6,5,items,black-white,
x-sp-atk-6,5,items,black-2-white-2,
x-sp-def,4,battle-items,,
x-sp-def,5,items,,
x-sp-def,6,items,,
x-sp-def,7,items,,
x-sp-def,8,battle-items,,
x-sp-def,9,battle-items,,
x-sp-def-2,5,items,black-white,
x-sp-def-2,5,items,black-2-white-2,
x-sp-def-3,5,items,black-white,
x-sp-def-3,5,items,black-2-white-2,
x-sp-def-6,5,items,black-white,
x-sp-def-6,5,items,black-2-white-2,
x-speed,1,items,,
x-speed,2,items,,
x-speed,3,items,,
x-speed,4,battle-items,,
x-speed,5,items,,
x-speed,6,items,,
x-speed,7,items,,
x-speed,8,battle-items,,
x-speed,9,battle-items,,
x-speed-2,5,items,black-white,
x-speed-2,5,items,black-2-white-2,
x-speed-3,5,items,black-white,
x-speed-3,5,items,black-2-white-2,
x-speed-6,5,items,black-white,
x-speed-6,5,items,black-2-white-2,
xtransceiver,5,key-items,,
xtransceiver,6,key-items,,
xtransceiver,7,key-items,,
yache-berry,4,berries,,
yache-berry,5,berries,,
yache-berry,6,berries,,
yache-berry,7,berries,,
yache-berry,8,berries,,
yache-berry,9,berries,,
yarn-ball,9,picnic-items,scarlet-violet,
yellow-apricorn,2,items,,
yellow-apricorn,4,items,heartgold-soulsilver,
yellow-apricorn,5,items,,
yellow-apricorn,6,items,,
yellow-apricorn,7,items,,
yellow-apricorn,8,items,,
yellow-apricorn,9,items,,
yellow-bell-pepper,9,picnic-items,scarlet-violet,
yellow-bottle,9,picnic-items,scarlet-violet,
yellow-chairs,9,picnic-items,scarlet-violet,
yellow-cup,9,picnic-items,scarlet-violet,
yellow-dish,9,picnic-items,scarlet-violet,
yellow-flute,3,items,,
yellow-flute,4,battle-items,,
yellow-flute,5,items,,
yellow-flute,6,items,x-y,
yellow-flute,6,medicine,omega-ruby-alpha-sapphire,
yellow-flute,7,medicine,,
yellow-nectar,7,items,,
yellow-nectar,9,items,,
yellow-petal,7,key-items,ultra-sun-ultra-moon,
yellow-scarf,3,items,,
yellow-scarf,4,items,,
yellow-scarf,5,items,,
yellow-scarf,6,items,,
yellow-scarf,7,items,,
yellow-scarf,8,items,,
yellow-shard,3,items,,
yellow-shard,4,items,,
yellow-shard,5,items,,
yellow-shard,6,items,,
yellow-shard,7,items,,
yellow-shard,8,items,sword-shield,
yellow-tablecloth,9,picnic-items,scarlet-violet,
yogurt,9,picnic-items,scarlet-violet,
z-power-ring,7,key-items,ultra-sun-ultra-moon,
z-ring,7,key-items,sun-moon,
zap-plate,4,items,,
zap-plate,5,items,,
zap-plate,6,items,,
zap-plate,7,items,,
zap-plate,8,items,brilliant-diamond-shining-pearl,
zap-plate,9,items,,
zapdos-candy,7,candy-jar,lets-go-pikachu-lets-go-eevee,
zapdos-treat,9,key-items,scarlet-violet,
zekrom-treat,9,key-items,scarlet-violet,
zinc,3,items,,
zinc,4,medicine,,
zinc,5,medicine,,
zinc,6,medicine,,
zinc,7,medicine,,
zinc,8,items,,
zinc,9,items,,
zoom-lens,4,items,,
zoom-lens,5,items,,
zoom-lens,6,items,,
zoom-lens,7,items,,
zoom-lens,8,items,,
zoom-lens,9,items,,
zubat-candy,7,candy-jar,lets-go-pikachu-lets-go-eevee,
zygarde-cube,7,key-items,,
zygarde-cube,8,key-items,sword-shield,
