pokemon,version_group,method,move,level,order,mastery
pikachu,legends-arceus,level-up,thunder-shock,1,,9
pikachu,legends-arceus,level-up,quick-attack,5,,14
pikachu,legends-arceus,level-up,thunder-wave,9,,18
pikachu,legends-arceus,level-up,swift,15,,25
pikachu,legends-arceus,level-up,spark,21,,31
pikachu,legends-arceus,level-up,thunderbolt,29,,40
pikachu,legends-arceus,level-up,iron-tail,37,,48
pikachu,legends-arceus,level-up,thunder,47,,59
raichu,legends-arceus,level-up,thunder-shock,1,,9
raichu,legends-arceus,level-up,quick-attack,5,,14
raichu,legends-arceus,level-up,thunder-wave,9,,18
raichu,legends-arceus,level-up,swift,15,,25
raichu,legends-arceus,level-up,spark,21,,31
raichu,legends-arceus,level-up,thunderbolt,29,,40
raichu,legends-arceus,level-up,iron-tail,37,,48
raichu,legends-arceus,level-up,thunder,47,,59
clefairy,legends-arceus,level-up,tackle,1,,9
clefairy,legends-arceus,level-up,fairy-wind,5,,14
clefairy,legends-arceus,level-up,baby-doll-eyes,9,,18
clefairy,legends-arceus,level-up,draining-kiss,15,,25
clefairy,legends-arceus,level-up,calm-mind,21,,31
clefairy,legends-arceus,level-up,psychic,29,,40
clefairy,legends-arceus,level-up,moonblast,37,,48
clefairy,legends-arceus,level-up,double-edge,47,,59
clefable,legends-arceus,level-up,tackle,1,,9
clefable,legends-arceus,level-up,fairy-wind,5,,14
clefable,legends-arceus,level-up,baby-doll-eyes,9,,18
clefable,legends-arceus,level-up,draining-kiss,15,,25
clefable,legends-arceus,level-up,calm-mind,21,,31
clefable,legends-arceus,level-up,psychic,29,,40
clefable,legends-arceus,level-up,moonblast,37,,48
clefable,legends-arceus,level-up,double-edge,47,,59
vulpix,legends-arceus,level-up,ember,1,,9
vulpix,legends-arceus,level-up,quick-attack,5,,14
vulpix,legends-arceus,level-up,nasty-plot,9,,18
vulpix,legends-arceus,level-up,flame-wheel,15,,25
vulpix,legends-arceus,level-up,hex,21,,31
vulpix,legends-arceus,level-up,extrasensory,29,,40
vulpix,legends-arceus,level-up,flamethrower,37,,48
vulpix,legends-arceus,level-up,fire-blast,47,,59
vulpix,legends-arceus,tutor,swift,0,,
vulpix,legends-arceus,tutor,ominous-wind,0,,
vulpix,legends-arceus,tutor,rest,0,,
vulpix,legends-arceus,tutor,baby-doll-eyes,0,,
vulpix,legends-arceus,tutor,zen-headbutt,0,,
vulpix,legends-arceus,tutor,iron-tail,0,,
vulpix,legends-arceus,tutor,mystical-fire,0,,
vulpix,legends-arceus,tutor,energy-ball,0,,
vulpix,legends-arceus,tutor,flamethrower,0,,
vulpix,legends-arceus,tutor,dark-pulse,0,,
ninetales,legends-arceus,level-up,ember,1,,9
ninetales,legends-arceus,level-up,quick-attack,5,,14
ninetales,legends-arceus,level-up,nasty-plot,9,,18
ninetales,legends-arceus,level-up,flame-wheel,15,,25
ninetales,legends-arceus,level-up,hex,21,,31
ninetales,legends-arceus,level-up,extrasensory,29,,40
ninetales,legends-arceus,level-up,flamethrower,37,,48
ninetales,legends-arceus,level-up,fire-blast,47,,59
ninetales,legends-arceus,tutor,swift,0,,
ninetales,legends-arceus,tutor,ominous-wind,0,,
ninetales,legends-arceus,tutor,calm-mind,0,,
ninetales,legends-arceus,tutor,rest,0,,
ninetales,legends-arceus,tutor,baby-doll-eyes,0,,
ninetales,legends-arceus,tutor,zen-headbutt,0,,
ninetales,legends-arceus,tutor,iron-tail,0,,
ninetales,legends-arceus,tutor,mystical-fire,0,,
ninetales,legends-arceus,tutor,energy-ball,0,,
ninetales,legends-arceus,tutor,shadow-ball,0,,
ninetales,legends-arceus,tutor,giga-impact,0,,
ninetales,legends-arceus,tutor,hyper-beam,0,,
ninetales,legends-arceus,tutor,flamethrower,0,,
ninetales,legends-arceus,tutor,dark-pulse,0,,
zubat,legends-arceus,level-up,gust,1,,10
zubat,legends-arceus,level-up,hypnosis,6,,15
zubat,legends-arceus,level-up,bite,11,,20
zubat,legends-arceus,level-up,air-cutter,18,,28
zubat,legends-arceus,level-up,cross-poison,25,,35
zubat,legends-arceus,level-up,air-slash,34,,45
zubat,legends-arceus,level-up,leech-life,43,,54
golbat,legends-arceus,level-up,gust,1,,10
golbat,legends-arceus,level-up,hypnosis,6,,15
golbat,legends-arceus,level-up,bite,11,,20
golbat,legends-arceus,level-up,air-cutter,18,,28
golbat,legends-arceus,level-up,cross-poison,25,,35
golbat,legends-arceus,level-up,air-slash,34,,45
golbat,legends-arceus,level-up,leech-life,43,,54
paras,legends-arceus,level-up,absorb,1,,9
paras,legends-arceus,level-up,stun-spore,5,,14
paras,legends-arceus,level-up,poison-powder,9,,18
paras,legends-arceus,level-up,venoshock,15,,25
paras,legends-arceus,level-up,slash,21,,31
paras,legends-arceus,level-up,spore,29,,40
paras,legends-arceus,level-up,x-scissor,37,,48
paras,legends-arceus,level-up,energy-ball,47,,59
parasect,legends-arceus,level-up,absorb,1,,9
parasect,legends-arceus,level-up,stun-spore,5,,14
parasect,legends-arceus,level-up,poison-powder,9,,18
parasect,legends-arceus,level-up,venoshock,15,,25
parasect,legends-arceus,level-up,slash,21,,31
parasect,legends-arceus,level-up,spore,29,,40
parasect,legends-arceus,level-up,x-scissor,37,,48
parasect,legends-arceus,level-up,energy-ball,47,,59
psyduck,legends-arceus,level-up,bubble,1,,10
psyduck,legends-arceus,level-up,confusion,6,,15
psyduck,legends-arceus,level-up,water-pulse,11,,20
psyduck,legends-arceus,level-up,hypnosis,18,,28
psyduck,legends-arceus,level-up,zen-headbutt,25,,35
psyduck,legends-arceus,level-up,aqua-tail,34,,45
psyduck,legends-arceus,level-up,hydro-pump,43,,54
golduck,legends-arceus,level-up,bubble,1,,10
golduck,legends-arceus,level-up,confusion,6,,15
golduck,legends-arceus,level-up,water-pulse,11,,20
golduck,legends-arceus,level-up,hypnosis,18,,28
golduck,legends-arceus,level-up,zen-headbutt,25,,35
golduck,legends-arceus,level-up,aqua-tail,34,,45
golduck,legends-arceus,level-up,hydro-pump,43,,54
abra,legends-arceus,level-up,teleport,1,,
kadabra,legends-arceus,level-up,confusion,0,,15
kadabra,legends-arceus,level-up,teleport,1,,
kadabra,legends-arceus,level-up,hypnosis,6,,15
kadabra,legends-arceus,level-up,calm-mind,11,,20
kadabra,legends-arceus,level-up,psycho-cut,18,,28
kadabra,legends-arceus,level-up,zen-headbutt,25,,35
kadabra,legends-arceus,level-up,recover,34,,45
kadabra,legends-arceus,level-up,psychic,43,,54
alakazam,legends-arceus,level-up,teleport,1,,
alakazam,legends-arceus,level-up,hypnosis,6,,15
alakazam,legends-arceus,level-up,confusion,6,,15
alakazam,legends-arceus,level-up,calm-mind,11,,20
alakazam,legends-arceus,level-up,psycho-cut,18,,28
alakazam,legends-arceus,level-up,zen-headbutt,25,,35
alakazam,legends-arceus,level-up,recover,34,,45
alakazam,legends-arceus,level-up,psychic,43,,54
machop,legends-arceus,level-up,tackle,1,,10
machop,legends-arceus,level-up,rock-smash,6,,15
machop,legends-arceus,level-up,bullet-punch,11,,20
machop,legends-arceus,level-up,double-hit,18,,28
machop,legends-arceus,level-up,mach-punch,22,,32
machop,legends-arceus,level-up,bulk-up,25,,35
machop,legends-arceus,level-up,double-edge,34,,45
machop,legends-arceus,level-up,close-combat,43,,54
machoke,legends-arceus,level-up,tackle,1,,10
machoke,legends-arceus,level-up,rock-smash,6,,15
machoke,legends-arceus,level-up,bullet-punch,11,,20
machoke,legends-arceus,level-up,double-hit,18,,28
machoke,legends-arceus,level-up,mach-punch,22,,32
machoke,legends-arceus,level-up,bulk-up,25,,35
machoke,legends-arceus,level-up,double-edge,34,,45
machoke,legends-arceus,level-up,close-combat,43,,54
machamp,legends-arceus,level-up,tackle,1,,10
machamp,legends-arceus,level-up,rock-smash,6,,15
machamp,legends-arceus,level-up,bullet-punch,11,,20
machamp,legends-arceus,level-up,double-hit,18,,28
machamp,legends-arceus,level-up,mach-punch,22,,32
machamp,legends-arceus,level-up,bulk-up,25,,35
machamp,legends-arceus,level-up,drain-punch,30,,41
machamp,legends-arceus,level-up,double-edge,34,,45
machamp,legends-arceus,level-up,close-combat,43,,54
tentacool,legends-arceus,level-up,poison-sting,1,,10
tentacool,legends-arceus,level-up,bubble,6,,15
tentacool,legends-arceus,level-up,water-pulse,11,,20
tentacool,legends-arceus,level-up,hex,18,,28
tentacool,legends-arceus,level-up,poison-jab,25,,35
tentacool,legends-arceus,level-up,acid-armor,34,,45
tentacool,legends-arceus,level-up,hydro-pump,43,,54
tentacruel,legends-arceus,level-up,poison-sting,1,,10
tentacruel,legends-arceus,level-up,bubble,6,,15
tentacruel,legends-arceus,level-up,water-pulse,11,,20
tentacruel,legends-arceus,level-up,hex,18,,28
tentacruel,legends-arceus,level-up,poison-jab,25,,35
tentacruel,legends-arceus,level-up,acid-armor,34,,45
tentacruel,legends-arceus,level-up,hydro-pump,43,,54
geodude,legends-arceus,level-up,rollout,1,,9
geodude,legends-arceus,level-up,tackle,5,,14
geodude,legends-arceus,level-up,mud-slap,9,,18
geodude,legends-arceus,level-up,iron-defense,15,,25
geodude,legends-arceus,level-up,rock-slide,21,,31
geodude,legends-arceus,level-up,bulldoze,26,,35
geodude,legends-arceus,level-up,stealth-rock,29,,40
geodude,legends-arceus,level-up,double-edge,37,,48
geodude,legends-arceus,level-up,self-destruct,47,,59
graveler,legends-arceus,level-up,rollout,1,,9
graveler,legends-arceus,level-up,tackle,5,,14
graveler,legends-arceus,level-up,mud-slap,9,,18
graveler,legends-arceus,level-up,iron-defense,15,,25
graveler,legends-arceus,level-up,rock-slide,21,,31
graveler,legends-arceus,level-up,bulldoze,26,,35
graveler,legends-arceus,level-up,stealth-rock,29,,40
graveler,legends-arceus,level-up,double-edge,37,,48
graveler,legends-arceus,level-up,self-destruct,47,,59
golem,legends-arceus,level-up,rollout,1,,9
golem,legends-arceus,level-up,tackle,5,,14
golem,legends-arceus,level-up,mud-slap,9,,18
golem,legends-arceus,level-up,iron-defense,15,,25
golem,legends-arceus,level-up,rock-slide,21,,31
golem,legends-arceus,level-up,bulldoze,26,,35
golem,legends-arceus,level-up,stealth-rock,29,,40
golem,legends-arceus,level-up,double-edge,37,,48
golem,legends-arceus,level-up,self-destruct,47,,59
golem,legends-arceus,level-up,stone-edge,57,,71
ponyta,legends-arceus,level-up,tackle,1,,9
ponyta,legends-arceus,level-up,ember,5,,14
ponyta,legends-arceus,level-up,double-hit,9,,18
ponyta,legends-arceus,level-up,flame-wheel,15,,25
ponyta,legends-arceus,level-up,hypnosis,21,,31
ponyta,legends-arceus,level-up,fire-blast,29,,40
ponyta,legends-arceus,level-up,double-edge,37,,48
ponyta,legends-arceus,level-up,flare-blitz,47,,59
rapidash,legends-arceus,level-up,tackle,1,,9
rapidash,legends-arceus,level-up,ember,5,,14
rapidash,legends-arceus,level-up,double-hit,9,,18
rapidash,legends-arceus,level-up,flame-wheel,15,,25
rapidash,legends-arceus,level-up,hypnosis,21,,31
rapidash,legends-arceus,level-up,fire-blast,29,,40
rapidash,legends-arceus,level-up,double-edge,37,,48
rapidash,legends-arceus,level-up,flare-blitz,47,,59
magnemite,legends-arceus,level-up,thunder-shock,1,,10
magnemite,legends-arceus,level-up,tackle,6,,15
magnemite,legends-arceus,level-up,thunder-wave,11,,20
magnemite,legends-arceus,level-up,spark,18,,28
magnemite,legends-arceus,level-up,flash-cannon,25,,35
magnemite,legends-arceus,level-up,thunderbolt,34,,45
magnemite,legends-arceus,level-up,thunder,43,,54
magneton,legends-arceus,level-up,thunder-shock,1,,10
magneton,legends-arceus,level-up,tackle,6,,15
magneton,legends-arceus,level-up,thunder-wave,11,,20
magneton,legends-arceus,level-up,spark,18,,28
magneton,legends-arceus,level-up,flash-cannon,25,,35
magneton,legends-arceus,level-up,tri-attack,25,,35
magneton,legends-arceus,level-up,thunderbolt,34,,45
magneton,legends-arceus,level-up,thunder,43,,54
gastly,legends-arceus,level-up,astonish,1,,10
gastly,legends-arceus,level-up,poison-gas,6,,15
gastly,legends-arceus,level-up,hex,11,,20
gastly,legends-arceus,level-up,venoshock,18,,28
gastly,legends-arceus,level-up,hypnosis,25,,35
gastly,legends-arceus,level-up,dark-pulse,34,,45
gastly,legends-arceus,level-up,shadow-ball,43,,54
haunter,legends-arceus,level-up,astonish,1,,10
haunter,legends-arceus,level-up,poison-gas,6,,15
haunter,legends-arceus,level-up,hex,11,,20
haunter,legends-arceus,level-up,venoshock,18,,28
haunter,legends-arceus,level-up,hypnosis,25,,35
haunter,legends-arceus,level-up,dark-pulse,34,,45
haunter,legends-arceus,level-up,shadow-ball,43,,54
gengar,legends-arceus,level-up,astonish,1,,10
gengar,legends-arceus,level-up,poison-gas,6,,15
gengar,legends-arceus,level-up,hex,11,,20
gengar,legends-arceus,level-up,venoshock,18,,28
gengar,legends-arceus,level-up,hypnosis,25,,35
gengar,legends-arceus,level-up,dark-pulse,34,,45
gengar,legends-arceus,level-up,shadow-ball,43,,54
onix,legends-arceus,level-up,rollout,1,,10
onix,legends-arceus,level-up,tackle,6,,15
onix,legends-arceus,level-up,bulldoze,11,,20
onix,legends-arceus,level-up,rock-slide,18,,28
onix,legends-arceus,level-up,stealth-rock,25,,35
onix,legends-arceus,level-up,high-horsepower,34,,45
onix,legends-arceus,level-up,iron-tail,43,,54
lickitung,legends-arceus,level-up,tackle,1,,10
lickitung,legends-arceus,level-up,rest,6,,15
lickitung,legends-arceus,level-up,bulldoze,11,,20
lickitung,legends-arceus,level-up,zen-headbutt,18,,28
lickitung,legends-arceus,level-up,double-edge,25,,35
lickitung,legends-arceus,level-up,rollout,34,,45
lickitung,legends-arceus,level-up,giga-impact,43,,54
rhyhorn,legends-arceus,level-up,tackle,1,,10
rhyhorn,legends-arceus,level-up,bulldoze,6,,15
rhyhorn,legends-arceus,level-up,rock-smash,11,,20
rhyhorn,legends-arceus,level-up,stealth-rock,18,,28
rhyhorn,legends-arceus,level-up,rock-slide,25,,35
rhyhorn,legends-arceus,level-up,high-horsepower,34,,45
rhyhorn,legends-arceus,level-up,double-edge,43,,54
rhyhorn,legends-arceus,level-up,giga-impact,52,,64
rhydon,legends-arceus,level-up,tackle,1,,10
rhydon,legends-arceus,level-up,bulldoze,6,,15
rhydon,legends-arceus,level-up,rock-smash,11,,20
rhydon,legends-arceus,level-up,stealth-rock,18,,28
rhydon,legends-arceus,level-up,rock-slide,25,,35
rhydon,legends-arceus,level-up,high-horsepower,34,,45
rhydon,legends-arceus,level-up,double-edge,43,,54
rhydon,legends-arceus,level-up,giga-impact,52,,64
chansey,legends-arceus,level-up,tackle,1,,10
chansey,legends-arceus,level-up,fairy-wind,6,,15
chansey,legends-arceus,level-up,baby-doll-eyes,11,,20
chansey,legends-arceus,level-up,draining-kiss,18,,28
chansey,legends-arceus,level-up,calm-mind,25,,35
chansey,legends-arceus,level-up,soft-boiled,34,,45
chansey,legends-arceus,level-up,double-edge,43,,54
tangela,legends-arceus,level-up,absorb,1,,10
tangela,legends-arceus,level-up,stun-spore,6,,15
tangela,legends-arceus,level-up,poison-powder,11,,20
tangela,legends-arceus,level-up,acid-spray,15,,24
tangela,legends-arceus,level-up,double-hit,18,,28
tangela,legends-arceus,level-up,energy-ball,25,,35
tangela,legends-arceus,level-up,ancient-power,34,,45
tangela,legends-arceus,level-up,sleep-powder,43,,54
mr-mime,legends-arceus,level-up,confusion,1,,10
mr-mime,legends-arceus,level-up,hypnosis,6,,15
mr-mime,legends-arceus,level-up,iron-defense,11,,20
mr-mime,legends-arceus,level-up,zen-headbutt,18,,28
mr-mime,legends-arceus,level-up,mimic,25,,
mr-mime,legends-arceus,level-up,psychic,34,,45
mr-mime,legends-arceus,level-up,calm-mind,43,,54
mr-mime,legends-arceus,level-up,dazzling-gleam,46,,58
scyther,legends-arceus,level-up,quick-attack,1,,10
scyther,legends-arceus,level-up,silver-wind,6,,15
scyther,legends-arceus,level-up,aerial-ace,11,,20
scyther,legends-arceus,level-up,double-hit,14,,24
scyther,legends-arceus,level-up,air-slash,18,,28
scyther,legends-arceus,level-up,swords-dance,25,,35
scyther,legends-arceus,level-up,x-scissor,34,,45
scyther,legends-arceus,level-up,close-combat,43,,54
electabuzz,legends-arceus,level-up,thunder-shock,1,,10
electabuzz,legends-arceus,level-up,quick-attack,6,,15
electabuzz,legends-arceus,level-up,spark,11,,20
electabuzz,legends-arceus,level-up,thunder-wave,18,,28
electabuzz,legends-arceus,level-up,thunder-punch,25,,35
electabuzz,legends-arceus,level-up,thunderbolt,34,,45
electabuzz,legends-arceus,level-up,thunder,43,,54
magmar,legends-arceus,level-up,ember,1,,10
magmar,legends-arceus,level-up,tackle,6,,15
magmar,legends-arceus,level-up,flame-wheel,11,,20
magmar,legends-arceus,level-up,poison-gas,18,,28
magmar,legends-arceus,level-up,fire-punch,25,,35
magmar,legends-arceus,level-up,flamethrower,34,,45
magmar,legends-arceus,level-up,fire-blast,43,,54
magikarp,legends-arceus,level-up,splash,1,,
gyarados,legends-arceus,level-up,water-pulse,0,,18
gyarados,legends-arceus,level-up,splash,1,,
gyarados,legends-arceus,level-up,twister,5,,14
gyarados,legends-arceus,level-up,bite,9,,18
gyarados,legends-arceus,level-up,focus-energy,15,,25
gyarados,legends-arceus,level-up,crunch,21,,31
gyarados,legends-arceus,level-up,aqua-tail,29,,40
gyarados,legends-arceus,level-up,hurricane,37,,48
gyarados,legends-arceus,level-up,hydro-pump,47,,59
gyarados,legends-arceus,level-up,hyper-beam,57,,71
eevee,legends-arceus,level-up,tackle,1,,10
eevee,legends-arceus,level-up,quick-attack,6,,15
eevee,legends-arceus,level-up,swift,11,,20
eevee,legends-arceus,level-up,baby-doll-eyes,18,,28
eevee,legends-arceus,level-up,mimic,25,,
eevee,legends-arceus,level-up,calm-mind,34,,45
eevee,legends-arceus,level-up,double-edge,43,,54
vaporeon,legends-arceus,level-up,bubble,0,,15
vaporeon,legends-arceus,level-up,tackle,1,,10
vaporeon,legends-arceus,level-up,quick-attack,6,,15
vaporeon,legends-arceus,level-up,swift,11,,20
vaporeon,legends-arceus,level-up,baby-doll-eyes,18,,28
vaporeon,legends-arceus,level-up,mimic,25,,
vaporeon,legends-arceus,level-up,aqua-tail,25,,35
vaporeon,legends-arceus,level-up,calm-mind,34,,45
vaporeon,legends-arceus,level-up,double-edge,43,,54
jolteon,legends-arceus,level-up,thunder-shock,0,,15
jolteon,legends-arceus,level-up,tackle,1,,10
jolteon,legends-arceus,level-up,quick-attack,6,,15
jolteon,legends-arceus,level-up,swift,11,,20
jolteon,legends-arceus,level-up,baby-doll-eyes,18,,28
jolteon,legends-arceus,level-up,mimic,25,,
jolteon,legends-arceus,level-up,thunderbolt,25,,35
jolteon,legends-arceus,level-up,calm-mind,34,,45
jolteon,legends-arceus,level-up,double-edge,43,,54
flareon,legends-arceus,level-up,ember,0,,15
flareon,legends-arceus,level-up,tackle,1,,10
flareon,legends-arceus,level-up,quick-attack,6,,15
flareon,legends-arceus,level-up,swift,11,,20
flareon,legends-arceus,level-up,baby-doll-eyes,18,,28
flareon,legends-arceus,level-up,mimic,25,,
flareon,legends-arceus,level-up,flamethrower,25,,35
flareon,legends-arceus,level-up,calm-mind,34,,45
flareon,legends-arceus,level-up,double-edge,43,,54
porygon,legends-arceus,level-up,tackle,1,,9
porygon,legends-arceus,level-up,thunder-shock,5,,14
porygon,legends-arceus,level-up,thunder-wave,9,,18
porygon,legends-arceus,level-up,spark,15,,25
porygon,legends-arceus,level-up,tri-attack,21,,31
porygon,legends-arceus,level-up,thunderbolt,29,,40
porygon,legends-arceus,level-up,recover,37,,48
porygon,legends-arceus,level-up,hyper-beam,47,,59
snorlax,legends-arceus,level-up,rollout,1,,9
snorlax,legends-arceus,level-up,tackle,5,,14
snorlax,legends-arceus,level-up,rest,9,,18
snorlax,legends-arceus,level-up,bulldoze,15,,25
snorlax,legends-arceus,level-up,bite,21,,31
snorlax,legends-arceus,level-up,zen-headbutt,29,,40
snorlax,legends-arceus,level-up,crunch,35,,45
snorlax,legends-arceus,level-up,high-horsepower,37,,48
snorlax,legends-arceus,level-up,double-edge,46,,58
snorlax,legends-arceus,level-up,giga-impact,57,,71
cyndaquil,legends-arceus,level-up,quick-attack,1,,10
cyndaquil,legends-arceus,level-up,ember,6,,15
cyndaquil,legends-arceus,level-up,rollout,11,,20
cyndaquil,legends-arceus,level-up,flame-wheel,18,,28
cyndaquil,legends-arceus,level-up,swift,25,,35
cyndaquil,legends-arceus,level-up,flamethrower,34,,45
cyndaquil,legends-arceus,level-up,overheat,43,,54
quilava,legends-arceus,level-up,quick-attack,1,,10
quilava,legends-arceus,level-up,ember,6,,15
quilava,legends-arceus,level-up,rollout,11,,20
quilava,legends-arceus,level-up,flame-wheel,18,,28
quilava,legends-arceus,level-up,swift,25,,35
quilava,legends-arceus,level-up,flamethrower,34,,45
quilava,legends-arceus,level-up,overheat,43,,54
crobat,legends-arceus,level-up,gust,1,,10
crobat,legends-arceus,level-up,hypnosis,6,,15
crobat,legends-arceus,level-up,bite,11,,20
crobat,legends-arceus,level-up,air-cutter,18,,28
crobat,legends-arceus,level-up,cross-poison,25,,35
crobat,legends-arceus,level-up,air-slash,34,,45
crobat,legends-arceus,level-up,leech-life,43,,54
pichu,legends-arceus,level-up,thunder-shock,1,,9
pichu,legends-arceus,level-up,quick-attack,5,,14
pichu,legends-arceus,level-up,thunder-wave,9,,18
pichu,legends-arceus,level-up,swift,15,,25
pichu,legends-arceus,level-up,spark,21,,31
pichu,legends-arceus,level-up,thunderbolt,29,,40
pichu,legends-arceus,level-up,iron-tail,37,,48
pichu,legends-arceus,level-up,thunder,47,,59
cleffa,legends-arceus,level-up,tackle,1,,9
cleffa,legends-arceus,level-up,fairy-wind,5,,14
cleffa,legends-arceus,level-up,baby-doll-eyes,9,,18
cleffa,legends-arceus,level-up,draining-kiss,15,,25
cleffa,legends-arceus,level-up,calm-mind,21,,31
cleffa,legends-arceus,level-up,psychic,29,,40
cleffa,legends-arceus,level-up,moonblast,37,,48
cleffa,legends-arceus,level-up,double-edge,47,,59
togepi,legends-arceus,level-up,tackle,1,,10
togepi,legends-arceus,level-up,fairy-wind,6,,15
togepi,legends-arceus,level-up,draining-kiss,11,,20
togepi,legends-arceus,level-up,calm-mind,18,,28
togepi,legends-arceus,level-up,baby-doll-eyes,25,,35
togepi,legends-arceus,level-up,extrasensory,34,,45
togepi,legends-arceus,level-up,moonblast,43,,54
togetic,legends-arceus,level-up,air-cutter,0,,20
togetic,legends-arceus,level-up,tackle,1,,10
togetic,legends-arceus,level-up,fairy-wind,6,,15
togetic,legends-arceus,level-up,draining-kiss,11,,20
togetic,legends-arceus,level-up,calm-mind,18,,28
togetic,legends-arceus,level-up,baby-doll-eyes,25,,35
togetic,legends-arceus,level-up,air-slash,25,,35
togetic,legends-arceus,level-up,extrasensory,34,,45
togetic,legends-arceus,level-up,moonblast,43,,54
sudowoodo,legends-arceus,level-up,rollout,1,,9
sudowoodo,legends-arceus,level-up,tackle,5,,14
sudowoodo,legends-arceus,level-up,stealth-rock,9,,18
sudowoodo,legends-arceus,level-up,rock-slide,15,,25
sudowoodo,legends-arceus,level-up,iron-defense,21,,31
sudowoodo,legends-arceus,level-up,mimic,29,,
sudowoodo,legends-arceus,level-up,double-edge,37,,48
sudowoodo,legends-arceus,level-up,head-smash,47,,59
sudowoodo,legends-arceus,level-up,wood-hammer,57,,71
aipom,legends-arceus,level-up,quick-attack,1,,10
aipom,legends-arceus,level-up,nasty-plot,6,,15
aipom,legends-arceus,level-up,swift,11,,20
aipom,legends-arceus,level-up,mud-bomb,18,,28
aipom,legends-arceus,level-up,double-hit,25,,35
aipom,legends-arceus,level-up,iron-tail,34,,45
aipom,legends-arceus,level-up,double-edge,43,,54
yanma,legends-arceus,level-up,quick-attack,1,,10
yanma,legends-arceus,level-up,gust,6,,15
yanma,legends-arceus,level-up,silver-wind,11,,20
yanma,legends-arceus,level-up,hypnosis,18,,28
yanma,legends-arceus,level-up,air-slash,25,,35
yanma,legends-arceus,level-up,ancient-power,34,,45
yanma,legends-arceus,level-up,bug-buzz,43,,54
espeon,legends-arceus,level-up,confusion,0,,15
espeon,legends-arceus,level-up,tackle,1,,10
espeon,legends-arceus,level-up,quick-attack,6,,15
espeon,legends-arceus,level-up,swift,11,,20
espeon,legends-arceus,level-up,baby-doll-eyes,18,,28
espeon,legends-arceus,level-up,mimic,25,,
espeon,legends-arceus,level-up,psychic,25,,35
espeon,legends-arceus,level-up,calm-mind,34,,45
espeon,legends-arceus,level-up,double-edge,43,,54
umbreon,legends-arceus,level-up,snarl,0,,15
umbreon,legends-arceus,level-up,tackle,1,,10
umbreon,legends-arceus,level-up,quick-attack,6,,15
umbreon,legends-arceus,level-up,swift,11,,20
umbreon,legends-arceus,level-up,baby-doll-eyes,18,,28
umbreon,legends-arceus,level-up,mimic,25,,
umbreon,legends-arceus,level-up,dark-pulse,25,,35
umbreon,legends-arceus,level-up,calm-mind,34,,45
umbreon,legends-arceus,level-up,double-edge,43,,54
murkrow,legends-arceus,level-up,gust,1,,10
murkrow,legends-arceus,level-up,snarl,6,,15
murkrow,legends-arceus,level-up,roost,11,,20
murkrow,legends-arceus,level-up,aerial-ace,18,,28
murkrow,legends-arceus,level-up,night-slash,25,,35
murkrow,legends-arceus,level-up,air-slash,30,,41
murkrow,legends-arceus,level-up,nasty-plot,34,,45
murkrow,legends-arceus,level-up,dark-pulse,43,,54
misdreavus,legends-arceus,level-up,shadow-sneak,1,,10
misdreavus,legends-arceus,level-up,confusion,6,,15
misdreavus,legends-arceus,level-up,hypnosis,11,,20
misdreavus,legends-arceus,level-up,hex,18,,28
misdreavus,legends-arceus,level-up,extrasensory,25,,35
misdreavus,legends-arceus,level-up,power-gem,34,,45
misdreavus,legends-arceus,level-up,shadow-ball,43,,54
unown,legends-arceus,level-up,hidden-power,1,,10
gligar,legends-arceus,level-up,poison-sting,1,,10
gligar,legends-arceus,level-up,quick-attack,6,,15
gligar,legends-arceus,level-up,aerial-ace,11,,20
gligar,legends-arceus,level-up,mud-bomb,18,,28
gligar,legends-arceus,level-up,slash,25,,35
gligar,legends-arceus,level-up,poison-jab,34,,45
gligar,legends-arceus,level-up,x-scissor,43,,54
steelix,legends-arceus,level-up,rollout,1,,10
steelix,legends-arceus,level-up,tackle,6,,15
steelix,legends-arceus,level-up,bulldoze,11,,20
steelix,legends-arceus,level-up,rock-slide,18,,28
steelix,legends-arceus,level-up,stealth-rock,25,,35
steelix,legends-arceus,level-up,high-horsepower,34,,45
steelix,legends-arceus,level-up,iron-tail,43,,54
scizor,legends-arceus,level-up,quick-attack,1,,10
scizor,legends-arceus,level-up,silver-wind,6,,15
scizor,legends-arceus,level-up,aerial-ace,11,,20
scizor,legends-arceus,level-up,double-hit,14,,24
scizor,legends-arceus,level-up,air-slash,18,,28
scizor,legends-arceus,level-up,swords-dance,25,,35
scizor,legends-arceus,level-up,bullet-punch,29,,40
scizor,legends-arceus,level-up,iron-head,34,,45
scizor,legends-arceus,level-up,x-scissor,34,,45
scizor,legends-arceus,level-up,close-combat,43,,54
heracross,legends-arceus,level-up,tackle,1,,9
heracross,legends-arceus,level-up,rock-smash,5,,14
heracross,legends-arceus,level-up,pin-missile,9,,18
heracross,legends-arceus,level-up,aerial-ace,15,,25
heracross,legends-arceus,level-up,slash,21,,31
heracross,legends-arceus,level-up,swords-dance,29,,40
heracross,legends-arceus,level-up,double-edge,37,,48
heracross,legends-arceus,level-up,close-combat,47,,59
heracross,legends-arceus,level-up,megahorn,57,,71
sneasel,legends-arceus,level-up,quick-attack,1,,10
sneasel,legends-arceus,level-up,ice-shard,6,,15
sneasel,legends-arceus,level-up,swift,11,,20
sneasel,legends-arceus,level-up,slash,18,,28
sneasel,legends-arceus,level-up,poison-jab,25,,35
sneasel,legends-arceus,level-up,swords-dance,34,,45
sneasel,legends-arceus,level-up,blizzard,43,,54
sneasel,legends-arceus,tutor,false-swipe,0,,
sneasel,legends-arceus,tutor,rock-smash,0,,
sneasel,legends-arceus,tutor,aerial-ace,0,,
sneasel,legends-arceus,tutor,swift,0,,
sneasel,legends-arceus,tutor,calm-mind,0,,
sneasel,legends-arceus,tutor,rest,0,,
sneasel,legends-arceus,tutor,ice-punch,0,,
sneasel,legends-arceus,tutor,poison-jab,0,,
sneasel,legends-arceus,tutor,psycho-cut,0,,
sneasel,legends-arceus,tutor,x-scissor,0,,
sneasel,legends-arceus,tutor,shadow-claw,0,,
sneasel,legends-arceus,tutor,iron-tail,0,,
sneasel,legends-arceus,tutor,icy-wind,0,,
sneasel,legends-arceus,tutor,shadow-ball,0,,
sneasel,legends-arceus,tutor,snarl,0,,
sneasel,legends-arceus,tutor,ice-beam,0,,
sneasel,legends-arceus,tutor,dark-pulse,0,,
teddiursa,legends-arceus,level-up,tackle,1,,10
teddiursa,legends-arceus,level-up,baby-doll-eyes,6,,15
teddiursa,legends-arceus,level-up,bulldoze,11,,20
teddiursa,legends-arceus,level-up,slash,18,,28
teddiursa,legends-arceus,level-up,play-rough,25,,35
teddiursa,legends-arceus,level-up,high-horsepower,34,,45
teddiursa,legends-arceus,level-up,double-edge,43,,54
ursaring,legends-arceus,level-up,tackle,1,,10
ursaring,legends-arceus,level-up,baby-doll-eyes,6,,15
ursaring,legends-arceus,level-up,bulldoze,11,,20
ursaring,legends-arceus,level-up,slash,18,,28
ursaring,legends-arceus,level-up,play-rough,25,,35
ursaring,legends-arceus,level-up,high-horsepower,34,,45
ursaring,legends-arceus,level-up,double-edge,43,,54
swinub,legends-arceus,level-up,tackle,1,,10
swinub,legends-arceus,level-up,ice-shard,6,,15
swinub,legends-arceus,level-up,bulldoze,11,,20
swinub,legends-arceus,level-up,icicle-crash,18,,28
swinub,legends-arceus,level-up,high-horsepower,25,,35
swinub,legends-arceus,level-up,ancient-power,34,,45
swinub,legends-arceus,level-up,blizzard,43,,54
swinub,legends-arceus,level-up,double-edge,52,,64
piloswine,legends-arceus,level-up,tackle,1,,10
piloswine,legends-arceus,level-up,ice-shard,6,,15
piloswine,legends-arceus,level-up,bulldoze,11,,20
piloswine,legends-arceus,level-up,icicle-crash,18,,28
piloswine,legends-arceus,level-up,high-horsepower,25,,35
piloswine,legends-arceus,level-up,ancient-power,34,,45
piloswine,legends-arceus,level-up,blizzard,43,,54
piloswine,legends-arceus,level-up,double-edge,52,,64
remoraid,legends-arceus,level-up,bubble,1,,10
remoraid,legends-arceus,level-up,acid-spray,6,,15
remoraid,legends-arceus,level-up,charge-beam,11,,20
remoraid,legends-arceus,level-up,water-pulse,18,,28
remoraid,legends-arceus,level-up,ice-beam,25,,35
remoraid,legends-arceus,level-up,hydro-pump,34,,45
remoraid,legends-arceus,level-up,hyper-beam,43,,54
octillery,legends-arceus,level-up,octazooka,0,,28
octillery,legends-arceus,level-up,bubble,1,,10
octillery,legends-arceus,level-up,acid-spray,6,,15
octillery,legends-arceus,level-up,charge-beam,11,,20
octillery,legends-arceus,level-up,water-pulse,18,,28
octillery,legends-arceus,level-up,ice-beam,25,,35
octillery,legends-arceus,level-up,hydro-pump,34,,45
octillery,legends-arceus,level-up,hyper-beam,43,,54
mantine,legends-arceus,level-up,tackle,1,,9
mantine,legends-arceus,level-up,bubble,5,,14
mantine,legends-arceus,level-up,aerial-ace,9,,18
mantine,legends-arceus,level-up,water-pulse,15,,25
mantine,legends-arceus,level-up,air-slash,21,,31
mantine,legends-arceus,level-up,roost,29,,40
mantine,legends-arceus,level-up,hydro-pump,37,,48
mantine,legends-arceus,level-up,double-edge,47,,59
stantler,legends-arceus,level-up,tackle,1,,9
stantler,legends-arceus,level-up,confusion,5,,14
stantler,legends-arceus,level-up,hypnosis,9,,18
stantler,legends-arceus,level-up,calm-mind,15,,25
stantler,legends-arceus,level-up,psyshield-bash,21,,31
stantler,legends-arceus,level-up,extrasensory,29,,40
stantler,legends-arceus,level-up,zen-headbutt,37,,48
stantler,legends-arceus,level-up,double-edge,47,,59
elekid,legends-arceus,level-up,thunder-shock,1,,10
elekid,legends-arceus,level-up,quick-attack,6,,15
elekid,legends-arceus,level-up,spark,11,,20
elekid,legends-arceus,level-up,thunder-wave,18,,28
elekid,legends-arceus,level-up,thunder-punch,25,,35
elekid,legends-arceus,level-up,thunderbolt,34,,45
elekid,legends-arceus,level-up,thunder,43,,54
magby,legends-arceus,level-up,ember,1,,10
magby,legends-arceus,level-up,tackle,6,,15
magby,legends-arceus,level-up,flame-wheel,11,,20
magby,legends-arceus,level-up,poison-gas,18,,28
magby,legends-arceus,level-up,fire-punch,25,,35
magby,legends-arceus,level-up,flamethrower,34,,45
magby,legends-arceus,level-up,fire-blast,43,,54
blissey,legends-arceus,level-up,tackle,1,,10
blissey,legends-arceus,level-up,fairy-wind,6,,15
blissey,legends-arceus,level-up,baby-doll-eyes,11,,20
blissey,legends-arceus,level-up,draining-kiss,18,,28
blissey,legends-arceus,level-up,calm-mind,25,,35
blissey,legends-arceus,level-up,soft-boiled,34,,45
blissey,legends-arceus,level-up,double-edge,43,,54
wurmple,legends-arceus,level-up,poison-sting,1,,10
wurmple,legends-arceus,level-up,tackle,6,,15
silcoon,legends-arceus,level-up,iron-defense,0,,15
silcoon,legends-arceus,level-up,poison-sting,1,,10
silcoon,legends-arceus,level-up,tackle,6,,15
beautifly,legends-arceus,level-up,air-cutter,0,,15
beautifly,legends-arceus,level-up,poison-sting,1,,10
beautifly,legends-arceus,level-up,tackle,6,,15
beautifly,legends-arceus,level-up,iron-defense,6,,15
beautifly,legends-arceus,level-up,stun-spore,11,,20
beautifly,legends-arceus,level-up,silver-wind,18,,28
beautifly,legends-arceus,level-up,venoshock,25,,35
beautifly,legends-arceus,level-up,air-slash,34,,45
beautifly,legends-arceus,level-up,bug-buzz,43,,54
cascoon,legends-arceus,level-up,iron-defense,0,,15
cascoon,legends-arceus,level-up,poison-sting,1,,10
cascoon,legends-arceus,level-up,tackle,6,,15
dustox,legends-arceus,level-up,confusion,0,,15
dustox,legends-arceus,level-up,poison-sting,1,,10
dustox,legends-arceus,level-up,tackle,6,,15
dustox,legends-arceus,level-up,iron-defense,6,,15
dustox,legends-arceus,level-up,poison-powder,11,,20
dustox,legends-arceus,level-up,silver-wind,18,,28
dustox,legends-arceus,level-up,venoshock,25,,35
dustox,legends-arceus,level-up,extrasensory,34,,45
dustox,legends-arceus,level-up,bug-buzz,43,,54
ralts,legends-arceus,level-up,confusion,1,,10
ralts,legends-arceus,level-up,teleport,6,,15
ralts,legends-arceus,level-up,draining-kiss,11,,20
ralts,legends-arceus,level-up,hypnosis,18,,28
ralts,legends-arceus,level-up,calm-mind,25,,35
ralts,legends-arceus,level-up,psychic,34,,45
kirlia,legends-arceus,level-up,confusion,1,,10
kirlia,legends-arceus,level-up,teleport,6,,15
kirlia,legends-arceus,level-up,draining-kiss,11,,20
kirlia,legends-arceus,level-up,hypnosis,18,,28
kirlia,legends-arceus,level-up,calm-mind,25,,35
kirlia,legends-arceus,level-up,psychic,34,,45
gardevoir,legends-arceus,level-up,dazzling-gleam,0,,40
gardevoir,legends-arceus,level-up,confusion,1,,10
gardevoir,legends-arceus,level-up,teleport,6,,15
gardevoir,legends-arceus,level-up,draining-kiss,11,,20
gardevoir,legends-arceus,level-up,hypnosis,18,,28
gardevoir,legends-arceus,level-up,calm-mind,25,,35
gardevoir,legends-arceus,level-up,psychic,34,,45
gardevoir,legends-arceus,level-up,aura-sphere,40,,51
gardevoir,legends-arceus,level-up,moonblast,43,,54
gardevoir,legends-arceus,level-up,recover,52,,64
nosepass,legends-arceus,level-up,tackle,1,,10
nosepass,legends-arceus,level-up,thunder-wave,6,,15
nosepass,legends-arceus,level-up,spark,11,,20
nosepass,legends-arceus,level-up,iron-defense,18,,28
nosepass,legends-arceus,level-up,rock-slide,25,,35
nosepass,legends-arceus,level-up,power-gem,34,,45
nosepass,legends-arceus,level-up,earth-power,43,,54
roselia,legends-arceus,level-up,poison-sting,1,,10
roselia,legends-arceus,level-up,absorb,6,,15
roselia,legends-arceus,level-up,poison-powder,11,,20
roselia,legends-arceus,level-up,stun-spore,18,,28
roselia,legends-arceus,level-up,venoshock,25,,35
roselia,legends-arceus,level-up,poison-jab,34,,45
roselia,legends-arceus,level-up,energy-ball,43,,54
roselia,legends-arceus,level-up,petal-dance,52,,64
barboach,legends-arceus,level-up,mud-slap,1,,10
barboach,legends-arceus,level-up,water-pulse,6,,15
barboach,legends-arceus,level-up,mud-bomb,11,,20
barboach,legends-arceus,level-up,rest,18,,28
barboach,legends-arceus,level-up,zen-headbutt,25,,35
barboach,legends-arceus,level-up,aqua-tail,34,,45
barboach,legends-arceus,level-up,earth-power,43,,54
whiscash,legends-arceus,level-up,mud-slap,1,,10
whiscash,legends-arceus,level-up,water-pulse,6,,15
whiscash,legends-arceus,level-up,mud-bomb,11,,20
whiscash,legends-arceus,level-up,rest,18,,28
whiscash,legends-arceus,level-up,zen-headbutt,25,,35
whiscash,legends-arceus,level-up,aqua-tail,34,,45
whiscash,legends-arceus,level-up,earth-power,43,,54
duskull,legends-arceus,level-up,absorb,1,,10
duskull,legends-arceus,level-up,shadow-sneak,6,,15
duskull,legends-arceus,level-up,hex,11,,20
duskull,legends-arceus,level-up,leech-life,18,,28
duskull,legends-arceus,level-up,dark-pulse,25,,35
duskull,legends-arceus,level-up,shadow-ball,34,,45
duskull,legends-arceus,level-up,psychic,43,,54
dusclops,legends-arceus,level-up,absorb,1,,10
dusclops,legends-arceus,level-up,shadow-sneak,6,,15
dusclops,legends-arceus,level-up,hex,11,,20
dusclops,legends-arceus,level-up,leech-life,18,,28
dusclops,legends-arceus,level-up,dark-pulse,25,,35
dusclops,legends-arceus,level-up,shadow-ball,34,,45
dusclops,legends-arceus,level-up,psychic,43,,54
chimecho,legends-arceus,level-up,tackle,1,,10
chimecho,legends-arceus,level-up,confusion,6,,15
chimecho,legends-arceus,level-up,ominous-wind,11,,20
chimecho,legends-arceus,level-up,hypnosis,18,,28
chimecho,legends-arceus,level-up,extrasensory,25,,35
chimecho,legends-arceus,level-up,recover,34,,45
chimecho,legends-arceus,level-up,double-edge,43,,54
snorunt,legends-arceus,level-up,powder-snow,1,,10
snorunt,legends-arceus,level-up,ice-shard,6,,15
snorunt,legends-arceus,level-up,bite,11,,20
snorunt,legends-arceus,level-up,ice-fang,18,,28
snorunt,legends-arceus,level-up,crunch,25,,35
snorunt,legends-arceus,level-up,icicle-crash,34,,45
snorunt,legends-arceus,level-up,blizzard,43,,54
glalie,legends-arceus,level-up,ice-ball,1,,10
glalie,legends-arceus,level-up,powder-snow,1,,10
glalie,legends-arceus,level-up,ice-shard,6,,15
glalie,legends-arceus,level-up,bite,11,,20
glalie,legends-arceus,level-up,ice-fang,18,,28
glalie,legends-arceus,level-up,crunch,25,,35
glalie,legends-arceus,level-up,icicle-crash,34,,45
glalie,legends-arceus,level-up,blizzard,43,,54
spheal,legends-arceus,level-up,rollout,1,,10
spheal,legends-arceus,level-up,powder-snow,6,,15
spheal,legends-arceus,level-up,water-pulse,11,,20
spheal,legends-arceus,level-up,rest,18,,28
spheal,legends-arceus,level-up,liquidation,25,,35
spheal,legends-arceus,level-up,ice-beam,34,,45
spheal,legends-arceus,level-up,blizzard,43,,54
sealeo,legends-arceus,level-up,rollout,1,,10
sealeo,legends-arceus,level-up,powder-snow,6,,15
sealeo,legends-arceus,level-up,water-pulse,11,,20
sealeo,legends-arceus,level-up,rest,18,,28
sealeo,legends-arceus,level-up,liquidation,25,,35
sealeo,legends-arceus,level-up,ice-beam,34,,45
sealeo,legends-arceus,level-up,blizzard,43,,54
walrein,legends-arceus,level-up,rollout,1,,10
walrein,legends-arceus,level-up,powder-snow,6,,15
walrein,legends-arceus,level-up,water-pulse,11,,20
walrein,legends-arceus,level-up,rest,18,,28
walrein,legends-arceus,level-up,liquidation,25,,35
walrein,legends-arceus,level-up,ice-beam,34,,45
walrein,legends-arceus,level-up,blizzard,43,,54
turtwig,legends-arceus,level-up,tackle,1,,10
turtwig,legends-arceus,level-up,leafage,6,,15
turtwig,legends-arceus,level-up,bite,11,,20
turtwig,legends-arceus,level-up,bulldoze,18,,28
turtwig,legends-arceus,level-up,sleep-powder,25,,35
turtwig,legends-arceus,level-up,leaf-blade,34,,45
turtwig,legends-arceus,level-up,double-edge,43,,54
grotle,legends-arceus,level-up,tackle,1,,10
grotle,legends-arceus,level-up,leafage,6,,15
grotle,legends-arceus,level-up,bite,11,,20
grotle,legends-arceus,level-up,bulldoze,18,,28
grotle,legends-arceus,level-up,sleep-powder,25,,35
grotle,legends-arceus,level-up,leaf-blade,34,,45
grotle,legends-arceus,level-up,double-edge,43,,54
torterra,legends-arceus,level-up,tackle,1,,10
torterra,legends-arceus,level-up,leafage,6,,15
torterra,legends-arceus,level-up,bite,11,,20
torterra,legends-arceus,level-up,bulldoze,18,,28
torterra,legends-arceus,level-up,sleep-powder,25,,35
torterra,legends-arceus,level-up,leaf-blade,34,,45
torterra,legends-arceus,level-up,double-edge,43,,54
torterra,legends-arceus,level-up,wood-hammer,52,,64
torterra,legends-arceus,level-up,headlong-rush,57,,71
chimchar,legends-arceus,level-up,tackle,1,,10
chimchar,legends-arceus,level-up,ember,6,,15
chimchar,legends-arceus,level-up,swift,11,,20
chimchar,legends-arceus,level-up,flame-wheel,18,,28
chimchar,legends-arceus,level-up,nasty-plot,25,,35
chimchar,legends-arceus,level-up,flamethrower,34,,45
chimchar,legends-arceus,level-up,double-edge,43,,54
monferno,legends-arceus,level-up,tackle,1,,10
monferno,legends-arceus,level-up,ember,6,,15
monferno,legends-arceus,level-up,swift,11,,20
monferno,legends-arceus,level-up,mach-punch,16,,24
monferno,legends-arceus,level-up,flame-wheel,18,,28
monferno,legends-arceus,level-up,nasty-plot,25,,35
monferno,legends-arceus,level-up,flamethrower,34,,45
monferno,legends-arceus,level-up,double-edge,43,,54
infernape,legends-arceus,level-up,tackle,1,,10
infernape,legends-arceus,level-up,ember,6,,15
infernape,legends-arceus,level-up,swift,11,,20
infernape,legends-arceus,level-up,mach-punch,16,,24
infernape,legends-arceus,level-up,flame-wheel,18,,28
infernape,legends-arceus,level-up,nasty-plot,25,,35
infernape,legends-arceus,level-up,flamethrower,34,,45
infernape,legends-arceus,level-up,double-edge,43,,54
infernape,legends-arceus,level-up,raging-fury,46,,58
infernape,legends-arceus,level-up,flare-blitz,52,,64
infernape,legends-arceus,level-up,close-combat,57,,71
piplup,legends-arceus,level-up,tackle,1,,10
piplup,legends-arceus,level-up,bubble,6,,15
piplup,legends-arceus,level-up,aerial-ace,11,,20
piplup,legends-arceus,level-up,water-pulse,18,,28
piplup,legends-arceus,level-up,roost,25,,35
piplup,legends-arceus,level-up,liquidation,34,,45
piplup,legends-arceus,level-up,double-edge,43,,54
prinplup,legends-arceus,level-up,tackle,1,,10
prinplup,legends-arceus,level-up,bubble,6,,15
prinplup,legends-arceus,level-up,aerial-ace,11,,20
prinplup,legends-arceus,level-up,water-pulse,18,,28
prinplup,legends-arceus,level-up,roost,25,,35
prinplup,legends-arceus,level-up,liquidation,34,,45
prinplup,legends-arceus,level-up,double-edge,43,,54
empoleon,legends-arceus,level-up,flash-cannon,0,,45
empoleon,legends-arceus,level-up,tackle,1,,10
empoleon,legends-arceus,level-up,bubble,6,,15
empoleon,legends-arceus,level-up,aerial-ace,11,,20
empoleon,legends-arceus,level-up,water-pulse,18,,28
empoleon,legends-arceus,level-up,roost,25,,35
empoleon,legends-arceus,level-up,liquidation,34,,45
empoleon,legends-arceus,level-up,double-edge,43,,54
empoleon,legends-arceus,level-up,hydro-pump,52,,64
empoleon,legends-arceus,level-up,wave-crash,57,,71
starly,legends-arceus,level-up,gust,1,,9
starly,legends-arceus,level-up,quick-attack,5,,14
starly,legends-arceus,level-up,aerial-ace,9,,18
starly,legends-arceus,level-up,air-slash,15,,25
starly,legends-arceus,level-up,roost,21,,31
starly,legends-arceus,level-up,double-edge,29,,40
starly,legends-arceus,level-up,brave-bird,37,,48
starly,legends-arceus,level-up,giga-impact,47,,59
staravia,legends-arceus,level-up,gust,1,,9
staravia,legends-arceus,level-up,quick-attack,5,,14
staravia,legends-arceus,level-up,aerial-ace,9,,18
staravia,legends-arceus,level-up,air-slash,15,,25
staravia,legends-arceus,level-up,roost,21,,31
staravia,legends-arceus,level-up,double-edge,29,,40
staravia,legends-arceus,level-up,brave-bird,37,,48
staravia,legends-arceus,level-up,giga-impact,47,,59
staraptor,legends-arceus,level-up,close-combat,0,,48
staraptor,legends-arceus,level-up,gust,1,,9
staraptor,legends-arceus,level-up,quick-attack,5,,14
staraptor,legends-arceus,level-up,aerial-ace,9,,18
staraptor,legends-arceus,level-up,air-slash,15,,25
staraptor,legends-arceus,level-up,roost,21,,31
staraptor,legends-arceus,level-up,double-edge,29,,40
staraptor,legends-arceus,level-up,brave-bird,37,,48
staraptor,legends-arceus,level-up,giga-impact,47,,59
bidoof,legends-arceus,level-up,rollout,1,,9
bidoof,legends-arceus,level-up,tackle,5,,14
bidoof,legends-arceus,level-up,bite,10,,19
bidoof,legends-arceus,level-up,rest,16,,26
bidoof,legends-arceus,level-up,crunch,23,,33
bidoof,legends-arceus,level-up,swords-dance,31,,42
bidoof,legends-arceus,level-up,double-edge,40,,52
bibarel,legends-arceus,level-up,water-pulse,0,,19
bibarel,legends-arceus,level-up,rollout,1,,9
bibarel,legends-arceus,level-up,tackle,5,,14
bibarel,legends-arceus,level-up,bite,10,,19
bibarel,legends-arceus,level-up,rest,16,,26
bibarel,legends-arceus,level-up,crunch,23,,33
bibarel,legends-arceus,level-up,aqua-tail,23,,33
bibarel,legends-arceus,level-up,swords-dance,31,,42
bibarel,legends-arceus,level-up,double-edge,40,,52
kricketot,legends-arceus,level-up,absorb,1,,9
kricketot,legends-arceus,level-up,tackle,5,,14
kricketune,legends-arceus,level-up,absorb,1,,9
kricketune,legends-arceus,level-up,tackle,5,,14
kricketune,legends-arceus,level-up,aerial-ace,9,,18
kricketune,legends-arceus,level-up,slash,15,,25
kricketune,legends-arceus,level-up,night-slash,21,,31
kricketune,legends-arceus,level-up,x-scissor,29,,40
kricketune,legends-arceus,level-up,swords-dance,37,,48
kricketune,legends-arceus,level-up,bug-buzz,47,,59
shinx,legends-arceus,level-up,quick-attack,1,,9
shinx,legends-arceus,level-up,thunder-shock,5,,14
shinx,legends-arceus,level-up,bite,9,,18
shinx,legends-arceus,level-up,thunder-fang,15,,25
shinx,legends-arceus,level-up,thunder-wave,21,,31
shinx,legends-arceus,level-up,crunch,29,,40
shinx,legends-arceus,level-up,wild-charge,37,,48
shinx,legends-arceus,level-up,thunder,47,,59
luxio,legends-arceus,level-up,quick-attack,1,,9
luxio,legends-arceus,level-up,thunder-shock,5,,14
luxio,legends-arceus,level-up,bite,9,,18
luxio,legends-arceus,level-up,thunder-fang,15,,25
luxio,legends-arceus,level-up,thunder-wave,21,,31
luxio,legends-arceus,level-up,crunch,29,,40
luxio,legends-arceus,level-up,wild-charge,37,,48
luxio,legends-arceus,level-up,thunder,47,,59
luxray,legends-arceus,level-up,quick-attack,1,,9
luxray,legends-arceus,level-up,thunder-shock,5,,14
luxray,legends-arceus,level-up,bite,9,,18
luxray,legends-arceus,level-up,thunder-fang,15,,25
luxray,legends-arceus,level-up,thunder-wave,21,,31
luxray,legends-arceus,level-up,crunch,29,,40
luxray,legends-arceus,level-up,wild-charge,37,,48
luxray,legends-arceus,level-up,thunder,47,,59
budew,legends-arceus,level-up,poison-sting,1,,10
budew,legends-arceus,level-up,absorb,6,,15
budew,legends-arceus,level-up,poison-powder,11,,20
budew,legends-arceus,level-up,stun-spore,18,,28
budew,legends-arceus,level-up,venoshock,25,,35
budew,legends-arceus,level-up,poison-jab,34,,45
budew,legends-arceus,level-up,energy-ball,43,,54
budew,legends-arceus,level-up,petal-dance,52,,64
roserade,legends-arceus,level-up,poison-sting,1,,10
roserade,legends-arceus,level-up,absorb,6,,15
roserade,legends-arceus,level-up,poison-powder,11,,20
roserade,legends-arceus,level-up,stun-spore,18,,28
roserade,legends-arceus,level-up,venoshock,25,,35
roserade,legends-arceus,level-up,poison-jab,34,,45
roserade,legends-arceus,level-up,energy-ball,43,,54
roserade,legends-arceus,level-up,petal-dance,52,,64
cranidos,legends-arceus,level-up,tackle,1,,9
cranidos,legends-arceus,level-up,ancient-power,5,,14
cranidos,legends-arceus,level-up,bite,9,,18
cranidos,legends-arceus,level-up,rock-slide,15,,25
cranidos,legends-arceus,level-up,iron-head,21,,31
cranidos,legends-arceus,level-up,crunch,29,,40
cranidos,legends-arceus,level-up,double-edge,37,,48
cranidos,legends-arceus,level-up,head-smash,47,,59
rampardos,legends-arceus,level-up,tackle,1,,9
rampardos,legends-arceus,level-up,ancient-power,5,,14
rampardos,legends-arceus,level-up,bite,9,,18
rampardos,legends-arceus,level-up,rock-slide,15,,25
rampardos,legends-arceus,level-up,iron-head,21,,31
rampardos,legends-arceus,level-up,crunch,29,,40
rampardos,legends-arceus,level-up,double-edge,37,,48
rampardos,legends-arceus,level-up,head-smash,47,,59
shieldon,legends-arceus,level-up,tackle,1,,9
shieldon,legends-arceus,level-up,ancient-power,5,,14
shieldon,legends-arceus,level-up,iron-defense,9,,18
shieldon,legends-arceus,level-up,rock-slide,15,,25
shieldon,legends-arceus,level-up,iron-head,21,,31
shieldon,legends-arceus,level-up,earth-power,29,,40
shieldon,legends-arceus,level-up,stealth-rock,37,,48
shieldon,legends-arceus,level-up,double-edge,47,,59
bastiodon,legends-arceus,level-up,tackle,1,,9
bastiodon,legends-arceus,level-up,ancient-power,5,,14
bastiodon,legends-arceus,level-up,iron-defense,9,,18
bastiodon,legends-arceus,level-up,rock-slide,15,,25
bastiodon,legends-arceus,level-up,iron-head,21,,31
bastiodon,legends-arceus,level-up,earth-power,29,,40
bastiodon,legends-arceus,level-up,stealth-rock,37,,48
bastiodon,legends-arceus,level-up,double-edge,47,,59
burmy,legends-arceus,level-up,struggle-bug,1,,10
wormadam-plant,legends-arceus,level-up,struggle-bug,1,,10
wormadam-plant,legends-arceus,level-up,gust,6,,15
wormadam-plant,legends-arceus,level-up,confusion,11,,20
wormadam-plant,legends-arceus,level-up,silver-wind,18,,28
wormadam-plant,legends-arceus,level-up,energy-ball,25,,35
wormadam-plant,legends-arceus,level-up,psychic,34,,45
wormadam-plant,legends-arceus,level-up,bug-buzz,43,,54
wormadam-plant,legends-arceus,tutor,magical-leaf,0,,
wormadam-plant,legends-arceus,tutor,rest,0,,
wormadam-plant,legends-arceus,tutor,energy-ball,0,,
wormadam-plant,legends-arceus,tutor,shadow-ball,0,,
wormadam-plant,legends-arceus,tutor,giga-impact,0,,
wormadam-plant,legends-arceus,tutor,hyper-beam,0,,
wormadam-plant,legends-arceus,tutor,psychic,0,,
mothim,legends-arceus,level-up,struggle-bug,1,,10
mothim,legends-arceus,level-up,gust,6,,15
mothim,legends-arceus,level-up,confusion,11,,20
mothim,legends-arceus,level-up,silver-wind,18,,28
mothim,legends-arceus,level-up,air-slash,25,,35
mothim,legends-arceus,level-up,psychic,34,,45
mothim,legends-arceus,level-up,bug-buzz,43,,54
combee,legends-arceus,level-up,gust,1,,10
combee,legends-arceus,level-up,struggle-bug,6,,15
vespiquen,legends-arceus,level-up,gust,1,,10
vespiquen,legends-arceus,level-up,struggle-bug,6,,15
vespiquen,legends-arceus,level-up,pin-missile,11,,20
vespiquen,legends-arceus,level-up,silver-wind,18,,27
vespiquen,legends-arceus,level-up,slash,25,,35
vespiquen,legends-arceus,level-up,air-slash,29,,44
vespiquen,legends-arceus,level-up,power-gem,34,,45
vespiquen,legends-arceus,level-up,bug-buzz,43,,54
vespiquen,legends-arceus,level-up,recover,52,,64
pachirisu,legends-arceus,level-up,quick-attack,1,,9
pachirisu,legends-arceus,level-up,thunder-shock,5,,14
pachirisu,legends-arceus,level-up,bite,9,,18
pachirisu,legends-arceus,level-up,spark,15,,25
pachirisu,legends-arceus,level-up,baby-doll-eyes,21,,31
pachirisu,legends-arceus,level-up,crunch,29,,40
pachirisu,legends-arceus,level-up,thunder-wave,37,,48
pachirisu,legends-arceus,level-up,thunder,47,,59
buizel,legends-arceus,level-up,quick-attack,1,,10
buizel,legends-arceus,level-up,aqua-jet,6,,15
buizel,legends-arceus,level-up,swift,11,,20
buizel,legends-arceus,level-up,water-pulse,18,,28
buizel,legends-arceus,level-up,double-hit,25,,35
buizel,legends-arceus,level-up,aqua-tail,34,,45
buizel,legends-arceus,level-up,hydro-pump,43,,54
floatzel,legends-arceus,level-up,quick-attack,1,,10
floatzel,legends-arceus,level-up,aqua-jet,6,,15
floatzel,legends-arceus,level-up,swift,11,,20
floatzel,legends-arceus,level-up,water-pulse,18,,28
floatzel,legends-arceus,level-up,double-hit,25,,35
floatzel,legends-arceus,level-up,crunch,30,,41
floatzel,legends-arceus,level-up,aqua-tail,34,,45
floatzel,legends-arceus,level-up,hydro-pump,43,,54
cherubi,legends-arceus,level-up,absorb,1,,9
cherubi,legends-arceus,level-up,tackle,5,,14
cherubi,legends-arceus,level-up,stun-spore,9,,18
cherubi,legends-arceus,level-up,draining-kiss,15,,25
cherubi,legends-arceus,level-up,energy-ball,21,,31
cherubi,legends-arceus,level-up,sleep-powder,29,,40
cherubi,legends-arceus,level-up,double-edge,37,,48
cherubi,legends-arceus,level-up,petal-dance,47,,59
cherrim,legends-arceus,level-up,absorb,1,,9
cherrim,legends-arceus,level-up,tackle,5,,14
cherrim,legends-arceus,level-up,stun-spore,9,,18
cherrim,legends-arceus,level-up,draining-kiss,15,,25
cherrim,legends-arceus,level-up,energy-ball,21,,31
cherrim,legends-arceus,level-up,sleep-powder,29,,40
cherrim,legends-arceus,level-up,double-edge,37,,48
cherrim,legends-arceus,level-up,petal-dance,47,,59
shellos,legends-arceus,level-up,mud-slap,1,,9
shellos,legends-arceus,level-up,tackle,5,,14
shellos,legends-arceus,level-up,water-pulse,9,,18
shellos,legends-arceus,level-up,ancient-power,15,,25
shellos,legends-arceus,level-up,mud-bomb,21,,31
shellos,legends-arceus,level-up,earth-power,29,,40
shellos,legends-arceus,level-up,recover,37,,48
shellos,legends-arceus,level-up,hydro-pump,47,,59
gastrodon,legends-arceus,level-up,mud-slap,1,,9
gastrodon,legends-arceus,level-up,tackle,5,,14
gastrodon,legends-arceus,level-up,water-pulse,9,,18
gastrodon,legends-arceus,level-up,ancient-power,15,,25
gastrodon,legends-arceus,level-up,mud-bomb,21,,31
gastrodon,legends-arceus,level-up,earth-power,29,,40
gastrodon,legends-arceus,level-up,recover,37,,48
gastrodon,legends-arceus,level-up,hydro-pump,47,,59
ambipom,legends-arceus,level-up,quick-attack,1,,10
ambipom,legends-arceus,level-up,nasty-plot,6,,15
ambipom,legends-arceus,level-up,swift,11,,20
ambipom,legends-arceus,level-up,mud-bomb,18,,28
ambipom,legends-arceus,level-up,double-hit,25,,35
ambipom,legends-arceus,level-up,iron-tail,34,,45
ambipom,legends-arceus,level-up,double-edge,43,,54
drifloon,legends-arceus,level-up,confusion,1,,9
drifloon,legends-arceus,level-up,hypnosis,5,,14
drifloon,legends-arceus,level-up,astonish,9,,18
drifloon,legends-arceus,level-up,calm-mind,15,,25
drifloon,legends-arceus,level-up,hex,21,,31
drifloon,legends-arceus,level-up,mystical-fire,25,,35
drifloon,legends-arceus,level-up,extrasensory,29,,40
drifloon,legends-arceus,level-up,shadow-ball,37,,48
drifloon,legends-arceus,level-up,self-destruct,47,,59
drifblim,legends-arceus,level-up,confusion,1,,9
drifblim,legends-arceus,level-up,hypnosis,5,,14
drifblim,legends-arceus,level-up,astonish,9,,18
drifblim,legends-arceus,level-up,calm-mind,15,,25
drifblim,legends-arceus,level-up,hex,21,,31
drifblim,legends-arceus,level-up,mystical-fire,25,,35
drifblim,legends-arceus,level-up,extrasensory,29,,40
drifblim,legends-arceus,level-up,shadow-ball,37,,48
drifblim,legends-arceus,level-up,self-destruct,47,,59
buneary,legends-arceus,level-up,quick-attack,1,,9
buneary,legends-arceus,level-up,baby-doll-eyes,5,,14
buneary,legends-arceus,level-up,swift,10,,19
buneary,legends-arceus,level-up,draining-kiss,16,,26
buneary,legends-arceus,level-up,double-hit,23,,33
buneary,legends-arceus,level-up,play-rough,31,,42
buneary,legends-arceus,level-up,double-edge,40,,52
lopunny,legends-arceus,level-up,quick-attack,1,,9
lopunny,legends-arceus,level-up,mach-punch,1,,9
lopunny,legends-arceus,level-up,baby-doll-eyes,5,,14
lopunny,legends-arceus,level-up,swift,10,,19
lopunny,legends-arceus,level-up,draining-kiss,16,,26
lopunny,legends-arceus,level-up,double-hit,23,,33
lopunny,legends-arceus,level-up,play-rough,31,,42
lopunny,legends-arceus,level-up,double-edge,40,,52
lopunny,legends-arceus,level-up,close-combat,40,,52
mismagius,legends-arceus,level-up,shadow-sneak,1,,10
mismagius,legends-arceus,level-up,confusion,6,,15
mismagius,legends-arceus,level-up,hypnosis,11,,20
mismagius,legends-arceus,level-up,hex,18,,28
mismagius,legends-arceus,level-up,extrasensory,25,,35
mismagius,legends-arceus,level-up,power-gem,34,,45
mismagius,legends-arceus,level-up,shadow-ball,43,,54
honchkrow,legends-arceus,level-up,gust,1,,10
honchkrow,legends-arceus,level-up,snarl,6,,15
honchkrow,legends-arceus,level-up,roost,11,,20
honchkrow,legends-arceus,level-up,aerial-ace,18,,28
honchkrow,legends-arceus,level-up,night-slash,25,,35
honchkrow,legends-arceus,level-up,air-slash,30,,41
honchkrow,legends-arceus,level-up,nasty-plot,34,,45
honchkrow,legends-arceus,level-up,dark-pulse,43,,54
honchkrow,legends-arceus,level-up,brave-bird,52,,64
glameow,legends-arceus,level-up,tackle,1,,9
glameow,legends-arceus,level-up,hypnosis,5,,14
glameow,legends-arceus,level-up,nasty-plot,10,,19
glameow,legends-arceus,level-up,slash,16,,26
glameow,legends-arceus,level-up,night-slash,23,,33
glameow,legends-arceus,level-up,play-rough,31,,42
glameow,legends-arceus,level-up,double-edge,40,,52
purugly,legends-arceus,level-up,tackle,1,,9
purugly,legends-arceus,level-up,hypnosis,5,,14
purugly,legends-arceus,level-up,nasty-plot,10,,19
purugly,legends-arceus,level-up,slash,16,,26
purugly,legends-arceus,level-up,night-slash,23,,33
purugly,legends-arceus,level-up,play-rough,31,,42
purugly,legends-arceus,level-up,double-edge,40,,52
chingling,legends-arceus,level-up,tackle,1,,10
chingling,legends-arceus,level-up,confusion,6,,15
chingling,legends-arceus,level-up,ominous-wind,11,,20
chingling,legends-arceus,level-up,hypnosis,18,,28
chingling,legends-arceus,level-up,extrasensory,25,,35
chingling,legends-arceus,level-up,recover,34,,45
chingling,legends-arceus,level-up,double-edge,43,,54
stunky,legends-arceus,level-up,tackle,1,,10
stunky,legends-arceus,level-up,acid-spray,6,,15
stunky,legends-arceus,level-up,poison-gas,11,,20
stunky,legends-arceus,level-up,venoshock,18,,28
stunky,legends-arceus,level-up,night-slash,25,,35
stunky,legends-arceus,level-up,poison-jab,34,,45
stunky,legends-arceus,level-up,double-edge,43,,54
skuntank,legends-arceus,level-up,tackle,1,,10
skuntank,legends-arceus,level-up,acid-spray,6,,15
skuntank,legends-arceus,level-up,poison-gas,11,,20
skuntank,legends-arceus,level-up,venoshock,18,,28
skuntank,legends-arceus,level-up,night-slash,25,,35
skuntank,legends-arceus,level-up,poison-jab,34,,45
skuntank,legends-arceus,level-up,flamethrower,34,,45
skuntank,legends-arceus,level-up,double-edge,43,,54
bronzor,legends-arceus,level-up,tackle,1,,10
bronzor,legends-arceus,level-up,confusion,6,,15
bronzor,legends-arceus,level-up,iron-defense,11,,20
bronzor,legends-arceus,level-up,hex,18,,28
bronzor,legends-arceus,level-up,hypnosis,25,,35
bronzor,legends-arceus,level-up,flash-cannon,34,,45
bronzor,legends-arceus,level-up,extrasensory,43,,54
bronzong,legends-arceus,level-up,tackle,1,,10
bronzong,legends-arceus,level-up,confusion,6,,15
bronzong,legends-arceus,level-up,iron-defense,11,,20
bronzong,legends-arceus,level-up,hex,18,,28
bronzong,legends-arceus,level-up,hypnosis,25,,35
bronzong,legends-arceus,level-up,flash-cannon,34,,45
bronzong,legends-arceus,level-up,extrasensory,43,,54
bonsly,legends-arceus,level-up,rollout,1,,9
bonsly,legends-arceus,level-up,tackle,5,,14
bonsly,legends-arceus,level-up,stealth-rock,9,,18
bonsly,legends-arceus,level-up,rock-slide,15,,25
bonsly,legends-arceus,level-up,iron-defense,21,,31
bonsly,legends-arceus,level-up,mimic,29,,
bonsly,legends-arceus,level-up,double-edge,37,,48
bonsly,legends-arceus,level-up,head-smash,47,,59
mime-jr,legends-arceus,level-up,confusion,1,,10
mime-jr,legends-arceus,level-up,hypnosis,6,,15
mime-jr,legends-arceus,level-up,iron-defense,11,,20
mime-jr,legends-arceus,level-up,zen-headbutt,18,,28
mime-jr,legends-arceus,level-up,mimic,25,,
mime-jr,legends-arceus,level-up,psychic,34,,45
mime-jr,legends-arceus,level-up,calm-mind,43,,54
happiny,legends-arceus,level-up,tackle,1,,10
happiny,legends-arceus,level-up,fairy-wind,6,,15
happiny,legends-arceus,level-up,baby-doll-eyes,11,,20
happiny,legends-arceus,level-up,draining-kiss,18,,28
happiny,legends-arceus,level-up,calm-mind,25,,35
happiny,legends-arceus,level-up,soft-boiled,34,,45
happiny,legends-arceus,level-up,double-edge,43,,54
chatot,legends-arceus,level-up,gust,1,,10
chatot,legends-arceus,level-up,swift,6,,15
chatot,legends-arceus,level-up,air-cutter,11,,20
chatot,legends-arceus,level-up,roost,18,,28
chatot,legends-arceus,level-up,air-slash,25,,35
chatot,legends-arceus,level-up,mimic,30,,
chatot,legends-arceus,level-up,nasty-plot,34,,45
chatot,legends-arceus,level-up,play-rough,43,,54
chatot,legends-arceus,level-up,hurricane,52,,64
spiritomb,legends-arceus,level-up,shadow-sneak,1,,10
spiritomb,legends-arceus,level-up,hypnosis,6,,15
spiritomb,legends-arceus,level-up,hex,11,,20
spiritomb,legends-arceus,level-up,nasty-plot,18,,28
spiritomb,legends-arceus,level-up,extrasensory,25,,35
spiritomb,legends-arceus,level-up,dark-pulse,34,,45
spiritomb,legends-arceus,level-up,shadow-ball,43,,54
gible,legends-arceus,level-up,tackle,1,,9
gible,legends-arceus,level-up,twister,5,,14
gible,legends-arceus,level-up,bulldoze,9,,18
gible,legends-arceus,level-up,slash,15,,25
gible,legends-arceus,level-up,dragon-claw,21,,31
gible,legends-arceus,level-up,earth-power,29,,40
gible,legends-arceus,level-up,double-edge,37,,48
gible,legends-arceus,level-up,outrage,47,,59
gabite,legends-arceus,level-up,tackle,1,,9
gabite,legends-arceus,level-up,twister,5,,14
gabite,legends-arceus,level-up,bulldoze,9,,18
gabite,legends-arceus,level-up,slash,15,,25
gabite,legends-arceus,level-up,dragon-claw,21,,31
gabite,legends-arceus,level-up,earth-power,29,,40
gabite,legends-arceus,level-up,double-edge,37,,48
gabite,legends-arceus,level-up,outrage,47,,59
garchomp,legends-arceus,level-up,tackle,1,,9
garchomp,legends-arceus,level-up,twister,5,,14
garchomp,legends-arceus,level-up,bulldoze,9,,18
garchomp,legends-arceus,level-up,slash,15,,25
garchomp,legends-arceus,level-up,dragon-claw,21,,31
garchomp,legends-arceus,level-up,earth-power,29,,40
garchomp,legends-arceus,level-up,double-edge,37,,48
garchomp,legends-arceus,level-up,outrage,47,,59
munchlax,legends-arceus,level-up,rollout,1,,9
munchlax,legends-arceus,level-up,tackle,5,,14
munchlax,legends-arceus,level-up,rest,9,,18
munchlax,legends-arceus,level-up,bulldoze,15,,25
munchlax,legends-arceus,level-up,bite,21,,31
munchlax,legends-arceus,level-up,zen-headbutt,29,,40
munchlax,legends-arceus,level-up,high-horsepower,37,,48
munchlax,legends-arceus,level-up,double-edge,46,,58
munchlax,legends-arceus,level-up,giga-impact,57,,71
riolu,legends-arceus,level-up,rock-smash,1,,9
riolu,legends-arceus,level-up,bullet-punch,5,,14
riolu,legends-arceus,level-up,bite,9,,18
riolu,legends-arceus,level-up,iron-defense,15,,25
riolu,legends-arceus,level-up,aura-sphere,21,,31
riolu,legends-arceus,level-up,crunch,29,,40
riolu,legends-arceus,level-up,bulk-up,37,,48
riolu,legends-arceus,level-up,close-combat,47,,59
lucario,legends-arceus,level-up,rock-smash,1,,9
lucario,legends-arceus,level-up,bullet-punch,5,,14
lucario,legends-arceus,level-up,bite,9,,18
lucario,legends-arceus,level-up,iron-defense,15,,25
lucario,legends-arceus,level-up,mach-punch,19,,29
lucario,legends-arceus,level-up,aura-sphere,21,,31
lucario,legends-arceus,level-up,crunch,29,,40
lucario,legends-arceus,level-up,bulk-up,37,,48
lucario,legends-arceus,level-up,dragon-pulse,40,,51
lucario,legends-arceus,level-up,close-combat,47,,59
hippopotas,legends-arceus,level-up,tackle,1,,10
hippopotas,legends-arceus,level-up,rest,6,,15
hippopotas,legends-arceus,level-up,bite,11,,20
hippopotas,legends-arceus,level-up,mud-bomb,18,,28
hippopotas,legends-arceus,level-up,crunch,25,,35
hippopotas,legends-arceus,level-up,high-horsepower,34,,45
hippopotas,legends-arceus,level-up,double-edge,43,,54
hippowdon,legends-arceus,level-up,tackle,1,,10
hippowdon,legends-arceus,level-up,rest,6,,15
hippowdon,legends-arceus,level-up,bite,11,,20
hippowdon,legends-arceus,level-up,mud-bomb,18,,28
hippowdon,legends-arceus,level-up,crunch,25,,35
hippowdon,legends-arceus,level-up,high-horsepower,34,,45
hippowdon,legends-arceus,level-up,double-edge,43,,54
skorupi,legends-arceus,level-up,poison-sting,1,,10
skorupi,legends-arceus,level-up,bite,6,,15
skorupi,legends-arceus,level-up,venoshock,11,,20
skorupi,legends-arceus,level-up,cross-poison,18,,28
skorupi,legends-arceus,level-up,swords-dance,25,,35
skorupi,legends-arceus,level-up,x-scissor,34,,45
skorupi,legends-arceus,level-up,crunch,43,,54
drapion,legends-arceus,level-up,poison-sting,1,,10
drapion,legends-arceus,level-up,bite,6,,15
drapion,legends-arceus,level-up,venoshock,11,,20
drapion,legends-arceus,level-up,cross-poison,18,,28
drapion,legends-arceus,level-up,swords-dance,25,,35
drapion,legends-arceus,level-up,x-scissor,34,,45
drapion,legends-arceus,level-up,crunch,43,,54
croagunk,legends-arceus,level-up,poison-sting,1,,9
croagunk,legends-arceus,level-up,rock-smash,5,,14
croagunk,legends-arceus,level-up,mud-bomb,9,,18
croagunk,legends-arceus,level-up,venoshock,15,,25
croagunk,legends-arceus,level-up,nasty-plot,21,,31
croagunk,legends-arceus,level-up,poison-jab,29,,40
croagunk,legends-arceus,level-up,earth-power,37,,48
croagunk,legends-arceus,level-up,close-combat,47,,59
toxicroak,legends-arceus,level-up,poison-sting,1,,9
toxicroak,legends-arceus,level-up,rock-smash,5,,14
toxicroak,legends-arceus,level-up,mud-bomb,9,,18
toxicroak,legends-arceus,level-up,venoshock,15,,25
toxicroak,legends-arceus,level-up,nasty-plot,21,,31
toxicroak,legends-arceus,level-up,poison-jab,29,,40
toxicroak,legends-arceus,level-up,earth-power,37,,48
toxicroak,legends-arceus,level-up,close-combat,47,,59
carnivine,legends-arceus,level-up,absorb,1,,10
carnivine,legends-arceus,level-up,acid-spray,6,,15
carnivine,legends-arceus,level-up,bite,11,,20
carnivine,legends-arceus,level-up,stun-spore,18,,28
carnivine,legends-arceus,level-up,crunch,25,,35
carnivine,legends-arceus,level-up,sleep-powder,34,,45
carnivine,legends-arceus,level-up,energy-ball,43,,54
finneon,legends-arceus,level-up,bubble,1,,10
finneon,legends-arceus,level-up,gust,6,,15
finneon,legends-arceus,level-up,water-pulse,11,,20
finneon,legends-arceus,level-up,silver-wind,18,,28
finneon,legends-arceus,level-up,air-slash,25,,35
finneon,legends-arceus,level-up,roost,34,,45
finneon,legends-arceus,level-up,hydro-pump,43,,54
lumineon,legends-arceus,level-up,bubble,1,,10
lumineon,legends-arceus,level-up,gust,6,,15
lumineon,legends-arceus,level-up,water-pulse,11,,20
lumineon,legends-arceus,level-up,silver-wind,18,,28
lumineon,legends-arceus,level-up,air-slash,25,,35
lumineon,legends-arceus,level-up,roost,34,,45
lumineon,legends-arceus,level-up,hydro-pump,43,,54
mantyke,legends-arceus,level-up,tackle,1,,9
mantyke,legends-arceus,level-up,bubble,5,,14
mantyke,legends-arceus,level-up,aerial-ace,9,,18
mantyke,legends-arceus,level-up,water-pulse,15,,25
mantyke,legends-arceus,level-up,air-slash,21,,31
mantyke,legends-arceus,level-up,roost,29,,40
mantyke,legends-arceus,level-up,hydro-pump,37,,48
mantyke,legends-arceus,level-up,double-edge,47,,59
snover,legends-arceus,level-up,powder-snow,1,,10
snover,legends-arceus,level-up,leafage,6,,15
snover,legends-arceus,level-up,ice-shard,11,,20
snover,legends-arceus,level-up,icicle-crash,18,,28
snover,legends-arceus,level-up,energy-ball,25,,35
snover,legends-arceus,level-up,blizzard,34,,45
snover,legends-arceus,level-up,wood-hammer,43,,54
abomasnow,legends-arceus,level-up,powder-snow,1,,10
abomasnow,legends-arceus,level-up,leafage,6,,15
abomasnow,legends-arceus,level-up,ice-shard,11,,20
abomasnow,legends-arceus,level-up,icicle-crash,18,,28
abomasnow,legends-arceus,level-up,energy-ball,25,,35
abomasnow,legends-arceus,level-up,blizzard,34,,45
abomasnow,legends-arceus,level-up,wood-hammer,43,,54
weavile,legends-arceus,level-up,quick-attack,1,,10
weavile,legends-arceus,level-up,ice-shard,6,,15
weavile,legends-arceus,level-up,swift,11,,20
weavile,legends-arceus,level-up,slash,18,,28
weavile,legends-arceus,level-up,poison-jab,25,,35
weavile,legends-arceus,level-up,swords-dance,34,,45
weavile,legends-arceus,level-up,night-slash,38,,49
weavile,legends-arceus,level-up,blizzard,43,,54
magnezone,legends-arceus,level-up,thunder-shock,1,,10
magnezone,legends-arceus,level-up,tackle,6,,15
magnezone,legends-arceus,level-up,thunder-wave,11,,20
magnezone,legends-arceus,level-up,spark,18,,28
magnezone,legends-arceus,level-up,flash-cannon,25,,35
magnezone,legends-arceus,level-up,tri-attack,25,,35
magnezone,legends-arceus,level-up,thunderbolt,34,,45
magnezone,legends-arceus,level-up,thunder,43,,54
lickilicky,legends-arceus,level-up,tackle,1,,10
lickilicky,legends-arceus,level-up,rest,6,,15
lickilicky,legends-arceus,level-up,bulldoze,11,,20
lickilicky,legends-arceus,level-up,zen-headbutt,18,,28
lickilicky,legends-arceus,level-up,double-edge,25,,35
lickilicky,legends-arceus,level-up,rollout,34,,45
lickilicky,legends-arceus,level-up,giga-impact,43,,54
rhyperior,legends-arceus,level-up,tackle,1,,10
rhyperior,legends-arceus,level-up,bulldoze,6,,15
rhyperior,legends-arceus,level-up,rock-smash,11,,20
rhyperior,legends-arceus,level-up,stealth-rock,18,,28
rhyperior,legends-arceus,level-up,rock-slide,25,,35
rhyperior,legends-arceus,level-up,high-horsepower,34,,45
rhyperior,legends-arceus,level-up,double-edge,43,,54
rhyperior,legends-arceus,level-up,giga-impact,52,,64
tangrowth,legends-arceus,level-up,absorb,1,,10
tangrowth,legends-arceus,level-up,stun-spore,6,,15
tangrowth,legends-arceus,level-up,poison-powder,11,,20
tangrowth,legends-arceus,level-up,acid-spray,15,,24
tangrowth,legends-arceus,level-up,double-hit,18,,28
tangrowth,legends-arceus,level-up,energy-ball,25,,35
tangrowth,legends-arceus,level-up,ancient-power,34,,45
tangrowth,legends-arceus,level-up,sleep-powder,43,,54
tangrowth,legends-arceus,level-up,sludge-bomb,52,,64
electivire,legends-arceus,level-up,thunder-shock,1,,10
electivire,legends-arceus,level-up,quick-attack,6,,15
electivire,legends-arceus,level-up,spark,11,,20
electivire,legends-arceus,level-up,thunder-wave,18,,28
electivire,legends-arceus,level-up,thunder-punch,25,,35
electivire,legends-arceus,level-up,thunderbolt,34,,45
electivire,legends-arceus,level-up,thunder,43,,54
magmortar,legends-arceus,level-up,ember,1,,10
magmortar,legends-arceus,level-up,tackle,6,,15
magmortar,legends-arceus,level-up,flame-wheel,11,,20
magmortar,legends-arceus,level-up,poison-gas,18,,28
magmortar,legends-arceus,level-up,fire-punch,25,,35
magmortar,legends-arceus,level-up,flamethrower,34,,45
magmortar,legends-arceus,level-up,fire-blast,43,,54
togekiss,legends-arceus,level-up,tackle,1,,10
togekiss,legends-arceus,level-up,fairy-wind,6,,15
togekiss,legends-arceus,level-up,draining-kiss,11,,20
togekiss,legends-arceus,level-up,air-cutter,11,,20
togekiss,legends-arceus,level-up,calm-mind,18,,28
togekiss,legends-arceus,level-up,baby-doll-eyes,25,,35
togekiss,legends-arceus,level-up,air-slash,25,,35
togekiss,legends-arceus,level-up,extrasensory,34,,45
togekiss,legends-arceus,level-up,moonblast,43,,54
yanmega,legends-arceus,level-up,quick-attack,1,,10
yanmega,legends-arceus,level-up,gust,6,,15
yanmega,legends-arceus,level-up,silver-wind,11,,20
yanmega,legends-arceus,level-up,hypnosis,18,,28
yanmega,legends-arceus,level-up,air-slash,25,,35
yanmega,legends-arceus,level-up,ancient-power,34,,45
yanmega,legends-arceus,level-up,crunch,43,,54
yanmega,legends-arceus,level-up,bug-buzz,43,,54
leafeon,legends-arceus,level-up,leafage,0,,15
leafeon,legends-arceus,level-up,tackle,1,,10
leafeon,legends-arceus,level-up,quick-attack,6,,15
leafeon,legends-arceus,level-up,swift,11,,20
leafeon,legends-arceus,level-up,baby-doll-eyes,18,,28
leafeon,legends-arceus,level-up,mimic,25,,
leafeon,legends-arceus,level-up,leaf-blade,25,,35
leafeon,legends-arceus,level-up,calm-mind,34,,45
leafeon,legends-arceus,level-up,double-edge,43,,54
glaceon,legends-arceus,level-up,powder-snow,0,,15
glaceon,legends-arceus,level-up,tackle,1,,10
glaceon,legends-arceus,level-up,quick-attack,6,,15
glaceon,legends-arceus,level-up,swift,11,,20
glaceon,legends-arceus,level-up,baby-doll-eyes,18,,28
glaceon,legends-arceus,level-up,mimic,25,,
glaceon,legends-arceus,level-up,ice-beam,25,,35
glaceon,legends-arceus,level-up,calm-mind,34,,45
glaceon,legends-arceus,level-up,double-edge,43,,54
gliscor,legends-arceus,level-up,poison-sting,1,,10
gliscor,legends-arceus,level-up,quick-attack,6,,15
gliscor,legends-arceus,level-up,aerial-ace,11,,20
gliscor,legends-arceus,level-up,mud-bomb,18,,28
gliscor,legends-arceus,level-up,pin-missile,20,,30
gliscor,legends-arceus,level-up,slash,25,,35
gliscor,legends-arceus,level-up,swords-dance,30,,41
gliscor,legends-arceus,level-up,poison-jab,34,,45
gliscor,legends-arceus,level-up,x-scissor,43,,54
gliscor,legends-arceus,level-up,earth-power,52,,64
mamoswine,legends-arceus,level-up,tackle,1,,10
mamoswine,legends-arceus,level-up,ice-shard,6,,15
mamoswine,legends-arceus,level-up,bulldoze,11,,20
mamoswine,legends-arceus,level-up,icicle-crash,18,,28
mamoswine,legends-arceus,level-up,high-horsepower,25,,35
mamoswine,legends-arceus,level-up,ancient-power,34,,45
mamoswine,legends-arceus,level-up,blizzard,43,,54
mamoswine,legends-arceus,level-up,double-edge,52,,64
porygon-z,legends-arceus,level-up,tackle,1,,9
porygon-z,legends-arceus,level-up,thunder-shock,5,,14
porygon-z,legends-arceus,level-up,thunder-wave,9,,18
porygon-z,legends-arceus,level-up,spark,15,,25
porygon-z,legends-arceus,level-up,tri-attack,21,,31
porygon-z,legends-arceus,level-up,thunderbolt,29,,40
porygon-z,legends-arceus,level-up,recover,37,,48
porygon-z,legends-arceus,level-up,hyper-beam,47,,59
gallade,legends-arceus,level-up,slash,0,,45
gallade,legends-arceus,level-up,confusion,1,,10
gallade,legends-arceus,level-up,teleport,6,,15
gallade,legends-arceus,level-up,draining-kiss,11,,20
gallade,legends-arceus,level-up,hypnosis,18,,28
gallade,legends-arceus,level-up,psycho-cut,18,,28
gallade,legends-arceus,level-up,calm-mind,25,,35
gallade,legends-arceus,level-up,swords-dance,30,,41
gallade,legends-arceus,level-up,psychic,34,,45
gallade,legends-arceus,level-up,leaf-blade,43,,54
gallade,legends-arceus,level-up,close-combat,52,,64
probopass,legends-arceus,level-up,tackle,1,,10
probopass,legends-arceus,level-up,thunder-wave,6,,15
probopass,legends-arceus,level-up,spark,11,,20
probopass,legends-arceus,level-up,iron-defense,18,,28
probopass,legends-arceus,level-up,rock-slide,25,,35
probopass,legends-arceus,level-up,power-gem,34,,45
probopass,legends-arceus,level-up,tri-attack,34,,45
probopass,legends-arceus,level-up,flash-cannon,38,,49
probopass,legends-arceus,level-up,earth-power,43,,54
dusknoir,legends-arceus,level-up,absorb,1,,10
dusknoir,legends-arceus,level-up,shadow-sneak,6,,15
dusknoir,legends-arceus,level-up,hex,11,,20
dusknoir,legends-arceus,level-up,leech-life,18,,28
dusknoir,legends-arceus,level-up,dark-pulse,25,,35
dusknoir,legends-arceus,level-up,shadow-ball,34,,45
dusknoir,legends-arceus,level-up,psychic,43,,54
froslass,legends-arceus,level-up,powder-snow,1,,10
froslass,legends-arceus,level-up,ice-shard,6,,15
froslass,legends-arceus,level-up,bite,11,,20
froslass,legends-arceus,level-up,hex,18,,28
froslass,legends-arceus,level-up,ice-fang,18,,28
froslass,legends-arceus,level-up,crunch,25,,35
froslass,legends-arceus,level-up,shadow-ball,25,,35
froslass,legends-arceus,level-up,icicle-crash,34,,45
froslass,legends-arceus,level-up,blizzard,43,,54
rotom,legends-arceus,level-up,thunder-shock,1,,10
rotom,legends-arceus,level-up,charge-beam,6,,15
rotom,legends-arceus,level-up,hex,11,,20
rotom,legends-arceus,level-up,thunder-wave,18,,28
rotom,legends-arceus,level-up,shadow-ball,25,,35
rotom,legends-arceus,level-up,thunderbolt,34,,45
rotom,legends-arceus,level-up,thunder,43,,54
uxie,legends-arceus,level-up,confusion,1,,12
uxie,legends-arceus,level-up,swift,6,,17
uxie,legends-arceus,level-up,double-hit,12,,23
uxie,legends-arceus,level-up,rest,19,,31
uxie,legends-arceus,level-up,extrasensory,27,,39
uxie,legends-arceus,level-up,tri-attack,32,,44
uxie,legends-arceus,level-up,calm-mind,36,,49
uxie,legends-arceus,level-up,mystical-power,46,,59
uxie,legends-arceus,level-up,hypnosis,57,,71
mesprit,legends-arceus,level-up,confusion,1,,12
mesprit,legends-arceus,level-up,swift,6,,17
mesprit,legends-arceus,level-up,double-hit,12,,23
mesprit,legends-arceus,level-up,rest,19,,31
mesprit,legends-arceus,level-up,extrasensory,27,,39
mesprit,legends-arceus,level-up,tri-attack,32,,44
mesprit,legends-arceus,level-up,calm-mind,36,,49
mesprit,legends-arceus,level-up,mystical-power,46,,59
mesprit,legends-arceus,level-up,recover,57,,71
azelf,legends-arceus,level-up,confusion,1,,12
azelf,legends-arceus,level-up,swift,6,,17
azelf,legends-arceus,level-up,double-hit,12,,23
azelf,legends-arceus,level-up,rest,19,,31
azelf,legends-arceus,level-up,extrasensory,27,,39
azelf,legends-arceus,level-up,tri-attack,32,,44
azelf,legends-arceus,level-up,nasty-plot,36,,49
azelf,legends-arceus,level-up,mystical-power,46,,59
azelf,legends-arceus,level-up,self-destruct,57,,71
dialga,legends-arceus,level-up,twister,1,,12
dialga,legends-arceus,level-up,ancient-power,6,,17
dialga,legends-arceus,level-up,slash,12,,23
dialga,legends-arceus,level-up,dragon-claw,19,,31
dialga,legends-arceus,level-up,power-gem,27,,39
dialga,legends-arceus,level-up,dragon-pulse,36,,48
dialga,legends-arceus,level-up,earth-power,42,,54
dialga,legends-arceus,level-up,iron-tail,47,,59
dialga,legends-arceus,level-up,flash-cannon,55,,68
dialga,legends-arceus,level-up,roar-of-time,60,,74
palkia,legends-arceus,level-up,twister,1,,12
palkia,legends-arceus,level-up,ancient-power,6,,17
palkia,legends-arceus,level-up,slash,12,,23
palkia,legends-arceus,level-up,dragon-claw,19,,31
palkia,legends-arceus,level-up,power-gem,27,,39
palkia,legends-arceus,level-up,dragon-pulse,36,,48
palkia,legends-arceus,level-up,earth-power,42,,54
palkia,legends-arceus,level-up,aqua-tail,47,,59
palkia,legends-arceus,level-up,hydro-pump,55,,68
palkia,legends-arceus,level-up,spacial-rend,60,,74
heatran,legends-arceus,level-up,ember,1,,12
heatran,legends-arceus,level-up,iron-defense,6,,17
heatran,legends-arceus,level-up,ancient-power,12,,23
heatran,legends-arceus,level-up,fire-fang,19,,31
heatran,legends-arceus,level-up,iron-head,27,,39
heatran,legends-arceus,level-up,crunch,36,,49
heatran,legends-arceus,level-up,earth-power,46,,59
heatran,legends-arceus,level-up,magma-storm,57,,71
regigigas,legends-arceus,level-up,tackle,1,,12
regigigas,legends-arceus,level-up,rock-smash,6,,17
regigigas,legends-arceus,level-up,bulldoze,12,,23
regigigas,legends-arceus,level-up,ancient-power,19,,31
regigigas,legends-arceus,level-up,zen-headbutt,27,,39
regigigas,legends-arceus,level-up,iron-head,36,,49
regigigas,legends-arceus,level-up,crush-grip,46,,59
regigigas,legends-arceus,level-up,giga-impact,57,,71
cresselia,legends-arceus,level-up,tackle,1,,12
cresselia,legends-arceus,level-up,confusion,6,,17
cresselia,legends-arceus,level-up,slash,12,,23
cresselia,legends-arceus,level-up,psycho-cut,19,,31
cresselia,legends-arceus,level-up,recover,27,,39
cresselia,legends-arceus,level-up,psychic,36,,49
cresselia,legends-arceus,level-up,moonblast,46,,59
cresselia,legends-arceus,level-up,lunar-blessing,57,,71
phione,legends-arceus,level-up,bubble,1,,12
phione,legends-arceus,level-up,confusion,6,,17
phione,legends-arceus,level-up,water-pulse,12,,23
phione,legends-arceus,level-up,acid-armor,19,,31
phione,legends-arceus,level-up,zen-headbutt,27,,39
phione,legends-arceus,level-up,moonblast,36,,49
phione,legends-arceus,level-up,take-heart,46,,59
phione,legends-arceus,level-up,hydro-pump,57,,71
manaphy,legends-arceus,level-up,bubble,1,,12
manaphy,legends-arceus,level-up,confusion,6,,17
manaphy,legends-arceus,level-up,water-pulse,12,,23
manaphy,legends-arceus,level-up,acid-armor,19,,31
manaphy,legends-arceus,level-up,zen-headbutt,27,,39
manaphy,legends-arceus,level-up,moonblast,36,,49
manaphy,legends-arceus,level-up,take-heart,46,,59
manaphy,legends-arceus,level-up,hydro-pump,57,,71
darkrai,legends-arceus,level-up,shadow-sneak,1,,12
darkrai,legends-arceus,level-up,hypnosis,6,,17
darkrai,legends-arceus,level-up,hex,12,,23
darkrai,legends-arceus,level-up,nasty-plot,19,,31
darkrai,legends-arceus,level-up,dark-pulse,27,,39
darkrai,legends-arceus,level-up,shadow-ball,36,,49
darkrai,legends-arceus,level-up,psychic,46,,59
darkrai,legends-arceus,level-up,dark-void,57,,71
shaymin-land,legends-arceus,level-up,leafage,1,,12
shaymin-land,legends-arceus,level-up,quick-attack,6,,17
shaymin-land,legends-arceus,level-up,sleep-powder,12,,23
shaymin-land,legends-arceus,level-up,air-slash,19,,31
shaymin-land,legends-arceus,level-up,recover,27,,39
shaymin-land,legends-arceus,level-up,energy-ball,36,,49
shaymin-land,legends-arceus,level-up,earth-power,46,,59
shaymin-land,legends-arceus,level-up,seed-flare,57,,71
shaymin-land,legends-arceus,tutor,aerial-ace,0,,
shaymin-land,legends-arceus,tutor,swift,0,,
shaymin-land,legends-arceus,tutor,magical-leaf,0,,
shaymin-land,legends-arceus,tutor,ominous-wind,0,,
shaymin-land,legends-arceus,tutor,rest,0,,
shaymin-land,legends-arceus,tutor,baby-doll-eyes,0,,
shaymin-land,legends-arceus,tutor,zen-headbutt,0,,
shaymin-land,legends-arceus,tutor,energy-ball,0,,
shaymin-land,legends-arceus,tutor,earth-power,0,,
shaymin-land,legends-arceus,tutor,dazzling-gleam,0,,
shaymin-land,legends-arceus,tutor,giga-impact,0,,
shaymin-land,legends-arceus,tutor,play-rough,0,,
shaymin-land,legends-arceus,tutor,hyper-beam,0,,
shaymin-land,legends-arceus,tutor,psychic,0,,
arceus,legends-arceus,level-up,quick-attack,1,,12
arceus,legends-arceus,level-up,confusion,6,,17
arceus,legends-arceus,level-up,ancient-power,12,,23
arceus,legends-arceus,level-up,calm-mind,19,,31
arceus,legends-arceus,level-up,recover,27,,39
arceus,legends-arceus,level-up,extrasensory,36,,49
arceus,legends-arceus,level-up,judgment,46,,59
arceus,legends-arceus,level-up,hyper-beam,57,,71
oshawott,legends-arceus,level-up,tackle,1,,10
oshawott,legends-arceus,level-up,aqua-jet,6,,15
oshawott,legends-arceus,level-up,swords-dance,11,,20
oshawott,legends-arceus,level-up,water-pulse,18,,28
oshawott,legends-arceus,level-up,slash,25,,35
oshawott,legends-arceus,level-up,aqua-tail,34,,45
oshawott,legends-arceus,level-up,hydro-pump,43,,54
dewott,legends-arceus,level-up,tackle,1,,10
dewott,legends-arceus,level-up,aqua-jet,6,,15
dewott,legends-arceus,level-up,swords-dance,11,,20
dewott,legends-arceus,level-up,water-pulse,18,,28
dewott,legends-arceus,level-up,slash,25,,35
dewott,legends-arceus,level-up,aqua-tail,34,,45
dewott,legends-arceus,level-up,hydro-pump,43,,54
petilil,legends-arceus,level-up,absorb,1,,9
petilil,legends-arceus,level-up,leafage,5,,14
petilil,legends-arceus,level-up,stun-spore,9,,18
petilil,legends-arceus,level-up,poison-powder,15,,25
petilil,legends-arceus,level-up,energy-ball,21,,31
petilil,legends-arceus,level-up,sleep-powder,29,,40
petilil,legends-arceus,level-up,recover,37,,48
petilil,legends-arceus,level-up,leaf-storm,47,,59
rufflet,legends-arceus,level-up,quick-attack,1,,10
rufflet,legends-arceus,level-up,aerial-ace,6,,15
rufflet,legends-arceus,level-up,twister,11,,20
rufflet,legends-arceus,level-up,slash,18,,28
rufflet,legends-arceus,level-up,air-slash,20,,30
rufflet,legends-arceus,level-up,roost,25,,35
rufflet,legends-arceus,level-up,double-edge,34,,45
rufflet,legends-arceus,level-up,brave-bird,43,,54
tornadus-incarnate,legends-arceus,level-up,tackle,1,,12
tornadus-incarnate,legends-arceus,level-up,bite,7,,18
tornadus-incarnate,legends-arceus,level-up,twister,11,,21
tornadus-incarnate,legends-arceus,level-up,air-cutter,14,,25
tornadus-incarnate,legends-arceus,level-up,nasty-plot,22,,34
tornadus-incarnate,legends-arceus,level-up,extrasensory,31,,43
tornadus-incarnate,legends-arceus,level-up,crunch,41,,54
tornadus-incarnate,legends-arceus,level-up,hurricane,47,,59
tornadus-incarnate,legends-arceus,level-up,bleakwind-storm,52,,65
thundurus-incarnate,legends-arceus,level-up,tackle,1,,12
thundurus-incarnate,legends-arceus,level-up,bite,7,,18
thundurus-incarnate,legends-arceus,level-up,twister,11,,21
thundurus-incarnate,legends-arceus,level-up,spark,14,,25
thundurus-incarnate,legends-arceus,level-up,nasty-plot,22,,34
thundurus-incarnate,legends-arceus,level-up,extrasensory,31,,43
thundurus-incarnate,legends-arceus,level-up,crunch,41,,54
thundurus-incarnate,legends-arceus,level-up,thunder,47,,59
thundurus-incarnate,legends-arceus,level-up,wildbolt-storm,52,,65
landorus-incarnate,legends-arceus,level-up,tackle,1,,12
landorus-incarnate,legends-arceus,level-up,bite,7,,18
landorus-incarnate,legends-arceus,level-up,twister,11,,21
landorus-incarnate,legends-arceus,level-up,bulldoze,14,,25
landorus-incarnate,legends-arceus,level-up,bulk-up,22,,34
landorus-incarnate,legends-arceus,level-up,extrasensory,31,,43
landorus-incarnate,legends-arceus,level-up,crunch,41,,54
landorus-incarnate,legends-arceus,level-up,earth-power,47,,59
landorus-incarnate,legends-arceus,level-up,sandsear-storm,52,,65
sylveon,legends-arceus,level-up,fairy-wind,0,,15
sylveon,legends-arceus,level-up,tackle,1,,10
sylveon,legends-arceus,level-up,quick-attack,6,,15
sylveon,legends-arceus,level-up,swift,11,,20
sylveon,legends-arceus,level-up,baby-doll-eyes,18,,28
sylveon,legends-arceus,level-up,mimic,25,,
sylveon,legends-arceus,level-up,play-rough,25,,35
sylveon,legends-arceus,level-up,calm-mind,34,,45
sylveon,legends-arceus,level-up,double-edge,43,,54
goomy,legends-arceus,level-up,bubble,1,,10
goomy,legends-arceus,level-up,acid-spray,6,,15
goomy,legends-arceus,level-up,acid-armor,11,,20
goomy,legends-arceus,level-up,water-pulse,18,,28
goomy,legends-arceus,level-up,dragon-pulse,25,,35
goomy,legends-arceus,level-up,shelter,34,,45
goomy,legends-arceus,level-up,hydro-pump,43,,54
bergmite,legends-arceus,level-up,tackle,1,,9
bergmite,legends-arceus,level-up,powder-snow,5,,14
bergmite,legends-arceus,level-up,ice-shard,9,,18
bergmite,legends-arceus,level-up,bite,15,,25
bergmite,legends-arceus,level-up,iron-defense,21,,31
bergmite,legends-arceus,level-up,crunch,29,,40
bergmite,legends-arceus,level-up,blizzard,37,,48
bergmite,legends-arceus,level-up,double-edge,47,,59
rowlet,legends-arceus,level-up,gust,1,,10
rowlet,legends-arceus,level-up,leafage,6,,15
rowlet,legends-arceus,level-up,roost,11,,20
rowlet,legends-arceus,level-up,aerial-ace,18,,28
rowlet,legends-arceus,level-up,magical-leaf,21,,31
rowlet,legends-arceus,level-up,air-slash,25,,35
rowlet,legends-arceus,level-up,leaf-blade,34,,45
rowlet,legends-arceus,level-up,leaf-storm,43,,54
dartrix,legends-arceus,level-up,gust,1,,10
dartrix,legends-arceus,level-up,leafage,6,,15
dartrix,legends-arceus,level-up,roost,11,,20
dartrix,legends-arceus,level-up,aerial-ace,18,,28
dartrix,legends-arceus,level-up,magical-leaf,21,,31
dartrix,legends-arceus,level-up,air-slash,25,,35
dartrix,legends-arceus,level-up,leaf-blade,34,,45
dartrix,legends-arceus,level-up,leaf-storm,43,,54
wyrdeer,legends-arceus,level-up,tackle,1,,9
wyrdeer,legends-arceus,level-up,confusion,5,,14
wyrdeer,legends-arceus,level-up,hypnosis,9,,18
wyrdeer,legends-arceus,level-up,calm-mind,15,,25
wyrdeer,legends-arceus,level-up,psyshield-bash,21,,31
wyrdeer,legends-arceus,level-up,extrasensory,29,,40
wyrdeer,legends-arceus,level-up,zen-headbutt,37,,48
wyrdeer,legends-arceus,level-up,double-edge,47,,59
kleavor,legends-arceus,level-up,quick-attack,1,,10
kleavor,legends-arceus,level-up,silver-wind,6,,15
kleavor,legends-arceus,level-up,aerial-ace,11,,20
kleavor,legends-arceus,level-up,double-hit,14,,24
kleavor,legends-arceus,level-up,stealth-rock,14,,24
kleavor,legends-arceus,level-up,air-slash,18,,28
kleavor,legends-arceus,level-up,swords-dance,25,,35
kleavor,legends-arceus,level-up,stone-axe,29,,40
kleavor,legends-arceus,level-up,x-scissor,34,,45
kleavor,legends-arceus,level-up,close-combat,43,,54
ursaluna,legends-arceus,level-up,tackle,1,,10
ursaluna,legends-arceus,level-up,baby-doll-eyes,6,,15
ursaluna,legends-arceus,level-up,bulldoze,11,,20
ursaluna,legends-arceus,level-up,slash,18,,28
ursaluna,legends-arceus,level-up,play-rough,25,,35
ursaluna,legends-arceus,level-up,high-horsepower,34,,45
ursaluna,legends-arceus,level-up,double-edge,43,,54
ursaluna,legends-arceus,level-up,headlong-rush,43,,54
basculegion-male,legends-arceus,level-up,tackle,1,,10
basculegion-male,legends-arceus,level-up,aqua-jet,6,,15
basculegion-male,legends-arceus,level-up,bite,11,,20
basculegion-male,legends-arceus,level-up,hex,11,,20
basculegion-male,legends-arceus,level-up,zen-headbutt,18,,28
basculegion-male,legends-arceus,level-up,crunch,25,,35
basculegion-male,legends-arceus,level-up,shadow-ball,25,,35
basculegion-male,legends-arceus,level-up,wave-crash,34,,45
basculegion-male,legends-arceus,level-up,double-edge,43,,54
sneasler,legends-arceus,level-up,quick-attack,1,,10
sneasler,legends-arceus,level-up,rock-smash,6,,15
sneasler,legends-arceus,level-up,swift,11,,20
sneasler,legends-arceus,level-up,dire-claw,11,,20
sneasler,legends-arceus,level-up,slash,18,,28
sneasler,legends-arceus,level-up,poison-jab,25,,35
sneasler,legends-arceus,level-up,swords-dance,34,,45
sneasler,legends-arceus,level-up,close-combat,43,,54
overqwil,legends-arceus,level-up,poison-sting,1,,9
overqwil,legends-arceus,level-up,spikes,5,,14
overqwil,legends-arceus,level-up,pin-missile,9,,18
overqwil,legends-arceus,level-up,barb-barrage,15,,25
overqwil,legends-arceus,level-up,water-pulse,21,,31
overqwil,legends-arceus,level-up,dark-pulse,26,,38
overqwil,legends-arceus,level-up,poison-jab,29,,40
overqwil,legends-arceus,level-up,aqua-tail,37,,48
overqwil,legends-arceus,level-up,double-edge,47,,59
overqwil,legends-arceus,level-up,self-destruct,57,,71
enamorus-incarnate,legends-arceus,level-up,tackle,1,,12
enamorus-incarnate,legends-arceus,level-up,bite,7,,18
enamorus-incarnate,legends-arceus,level-up,twister,11,,21
enamorus-incarnate,legends-arceus,level-up,draining-kiss,14,,25
enamorus-incarnate,legends-arceus,level-up,iron-defense,22,,34
enamorus-incarnate,legends-arceus,level-up,extrasensory,31,,43
enamorus-incarnate,legends-arceus,level-up,crunch,41,,54
enamorus-incarnate,legends-arceus,level-up,moonblast,47,,59
enamorus-incarnate,legends-arceus,level-up,springtide-storm,52,,65
wormadam-sandy,legends-arceus,level-up,struggle-bug,1,,10
wormadam-sandy,legends-arceus,level-up,gust,6,,15
wormadam-sandy,legends-arceus,level-up,confusion,11,,20
wormadam-sandy,legends-arceus,level-up,silver-wind,18,,28
wormadam-sandy,legends-arceus,level-up,earth-power,25,,35
wormadam-sandy,legends-arceus,level-up,psychic,34,,45
wormadam-sandy,legends-arceus,level-up,bug-buzz,43,,54
wormadam-sandy,legends-arceus,tutor,rest,0,,
wormadam-sandy,legends-arceus,tutor,shadow-ball,0,,
wormadam-sandy,legends-arceus,tutor,giga-impact,0,,
wormadam-sandy,legends-arceus,tutor,hyper-beam,0,,
wormadam-sandy,legends-arceus,tutor,psychic,0,,
wormadam-sandy,legends-arceus,tutor,bulldoze,0,,
wormadam-sandy,legends-arceus,tutor,stealth-rock,0,,
wormadam-sandy,legends-arceus,tutor,earth-power,0,,
wormadam-trash,legends-arceus,level-up,struggle-bug,1,,10
wormadam-trash,legends-arceus,level-up,gust,6,,15
wormadam-trash,legends-arceus,level-up,confusion,11,,20
wormadam-trash,legends-arceus,level-up,silver-wind,18,,28
wormadam-trash,legends-arceus,level-up,iron-head,25,,35
wormadam-trash,legends-arceus,level-up,psychic,34,,45
wormadam-trash,legends-arceus,level-up,bug-buzz,43,,54
wormadam-trash,legends-arceus,tutor,rest,0,,
wormadam-trash,legends-arceus,tutor,shadow-ball,0,,
wormadam-trash,legends-arceus,tutor,giga-impact,0,,
wormadam-trash,legends-arceus,tutor,hyper-beam,0,,
wormadam-trash,legends-arceus,tutor,psychic,0,,
wormadam-trash,legends-arceus,tutor,stealth-rock,0,,
wormadam-trash,legends-arceus,tutor,iron-head,0,,
wormadam-trash,legends-arceus,tutor,flash-cannon,0,,
wormadam-trash,legends-arceus,tutor,steel-beam,0,,
shaymin-sky,legends-arceus,tutor,aerial-ace,0,,
shaymin-sky,legends-arceus,tutor,swift,0,,
shaymin-sky,legends-arceus,tutor,magical-leaf,0,,
shaymin-sky,legends-arceus,tutor,ominous-wind,0,,
shaymin-sky,legends-arceus,tutor,rest,0,,
shaymin-sky,legends-arceus,tutor,baby-doll-eyes,0,,
shaymin-sky,legends-arceus,tutor,zen-headbutt,0,,
shaymin-sky,legends-arceus,tutor,energy-ball,0,,
shaymin-sky,legends-arceus,tutor,earth-power,0,,
shaymin-sky,legends-arceus,tutor,dazzling-gleam,0,,
shaymin-sky,legends-arceus,tutor,giga-impact,0,,
shaymin-sky,legends-arceus,tutor,play-rough,0,,
shaymin-sky,legends-arceus,tutor,hyper-beam,0,,
shaymin-sky,legends-arceus,tutor,psychic,0,,
giratina-origin,legends-arceus,level-up,shadow-sneak,1,,12
giratina-origin,legends-arceus,level-up,ancient-power,6,,17
giratina-origin,legends-arceus,level-up,hex,12,,23
giratina-origin,legends-arceus,level-up,shadow-claw,19,,31
giratina-origin,legends-arceus,level-up,aura-sphere,27,,39
giratina-origin,legends-arceus,level-up,shadow-ball,30,,42
giratina-origin,legends-arceus,level-up,dragon-claw,36,,48
giratina-origin,legends-arceus,level-up,dragon-pulse,42,,54
giratina-origin,legends-arceus,level-up,earth-power,55,,68
giratina-origin,legends-arceus,level-up,shadow-force,60,,74
vulpix-alola,legends-arceus,tutor,swift,0,,
vulpix-alola,legends-arceus,tutor,rest,0,,
vulpix-alola,legends-arceus,tutor,baby-doll-eyes,0,,
vulpix-alola,legends-arceus,tutor,zen-headbutt,0,,
vulpix-alola,legends-arceus,tutor,iron-tail,0,,
vulpix-alola,legends-arceus,tutor,energy-ball,0,,
vulpix-alola,legends-arceus,tutor,dark-pulse,0,,
vulpix-alola,legends-arceus,tutor,ice-fang,0,,
vulpix-alola,legends-arceus,tutor,icy-wind,0,,
vulpix-alola,legends-arceus,tutor,dazzling-gleam,0,,
vulpix-alola,legends-arceus,tutor,ice-beam,0,,
ninetales-alola,legends-arceus,tutor,swift,0,,
ninetales-alola,legends-arceus,tutor,calm-mind,0,,
ninetales-alola,legends-arceus,tutor,rest,0,,
ninetales-alola,legends-arceus,tutor,baby-doll-eyes,0,,
ninetales-alola,legends-arceus,tutor,zen-headbutt,0,,
ninetales-alola,legends-arceus,tutor,iron-tail,0,,
ninetales-alola,legends-arceus,tutor,energy-ball,0,,
ninetales-alola,legends-arceus,tutor,giga-impact,0,,
ninetales-alola,legends-arceus,tutor,hyper-beam,0,,
ninetales-alola,legends-arceus,tutor,dark-pulse,0,,
ninetales-alola,legends-arceus,tutor,ice-fang,0,,
ninetales-alola,legends-arceus,tutor,icy-wind,0,,
ninetales-alola,legends-arceus,tutor,dazzling-gleam,0,,
ninetales-alola,legends-arceus,tutor,ice-beam,0,,
growlithe-hisui,legends-arceus,level-up,tackle,1,,9
growlithe-hisui,legends-arceus,level-up,ember,5,,14
growlithe-hisui,legends-arceus,level-up,bite,9,,18
growlithe-hisui,legends-arceus,level-up,fire-fang,15,,25
growlithe-hisui,legends-arceus,level-up,rock-slide,21,,31
growlithe-hisui,legends-arceus,level-up,crunch,29,,40
growlithe-hisui,legends-arceus,level-up,double-edge,37,,48
growlithe-hisui,legends-arceus,level-up,flare-blitz,47,,59
growlithe-hisui,legends-arceus,tutor,fire-fang,0,,
growlithe-hisui,legends-arceus,tutor,rock-smash,0,,
growlithe-hisui,legends-arceus,tutor,aerial-ace,0,,
growlithe-hisui,legends-arceus,tutor,swift,0,,
growlithe-hisui,legends-arceus,tutor,rest,0,,
growlithe-hisui,legends-arceus,tutor,rock-slide,0,,
growlithe-hisui,legends-arceus,tutor,iron-tail,0,,
growlithe-hisui,legends-arceus,tutor,snarl,0,,
growlithe-hisui,legends-arceus,tutor,wild-charge,0,,
growlithe-hisui,legends-arceus,tutor,outrage,0,,
growlithe-hisui,legends-arceus,tutor,play-rough,0,,
growlithe-hisui,legends-arceus,tutor,flamethrower,0,,
arcanine-hisui,legends-arceus,level-up,tackle,1,,9
arcanine-hisui,legends-arceus,level-up,ember,5,,14
arcanine-hisui,legends-arceus,level-up,bite,9,,18
arcanine-hisui,legends-arceus,level-up,fire-fang,15,,25
arcanine-hisui,legends-arceus,level-up,rock-slide,21,,31
arcanine-hisui,legends-arceus,level-up,raging-fury,29,,40
arcanine-hisui,legends-arceus,level-up,crunch,29,,40
arcanine-hisui,legends-arceus,level-up,double-edge,37,,48
arcanine-hisui,legends-arceus,level-up,flare-blitz,47,,59
arcanine-hisui,legends-arceus,tutor,fire-fang,0,,
arcanine-hisui,legends-arceus,tutor,thunder-fang,0,,
arcanine-hisui,legends-arceus,tutor,rock-smash,0,,
arcanine-hisui,legends-arceus,tutor,bulldoze,0,,
arcanine-hisui,legends-arceus,tutor,aerial-ace,0,,
arcanine-hisui,legends-arceus,tutor,swift,0,,
arcanine-hisui,legends-arceus,tutor,rest,0,,
arcanine-hisui,legends-arceus,tutor,rock-slide,0,,
arcanine-hisui,legends-arceus,tutor,iron-head,0,,
arcanine-hisui,legends-arceus,tutor,iron-tail,0,,
arcanine-hisui,legends-arceus,tutor,snarl,0,,
arcanine-hisui,legends-arceus,tutor,giga-impact,0,,
arcanine-hisui,legends-arceus,tutor,wild-charge,0,,
arcanine-hisui,legends-arceus,tutor,stone-edge,0,,
arcanine-hisui,legends-arceus,tutor,outrage,0,,
arcanine-hisui,legends-arceus,tutor,play-rough,0,,
arcanine-hisui,legends-arceus,tutor,hyper-beam,0,,
arcanine-hisui,legends-arceus,tutor,flamethrower,0,,
voltorb-hisui,legends-arceus,level-up,thunder-shock,1,,9
voltorb-hisui,legends-arceus,level-up,tackle,5,,14
voltorb-hisui,legends-arceus,level-up,thunder-wave,9,,18
voltorb-hisui,legends-arceus,level-up,spark,15,,25
voltorb-hisui,legends-arceus,level-up,energy-ball,21,,31
voltorb-hisui,legends-arceus,level-up,thunderbolt,29,,40
voltorb-hisui,legends-arceus,level-up,thunder,37,,48
voltorb-hisui,legends-arceus,level-up,self-destruct,47,,59
voltorb-hisui,legends-arceus,tutor,ice-ball,0,,
voltorb-hisui,legends-arceus,tutor,swift,0,,
voltorb-hisui,legends-arceus,tutor,magical-leaf,0,,
voltorb-hisui,legends-arceus,tutor,rest,0,,
voltorb-hisui,legends-arceus,tutor,charge-beam,0,,
voltorb-hisui,legends-arceus,tutor,energy-ball,0,,
voltorb-hisui,legends-arceus,tutor,wild-charge,0,,
voltorb-hisui,legends-arceus,tutor,thunderbolt,0,,
electrode-hisui,legends-arceus,level-up,thunder-shock,1,,9
electrode-hisui,legends-arceus,level-up,tackle,5,,14
electrode-hisui,legends-arceus,level-up,thunder-wave,9,,18
electrode-hisui,legends-arceus,level-up,spark,15,,25
electrode-hisui,legends-arceus,level-up,energy-ball,21,,31
electrode-hisui,legends-arceus,level-up,thunderbolt,29,,40
electrode-hisui,legends-arceus,level-up,thunder,37,,48
electrode-hisui,legends-arceus,level-up,chloroblast,47,,59
electrode-hisui,legends-arceus,level-up,self-destruct,47,,59
electrode-hisui,legends-arceus,tutor,ice-ball,0,,
electrode-hisui,legends-arceus,tutor,swift,0,,
electrode-hisui,legends-arceus,tutor,magical-leaf,0,,
electrode-hisui,legends-arceus,tutor,rest,0,,
electrode-hisui,legends-arceus,tutor,charge-beam,0,,
electrode-hisui,legends-arceus,tutor,energy-ball,0,,
electrode-hisui,legends-arceus,tutor,giga-impact,0,,
electrode-hisui,legends-arceus,tutor,wild-charge,0,,
electrode-hisui,legends-arceus,tutor,hyper-beam,0,,
electrode-hisui,legends-arceus,tutor,thunderbolt,0,,
typhlosion-hisui,legends-arceus,level-up,hex,0,,35
typhlosion-hisui,legends-arceus,level-up,quick-attack,1,,10
typhlosion-hisui,legends-arceus,level-up,ember,6,,15
typhlosion-hisui,legends-arceus,level-up,rollout,11,,20
typhlosion-hisui,legends-arceus,level-up,flame-wheel,18,,28
typhlosion-hisui,legends-arceus,level-up,swift,25,,35
typhlosion-hisui,legends-arceus,level-up,flamethrower,34,,45
typhlosion-hisui,legends-arceus,level-up,infernal-parade,40,,51
typhlosion-hisui,legends-arceus,level-up,shadow-ball,43,,54
typhlosion-hisui,legends-arceus,level-up,overheat,43,,54
typhlosion-hisui,legends-arceus,tutor,rock-smash,0,,
typhlosion-hisui,legends-arceus,tutor,bulldoze,0,,
typhlosion-hisui,legends-arceus,tutor,aerial-ace,0,,
typhlosion-hisui,legends-arceus,tutor,swift,0,,
typhlosion-hisui,legends-arceus,tutor,ominous-wind,0,,
typhlosion-hisui,legends-arceus,tutor,calm-mind,0,,
typhlosion-hisui,legends-arceus,tutor,rest,0,,
typhlosion-hisui,legends-arceus,tutor,fire-punch,0,,
typhlosion-hisui,legends-arceus,tutor,thunder-punch,0,,
typhlosion-hisui,legends-arceus,tutor,drain-punch,0,,
typhlosion-hisui,legends-arceus,tutor,rock-slide,0,,
typhlosion-hisui,legends-arceus,tutor,shadow-claw,0,,
typhlosion-hisui,legends-arceus,tutor,iron-tail,0,,
typhlosion-hisui,legends-arceus,tutor,mystical-fire,0,,
typhlosion-hisui,legends-arceus,tutor,shadow-ball,0,,
typhlosion-hisui,legends-arceus,tutor,giga-impact,0,,
typhlosion-hisui,legends-arceus,tutor,wild-charge,0,,
typhlosion-hisui,legends-arceus,tutor,hyper-beam,0,,
typhlosion-hisui,legends-arceus,tutor,flamethrower,0,,
qwilfish-hisui,legends-arceus,level-up,poison-sting,1,,9
qwilfish-hisui,legends-arceus,level-up,spikes,5,,14
qwilfish-hisui,legends-arceus,level-up,pin-missile,9,,18
qwilfish-hisui,legends-arceus,level-up,barb-barrage,15,,25
qwilfish-hisui,legends-arceus,level-up,water-pulse,21,,31
qwilfish-hisui,legends-arceus,level-up,dark-pulse,26,,38
qwilfish-hisui,legends-arceus,level-up,poison-jab,29,,40
qwilfish-hisui,legends-arceus,level-up,aqua-tail,37,,48
qwilfish-hisui,legends-arceus,level-up,double-edge,47,,59
qwilfish-hisui,legends-arceus,level-up,self-destruct,57,,71
qwilfish-hisui,legends-arceus,tutor,ice-ball,0,,
qwilfish-hisui,legends-arceus,tutor,spikes,0,,
qwilfish-hisui,legends-arceus,tutor,swift,0,,
qwilfish-hisui,legends-arceus,tutor,rest,0,,
qwilfish-hisui,legends-arceus,tutor,poison-jab,0,,
qwilfish-hisui,legends-arceus,tutor,water-pulse,0,,
qwilfish-hisui,legends-arceus,tutor,icy-wind,0,,
qwilfish-hisui,legends-arceus,tutor,sludge-bomb,0,,
qwilfish-hisui,legends-arceus,tutor,shadow-ball,0,,
qwilfish-hisui,legends-arceus,tutor,aqua-tail,0,,
qwilfish-hisui,legends-arceus,tutor,ice-beam,0,,
qwilfish-hisui,legends-arceus,tutor,dark-pulse,0,,
sneasel-hisui,legends-arceus,level-up,quick-attack,1,,10
sneasel-hisui,legends-arceus,level-up,rock-smash,6,,15
sneasel-hisui,legends-arceus,level-up,swift,11,,20
sneasel-hisui,legends-arceus,level-up,slash,18,,28
sneasel-hisui,legends-arceus,level-up,poison-jab,25,,35
sneasel-hisui,legends-arceus,level-up,swords-dance,34,,45
sneasel-hisui,legends-arceus,level-up,close-combat,43,,54
sneasel-hisui,legends-arceus,tutor,false-swipe,0,,
sneasel-hisui,legends-arceus,tutor,rock-smash,0,,
sneasel-hisui,legends-arceus,tutor,aerial-ace,0,,
sneasel-hisui,legends-arceus,tutor,swift,0,,
sneasel-hisui,legends-arceus,tutor,calm-mind,0,,
sneasel-hisui,legends-arceus,tutor,rest,0,,
sneasel-hisui,legends-arceus,tutor,poison-jab,0,,
sneasel-hisui,legends-arceus,tutor,x-scissor,0,,
sneasel-hisui,legends-arceus,tutor,shadow-claw,0,,
sneasel-hisui,legends-arceus,tutor,iron-tail,0,,
sneasel-hisui,legends-arceus,tutor,shadow-ball,0,,
sneasel-hisui,legends-arceus,tutor,snarl,0,,
sneasel-hisui,legends-arceus,tutor,focus-energy,0,,
sneasel-hisui,legends-arceus,tutor,bulk-up,0,,
sneasel-hisui,legends-arceus,tutor,drain-punch,0,,
samurott-hisui,legends-arceus,level-up,night-slash,0,,35
samurott-hisui,legends-arceus,level-up,tackle,1,,10
samurott-hisui,legends-arceus,level-up,aqua-jet,6,,15
samurott-hisui,legends-arceus,level-up,swords-dance,11,,20
samurott-hisui,legends-arceus,level-up,water-pulse,18,,28
samurott-hisui,legends-arceus,level-up,ceaseless-edge,21,,31
samurott-hisui,legends-arceus,level-up,slash,25,,35
samurott-hisui,legends-arceus,level-up,aqua-tail,34,,45
samurott-hisui,legends-arceus,level-up,dark-pulse,40,,51
samurott-hisui,legends-arceus,level-up,hydro-pump,43,,54
lilligant-hisui,legends-arceus,level-up,rock-smash,0,,14
lilligant-hisui,legends-arceus,level-up,absorb,1,,9
lilligant-hisui,legends-arceus,level-up,leafage,5,,14
lilligant-hisui,legends-arceus,level-up,stun-spore,9,,18
lilligant-hisui,legends-arceus,level-up,poison-powder,15,,25
lilligant-hisui,legends-arceus,level-up,energy-ball,21,,31
lilligant-hisui,legends-arceus,level-up,sleep-powder,29,,40
lilligant-hisui,legends-arceus,level-up,drain-punch,34,,45
lilligant-hisui,legends-arceus,level-up,recover,37,,48
lilligant-hisui,legends-arceus,level-up,leaf-blade,37,,48
lilligant-hisui,legends-arceus,level-up,victory-dance,42,,55
lilligant-hisui,legends-arceus,level-up,leaf-storm,47,,59
lilligant-hisui,legends-arceus,level-up,petal-dance,53,,66
lilligant-hisui,legends-arceus,level-up,close-combat,57,,71
lilligant-hisui,legends-arceus,tutor,rock-smash,0,,
lilligant-hisui,legends-arceus,tutor,aerial-ace,0,,
lilligant-hisui,legends-arceus,tutor,magical-leaf,0,,
lilligant-hisui,legends-arceus,tutor,focus-energy,0,,
lilligant-hisui,legends-arceus,tutor,rest,0,,
lilligant-hisui,legends-arceus,tutor,baby-doll-eyes,0,,
lilligant-hisui,legends-arceus,tutor,drain-punch,0,,
lilligant-hisui,legends-arceus,tutor,poison-jab,0,,
lilligant-hisui,legends-arceus,tutor,energy-ball,0,,
lilligant-hisui,legends-arceus,tutor,giga-impact,0,,
lilligant-hisui,legends-arceus,tutor,hyper-beam,0,,
zorua-hisui,legends-arceus,level-up,shadow-sneak,1,,10
zorua-hisui,legends-arceus,level-up,snarl,6,,15
zorua-hisui,legends-arceus,level-up,swift,11,,20
zorua-hisui,legends-arceus,level-up,bitter-malice,18,,28
zorua-hisui,legends-arceus,level-up,slash,25,,35
zorua-hisui,legends-arceus,level-up,shadow-claw,34,,45
zorua-hisui,legends-arceus,level-up,nasty-plot,43,,54
zorua-hisui,legends-arceus,tutor,aerial-ace,0,,
zorua-hisui,legends-arceus,tutor,swift,0,,
zorua-hisui,legends-arceus,tutor,calm-mind,0,,
zorua-hisui,legends-arceus,tutor,rest,0,,
zorua-hisui,legends-arceus,tutor,shadow-claw,0,,
zorua-hisui,legends-arceus,tutor,sludge-bomb,0,,
zorua-hisui,legends-arceus,tutor,shadow-ball,0,,
zorua-hisui,legends-arceus,tutor,snarl,0,,
zorua-hisui,legends-arceus,tutor,dark-pulse,0,,
zoroark-hisui,legends-arceus,level-up,shadow-sneak,1,,10
zoroark-hisui,legends-arceus,level-up,snarl,6,,15
zoroark-hisui,legends-arceus,level-up,swift,11,,20
zoroark-hisui,legends-arceus,level-up,bitter-malice,18,,28
zoroark-hisui,legends-arceus,level-up,slash,25,,35
zoroark-hisui,legends-arceus,level-up,shadow-claw,34,,45
zoroark-hisui,legends-arceus,level-up,shadow-ball,40,,51
zoroark-hisui,legends-arceus,level-up,nasty-plot,43,,54
zoroark-hisui,legends-arceus,level-up,extrasensory,52,,64
zoroark-hisui,legends-arceus,tutor,rock-smash,0,,
zoroark-hisui,legends-arceus,tutor,aerial-ace,0,,
zoroark-hisui,legends-arceus,tutor,swift,0,,
zoroark-hisui,legends-arceus,tutor,ominous-wind,0,,
zoroark-hisui,legends-arceus,tutor,calm-mind,0,,
zoroark-hisui,legends-arceus,tutor,rest,0,,
zoroark-hisui,legends-arceus,tutor,shadow-claw,0,,
zoroark-hisui,legends-arceus,tutor,sludge-bomb,0,,
zoroark-hisui,legends-arceus,tutor,shadow-ball,0,,
zoroark-hisui,legends-arceus,tutor,snarl,0,,
zoroark-hisui,legends-arceus,tutor,giga-impact,0,,
zoroark-hisui,legends-arceus,tutor,hyper-beam,0,,
zoroark-hisui,legends-arceus,tutor,flamethrower,0,,
zoroark-hisui,legends-arceus,tutor,dark-pulse,0,,
braviary-hisui,legends-arceus,level-up,quick-attack,1,,10
braviary-hisui,legends-arceus,level-up,aerial-ace,6,,15
braviary-hisui,legends-arceus,level-up,twister,11,,20
braviary-hisui,legends-arceus,level-up,slash,18,,28
braviary-hisui,legends-arceus,level-up,air-slash,20,,30
braviary-hisui,legends-arceus,level-up,esper-wing,25,,35
braviary-hisui,legends-arceus,level-up,roost,25,,35
braviary-hisui,legends-arceus,level-up,double-edge,34,,45
braviary-hisui,legends-arceus,level-up,brave-bird,43,,54
braviary-hisui,legends-arceus,level-up,hurricane,52,,64
braviary-hisui,legends-arceus,tutor,rock-smash,0,,
braviary-hisui,legends-arceus,tutor,aerial-ace,0,,
braviary-hisui,legends-arceus,tutor,swift,0,,
braviary-hisui,legends-arceus,tutor,ominous-wind,0,,
braviary-hisui,legends-arceus,tutor,power-shift,0,,
braviary-hisui,legends-arceus,tutor,bulk-up,0,,
braviary-hisui,legends-arceus,tutor,rest,0,,
braviary-hisui,legends-arceus,tutor,zen-headbutt,0,,
braviary-hisui,legends-arceus,tutor,rock-slide,0,,
braviary-hisui,legends-arceus,tutor,shadow-claw,0,,
braviary-hisui,legends-arceus,tutor,mystical-fire,0,,
braviary-hisui,legends-arceus,tutor,dazzling-gleam,0,,
braviary-hisui,legends-arceus,tutor,giga-impact,0,,
braviary-hisui,legends-arceus,tutor,hyper-beam,0,,
braviary-hisui,legends-arceus,tutor,psychic,0,,
sliggoo-hisui,legends-arceus,level-up,bubble,1,,10
sliggoo-hisui,legends-arceus,level-up,acid-spray,6,,15
sliggoo-hisui,legends-arceus,level-up,acid-armor,11,,20
sliggoo-hisui,legends-arceus,level-up,water-pulse,18,,28
sliggoo-hisui,legends-arceus,level-up,iron-head,25,,35
sliggoo-hisui,legends-arceus,level-up,dragon-pulse,25,,35
sliggoo-hisui,legends-arceus,level-up,shelter,34,,45
sliggoo-hisui,legends-arceus,level-up,hydro-pump,43,,54
sliggoo-hisui,legends-arceus,tutor,rest,0,,
sliggoo-hisui,legends-arceus,tutor,rock-slide,0,,
sliggoo-hisui,legends-arceus,tutor,iron-head,0,,
sliggoo-hisui,legends-arceus,tutor,iron-tail,0,,
sliggoo-hisui,legends-arceus,tutor,water-pulse,0,,
sliggoo-hisui,legends-arceus,tutor,sludge-bomb,0,,
sliggoo-hisui,legends-arceus,tutor,outrage,0,,
sliggoo-hisui,legends-arceus,tutor,thunderbolt,0,,
sliggoo-hisui,legends-arceus,tutor,ice-beam,0,,
sliggoo-hisui,legends-arceus,tutor,draco-meteor,0,,
sliggoo-hisui,legends-arceus,tutor,steel-beam,0,,
goodra-hisui,legends-arceus,level-up,bubble,1,,10
goodra-hisui,legends-arceus,level-up,acid-spray,6,,15
goodra-hisui,legends-arceus,level-up,acid-armor,11,,20
goodra-hisui,legends-arceus,level-up,water-pulse,18,,28
goodra-hisui,legends-arceus,level-up,iron-head,25,,35
goodra-hisui,legends-arceus,level-up,dragon-pulse,25,,35
goodra-hisui,legends-arceus,level-up,shelter,34,,45
goodra-hisui,legends-arceus,level-up,hydro-pump,43,,54
goodra-hisui,legends-arceus,tutor,rock-smash,0,,
goodra-hisui,legends-arceus,tutor,bulldoze,0,,
goodra-hisui,legends-arceus,tutor,rest,0,,
goodra-hisui,legends-arceus,tutor,fire-punch,0,,
goodra-hisui,legends-arceus,tutor,thunder-punch,0,,
goodra-hisui,legends-arceus,tutor,rock-slide,0,,
goodra-hisui,legends-arceus,tutor,iron-head,0,,
goodra-hisui,legends-arceus,tutor,iron-tail,0,,
goodra-hisui,legends-arceus,tutor,water-pulse,0,,
goodra-hisui,legends-arceus,tutor,sludge-bomb,0,,
goodra-hisui,legends-arceus,tutor,giga-impact,0,,
goodra-hisui,legends-arceus,tutor,outrage,0,,
goodra-hisui,legends-arceus,tutor,hyper-beam,0,,
goodra-hisui,legends-arceus,tutor,flamethrower,0,,
goodra-hisui,legends-arceus,tutor,thunderbolt,0,,
goodra-hisui,legends-arceus,tutor,ice-beam,0,,
goodra-hisui,legends-arceus,tutor,draco-meteor,0,,
goodra-hisui,legends-arceus,tutor,steel-beam,0,,
avalugg-hisui,legends-arceus,level-up,rock-slide,0,,31
avalugg-hisui,legends-arceus,level-up,tackle,1,,9
avalugg-hisui,legends-arceus,level-up,powder-snow,5,,14
avalugg-hisui,legends-arceus,level-up,ice-shard,9,,18
avalugg-hisui,legends-arceus,level-up,bite,15,,25
avalugg-hisui,legends-arceus,level-up,iron-defense,21,,31
avalugg-hisui,legends-arceus,level-up,crunch,29,,40
avalugg-hisui,legends-arceus,level-up,earth-power,29,,40
avalugg-hisui,legends-arceus,level-up,mountain-gale,37,,48
avalugg-hisui,legends-arceus,level-up,blizzard,37,,48
avalugg-hisui,legends-arceus,level-up,double-edge,47,,59
avalugg-hisui,legends-arceus,tutor,ice-fang,0,,
avalugg-hisui,legends-arceus,tutor,ice-ball,0,,
avalugg-hisui,legends-arceus,tutor,rock-smash,0,,
avalugg-hisui,legends-arceus,tutor,bulldoze,0,,
avalugg-hisui,legends-arceus,tutor,stealth-rock,0,,
avalugg-hisui,legends-arceus,tutor,power-shift,0,,
avalugg-hisui,legends-arceus,tutor,rest,0,,
avalugg-hisui,legends-arceus,tutor,rock-slide,0,,
avalugg-hisui,legends-arceus,tutor,iron-head,0,,
avalugg-hisui,legends-arceus,tutor,water-pulse,0,,
avalugg-hisui,legends-arceus,tutor,icy-wind,0,,
avalugg-hisui,legends-arceus,tutor,earth-power,0,,
avalugg-hisui,legends-arceus,tutor,flash-cannon,0,,
avalugg-hisui,legends-arceus,tutor,giga-impact,0,,
avalugg-hisui,legends-arceus,tutor,high-horsepower,0,,
avalugg-hisui,legends-arceus,tutor,stone-edge,0,,
avalugg-hisui,legends-arceus,tutor,hyper-beam,0,,
avalugg-hisui,legends-arceus,tutor,ice-beam,0,,
decidueye-hisui,legends-arceus,level-up,rock-smash,0,,15
decidueye-hisui,legends-arceus,level-up,gust,1,,10
decidueye-hisui,legends-arceus,level-up,leafage,6,,15
decidueye-hisui,legends-arceus,level-up,roost,11,,20
decidueye-hisui,legends-arceus,level-up,aerial-ace,18,,28
decidueye-hisui,legends-arceus,level-up,magical-leaf,21,,31
decidueye-hisui,legends-arceus,level-up,air-slash,25,,35
decidueye-hisui,legends-arceus,level-up,aura-sphere,30,,41
decidueye-hisui,legends-arceus,level-up,leaf-blade,34,,45
decidueye-hisui,legends-arceus,level-up,triple-arrows,34,,45
decidueye-hisui,legends-arceus,level-up,brave-bird,40,,51
decidueye-hisui,legends-arceus,level-up,leaf-storm,43,,54
decidueye-hisui,legends-arceus,tutor,false-swipe,0,,
decidueye-hisui,legends-arceus,tutor,rock-smash,0,,
decidueye-hisui,legends-arceus,tutor,spikes,0,,
decidueye-hisui,legends-arceus,tutor,aerial-ace,0,,
decidueye-hisui,legends-arceus,tutor,swift,0,,
decidueye-hisui,legends-arceus,tutor,magical-leaf,0,,
decidueye-hisui,legends-arceus,tutor,focus-energy,0,,
decidueye-hisui,legends-arceus,tutor,bulk-up,0,,
decidueye-hisui,legends-arceus,tutor,rest,0,,
decidueye-hisui,legends-arceus,tutor,psycho-cut,0,,
decidueye-hisui,legends-arceus,tutor,shadow-claw,0,,
decidueye-hisui,legends-arceus,tutor,energy-ball,0,,
decidueye-hisui,legends-arceus,tutor,giga-impact,0,,
decidueye-hisui,legends-arceus,tutor,hyper-beam,0,,
basculin-white-striped,legends-arceus,level-up,tackle,1,,10
basculin-white-striped,legends-arceus,level-up,aqua-jet,6,,15
basculin-white-striped,legends-arceus,level-up,bite,11,,20
basculin-white-striped,legends-arceus,level-up,zen-headbutt,18,,28
basculin-white-striped,legends-arceus,level-up,crunch,25,,35
basculin-white-striped,legends-arceus,level-up,wave-crash,34,,45
basculin-white-striped,legends-arceus,level-up,double-edge,43,,54
basculin-white-striped,legends-arceus,tutor,ice-fang,0,,
basculin-white-striped,legends-arceus,tutor,swift,0,,
basculin-white-striped,legends-arceus,tutor,rest,0,,
basculin-white-striped,legends-arceus,tutor,zen-headbutt,0,,
basculin-white-striped,legends-arceus,tutor,icy-wind,0,,
basculin-white-striped,legends-arceus,tutor,aqua-tail,0,,
basculin-white-striped,legends-arceus,tutor,ice-beam,0,,
