pokemon,version_group,method,move,level,order,mastery
venusaur,champions,train,swords-dance,0,,
venusaur,champions,train,body-slam,0,,
venusaur,champions,train,double-edge,0,,
venusaur,champions,train,roar,0,,
venusaur,champions,train,hyper-beam,0,,
venusaur,champions,train,leech-seed,0,,
venusaur,champions,train,growth,0,,
venusaur,champions,train,solar-beam,0,,
venusaur,champions,train,poison-powder,0,,
venusaur,champions,train,sleep-powder,0,,
venusaur,champions,train,petal-dance,0,,
venusaur,champions,train,earthquake,0,,
venusaur,champions,train,toxic,0,,
venusaur,champions,train,light-screen,0,,
venusaur,champions,train,amnesia,0,,
venusaur,champions,train,rest,0,,
venusaur,champions,train,substitute,0,,
venusaur,champions,train,snore,0,,
venusaur,champions,train,curse,0,,
venusaur,champions,train,protect,0,,
venusaur,champions,train,scary-face,0,,
venusaur,champions,train,sludge-bomb,0,,
venusaur,champions,train,outrage,0,,
venusaur,champions,train,giga-drain,0,,
venusaur,champions,train,endure,0,,
venusaur,champions,train,charm,0,,
venusaur,champions,train,sleep-talk,0,,
venusaur,champions,train,sweet-scent,0,,
venusaur,champions,train,synthesis,0,,
venusaur,champions,train,sunny-day,0,,
venusaur,champions,train,facade,0,,
venusaur,champions,train,helping-hand,0,,
venusaur,champions,train,ingrain,0,,
venusaur,champions,train,knock-off,0,,
venusaur,champions,train,weather-ball,0,,
venusaur,champions,train,bullet-seed,0,,
venusaur,champions,train,frenzy-plant,0,,
venusaur,champions,train,worry-seed,0,,
venusaur,champions,train,poison-jab,0,,
venusaur,champions,train,seed-bomb,0,,
venusaur,champions,train,energy-ball,0,,
venusaur,champions,train,earth-power,0,,
venusaur,champions,train,giga-impact,0,,
venusaur,champions,train,leaf-storm,0,,
venusaur,champions,train,power-whip,0,,
venusaur,champions,train,grass-knot,0,,
venusaur,champions,train,venoshock,0,,
venusaur,champions,train,sludge-wave,0,,
venusaur,champions,train,acid-spray,0,,
venusaur,champions,train,round,0,,
venusaur,champions,train,bulldoze,0,,
venusaur,champions,train,petal-blizzard,0,,
venusaur,champions,train,grassy-terrain,0,,
venusaur,champions,train,stomping-tantrum,0,,
venusaur,champions,train,grassy-glide,0,,
venusaur,champions,train,terrain-pulse,0,,
venusaur,champions,train,trailblaze,0,,
charizard,champions,train,fire-punch,0,,
charizard,champions,train,thunder-punch,0,,
charizard,champions,train,swords-dance,0,,
charizard,champions,train,fly,0,,
charizard,champions,train,mega-kick,0,,
charizard,champions,train,body-slam,0,,
charizard,champions,train,double-edge,0,,
charizard,champions,train,bite,0,,
charizard,champions,train,roar,0,,
charizard,champions,train,flamethrower,0,,
charizard,champions,train,hyper-beam,0,,
charizard,champions,train,counter,0,,
charizard,champions,train,solar-beam,0,,
charizard,champions,train,fire-spin,0,,
charizard,champions,train,earthquake,0,,
charizard,champions,train,dig,0,,
charizard,champions,train,fire-blast,0,,
charizard,champions,train,rest,0,,
charizard,champions,train,rock-slide,0,,
charizard,champions,train,substitute,0,,
charizard,champions,train,snore,0,,
charizard,champions,train,protect,0,,
charizard,champions,train,scary-face,0,,
charizard,champions,train,belly-drum,0,,
charizard,champions,train,outrage,0,,
charizard,champions,train,sandstorm,0,,
charizard,champions,train,endure,0,,
charizard,champions,train,steel-wing,0,,
charizard,champions,train,sleep-talk,0,,
charizard,champions,train,iron-tail,0,,
charizard,champions,train,sunny-day,0,,
charizard,champions,train,crunch,0,,
charizard,champions,train,ancient-power,0,,
charizard,champions,train,beat-up,0,,
charizard,champions,train,heat-wave,0,,
charizard,champions,train,will-o-wisp,0,,
charizard,champions,train,facade,0,,
charizard,champions,train,focus-punch,0,,
charizard,champions,train,helping-hand,0,,
charizard,champions,train,brick-break,0,,
charizard,champions,train,blast-burn,0,,
charizard,champions,train,weather-ball,0,,
charizard,champions,train,air-cutter,0,,
charizard,champions,train,overheat,0,,
charizard,champions,train,rock-tomb,0,,
charizard,champions,train,aerial-ace,0,,
charizard,champions,train,dragon-claw,0,,
charizard,champions,train,dragon-dance,0,,
charizard,champions,train,roost,0,,
charizard,champions,train,fling,0,,
charizard,champions,train,flare-blitz,0,,
charizard,champions,train,air-slash,0,,
charizard,champions,train,dragon-pulse,0,,
charizard,champions,train,dragon-rush,0,,
charizard,champions,train,focus-blast,0,,
charizard,champions,train,giga-impact,0,,
charizard,champions,train,shadow-claw,0,,
charizard,champions,train,fire-fang,0,,
charizard,champions,train,flame-charge,0,,
charizard,champions,train,round,0,,
charizard,champions,train,acrobatics,0,,
charizard,champions,train,inferno,0,,
charizard,champions,train,bulldoze,0,,
charizard,champions,train,dragon-tail,0,,
charizard,champions,train,heat-crash,0,,
charizard,champions,train,hurricane,0,,
charizard,champions,train,brutal-swing,0,,
charizard,champions,train,breaking-swipe,0,,
charizard,champions,train,scale-shot,0,,
charizard,champions,train,scorching-sands,0,,
charizard,champions,train,dragon-cheer,0,,
charizard,champions,train,temper-flare,0,,
blastoise,champions,train,ice-punch,0,,
blastoise,champions,train,mega-kick,0,,
blastoise,champions,train,body-slam,0,,
blastoise,champions,train,double-edge,0,,
blastoise,champions,train,bite,0,,
blastoise,champions,train,roar,0,,
blastoise,champions,train,hydro-pump,0,,
blastoise,champions,train,surf,0,,
blastoise,champions,train,ice-beam,0,,
blastoise,champions,train,blizzard,0,,
blastoise,champions,train,hyper-beam,0,,
blastoise,champions,train,earthquake,0,,
blastoise,champions,train,dig,0,,
blastoise,champions,train,haze,0,,
blastoise,champions,train,waterfall,0,,
blastoise,champions,train,rest,0,,
blastoise,champions,train,rock-slide,0,,
blastoise,champions,train,substitute,0,,
blastoise,champions,train,snore,0,,
blastoise,champions,train,flail,0,,
blastoise,champions,train,protect,0,,
blastoise,champions,train,scary-face,0,,
blastoise,champions,train,icy-wind,0,,
blastoise,champions,train,outrage,0,,
blastoise,champions,train,endure,0,,
blastoise,champions,train,sleep-talk,0,,
blastoise,champions,train,rapid-spin,0,,
blastoise,champions,train,iron-tail,0,,
blastoise,champions,train,rain-dance,0,,
blastoise,champions,train,crunch,0,,
blastoise,champions,train,mirror-coat,0,,
blastoise,champions,train,whirlpool,0,,
blastoise,champions,train,fake-out,0,,
blastoise,champions,train,facade,0,,
blastoise,champions,train,focus-punch,0,,
blastoise,champions,train,helping-hand,0,,
blastoise,champions,train,brick-break,0,,
blastoise,champions,train,yawn,0,,
blastoise,champions,train,dive,0,,
blastoise,champions,train,hydro-cannon,0,,
blastoise,champions,train,weather-ball,0,,
blastoise,champions,train,rock-tomb,0,,
blastoise,champions,train,water-spout,0,,
blastoise,champions,train,muddy-water,0,,
blastoise,champions,train,iron-defense,0,,
blastoise,champions,train,mud-shot,0,,
blastoise,champions,train,water-pulse,0,,
blastoise,champions,train,gyro-ball,0,,
blastoise,champions,train,fling,0,,
blastoise,champions,train,aqua-ring,0,,
blastoise,champions,train,aura-sphere,0,,
blastoise,champions,train,dark-pulse,0,,
blastoise,champions,train,aqua-tail,0,,
blastoise,champions,train,dragon-pulse,0,,
blastoise,champions,train,focus-blast,0,,
blastoise,champions,train,giga-impact,0,,
blastoise,champions,train,avalanche,0,,
blastoise,champions,train,zen-headbutt,0,,
blastoise,champions,train,flash-cannon,0,,
blastoise,champions,train,iron-head,0,,
blastoise,champions,train,aqua-jet,0,,
blastoise,champions,train,smack-down,0,,
blastoise,champions,train,round,0,,
blastoise,champions,train,shell-smash,0,,
blastoise,champions,train,bulldoze,0,,
blastoise,champions,train,liquidation,0,,
blastoise,champions,train,body-press,0,,
blastoise,champions,train,life-dew,0,,
blastoise,champions,train,terrain-pulse,0,,
blastoise,champions,train,flip-turn,0,,
blastoise,champions,train,wave-crash,0,,
blastoise,champions,train,ice-spinner,0,,
blastoise,champions,train,chilling-water,0,,
beedrill,champions,train,swords-dance,0,,
beedrill,champions,train,double-edge,0,,
beedrill,champions,train,pin-missile,0,,
beedrill,champions,train,hyper-beam,0,,
beedrill,champions,train,solar-beam,0,,
beedrill,champions,train,string-shot,0,,
beedrill,champions,train,toxic,0,,
beedrill,champions,train,agility,0,,
beedrill,champions,train,screech,0,,
beedrill,champions,train,focus-energy,0,,
beedrill,champions,train,rest,0,,
beedrill,champions,train,substitute,0,,
beedrill,champions,train,thief,0,,
beedrill,champions,train,snore,0,,
beedrill,champions,train,protect,0,,
beedrill,champions,train,sludge-bomb,0,,
beedrill,champions,train,giga-drain,0,,
beedrill,champions,train,endure,0,,
beedrill,champions,train,attract,0,,
beedrill,champions,train,sleep-talk,0,,
beedrill,champions,train,baton-pass,0,,
beedrill,champions,train,sunny-day,0,,
beedrill,champions,train,facade,0,,
beedrill,champions,train,brick-break,0,,
beedrill,champions,train,knock-off,0,,
beedrill,champions,train,endeavor,0,,
beedrill,champions,train,air-cutter,0,,
beedrill,champions,train,aerial-ace,0,,
beedrill,champions,train,iron-defense,0,,
beedrill,champions,train,u-turn,0,,
beedrill,champions,train,payback,0,,
beedrill,champions,train,assurance,0,,
beedrill,champions,train,toxic-spikes,0,,
beedrill,champions,train,poison-jab,0,,
beedrill,champions,train,x-scissor,0,,
beedrill,champions,train,bug-buzz,0,,
beedrill,champions,train,giga-impact,0,,
beedrill,champions,train,cross-poison,0,,
beedrill,champions,train,bug-bite,0,,
beedrill,champions,train,double-hit,0,,
beedrill,champions,train,venoshock,0,,
beedrill,champions,train,round,0,,
beedrill,champions,train,acrobatics,0,,
beedrill,champions,train,electroweb,0,,
beedrill,champions,train,drill-run,0,,
beedrill,champions,train,fell-stinger,0,,
beedrill,champions,train,throat-chop,0,,
beedrill,champions,train,pollen-puff,0,,
beedrill,champions,train,lunge,0,,
beedrill,champions,train,brutal-swing,0,,
beedrill,champions,train,skitter-smack,0,,
beedrill,champions,train,dual-wingbeat,0,,
beedrill,champions,train,pounce,0,,
pidgeot,champions,train,whirlwind,0,,
pidgeot,champions,train,fly,0,,
pidgeot,champions,train,hyper-beam,0,,
pidgeot,champions,train,agility,0,,
pidgeot,champions,train,quick-attack,0,,
pidgeot,champions,train,sky-attack,0,,
pidgeot,champions,train,rest,0,,
pidgeot,champions,train,substitute,0,,
pidgeot,champions,train,thief,0,,
pidgeot,champions,train,snore,0,,
pidgeot,champions,train,protect,0,,
pidgeot,champions,train,endure,0,,
pidgeot,champions,train,steel-wing,0,,
pidgeot,champions,train,attract,0,,
pidgeot,champions,train,sleep-talk,0,,
pidgeot,champions,train,rain-dance,0,,
pidgeot,champions,train,sunny-day,0,,
pidgeot,champions,train,uproar,0,,
pidgeot,champions,train,heat-wave,0,,
pidgeot,champions,train,facade,0,,
pidgeot,champions,train,feather-dance,0,,
pidgeot,champions,train,aerial-ace,0,,
pidgeot,champions,train,roost,0,,
pidgeot,champions,train,tailwind,0,,
pidgeot,champions,train,u-turn,0,,
pidgeot,champions,train,air-slash,0,,
pidgeot,champions,train,brave-bird,0,,
pidgeot,champions,train,giga-impact,0,,
pidgeot,champions,train,round,0,,
pidgeot,champions,train,hurricane,0,,
pidgeot,champions,train,dual-wingbeat,0,,
arbok,champions,train,body-slam,0,,
arbok,champions,train,wrap,0,,
arbok,champions,train,double-edge,0,,
arbok,champions,train,bite,0,,
arbok,champions,train,hyper-beam,0,,
arbok,champions,train,earthquake,0,,
arbok,champions,train,dig,0,,
arbok,champions,train,toxic,0,,
arbok,champions,train,screech,0,,
arbok,champions,train,haze,0,,
arbok,champions,train,glare,0,,
arbok,champions,train,leech-life,0,,
arbok,champions,train,rest,0,,
arbok,champions,train,rock-slide,0,,
arbok,champions,train,substitute,0,,
arbok,champions,train,thief,0,,
arbok,champions,train,snore,0,,
arbok,champions,train,spite,0,,
arbok,champions,train,protect,0,,
arbok,champions,train,scary-face,0,,
arbok,champions,train,sludge-bomb,0,,
arbok,champions,train,mud-slap,0,,
arbok,champions,train,giga-drain,0,,
arbok,champions,train,endure,0,,
arbok,champions,train,sleep-talk,0,,
arbok,champions,train,pain-split,0,,
arbok,champions,train,iron-tail,0,,
arbok,champions,train,rain-dance,0,,
arbok,champions,train,sunny-day,0,,
arbok,champions,train,crunch,0,,
arbok,champions,train,beat-up,0,,
arbok,champions,train,stockpile,0,,
arbok,champions,train,spit-up,0,,
arbok,champions,train,swallow,0,,
arbok,champions,train,facade,0,,
arbok,champions,train,knock-off,0,,
arbok,champions,train,poison-fang,0,,
arbok,champions,train,rock-tomb,0,,
arbok,champions,train,mud-shot,0,,
arbok,champions,train,payback,0,,
arbok,champions,train,gastro-acid,0,,
arbok,champions,train,sucker-punch,0,,
arbok,champions,train,toxic-spikes,0,,
arbok,champions,train,poison-jab,0,,
arbok,champions,train,dark-pulse,0,,
arbok,champions,train,seed-bomb,0,,
arbok,champions,train,switcheroo,0,,
arbok,champions,train,giga-impact,0,,
arbok,champions,train,thunder-fang,0,,
arbok,champions,train,ice-fang,0,,
arbok,champions,train,fire-fang,0,,
arbok,champions,train,gunk-shot,0,,
arbok,champions,train,venoshock,0,,
arbok,champions,train,sludge-wave,0,,
arbok,champions,train,coil,0,,
arbok,champions,train,acid-spray,0,,
arbok,champions,train,round,0,,
arbok,champions,train,bulldoze,0,,
arbok,champions,train,dragon-tail,0,,
arbok,champions,train,snarl,0,,
arbok,champions,train,belch,0,,
arbok,champions,train,throat-chop,0,,
arbok,champions,train,brutal-swing,0,,
arbok,champions,train,psychic-fangs,0,,
arbok,champions,train,stomping-tantrum,0,,
arbok,champions,train,breaking-swipe,0,,
arbok,champions,train,scale-shot,0,,
arbok,champions,train,skitter-smack,0,,
arbok,champions,train,lash-out,0,,
arbok,champions,train,trailblaze,0,,
pikachu,champions,train,thunder-punch,0,,
pikachu,champions,train,mega-kick,0,,
pikachu,champions,train,body-slam,0,,
pikachu,champions,train,surf,0,,
pikachu,champions,train,thunderbolt,0,,
pikachu,champions,train,thunder-wave,0,,
pikachu,champions,train,thunder,0,,
pikachu,champions,train,dig,0,,
pikachu,champions,train,agility,0,,
pikachu,champions,train,quick-attack,0,,
pikachu,champions,train,double-team,0,,
pikachu,champions,train,light-screen,0,,
pikachu,champions,train,reflect,0,,
pikachu,champions,train,rest,0,,
pikachu,champions,train,substitute,0,,
pikachu,champions,train,thief,0,,
pikachu,champions,train,snore,0,,
pikachu,champions,train,flail,0,,
pikachu,champions,train,reversal,0,,
pikachu,champions,train,protect,0,,
pikachu,champions,train,sweet-kiss,0,,
pikachu,champions,train,zap-cannon,0,,
pikachu,champions,train,endure,0,,
pikachu,champions,train,charm,0,,
pikachu,champions,train,sleep-talk,0,,
pikachu,champions,train,encore,0,,
pikachu,champions,train,iron-tail,0,,
pikachu,champions,train,rain-dance,0,,
pikachu,champions,train,fake-out,0,,
pikachu,champions,train,facade,0,,
pikachu,champions,train,focus-punch,0,,
pikachu,champions,train,charge,0,,
pikachu,champions,train,helping-hand,0,,
pikachu,champions,train,wish,0,,
pikachu,champions,train,brick-break,0,,
pikachu,champions,train,knock-off,0,,
pikachu,champions,train,endeavor,0,,
pikachu,champions,train,fake-tears,0,,
pikachu,champions,train,tickle,0,,
pikachu,champions,train,volt-tackle,0,,
pikachu,champions,train,feint,0,,
pikachu,champions,train,fling,0,,
pikachu,champions,train,nasty-plot,0,,
pikachu,champions,train,discharge,0,,
pikachu,champions,train,grass-knot,0,,
pikachu,champions,train,charge-beam,0,,
pikachu,champions,train,electro-ball,0,,
pikachu,champions,train,round,0,,
pikachu,champions,train,volt-switch,0,,
pikachu,champions,train,electroweb,0,,
pikachu,champions,train,wild-charge,0,,
pikachu,champions,train,draining-kiss,0,,
pikachu,champions,train,play-rough,0,,
pikachu,champions,train,eerie-impulse,0,,
pikachu,champions,train,electric-terrain,0,,
pikachu,champions,train,nuzzle,0,,
pikachu,champions,train,rising-voltage,0,,
pikachu,champions,train,trailblaze,0,,
pikachu,champions,train,alluring-voice,0,,
pikachu,champions,train,upper-hand,0,,
raichu,champions,train,thunder-punch,0,,
raichu,champions,train,mega-kick,0,,
raichu,champions,train,body-slam,0,,
raichu,champions,train,surf,0,,
raichu,champions,train,hyper-beam,0,,
raichu,champions,train,thunderbolt,0,,
raichu,champions,train,thunder-wave,0,,
raichu,champions,train,thunder,0,,
raichu,champions,train,dig,0,,
raichu,champions,train,agility,0,,
raichu,champions,train,quick-attack,0,,
raichu,champions,train,double-team,0,,
raichu,champions,train,light-screen,0,,
raichu,champions,train,reflect,0,,
raichu,champions,train,rest,0,,
raichu,champions,train,substitute,0,,
raichu,champions,train,thief,0,,
raichu,champions,train,snore,0,,
raichu,champions,train,flail,0,,
raichu,champions,train,reversal,0,,
raichu,champions,train,protect,0,,
raichu,champions,train,sweet-kiss,0,,
raichu,champions,train,zap-cannon,0,,
raichu,champions,train,endure,0,,
raichu,champions,train,charm,0,,
raichu,champions,train,sleep-talk,0,,
raichu,champions,train,encore,0,,
raichu,champions,train,iron-tail,0,,
raichu,champions,train,rain-dance,0,,
raichu,champions,train,fake-out,0,,
raichu,champions,train,facade,0,,
raichu,champions,train,focus-punch,0,,
raichu,champions,train,charge,0,,
raichu,champions,train,helping-hand,0,,
raichu,champions,train,wish,0,,
raichu,champions,train,brick-break,0,,
raichu,champions,train,knock-off,0,,
raichu,champions,train,endeavor,0,,
raichu,champions,train,fake-tears,0,,
raichu,champions,train,tickle,0,,
raichu,champions,train,volt-tackle,0,,
raichu,champions,train,feint,0,,
raichu,champions,train,fling,0,,
raichu,champions,train,drain-punch,0,,
raichu,champions,train,focus-blast,0,,
raichu,champions,train,giga-impact,0,,
raichu,champions,train,nasty-plot,0,,
raichu,champions,train,discharge,0,,
raichu,champions,train,grass-knot,0,,
raichu,champions,train,charge-beam,0,,
raichu,champions,train,electro-ball,0,,
raichu,champions,train,round,0,,
raichu,champions,train,volt-switch,0,,
raichu,champions,train,electroweb,0,,
raichu,champions,train,wild-charge,0,,
raichu,champions,train,draining-kiss,0,,
raichu,champions,train,play-rough,0,,
raichu,champions,train,eerie-impulse,0,,
raichu,champions,train,electric-terrain,0,,
raichu,champions,train,dazzling-gleam,0,,
raichu,champions,train,nuzzle,0,,
raichu,champions,train,brutal-swing,0,,
raichu,champions,train,rising-voltage,0,,
raichu,champions,train,trailblaze,0,,
raichu,champions,train,alluring-voice,0,,
raichu,champions,train,upper-hand,0,,
clefable,champions,train,fire-punch,0,,
clefable,champions,train,ice-punch,0,,
clefable,champions,train,thunder-punch,0,,
clefable,champions,train,body-slam,0,,
clefable,champions,train,double-edge,0,,
clefable,champions,train,sing,0,,
clefable,champions,train,flamethrower,0,,
clefable,champions,train,ice-beam,0,,
clefable,champions,train,blizzard,0,,
clefable,champions,train,hyper-beam,0,,
clefable,champions,train,solar-beam,0,,
clefable,champions,train,thunderbolt,0,,
clefable,champions,train,thunder-wave,0,,
clefable,champions,train,thunder,0,,
clefable,champions,train,dig,0,,
clefable,champions,train,psychic,0,,
clefable,champions,train,night-shade,0,,
clefable,champions,train,light-screen,0,,
clefable,champions,train,reflect,0,,
clefable,champions,train,fire-blast,0,,
clefable,champions,train,amnesia,0,,
clefable,champions,train,rest,0,,
clefable,champions,train,tri-attack,0,,
clefable,champions,train,substitute,0,,
clefable,champions,train,thief,0,,
clefable,champions,train,snore,0,,
clefable,champions,train,protect,0,,
clefable,champions,train,sweet-kiss,0,,
clefable,champions,train,icy-wind,0,,
clefable,champions,train,endure,0,,
clefable,champions,train,charm,0,,
clefable,champions,train,sleep-talk,0,,
clefable,champions,train,safeguard,0,,
clefable,champions,train,baton-pass,0,,
clefable,champions,train,encore,0,,
clefable,champions,train,moonlight,0,,
clefable,champions,train,rain-dance,0,,
clefable,champions,train,sunny-day,0,,
clefable,champions,train,psych-up,0,,
clefable,champions,train,shadow-ball,0,,
clefable,champions,train,future-sight,0,,
clefable,champions,train,uproar,0,,
clefable,champions,train,facade,0,,
clefable,champions,train,focus-punch,0,,
clefable,champions,train,follow-me,0,,
clefable,champions,train,helping-hand,0,,
clefable,champions,train,trick,0,,
clefable,champions,train,wish,0,,
clefable,champions,train,brick-break,0,,
clefable,champions,train,knock-off,0,,
clefable,champions,train,endeavor,0,,
clefable,champions,train,skill-swap,0,,
clefable,champions,train,imprison,0,,
clefable,champions,train,hyper-voice,0,,
clefable,champions,train,meteor-mash,0,,
clefable,champions,train,fake-tears,0,,
clefable,champions,train,tickle,0,,
clefable,champions,train,cosmic-power,0,,
clefable,champions,train,bounce,0,,
clefable,champions,train,calm-mind,0,,
clefable,champions,train,water-pulse,0,,
clefable,champions,train,gravity,0,,
clefable,champions,train,healing-wish,0,,
clefable,champions,train,fling,0,,
clefable,champions,train,copycat,0,,
clefable,champions,train,air-slash,0,,
clefable,champions,train,drain-punch,0,,
clefable,champions,train,focus-blast,0,,
clefable,champions,train,giga-impact,0,,
clefable,champions,train,zen-headbutt,0,,
clefable,champions,train,stealth-rock,0,,
clefable,champions,train,grass-knot,0,,
clefable,champions,train,charge-beam,0,,
clefable,champions,train,wonder-room,0,,
clefable,champions,train,psyshock,0,,
clefable,champions,train,after-you,0,,
clefable,champions,train,round,0,,
clefable,champions,train,stored-power,0,,
clefable,champions,train,heal-pulse,0,,
clefable,champions,train,draining-kiss,0,,
clefable,champions,train,misty-terrain,0,,
clefable,champions,train,play-rough,0,,
clefable,champions,train,moonblast,0,,
clefable,champions,train,mystical-fire,0,,
clefable,champions,train,dazzling-gleam,0,,
clefable,champions,train,life-dew,0,,
clefable,champions,train,meteor-beam,0,,
clefable,champions,train,misty-explosion,0,,
clefable,champions,train,dual-wingbeat,0,,
clefable,champions,train,chilling-water,0,,
clefable,champions,train,alluring-voice,0,,
ninetales,champions,train,body-slam,0,,
ninetales,champions,train,double-edge,0,,
ninetales,champions,train,roar,0,,
ninetales,champions,train,disable,0,,
ninetales,champions,train,flamethrower,0,,
ninetales,champions,train,hyper-beam,0,,
ninetales,champions,train,solar-beam,0,,
ninetales,champions,train,fire-spin,0,,
ninetales,champions,train,dig,0,,
ninetales,champions,train,hypnosis,0,,
ninetales,champions,train,agility,0,,
ninetales,champions,train,quick-attack,0,,
ninetales,champions,train,night-shade,0,,
ninetales,champions,train,confuse-ray,0,,
ninetales,champions,train,fire-blast,0,,
ninetales,champions,train,rest,0,,
ninetales,champions,train,substitute,0,,
ninetales,champions,train,snore,0,,
ninetales,champions,train,flail,0,,
ninetales,champions,train,spite,0,,
ninetales,champions,train,protect,0,,
ninetales,champions,train,endure,0,,
ninetales,champions,train,charm,0,,
ninetales,champions,train,attract,0,,
ninetales,champions,train,sleep-talk,0,,
ninetales,champions,train,safeguard,0,,
ninetales,champions,train,pain-split,0,,
ninetales,champions,train,baton-pass,0,,
ninetales,champions,train,encore,0,,
ninetales,champions,train,iron-tail,0,,
ninetales,champions,train,sunny-day,0,,
ninetales,champions,train,psych-up,0,,
ninetales,champions,train,shadow-ball,0,,
ninetales,champions,train,heat-wave,0,,
ninetales,champions,train,will-o-wisp,0,,
ninetales,champions,train,memento,0,,
ninetales,champions,train,facade,0,,
ninetales,champions,train,helping-hand,0,,
ninetales,champions,train,imprison,0,,
ninetales,champions,train,weather-ball,0,,
ninetales,champions,train,fake-tears,0,,
ninetales,champions,train,overheat,0,,
ninetales,champions,train,extrasensory,0,,
ninetales,champions,train,howl,0,,
ninetales,champions,train,calm-mind,0,,
ninetales,champions,train,healing-wish,0,,
ninetales,champions,train,payback,0,,
ninetales,champions,train,power-swap,0,,
ninetales,champions,train,flare-blitz,0,,
ninetales,champions,train,dark-pulse,0,,
ninetales,champions,train,energy-ball,0,,
ninetales,champions,train,giga-impact,0,,
ninetales,champions,train,nasty-plot,0,,
ninetales,champions,train,zen-headbutt,0,,
ninetales,champions,train,psyshock,0,,
ninetales,champions,train,flame-charge,0,,
ninetales,champions,train,foul-play,0,,
ninetales,champions,train,round,0,,
ninetales,champions,train,stored-power,0,,
ninetales,champions,train,hex,0,,
ninetales,champions,train,inferno,0,,
ninetales,champions,train,tail-slap,0,,
ninetales,champions,train,snarl,0,,
ninetales,champions,train,mystical-fire,0,,
ninetales,champions,train,baby-doll-eyes,0,,
ninetales,champions,train,burning-jealousy,0,,
ninetales,champions,train,scorching-sands,0,,
vileplume,champions,train,swords-dance,0,,
vileplume,champions,train,body-slam,0,,
vileplume,champions,train,hyper-beam,0,,
vileplume,champions,train,leech-seed,0,,
vileplume,champions,train,growth,0,,
vileplume,champions,train,solar-beam,0,,
vileplume,champions,train,poison-powder,0,,
vileplume,champions,train,stun-spore,0,,
vileplume,champions,train,sleep-powder,0,,
vileplume,champions,train,petal-dance,0,,
vileplume,champions,train,toxic,0,,
vileplume,champions,train,rest,0,,
vileplume,champions,train,substitute,0,,
vileplume,champions,train,snore,0,,
vileplume,champions,train,flail,0,,
vileplume,champions,train,protect,0,,
vileplume,champions,train,sludge-bomb,0,,
vileplume,champions,train,giga-drain,0,,
vileplume,champions,train,endure,0,,
vileplume,champions,train,charm,0,,
vileplume,champions,train,attract,0,,
vileplume,champions,train,sleep-talk,0,,
vileplume,champions,train,sweet-scent,0,,
vileplume,champions,train,synthesis,0,,
vileplume,champions,train,moonlight,0,,
vileplume,champions,train,sunny-day,0,,
vileplume,champions,train,facade,0,,
vileplume,champions,train,helping-hand,0,,
vileplume,champions,train,ingrain,0,,
vileplume,champions,train,teeter-dance,0,,
vileplume,champions,train,weather-ball,0,,
vileplume,champions,train,tickle,0,,
vileplume,champions,train,bullet-seed,0,,
vileplume,champions,train,fling,0,,
vileplume,champions,train,seed-bomb,0,,
vileplume,champions,train,energy-ball,0,,
vileplume,champions,train,giga-impact,0,,
vileplume,champions,train,leaf-storm,0,,
vileplume,champions,train,grass-knot,0,,
vileplume,champions,train,venoshock,0,,
vileplume,champions,train,sludge-wave,0,,
vileplume,champions,train,acid-spray,0,,
vileplume,champions,train,after-you,0,,
vileplume,champions,train,round,0,,
vileplume,champions,train,petal-blizzard,0,,
vileplume,champions,train,grassy-terrain,0,,
vileplume,champions,train,moonblast,0,,
vileplume,champions,train,dazzling-gleam,0,,
vileplume,champions,train,strength-sap,0,,
vileplume,champions,train,solar-blade,0,,
vileplume,champions,train,pollen-puff,0,,
vileplume,champions,train,grassy-glide,0,,
vileplume,champions,train,corrosive-gas,0,,
vileplume,champions,train,trailblaze,0,,
arcanine,champions,train,body-slam,0,,
arcanine,champions,train,thrash,0,,
arcanine,champions,train,double-edge,0,,
arcanine,champions,train,bite,0,,
arcanine,champions,train,roar,0,,
arcanine,champions,train,flamethrower,0,,
arcanine,champions,train,hyper-beam,0,,
arcanine,champions,train,solar-beam,0,,
arcanine,champions,train,fire-spin,0,,
arcanine,champions,train,dig,0,,
arcanine,champions,train,agility,0,,
arcanine,champions,train,fire-blast,0,,
arcanine,champions,train,rest,0,,
arcanine,champions,train,substitute,0,,
arcanine,champions,train,thief,0,,
arcanine,champions,train,snore,0,,
arcanine,champions,train,curse,0,,
arcanine,champions,train,reversal,0,,
arcanine,champions,train,protect,0,,
arcanine,champions,train,scary-face,0,,
arcanine,champions,train,outrage,0,,
arcanine,champions,train,endure,0,,
arcanine,champions,train,charm,0,,
arcanine,champions,train,sleep-talk,0,,
arcanine,champions,train,iron-tail,0,,
arcanine,champions,train,morning-sun,0,,
arcanine,champions,train,sunny-day,0,,
arcanine,champions,train,crunch,0,,
arcanine,champions,train,extreme-speed,0,,
arcanine,champions,train,heat-wave,0,,
arcanine,champions,train,will-o-wisp,0,,
arcanine,champions,train,facade,0,,
arcanine,champions,train,helping-hand,0,,
arcanine,champions,train,hyper-voice,0,,
arcanine,champions,train,overheat,0,,
arcanine,champions,train,aerial-ace,0,,
arcanine,champions,train,howl,0,,
arcanine,champions,train,covet,0,,
arcanine,champions,train,close-combat,0,,
arcanine,champions,train,flare-blitz,0,,
arcanine,champions,train,dragon-pulse,0,,
arcanine,champions,train,giga-impact,0,,
arcanine,champions,train,thunder-fang,0,,
arcanine,champions,train,fire-fang,0,,
arcanine,champions,train,iron-head,0,,
arcanine,champions,train,flame-charge,0,,
arcanine,champions,train,round,0,,
arcanine,champions,train,bulldoze,0,,
arcanine,champions,train,wild-charge,0,,
arcanine,champions,train,heat-crash,0,,
arcanine,champions,train,snarl,0,,
arcanine,champions,train,play-rough,0,,
arcanine,champions,train,burn-up,0,,
arcanine,champions,train,psychic-fangs,0,,
arcanine,champions,train,scorching-sands,0,,
arcanine,champions,train,raging-fury,0,,
arcanine,champions,train,temper-flare,0,,
alakazam,champions,train,fire-punch,0,,
alakazam,champions,train,ice-punch,0,,
alakazam,champions,train,thunder-punch,0,,
alakazam,champions,train,mega-kick,0,,
alakazam,champions,train,body-slam,0,,
alakazam,champions,train,disable,0,,
alakazam,champions,train,hyper-beam,0,,
alakazam,champions,train,thunder-wave,0,,
alakazam,champions,train,psychic,0,,
alakazam,champions,train,double-team,0,,
alakazam,champions,train,recover,0,,
alakazam,champions,train,light-screen,0,,
alakazam,champions,train,reflect,0,,
alakazam,champions,train,rest,0,,
alakazam,champions,train,tri-attack,0,,
alakazam,champions,train,substitute,0,,
alakazam,champions,train,thief,0,,
alakazam,champions,train,snore,0,,
alakazam,champions,train,protect,0,,
alakazam,champions,train,endure,0,,
alakazam,champions,train,attract,0,,
alakazam,champions,train,sleep-talk,0,,
alakazam,champions,train,safeguard,0,,
alakazam,champions,train,encore,0,,
alakazam,champions,train,iron-tail,0,,
alakazam,champions,train,rain-dance,0,,
alakazam,champions,train,sunny-day,0,,
alakazam,champions,train,shadow-ball,0,,
alakazam,champions,train,future-sight,0,,
alakazam,champions,train,facade,0,,
alakazam,champions,train,taunt,0,,
alakazam,champions,train,trick,0,,
alakazam,champions,train,role-play,0,,
alakazam,champions,train,skill-swap,0,,
alakazam,champions,train,imprison,0,,
alakazam,champions,train,calm-mind,0,,
alakazam,champions,train,fling,0,,
alakazam,champions,train,power-swap,0,,
alakazam,champions,train,guard-swap,0,,
alakazam,champions,train,drain-punch,0,,
alakazam,champions,train,focus-blast,0,,
alakazam,champions,train,energy-ball,0,,
alakazam,champions,train,giga-impact,0,,
alakazam,champions,train,nasty-plot,0,,
alakazam,champions,train,psycho-cut,0,,
alakazam,champions,train,zen-headbutt,0,,
alakazam,champions,train,trick-room,0,,
alakazam,champions,train,grass-knot,0,,
alakazam,champions,train,guard-split,0,,
alakazam,champions,train,wonder-room,0,,
alakazam,champions,train,psyshock,0,,
alakazam,champions,train,magic-room,0,,
alakazam,champions,train,foul-play,0,,
alakazam,champions,train,round,0,,
alakazam,champions,train,stored-power,0,,
alakazam,champions,train,ally-switch,0,,
alakazam,champions,train,dazzling-gleam,0,,
alakazam,champions,train,psychic-terrain,0,,
alakazam,champions,train,speed-swap,0,,
alakazam,champions,train,expanding-force,0,,
machamp,champions,train,fire-punch,0,,
machamp,champions,train,ice-punch,0,,
machamp,champions,train,thunder-punch,0,,
machamp,champions,train,mega-kick,0,,
machamp,champions,train,body-slam,0,,
machamp,champions,train,double-edge,0,,
machamp,champions,train,flamethrower,0,,
machamp,champions,train,hyper-beam,0,,
machamp,champions,train,low-kick,0,,
machamp,champions,train,counter,0,,
machamp,champions,train,seismic-toss,0,,
machamp,champions,train,earthquake,0,,
machamp,champions,train,dig,0,,
machamp,champions,train,light-screen,0,,
machamp,champions,train,focus-energy,0,,
machamp,champions,train,fire-blast,0,,
machamp,champions,train,rest,0,,
machamp,champions,train,rock-slide,0,,
machamp,champions,train,substitute,0,,
machamp,champions,train,thief,0,,
machamp,champions,train,snore,0,,
machamp,champions,train,reversal,0,,
machamp,champions,train,protect,0,,
machamp,champions,train,scary-face,0,,
machamp,champions,train,detect,0,,
machamp,champions,train,endure,0,,
machamp,champions,train,attract,0,,
machamp,champions,train,sleep-talk,0,,
machamp,champions,train,dynamic-punch,0,,
machamp,champions,train,encore,0,,
machamp,champions,train,cross-chop,0,,
machamp,champions,train,rain-dance,0,,
machamp,champions,train,sunny-day,0,,
machamp,champions,train,facade,0,,
machamp,champions,train,helping-hand,0,,
machamp,champions,train,superpower,0,,
machamp,champions,train,brick-break,0,,
machamp,champions,train,knock-off,0,,
machamp,champions,train,rock-tomb,0,,
machamp,champions,train,tickle,0,,
machamp,champions,train,bulk-up,0,,
machamp,champions,train,rock-blast,0,,
machamp,champions,train,close-combat,0,,
machamp,champions,train,payback,0,,
machamp,champions,train,assurance,0,,
machamp,champions,train,fling,0,,
machamp,champions,train,poison-jab,0,,
machamp,champions,train,drain-punch,0,,
machamp,champions,train,focus-blast,0,,
machamp,champions,train,giga-impact,0,,
machamp,champions,train,bullet-punch,0,,
machamp,champions,train,cross-poison,0,,
machamp,champions,train,stone-edge,0,,
machamp,champions,train,wide-guard,0,,
machamp,champions,train,storm-throw,0,,
machamp,champions,train,heavy-slam,0,,
machamp,champions,train,low-sweep,0,,
machamp,champions,train,round,0,,
machamp,champions,train,quick-guard,0,,
machamp,champions,train,bulldoze,0,,
machamp,champions,train,darkest-lariat,0,,
machamp,champions,train,high-horsepower,0,,
machamp,champions,train,throat-chop,0,,
machamp,champions,train,brutal-swing,0,,
machamp,champions,train,stomping-tantrum,0,,
machamp,champions,train,coaching,0,,
victreebel,champions,train,swords-dance,0,,
victreebel,champions,train,body-slam,0,,
victreebel,champions,train,wrap,0,,
victreebel,champions,train,hyper-beam,0,,
victreebel,champions,train,growth,0,,
victreebel,champions,train,solar-beam,0,,
victreebel,champions,train,poison-powder,0,,
victreebel,champions,train,stun-spore,0,,
victreebel,champions,train,sleep-powder,0,,
victreebel,champions,train,toxic,0,,
victreebel,champions,train,reflect,0,,
victreebel,champions,train,leech-life,0,,
victreebel,champions,train,rest,0,,
victreebel,champions,train,substitute,0,,
victreebel,champions,train,thief,0,,
victreebel,champions,train,snore,0,,
victreebel,champions,train,protect,0,,
victreebel,champions,train,scary-face,0,,
victreebel,champions,train,sludge-bomb,0,,
victreebel,champions,train,giga-drain,0,,
victreebel,champions,train,endure,0,,
victreebel,champions,train,sleep-talk,0,,
victreebel,champions,train,encore,0,,
victreebel,champions,train,sweet-scent,0,,
victreebel,champions,train,synthesis,0,,
victreebel,champions,train,sunny-day,0,,
victreebel,champions,train,stockpile,0,,
victreebel,champions,train,spit-up,0,,
victreebel,champions,train,swallow,0,,
victreebel,champions,train,facade,0,,
victreebel,champions,train,ingrain,0,,
victreebel,champions,train,knock-off,0,,
victreebel,champions,train,weather-ball,0,,
victreebel,champions,train,tickle,0,,
victreebel,champions,train,bullet-seed,0,,
victreebel,champions,train,leaf-blade,0,,
victreebel,champions,train,gastro-acid,0,,
victreebel,champions,train,worry-seed,0,,
victreebel,champions,train,sucker-punch,0,,
victreebel,champions,train,toxic-spikes,0,,
victreebel,champions,train,poison-jab,0,,
victreebel,champions,train,seed-bomb,0,,
victreebel,champions,train,energy-ball,0,,
victreebel,champions,train,giga-impact,0,,
victreebel,champions,train,leaf-storm,0,,
victreebel,champions,train,power-whip,0,,
victreebel,champions,train,grass-knot,0,,
victreebel,champions,train,bug-bite,0,,
victreebel,champions,train,venoshock,0,,
victreebel,champions,train,sludge-wave,0,,
victreebel,champions,train,acid-spray,0,,
victreebel,champions,train,round,0,,
victreebel,champions,train,clear-smog,0,,
victreebel,champions,train,grassy-terrain,0,,
victreebel,champions,train,strength-sap,0,,
victreebel,champions,train,lunge,0,,
victreebel,champions,train,grassy-glide,0,,
victreebel,champions,train,pounce,0,,
victreebel,champions,train,trailblaze,0,,
slowbro,champions,train,ice-punch,0,,
slowbro,champions,train,body-slam,0,,
slowbro,champions,train,disable,0,,
slowbro,champions,train,flamethrower,0,,
slowbro,champions,train,hydro-pump,0,,
slowbro,champions,train,surf,0,,
slowbro,champions,train,ice-beam,0,,
slowbro,champions,train,blizzard,0,,
slowbro,champions,train,hyper-beam,0,,
slowbro,champions,train,thunder-wave,0,,
slowbro,champions,train,earthquake,0,,
slowbro,champions,train,dig,0,,
slowbro,champions,train,psychic,0,,
slowbro,champions,train,light-screen,0,,
slowbro,champions,train,fire-blast,0,,
slowbro,champions,train,waterfall,0,,
slowbro,champions,train,amnesia,0,,
slowbro,champions,train,rest,0,,
slowbro,champions,train,tri-attack,0,,
slowbro,champions,train,substitute,0,,
slowbro,champions,train,snore,0,,
slowbro,champions,train,curse,0,,
slowbro,champions,train,protect,0,,
slowbro,champions,train,belly-drum,0,,
slowbro,champions,train,icy-wind,0,,
slowbro,champions,train,endure,0,,
slowbro,champions,train,sleep-talk,0,,
slowbro,champions,train,safeguard,0,,
slowbro,champions,train,iron-tail,0,,
slowbro,champions,train,rain-dance,0,,
slowbro,champions,train,sunny-day,0,,
slowbro,champions,train,psych-up,0,,
slowbro,champions,train,shadow-ball,0,,
slowbro,champions,train,future-sight,0,,
slowbro,champions,train,whirlpool,0,,
slowbro,champions,train,facade,0,,
slowbro,champions,train,focus-punch,0,,
slowbro,champions,train,helping-hand,0,,
slowbro,champions,train,trick,0,,
slowbro,champions,train,brick-break,0,,
slowbro,champions,train,yawn,0,,
slowbro,champions,train,skill-swap,0,,
slowbro,champions,train,imprison,0,,
slowbro,champions,train,dive,0,,
slowbro,champions,train,slack-off,0,,
slowbro,champions,train,weather-ball,0,,
slowbro,champions,train,muddy-water,0,,
slowbro,champions,train,iron-defense,0,,
slowbro,champions,train,block,0,,
slowbro,champions,train,mud-shot,0,,
slowbro,champions,train,calm-mind,0,,
slowbro,champions,train,water-pulse,0,,
slowbro,champions,train,fling,0,,
slowbro,champions,train,drain-punch,0,,
slowbro,champions,train,focus-blast,0,,
slowbro,champions,train,giga-impact,0,,
slowbro,champions,train,nasty-plot,0,,
slowbro,champions,train,avalanche,0,,
slowbro,champions,train,zen-headbutt,0,,
slowbro,champions,train,trick-room,0,,
slowbro,champions,train,grass-knot,0,,
slowbro,champions,train,wonder-room,0,,
slowbro,champions,train,psyshock,0,,
slowbro,champions,train,foul-play,0,,
slowbro,champions,train,round,0,,
slowbro,champions,train,stored-power,0,,
slowbro,champions,train,scald,0,,
slowbro,champions,train,heal-pulse,0,,
slowbro,champions,train,bulldoze,0,,
slowbro,champions,train,razor-shell,0,,
slowbro,champions,train,belch,0,,
slowbro,champions,train,psychic-terrain,0,,
slowbro,champions,train,liquidation,0,,
slowbro,champions,train,body-press,0,,
slowbro,champions,train,expanding-force,0,,
slowbro,champions,train,snowscape,0,,
slowbro,champions,train,chilling-water,0,,
slowbro,champions,train,psychic-noise,0,,
gengar,champions,train,fire-punch,0,,
gengar,champions,train,ice-punch,0,,
gengar,champions,train,thunder-punch,0,,
gengar,champions,train,body-slam,0,,
gengar,champions,train,disable,0,,
gengar,champions,train,hyper-beam,0,,
gengar,champions,train,thunderbolt,0,,
gengar,champions,train,thunder-wave,0,,
gengar,champions,train,thunder,0,,
gengar,champions,train,toxic,0,,
gengar,champions,train,psychic,0,,
gengar,champions,train,hypnosis,0,,
gengar,champions,train,night-shade,0,,
gengar,champions,train,confuse-ray,0,,
gengar,champions,train,haze,0,,
gengar,champions,train,self-destruct,0,,
gengar,champions,train,rest,0,,
gengar,champions,train,substitute,0,,
gengar,champions,train,thief,0,,
gengar,champions,train,snore,0,,
gengar,champions,train,curse,0,,
gengar,champions,train,spite,0,,
gengar,champions,train,protect,0,,
gengar,champions,train,scary-face,0,,
gengar,champions,train,sludge-bomb,0,,
gengar,champions,train,destiny-bond,0,,
gengar,champions,train,perish-song,0,,
gengar,champions,train,icy-wind,0,,
gengar,champions,train,giga-drain,0,,
gengar,champions,train,endure,0,,
gengar,champions,train,mean-look,0,,
gengar,champions,train,sleep-talk,0,,
gengar,champions,train,pain-split,0,,
gengar,champions,train,rain-dance,0,,
gengar,champions,train,sunny-day,0,,
gengar,champions,train,psych-up,0,,
gengar,champions,train,shadow-ball,0,,
gengar,champions,train,will-o-wisp,0,,
gengar,champions,train,facade,0,,
gengar,champions,train,focus-punch,0,,
gengar,champions,train,taunt,0,,
gengar,champions,train,trick,0,,
gengar,champions,train,brick-break,0,,
gengar,champions,train,knock-off,0,,
gengar,champions,train,skill-swap,0,,
gengar,champions,train,imprison,0,,
gengar,champions,train,shadow-punch,0,,
gengar,champions,train,payback,0,,
gengar,champions,train,fling,0,,
gengar,champions,train,sucker-punch,0,,
gengar,champions,train,toxic-spikes,0,,
gengar,champions,train,poison-jab,0,,
gengar,champions,train,dark-pulse,0,,
gengar,champions,train,drain-punch,0,,
gengar,champions,train,focus-blast,0,,
gengar,champions,train,energy-ball,0,,
gengar,champions,train,giga-impact,0,,
gengar,champions,train,nasty-plot,0,,
gengar,champions,train,shadow-claw,0,,
gengar,champions,train,trick-room,0,,
gengar,champions,train,gunk-shot,0,,
gengar,champions,train,wonder-room,0,,
gengar,champions,train,venoshock,0,,
gengar,champions,train,sludge-wave,0,,
gengar,champions,train,acid-spray,0,,
gengar,champions,train,foul-play,0,,
gengar,champions,train,round,0,,
gengar,champions,train,clear-smog,0,,
gengar,champions,train,hex,0,,
gengar,champions,train,reflect-type,0,,
gengar,champions,train,phantom-force,0,,
gengar,champions,train,dazzling-gleam,0,,
gengar,champions,train,skitter-smack,0,,
gengar,champions,train,poltergeist,0,,
gengar,champions,train,corrosive-gas,0,,
gengar,champions,train,psychic-noise,0,,
kangaskhan,champions,train,fire-punch,0,,
kangaskhan,champions,train,ice-punch,0,,
kangaskhan,champions,train,thunder-punch,0,,
kangaskhan,champions,train,mega-kick,0,,
kangaskhan,champions,train,body-slam,0,,
kangaskhan,champions,train,double-edge,0,,
kangaskhan,champions,train,bite,0,,
kangaskhan,champions,train,disable,0,,
kangaskhan,champions,train,flamethrower,0,,
kangaskhan,champions,train,hydro-pump,0,,
kangaskhan,champions,train,surf,0,,
kangaskhan,champions,train,ice-beam,0,,
kangaskhan,champions,train,blizzard,0,,
kangaskhan,champions,train,hyper-beam,0,,
kangaskhan,champions,train,low-kick,0,,
kangaskhan,champions,train,counter,0,,
kangaskhan,champions,train,solar-beam,0,,
kangaskhan,champions,train,thunderbolt,0,,
kangaskhan,champions,train,thunder,0,,
kangaskhan,champions,train,earthquake,0,,
kangaskhan,champions,train,dig,0,,
kangaskhan,champions,train,focus-energy,0,,
kangaskhan,champions,train,fire-blast,0,,
kangaskhan,champions,train,rest,0,,
kangaskhan,champions,train,rock-slide,0,,
kangaskhan,champions,train,substitute,0,,
kangaskhan,champions,train,thief,0,,
kangaskhan,champions,train,snore,0,,
kangaskhan,champions,train,reversal,0,,
kangaskhan,champions,train,protect,0,,
kangaskhan,champions,train,icy-wind,0,,
kangaskhan,champions,train,outrage,0,,
kangaskhan,champions,train,sandstorm,0,,
kangaskhan,champions,train,endure,0,,
kangaskhan,champions,train,attract,0,,
kangaskhan,champions,train,sleep-talk,0,,
kangaskhan,champions,train,safeguard,0,,
kangaskhan,champions,train,dynamic-punch,0,,
kangaskhan,champions,train,iron-tail,0,,
kangaskhan,champions,train,rain-dance,0,,
kangaskhan,champions,train,sunny-day,0,,
kangaskhan,champions,train,crunch,0,,
kangaskhan,champions,train,shadow-ball,0,,
kangaskhan,champions,train,whirlpool,0,,
kangaskhan,champions,train,beat-up,0,,
kangaskhan,champions,train,fake-out,0,,
kangaskhan,champions,train,uproar,0,,
kangaskhan,champions,train,facade,0,,
kangaskhan,champions,train,helping-hand,0,,
kangaskhan,champions,train,brick-break,0,,
kangaskhan,champions,train,endeavor,0,,
kangaskhan,champions,train,rock-tomb,0,,
kangaskhan,champions,train,hammer-arm,0,,
kangaskhan,champions,train,assurance,0,,
kangaskhan,champions,train,fling,0,,
kangaskhan,champions,train,last-resort,0,,
kangaskhan,champions,train,sucker-punch,0,,
kangaskhan,champions,train,drain-punch,0,,
kangaskhan,champions,train,focus-blast,0,,
kangaskhan,champions,train,giga-impact,0,,
kangaskhan,champions,train,avalanche,0,,
kangaskhan,champions,train,shadow-claw,0,,
kangaskhan,champions,train,double-hit,0,,
kangaskhan,champions,train,round,0,,
kangaskhan,champions,train,circle-throw,0,,
kangaskhan,champions,train,bulldoze,0,,
kangaskhan,champions,train,terrain-pulse,0,,
starmie,champions,train,double-edge,0,,
starmie,champions,train,hydro-pump,0,,
starmie,champions,train,surf,0,,
starmie,champions,train,ice-beam,0,,
starmie,champions,train,blizzard,0,,
starmie,champions,train,hyper-beam,0,,
starmie,champions,train,thunderbolt,0,,
starmie,champions,train,thunder-wave,0,,
starmie,champions,train,thunder,0,,
starmie,champions,train,psychic,0,,
starmie,champions,train,agility,0,,
starmie,champions,train,recover,0,,
starmie,champions,train,minimize,0,,
starmie,champions,train,confuse-ray,0,,
starmie,champions,train,light-screen,0,,
starmie,champions,train,reflect,0,,
starmie,champions,train,self-destruct,0,,
starmie,champions,train,waterfall,0,,
starmie,champions,train,rest,0,,
starmie,champions,train,tri-attack,0,,
starmie,champions,train,substitute,0,,
starmie,champions,train,snore,0,,
starmie,champions,train,protect,0,,
starmie,champions,train,icy-wind,0,,
starmie,champions,train,endure,0,,
starmie,champions,train,sleep-talk,0,,
starmie,champions,train,safeguard,0,,
starmie,champions,train,rapid-spin,0,,
starmie,champions,train,rain-dance,0,,
starmie,champions,train,ancient-power,0,,
starmie,champions,train,whirlpool,0,,
starmie,champions,train,facade,0,,
starmie,champions,train,trick,0,,
starmie,champions,train,skill-swap,0,,
starmie,champions,train,dive,0,,
starmie,champions,train,cosmic-power,0,,
starmie,champions,train,bulk-up,0,,
starmie,champions,train,water-pulse,0,,
starmie,champions,train,gravity,0,,
starmie,champions,train,gyro-ball,0,,
starmie,champions,train,power-gem,0,,
starmie,champions,train,giga-impact,0,,
starmie,champions,train,avalanche,0,,
starmie,champions,train,psycho-cut,0,,
starmie,champions,train,zen-headbutt,0,,
starmie,champions,train,flash-cannon,0,,
starmie,champions,train,trick-room,0,,
starmie,champions,train,grass-knot,0,,
starmie,champions,train,charge-beam,0,,
starmie,champions,train,aqua-jet,0,,
starmie,champions,train,wonder-room,0,,
starmie,champions,train,psyshock,0,,
starmie,champions,train,round,0,,
starmie,champions,train,ally-switch,0,,
starmie,champions,train,scald,0,,
starmie,champions,train,dazzling-gleam,0,,
starmie,champions,train,liquidation,0,,
starmie,champions,train,expanding-force,0,,
starmie,champions,train,meteor-beam,0,,
starmie,champions,train,flip-turn,0,,
starmie,champions,train,ice-spinner,0,,
starmie,champions,train,chilling-water,0,,
pinsir,champions,train,guillotine,0,,
pinsir,champions,train,swords-dance,0,,
pinsir,champions,train,bind,0,,
pinsir,champions,train,body-slam,0,,
pinsir,champions,train,thrash,0,,
pinsir,champions,train,hyper-beam,0,,
pinsir,champions,train,seismic-toss,0,,
pinsir,champions,train,earthquake,0,,
pinsir,champions,train,dig,0,,
pinsir,champions,train,quick-attack,0,,
pinsir,champions,train,focus-energy,0,,
pinsir,champions,train,rest,0,,
pinsir,champions,train,rock-slide,0,,
pinsir,champions,train,substitute,0,,
pinsir,champions,train,thief,0,,
pinsir,champions,train,snore,0,,
pinsir,champions,train,flail,0,,
pinsir,champions,train,reversal,0,,
pinsir,champions,train,protect,0,,
pinsir,champions,train,detect,0,,
pinsir,champions,train,endure,0,,
pinsir,champions,train,attract,0,,
pinsir,champions,train,sleep-talk,0,,
pinsir,champions,train,rain-dance,0,,
pinsir,champions,train,sunny-day,0,,
pinsir,champions,train,facade,0,,
pinsir,champions,train,helping-hand,0,,
pinsir,champions,train,superpower,0,,
pinsir,champions,train,brick-break,0,,
pinsir,champions,train,rock-tomb,0,,
pinsir,champions,train,aerial-ace,0,,
pinsir,champions,train,iron-defense,0,,
pinsir,champions,train,bulk-up,0,,
pinsir,champions,train,feint,0,,
pinsir,champions,train,close-combat,0,,
pinsir,champions,train,fling,0,,
pinsir,champions,train,x-scissor,0,,
pinsir,champions,train,focus-blast,0,,
pinsir,champions,train,giga-impact,0,,
pinsir,champions,train,stone-edge,0,,
pinsir,champions,train,stealth-rock,0,,
pinsir,champions,train,bug-bite,0,,
pinsir,champions,train,double-hit,0,,
pinsir,champions,train,storm-throw,0,,
pinsir,champions,train,round,0,,
pinsir,champions,train,circle-throw,0,,
pinsir,champions,train,bulldoze,0,,
pinsir,champions,train,high-horsepower,0,,
pinsir,champions,train,throat-chop,0,,
pinsir,champions,train,lunge,0,,
pinsir,champions,train,brutal-swing,0,,
pinsir,champions,train,pounce,0,,
pinsir,champions,train,hard-press,0,,
tauros,champions,train,body-slam,0,,
tauros,champions,train,thrash,0,,
tauros,champions,train,double-edge,0,,
tauros,champions,train,flamethrower,0,,
tauros,champions,train,surf,0,,
tauros,champions,train,ice-beam,0,,
tauros,champions,train,blizzard,0,,
tauros,champions,train,hyper-beam,0,,
tauros,champions,train,solar-beam,0,,
tauros,champions,train,thunderbolt,0,,
tauros,champions,train,thunder,0,,
tauros,champions,train,earthquake,0,,
tauros,champions,train,dig,0,,
tauros,champions,train,fire-blast,0,,
tauros,champions,train,rest,0,,
tauros,champions,train,rock-slide,0,,
tauros,champions,train,substitute,0,,
tauros,champions,train,thief,0,,
tauros,champions,train,snore,0,,
tauros,champions,train,curse,0,,
tauros,champions,train,reversal,0,,
tauros,champions,train,protect,0,,
tauros,champions,train,scary-face,0,,
tauros,champions,train,icy-wind,0,,
tauros,champions,train,outrage,0,,
tauros,champions,train,sandstorm,0,,
tauros,champions,train,endure,0,,
tauros,champions,train,swagger,0,,
tauros,champions,train,sleep-talk,0,,
tauros,champions,train,megahorn,0,,
tauros,champions,train,iron-tail,0,,
tauros,champions,train,rain-dance,0,,
tauros,champions,train,sunny-day,0,,
tauros,champions,train,shadow-ball,0,,
tauros,champions,train,whirlpool,0,,
tauros,champions,train,uproar,0,,
tauros,champions,train,facade,0,,
tauros,champions,train,helping-hand,0,,
tauros,champions,train,endeavor,0,,
tauros,champions,train,rock-tomb,0,,
tauros,champions,train,close-combat,0,,
tauros,champions,train,payback,0,,
tauros,champions,train,assurance,0,,
tauros,champions,train,giga-impact,0,,
tauros,champions,train,zen-headbutt,0,,
tauros,champions,train,iron-head,0,,
tauros,champions,train,stone-edge,0,,
tauros,champions,train,round,0,,
tauros,champions,train,bulldoze,0,,
tauros,champions,train,wild-charge,0,,
tauros,champions,train,high-horsepower,0,,
tauros,champions,train,throat-chop,0,,
tauros,champions,train,smart-strike,0,,
tauros,champions,train,stomping-tantrum,0,,
tauros,champions,train,lash-out,0,,
tauros,champions,train,raging-bull,0,,
tauros,champions,train,trailblaze,0,,
gyarados,champions,train,body-slam,0,,
gyarados,champions,train,thrash,0,,
gyarados,champions,train,double-edge,0,,
gyarados,champions,train,bite,0,,
gyarados,champions,train,roar,0,,
gyarados,champions,train,flamethrower,0,,
gyarados,champions,train,hydro-pump,0,,
gyarados,champions,train,surf,0,,
gyarados,champions,train,ice-beam,0,,
gyarados,champions,train,blizzard,0,,
gyarados,champions,train,hyper-beam,0,,
gyarados,champions,train,thunderbolt,0,,
gyarados,champions,train,thunder-wave,0,,
gyarados,champions,train,thunder,0,,
gyarados,champions,train,earthquake,0,,
gyarados,champions,train,fire-blast,0,,
gyarados,champions,train,waterfall,0,,
gyarados,champions,train,rest,0,,
gyarados,champions,train,substitute,0,,
gyarados,champions,train,snore,0,,
gyarados,champions,train,flail,0,,
gyarados,champions,train,spite,0,,
gyarados,champions,train,protect,0,,
gyarados,champions,train,scary-face,0,,
gyarados,champions,train,icy-wind,0,,
gyarados,champions,train,outrage,0,,
gyarados,champions,train,sandstorm,0,,
gyarados,champions,train,endure,0,,
gyarados,champions,train,swagger,0,,
gyarados,champions,train,sleep-talk,0,,
gyarados,champions,train,iron-tail,0,,
gyarados,champions,train,rain-dance,0,,
gyarados,champions,train,sunny-day,0,,
gyarados,champions,train,crunch,0,,
gyarados,champions,train,whirlpool,0,,
gyarados,champions,train,uproar,0,,
gyarados,champions,train,facade,0,,
gyarados,champions,train,taunt,0,,
gyarados,champions,train,helping-hand,0,,
gyarados,champions,train,endeavor,0,,
gyarados,champions,train,dive,0,,
gyarados,champions,train,muddy-water,0,,
gyarados,champions,train,bounce,0,,
gyarados,champions,train,dragon-dance,0,,
gyarados,champions,train,water-pulse,0,,
gyarados,champions,train,payback,0,,
gyarados,champions,train,dark-pulse,0,,
gyarados,champions,train,aqua-tail,0,,
gyarados,champions,train,dragon-pulse,0,,
gyarados,champions,train,dragon-rush,0,,
gyarados,champions,train,giga-impact,0,,
gyarados,champions,train,avalanche,0,,
gyarados,champions,train,ice-fang,0,,
gyarados,champions,train,power-whip,0,,
gyarados,champions,train,iron-head,0,,
gyarados,champions,train,stone-edge,0,,
gyarados,champions,train,round,0,,
gyarados,champions,train,scald,0,,
gyarados,champions,train,bulldoze,0,,
gyarados,champions,train,dragon-tail,0,,
gyarados,champions,train,hurricane,0,,
gyarados,champions,train,brutal-swing,0,,
gyarados,champions,train,scale-shot,0,,
gyarados,champions,train,lash-out,0,,
gyarados,champions,train,chilling-water,0,,
gyarados,champions,train,dragon-cheer,0,,
gyarados,champions,train,temper-flare,0,,
ditto,champions,train,transform,0,,
vaporeon,champions,train,body-slam,0,,
vaporeon,champions,train,double-edge,0,,
vaporeon,champions,train,bite,0,,
vaporeon,champions,train,roar,0,,
vaporeon,champions,train,hydro-pump,0,,
vaporeon,champions,train,surf,0,,
vaporeon,champions,train,ice-beam,0,,
vaporeon,champions,train,blizzard,0,,
vaporeon,champions,train,hyper-beam,0,,
vaporeon,champions,train,dig,0,,
vaporeon,champions,train,quick-attack,0,,
vaporeon,champions,train,haze,0,,
vaporeon,champions,train,focus-energy,0,,
vaporeon,champions,train,waterfall,0,,
vaporeon,champions,train,acid-armor,0,,
vaporeon,champions,train,rest,0,,
vaporeon,champions,train,substitute,0,,
vaporeon,champions,train,snore,0,,
vaporeon,champions,train,curse,0,,
vaporeon,champions,train,flail,0,,
vaporeon,champions,train,protect,0,,
vaporeon,champions,train,mud-slap,0,,
vaporeon,champions,train,icy-wind,0,,
vaporeon,champions,train,detect,0,,
vaporeon,champions,train,endure,0,,
vaporeon,champions,train,charm,0,,
vaporeon,champions,train,sleep-talk,0,,
vaporeon,champions,train,baton-pass,0,,
vaporeon,champions,train,iron-tail,0,,
vaporeon,champions,train,rain-dance,0,,
vaporeon,champions,train,sunny-day,0,,
vaporeon,champions,train,shadow-ball,0,,
vaporeon,champions,train,whirlpool,0,,
vaporeon,champions,train,facade,0,,
vaporeon,champions,train,helping-hand,0,,
vaporeon,champions,train,wish,0,,
vaporeon,champions,train,yawn,0,,
vaporeon,champions,train,dive,0,,
vaporeon,champions,train,hyper-voice,0,,
vaporeon,champions,train,weather-ball,0,,
vaporeon,champions,train,fake-tears,0,,
vaporeon,champions,train,tickle,0,,
vaporeon,champions,train,muddy-water,0,,
vaporeon,champions,train,covet,0,,
vaporeon,champions,train,calm-mind,0,,
vaporeon,champions,train,water-pulse,0,,
vaporeon,champions,train,copycat,0,,
vaporeon,champions,train,last-resort,0,,
vaporeon,champions,train,aqua-ring,0,,
vaporeon,champions,train,giga-impact,0,,
vaporeon,champions,train,round,0,,
vaporeon,champions,train,stored-power,0,,
vaporeon,champions,train,scald,0,,
vaporeon,champions,train,baby-doll-eyes,0,,
vaporeon,champions,train,liquidation,0,,
vaporeon,champions,train,flip-turn,0,,
vaporeon,champions,train,trailblaze,0,,
vaporeon,champions,train,chilling-water,0,,
vaporeon,champions,train,alluring-voice,0,,
jolteon,champions,train,body-slam,0,,
jolteon,champions,train,double-edge,0,,
jolteon,champions,train,pin-missile,0,,
jolteon,champions,train,bite,0,,
jolteon,champions,train,roar,0,,
jolteon,champions,train,hyper-beam,0,,
jolteon,champions,train,thunderbolt,0,,
jolteon,champions,train,thunder-wave,0,,
jolteon,champions,train,thunder,0,,
jolteon,champions,train,dig,0,,
jolteon,champions,train,agility,0,,
jolteon,champions,train,quick-attack,0,,
jolteon,champions,train,light-screen,0,,
jolteon,champions,train,focus-energy,0,,
jolteon,champions,train,rest,0,,
jolteon,champions,train,substitute,0,,
jolteon,champions,train,snore,0,,
jolteon,champions,train,curse,0,,
jolteon,champions,train,flail,0,,
jolteon,champions,train,protect,0,,
jolteon,champions,train,mud-slap,0,,
jolteon,champions,train,detect,0,,
jolteon,champions,train,endure,0,,
jolteon,champions,train,charm,0,,
jolteon,champions,train,sleep-talk,0,,
jolteon,champions,train,baton-pass,0,,
jolteon,champions,train,rain-dance,0,,
jolteon,champions,train,sunny-day,0,,
jolteon,champions,train,shadow-ball,0,,
jolteon,champions,train,facade,0,,
jolteon,champions,train,charge,0,,
jolteon,champions,train,helping-hand,0,,
jolteon,champions,train,wish,0,,
jolteon,champions,train,yawn,0,,
jolteon,champions,train,hyper-voice,0,,
jolteon,champions,train,weather-ball,0,,
jolteon,champions,train,fake-tears,0,,
jolteon,champions,train,metal-sound,0,,
jolteon,champions,train,tickle,0,,
jolteon,champions,train,covet,0,,
jolteon,champions,train,calm-mind,0,,
jolteon,champions,train,copycat,0,,
jolteon,champions,train,last-resort,0,,
jolteon,champions,train,giga-impact,0,,
jolteon,champions,train,thunder-fang,0,,
jolteon,champions,train,discharge,0,,
jolteon,champions,train,charge-beam,0,,
jolteon,champions,train,electro-ball,0,,
jolteon,champions,train,round,0,,
jolteon,champions,train,stored-power,0,,
jolteon,champions,train,volt-switch,0,,
jolteon,champions,train,electroweb,0,,
jolteon,champions,train,wild-charge,0,,
jolteon,champions,train,eerie-impulse,0,,
jolteon,champions,train,electric-terrain,0,,
jolteon,champions,train,baby-doll-eyes,0,,
jolteon,champions,train,rising-voltage,0,,
jolteon,champions,train,trailblaze,0,,
jolteon,champions,train,alluring-voice,0,,
flareon,champions,train,body-slam,0,,
flareon,champions,train,double-edge,0,,
flareon,champions,train,bite,0,,
flareon,champions,train,roar,0,,
flareon,champions,train,flamethrower,0,,
flareon,champions,train,hyper-beam,0,,
flareon,champions,train,fire-spin,0,,
flareon,champions,train,dig,0,,
flareon,champions,train,quick-attack,0,,
flareon,champions,train,focus-energy,0,,
flareon,champions,train,fire-blast,0,,
flareon,champions,train,rest,0,,
flareon,champions,train,substitute,0,,
flareon,champions,train,snore,0,,
flareon,champions,train,curse,0,,
flareon,champions,train,flail,0,,
flareon,champions,train,protect,0,,
flareon,champions,train,scary-face,0,,
flareon,champions,train,mud-slap,0,,
flareon,champions,train,detect,0,,
flareon,champions,train,endure,0,,
flareon,champions,train,charm,0,,
flareon,champions,train,sleep-talk,0,,
flareon,champions,train,baton-pass,0,,
flareon,champions,train,rain-dance,0,,
flareon,champions,train,sunny-day,0,,
flareon,champions,train,shadow-ball,0,,
flareon,champions,train,heat-wave,0,,
flareon,champions,train,will-o-wisp,0,,
flareon,champions,train,facade,0,,
flareon,champions,train,helping-hand,0,,
flareon,champions,train,wish,0,,
flareon,champions,train,superpower,0,,
flareon,champions,train,yawn,0,,
flareon,champions,train,endeavor,0,,
flareon,champions,train,hyper-voice,0,,
flareon,champions,train,weather-ball,0,,
flareon,champions,train,fake-tears,0,,
flareon,champions,train,overheat,0,,
flareon,champions,train,tickle,0,,
flareon,champions,train,covet,0,,
flareon,champions,train,calm-mind,0,,
flareon,champions,train,copycat,0,,
flareon,champions,train,last-resort,0,,
flareon,champions,train,flare-blitz,0,,
flareon,champions,train,giga-impact,0,,
flareon,champions,train,fire-fang,0,,
flareon,champions,train,lava-plume,0,,
flareon,champions,train,flame-charge,0,,
flareon,champions,train,round,0,,
flareon,champions,train,stored-power,0,,
flareon,champions,train,baby-doll-eyes,0,,
flareon,champions,train,burning-jealousy,0,,
flareon,champions,train,scorching-sands,0,,
flareon,champions,train,trailblaze,0,,
flareon,champions,train,alluring-voice,0,,
flareon,champions,train,temper-flare,0,,
aerodactyl,champions,train,whirlwind,0,,
aerodactyl,champions,train,fly,0,,
aerodactyl,champions,train,bite,0,,
aerodactyl,champions,train,roar,0,,
aerodactyl,champions,train,flamethrower,0,,
aerodactyl,champions,train,hyper-beam,0,,
aerodactyl,champions,train,earthquake,0,,
aerodactyl,champions,train,agility,0,,
aerodactyl,champions,train,fire-blast,0,,
aerodactyl,champions,train,sky-attack,0,,
aerodactyl,champions,train,rest,0,,
aerodactyl,champions,train,rock-slide,0,,
aerodactyl,champions,train,substitute,0,,
aerodactyl,champions,train,thief,0,,
aerodactyl,champions,train,snore,0,,
aerodactyl,champions,train,curse,0,,
aerodactyl,champions,train,protect,0,,
aerodactyl,champions,train,scary-face,0,,
aerodactyl,champions,train,sandstorm,0,,
aerodactyl,champions,train,endure,0,,
aerodactyl,champions,train,swagger,0,,
aerodactyl,champions,train,steel-wing,0,,
aerodactyl,champions,train,attract,0,,
aerodactyl,champions,train,sleep-talk,0,,
aerodactyl,champions,train,iron-tail,0,,
aerodactyl,champions,train,rain-dance,0,,
aerodactyl,champions,train,sunny-day,0,,
aerodactyl,champions,train,crunch,0,,
aerodactyl,champions,train,ancient-power,0,,
aerodactyl,champions,train,heat-wave,0,,
aerodactyl,champions,train,facade,0,,
aerodactyl,champions,train,taunt,0,,
aerodactyl,champions,train,rock-tomb,0,,
aerodactyl,champions,train,aerial-ace,0,,
aerodactyl,champions,train,dragon-claw,0,,
aerodactyl,champions,train,dragon-dance,0,,
aerodactyl,champions,train,rock-blast,0,,
aerodactyl,champions,train,roost,0,,
aerodactyl,champions,train,tailwind,0,,
aerodactyl,champions,train,payback,0,,
aerodactyl,champions,train,assurance,0,,
aerodactyl,champions,train,dragon-pulse,0,,
aerodactyl,champions,train,earth-power,0,,
aerodactyl,champions,train,giga-impact,0,,
aerodactyl,champions,train,thunder-fang,0,,
aerodactyl,champions,train,ice-fang,0,,
aerodactyl,champions,train,fire-fang,0,,
aerodactyl,champions,train,iron-head,0,,
aerodactyl,champions,train,stone-edge,0,,
aerodactyl,champions,train,stealth-rock,0,,
aerodactyl,champions,train,wide-guard,0,,
aerodactyl,champions,train,round,0,,
aerodactyl,champions,train,bulldoze,0,,
aerodactyl,champions,train,hurricane,0,,
aerodactyl,champions,train,brutal-swing,0,,
aerodactyl,champions,train,psychic-fangs,0,,
aerodactyl,champions,train,meteor-beam,0,,
aerodactyl,champions,train,dual-wingbeat,0,,
snorlax,champions,train,fire-punch,0,,
snorlax,champions,train,ice-punch,0,,
snorlax,champions,train,thunder-punch,0,,
snorlax,champions,train,body-slam,0,,
snorlax,champions,train,double-edge,0,,
snorlax,champions,train,bite,0,,
snorlax,champions,train,flamethrower,0,,
snorlax,champions,train,hydro-pump,0,,
snorlax,champions,train,surf,0,,
snorlax,champions,train,ice-beam,0,,
snorlax,champions,train,blizzard,0,,
snorlax,champions,train,hyper-beam,0,,
snorlax,champions,train,counter,0,,
snorlax,champions,train,solar-beam,0,,
snorlax,champions,train,thunderbolt,0,,
snorlax,champions,train,thunder,0,,
snorlax,champions,train,earthquake,0,,
snorlax,champions,train,fissure,0,,
snorlax,champions,train,dig,0,,
snorlax,champions,train,screech,0,,
snorlax,champions,train,self-destruct,0,,
snorlax,champions,train,fire-blast,0,,
snorlax,champions,train,amnesia,0,,
snorlax,champions,train,rest,0,,
snorlax,champions,train,rock-slide,0,,
snorlax,champions,train,substitute,0,,
snorlax,champions,train,snore,0,,
snorlax,champions,train,curse,0,,
snorlax,champions,train,flail,0,,
snorlax,champions,train,protect,0,,
snorlax,champions,train,belly-drum,0,,
snorlax,champions,train,mud-slap,0,,
snorlax,champions,train,icy-wind,0,,
snorlax,champions,train,outrage,0,,
snorlax,champions,train,sandstorm,0,,
snorlax,champions,train,endure,0,,
snorlax,champions,train,charm,0,,
snorlax,champions,train,attract,0,,
snorlax,champions,train,sleep-talk,0,,
snorlax,champions,train,encore,0,,
snorlax,champions,train,rain-dance,0,,
snorlax,champions,train,sunny-day,0,,
snorlax,champions,train,crunch,0,,
snorlax,champions,train,shadow-ball,0,,
snorlax,champions,train,uproar,0,,
snorlax,champions,train,stockpile,0,,
snorlax,champions,train,swallow,0,,
snorlax,champions,train,facade,0,,
snorlax,champions,train,focus-punch,0,,
snorlax,champions,train,helping-hand,0,,
snorlax,champions,train,superpower,0,,
snorlax,champions,train,recycle,0,,
snorlax,champions,train,brick-break,0,,
snorlax,champions,train,yawn,0,,
snorlax,champions,train,hyper-voice,0,,
snorlax,champions,train,rock-tomb,0,,
snorlax,champions,train,block,0,,
snorlax,champions,train,covet,0,,
snorlax,champions,train,hammer-arm,0,,
snorlax,champions,train,fling,0,,
snorlax,champions,train,gastro-acid,0,,
snorlax,champions,train,last-resort,0,,
snorlax,champions,train,seed-bomb,0,,
snorlax,champions,train,focus-blast,0,,
snorlax,champions,train,giga-impact,0,,
snorlax,champions,train,zen-headbutt,0,,
snorlax,champions,train,gunk-shot,0,,
snorlax,champions,train,iron-head,0,,
snorlax,champions,train,smack-down,0,,
snorlax,champions,train,heavy-slam,0,,
snorlax,champions,train,round,0,,
snorlax,champions,train,bulldoze,0,,
snorlax,champions,train,wild-charge,0,,
snorlax,champions,train,heat-crash,0,,
snorlax,champions,train,belch,0,,
snorlax,champions,train,high-horsepower,0,,
snorlax,champions,train,stomping-tantrum,0,,
snorlax,champions,train,body-press,0,,
snorlax,champions,train,terrain-pulse,0,,
snorlax,champions,train,trailblaze,0,,
snorlax,champions,train,chilling-water,0,,
snorlax,champions,train,hard-press,0,,
snorlax,champions,train,supercell-slam,0,,
dragonite,champions,train,fire-punch,0,,
dragonite,champions,train,ice-punch,0,,
dragonite,champions,train,thunder-punch,0,,
dragonite,champions,train,whirlwind,0,,
dragonite,champions,train,fly,0,,
dragonite,champions,train,mega-kick,0,,
dragonite,champions,train,body-slam,0,,
dragonite,champions,train,wrap,0,,
dragonite,champions,train,roar,0,,
dragonite,champions,train,flamethrower,0,,
dragonite,champions,train,hydro-pump,0,,
dragonite,champions,train,surf,0,,
dragonite,champions,train,ice-beam,0,,
dragonite,champions,train,blizzard,0,,
dragonite,champions,train,hyper-beam,0,,
dragonite,champions,train,low-kick,0,,
dragonite,champions,train,fire-spin,0,,
dragonite,champions,train,thunderbolt,0,,
dragonite,champions,train,thunder-wave,0,,
dragonite,champions,train,thunder,0,,
dragonite,champions,train,earthquake,0,,
dragonite,champions,train,agility,0,,
dragonite,champions,train,light-screen,0,,
dragonite,champions,train,haze,0,,
dragonite,champions,train,fire-blast,0,,
dragonite,champions,train,waterfall,0,,
dragonite,champions,train,rest,0,,
dragonite,champions,train,rock-slide,0,,
dragonite,champions,train,substitute,0,,
dragonite,champions,train,snore,0,,
dragonite,champions,train,protect,0,,
dragonite,champions,train,scary-face,0,,
dragonite,champions,train,icy-wind,0,,
dragonite,champions,train,outrage,0,,
dragonite,champions,train,sandstorm,0,,
dragonite,champions,train,endure,0,,
dragonite,champions,train,steel-wing,0,,
dragonite,champions,train,sleep-talk,0,,
dragonite,champions,train,safeguard,0,,
dragonite,champions,train,iron-tail,0,,
dragonite,champions,train,rain-dance,0,,
dragonite,champions,train,sunny-day,0,,
dragonite,champions,train,extreme-speed,0,,
dragonite,champions,train,heat-wave,0,,
dragonite,champions,train,facade,0,,
dragonite,champions,train,focus-punch,0,,
dragonite,champions,train,helping-hand,0,,
dragonite,champions,train,superpower,0,,
dragonite,champions,train,brick-break,0,,
dragonite,champions,train,dive,0,,
dragonite,champions,train,weather-ball,0,,
dragonite,champions,train,air-cutter,0,,
dragonite,champions,train,rock-tomb,0,,
dragonite,champions,train,aerial-ace,0,,
dragonite,champions,train,dragon-claw,0,,
dragonite,champions,train,dragon-dance,0,,
dragonite,champions,train,water-pulse,0,,
dragonite,champions,train,roost,0,,
dragonite,champions,train,tailwind,0,,
dragonite,champions,train,fling,0,,
dragonite,champions,train,aqua-tail,0,,
dragonite,champions,train,air-slash,0,,
dragonite,champions,train,dragon-pulse,0,,
dragonite,champions,train,dragon-rush,0,,
dragonite,champions,train,focus-blast,0,,
dragonite,champions,train,giga-impact,0,,
dragonite,champions,train,draco-meteor,0,,
dragonite,champions,train,iron-head,0,,
dragonite,champions,train,stone-edge,0,,
dragonite,champions,train,aqua-jet,0,,
dragonite,champions,train,round,0,,
dragonite,champions,train,bulldoze,0,,
dragonite,champions,train,dragon-tail,0,,
dragonite,champions,train,hurricane,0,,
dragonite,champions,train,brutal-swing,0,,
dragonite,champions,train,stomping-tantrum,0,,
dragonite,champions,train,body-press,0,,
dragonite,champions,train,breaking-swipe,0,,
dragonite,champions,train,scale-shot,0,,
dragonite,champions,train,ice-spinner,0,,
dragonite,champions,train,snowscape,0,,
dragonite,champions,train,chilling-water,0,,
dragonite,champions,train,dragon-cheer,0,,
meganium,champions,train,swords-dance,0,,
meganium,champions,train,body-slam,0,,
meganium,champions,train,double-edge,0,,
meganium,champions,train,hyper-beam,0,,
meganium,champions,train,counter,0,,
meganium,champions,train,leech-seed,0,,
meganium,champions,train,solar-beam,0,,
meganium,champions,train,poison-powder,0,,
meganium,champions,train,petal-dance,0,,
meganium,champions,train,earthquake,0,,
meganium,champions,train,light-screen,0,,
meganium,champions,train,reflect,0,,
meganium,champions,train,rest,0,,
meganium,champions,train,substitute,0,,
meganium,champions,train,snore,0,,
meganium,champions,train,curse,0,,
meganium,champions,train,flail,0,,
meganium,champions,train,protect,0,,
meganium,champions,train,mud-slap,0,,
meganium,champions,train,outrage,0,,
meganium,champions,train,giga-drain,0,,
meganium,champions,train,endure,0,,
meganium,champions,train,charm,0,,
meganium,champions,train,sleep-talk,0,,
meganium,champions,train,safeguard,0,,
meganium,champions,train,encore,0,,
meganium,champions,train,sweet-scent,0,,
meganium,champions,train,iron-tail,0,,
meganium,champions,train,synthesis,0,,
meganium,champions,train,sunny-day,0,,
meganium,champions,train,ancient-power,0,,
meganium,champions,train,facade,0,,
meganium,champions,train,helping-hand,0,,
meganium,champions,train,ingrain,0,,
meganium,champions,train,knock-off,0,,
meganium,champions,train,endeavor,0,,
meganium,champions,train,weather-ball,0,,
meganium,champions,train,fake-tears,0,,
meganium,champions,train,bullet-seed,0,,
meganium,champions,train,frenzy-plant,0,,
meganium,champions,train,leaf-blade,0,,
meganium,champions,train,seed-bomb,0,,
meganium,champions,train,energy-ball,0,,
meganium,champions,train,earth-power,0,,
meganium,champions,train,giga-impact,0,,
meganium,champions,train,zen-headbutt,0,,
meganium,champions,train,leaf-storm,0,,
meganium,champions,train,grass-knot,0,,
meganium,champions,train,round,0,,
meganium,champions,train,heal-pulse,0,,
meganium,champions,train,bulldoze,0,,
meganium,champions,train,dragon-tail,0,,
meganium,champions,train,petal-blizzard,0,,
meganium,champions,train,grassy-terrain,0,,
meganium,champions,train,dazzling-gleam,0,,
meganium,champions,train,solar-blade,0,,
meganium,champions,train,pollen-puff,0,,
meganium,champions,train,stomping-tantrum,0,,
meganium,champions,train,body-press,0,,
meganium,champions,train,grassy-glide,0,,
meganium,champions,train,trailblaze,0,,
typhlosion,champions,train,fire-punch,0,,
typhlosion,champions,train,thunder-punch,0,,
typhlosion,champions,train,mega-kick,0,,
typhlosion,champions,train,body-slam,0,,
typhlosion,champions,train,double-edge,0,,
typhlosion,champions,train,roar,0,,
typhlosion,champions,train,flamethrower,0,,
typhlosion,champions,train,hyper-beam,0,,
typhlosion,champions,train,low-kick,0,,
typhlosion,champions,train,solar-beam,0,,
typhlosion,champions,train,fire-spin,0,,
typhlosion,champions,train,earthquake,0,,
typhlosion,champions,train,dig,0,,
typhlosion,champions,train,quick-attack,0,,
typhlosion,champions,train,fire-blast,0,,
typhlosion,champions,train,rest,0,,
typhlosion,champions,train,rock-slide,0,,
typhlosion,champions,train,substitute,0,,
typhlosion,champions,train,snore,0,,
typhlosion,champions,train,curse,0,,
typhlosion,champions,train,reversal,0,,
typhlosion,champions,train,protect,0,,
typhlosion,champions,train,endure,0,,
typhlosion,champions,train,sleep-talk,0,,
typhlosion,champions,train,sunny-day,0,,
typhlosion,champions,train,shadow-ball,0,,
typhlosion,champions,train,heat-wave,0,,
typhlosion,champions,train,will-o-wisp,0,,
typhlosion,champions,train,facade,0,,
typhlosion,champions,train,focus-punch,0,,
typhlosion,champions,train,helping-hand,0,,
typhlosion,champions,train,brick-break,0,,
typhlosion,champions,train,endeavor,0,,
typhlosion,champions,train,eruption,0,,
typhlosion,champions,train,blast-burn,0,,
typhlosion,champions,train,overheat,0,,
typhlosion,champions,train,rock-tomb,0,,
typhlosion,champions,train,extrasensory,0,,
typhlosion,champions,train,aerial-ace,0,,
typhlosion,champions,train,howl,0,,
typhlosion,champions,train,covet,0,,
typhlosion,champions,train,gyro-ball,0,,
typhlosion,champions,train,fling,0,,
typhlosion,champions,train,flare-blitz,0,,
typhlosion,champions,train,focus-blast,0,,
typhlosion,champions,train,giga-impact,0,,
typhlosion,champions,train,shadow-claw,0,,
typhlosion,champions,train,fire-fang,0,,
typhlosion,champions,train,zen-headbutt,0,,
typhlosion,champions,train,lava-plume,0,,
typhlosion,champions,train,iron-head,0,,
typhlosion,champions,train,flame-charge,0,,
typhlosion,champions,train,round,0,,
typhlosion,champions,train,inferno,0,,
typhlosion,champions,train,bulldoze,0,,
typhlosion,champions,train,wild-charge,0,,
typhlosion,champions,train,play-rough,0,,
typhlosion,champions,train,throat-chop,0,,
typhlosion,champions,train,burn-up,0,,
typhlosion,champions,train,stomping-tantrum,0,,
typhlosion,champions,train,burning-jealousy,0,,
typhlosion,champions,train,scorching-sands,0,,
typhlosion,champions,train,temper-flare,0,,
feraligatr,champions,train,ice-punch,0,,
feraligatr,champions,train,swords-dance,0,,
feraligatr,champions,train,mega-kick,0,,
feraligatr,champions,train,body-slam,0,,
feraligatr,champions,train,thrash,0,,
feraligatr,champions,train,double-edge,0,,
feraligatr,champions,train,bite,0,,
feraligatr,champions,train,roar,0,,
feraligatr,champions,train,hydro-pump,0,,
feraligatr,champions,train,surf,0,,
feraligatr,champions,train,ice-beam,0,,
feraligatr,champions,train,blizzard,0,,
feraligatr,champions,train,hyper-beam,0,,
feraligatr,champions,train,low-kick,0,,
feraligatr,champions,train,counter,0,,
feraligatr,champions,train,earthquake,0,,
feraligatr,champions,train,dig,0,,
feraligatr,champions,train,agility,0,,
feraligatr,champions,train,screech,0,,
feraligatr,champions,train,waterfall,0,,
feraligatr,champions,train,rest,0,,
feraligatr,champions,train,rock-slide,0,,
feraligatr,champions,train,substitute,0,,
feraligatr,champions,train,thief,0,,
feraligatr,champions,train,snore,0,,
feraligatr,champions,train,curse,0,,
feraligatr,champions,train,flail,0,,
feraligatr,champions,train,spite,0,,
feraligatr,champions,train,protect,0,,
feraligatr,champions,train,scary-face,0,,
feraligatr,champions,train,mud-slap,0,,
feraligatr,champions,train,icy-wind,0,,
feraligatr,champions,train,outrage,0,,
feraligatr,champions,train,endure,0,,
feraligatr,champions,train,sleep-talk,0,,
feraligatr,champions,train,iron-tail,0,,
feraligatr,champions,train,rain-dance,0,,
feraligatr,champions,train,crunch,0,,
feraligatr,champions,train,ancient-power,0,,
feraligatr,champions,train,whirlpool,0,,
feraligatr,champions,train,uproar,0,,
feraligatr,champions,train,flatter,0,,
feraligatr,champions,train,facade,0,,
feraligatr,champions,train,focus-punch,0,,
feraligatr,champions,train,helping-hand,0,,
feraligatr,champions,train,superpower,0,,
feraligatr,champions,train,brick-break,0,,
feraligatr,champions,train,endeavor,0,,
feraligatr,champions,train,dive,0,,
feraligatr,champions,train,hydro-cannon,0,,
feraligatr,champions,train,fake-tears,0,,
feraligatr,champions,train,rock-tomb,0,,
feraligatr,champions,train,muddy-water,0,,
feraligatr,champions,train,aerial-ace,0,,
feraligatr,champions,train,block,0,,
feraligatr,champions,train,dragon-claw,0,,
feraligatr,champions,train,mud-shot,0,,
feraligatr,champions,train,dragon-dance,0,,
feraligatr,champions,train,water-pulse,0,,
feraligatr,champions,train,fling,0,,
feraligatr,champions,train,aqua-tail,0,,
feraligatr,champions,train,dragon-pulse,0,,
feraligatr,champions,train,focus-blast,0,,
feraligatr,champions,train,giga-impact,0,,
feraligatr,champions,train,avalanche,0,,
feraligatr,champions,train,shadow-claw,0,,
feraligatr,champions,train,ice-fang,0,,
feraligatr,champions,train,aqua-jet,0,,
feraligatr,champions,train,round,0,,
feraligatr,champions,train,bulldoze,0,,
feraligatr,champions,train,dragon-tail,0,,
feraligatr,champions,train,snarl,0,,
feraligatr,champions,train,brutal-swing,0,,
feraligatr,champions,train,psychic-fangs,0,,
feraligatr,champions,train,stomping-tantrum,0,,
feraligatr,champions,train,liquidation,0,,
feraligatr,champions,train,breaking-swipe,0,,
feraligatr,champions,train,scale-shot,0,,
feraligatr,champions,train,lash-out,0,,
feraligatr,champions,train,flip-turn,0,,
feraligatr,champions,train,trailblaze,0,,
feraligatr,champions,train,chilling-water,0,,
ariados,champions,train,swords-dance,0,,
ariados,champions,train,body-slam,0,,
ariados,champions,train,pin-missile,0,,
ariados,champions,train,disable,0,,
ariados,champions,train,hyper-beam,0,,
ariados,champions,train,solar-beam,0,,
ariados,champions,train,string-shot,0,,
ariados,champions,train,dig,0,,
ariados,champions,train,toxic,0,,
ariados,champions,train,psychic,0,,
ariados,champions,train,agility,0,,
ariados,champions,train,night-shade,0,,
ariados,champions,train,screech,0,,
ariados,champions,train,focus-energy,0,,
ariados,champions,train,leech-life,0,,
ariados,champions,train,rest,0,,
ariados,champions,train,substitute,0,,
ariados,champions,train,thief,0,,
ariados,champions,train,snore,0,,
ariados,champions,train,spite,0,,
ariados,champions,train,protect,0,,
ariados,champions,train,scary-face,0,,
ariados,champions,train,sludge-bomb,0,,
ariados,champions,train,giga-drain,0,,
ariados,champions,train,endure,0,,
ariados,champions,train,sleep-talk,0,,
ariados,champions,train,megahorn,0,,
ariados,champions,train,baton-pass,0,,
ariados,champions,train,sunny-day,0,,
ariados,champions,train,facade,0,,
ariados,champions,train,knock-off,0,,
ariados,champions,train,bounce,0,,
ariados,champions,train,assurance,0,,
ariados,champions,train,sucker-punch,0,,
ariados,champions,train,toxic-spikes,0,,
ariados,champions,train,poison-jab,0,,
ariados,champions,train,night-slash,0,,
ariados,champions,train,x-scissor,0,,
ariados,champions,train,bug-buzz,0,,
ariados,champions,train,giga-impact,0,,
ariados,champions,train,shadow-sneak,0,,
ariados,champions,train,cross-poison,0,,
ariados,champions,train,bug-bite,0,,
ariados,champions,train,venoshock,0,,
ariados,champions,train,rage-powder,0,,
ariados,champions,train,sludge-wave,0,,
ariados,champions,train,acid-spray,0,,
ariados,champions,train,foul-play,0,,
ariados,champions,train,round,0,,
ariados,champions,train,hex,0,,
ariados,champions,train,struggle-bug,0,,
ariados,champions,train,electroweb,0,,
ariados,champions,train,sticky-web,0,,
ariados,champions,train,fell-stinger,0,,
ariados,champions,train,infestation,0,,
ariados,champions,train,first-impression,0,,
ariados,champions,train,toxic-thread,0,,
ariados,champions,train,throat-chop,0,,
ariados,champions,train,lunge,0,,
ariados,champions,train,smart-strike,0,,
ariados,champions,train,stomping-tantrum,0,,
ariados,champions,train,skitter-smack,0,,
ariados,champions,train,pounce,0,,
ariados,champions,train,trailblaze,0,,
ampharos,champions,train,fire-punch,0,,
ampharos,champions,train,ice-punch,0,,
ampharos,champions,train,thunder-punch,0,,
ampharos,champions,train,mega-kick,0,,
ampharos,champions,train,body-slam,0,,
ampharos,champions,train,double-edge,0,,
ampharos,champions,train,roar,0,,
ampharos,champions,train,hyper-beam,0,,
ampharos,champions,train,low-kick,0,,
ampharos,champions,train,thunderbolt,0,,
ampharos,champions,train,thunder-wave,0,,
ampharos,champions,train,thunder,0,,
ampharos,champions,train,dig,0,,
ampharos,champions,train,agility,0,,
ampharos,champions,train,screech,0,,
ampharos,champions,train,confuse-ray,0,,
ampharos,champions,train,light-screen,0,,
ampharos,champions,train,reflect,0,,
ampharos,champions,train,rest,0,,
ampharos,champions,train,substitute,0,,
ampharos,champions,train,snore,0,,
ampharos,champions,train,cotton-spore,0,,
ampharos,champions,train,protect,0,,
ampharos,champions,train,zap-cannon,0,,
ampharos,champions,train,outrage,0,,
ampharos,champions,train,endure,0,,
ampharos,champions,train,sleep-talk,0,,
ampharos,champions,train,safeguard,0,,
ampharos,champions,train,iron-tail,0,,
ampharos,champions,train,rain-dance,0,,
ampharos,champions,train,sunny-day,0,,
ampharos,champions,train,flatter,0,,
ampharos,champions,train,facade,0,,
ampharos,champions,train,focus-punch,0,,
ampharos,champions,train,charge,0,,
ampharos,champions,train,helping-hand,0,,
ampharos,champions,train,brick-break,0,,
ampharos,champions,train,endeavor,0,,
ampharos,champions,train,fling,0,,
ampharos,champions,train,dragon-pulse,0,,
ampharos,champions,train,power-gem,0,,
ampharos,champions,train,focus-blast,0,,
ampharos,champions,train,giga-impact,0,,
ampharos,champions,train,discharge,0,,
ampharos,champions,train,charge-beam,0,,
ampharos,champions,train,electro-ball,0,,
ampharos,champions,train,after-you,0,,
ampharos,champions,train,round,0,,
ampharos,champions,train,volt-switch,0,,
ampharos,champions,train,bulldoze,0,,
ampharos,champions,train,dragon-tail,0,,
ampharos,champions,train,electroweb,0,,
ampharos,champions,train,wild-charge,0,,
ampharos,champions,train,cotton-guard,0,,
ampharos,champions,train,parabolic-charge,0,,
ampharos,champions,train,eerie-impulse,0,,
ampharos,champions,train,magnetic-flux,0,,
ampharos,champions,train,electric-terrain,0,,
ampharos,champions,train,dazzling-gleam,0,,
ampharos,champions,train,brutal-swing,0,,
ampharos,champions,train,stomping-tantrum,0,,
ampharos,champions,train,breaking-swipe,0,,
ampharos,champions,train,meteor-beam,0,,
ampharos,champions,train,rising-voltage,0,,
ampharos,champions,train,trailblaze,0,,
ampharos,champions,train,dragon-cheer,0,,
ampharos,champions,train,supercell-slam,0,,
azumarill,champions,train,ice-punch,0,,
azumarill,champions,train,body-slam,0,,
azumarill,champions,train,double-edge,0,,
azumarill,champions,train,sing,0,,
azumarill,champions,train,hydro-pump,0,,
azumarill,champions,train,surf,0,,
azumarill,champions,train,ice-beam,0,,
azumarill,champions,train,blizzard,0,,
azumarill,champions,train,hyper-beam,0,,
azumarill,champions,train,dig,0,,
azumarill,champions,train,light-screen,0,,
azumarill,champions,train,waterfall,0,,
azumarill,champions,train,amnesia,0,,
azumarill,champions,train,rest,0,,
azumarill,champions,train,substitute,0,,
azumarill,champions,train,snore,0,,
azumarill,champions,train,protect,0,,
azumarill,champions,train,belly-drum,0,,
azumarill,champions,train,mud-slap,0,,
azumarill,champions,train,perish-song,0,,
azumarill,champions,train,icy-wind,0,,
azumarill,champions,train,endure,0,,
azumarill,champions,train,charm,0,,
azumarill,champions,train,sleep-talk,0,,
azumarill,champions,train,encore,0,,
azumarill,champions,train,iron-tail,0,,
azumarill,champions,train,rain-dance,0,,
azumarill,champions,train,future-sight,0,,
azumarill,champions,train,whirlpool,0,,
azumarill,champions,train,uproar,0,,
azumarill,champions,train,facade,0,,
azumarill,champions,train,focus-punch,0,,
azumarill,champions,train,helping-hand,0,,
azumarill,champions,train,superpower,0,,
azumarill,champions,train,brick-break,0,,
azumarill,champions,train,knock-off,0,,
azumarill,champions,train,dive,0,,
azumarill,champions,train,hyper-voice,0,,
azumarill,champions,train,fake-tears,0,,
azumarill,champions,train,tickle,0,,
azumarill,champions,train,muddy-water,0,,
azumarill,champions,train,bounce,0,,
azumarill,champions,train,mud-shot,0,,
azumarill,champions,train,water-pulse,0,,
azumarill,champions,train,fling,0,,
azumarill,champions,train,copycat,0,,
azumarill,champions,train,aqua-ring,0,,
azumarill,champions,train,aqua-tail,0,,
azumarill,champions,train,focus-blast,0,,
azumarill,champions,train,giga-impact,0,,
azumarill,champions,train,grass-knot,0,,
azumarill,champions,train,aqua-jet,0,,
azumarill,champions,train,soak,0,,
azumarill,champions,train,round,0,,
azumarill,champions,train,bulldoze,0,,
azumarill,champions,train,draining-kiss,0,,
azumarill,champions,train,misty-terrain,0,,
azumarill,champions,train,play-rough,0,,
azumarill,champions,train,brutal-swing,0,,
azumarill,champions,train,liquidation,0,,
azumarill,champions,train,misty-explosion,0,,
azumarill,champions,train,ice-spinner,0,,
azumarill,champions,train,snowscape,0,,
azumarill,champions,train,trailblaze,0,,
azumarill,champions,train,chilling-water,0,,
azumarill,champions,train,alluring-voice,0,,
politoed,champions,train,pound,0,,
politoed,champions,train,ice-punch,0,,
politoed,champions,train,body-slam,0,,
politoed,champions,train,double-edge,0,,
politoed,champions,train,hydro-pump,0,,
politoed,champions,train,surf,0,,
politoed,champions,train,ice-beam,0,,
politoed,champions,train,blizzard,0,,
politoed,champions,train,hyper-beam,0,,
politoed,champions,train,low-kick,0,,
politoed,champions,train,earthquake,0,,
politoed,champions,train,dig,0,,
politoed,champions,train,psychic,0,,
politoed,champions,train,hypnosis,0,,
politoed,champions,train,screech,0,,
politoed,champions,train,haze,0,,
politoed,champions,train,waterfall,0,,
politoed,champions,train,amnesia,0,,
politoed,champions,train,rest,0,,
politoed,champions,train,substitute,0,,
politoed,champions,train,thief,0,,
politoed,champions,train,snore,0,,
politoed,champions,train,protect,0,,
politoed,champions,train,belly-drum,0,,
politoed,champions,train,mud-slap,0,,
politoed,champions,train,perish-song,0,,
politoed,champions,train,icy-wind,0,,
politoed,champions,train,endure,0,,
politoed,champions,train,swagger,0,,
politoed,champions,train,attract,0,,
politoed,champions,train,sleep-talk,0,,
politoed,champions,train,encore,0,,
politoed,champions,train,rain-dance,0,,
politoed,champions,train,psych-up,0,,
politoed,champions,train,whirlpool,0,,
politoed,champions,train,uproar,0,,
politoed,champions,train,facade,0,,
politoed,champions,train,focus-punch,0,,
politoed,champions,train,helping-hand,0,,
politoed,champions,train,brick-break,0,,
politoed,champions,train,endeavor,0,,
politoed,champions,train,dive,0,,
politoed,champions,train,hyper-voice,0,,
politoed,champions,train,weather-ball,0,,
politoed,champions,train,muddy-water,0,,
politoed,champions,train,bounce,0,,
politoed,champions,train,mud-shot,0,,
politoed,champions,train,water-pulse,0,,
politoed,champions,train,fling,0,,
politoed,champions,train,focus-blast,0,,
politoed,champions,train,earth-power,0,,
politoed,champions,train,giga-impact,0,,
politoed,champions,train,low-sweep,0,,
politoed,champions,train,round,0,,
politoed,champions,train,bulldoze,0,,
politoed,champions,train,liquidation,0,,
politoed,champions,train,chilling-water,0,,
espeon,champions,train,body-slam,0,,
espeon,champions,train,double-edge,0,,
espeon,champions,train,bite,0,,
espeon,champions,train,roar,0,,
espeon,champions,train,hyper-beam,0,,
espeon,champions,train,thunder-wave,0,,
espeon,champions,train,dig,0,,
espeon,champions,train,psychic,0,,
espeon,champions,train,quick-attack,0,,
espeon,champions,train,confuse-ray,0,,
espeon,champions,train,light-screen,0,,
espeon,champions,train,reflect,0,,
espeon,champions,train,focus-energy,0,,
espeon,champions,train,rest,0,,
espeon,champions,train,substitute,0,,
espeon,champions,train,snore,0,,
espeon,champions,train,curse,0,,
espeon,champions,train,flail,0,,
espeon,champions,train,protect,0,,
espeon,champions,train,mud-slap,0,,
espeon,champions,train,detect,0,,
espeon,champions,train,endure,0,,
espeon,champions,train,charm,0,,
espeon,champions,train,sleep-talk,0,,
espeon,champions,train,safeguard,0,,
espeon,champions,train,baton-pass,0,,
espeon,champions,train,morning-sun,0,,
espeon,champions,train,rain-dance,0,,
espeon,champions,train,sunny-day,0,,
espeon,champions,train,psych-up,0,,
espeon,champions,train,shadow-ball,0,,
espeon,champions,train,future-sight,0,,
espeon,champions,train,facade,0,,
espeon,champions,train,helping-hand,0,,
espeon,champions,train,trick,0,,
espeon,champions,train,wish,0,,
espeon,champions,train,yawn,0,,
espeon,champions,train,skill-swap,0,,
espeon,champions,train,imprison,0,,
espeon,champions,train,hyper-voice,0,,
espeon,champions,train,weather-ball,0,,
espeon,champions,train,fake-tears,0,,
espeon,champions,train,tickle,0,,
espeon,champions,train,covet,0,,
espeon,champions,train,calm-mind,0,,
espeon,champions,train,gravity,0,,
espeon,champions,train,copycat,0,,
espeon,champions,train,power-swap,0,,
espeon,champions,train,last-resort,0,,
espeon,champions,train,power-gem,0,,
espeon,champions,train,giga-impact,0,,
espeon,champions,train,zen-headbutt,0,,
espeon,champions,train,trick-room,0,,
espeon,champions,train,grass-knot,0,,
espeon,champions,train,psyshock,0,,
espeon,champions,train,magic-room,0,,
espeon,champions,train,round,0,,
espeon,champions,train,stored-power,0,,
espeon,champions,train,draining-kiss,0,,
espeon,champions,train,dazzling-gleam,0,,
espeon,champions,train,baby-doll-eyes,0,,
espeon,champions,train,psychic-terrain,0,,
espeon,champions,train,psychic-fangs,0,,
espeon,champions,train,expanding-force,0,,
espeon,champions,train,trailblaze,0,,
espeon,champions,train,alluring-voice,0,,
espeon,champions,train,psychic-noise,0,,
umbreon,champions,train,body-slam,0,,
umbreon,champions,train,double-edge,0,,
umbreon,champions,train,bite,0,,
umbreon,champions,train,roar,0,,
umbreon,champions,train,hyper-beam,0,,
umbreon,champions,train,thunder-wave,0,,
umbreon,champions,train,dig,0,,
umbreon,champions,train,toxic,0,,
umbreon,champions,train,psychic,0,,
umbreon,champions,train,quick-attack,0,,
umbreon,champions,train,screech,0,,
umbreon,champions,train,confuse-ray,0,,
umbreon,champions,train,light-screen,0,,
umbreon,champions,train,reflect,0,,
umbreon,champions,train,focus-energy,0,,
umbreon,champions,train,rest,0,,
umbreon,champions,train,substitute,0,,
umbreon,champions,train,thief,0,,
umbreon,champions,train,snore,0,,
umbreon,champions,train,curse,0,,
umbreon,champions,train,flail,0,,
umbreon,champions,train,spite,0,,
umbreon,champions,train,protect,0,,
umbreon,champions,train,scary-face,0,,
umbreon,champions,train,mud-slap,0,,
umbreon,champions,train,detect,0,,
umbreon,champions,train,endure,0,,
umbreon,champions,train,charm,0,,
umbreon,champions,train,swagger,0,,
umbreon,champions,train,mean-look,0,,
umbreon,champions,train,sleep-talk,0,,
umbreon,champions,train,baton-pass,0,,
umbreon,champions,train,moonlight,0,,
umbreon,champions,train,rain-dance,0,,
umbreon,champions,train,sunny-day,0,,
umbreon,champions,train,crunch,0,,
umbreon,champions,train,psych-up,0,,
umbreon,champions,train,shadow-ball,0,,
umbreon,champions,train,torment,0,,
umbreon,champions,train,facade,0,,
umbreon,champions,train,taunt,0,,
umbreon,champions,train,helping-hand,0,,
umbreon,champions,train,wish,0,,
umbreon,champions,train,yawn,0,,
umbreon,champions,train,skill-swap,0,,
umbreon,champions,train,hyper-voice,0,,
umbreon,champions,train,weather-ball,0,,
umbreon,champions,train,fake-tears,0,,
umbreon,champions,train,tickle,0,,
umbreon,champions,train,covet,0,,
umbreon,champions,train,calm-mind,0,,
umbreon,champions,train,payback,0,,
umbreon,champions,train,assurance,0,,
umbreon,champions,train,copycat,0,,
umbreon,champions,train,guard-swap,0,,
umbreon,champions,train,last-resort,0,,
umbreon,champions,train,dark-pulse,0,,
umbreon,champions,train,giga-impact,0,,
umbreon,champions,train,foul-play,0,,
umbreon,champions,train,round,0,,
umbreon,champions,train,stored-power,0,,
umbreon,champions,train,snarl,0,,
umbreon,champions,train,baby-doll-eyes,0,,
umbreon,champions,train,throat-chop,0,,
umbreon,champions,train,lash-out,0,,
umbreon,champions,train,trailblaze,0,,
umbreon,champions,train,alluring-voice,0,,
slowking,champions,train,fire-punch,0,,
slowking,champions,train,ice-punch,0,,
slowking,champions,train,thunder-punch,0,,
slowking,champions,train,body-slam,0,,
slowking,champions,train,disable,0,,
slowking,champions,train,flamethrower,0,,
slowking,champions,train,hydro-pump,0,,
slowking,champions,train,surf,0,,
slowking,champions,train,ice-beam,0,,
slowking,champions,train,blizzard,0,,
slowking,champions,train,hyper-beam,0,,
slowking,champions,train,thunder-wave,0,,
slowking,champions,train,earthquake,0,,
slowking,champions,train,dig,0,,
slowking,champions,train,psychic,0,,
slowking,champions,train,light-screen,0,,
slowking,champions,train,reflect,0,,
slowking,champions,train,fire-blast,0,,
slowking,champions,train,waterfall,0,,
slowking,champions,train,amnesia,0,,
slowking,champions,train,rest,0,,
slowking,champions,train,rock-slide,0,,
slowking,champions,train,tri-attack,0,,
slowking,champions,train,substitute,0,,
slowking,champions,train,snore,0,,
slowking,champions,train,curse,0,,
slowking,champions,train,protect,0,,
slowking,champions,train,belly-drum,0,,
slowking,champions,train,icy-wind,0,,
slowking,champions,train,endure,0,,
slowking,champions,train,swagger,0,,
slowking,champions,train,sleep-talk,0,,
slowking,champions,train,safeguard,0,,
slowking,champions,train,iron-tail,0,,
slowking,champions,train,rain-dance,0,,
slowking,champions,train,sunny-day,0,,
slowking,champions,train,psych-up,0,,
slowking,champions,train,shadow-ball,0,,
slowking,champions,train,future-sight,0,,
slowking,champions,train,whirlpool,0,,
slowking,champions,train,facade,0,,
slowking,champions,train,focus-punch,0,,
slowking,champions,train,helping-hand,0,,
slowking,champions,train,trick,0,,
slowking,champions,train,brick-break,0,,
slowking,champions,train,yawn,0,,
slowking,champions,train,skill-swap,0,,
slowking,champions,train,imprison,0,,
slowking,champions,train,dive,0,,
slowking,champions,train,slack-off,0,,
slowking,champions,train,weather-ball,0,,
slowking,champions,train,rock-tomb,0,,
slowking,champions,train,muddy-water,0,,
slowking,champions,train,iron-defense,0,,
slowking,champions,train,block,0,,
slowking,champions,train,mud-shot,0,,
slowking,champions,train,calm-mind,0,,
slowking,champions,train,water-pulse,0,,
slowking,champions,train,fling,0,,
slowking,champions,train,power-gem,0,,
slowking,champions,train,drain-punch,0,,
slowking,champions,train,focus-blast,0,,
slowking,champions,train,giga-impact,0,,
slowking,champions,train,nasty-plot,0,,
slowking,champions,train,avalanche,0,,
slowking,champions,train,zen-headbutt,0,,
slowking,champions,train,trick-room,0,,
slowking,champions,train,grass-knot,0,,
slowking,champions,train,wonder-room,0,,
slowking,champions,train,psyshock,0,,
slowking,champions,train,foul-play,0,,
slowking,champions,train,round,0,,
slowking,champions,train,stored-power,0,,
slowking,champions,train,scald,0,,
slowking,champions,train,heal-pulse,0,,
slowking,champions,train,bulldoze,0,,
slowking,champions,train,razor-shell,0,,
slowking,champions,train,belch,0,,
slowking,champions,train,psychic-terrain,0,,
slowking,champions,train,liquidation,0,,
slowking,champions,train,expanding-force,0,,
slowking,champions,train,chilly-reception,0,,
slowking,champions,train,snowscape,0,,
slowking,champions,train,chilling-water,0,,
slowking,champions,train,psychic-noise,0,,
forretress,champions,train,body-slam,0,,
forretress,champions,train,double-edge,0,,
forretress,champions,train,pin-missile,0,,
forretress,champions,train,hyper-beam,0,,
forretress,champions,train,counter,0,,
forretress,champions,train,solar-beam,0,,
forretress,champions,train,thunder-wave,0,,
forretress,champions,train,earthquake,0,,
forretress,champions,train,dig,0,,
forretress,champions,train,light-screen,0,,
forretress,champions,train,reflect,0,,
forretress,champions,train,self-destruct,0,,
forretress,champions,train,explosion,0,,
forretress,champions,train,rest,0,,
forretress,champions,train,rock-slide,0,,
forretress,champions,train,substitute,0,,
forretress,champions,train,snore,0,,
forretress,champions,train,curse,0,,
forretress,champions,train,flail,0,,
forretress,champions,train,reversal,0,,
forretress,champions,train,protect,0,,
forretress,champions,train,spikes,0,,
forretress,champions,train,zap-cannon,0,,
forretress,champions,train,sandstorm,0,,
forretress,champions,train,giga-drain,0,,
forretress,champions,train,endure,0,,
forretress,champions,train,sleep-talk,0,,
forretress,champions,train,pain-split,0,,
forretress,champions,train,rapid-spin,0,,
forretress,champions,train,rain-dance,0,,
forretress,champions,train,sunny-day,0,,
forretress,champions,train,facade,0,,
forretress,champions,train,helping-hand,0,,
forretress,champions,train,rock-tomb,0,,
forretress,champions,train,metal-sound,0,,
forretress,champions,train,sand-tomb,0,,
forretress,champions,train,iron-defense,0,,
forretress,champions,train,rock-blast,0,,
forretress,champions,train,gravity,0,,
forretress,champions,train,gyro-ball,0,,
forretress,champions,train,payback,0,,
forretress,champions,train,power-trick,0,,
forretress,champions,train,toxic-spikes,0,,
forretress,champions,train,magnet-rise,0,,
forretress,champions,train,poison-jab,0,,
forretress,champions,train,seed-bomb,0,,
forretress,champions,train,bug-buzz,0,,
forretress,champions,train,earth-power,0,,
forretress,champions,train,giga-impact,0,,
forretress,champions,train,flash-cannon,0,,
forretress,champions,train,iron-head,0,,
forretress,champions,train,stone-edge,0,,
forretress,champions,train,stealth-rock,0,,
forretress,champions,train,bug-bite,0,,
forretress,champions,train,venoshock,0,,
forretress,champions,train,heavy-slam,0,,
forretress,champions,train,round,0,,
forretress,champions,train,volt-switch,0,,
forretress,champions,train,struggle-bug,0,,
forretress,champions,train,bulldoze,0,,
forretress,champions,train,drill-run,0,,
forretress,champions,train,lunge,0,,
forretress,champions,train,smart-strike,0,,
forretress,champions,train,body-press,0,,
forretress,champions,train,steel-beam,0,,
forretress,champions,train,steel-roller,0,,
forretress,champions,train,ice-spinner,0,,
forretress,champions,train,pounce,0,,
forretress,champions,train,hard-press,0,,
steelix,champions,train,bind,0,,
steelix,champions,train,body-slam,0,,
steelix,champions,train,double-edge,0,,
steelix,champions,train,hyper-beam,0,,
steelix,champions,train,earthquake,0,,
steelix,champions,train,fissure,0,,
steelix,champions,train,dig,0,,
steelix,champions,train,screech,0,,
steelix,champions,train,self-destruct,0,,
steelix,champions,train,rest,0,,
steelix,champions,train,rock-slide,0,,
steelix,champions,train,substitute,0,,
steelix,champions,train,snore,0,,
steelix,champions,train,curse,0,,
steelix,champions,train,flail,0,,
steelix,champions,train,protect,0,,
steelix,champions,train,scary-face,0,,
steelix,champions,train,sandstorm,0,,
steelix,champions,train,endure,0,,
steelix,champions,train,attract,0,,
steelix,champions,train,sleep-talk,0,,
steelix,champions,train,iron-tail,0,,
steelix,champions,train,sunny-day,0,,
steelix,champions,train,crunch,0,,
steelix,champions,train,ancient-power,0,,
steelix,champions,train,facade,0,,
steelix,champions,train,taunt,0,,
steelix,champions,train,rock-tomb,0,,
steelix,champions,train,sand-tomb,0,,
steelix,champions,train,iron-defense,0,,
steelix,champions,train,block,0,,
steelix,champions,train,dragon-dance,0,,
steelix,champions,train,rock-blast,0,,
steelix,champions,train,gyro-ball,0,,
steelix,champions,train,payback,0,,
steelix,champions,train,magnet-rise,0,,
steelix,champions,train,rock-polish,0,,
steelix,champions,train,dark-pulse,0,,
steelix,champions,train,dragon-pulse,0,,
steelix,champions,train,earth-power,0,,
steelix,champions,train,giga-impact,0,,
steelix,champions,train,thunder-fang,0,,
steelix,champions,train,ice-fang,0,,
steelix,champions,train,fire-fang,0,,
steelix,champions,train,flash-cannon,0,,
steelix,champions,train,iron-head,0,,
steelix,champions,train,stone-edge,0,,
steelix,champions,train,stealth-rock,0,,
steelix,champions,train,head-smash,0,,
steelix,champions,train,wide-guard,0,,
steelix,champions,train,smack-down,0,,
steelix,champions,train,heavy-slam,0,,
steelix,champions,train,round,0,,
steelix,champions,train,bulldoze,0,,
steelix,champions,train,dragon-tail,0,,
steelix,champions,train,drill-run,0,,
steelix,champions,train,high-horsepower,0,,
steelix,champions,train,brutal-swing,0,,
steelix,champions,train,psychic-fangs,0,,
steelix,champions,train,stomping-tantrum,0,,
steelix,champions,train,body-press,0,,
steelix,champions,train,breaking-swipe,0,,
steelix,champions,train,steel-beam,0,,
steelix,champions,train,steel-roller,0,,
steelix,champions,train,meteor-beam,0,,
steelix,champions,train,scorching-sands,0,,
qwilfish,champions,train,swords-dance,0,,
qwilfish,champions,train,double-edge,0,,
qwilfish,champions,train,pin-missile,0,,
qwilfish,champions,train,hydro-pump,0,,
qwilfish,champions,train,surf,0,,
qwilfish,champions,train,ice-beam,0,,
qwilfish,champions,train,blizzard,0,,
qwilfish,champions,train,thunder-wave,0,,
qwilfish,champions,train,toxic,0,,
qwilfish,champions,train,agility,0,,
qwilfish,champions,train,minimize,0,,
qwilfish,champions,train,haze,0,,
qwilfish,champions,train,self-destruct,0,,
qwilfish,champions,train,waterfall,0,,
qwilfish,champions,train,rest,0,,
qwilfish,champions,train,substitute,0,,
qwilfish,champions,train,snore,0,,
qwilfish,champions,train,curse,0,,
qwilfish,champions,train,flail,0,,
qwilfish,champions,train,reversal,0,,
qwilfish,champions,train,spite,0,,
qwilfish,champions,train,protect,0,,
qwilfish,champions,train,scary-face,0,,
qwilfish,champions,train,sludge-bomb,0,,
qwilfish,champions,train,spikes,0,,
qwilfish,champions,train,destiny-bond,0,,
qwilfish,champions,train,icy-wind,0,,
qwilfish,champions,train,endure,0,,
qwilfish,champions,train,sleep-talk,0,,
qwilfish,champions,train,pain-split,0,,
qwilfish,champions,train,rain-dance,0,,
qwilfish,champions,train,crunch,0,,
qwilfish,champions,train,shadow-ball,0,,
qwilfish,champions,train,whirlpool,0,,
qwilfish,champions,train,stockpile,0,,
qwilfish,champions,train,spit-up,0,,
qwilfish,champions,train,facade,0,,
qwilfish,champions,train,taunt,0,,
qwilfish,champions,train,dive,0,,
qwilfish,champions,train,mud-shot,0,,
qwilfish,champions,train,water-pulse,0,,
qwilfish,champions,train,gyro-ball,0,,
qwilfish,champions,train,acupressure,0,,
qwilfish,champions,train,payback,0,,
qwilfish,champions,train,assurance,0,,
qwilfish,champions,train,toxic-spikes,0,,
qwilfish,champions,train,poison-jab,0,,
qwilfish,champions,train,aqua-tail,0,,
qwilfish,champions,train,giga-impact,0,,
qwilfish,champions,train,gunk-shot,0,,
qwilfish,champions,train,aqua-jet,0,,
qwilfish,champions,train,venoshock,0,,
qwilfish,champions,train,sludge-wave,0,,
qwilfish,champions,train,acid-spray,0,,
qwilfish,champions,train,round,0,,
qwilfish,champions,train,hex,0,,
qwilfish,champions,train,fell-stinger,0,,
qwilfish,champions,train,throat-chop,0,,
qwilfish,champions,train,liquidation,0,,
qwilfish,champions,train,steel-roller,0,,
qwilfish,champions,train,scale-shot,0,,
qwilfish,champions,train,flip-turn,0,,
qwilfish,champions,train,barb-barrage,0,,
qwilfish,champions,train,chilling-water,0,,
scizor,champions,train,swords-dance,0,,
scizor,champions,train,double-edge,0,,
scizor,champions,train,hyper-beam,0,,
scizor,champions,train,counter,0,,
scizor,champions,train,agility,0,,
scizor,champions,train,quick-attack,0,,
scizor,champions,train,double-team,0,,
scizor,champions,train,light-screen,0,,
scizor,champions,train,focus-energy,0,,
scizor,champions,train,rest,0,,
scizor,champions,train,substitute,0,,
scizor,champions,train,thief,0,,
scizor,champions,train,snore,0,,
scizor,champions,train,curse,0,,
scizor,champions,train,reversal,0,,
scizor,champions,train,protect,0,,
scizor,champions,train,scary-face,0,,
scizor,champions,train,sandstorm,0,,
scizor,champions,train,endure,0,,
scizor,champions,train,steel-wing,0,,
scizor,champions,train,sleep-talk,0,,
scizor,champions,train,baton-pass,0,,
scizor,champions,train,rain-dance,0,,
scizor,champions,train,sunny-day,0,,
scizor,champions,train,facade,0,,
scizor,champions,train,helping-hand,0,,
scizor,champions,train,superpower,0,,
scizor,champions,train,brick-break,0,,
scizor,champions,train,knock-off,0,,
scizor,champions,train,air-cutter,0,,
scizor,champions,train,aerial-ace,0,,
scizor,champions,train,iron-defense,0,,
scizor,champions,train,roost,0,,
scizor,champions,train,feint,0,,
scizor,champions,train,tailwind,0,,
scizor,champions,train,u-turn,0,,
scizor,champions,train,close-combat,0,,
scizor,champions,train,assurance,0,,
scizor,champions,train,fling,0,,
scizor,champions,train,night-slash,0,,
scizor,champions,train,air-slash,0,,
scizor,champions,train,x-scissor,0,,
scizor,champions,train,bug-buzz,0,,
scizor,champions,train,vacuum-wave,0,,
scizor,champions,train,giga-impact,0,,
scizor,champions,train,bullet-punch,0,,
scizor,champions,train,psycho-cut,0,,
scizor,champions,train,flash-cannon,0,,
scizor,champions,train,defog,0,,
scizor,champions,train,iron-head,0,,
scizor,champions,train,bug-bite,0,,
scizor,champions,train,double-hit,0,,
scizor,champions,train,round,0,,
scizor,champions,train,quick-guard,0,,
scizor,champions,train,acrobatics,0,,
scizor,champions,train,struggle-bug,0,,
scizor,champions,train,lunge,0,,
scizor,champions,train,brutal-swing,0,,
scizor,champions,train,steel-beam,0,,
scizor,champions,train,skitter-smack,0,,
scizor,champions,train,dual-wingbeat,0,,
scizor,champions,train,pounce,0,,
scizor,champions,train,trailblaze,0,,
scizor,champions,train,hard-press,0,,
heracross,champions,train,swords-dance,0,,
heracross,champions,train,body-slam,0,,
heracross,champions,train,thrash,0,,
heracross,champions,train,double-edge,0,,
heracross,champions,train,pin-missile,0,,
heracross,champions,train,hyper-beam,0,,
heracross,champions,train,low-kick,0,,
heracross,champions,train,counter,0,,
heracross,champions,train,seismic-toss,0,,
heracross,champions,train,earthquake,0,,
heracross,champions,train,dig,0,,
heracross,champions,train,rest,0,,
heracross,champions,train,rock-slide,0,,
heracross,champions,train,substitute,0,,
heracross,champions,train,thief,0,,
heracross,champions,train,snore,0,,
heracross,champions,train,curse,0,,
heracross,champions,train,flail,0,,
heracross,champions,train,reversal,0,,
heracross,champions,train,protect,0,,
heracross,champions,train,spikes,0,,
heracross,champions,train,detect,0,,
heracross,champions,train,endure,0,,
heracross,champions,train,sleep-talk,0,,
heracross,champions,train,megahorn,0,,
heracross,champions,train,rain-dance,0,,
heracross,champions,train,sunny-day,0,,
heracross,champions,train,facade,0,,
heracross,champions,train,focus-punch,0,,
heracross,champions,train,helping-hand,0,,
heracross,champions,train,brick-break,0,,
heracross,champions,train,knock-off,0,,
heracross,champions,train,endeavor,0,,
heracross,champions,train,rock-tomb,0,,
heracross,champions,train,bullet-seed,0,,
heracross,champions,train,aerial-ace,0,,
heracross,champions,train,iron-defense,0,,
heracross,champions,train,bulk-up,0,,
heracross,champions,train,rock-blast,0,,
heracross,champions,train,feint,0,,
heracross,champions,train,close-combat,0,,
heracross,champions,train,assurance,0,,
heracross,champions,train,fling,0,,
heracross,champions,train,night-slash,0,,
heracross,champions,train,bug-buzz,0,,
heracross,champions,train,vacuum-wave,0,,
heracross,champions,train,focus-blast,0,,
heracross,champions,train,giga-impact,0,,
heracross,champions,train,shadow-claw,0,,
heracross,champions,train,stone-edge,0,,
heracross,champions,train,bug-bite,0,,
heracross,champions,train,smack-down,0,,
heracross,champions,train,round,0,,
heracross,champions,train,circle-throw,0,,
heracross,champions,train,struggle-bug,0,,
heracross,champions,train,bulldoze,0,,
heracross,champions,train,high-horsepower,0,,
heracross,champions,train,throat-chop,0,,
heracross,champions,train,lunge,0,,
heracross,champions,train,smart-strike,0,,
heracross,champions,train,brutal-swing,0,,
heracross,champions,train,skitter-smack,0,,
heracross,champions,train,coaching,0,,
heracross,champions,train,pounce,0,,
heracross,champions,train,trailblaze,0,,
heracross,champions,train,upper-hand,0,,
skarmory,champions,train,swords-dance,0,,
skarmory,champions,train,whirlwind,0,,
skarmory,champions,train,fly,0,,
skarmory,champions,train,roar,0,,
skarmory,champions,train,hyper-beam,0,,
skarmory,champions,train,drill-peck,0,,
skarmory,champions,train,agility,0,,
skarmory,champions,train,sky-attack,0,,
skarmory,champions,train,rest,0,,
skarmory,champions,train,rock-slide,0,,
skarmory,champions,train,substitute,0,,
skarmory,champions,train,thief,0,,
skarmory,champions,train,snore,0,,
skarmory,champions,train,curse,0,,
skarmory,champions,train,reversal,0,,
skarmory,champions,train,protect,0,,
skarmory,champions,train,spikes,0,,
skarmory,champions,train,icy-wind,0,,
skarmory,champions,train,sandstorm,0,,
skarmory,champions,train,endure,0,,
skarmory,champions,train,steel-wing,0,,
skarmory,champions,train,sleep-talk,0,,
skarmory,champions,train,sunny-day,0,,
skarmory,champions,train,facade,0,,
skarmory,champions,train,taunt,0,,
skarmory,champions,train,air-cutter,0,,
skarmory,champions,train,rock-tomb,0,,
skarmory,champions,train,metal-sound,0,,
skarmory,champions,train,sand-tomb,0,,
skarmory,champions,train,aerial-ace,0,,
skarmory,champions,train,iron-defense,0,,
skarmory,champions,train,roost,0,,
skarmory,champions,train,feint,0,,
skarmory,champions,train,tailwind,0,,
skarmory,champions,train,payback,0,,
skarmory,champions,train,assurance,0,,
skarmory,champions,train,dark-pulse,0,,
skarmory,champions,train,night-slash,0,,
skarmory,champions,train,air-slash,0,,
skarmory,champions,train,x-scissor,0,,
skarmory,champions,train,brave-bird,0,,
skarmory,champions,train,giga-impact,0,,
skarmory,champions,train,flash-cannon,0,,
skarmory,champions,train,iron-head,0,,
skarmory,champions,train,stealth-rock,0,,
skarmory,champions,train,round,0,,
skarmory,champions,train,drill-run,0,,
skarmory,champions,train,hurricane,0,,
skarmory,champions,train,body-press,0,,
skarmory,champions,train,steel-beam,0,,
skarmory,champions,train,dual-wingbeat,0,,
houndoom,champions,train,body-slam,0,,
houndoom,champions,train,double-edge,0,,
houndoom,champions,train,bite,0,,
houndoom,champions,train,roar,0,,
houndoom,champions,train,flamethrower,0,,
houndoom,champions,train,hyper-beam,0,,
houndoom,champions,train,counter,0,,
houndoom,champions,train,solar-beam,0,,
houndoom,champions,train,fire-spin,0,,
houndoom,champions,train,toxic,0,,
houndoom,champions,train,fire-blast,0,,
houndoom,champions,train,rest,0,,
houndoom,champions,train,super-fang,0,,
houndoom,champions,train,substitute,0,,
houndoom,champions,train,thief,0,,
houndoom,champions,train,snore,0,,
houndoom,champions,train,reversal,0,,
houndoom,champions,train,spite,0,,
houndoom,champions,train,protect,0,,
houndoom,champions,train,scary-face,0,,
houndoom,champions,train,sludge-bomb,0,,
houndoom,champions,train,mud-slap,0,,
houndoom,champions,train,destiny-bond,0,,
houndoom,champions,train,endure,0,,
houndoom,champions,train,swagger,0,,
houndoom,champions,train,sleep-talk,0,,
houndoom,champions,train,pain-split,0,,
houndoom,champions,train,iron-tail,0,,
houndoom,champions,train,rain-dance,0,,
houndoom,champions,train,sunny-day,0,,
houndoom,champions,train,crunch,0,,
houndoom,champions,train,shadow-ball,0,,
houndoom,champions,train,beat-up,0,,
houndoom,champions,train,uproar,0,,
houndoom,champions,train,heat-wave,0,,
houndoom,champions,train,torment,0,,
houndoom,champions,train,will-o-wisp,0,,
houndoom,champions,train,facade,0,,
houndoom,champions,train,taunt,0,,
houndoom,champions,train,helping-hand,0,,
houndoom,champions,train,endeavor,0,,
houndoom,champions,train,hyper-voice,0,,
houndoom,champions,train,overheat,0,,
houndoom,champions,train,howl,0,,
houndoom,champions,train,mud-shot,0,,
houndoom,champions,train,feint,0,,
houndoom,champions,train,payback,0,,
houndoom,champions,train,sucker-punch,0,,
houndoom,champions,train,flare-blitz,0,,
houndoom,champions,train,dark-pulse,0,,
houndoom,champions,train,giga-impact,0,,
houndoom,champions,train,nasty-plot,0,,
houndoom,champions,train,thunder-fang,0,,
houndoom,champions,train,fire-fang,0,,
houndoom,champions,train,flame-charge,0,,
houndoom,champions,train,foul-play,0,,
houndoom,champions,train,round,0,,
houndoom,champions,train,inferno,0,,
houndoom,champions,train,snarl,0,,
houndoom,champions,train,throat-chop,0,,
houndoom,champions,train,psychic-fangs,0,,
houndoom,champions,train,burning-jealousy,0,,
houndoom,champions,train,lash-out,0,,
houndoom,champions,train,scorching-sands,0,,
houndoom,champions,train,trailblaze,0,,
houndoom,champions,train,comeuppance,0,,
houndoom,champions,train,temper-flare,0,,
tyranitar,champions,train,fire-punch,0,,
tyranitar,champions,train,ice-punch,0,,
tyranitar,champions,train,thunder-punch,0,,
tyranitar,champions,train,mega-kick,0,,
tyranitar,champions,train,body-slam,0,,
tyranitar,champions,train,thrash,0,,
tyranitar,champions,train,double-edge,0,,
tyranitar,champions,train,bite,0,,
tyranitar,champions,train,roar,0,,
tyranitar,champions,train,flamethrower,0,,
tyranitar,champions,train,hydro-pump,0,,
tyranitar,champions,train,surf,0,,
tyranitar,champions,train,ice-beam,0,,
tyranitar,champions,train,blizzard,0,,
tyranitar,champions,train,hyper-beam,0,,
tyranitar,champions,train,low-kick,0,,
tyranitar,champions,train,thunderbolt,0,,
tyranitar,champions,train,thunder-wave,0,,
tyranitar,champions,train,thunder,0,,
tyranitar,champions,train,earthquake,0,,
tyranitar,champions,train,dig,0,,
tyranitar,champions,train,screech,0,,
tyranitar,champions,train,focus-energy,0,,
tyranitar,champions,train,fire-blast,0,,
tyranitar,champions,train,rest,0,,
tyranitar,champions,train,rock-slide,0,,
tyranitar,champions,train,substitute,0,,
tyranitar,champions,train,snore,0,,
tyranitar,champions,train,curse,0,,
tyranitar,champions,train,spite,0,,
tyranitar,champions,train,protect,0,,
tyranitar,champions,train,scary-face,0,,
tyranitar,champions,train,mud-slap,0,,
tyranitar,champions,train,icy-wind,0,,
tyranitar,champions,train,outrage,0,,
tyranitar,champions,train,sandstorm,0,,
tyranitar,champions,train,endure,0,,
tyranitar,champions,train,swagger,0,,
tyranitar,champions,train,sleep-talk,0,,
tyranitar,champions,train,iron-tail,0,,
tyranitar,champions,train,rain-dance,0,,
tyranitar,champions,train,sunny-day,0,,
tyranitar,champions,train,crunch,0,,
tyranitar,champions,train,ancient-power,0,,
tyranitar,champions,train,uproar,0,,
tyranitar,champions,train,facade,0,,
tyranitar,champions,train,focus-punch,0,,
tyranitar,champions,train,taunt,0,,
tyranitar,champions,train,helping-hand,0,,
tyranitar,champions,train,superpower,0,,
tyranitar,champions,train,brick-break,0,,
tyranitar,champions,train,knock-off,0,,
tyranitar,champions,train,rock-tomb,0,,
tyranitar,champions,train,sand-tomb,0,,
tyranitar,champions,train,muddy-water,0,,
tyranitar,champions,train,aerial-ace,0,,
tyranitar,champions,train,iron-defense,0,,
tyranitar,champions,train,dragon-claw,0,,
tyranitar,champions,train,mud-shot,0,,
tyranitar,champions,train,dragon-dance,0,,
tyranitar,champions,train,rock-blast,0,,
tyranitar,champions,train,payback,0,,
tyranitar,champions,train,assurance,0,,
tyranitar,champions,train,fling,0,,
tyranitar,champions,train,dark-pulse,0,,
tyranitar,champions,train,dragon-pulse,0,,
tyranitar,champions,train,power-gem,0,,
tyranitar,champions,train,focus-blast,0,,
tyranitar,champions,train,earth-power,0,,
tyranitar,champions,train,giga-impact,0,,
tyranitar,champions,train,avalanche,0,,
tyranitar,champions,train,shadow-claw,0,,
tyranitar,champions,train,thunder-fang,0,,
tyranitar,champions,train,ice-fang,0,,
tyranitar,champions,train,fire-fang,0,,
tyranitar,champions,train,iron-head,0,,
tyranitar,champions,train,stone-edge,0,,
tyranitar,champions,train,stealth-rock,0,,
tyranitar,champions,train,smack-down,0,,
tyranitar,champions,train,heavy-slam,0,,
tyranitar,champions,train,foul-play,0,,
tyranitar,champions,train,round,0,,
tyranitar,champions,train,bulldoze,0,,
tyranitar,champions,train,dragon-tail,0,,
tyranitar,champions,train,snarl,0,,
tyranitar,champions,train,high-horsepower,0,,
tyranitar,champions,train,brutal-swing,0,,
tyranitar,champions,train,stomping-tantrum,0,,
tyranitar,champions,train,body-press,0,,
tyranitar,champions,train,breaking-swipe,0,,
tyranitar,champions,train,lash-out,0,,
tyranitar,champions,train,hard-press,0,,
sceptile,champions,train,thunder-punch,0,,
sceptile,champions,train,swords-dance,0,,
sceptile,champions,train,mega-kick,0,,
sceptile,champions,train,body-slam,0,,
sceptile,champions,train,double-edge,0,,
sceptile,champions,train,roar,0,,
sceptile,champions,train,hyper-beam,0,,
sceptile,champions,train,low-kick,0,,
sceptile,champions,train,leech-seed,0,,
sceptile,champions,train,solar-beam,0,,
sceptile,champions,train,earthquake,0,,
sceptile,champions,train,dig,0,,
sceptile,champions,train,agility,0,,
sceptile,champions,train,quick-attack,0,,
sceptile,champions,train,screech,0,,
sceptile,champions,train,double-team,0,,
sceptile,champions,train,rest,0,,
sceptile,champions,train,rock-slide,0,,
sceptile,champions,train,substitute,0,,
sceptile,champions,train,thief,0,,
sceptile,champions,train,snore,0,,
sceptile,champions,train,protect,0,,
sceptile,champions,train,detect,0,,
sceptile,champions,train,outrage,0,,
sceptile,champions,train,giga-drain,0,,
sceptile,champions,train,endure,0,,
sceptile,champions,train,sleep-talk,0,,
sceptile,champions,train,iron-tail,0,,
sceptile,champions,train,synthesis,0,,
sceptile,champions,train,sunny-day,0,,
sceptile,champions,train,crunch,0,,
sceptile,champions,train,facade,0,,
sceptile,champions,train,focus-punch,0,,
sceptile,champions,train,helping-hand,0,,
sceptile,champions,train,brick-break,0,,
sceptile,champions,train,endeavor,0,,
sceptile,champions,train,rock-tomb,0,,
sceptile,champions,train,bullet-seed,0,,
sceptile,champions,train,aerial-ace,0,,
sceptile,champions,train,dragon-claw,0,,
sceptile,champions,train,frenzy-plant,0,,
sceptile,champions,train,leaf-blade,0,,
sceptile,champions,train,dragon-dance,0,,
sceptile,champions,train,assurance,0,,
sceptile,champions,train,fling,0,,
sceptile,champions,train,worry-seed,0,,
sceptile,champions,train,night-slash,0,,
sceptile,champions,train,seed-bomb,0,,
sceptile,champions,train,x-scissor,0,,
sceptile,champions,train,dragon-pulse,0,,
sceptile,champions,train,dragon-rush,0,,
sceptile,champions,train,drain-punch,0,,
sceptile,champions,train,vacuum-wave,0,,
sceptile,champions,train,focus-blast,0,,
sceptile,champions,train,energy-ball,0,,
sceptile,champions,train,earth-power,0,,
sceptile,champions,train,giga-impact,0,,
sceptile,champions,train,leaf-storm,0,,
sceptile,champions,train,cross-poison,0,,
sceptile,champions,train,grass-knot,0,,
sceptile,champions,train,low-sweep,0,,
sceptile,champions,train,round,0,,
sceptile,champions,train,quick-guard,0,,
sceptile,champions,train,acrobatics,0,,
sceptile,champions,train,bulldoze,0,,
sceptile,champions,train,dragon-tail,0,,
sceptile,champions,train,grassy-terrain,0,,
sceptile,champions,train,solar-blade,0,,
sceptile,champions,train,throat-chop,0,,
sceptile,champions,train,brutal-swing,0,,
sceptile,champions,train,breaking-swipe,0,,
sceptile,champions,train,scale-shot,0,,
sceptile,champions,train,grassy-glide,0,,
sceptile,champions,train,shed-tail,0,,
sceptile,champions,train,trailblaze,0,,
sceptile,champions,train,dragon-cheer,0,,
sceptile,champions,train,upper-hand,0,,
blaziken,champions,train,fire-punch,0,,
blaziken,champions,train,thunder-punch,0,,
blaziken,champions,train,swords-dance,0,,
blaziken,champions,train,mega-kick,0,,
blaziken,champions,train,body-slam,0,,
blaziken,champions,train,double-edge,0,,
blaziken,champions,train,roar,0,,
blaziken,champions,train,flamethrower,0,,
blaziken,champions,train,hyper-beam,0,,
blaziken,champions,train,low-kick,0,,
blaziken,champions,train,counter,0,,
blaziken,champions,train,solar-beam,0,,
blaziken,champions,train,fire-spin,0,,
blaziken,champions,train,earthquake,0,,
blaziken,champions,train,dig,0,,
blaziken,champions,train,agility,0,,
blaziken,champions,train,quick-attack,0,,
blaziken,champions,train,focus-energy,0,,
blaziken,champions,train,fire-blast,0,,
blaziken,champions,train,high-jump-kick,0,,
blaziken,champions,train,rest,0,,
blaziken,champions,train,rock-slide,0,,
blaziken,champions,train,substitute,0,,
blaziken,champions,train,thief,0,,
blaziken,champions,train,snore,0,,
blaziken,champions,train,curse,0,,
blaziken,champions,train,reversal,0,,
blaziken,champions,train,protect,0,,
blaziken,champions,train,mud-slap,0,,
blaziken,champions,train,detect,0,,
blaziken,champions,train,endure,0,,
blaziken,champions,train,sleep-talk,0,,
blaziken,champions,train,baton-pass,0,,
blaziken,champions,train,sunny-day,0,,
blaziken,champions,train,uproar,0,,
blaziken,champions,train,heat-wave,0,,
blaziken,champions,train,will-o-wisp,0,,
blaziken,champions,train,facade,0,,
blaziken,champions,train,focus-punch,0,,
blaziken,champions,train,helping-hand,0,,
blaziken,champions,train,superpower,0,,
blaziken,champions,train,brick-break,0,,
blaziken,champions,train,knock-off,0,,
blaziken,champions,train,feather-dance,0,,
blaziken,champions,train,blaze-kick,0,,
blaziken,champions,train,crush-claw,0,,
blaziken,champions,train,blast-burn,0,,
blaziken,champions,train,overheat,0,,
blaziken,champions,train,rock-tomb,0,,
blaziken,champions,train,aerial-ace,0,,
blaziken,champions,train,bulk-up,0,,
blaziken,champions,train,bounce,0,,
blaziken,champions,train,feint,0,,
blaziken,champions,train,u-turn,0,,
blaziken,champions,train,close-combat,0,,
blaziken,champions,train,assurance,0,,
blaziken,champions,train,fling,0,,
blaziken,champions,train,last-resort,0,,
blaziken,champions,train,flare-blitz,0,,
blaziken,champions,train,aura-sphere,0,,
blaziken,champions,train,poison-jab,0,,
blaziken,champions,train,night-slash,0,,
blaziken,champions,train,vacuum-wave,0,,
blaziken,champions,train,focus-blast,0,,
blaziken,champions,train,brave-bird,0,,
blaziken,champions,train,giga-impact,0,,
blaziken,champions,train,shadow-claw,0,,
blaziken,champions,train,stone-edge,0,,
blaziken,champions,train,flame-charge,0,,
blaziken,champions,train,low-sweep,0,,
blaziken,champions,train,round,0,,
blaziken,champions,train,acrobatics,0,,
blaziken,champions,train,bulldoze,0,,
blaziken,champions,train,heat-crash,0,,
blaziken,champions,train,coaching,0,,
blaziken,champions,train,scorching-sands,0,,
blaziken,champions,train,temper-flare,0,,
blaziken,champions,train,upper-hand,0,,
swampert,champions,train,ice-punch,0,,
swampert,champions,train,mega-kick,0,,
swampert,champions,train,body-slam,0,,
swampert,champions,train,double-edge,0,,
swampert,champions,train,bite,0,,
swampert,champions,train,roar,0,,
swampert,champions,train,hydro-pump,0,,
swampert,champions,train,surf,0,,
swampert,champions,train,ice-beam,0,,
swampert,champions,train,blizzard,0,,
swampert,champions,train,hyper-beam,0,,
swampert,champions,train,low-kick,0,,
swampert,champions,train,counter,0,,
swampert,champions,train,earthquake,0,,
swampert,champions,train,dig,0,,
swampert,champions,train,screech,0,,
swampert,champions,train,waterfall,0,,
swampert,champions,train,amnesia,0,,
swampert,champions,train,rest,0,,
swampert,champions,train,rock-slide,0,,
swampert,champions,train,substitute,0,,
swampert,champions,train,snore,0,,
swampert,champions,train,curse,0,,
swampert,champions,train,protect,0,,
swampert,champions,train,scary-face,0,,
swampert,champions,train,sludge-bomb,0,,
swampert,champions,train,mud-slap,0,,
swampert,champions,train,icy-wind,0,,
swampert,champions,train,outrage,0,,
swampert,champions,train,endure,0,,
swampert,champions,train,sleep-talk,0,,
swampert,champions,train,iron-tail,0,,
swampert,champions,train,rain-dance,0,,
swampert,champions,train,mirror-coat,0,,
swampert,champions,train,ancient-power,0,,
swampert,champions,train,whirlpool,0,,
swampert,champions,train,uproar,0,,
swampert,champions,train,facade,0,,
swampert,champions,train,focus-punch,0,,
swampert,champions,train,helping-hand,0,,
swampert,champions,train,superpower,0,,
swampert,champions,train,brick-break,0,,
swampert,champions,train,yawn,0,,
swampert,champions,train,knock-off,0,,
swampert,champions,train,endeavor,0,,
swampert,champions,train,dive,0,,
swampert,champions,train,hydro-cannon,0,,
swampert,champions,train,weather-ball,0,,
swampert,champions,train,rock-tomb,0,,
swampert,champions,train,sand-tomb,0,,
swampert,champions,train,muddy-water,0,,
swampert,champions,train,bulk-up,0,,
swampert,champions,train,mud-shot,0,,
swampert,champions,train,water-pulse,0,,
swampert,champions,train,hammer-arm,0,,
swampert,champions,train,fling,0,,
swampert,champions,train,aqua-ring,0,,
swampert,champions,train,poison-jab,0,,
swampert,champions,train,focus-blast,0,,
swampert,champions,train,earth-power,0,,
swampert,champions,train,giga-impact,0,,
swampert,champions,train,avalanche,0,,
swampert,champions,train,stone-edge,0,,
swampert,champions,train,stealth-rock,0,,
swampert,champions,train,wide-guard,0,,
swampert,champions,train,smack-down,0,,
swampert,champions,train,sludge-wave,0,,
swampert,champions,train,round,0,,
swampert,champions,train,bulldoze,0,,
swampert,champions,train,high-horsepower,0,,
swampert,champions,train,stomping-tantrum,0,,
swampert,champions,train,liquidation,0,,
swampert,champions,train,body-press,0,,
swampert,champions,train,flip-turn,0,,
swampert,champions,train,wave-crash,0,,
swampert,champions,train,chilling-water,0,,
swampert,champions,train,hard-press,0,,
pelipper,champions,train,fly,0,,
pelipper,champions,train,body-slam,0,,
pelipper,champions,train,hydro-pump,0,,
pelipper,champions,train,surf,0,,
pelipper,champions,train,ice-beam,0,,
pelipper,champions,train,blizzard,0,,
pelipper,champions,train,hyper-beam,0,,
pelipper,champions,train,agility,0,,
pelipper,champions,train,quick-attack,0,,
pelipper,champions,train,waterfall,0,,
pelipper,champions,train,rest,0,,
pelipper,champions,train,substitute,0,,
pelipper,champions,train,thief,0,,
pelipper,champions,train,snore,0,,
pelipper,champions,train,protect,0,,
pelipper,champions,train,icy-wind,0,,
pelipper,champions,train,endure,0,,
pelipper,champions,train,steel-wing,0,,
pelipper,champions,train,sleep-talk,0,,
pelipper,champions,train,rain-dance,0,,
pelipper,champions,train,whirlpool,0,,
pelipper,champions,train,uproar,0,,
pelipper,champions,train,stockpile,0,,
pelipper,champions,train,spit-up,0,,
pelipper,champions,train,swallow,0,,
pelipper,champions,train,facade,0,,
pelipper,champions,train,helping-hand,0,,
pelipper,champions,train,knock-off,0,,
pelipper,champions,train,feather-dance,0,,
pelipper,champions,train,weather-ball,0,,
pelipper,champions,train,air-cutter,0,,
pelipper,champions,train,muddy-water,0,,
pelipper,champions,train,aerial-ace,0,,
pelipper,champions,train,water-pulse,0,,
pelipper,champions,train,roost,0,,
pelipper,champions,train,tailwind,0,,
pelipper,champions,train,u-turn,0,,
pelipper,champions,train,fling,0,,
pelipper,champions,train,aqua-ring,0,,
pelipper,champions,train,seed-bomb,0,,
pelipper,champions,train,air-slash,0,,
pelipper,champions,train,brave-bird,0,,
pelipper,champions,train,giga-impact,0,,
pelipper,champions,train,gunk-shot,0,,
pelipper,champions,train,wide-guard,0,,
pelipper,champions,train,soak,0,,
pelipper,champions,train,round,0,,
pelipper,champions,train,acrobatics,0,,
pelipper,champions,train,hurricane,0,,
pelipper,champions,train,liquidation,0,,
pelipper,champions,train,dual-wingbeat,0,,
pelipper,champions,train,snowscape,0,,
pelipper,champions,train,chilling-water,0,,
gardevoir,champions,train,fire-punch,0,,
gardevoir,champions,train,ice-punch,0,,
gardevoir,champions,train,thunder-punch,0,,
gardevoir,champions,train,body-slam,0,,
gardevoir,champions,train,disable,0,,
gardevoir,champions,train,hyper-beam,0,,
gardevoir,champions,train,thunderbolt,0,,
gardevoir,champions,train,thunder-wave,0,,
gardevoir,champions,train,psychic,0,,
gardevoir,champions,train,hypnosis,0,,
gardevoir,champions,train,night-shade,0,,
gardevoir,champions,train,double-team,0,,
gardevoir,champions,train,confuse-ray,0,,
gardevoir,champions,train,light-screen,0,,
gardevoir,champions,train,reflect,0,,
gardevoir,champions,train,rest,0,,
gardevoir,champions,train,substitute,0,,
gardevoir,champions,train,thief,0,,
gardevoir,champions,train,snore,0,,
gardevoir,champions,train,protect,0,,
gardevoir,champions,train,destiny-bond,0,,
gardevoir,champions,train,icy-wind,0,,
gardevoir,champions,train,endure,0,,
gardevoir,champions,train,charm,0,,
gardevoir,champions,train,swagger,0,,
gardevoir,champions,train,mean-look,0,,
gardevoir,champions,train,sleep-talk,0,,
gardevoir,champions,train,safeguard,0,,
gardevoir,champions,train,pain-split,0,,
gardevoir,champions,train,encore,0,,
gardevoir,champions,train,rain-dance,0,,
gardevoir,champions,train,sunny-day,0,,
gardevoir,champions,train,psych-up,0,,
gardevoir,champions,train,shadow-ball,0,,
gardevoir,champions,train,future-sight,0,,
gardevoir,champions,train,will-o-wisp,0,,
gardevoir,champions,train,memento,0,,
gardevoir,champions,train,facade,0,,
gardevoir,champions,train,taunt,0,,
gardevoir,champions,train,helping-hand,0,,
gardevoir,champions,train,trick,0,,
gardevoir,champions,train,wish,0,,
gardevoir,champions,train,knock-off,0,,
gardevoir,champions,train,skill-swap,0,,
gardevoir,champions,train,imprison,0,,
gardevoir,champions,train,hyper-voice,0,,
gardevoir,champions,train,calm-mind,0,,
gardevoir,champions,train,gravity,0,,
gardevoir,champions,train,healing-wish,0,,
gardevoir,champions,train,fling,0,,
gardevoir,champions,train,power-swap,0,,
gardevoir,champions,train,guard-swap,0,,
gardevoir,champions,train,aura-sphere,0,,
gardevoir,champions,train,vacuum-wave,0,,
gardevoir,champions,train,focus-blast,0,,
gardevoir,champions,train,energy-ball,0,,
gardevoir,champions,train,giga-impact,0,,
gardevoir,champions,train,shadow-sneak,0,,
gardevoir,champions,train,zen-headbutt,0,,
gardevoir,champions,train,trick-room,0,,
gardevoir,champions,train,grass-knot,0,,
gardevoir,champions,train,charge-beam,0,,
gardevoir,champions,train,wonder-room,0,,
gardevoir,champions,train,psyshock,0,,
gardevoir,champions,train,magic-room,0,,
gardevoir,champions,train,round,0,,
gardevoir,champions,train,stored-power,0,,
gardevoir,champions,train,heal-pulse,0,,
gardevoir,champions,train,draining-kiss,0,,
gardevoir,champions,train,misty-terrain,0,,
gardevoir,champions,train,moonblast,0,,
gardevoir,champions,train,mystical-fire,0,,
gardevoir,champions,train,dazzling-gleam,0,,
gardevoir,champions,train,psychic-terrain,0,,
gardevoir,champions,train,life-dew,0,,
gardevoir,champions,train,expanding-force,0,,
gardevoir,champions,train,misty-explosion,0,,
gardevoir,champions,train,triple-axel,0,,
gardevoir,champions,train,alluring-voice,0,,
gardevoir,champions,train,psychic-noise,0,,
sableye,champions,train,fire-punch,0,,
sableye,champions,train,ice-punch,0,,
sableye,champions,train,thunder-punch,0,,
sableye,champions,train,mega-kick,0,,
sableye,champions,train,body-slam,0,,
sableye,champions,train,disable,0,,
sableye,champions,train,hyper-beam,0,,
sableye,champions,train,low-kick,0,,
sableye,champions,train,thunder-wave,0,,
sableye,champions,train,dig,0,,
sableye,champions,train,psychic,0,,
sableye,champions,train,night-shade,0,,
sableye,champions,train,recover,0,,
sableye,champions,train,confuse-ray,0,,
sableye,champions,train,light-screen,0,,
sableye,champions,train,reflect,0,,
sableye,champions,train,rest,0,,
sableye,champions,train,substitute,0,,
sableye,champions,train,thief,0,,
sableye,champions,train,snore,0,,
sableye,champions,train,spite,0,,
sableye,champions,train,protect,0,,
sableye,champions,train,mud-slap,0,,
sableye,champions,train,icy-wind,0,,
sableye,champions,train,detect,0,,
sableye,champions,train,giga-drain,0,,
sableye,champions,train,endure,0,,
sableye,champions,train,swagger,0,,
sableye,champions,train,mean-look,0,,
sableye,champions,train,sleep-talk,0,,
sableye,champions,train,safeguard,0,,
sableye,champions,train,pain-split,0,,
sableye,champions,train,encore,0,,
sableye,champions,train,rain-dance,0,,
sableye,champions,train,sunny-day,0,,
sableye,champions,train,psych-up,0,,
sableye,champions,train,shadow-ball,0,,
sableye,champions,train,fake-out,0,,
sableye,champions,train,torment,0,,
sableye,champions,train,flatter,0,,
sableye,champions,train,will-o-wisp,0,,
sableye,champions,train,facade,0,,
sableye,champions,train,focus-punch,0,,
sableye,champions,train,taunt,0,,
sableye,champions,train,helping-hand,0,,
sableye,champions,train,trick,0,,
sableye,champions,train,brick-break,0,,
sableye,champions,train,knock-off,0,,
sableye,champions,train,skill-swap,0,,
sableye,champions,train,imprison,0,,
sableye,champions,train,rock-tomb,0,,
sableye,champions,train,shadow-punch,0,,
sableye,champions,train,aerial-ace,0,,
sableye,champions,train,bulk-up,0,,
sableye,champions,train,mud-shot,0,,
sableye,champions,train,calm-mind,0,,
sableye,champions,train,gravity,0,,
sableye,champions,train,gyro-ball,0,,
sableye,champions,train,feint,0,,
sableye,champions,train,metal-burst,0,,
sableye,champions,train,payback,0,,
sableye,champions,train,fling,0,,
sableye,champions,train,sucker-punch,0,,
sableye,champions,train,poison-jab,0,,
sableye,champions,train,dark-pulse,0,,
sableye,champions,train,night-slash,0,,
sableye,champions,train,x-scissor,0,,
sableye,champions,train,power-gem,0,,
sableye,champions,train,drain-punch,0,,
sableye,champions,train,energy-ball,0,,
sableye,champions,train,giga-impact,0,,
sableye,champions,train,nasty-plot,0,,
sableye,champions,train,shadow-claw,0,,
sableye,champions,train,shadow-sneak,0,,
sableye,champions,train,zen-headbutt,0,,
sableye,champions,train,wonder-room,0,,
sableye,champions,train,low-sweep,0,,
sableye,champions,train,foul-play,0,,
sableye,champions,train,round,0,,
sableye,champions,train,hex,0,,
sableye,champions,train,quash,0,,
sableye,champions,train,snarl,0,,
sableye,champions,train,phantom-force,0,,
sableye,champions,train,dazzling-gleam,0,,
sableye,champions,train,throat-chop,0,,
sableye,champions,train,skitter-smack,0,,
sableye,champions,train,lash-out,0,,
sableye,champions,train,poltergeist,0,,
mawile,champions,train,ice-punch,0,,
mawile,champions,train,thunder-punch,0,,
mawile,champions,train,swords-dance,0,,
mawile,champions,train,mega-kick,0,,
mawile,champions,train,body-slam,0,,
mawile,champions,train,double-edge,0,,
mawile,champions,train,bite,0,,
mawile,champions,train,flamethrower,0,,
mawile,champions,train,ice-beam,0,,
mawile,champions,train,hyper-beam,0,,
mawile,champions,train,seismic-toss,0,,
mawile,champions,train,solar-beam,0,,
mawile,champions,train,fire-blast,0,,
mawile,champions,train,rest,0,,
mawile,champions,train,rock-slide,0,,
mawile,champions,train,substitute,0,,
mawile,champions,train,snore,0,,
mawile,champions,train,protect,0,,
mawile,champions,train,sludge-bomb,0,,
mawile,champions,train,icy-wind,0,,
mawile,champions,train,sandstorm,0,,
mawile,champions,train,endure,0,,
mawile,champions,train,swagger,0,,
mawile,champions,train,attract,0,,
mawile,champions,train,sleep-talk,0,,
mawile,champions,train,dynamic-punch,0,,
mawile,champions,train,baton-pass,0,,
mawile,champions,train,sweet-scent,0,,
mawile,champions,train,rain-dance,0,,
mawile,champions,train,sunny-day,0,,
mawile,champions,train,crunch,0,,
mawile,champions,train,ancient-power,0,,
mawile,champions,train,shadow-ball,0,,
mawile,champions,train,stockpile,0,,
mawile,champions,train,spit-up,0,,
mawile,champions,train,swallow,0,,
mawile,champions,train,facade,0,,
mawile,champions,train,taunt,0,,
mawile,champions,train,helping-hand,0,,
mawile,champions,train,brick-break,0,,
mawile,champions,train,knock-off,0,,
mawile,champions,train,poison-fang,0,,
mawile,champions,train,fake-tears,0,,
mawile,champions,train,rock-tomb,0,,
mawile,champions,train,tickle,0,,
mawile,champions,train,iron-defense,0,,
mawile,champions,train,payback,0,,
mawile,champions,train,assurance,0,,
mawile,champions,train,fling,0,,
mawile,champions,train,guard-swap,0,,
mawile,champions,train,sucker-punch,0,,
mawile,champions,train,dark-pulse,0,,
mawile,champions,train,focus-blast,0,,
mawile,champions,train,giga-impact,0,,
mawile,champions,train,thunder-fang,0,,
mawile,champions,train,ice-fang,0,,
mawile,champions,train,fire-fang,0,,
mawile,champions,train,flash-cannon,0,,
mawile,champions,train,iron-head,0,,
mawile,champions,train,stone-edge,0,,
mawile,champions,train,stealth-rock,0,,
mawile,champions,train,grass-knot,0,,
mawile,champions,train,foul-play,0,,
mawile,champions,train,round,0,,
mawile,champions,train,play-rough,0,,
mawile,champions,train,brutal-swing,0,,
mawile,champions,train,psychic-fangs,0,,
mawile,champions,train,steel-beam,0,,
aggron,champions,train,fire-punch,0,,
aggron,champions,train,ice-punch,0,,
aggron,champions,train,thunder-punch,0,,
aggron,champions,train,mega-kick,0,,
aggron,champions,train,body-slam,0,,
aggron,champions,train,double-edge,0,,
aggron,champions,train,roar,0,,
aggron,champions,train,flamethrower,0,,
aggron,champions,train,hydro-pump,0,,
aggron,champions,train,surf,0,,
aggron,champions,train,ice-beam,0,,
aggron,champions,train,blizzard,0,,
aggron,champions,train,hyper-beam,0,,
aggron,champions,train,low-kick,0,,
aggron,champions,train,solar-beam,0,,
aggron,champions,train,thunderbolt,0,,
aggron,champions,train,thunder-wave,0,,
aggron,champions,train,thunder,0,,
aggron,champions,train,earthquake,0,,
aggron,champions,train,dig,0,,
aggron,champions,train,screech,0,,
aggron,champions,train,fire-blast,0,,
aggron,champions,train,rest,0,,
aggron,champions,train,rock-slide,0,,
aggron,champions,train,substitute,0,,
aggron,champions,train,snore,0,,
aggron,champions,train,curse,0,,
aggron,champions,train,reversal,0,,
aggron,champions,train,protect,0,,
aggron,champions,train,scary-face,0,,
aggron,champions,train,mud-slap,0,,
aggron,champions,train,icy-wind,0,,
aggron,champions,train,outrage,0,,
aggron,champions,train,sandstorm,0,,
aggron,champions,train,endure,0,,
aggron,champions,train,swagger,0,,
aggron,champions,train,attract,0,,
aggron,champions,train,sleep-talk,0,,
aggron,champions,train,iron-tail,0,,
aggron,champions,train,rain-dance,0,,
aggron,champions,train,sunny-day,0,,
aggron,champions,train,crunch,0,,
aggron,champions,train,ancient-power,0,,
aggron,champions,train,whirlpool,0,,
aggron,champions,train,uproar,0,,
aggron,champions,train,facade,0,,
aggron,champions,train,taunt,0,,
aggron,champions,train,superpower,0,,
aggron,champions,train,brick-break,0,,
aggron,champions,train,endeavor,0,,
aggron,champions,train,rock-tomb,0,,
aggron,champions,train,metal-sound,0,,
aggron,champions,train,sand-tomb,0,,
aggron,champions,train,iron-defense,0,,
aggron,champions,train,dragon-claw,0,,
aggron,champions,train,rock-blast,0,,
aggron,champions,train,metal-burst,0,,
aggron,champions,train,payback,0,,
aggron,champions,train,fling,0,,
aggron,champions,train,dark-pulse,0,,
aggron,champions,train,dragon-pulse,0,,
aggron,champions,train,dragon-rush,0,,
aggron,champions,train,focus-blast,0,,
aggron,champions,train,earth-power,0,,
aggron,champions,train,giga-impact,0,,
aggron,champions,train,avalanche,0,,
aggron,champions,train,shadow-claw,0,,
aggron,champions,train,flash-cannon,0,,
aggron,champions,train,iron-head,0,,
aggron,champions,train,stone-edge,0,,
aggron,champions,train,stealth-rock,0,,
aggron,champions,train,head-smash,0,,
aggron,champions,train,heavy-slam,0,,
aggron,champions,train,round,0,,
aggron,champions,train,bulldoze,0,,
aggron,champions,train,high-horsepower,0,,
aggron,champions,train,smart-strike,0,,
aggron,champions,train,brutal-swing,0,,
aggron,champions,train,stomping-tantrum,0,,
aggron,champions,train,body-press,0,,
aggron,champions,train,steel-beam,0,,
aggron,champions,train,steel-roller,0,,
aggron,champions,train,meteor-beam,0,,
medicham,champions,train,fire-punch,0,,
medicham,champions,train,ice-punch,0,,
medicham,champions,train,thunder-punch,0,,
medicham,champions,train,mega-kick,0,,
medicham,champions,train,body-slam,0,,
medicham,champions,train,hyper-beam,0,,
medicham,champions,train,low-kick,0,,
medicham,champions,train,counter,0,,
medicham,champions,train,psychic,0,,
medicham,champions,train,agility,0,,
medicham,champions,train,night-shade,0,,
medicham,champions,train,recover,0,,
medicham,champions,train,light-screen,0,,
medicham,champions,train,reflect,0,,
medicham,champions,train,high-jump-kick,0,,
medicham,champions,train,rest,0,,
medicham,champions,train,rock-slide,0,,
medicham,champions,train,substitute,0,,
medicham,champions,train,thief,0,,
medicham,champions,train,snore,0,,
medicham,champions,train,reversal,0,,
medicham,champions,train,protect,0,,
medicham,champions,train,detect,0,,
medicham,champions,train,endure,0,,
medicham,champions,train,sleep-talk,0,,
medicham,champions,train,pain-split,0,,
medicham,champions,train,dynamic-punch,0,,
medicham,champions,train,baton-pass,0,,
medicham,champions,train,rain-dance,0,,
medicham,champions,train,sunny-day,0,,
medicham,champions,train,psych-up,0,,
medicham,champions,train,shadow-ball,0,,
medicham,champions,train,fake-out,0,,
medicham,champions,train,facade,0,,
medicham,champions,train,focus-punch,0,,
medicham,champions,train,taunt,0,,
medicham,champions,train,helping-hand,0,,
medicham,champions,train,trick,0,,
medicham,champions,train,brick-break,0,,
medicham,champions,train,skill-swap,0,,
medicham,champions,train,imprison,0,,
medicham,champions,train,blaze-kick,0,,
medicham,champions,train,rock-tomb,0,,
medicham,champions,train,aerial-ace,0,,
medicham,champions,train,bulk-up,0,,
medicham,champions,train,calm-mind,0,,
medicham,champions,train,gravity,0,,
medicham,champions,train,feint,0,,
medicham,champions,train,acupressure,0,,
medicham,champions,train,close-combat,0,,
medicham,champions,train,fling,0,,
medicham,champions,train,power-trick,0,,
medicham,champions,train,power-swap,0,,
medicham,champions,train,guard-swap,0,,
medicham,champions,train,aura-sphere,0,,
medicham,champions,train,poison-jab,0,,
medicham,champions,train,drain-punch,0,,
medicham,champions,train,vacuum-wave,0,,
medicham,champions,train,focus-blast,0,,
medicham,champions,train,energy-ball,0,,
medicham,champions,train,giga-impact,0,,
medicham,champions,train,bullet-punch,0,,
medicham,champions,train,psycho-cut,0,,
medicham,champions,train,zen-headbutt,0,,
medicham,champions,train,trick-room,0,,
medicham,champions,train,grass-knot,0,,
medicham,champions,train,psyshock,0,,
medicham,champions,train,low-sweep,0,,
medicham,champions,train,round,0,,
medicham,champions,train,stored-power,0,,
medicham,champions,train,quick-guard,0,,
medicham,champions,train,psychic-terrain,0,,
medicham,champions,train,expanding-force,0,,
medicham,champions,train,coaching,0,,
medicham,champions,train,axe-kick,0,,
medicham,champions,train,trailblaze,0,,
medicham,champions,train,upper-hand,0,,
manectric,champions,train,body-slam,0,,
manectric,champions,train,bite,0,,
manectric,champions,train,roar,0,,
manectric,champions,train,flamethrower,0,,
manectric,champions,train,hyper-beam,0,,
manectric,champions,train,thunderbolt,0,,
manectric,champions,train,thunder-wave,0,,
manectric,champions,train,thunder,0,,
manectric,champions,train,agility,0,,
manectric,champions,train,quick-attack,0,,
manectric,champions,train,light-screen,0,,
manectric,champions,train,rest,0,,
manectric,champions,train,substitute,0,,
manectric,champions,train,thief,0,,
manectric,champions,train,snore,0,,
manectric,champions,train,curse,0,,
manectric,champions,train,protect,0,,
manectric,champions,train,scary-face,0,,
manectric,champions,train,endure,0,,
manectric,champions,train,attract,0,,
manectric,champions,train,sleep-talk,0,,
manectric,champions,train,iron-tail,0,,
manectric,champions,train,rain-dance,0,,
manectric,champions,train,crunch,0,,
manectric,champions,train,uproar,0,,
manectric,champions,train,facade,0,,
manectric,champions,train,charge,0,,
manectric,champions,train,hyper-voice,0,,
manectric,champions,train,overheat,0,,
manectric,champions,train,howl,0,,
manectric,champions,train,switcheroo,0,,
manectric,champions,train,giga-impact,0,,
manectric,champions,train,thunder-fang,0,,
manectric,champions,train,ice-fang,0,,
manectric,champions,train,fire-fang,0,,
manectric,champions,train,discharge,0,,
manectric,champions,train,charge-beam,0,,
manectric,champions,train,electro-ball,0,,
manectric,champions,train,round,0,,
manectric,champions,train,volt-switch,0,,
manectric,champions,train,wild-charge,0,,
manectric,champions,train,snarl,0,,
manectric,champions,train,eerie-impulse,0,,
manectric,champions,train,electric-terrain,0,,
manectric,champions,train,psychic-fangs,0,,
manectric,champions,train,rising-voltage,0,,
manectric,champions,train,pounce,0,,
manectric,champions,train,trailblaze,0,,
manectric,champions,train,supercell-slam,0,,
sharpedo,champions,train,thrash,0,,
sharpedo,champions,train,double-edge,0,,
sharpedo,champions,train,bite,0,,
sharpedo,champions,train,hydro-pump,0,,
sharpedo,champions,train,surf,0,,
sharpedo,champions,train,ice-beam,0,,
sharpedo,champions,train,blizzard,0,,
sharpedo,champions,train,hyper-beam,0,,
sharpedo,champions,train,earthquake,0,,
sharpedo,champions,train,agility,0,,
sharpedo,champions,train,screech,0,,
sharpedo,champions,train,focus-energy,0,,
sharpedo,champions,train,waterfall,0,,
sharpedo,champions,train,rest,0,,
sharpedo,champions,train,substitute,0,,
sharpedo,champions,train,thief,0,,
sharpedo,champions,train,snore,0,,
sharpedo,champions,train,protect,0,,
sharpedo,champions,train,scary-face,0,,
sharpedo,champions,train,destiny-bond,0,,
sharpedo,champions,train,icy-wind,0,,
sharpedo,champions,train,endure,0,,
sharpedo,champions,train,swagger,0,,
sharpedo,champions,train,attract,0,,
sharpedo,champions,train,sleep-talk,0,,
sharpedo,champions,train,rain-dance,0,,
sharpedo,champions,train,crunch,0,,
sharpedo,champions,train,ancient-power,0,,
sharpedo,champions,train,whirlpool,0,,
sharpedo,champions,train,uproar,0,,
sharpedo,champions,train,facade,0,,
sharpedo,champions,train,taunt,0,,
sharpedo,champions,train,dive,0,,
sharpedo,champions,train,poison-fang,0,,
sharpedo,champions,train,rock-tomb,0,,
sharpedo,champions,train,bounce,0,,
sharpedo,champions,train,water-pulse,0,,
sharpedo,champions,train,close-combat,0,,
sharpedo,champions,train,payback,0,,
sharpedo,champions,train,assurance,0,,
sharpedo,champions,train,poison-jab,0,,
sharpedo,champions,train,dark-pulse,0,,
sharpedo,champions,train,night-slash,0,,
sharpedo,champions,train,giga-impact,0,,
sharpedo,champions,train,avalanche,0,,
sharpedo,champions,train,ice-fang,0,,
sharpedo,champions,train,zen-headbutt,0,,
sharpedo,champions,train,aqua-jet,0,,
sharpedo,champions,train,round,0,,
sharpedo,champions,train,scald,0,,
sharpedo,champions,train,bulldoze,0,,
sharpedo,champions,train,snarl,0,,
sharpedo,champions,train,psychic-fangs,0,,
sharpedo,champions,train,liquidation,0,,
sharpedo,champions,train,scale-shot,0,,
sharpedo,champions,train,flip-turn,0,,
sharpedo,champions,train,chilling-water,0,,
camerupt,champions,train,body-slam,0,,
camerupt,champions,train,double-edge,0,,
camerupt,champions,train,roar,0,,
camerupt,champions,train,flamethrower,0,,
camerupt,champions,train,hyper-beam,0,,
camerupt,champions,train,growth,0,,
camerupt,champions,train,solar-beam,0,,
camerupt,champions,train,fire-spin,0,,
camerupt,champions,train,earthquake,0,,
camerupt,champions,train,fissure,0,,
camerupt,champions,train,dig,0,,
camerupt,champions,train,focus-energy,0,,
camerupt,champions,train,self-destruct,0,,
camerupt,champions,train,fire-blast,0,,
camerupt,champions,train,amnesia,0,,
camerupt,champions,train,rest,0,,
camerupt,champions,train,rock-slide,0,,
camerupt,champions,train,substitute,0,,
camerupt,champions,train,snore,0,,
camerupt,champions,train,curse,0,,
camerupt,champions,train,protect,0,,
camerupt,champions,train,scary-face,0,,
camerupt,champions,train,mud-slap,0,,
camerupt,champions,train,sandstorm,0,,
camerupt,champions,train,endure,0,,
camerupt,champions,train,charm,0,,
camerupt,champions,train,sleep-talk,0,,
camerupt,champions,train,rain-dance,0,,
camerupt,champions,train,sunny-day,0,,
camerupt,champions,train,ancient-power,0,,
camerupt,champions,train,stockpile,0,,
camerupt,champions,train,spit-up,0,,
camerupt,champions,train,swallow,0,,
camerupt,champions,train,heat-wave,0,,
camerupt,champions,train,will-o-wisp,0,,
camerupt,champions,train,facade,0,,
camerupt,champions,train,helping-hand,0,,
camerupt,champions,train,yawn,0,,
camerupt,champions,train,endeavor,0,,
camerupt,champions,train,eruption,0,,
camerupt,champions,train,overheat,0,,
camerupt,champions,train,rock-tomb,0,,
camerupt,champions,train,howl,0,,
camerupt,champions,train,mud-shot,0,,
camerupt,champions,train,flare-blitz,0,,
camerupt,champions,train,earth-power,0,,
camerupt,champions,train,giga-impact,0,,
camerupt,champions,train,zen-headbutt,0,,
camerupt,champions,train,flash-cannon,0,,
camerupt,champions,train,lava-plume,0,,
camerupt,champions,train,iron-head,0,,
camerupt,champions,train,stone-edge,0,,
camerupt,champions,train,stealth-rock,0,,
camerupt,champions,train,smack-down,0,,
camerupt,champions,train,heavy-slam,0,,
camerupt,champions,train,flame-charge,0,,
camerupt,champions,train,round,0,,
camerupt,champions,train,bulldoze,0,,
camerupt,champions,train,heat-crash,0,,
camerupt,champions,train,high-horsepower,0,,
camerupt,champions,train,stomping-tantrum,0,,
camerupt,champions,train,body-press,0,,
camerupt,champions,train,burning-jealousy,0,,
camerupt,champions,train,lash-out,0,,
camerupt,champions,train,scorching-sands,0,,
camerupt,champions,train,trailblaze,0,,
camerupt,champions,train,temper-flare,0,,
torkoal,champions,train,body-slam,0,,
torkoal,champions,train,double-edge,0,,
torkoal,champions,train,flamethrower,0,,
torkoal,champions,train,hyper-beam,0,,
torkoal,champions,train,solar-beam,0,,
torkoal,champions,train,fire-spin,0,,
torkoal,champions,train,earthquake,0,,
torkoal,champions,train,fissure,0,,
torkoal,champions,train,self-destruct,0,,
torkoal,champions,train,fire-blast,0,,
torkoal,champions,train,amnesia,0,,
torkoal,champions,train,rest,0,,
torkoal,champions,train,rock-slide,0,,
torkoal,champions,train,substitute,0,,
torkoal,champions,train,snore,0,,
torkoal,champions,train,curse,0,,
torkoal,champions,train,flail,0,,
torkoal,champions,train,protect,0,,
torkoal,champions,train,sludge-bomb,0,,
torkoal,champions,train,sandstorm,0,,
torkoal,champions,train,endure,0,,
torkoal,champions,train,sleep-talk,0,,
torkoal,champions,train,rapid-spin,0,,
torkoal,champions,train,sunny-day,0,,
torkoal,champions,train,ancient-power,0,,
torkoal,champions,train,heat-wave,0,,
torkoal,champions,train,will-o-wisp,0,,
torkoal,champions,train,facade,0,,
torkoal,champions,train,helping-hand,0,,
torkoal,champions,train,superpower,0,,
torkoal,champions,train,yawn,0,,
torkoal,champions,train,eruption,0,,
torkoal,champions,train,weather-ball,0,,
torkoal,champions,train,overheat,0,,
torkoal,champions,train,rock-tomb,0,,
torkoal,champions,train,iron-defense,0,,
torkoal,champions,train,gyro-ball,0,,
torkoal,champions,train,flare-blitz,0,,
torkoal,champions,train,earth-power,0,,
torkoal,champions,train,giga-impact,0,,
torkoal,champions,train,zen-headbutt,0,,
torkoal,champions,train,lava-plume,0,,
torkoal,champions,train,stone-edge,0,,
torkoal,champions,train,stealth-rock,0,,
torkoal,champions,train,heavy-slam,0,,
torkoal,champions,train,flame-charge,0,,
torkoal,champions,train,round,0,,
torkoal,champions,train,clear-smog,0,,
torkoal,champions,train,shell-smash,0,,
torkoal,champions,train,inferno,0,,
torkoal,champions,train,bulldoze,0,,
torkoal,champions,train,heat-crash,0,,
torkoal,champions,train,stomping-tantrum,0,,
torkoal,champions,train,body-press,0,,
torkoal,champions,train,burning-jealousy,0,,
torkoal,champions,train,scorching-sands,0,,
torkoal,champions,train,temper-flare,0,,
altaria,champions,train,fly,0,,
altaria,champions,train,body-slam,0,,
altaria,champions,train,double-edge,0,,
altaria,champions,train,roar,0,,
altaria,champions,train,sing,0,,
altaria,champions,train,flamethrower,0,,
altaria,champions,train,ice-beam,0,,
altaria,champions,train,hyper-beam,0,,
altaria,champions,train,solar-beam,0,,
altaria,champions,train,fire-spin,0,,
altaria,champions,train,earthquake,0,,
altaria,champions,train,agility,0,,
altaria,champions,train,haze,0,,
altaria,champions,train,fire-blast,0,,
altaria,champions,train,sky-attack,0,,
altaria,champions,train,rest,0,,
altaria,champions,train,substitute,0,,
altaria,champions,train,thief,0,,
altaria,champions,train,snore,0,,
altaria,champions,train,protect,0,,
altaria,champions,train,perish-song,0,,
altaria,champions,train,outrage,0,,
altaria,champions,train,endure,0,,
altaria,champions,train,steel-wing,0,,
altaria,champions,train,sleep-talk,0,,
altaria,champions,train,safeguard,0,,
altaria,champions,train,rain-dance,0,,
altaria,champions,train,sunny-day,0,,
altaria,champions,train,uproar,0,,
altaria,champions,train,heat-wave,0,,
altaria,champions,train,will-o-wisp,0,,
altaria,champions,train,facade,0,,
altaria,champions,train,helping-hand,0,,
altaria,champions,train,endeavor,0,,
altaria,champions,train,feather-dance,0,,
altaria,champions,train,hyper-voice,0,,
altaria,champions,train,weather-ball,0,,
altaria,champions,train,aerial-ace,0,,
altaria,champions,train,dragon-claw,0,,
altaria,champions,train,dragon-dance,0,,
altaria,champions,train,roost,0,,
altaria,champions,train,pluck,0,,
altaria,champions,train,tailwind,0,,
altaria,champions,train,power-swap,0,,
altaria,champions,train,dragon-pulse,0,,
altaria,champions,train,dragon-rush,0,,
altaria,champions,train,brave-bird,0,,
altaria,champions,train,giga-impact,0,,
altaria,champions,train,defog,0,,
altaria,champions,train,draco-meteor,0,,
altaria,champions,train,wonder-room,0,,
altaria,champions,train,round,0,,
altaria,champions,train,acrobatics,0,,
altaria,champions,train,bulldoze,0,,
altaria,champions,train,cotton-guard,0,,
altaria,champions,train,hurricane,0,,
altaria,champions,train,play-rough,0,,
altaria,champions,train,moonblast,0,,
altaria,champions,train,dazzling-gleam,0,,
altaria,champions,train,breaking-swipe,0,,
altaria,champions,train,dual-wingbeat,0,,
altaria,champions,train,snowscape,0,,
altaria,champions,train,trailblaze,0,,
altaria,champions,train,dragon-cheer,0,,
altaria,champions,train,alluring-voice,0,,
milotic,champions,train,body-slam,0,,
milotic,champions,train,wrap,0,,
milotic,champions,train,double-edge,0,,
milotic,champions,train,hydro-pump,0,,
milotic,champions,train,surf,0,,
milotic,champions,train,ice-beam,0,,
milotic,champions,train,blizzard,0,,
milotic,champions,train,hyper-beam,0,,
milotic,champions,train,hypnosis,0,,
milotic,champions,train,recover,0,,
milotic,champions,train,confuse-ray,0,,
milotic,champions,train,light-screen,0,,
milotic,champions,train,haze,0,,
milotic,champions,train,waterfall,0,,
milotic,champions,train,rest,0,,
milotic,champions,train,substitute,0,,
milotic,champions,train,snore,0,,
milotic,champions,train,flail,0,,
milotic,champions,train,protect,0,,
milotic,champions,train,icy-wind,0,,
milotic,champions,train,endure,0,,
milotic,champions,train,attract,0,,
milotic,champions,train,sleep-talk,0,,
milotic,champions,train,safeguard,0,,
milotic,champions,train,iron-tail,0,,
milotic,champions,train,rain-dance,0,,
milotic,champions,train,mirror-coat,0,,
milotic,champions,train,psych-up,0,,
milotic,champions,train,whirlpool,0,,
milotic,champions,train,facade,0,,
milotic,champions,train,helping-hand,0,,
milotic,champions,train,imprison,0,,
milotic,champions,train,dive,0,,
milotic,champions,train,weather-ball,0,,
milotic,champions,train,tickle,0,,
milotic,champions,train,muddy-water,0,,
milotic,champions,train,mud-shot,0,,
milotic,champions,train,dragon-dance,0,,
milotic,champions,train,water-pulse,0,,
milotic,champions,train,aqua-ring,0,,
milotic,champions,train,aqua-tail,0,,
milotic,champions,train,dragon-pulse,0,,
milotic,champions,train,giga-impact,0,,
milotic,champions,train,avalanche,0,,
milotic,champions,train,iron-head,0,,
milotic,champions,train,coil,0,,
milotic,champions,train,round,0,,
milotic,champions,train,scald,0,,
milotic,champions,train,bulldoze,0,,
milotic,champions,train,dragon-tail,0,,
milotic,champions,train,draining-kiss,0,,
milotic,champions,train,brutal-swing,0,,
milotic,champions,train,breaking-swipe,0,,
milotic,champions,train,life-dew,0,,
milotic,champions,train,scale-shot,0,,
milotic,champions,train,skitter-smack,0,,
milotic,champions,train,flip-turn,0,,
milotic,champions,train,triple-axel,0,,
milotic,champions,train,chilling-water,0,,
milotic,champions,train,dragon-cheer,0,,
milotic,champions,train,alluring-voice,0,,
castform,champions,train,body-slam,0,,
castform,champions,train,flamethrower,0,,
castform,champions,train,hydro-pump,0,,
castform,champions,train,ice-beam,0,,
castform,champions,train,blizzard,0,,
castform,champions,train,solar-beam,0,,
castform,champions,train,thunderbolt,0,,
castform,champions,train,thunder-wave,0,,
castform,champions,train,thunder,0,,
castform,champions,train,fire-blast,0,,
castform,champions,train,amnesia,0,,
castform,champions,train,rest,0,,
castform,champions,train,substitute,0,,
castform,champions,train,thief,0,,
castform,champions,train,snore,0,,
castform,champions,train,protect,0,,
castform,champions,train,icy-wind,0,,
castform,champions,train,sandstorm,0,,
castform,champions,train,endure,0,,
castform,champions,train,attract,0,,
castform,champions,train,sleep-talk,0,,
castform,champions,train,rain-dance,0,,
castform,champions,train,sunny-day,0,,
castform,champions,train,shadow-ball,0,,
castform,champions,train,future-sight,0,,
castform,champions,train,facade,0,,
castform,champions,train,weather-ball,0,,
castform,champions,train,cosmic-power,0,,
castform,champions,train,guard-swap,0,,
castform,champions,train,energy-ball,0,,
castform,champions,train,avalanche,0,,
castform,champions,train,round,0,,
castform,champions,train,scald,0,,
castform,champions,train,hex,0,,
castform,champions,train,hurricane,0,,
castform,champions,train,snowscape,0,,
castform,champions,train,chilling-water,0,,
banette,champions,train,swords-dance,0,,
banette,champions,train,disable,0,,
banette,champions,train,hyper-beam,0,,
banette,champions,train,thunderbolt,0,,
banette,champions,train,thunder-wave,0,,
banette,champions,train,thunder,0,,
banette,champions,train,psychic,0,,
banette,champions,train,night-shade,0,,
banette,champions,train,screech,0,,
banette,champions,train,confuse-ray,0,,
banette,champions,train,rest,0,,
banette,champions,train,substitute,0,,
banette,champions,train,thief,0,,
banette,champions,train,snore,0,,
banette,champions,train,curse,0,,
banette,champions,train,spite,0,,
banette,champions,train,protect,0,,
banette,champions,train,scary-face,0,,
banette,champions,train,destiny-bond,0,,
banette,champions,train,icy-wind,0,,
banette,champions,train,endure,0,,
banette,champions,train,swagger,0,,
banette,champions,train,sleep-talk,0,,
banette,champions,train,pain-split,0,,
banette,champions,train,encore,0,,
banette,champions,train,rain-dance,0,,
banette,champions,train,sunny-day,0,,
banette,champions,train,psych-up,0,,
banette,champions,train,shadow-ball,0,,
banette,champions,train,torment,0,,
banette,champions,train,will-o-wisp,0,,
banette,champions,train,facade,0,,
banette,champions,train,taunt,0,,
banette,champions,train,helping-hand,0,,
banette,champions,train,trick,0,,
banette,champions,train,role-play,0,,
banette,champions,train,knock-off,0,,
banette,champions,train,skill-swap,0,,
banette,champions,train,imprison,0,,
banette,champions,train,shadow-punch,0,,
banette,champions,train,calm-mind,0,,
banette,champions,train,payback,0,,
banette,champions,train,fling,0,,
banette,champions,train,sucker-punch,0,,
banette,champions,train,dark-pulse,0,,
banette,champions,train,giga-impact,0,,
banette,champions,train,nasty-plot,0,,
banette,champions,train,shadow-claw,0,,
banette,champions,train,shadow-sneak,0,,
banette,champions,train,zen-headbutt,0,,
banette,champions,train,trick-room,0,,
banette,champions,train,gunk-shot,0,,
banette,champions,train,charge-beam,0,,
banette,champions,train,magic-room,0,,
banette,champions,train,foul-play,0,,
banette,champions,train,round,0,,
banette,champions,train,hex,0,,
banette,champions,train,phantom-force,0,,
banette,champions,train,dazzling-gleam,0,,
banette,champions,train,throat-chop,0,,
banette,champions,train,skitter-smack,0,,
banette,champions,train,burning-jealousy,0,,
banette,champions,train,lash-out,0,,
banette,champions,train,poltergeist,0,,
banette,champions,train,pounce,0,,
banette,champions,train,trailblaze,0,,
chimecho,champions,train,wrap,0,,
chimecho,champions,train,double-edge,0,,
chimecho,champions,train,disable,0,,
chimecho,champions,train,thunder-wave,0,,
chimecho,champions,train,psychic,0,,
chimecho,champions,train,hypnosis,0,,
chimecho,champions,train,screech,0,,
chimecho,champions,train,recover,0,,
chimecho,champions,train,light-screen,0,,
chimecho,champions,train,reflect,0,,
chimecho,champions,train,self-destruct,0,,
chimecho,champions,train,rest,0,,
chimecho,champions,train,substitute,0,,
chimecho,champions,train,snore,0,,
chimecho,champions,train,curse,0,,
chimecho,champions,train,protect,0,,
chimecho,champions,train,icy-wind,0,,
chimecho,champions,train,endure,0,,
chimecho,champions,train,charm,0,,
chimecho,champions,train,sleep-talk,0,,
chimecho,champions,train,heal-bell,0,,
chimecho,champions,train,safeguard,0,,
chimecho,champions,train,baton-pass,0,,
chimecho,champions,train,encore,0,,
chimecho,champions,train,rain-dance,0,,
chimecho,champions,train,sunny-day,0,,
chimecho,champions,train,psych-up,0,,
chimecho,champions,train,shadow-ball,0,,
chimecho,champions,train,future-sight,0,,
chimecho,champions,train,uproar,0,,
chimecho,champions,train,facade,0,,
chimecho,champions,train,taunt,0,,
chimecho,champions,train,helping-hand,0,,
chimecho,champions,train,trick,0,,
chimecho,champions,train,wish,0,,
chimecho,champions,train,recycle,0,,
chimecho,champions,train,yawn,0,,
chimecho,champions,train,knock-off,0,,
chimecho,champions,train,skill-swap,0,,
chimecho,champions,train,imprison,0,,
chimecho,champions,train,hyper-voice,0,,
chimecho,champions,train,fake-tears,0,,
chimecho,champions,train,metal-sound,0,,
chimecho,champions,train,cosmic-power,0,,
chimecho,champions,train,extrasensory,0,,
chimecho,champions,train,calm-mind,0,,
chimecho,champions,train,gravity,0,,
chimecho,champions,train,healing-wish,0,,
chimecho,champions,train,energy-ball,0,,
chimecho,champions,train,zen-headbutt,0,,
chimecho,champions,train,flash-cannon,0,,
chimecho,champions,train,trick-room,0,,
chimecho,champions,train,grass-knot,0,,
chimecho,champions,train,charge-beam,0,,
chimecho,champions,train,psyshock,0,,
chimecho,champions,train,round,0,,
chimecho,champions,train,stored-power,0,,
chimecho,champions,train,ally-switch,0,,
chimecho,champions,train,heal-pulse,0,,
chimecho,champions,train,snarl,0,,
chimecho,champions,train,draining-kiss,0,,
chimecho,champions,train,boomburst,0,,
chimecho,champions,train,dazzling-gleam,0,,
chimecho,champions,train,expanding-force,0,,
chimecho,champions,train,psychic-noise,0,,
absol,champions,train,swords-dance,0,,
absol,champions,train,body-slam,0,,
absol,champions,train,double-edge,0,,
absol,champions,train,bite,0,,
absol,champions,train,flamethrower,0,,
absol,champions,train,ice-beam,0,,
absol,champions,train,blizzard,0,,
absol,champions,train,hyper-beam,0,,
absol,champions,train,thunderbolt,0,,
absol,champions,train,thunder-wave,0,,
absol,champions,train,thunder,0,,
absol,champions,train,quick-attack,0,,
absol,champions,train,double-team,0,,
absol,champions,train,confuse-ray,0,,
absol,champions,train,focus-energy,0,,
absol,champions,train,fire-blast,0,,
absol,champions,train,rest,0,,
absol,champions,train,rock-slide,0,,
absol,champions,train,substitute,0,,
absol,champions,train,thief,0,,
absol,champions,train,snore,0,,
absol,champions,train,curse,0,,
absol,champions,train,protect,0,,
absol,champions,train,perish-song,0,,
absol,champions,train,icy-wind,0,,
absol,champions,train,detect,0,,
absol,champions,train,sandstorm,0,,
absol,champions,train,endure,0,,
absol,champions,train,mean-look,0,,
absol,champions,train,attract,0,,
absol,champions,train,sleep-talk,0,,
absol,champions,train,megahorn,0,,
absol,champions,train,baton-pass,0,,
absol,champions,train,iron-tail,0,,
absol,champions,train,rain-dance,0,,
absol,champions,train,sunny-day,0,,
absol,champions,train,shadow-ball,0,,
absol,champions,train,future-sight,0,,
absol,champions,train,will-o-wisp,0,,
absol,champions,train,facade,0,,
absol,champions,train,taunt,0,,
absol,champions,train,superpower,0,,
absol,champions,train,knock-off,0,,
absol,champions,train,rock-tomb,0,,
absol,champions,train,aerial-ace,0,,
absol,champions,train,bounce,0,,
absol,champions,train,calm-mind,0,,
absol,champions,train,feint,0,,
absol,champions,train,close-combat,0,,
absol,champions,train,payback,0,,
absol,champions,train,assurance,0,,
absol,champions,train,sucker-punch,0,,
absol,champions,train,dark-pulse,0,,
absol,champions,train,night-slash,0,,
absol,champions,train,air-slash,0,,
absol,champions,train,x-scissor,0,,
absol,champions,train,giga-impact,0,,
absol,champions,train,shadow-claw,0,,
absol,champions,train,shadow-sneak,0,,
absol,champions,train,psycho-cut,0,,
absol,champions,train,zen-headbutt,0,,
absol,champions,train,stone-edge,0,,
absol,champions,train,foul-play,0,,
absol,champions,train,round,0,,
absol,champions,train,hex,0,,
absol,champions,train,snarl,0,,
absol,champions,train,phantom-force,0,,
absol,champions,train,play-rough,0,,
absol,champions,train,throat-chop,0,,
absol,champions,train,brutal-swing,0,,
absol,champions,train,trailblaze,0,,
glalie,champions,train,body-slam,0,,
glalie,champions,train,bite,0,,
glalie,champions,train,disable,0,,
glalie,champions,train,ice-beam,0,,
glalie,champions,train,blizzard,0,,
glalie,champions,train,hyper-beam,0,,
glalie,champions,train,earthquake,0,,
glalie,champions,train,double-team,0,,
glalie,champions,train,light-screen,0,,
glalie,champions,train,self-destruct,0,,
glalie,champions,train,explosion,0,,
glalie,champions,train,rest,0,,
glalie,champions,train,substitute,0,,
glalie,champions,train,snore,0,,
glalie,champions,train,spite,0,,
glalie,champions,train,protect,0,,
glalie,champions,train,scary-face,0,,
glalie,champions,train,spikes,0,,
glalie,champions,train,icy-wind,0,,
glalie,champions,train,endure,0,,
glalie,champions,train,sleep-talk,0,,
glalie,champions,train,rain-dance,0,,
glalie,champions,train,crunch,0,,
glalie,champions,train,shadow-ball,0,,
glalie,champions,train,facade,0,,
glalie,champions,train,taunt,0,,
glalie,champions,train,helping-hand,0,,
glalie,champions,train,weather-ball,0,,
glalie,champions,train,fake-tears,0,,
glalie,champions,train,sheer-cold,0,,
glalie,champions,train,icicle-spear,0,,
glalie,champions,train,block,0,,
glalie,champions,train,water-pulse,0,,
glalie,champions,train,gyro-ball,0,,
glalie,champions,train,payback,0,,
glalie,champions,train,dark-pulse,0,,
glalie,champions,train,switcheroo,0,,
glalie,champions,train,giga-impact,0,,
glalie,champions,train,avalanche,0,,
glalie,champions,train,ice-shard,0,,
glalie,champions,train,ice-fang,0,,
glalie,champions,train,iron-head,0,,
glalie,champions,train,foul-play,0,,
glalie,champions,train,round,0,,
glalie,champions,train,hex,0,,
glalie,champions,train,bulldoze,0,,
glalie,champions,train,frost-breath,0,,
glalie,champions,train,icicle-crash,0,,
glalie,champions,train,freeze-dry,0,,
glalie,champions,train,steel-roller,0,,
glalie,champions,train,ice-spinner,0,,
glalie,champions,train,snowscape,0,,
glalie,champions,train,trailblaze,0,,
glalie,champions,train,chilling-water,0,,
metagross,champions,train,ice-punch,0,,
metagross,champions,train,thunder-punch,0,,
metagross,champions,train,body-slam,0,,
metagross,champions,train,double-edge,0,,
metagross,champions,train,hyper-beam,0,,
metagross,champions,train,earthquake,0,,
metagross,champions,train,psychic,0,,
metagross,champions,train,agility,0,,
metagross,champions,train,light-screen,0,,
metagross,champions,train,reflect,0,,
metagross,champions,train,self-destruct,0,,
metagross,champions,train,explosion,0,,
metagross,champions,train,rest,0,,
metagross,champions,train,rock-slide,0,,
metagross,champions,train,substitute,0,,
metagross,champions,train,snore,0,,
metagross,champions,train,protect,0,,
metagross,champions,train,scary-face,0,,
metagross,champions,train,sludge-bomb,0,,
metagross,champions,train,mud-slap,0,,
metagross,champions,train,icy-wind,0,,
metagross,champions,train,sandstorm,0,,
metagross,champions,train,endure,0,,
metagross,champions,train,swagger,0,,
metagross,champions,train,sleep-talk,0,,
metagross,champions,train,rain-dance,0,,
metagross,champions,train,sunny-day,0,,
metagross,champions,train,psych-up,0,,
metagross,champions,train,shadow-ball,0,,
metagross,champions,train,future-sight,0,,
metagross,champions,train,facade,0,,
metagross,champions,train,focus-punch,0,,
metagross,champions,train,trick,0,,
metagross,champions,train,brick-break,0,,
metagross,champions,train,meteor-mash,0,,
metagross,champions,train,rock-tomb,0,,
metagross,champions,train,cosmic-power,0,,
metagross,champions,train,shadow-punch,0,,
metagross,champions,train,aerial-ace,0,,
metagross,champions,train,iron-defense,0,,
metagross,champions,train,gravity,0,,
metagross,champions,train,hammer-arm,0,,
metagross,champions,train,gyro-ball,0,,
metagross,champions,train,magnet-rise,0,,
metagross,champions,train,giga-impact,0,,
metagross,champions,train,bullet-punch,0,,
metagross,champions,train,shadow-claw,0,,
metagross,champions,train,psycho-cut,0,,
metagross,champions,train,zen-headbutt,0,,
metagross,champions,train,flash-cannon,0,,
metagross,champions,train,iron-head,0,,
metagross,champions,train,stone-edge,0,,
metagross,champions,train,stealth-rock,0,,
metagross,champions,train,grass-knot,0,,
metagross,champions,train,psyshock,0,,
metagross,champions,train,round,0,,
metagross,champions,train,bulldoze,0,,
metagross,champions,train,brutal-swing,0,,
metagross,champions,train,psychic-fangs,0,,
metagross,champions,train,stomping-tantrum,0,,
metagross,champions,train,body-press,0,,
metagross,champions,train,steel-beam,0,,
metagross,champions,train,expanding-force,0,,
metagross,champions,train,steel-roller,0,,
metagross,champions,train,meteor-beam,0,,
metagross,champions,train,trailblaze,0,,
metagross,champions,train,hard-press,0,,
metagross,champions,train,psychic-noise,0,,
torterra,champions,train,swords-dance,0,,
torterra,champions,train,body-slam,0,,
torterra,champions,train,thrash,0,,
torterra,champions,train,double-edge,0,,
torterra,champions,train,bite,0,,
torterra,champions,train,roar,0,,
torterra,champions,train,hyper-beam,0,,
torterra,champions,train,leech-seed,0,,
torterra,champions,train,growth,0,,
torterra,champions,train,solar-beam,0,,
torterra,champions,train,earthquake,0,,
torterra,champions,train,light-screen,0,,
torterra,champions,train,reflect,0,,
torterra,champions,train,amnesia,0,,
torterra,champions,train,rest,0,,
torterra,champions,train,rock-slide,0,,
torterra,champions,train,substitute,0,,
torterra,champions,train,snore,0,,
torterra,champions,train,curse,0,,
torterra,champions,train,protect,0,,
torterra,champions,train,scary-face,0,,
torterra,champions,train,mud-slap,0,,
torterra,champions,train,outrage,0,,
torterra,champions,train,sandstorm,0,,
torterra,champions,train,giga-drain,0,,
torterra,champions,train,endure,0,,
torterra,champions,train,attract,0,,
torterra,champions,train,sleep-talk,0,,
torterra,champions,train,synthesis,0,,
torterra,champions,train,sunny-day,0,,
torterra,champions,train,crunch,0,,
torterra,champions,train,stockpile,0,,
torterra,champions,train,spit-up,0,,
torterra,champions,train,swallow,0,,
torterra,champions,train,facade,0,,
torterra,champions,train,superpower,0,,
torterra,champions,train,hyper-voice,0,,
torterra,champions,train,rock-tomb,0,,
torterra,champions,train,tickle,0,,
torterra,champions,train,sand-tomb,0,,
torterra,champions,train,bullet-seed,0,,
torterra,champions,train,iron-defense,0,,
torterra,champions,train,frenzy-plant,0,,
torterra,champions,train,mud-shot,0,,
torterra,champions,train,rock-blast,0,,
torterra,champions,train,worry-seed,0,,
torterra,champions,train,seed-bomb,0,,
torterra,champions,train,energy-ball,0,,
torterra,champions,train,earth-power,0,,
torterra,champions,train,giga-impact,0,,
torterra,champions,train,zen-headbutt,0,,
torterra,champions,train,leaf-storm,0,,
torterra,champions,train,iron-head,0,,
torterra,champions,train,stone-edge,0,,
torterra,champions,train,stealth-rock,0,,
torterra,champions,train,grass-knot,0,,
torterra,champions,train,wood-hammer,0,,
torterra,champions,train,wide-guard,0,,
torterra,champions,train,smack-down,0,,
torterra,champions,train,heavy-slam,0,,
torterra,champions,train,round,0,,
torterra,champions,train,shell-smash,0,,
torterra,champions,train,bulldoze,0,,
torterra,champions,train,grassy-terrain,0,,
torterra,champions,train,high-horsepower,0,,
torterra,champions,train,stomping-tantrum,0,,
torterra,champions,train,body-press,0,,
torterra,champions,train,grassy-glide,0,,
torterra,champions,train,scorching-sands,0,,
torterra,champions,train,headlong-rush,0,,
torterra,champions,train,trailblaze,0,,
torterra,champions,train,hard-press,0,,
infernape,champions,train,fire-punch,0,,
infernape,champions,train,thunder-punch,0,,
infernape,champions,train,swords-dance,0,,
infernape,champions,train,body-slam,0,,
infernape,champions,train,double-edge,0,,
infernape,champions,train,roar,0,,
infernape,champions,train,flamethrower,0,,
infernape,champions,train,hyper-beam,0,,
infernape,champions,train,low-kick,0,,
infernape,champions,train,counter,0,,
infernape,champions,train,solar-beam,0,,
infernape,champions,train,fire-spin,0,,
infernape,champions,train,earthquake,0,,
infernape,champions,train,dig,0,,
infernape,champions,train,agility,0,,
infernape,champions,train,focus-energy,0,,
infernape,champions,train,fire-blast,0,,
infernape,champions,train,rest,0,,
infernape,champions,train,rock-slide,0,,
infernape,champions,train,substitute,0,,
infernape,champions,train,thief,0,,
infernape,champions,train,snore,0,,
infernape,champions,train,reversal,0,,
infernape,champions,train,protect,0,,
infernape,champions,train,mach-punch,0,,
infernape,champions,train,scary-face,0,,
infernape,champions,train,mud-slap,0,,
infernape,champions,train,endure,0,,
infernape,champions,train,attract,0,,
infernape,champions,train,sleep-talk,0,,
infernape,champions,train,encore,0,,
infernape,champions,train,iron-tail,0,,
infernape,champions,train,sunny-day,0,,
infernape,champions,train,psych-up,0,,
infernape,champions,train,fake-out,0,,
infernape,champions,train,uproar,0,,
infernape,champions,train,heat-wave,0,,
infernape,champions,train,torment,0,,
infernape,champions,train,will-o-wisp,0,,
infernape,champions,train,facade,0,,
infernape,champions,train,focus-punch,0,,
infernape,champions,train,taunt,0,,
infernape,champions,train,helping-hand,0,,
infernape,champions,train,brick-break,0,,
infernape,champions,train,knock-off,0,,
infernape,champions,train,endeavor,0,,
infernape,champions,train,blaze-kick,0,,
infernape,champions,train,slack-off,0,,
infernape,champions,train,blast-burn,0,,
infernape,champions,train,fake-tears,0,,
infernape,champions,train,overheat,0,,
infernape,champions,train,rock-tomb,0,,
infernape,champions,train,aerial-ace,0,,
infernape,champions,train,bulk-up,0,,
infernape,champions,train,calm-mind,0,,
infernape,champions,train,feint,0,,
infernape,champions,train,u-turn,0,,
infernape,champions,train,close-combat,0,,
infernape,champions,train,fling,0,,
infernape,champions,train,flare-blitz,0,,
infernape,champions,train,aura-sphere,0,,
infernape,champions,train,poison-jab,0,,
infernape,champions,train,drain-punch,0,,
infernape,champions,train,vacuum-wave,0,,
infernape,champions,train,focus-blast,0,,
infernape,champions,train,switcheroo,0,,
infernape,champions,train,giga-impact,0,,
infernape,champions,train,nasty-plot,0,,
infernape,champions,train,shadow-claw,0,,
infernape,champions,train,zen-headbutt,0,,
infernape,champions,train,gunk-shot,0,,
infernape,champions,train,stone-edge,0,,
infernape,champions,train,stealth-rock,0,,
infernape,champions,train,grass-knot,0,,
infernape,champions,train,smack-down,0,,
infernape,champions,train,flame-charge,0,,
infernape,champions,train,low-sweep,0,,
infernape,champions,train,round,0,,
infernape,champions,train,acrobatics,0,,
infernape,champions,train,bulldoze,0,,
infernape,champions,train,throat-chop,0,,
infernape,champions,train,burning-jealousy,0,,
infernape,champions,train,lash-out,0,,
infernape,champions,train,coaching,0,,
infernape,champions,train,scorching-sands,0,,
infernape,champions,train,raging-fury,0,,
infernape,champions,train,temper-flare,0,,
infernape,champions,train,upper-hand,0,,
empoleon,champions,train,swords-dance,0,,
empoleon,champions,train,body-slam,0,,
empoleon,champions,train,double-edge,0,,
empoleon,champions,train,roar,0,,
empoleon,champions,train,hydro-pump,0,,
empoleon,champions,train,surf,0,,
empoleon,champions,train,ice-beam,0,,
empoleon,champions,train,blizzard,0,,
empoleon,champions,train,hyper-beam,0,,
empoleon,champions,train,drill-peck,0,,
empoleon,champions,train,earthquake,0,,
empoleon,champions,train,dig,0,,
empoleon,champions,train,agility,0,,
empoleon,champions,train,haze,0,,
empoleon,champions,train,waterfall,0,,
empoleon,champions,train,rest,0,,
empoleon,champions,train,rock-slide,0,,
empoleon,champions,train,substitute,0,,
empoleon,champions,train,snore,0,,
empoleon,champions,train,protect,0,,
empoleon,champions,train,scary-face,0,,
empoleon,champions,train,mud-slap,0,,
empoleon,champions,train,icy-wind,0,,
empoleon,champions,train,endure,0,,
empoleon,champions,train,charm,0,,
empoleon,champions,train,swagger,0,,
empoleon,champions,train,steel-wing,0,,
empoleon,champions,train,attract,0,,
empoleon,champions,train,sleep-talk,0,,
empoleon,champions,train,rain-dance,0,,
empoleon,champions,train,psych-up,0,,
empoleon,champions,train,whirlpool,0,,
empoleon,champions,train,uproar,0,,
empoleon,champions,train,facade,0,,
empoleon,champions,train,helping-hand,0,,
empoleon,champions,train,brick-break,0,,
empoleon,champions,train,yawn,0,,
empoleon,champions,train,knock-off,0,,
empoleon,champions,train,dive,0,,
empoleon,champions,train,feather-dance,0,,
empoleon,champions,train,hydro-cannon,0,,
empoleon,champions,train,weather-ball,0,,
empoleon,champions,train,air-cutter,0,,
empoleon,champions,train,rock-tomb,0,,
empoleon,champions,train,metal-sound,0,,
empoleon,champions,train,aerial-ace,0,,
empoleon,champions,train,iron-defense,0,,
empoleon,champions,train,water-pulse,0,,
empoleon,champions,train,roost,0,,
empoleon,champions,train,fling,0,,
empoleon,champions,train,aqua-ring,0,,
empoleon,champions,train,air-slash,0,,
empoleon,champions,train,vacuum-wave,0,,
empoleon,champions,train,giga-impact,0,,
empoleon,champions,train,avalanche,0,,
empoleon,champions,train,shadow-claw,0,,
empoleon,champions,train,flash-cannon,0,,
empoleon,champions,train,stealth-rock,0,,
empoleon,champions,train,grass-knot,0,,
empoleon,champions,train,aqua-jet,0,,
empoleon,champions,train,round,0,,
empoleon,champions,train,bulldoze,0,,
empoleon,champions,train,throat-chop,0,,
empoleon,champions,train,power-trip,0,,
empoleon,champions,train,liquidation,0,,
empoleon,champions,train,steel-beam,0,,
empoleon,champions,train,lash-out,0,,
empoleon,champions,train,flip-turn,0,,
empoleon,champions,train,triple-axel,0,,
empoleon,champions,train,dual-wingbeat,0,,
empoleon,champions,train,wave-crash,0,,
empoleon,champions,train,ice-spinner,0,,
empoleon,champions,train,snowscape,0,,
empoleon,champions,train,chilling-water,0,,
staraptor,champions,train,whirlwind,0,,
staraptor,champions,train,fly,0,,
staraptor,champions,train,double-edge,0,,
staraptor,champions,train,hyper-beam,0,,
staraptor,champions,train,agility,0,,
staraptor,champions,train,quick-attack,0,,
staraptor,champions,train,double-team,0,,
staraptor,champions,train,sky-attack,0,,
staraptor,champions,train,rest,0,,
staraptor,champions,train,substitute,0,,
staraptor,champions,train,thief,0,,
staraptor,champions,train,snore,0,,
staraptor,champions,train,protect,0,,
staraptor,champions,train,endure,0,,
staraptor,champions,train,swagger,0,,
staraptor,champions,train,steel-wing,0,,
staraptor,champions,train,sleep-talk,0,,
staraptor,champions,train,rain-dance,0,,
staraptor,champions,train,sunny-day,0,,
staraptor,champions,train,uproar,0,,
staraptor,champions,train,heat-wave,0,,
staraptor,champions,train,facade,0,,
staraptor,champions,train,helping-hand,0,,
staraptor,champions,train,brick-break,0,,
staraptor,champions,train,endeavor,0,,
staraptor,champions,train,feather-dance,0,,
staraptor,champions,train,blaze-kick,0,,
staraptor,champions,train,air-cutter,0,,
staraptor,champions,train,aerial-ace,0,,
staraptor,champions,train,bulk-up,0,,
staraptor,champions,train,roost,0,,
staraptor,champions,train,tailwind,0,,
staraptor,champions,train,u-turn,0,,
staraptor,champions,train,close-combat,0,,
staraptor,champions,train,air-slash,0,,
staraptor,champions,train,focus-blast,0,,
staraptor,champions,train,brave-bird,0,,
staraptor,champions,train,giga-impact,0,,
staraptor,champions,train,round,0,,
staraptor,champions,train,acrobatics,0,,
staraptor,champions,train,final-gambit,0,,
staraptor,champions,train,hurricane,0,,
staraptor,champions,train,dual-wingbeat,0,,
luxray,champions,train,body-slam,0,,
luxray,champions,train,double-edge,0,,
luxray,champions,train,bite,0,,
luxray,champions,train,roar,0,,
luxray,champions,train,hyper-beam,0,,
luxray,champions,train,thunderbolt,0,,
luxray,champions,train,thunder-wave,0,,
luxray,champions,train,thunder,0,,
luxray,champions,train,agility,0,,
luxray,champions,train,quick-attack,0,,
luxray,champions,train,confuse-ray,0,,
luxray,champions,train,light-screen,0,,
luxray,champions,train,rest,0,,
luxray,champions,train,substitute,0,,
luxray,champions,train,thief,0,,
luxray,champions,train,snore,0,,
luxray,champions,train,protect,0,,
luxray,champions,train,scary-face,0,,
luxray,champions,train,endure,0,,
luxray,champions,train,swagger,0,,
luxray,champions,train,sleep-talk,0,,
luxray,champions,train,iron-tail,0,,
luxray,champions,train,rain-dance,0,,
luxray,champions,train,sunny-day,0,,
luxray,champions,train,crunch,0,,
luxray,champions,train,facade,0,,
luxray,champions,train,charge,0,,
luxray,champions,train,helping-hand,0,,
luxray,champions,train,superpower,0,,
luxray,champions,train,fake-tears,0,,
luxray,champions,train,howl,0,,
luxray,champions,train,night-slash,0,,
luxray,champions,train,giga-impact,0,,
luxray,champions,train,thunder-fang,0,,
luxray,champions,train,ice-fang,0,,
luxray,champions,train,fire-fang,0,,
luxray,champions,train,discharge,0,,
luxray,champions,train,charge-beam,0,,
luxray,champions,train,electro-ball,0,,
luxray,champions,train,round,0,,
luxray,champions,train,volt-switch,0,,
luxray,champions,train,electroweb,0,,
luxray,champions,train,wild-charge,0,,
luxray,champions,train,snarl,0,,
luxray,champions,train,play-rough,0,,
luxray,champions,train,eerie-impulse,0,,
luxray,champions,train,electric-terrain,0,,
luxray,champions,train,baby-doll-eyes,0,,
luxray,champions,train,throat-chop,0,,
luxray,champions,train,psychic-fangs,0,,
luxray,champions,train,rising-voltage,0,,
luxray,champions,train,trailblaze,0,,
luxray,champions,train,supercell-slam,0,,
roserade,champions,train,swords-dance,0,,
roserade,champions,train,body-slam,0,,
roserade,champions,train,pin-missile,0,,
roserade,champions,train,hyper-beam,0,,
roserade,champions,train,leech-seed,0,,
roserade,champions,train,growth,0,,
roserade,champions,train,solar-beam,0,,
roserade,champions,train,stun-spore,0,,
roserade,champions,train,sleep-powder,0,,
roserade,champions,train,petal-dance,0,,
roserade,champions,train,toxic,0,,
roserade,champions,train,rest,0,,
roserade,champions,train,substitute,0,,
roserade,champions,train,snore,0,,
roserade,champions,train,cotton-spore,0,,
roserade,champions,train,protect,0,,
roserade,champions,train,sludge-bomb,0,,
roserade,champions,train,spikes,0,,
roserade,champions,train,giga-drain,0,,
roserade,champions,train,endure,0,,
roserade,champions,train,charm,0,,
roserade,champions,train,attract,0,,
roserade,champions,train,sleep-talk,0,,
roserade,champions,train,sweet-scent,0,,
roserade,champions,train,synthesis,0,,
roserade,champions,train,rain-dance,0,,
roserade,champions,train,sunny-day,0,,
roserade,champions,train,shadow-ball,0,,
roserade,champions,train,uproar,0,,
roserade,champions,train,facade,0,,
roserade,champions,train,ingrain,0,,
roserade,champions,train,weather-ball,0,,
roserade,champions,train,extrasensory,0,,
roserade,champions,train,bullet-seed,0,,
roserade,champions,train,worry-seed,0,,
roserade,champions,train,toxic-spikes,0,,
roserade,champions,train,poison-jab,0,,
roserade,champions,train,seed-bomb,0,,
roserade,champions,train,energy-ball,0,,
roserade,champions,train,giga-impact,0,,
roserade,champions,train,leaf-storm,0,,
roserade,champions,train,power-whip,0,,
roserade,champions,train,grass-knot,0,,
roserade,champions,train,venoshock,0,,
roserade,champions,train,round,0,,
roserade,champions,train,petal-blizzard,0,,
roserade,champions,train,grassy-terrain,0,,
roserade,champions,train,dazzling-gleam,0,,
roserade,champions,train,life-dew,0,,
roserade,champions,train,grassy-glide,0,,
roserade,champions,train,trailblaze,0,,
rampardos,champions,train,fire-punch,0,,
rampardos,champions,train,thunder-punch,0,,
rampardos,champions,train,swords-dance,0,,
rampardos,champions,train,whirlwind,0,,
rampardos,champions,train,body-slam,0,,
rampardos,champions,train,thrash,0,,
rampardos,champions,train,double-edge,0,,
rampardos,champions,train,roar,0,,
rampardos,champions,train,flamethrower,0,,
rampardos,champions,train,surf,0,,
rampardos,champions,train,ice-beam,0,,
rampardos,champions,train,blizzard,0,,
rampardos,champions,train,hyper-beam,0,,
rampardos,champions,train,thunderbolt,0,,
rampardos,champions,train,thunder,0,,
rampardos,champions,train,earthquake,0,,
rampardos,champions,train,dig,0,,
rampardos,champions,train,screech,0,,
rampardos,champions,train,focus-energy,0,,
rampardos,champions,train,fire-blast,0,,
rampardos,champions,train,rest,0,,
rampardos,champions,train,rock-slide,0,,
rampardos,champions,train,substitute,0,,
rampardos,champions,train,thief,0,,
rampardos,champions,train,snore,0,,
rampardos,champions,train,curse,0,,
rampardos,champions,train,protect,0,,
rampardos,champions,train,scary-face,0,,
rampardos,champions,train,mud-slap,0,,
rampardos,champions,train,outrage,0,,
rampardos,champions,train,sandstorm,0,,
rampardos,champions,train,endure,0,,
rampardos,champions,train,attract,0,,
rampardos,champions,train,sleep-talk,0,,
rampardos,champions,train,iron-tail,0,,
rampardos,champions,train,rain-dance,0,,
rampardos,champions,train,sunny-day,0,,
rampardos,champions,train,crunch,0,,
rampardos,champions,train,ancient-power,0,,
rampardos,champions,train,uproar,0,,
rampardos,champions,train,facade,0,,
rampardos,champions,train,focus-punch,0,,
rampardos,champions,train,superpower,0,,
rampardos,champions,train,brick-break,0,,
rampardos,champions,train,endeavor,0,,
rampardos,champions,train,rock-tomb,0,,
rampardos,champions,train,dragon-claw,0,,
rampardos,champions,train,rock-blast,0,,
rampardos,champions,train,hammer-arm,0,,
rampardos,champions,train,payback,0,,
rampardos,champions,train,assurance,0,,
rampardos,champions,train,fling,0,,
rampardos,champions,train,dragon-pulse,0,,
rampardos,champions,train,focus-blast,0,,
rampardos,champions,train,earth-power,0,,
rampardos,champions,train,giga-impact,0,,
rampardos,champions,train,avalanche,0,,
rampardos,champions,train,zen-headbutt,0,,
rampardos,champions,train,iron-head,0,,
rampardos,champions,train,stone-edge,0,,
rampardos,champions,train,stealth-rock,0,,
rampardos,champions,train,head-smash,0,,
rampardos,champions,train,smack-down,0,,
rampardos,champions,train,heavy-slam,0,,
rampardos,champions,train,round,0,,
rampardos,champions,train,bulldoze,0,,
rampardos,champions,train,dragon-tail,0,,
rampardos,champions,train,stomping-tantrum,0,,
rampardos,champions,train,body-press,0,,
rampardos,champions,train,breaking-swipe,0,,
rampardos,champions,train,meteor-beam,0,,
rampardos,champions,train,trailblaze,0,,
rampardos,champions,train,dragon-cheer,0,,
rampardos,champions,train,supercell-slam,0,,
bastiodon,champions,train,body-slam,0,,
bastiodon,champions,train,double-edge,0,,
bastiodon,champions,train,roar,0,,
bastiodon,champions,train,flamethrower,0,,
bastiodon,champions,train,ice-beam,0,,
bastiodon,champions,train,blizzard,0,,
bastiodon,champions,train,hyper-beam,0,,
bastiodon,champions,train,counter,0,,
bastiodon,champions,train,thunderbolt,0,,
bastiodon,champions,train,thunder,0,,
bastiodon,champions,train,earthquake,0,,
bastiodon,champions,train,fissure,0,,
bastiodon,champions,train,dig,0,,
bastiodon,champions,train,screech,0,,
bastiodon,champions,train,reflect,0,,
bastiodon,champions,train,focus-energy,0,,
bastiodon,champions,train,fire-blast,0,,
bastiodon,champions,train,rest,0,,
bastiodon,champions,train,rock-slide,0,,
bastiodon,champions,train,substitute,0,,
bastiodon,champions,train,snore,0,,
bastiodon,champions,train,curse,0,,
bastiodon,champions,train,reversal,0,,
bastiodon,champions,train,protect,0,,
bastiodon,champions,train,scary-face,0,,
bastiodon,champions,train,mud-slap,0,,
bastiodon,champions,train,outrage,0,,
bastiodon,champions,train,sandstorm,0,,
bastiodon,champions,train,endure,0,,
bastiodon,champions,train,swagger,0,,
bastiodon,champions,train,attract,0,,
bastiodon,champions,train,sleep-talk,0,,
bastiodon,champions,train,iron-tail,0,,
bastiodon,champions,train,rain-dance,0,,
bastiodon,champions,train,sunny-day,0,,
bastiodon,champions,train,ancient-power,0,,
bastiodon,champions,train,facade,0,,
bastiodon,champions,train,taunt,0,,
bastiodon,champions,train,rock-tomb,0,,
bastiodon,champions,train,metal-sound,0,,
bastiodon,champions,train,sand-tomb,0,,
bastiodon,champions,train,iron-defense,0,,
bastiodon,champions,train,block,0,,
bastiodon,champions,train,rock-blast,0,,
bastiodon,champions,train,metal-burst,0,,
bastiodon,champions,train,power-gem,0,,
bastiodon,champions,train,earth-power,0,,
bastiodon,champions,train,giga-impact,0,,
bastiodon,champions,train,avalanche,0,,
bastiodon,champions,train,flash-cannon,0,,
bastiodon,champions,train,iron-head,0,,
bastiodon,champions,train,stone-edge,0,,
bastiodon,champions,train,stealth-rock,0,,
bastiodon,champions,train,wide-guard,0,,
bastiodon,champions,train,guard-split,0,,
bastiodon,champions,train,smack-down,0,,
bastiodon,champions,train,heavy-slam,0,,
bastiodon,champions,train,foul-play,0,,
bastiodon,champions,train,round,0,,
bastiodon,champions,train,bulldoze,0,,
bastiodon,champions,train,stomping-tantrum,0,,
bastiodon,champions,train,body-press,0,,
bastiodon,champions,train,steel-beam,0,,
bastiodon,champions,train,steel-roller,0,,
bastiodon,champions,train,meteor-beam,0,,
bastiodon,champions,train,scorching-sands,0,,
bastiodon,champions,train,trailblaze,0,,
bastiodon,champions,train,hard-press,0,,
lopunny,champions,train,fire-punch,0,,
lopunny,champions,train,ice-punch,0,,
lopunny,champions,train,thunder-punch,0,,
lopunny,champions,train,swords-dance,0,,
lopunny,champions,train,mega-kick,0,,
lopunny,champions,train,ice-beam,0,,
lopunny,champions,train,blizzard,0,,
lopunny,champions,train,hyper-beam,0,,
lopunny,champions,train,low-kick,0,,
lopunny,champions,train,solar-beam,0,,
lopunny,champions,train,thunderbolt,0,,
lopunny,champions,train,thunder-wave,0,,
lopunny,champions,train,thunder,0,,
lopunny,champions,train,dig,0,,
lopunny,champions,train,agility,0,,
lopunny,champions,train,quick-attack,0,,
lopunny,champions,train,high-jump-kick,0,,
lopunny,champions,train,rest,0,,
lopunny,champions,train,substitute,0,,
lopunny,champions,train,snore,0,,
lopunny,champions,train,flail,0,,
lopunny,champions,train,reversal,0,,
lopunny,champions,train,protect,0,,
lopunny,champions,train,mach-punch,0,,
lopunny,champions,train,sweet-kiss,0,,
lopunny,champions,train,endure,0,,
lopunny,champions,train,charm,0,,
lopunny,champions,train,attract,0,,
lopunny,champions,train,sleep-talk,0,,
lopunny,champions,train,dynamic-punch,0,,
lopunny,champions,train,baton-pass,0,,
lopunny,champions,train,encore,0,,
lopunny,champions,train,iron-tail,0,,
lopunny,champions,train,rain-dance,0,,
lopunny,champions,train,sunny-day,0,,
lopunny,champions,train,mirror-coat,0,,
lopunny,champions,train,shadow-ball,0,,
lopunny,champions,train,fake-out,0,,
lopunny,champions,train,uproar,0,,
lopunny,champions,train,flatter,0,,
lopunny,champions,train,facade,0,,
lopunny,champions,train,focus-punch,0,,
lopunny,champions,train,helping-hand,0,,
lopunny,champions,train,teeter-dance,0,,
lopunny,champions,train,hyper-voice,0,,
lopunny,champions,train,fake-tears,0,,
lopunny,champions,train,cosmic-power,0,,
lopunny,champions,train,bounce,0,,
lopunny,champions,train,healing-wish,0,,
lopunny,champions,train,u-turn,0,,
lopunny,champions,train,close-combat,0,,
lopunny,champions,train,payback,0,,
lopunny,champions,train,assurance,0,,
lopunny,champions,train,fling,0,,
lopunny,champions,train,copycat,0,,
lopunny,champions,train,aura-sphere,0,,
lopunny,champions,train,drain-punch,0,,
lopunny,champions,train,focus-blast,0,,
lopunny,champions,train,switcheroo,0,,
lopunny,champions,train,giga-impact,0,,
lopunny,champions,train,grass-knot,0,,
lopunny,champions,train,double-hit,0,,
lopunny,champions,train,low-sweep,0,,
lopunny,champions,train,entrainment,0,,
lopunny,champions,train,after-you,0,,
lopunny,champions,train,round,0,,
lopunny,champions,train,circle-throw,0,,
lopunny,champions,train,acrobatics,0,,
lopunny,champions,train,cotton-guard,0,,
lopunny,champions,train,draining-kiss,0,,
lopunny,champions,train,play-rough,0,,
lopunny,champions,train,baby-doll-eyes,0,,
lopunny,champions,train,brutal-swing,0,,
lopunny,champions,train,triple-axel,0,,
lopunny,champions,train,pounce,0,,
lopunny,champions,train,trailblaze,0,,
spiritomb,champions,train,body-slam,0,,
spiritomb,champions,train,disable,0,,
spiritomb,champions,train,hyper-beam,0,,
spiritomb,champions,train,toxic,0,,
spiritomb,champions,train,psychic,0,,
spiritomb,champions,train,hypnosis,0,,
spiritomb,champions,train,night-shade,0,,
spiritomb,champions,train,confuse-ray,0,,
spiritomb,champions,train,rest,0,,
spiritomb,champions,train,substitute,0,,
spiritomb,champions,train,thief,0,,
spiritomb,champions,train,snore,0,,
spiritomb,champions,train,curse,0,,
spiritomb,champions,train,spite,0,,
spiritomb,champions,train,protect,0,,
spiritomb,champions,train,scary-face,0,,
spiritomb,champions,train,destiny-bond,0,,
spiritomb,champions,train,icy-wind,0,,
spiritomb,champions,train,endure,0,,
spiritomb,champions,train,sleep-talk,0,,
spiritomb,champions,train,pain-split,0,,
spiritomb,champions,train,rain-dance,0,,
spiritomb,champions,train,sunny-day,0,,
spiritomb,champions,train,shadow-ball,0,,
spiritomb,champions,train,uproar,0,,
spiritomb,champions,train,will-o-wisp,0,,
spiritomb,champions,train,memento,0,,
spiritomb,champions,train,facade,0,,
spiritomb,champions,train,taunt,0,,
spiritomb,champions,train,helping-hand,0,,
spiritomb,champions,train,trick,0,,
spiritomb,champions,train,skill-swap,0,,
spiritomb,champions,train,imprison,0,,
spiritomb,champions,train,rock-tomb,0,,
spiritomb,champions,train,calm-mind,0,,
spiritomb,champions,train,payback,0,,
spiritomb,champions,train,sucker-punch,0,,
spiritomb,champions,train,dark-pulse,0,,
spiritomb,champions,train,giga-impact,0,,
spiritomb,champions,train,nasty-plot,0,,
spiritomb,champions,train,shadow-sneak,0,,
spiritomb,champions,train,trick-room,0,,
spiritomb,champions,train,wonder-room,0,,
spiritomb,champions,train,psyshock,0,,
spiritomb,champions,train,foul-play,0,,
spiritomb,champions,train,round,0,,
spiritomb,champions,train,stored-power,0,,
spiritomb,champions,train,ally-switch,0,,
spiritomb,champions,train,hex,0,,
spiritomb,champions,train,snarl,0,,
spiritomb,champions,train,phantom-force,0,,
spiritomb,champions,train,burning-jealousy,0,,
spiritomb,champions,train,lash-out,0,,
spiritomb,champions,train,poltergeist,0,,
garchomp,champions,train,swords-dance,0,,
garchomp,champions,train,body-slam,0,,
garchomp,champions,train,thrash,0,,
garchomp,champions,train,double-edge,0,,
garchomp,champions,train,bite,0,,
garchomp,champions,train,flamethrower,0,,
garchomp,champions,train,surf,0,,
garchomp,champions,train,hyper-beam,0,,
garchomp,champions,train,earthquake,0,,
garchomp,champions,train,dig,0,,
garchomp,champions,train,fire-blast,0,,
garchomp,champions,train,rest,0,,
garchomp,champions,train,rock-slide,0,,
garchomp,champions,train,substitute,0,,
garchomp,champions,train,snore,0,,
garchomp,champions,train,protect,0,,
garchomp,champions,train,scary-face,0,,
garchomp,champions,train,spikes,0,,
garchomp,champions,train,outrage,0,,
garchomp,champions,train,sandstorm,0,,
garchomp,champions,train,endure,0,,
garchomp,champions,train,sleep-talk,0,,
garchomp,champions,train,iron-tail,0,,
garchomp,champions,train,rain-dance,0,,
garchomp,champions,train,sunny-day,0,,
garchomp,champions,train,crunch,0,,
garchomp,champions,train,facade,0,,
garchomp,champions,train,helping-hand,0,,
garchomp,champions,train,brick-break,0,,
garchomp,champions,train,rock-tomb,0,,
garchomp,champions,train,sand-tomb,0,,
garchomp,champions,train,aerial-ace,0,,
garchomp,champions,train,dragon-claw,0,,
garchomp,champions,train,mud-shot,0,,
garchomp,champions,train,fling,0,,
garchomp,champions,train,poison-jab,0,,
garchomp,champions,train,dragon-pulse,0,,
garchomp,champions,train,dragon-rush,0,,
garchomp,champions,train,power-gem,0,,
garchomp,champions,train,earth-power,0,,
garchomp,champions,train,giga-impact,0,,
garchomp,champions,train,shadow-claw,0,,
garchomp,champions,train,thunder-fang,0,,
garchomp,champions,train,fire-fang,0,,
garchomp,champions,train,draco-meteor,0,,
garchomp,champions,train,iron-head,0,,
garchomp,champions,train,stone-edge,0,,
garchomp,champions,train,stealth-rock,0,,
garchomp,champions,train,round,0,,
garchomp,champions,train,bulldoze,0,,
garchomp,champions,train,dragon-tail,0,,
garchomp,champions,train,brutal-swing,0,,
garchomp,champions,train,stomping-tantrum,0,,
garchomp,champions,train,liquidation,0,,
garchomp,champions,train,breaking-swipe,0,,
garchomp,champions,train,scale-shot,0,,
garchomp,champions,train,scorching-sands,0,,
garchomp,champions,train,dragon-cheer,0,,
lucario,champions,train,ice-punch,0,,
lucario,champions,train,thunder-punch,0,,
lucario,champions,train,swords-dance,0,,
lucario,champions,train,mega-kick,0,,
lucario,champions,train,body-slam,0,,
lucario,champions,train,bite,0,,
lucario,champions,train,roar,0,,
lucario,champions,train,hyper-beam,0,,
lucario,champions,train,low-kick,0,,
lucario,champions,train,counter,0,,
lucario,champions,train,earthquake,0,,
lucario,champions,train,dig,0,,
lucario,champions,train,psychic,0,,
lucario,champions,train,agility,0,,
lucario,champions,train,quick-attack,0,,
lucario,champions,train,screech,0,,
lucario,champions,train,focus-energy,0,,
lucario,champions,train,high-jump-kick,0,,
lucario,champions,train,rest,0,,
lucario,champions,train,rock-slide,0,,
lucario,champions,train,substitute,0,,
lucario,champions,train,snore,0,,
lucario,champions,train,reversal,0,,
lucario,champions,train,protect,0,,
lucario,champions,train,scary-face,0,,
lucario,champions,train,detect,0,,
lucario,champions,train,bone-rush,0,,
lucario,champions,train,endure,0,,
lucario,champions,train,sleep-talk,0,,
lucario,champions,train,iron-tail,0,,
lucario,champions,train,cross-chop,0,,
lucario,champions,train,rain-dance,0,,
lucario,champions,train,sunny-day,0,,
lucario,champions,train,crunch,0,,
lucario,champions,train,psych-up,0,,
lucario,champions,train,extreme-speed,0,,
lucario,champions,train,shadow-ball,0,,
lucario,champions,train,facade,0,,
lucario,champions,train,focus-punch,0,,
lucario,champions,train,helping-hand,0,,
lucario,champions,train,brick-break,0,,
lucario,champions,train,blaze-kick,0,,
lucario,champions,train,meteor-mash,0,,
lucario,champions,train,rock-tomb,0,,
lucario,champions,train,metal-sound,0,,
lucario,champions,train,aerial-ace,0,,
lucario,champions,train,iron-defense,0,,
lucario,champions,train,howl,0,,
lucario,champions,train,bulk-up,0,,
lucario,champions,train,calm-mind,0,,
lucario,champions,train,water-pulse,0,,
lucario,champions,train,feint,0,,
lucario,champions,train,close-combat,0,,
lucario,champions,train,payback,0,,
lucario,champions,train,fling,0,,
lucario,champions,train,copycat,0,,
lucario,champions,train,aura-sphere,0,,
lucario,champions,train,poison-jab,0,,
lucario,champions,train,dark-pulse,0,,
lucario,champions,train,dragon-pulse,0,,
lucario,champions,train,drain-punch,0,,
lucario,champions,train,vacuum-wave,0,,
lucario,champions,train,focus-blast,0,,
lucario,champions,train,giga-impact,0,,
lucario,champions,train,nasty-plot,0,,
lucario,champions,train,bullet-punch,0,,
lucario,champions,train,shadow-claw,0,,
lucario,champions,train,zen-headbutt,0,,
lucario,champions,train,flash-cannon,0,,
lucario,champions,train,stone-edge,0,,
lucario,champions,train,low-sweep,0,,
lucario,champions,train,round,0,,
lucario,champions,train,quick-guard,0,,
lucario,champions,train,heal-pulse,0,,
lucario,champions,train,circle-throw,0,,
lucario,champions,train,final-gambit,0,,
lucario,champions,train,bulldoze,0,,
lucario,champions,train,life-dew,0,,
lucario,champions,train,steel-beam,0,,
lucario,champions,train,terrain-pulse,0,,
lucario,champions,train,coaching,0,,
lucario,champions,train,trailblaze,0,,
lucario,champions,train,upper-hand,0,,
hippowdon,champions,train,whirlwind,0,,
hippowdon,champions,train,body-slam,0,,
hippowdon,champions,train,double-edge,0,,
hippowdon,champions,train,bite,0,,
hippowdon,champions,train,roar,0,,
hippowdon,champions,train,hyper-beam,0,,
hippowdon,champions,train,earthquake,0,,
hippowdon,champions,train,fissure,0,,
hippowdon,champions,train,dig,0,,
hippowdon,champions,train,amnesia,0,,
hippowdon,champions,train,rest,0,,
hippowdon,champions,train,rock-slide,0,,
hippowdon,champions,train,substitute,0,,
hippowdon,champions,train,snore,0,,
hippowdon,champions,train,curse,0,,
hippowdon,champions,train,protect,0,,
hippowdon,champions,train,mud-slap,0,,
hippowdon,champions,train,sandstorm,0,,
hippowdon,champions,train,endure,0,,
hippowdon,champions,train,sleep-talk,0,,
hippowdon,champions,train,sunny-day,0,,
hippowdon,champions,train,crunch,0,,
hippowdon,champions,train,stockpile,0,,
hippowdon,champions,train,spit-up,0,,
hippowdon,champions,train,swallow,0,,
hippowdon,champions,train,facade,0,,
hippowdon,champions,train,helping-hand,0,,
hippowdon,champions,train,superpower,0,,
hippowdon,champions,train,yawn,0,,
hippowdon,champions,train,slack-off,0,,
hippowdon,champions,train,hyper-voice,0,,
hippowdon,champions,train,rock-tomb,0,,
hippowdon,champions,train,sand-tomb,0,,
hippowdon,champions,train,muddy-water,0,,
hippowdon,champions,train,mud-shot,0,,
hippowdon,champions,train,earth-power,0,,
hippowdon,champions,train,giga-impact,0,,
hippowdon,champions,train,thunder-fang,0,,
hippowdon,champions,train,ice-fang,0,,
hippowdon,champions,train,fire-fang,0,,
hippowdon,champions,train,iron-head,0,,
hippowdon,champions,train,stone-edge,0,,
hippowdon,champions,train,stealth-rock,0,,
hippowdon,champions,train,heavy-slam,0,,
hippowdon,champions,train,round,0,,
hippowdon,champions,train,bulldoze,0,,
hippowdon,champions,train,high-horsepower,0,,
hippowdon,champions,train,stomping-tantrum,0,,
hippowdon,champions,train,body-press,0,,
hippowdon,champions,train,scorching-sands,0,,
hippowdon,champions,train,hard-press,0,,
toxicroak,champions,train,ice-punch,0,,
toxicroak,champions,train,thunder-punch,0,,
toxicroak,champions,train,swords-dance,0,,
toxicroak,champions,train,mega-kick,0,,
toxicroak,champions,train,hyper-beam,0,,
toxicroak,champions,train,low-kick,0,,
toxicroak,champions,train,counter,0,,
toxicroak,champions,train,earthquake,0,,
toxicroak,champions,train,dig,0,,
toxicroak,champions,train,toxic,0,,
toxicroak,champions,train,screech,0,,
toxicroak,champions,train,rest,0,,
toxicroak,champions,train,rock-slide,0,,
toxicroak,champions,train,super-fang,0,,
toxicroak,champions,train,substitute,0,,
toxicroak,champions,train,thief,0,,
toxicroak,champions,train,snore,0,,
toxicroak,champions,train,reversal,0,,
toxicroak,champions,train,spite,0,,
toxicroak,champions,train,protect,0,,
toxicroak,champions,train,scary-face,0,,
toxicroak,champions,train,sludge-bomb,0,,
toxicroak,champions,train,mud-slap,0,,
toxicroak,champions,train,icy-wind,0,,
toxicroak,champions,train,endure,0,,
toxicroak,champions,train,swagger,0,,
toxicroak,champions,train,sleep-talk,0,,
toxicroak,champions,train,dynamic-punch,0,,
toxicroak,champions,train,baton-pass,0,,
toxicroak,champions,train,encore,0,,
toxicroak,champions,train,cross-chop,0,,
toxicroak,champions,train,rain-dance,0,,
toxicroak,champions,train,sunny-day,0,,
toxicroak,champions,train,shadow-ball,0,,
toxicroak,champions,train,fake-out,0,,
toxicroak,champions,train,flatter,0,,
toxicroak,champions,train,facade,0,,
toxicroak,champions,train,focus-punch,0,,
toxicroak,champions,train,taunt,0,,
toxicroak,champions,train,helping-hand,0,,
toxicroak,champions,train,brick-break,0,,
toxicroak,champions,train,knock-off,0,,
toxicroak,champions,train,rock-tomb,0,,
toxicroak,champions,train,aerial-ace,0,,
toxicroak,champions,train,bulk-up,0,,
toxicroak,champions,train,bounce,0,,
toxicroak,champions,train,mud-shot,0,,
toxicroak,champions,train,feint,0,,
toxicroak,champions,train,close-combat,0,,
toxicroak,champions,train,payback,0,,
toxicroak,champions,train,assurance,0,,
toxicroak,champions,train,fling,0,,
toxicroak,champions,train,sucker-punch,0,,
toxicroak,champions,train,poison-jab,0,,
toxicroak,champions,train,dark-pulse,0,,
toxicroak,champions,train,x-scissor,0,,
toxicroak,champions,train,drain-punch,0,,
toxicroak,champions,train,vacuum-wave,0,,
toxicroak,champions,train,focus-blast,0,,
toxicroak,champions,train,giga-impact,0,,
toxicroak,champions,train,nasty-plot,0,,
toxicroak,champions,train,bullet-punch,0,,
toxicroak,champions,train,shadow-claw,0,,
toxicroak,champions,train,cross-poison,0,,
toxicroak,champions,train,gunk-shot,0,,
toxicroak,champions,train,stone-edge,0,,
toxicroak,champions,train,venoshock,0,,
toxicroak,champions,train,sludge-wave,0,,
toxicroak,champions,train,low-sweep,0,,
toxicroak,champions,train,acid-spray,0,,
toxicroak,champions,train,foul-play,0,,
toxicroak,champions,train,round,0,,
toxicroak,champions,train,quick-guard,0,,
toxicroak,champions,train,bulldoze,0,,
toxicroak,champions,train,belch,0,,
toxicroak,champions,train,throat-chop,0,,
toxicroak,champions,train,lash-out,0,,
toxicroak,champions,train,corrosive-gas,0,,
toxicroak,champions,train,coaching,0,,
toxicroak,champions,train,chilling-water,0,,
toxicroak,champions,train,upper-hand,0,,
abomasnow,champions,train,ice-punch,0,,
abomasnow,champions,train,swords-dance,0,,
abomasnow,champions,train,mega-kick,0,,
abomasnow,champions,train,body-slam,0,,
abomasnow,champions,train,double-edge,0,,
abomasnow,champions,train,ice-beam,0,,
abomasnow,champions,train,blizzard,0,,
abomasnow,champions,train,hyper-beam,0,,
abomasnow,champions,train,low-kick,0,,
abomasnow,champions,train,leech-seed,0,,
abomasnow,champions,train,growth,0,,
abomasnow,champions,train,solar-beam,0,,
abomasnow,champions,train,earthquake,0,,
abomasnow,champions,train,rest,0,,
abomasnow,champions,train,rock-slide,0,,
abomasnow,champions,train,substitute,0,,
abomasnow,champions,train,snore,0,,
abomasnow,champions,train,curse,0,,
abomasnow,champions,train,protect,0,,
abomasnow,champions,train,scary-face,0,,
abomasnow,champions,train,mud-slap,0,,
abomasnow,champions,train,icy-wind,0,,
abomasnow,champions,train,outrage,0,,
abomasnow,champions,train,giga-drain,0,,
abomasnow,champions,train,endure,0,,
abomasnow,champions,train,swagger,0,,
abomasnow,champions,train,sleep-talk,0,,
abomasnow,champions,train,iron-tail,0,,
abomasnow,champions,train,rain-dance,0,,
abomasnow,champions,train,shadow-ball,0,,
abomasnow,champions,train,facade,0,,
abomasnow,champions,train,focus-punch,0,,
abomasnow,champions,train,helping-hand,0,,
abomasnow,champions,train,ingrain,0,,
abomasnow,champions,train,brick-break,0,,
abomasnow,champions,train,weather-ball,0,,
abomasnow,champions,train,rock-tomb,0,,
abomasnow,champions,train,sheer-cold,0,,
abomasnow,champions,train,bullet-seed,0,,
abomasnow,champions,train,icicle-spear,0,,
abomasnow,champions,train,water-pulse,0,,
abomasnow,champions,train,fling,0,,
abomasnow,champions,train,seed-bomb,0,,
abomasnow,champions,train,focus-blast,0,,
abomasnow,champions,train,energy-ball,0,,
abomasnow,champions,train,earth-power,0,,
abomasnow,champions,train,giga-impact,0,,
abomasnow,champions,train,avalanche,0,,
abomasnow,champions,train,ice-shard,0,,
abomasnow,champions,train,leaf-storm,0,,
abomasnow,champions,train,grass-knot,0,,
abomasnow,champions,train,wood-hammer,0,,
abomasnow,champions,train,round,0,,
abomasnow,champions,train,bulldoze,0,,
abomasnow,champions,train,frost-breath,0,,
abomasnow,champions,train,ice-hammer,0,,
abomasnow,champions,train,aurora-veil,0,,
abomasnow,champions,train,stomping-tantrum,0,,
abomasnow,champions,train,body-press,0,,
abomasnow,champions,train,grassy-glide,0,,
abomasnow,champions,train,ice-spinner,0,,
abomasnow,champions,train,snowscape,0,,
abomasnow,champions,train,trailblaze,0,,
abomasnow,champions,train,chilling-water,0,,
abomasnow,champions,train,hard-press,0,,
weavile,champions,train,ice-punch,0,,
weavile,champions,train,swords-dance,0,,
weavile,champions,train,mega-kick,0,,
weavile,champions,train,bite,0,,
weavile,champions,train,surf,0,,
weavile,champions,train,ice-beam,0,,
weavile,champions,train,blizzard,0,,
weavile,champions,train,hyper-beam,0,,
weavile,champions,train,low-kick,0,,
weavile,champions,train,counter,0,,
weavile,champions,train,dig,0,,
weavile,champions,train,agility,0,,
weavile,champions,train,quick-attack,0,,
weavile,champions,train,screech,0,,
weavile,champions,train,reflect,0,,
weavile,champions,train,rest,0,,
weavile,champions,train,substitute,0,,
weavile,champions,train,thief,0,,
weavile,champions,train,snore,0,,
weavile,champions,train,reversal,0,,
weavile,champions,train,spite,0,,
weavile,champions,train,protect,0,,
weavile,champions,train,scary-face,0,,
weavile,champions,train,icy-wind,0,,
weavile,champions,train,endure,0,,
weavile,champions,train,sleep-talk,0,,
weavile,champions,train,baton-pass,0,,
weavile,champions,train,rain-dance,0,,
weavile,champions,train,sunny-day,0,,
weavile,champions,train,shadow-ball,0,,
weavile,champions,train,beat-up,0,,
weavile,champions,train,fake-out,0,,
weavile,champions,train,facade,0,,
weavile,champions,train,focus-punch,0,,
weavile,champions,train,taunt,0,,
weavile,champions,train,helping-hand,0,,
weavile,champions,train,brick-break,0,,
weavile,champions,train,knock-off,0,,
weavile,champions,train,fake-tears,0,,
weavile,champions,train,aerial-ace,0,,
weavile,champions,train,icicle-spear,0,,
weavile,champions,train,calm-mind,0,,
weavile,champions,train,water-pulse,0,,
weavile,champions,train,feint,0,,
weavile,champions,train,payback,0,,
weavile,champions,train,assurance,0,,
weavile,champions,train,fling,0,,
weavile,champions,train,poison-jab,0,,
weavile,champions,train,dark-pulse,0,,
weavile,champions,train,night-slash,0,,
weavile,champions,train,x-scissor,0,,
weavile,champions,train,focus-blast,0,,
weavile,champions,train,giga-impact,0,,
weavile,champions,train,nasty-plot,0,,
weavile,champions,train,avalanche,0,,
weavile,champions,train,ice-shard,0,,
weavile,champions,train,shadow-claw,0,,
weavile,champions,train,psycho-cut,0,,
weavile,champions,train,double-hit,0,,
weavile,champions,train,low-sweep,0,,
weavile,champions,train,foul-play,0,,
weavile,champions,train,round,0,,
weavile,champions,train,snarl,0,,
weavile,champions,train,icicle-crash,0,,
weavile,champions,train,throat-chop,0,,
weavile,champions,train,lash-out,0,,
weavile,champions,train,triple-axel,0,,
weavile,champions,train,ice-spinner,0,,
weavile,champions,train,snowscape,0,,
weavile,champions,train,trailblaze,0,,
weavile,champions,train,chilling-water,0,,
weavile,champions,train,upper-hand,0,,
rhyperior,champions,train,fire-punch,0,,
rhyperior,champions,train,ice-punch,0,,
rhyperior,champions,train,thunder-punch,0,,
rhyperior,champions,train,swords-dance,0,,
rhyperior,champions,train,mega-kick,0,,
rhyperior,champions,train,horn-drill,0,,
rhyperior,champions,train,body-slam,0,,
rhyperior,champions,train,double-edge,0,,
rhyperior,champions,train,roar,0,,
rhyperior,champions,train,flamethrower,0,,
rhyperior,champions,train,hydro-pump,0,,
rhyperior,champions,train,surf,0,,
rhyperior,champions,train,ice-beam,0,,
rhyperior,champions,train,blizzard,0,,
rhyperior,champions,train,hyper-beam,0,,
rhyperior,champions,train,counter,0,,
rhyperior,champions,train,thunderbolt,0,,
rhyperior,champions,train,thunder,0,,
rhyperior,champions,train,earthquake,0,,
rhyperior,champions,train,dig,0,,
rhyperior,champions,train,fire-blast,0,,
rhyperior,champions,train,rest,0,,
rhyperior,champions,train,rock-slide,0,,
rhyperior,champions,train,substitute,0,,
rhyperior,champions,train,thief,0,,
rhyperior,champions,train,snore,0,,
rhyperior,champions,train,curse,0,,
rhyperior,champions,train,reversal,0,,
rhyperior,champions,train,protect,0,,
rhyperior,champions,train,scary-face,0,,
rhyperior,champions,train,mud-slap,0,,
rhyperior,champions,train,icy-wind,0,,
rhyperior,champions,train,outrage,0,,
rhyperior,champions,train,sandstorm,0,,
rhyperior,champions,train,endure,0,,
rhyperior,champions,train,sleep-talk,0,,
rhyperior,champions,train,megahorn,0,,
rhyperior,champions,train,iron-tail,0,,
rhyperior,champions,train,rain-dance,0,,
rhyperior,champions,train,sunny-day,0,,
rhyperior,champions,train,crunch,0,,
rhyperior,champions,train,uproar,0,,
rhyperior,champions,train,facade,0,,
rhyperior,champions,train,focus-punch,0,,
rhyperior,champions,train,helping-hand,0,,
rhyperior,champions,train,superpower,0,,
rhyperior,champions,train,brick-break,0,,
rhyperior,champions,train,endeavor,0,,
rhyperior,champions,train,rock-tomb,0,,
rhyperior,champions,train,iron-defense,0,,
rhyperior,champions,train,mud-shot,0,,
rhyperior,champions,train,rock-blast,0,,
rhyperior,champions,train,hammer-arm,0,,
rhyperior,champions,train,metal-burst,0,,
rhyperior,champions,train,payback,0,,
rhyperior,champions,train,fling,0,,
rhyperior,champions,train,rock-polish,0,,
rhyperior,champions,train,poison-jab,0,,
rhyperior,champions,train,dragon-pulse,0,,
rhyperior,champions,train,dragon-rush,0,,
rhyperior,champions,train,focus-blast,0,,
rhyperior,champions,train,earth-power,0,,
rhyperior,champions,train,giga-impact,0,,
rhyperior,champions,train,avalanche,0,,
rhyperior,champions,train,shadow-claw,0,,
rhyperior,champions,train,thunder-fang,0,,
rhyperior,champions,train,ice-fang,0,,
rhyperior,champions,train,fire-fang,0,,
rhyperior,champions,train,flash-cannon,0,,
rhyperior,champions,train,rock-wrecker,0,,
rhyperior,champions,train,iron-head,0,,
rhyperior,champions,train,stone-edge,0,,
rhyperior,champions,train,stealth-rock,0,,
rhyperior,champions,train,guard-split,0,,
rhyperior,champions,train,smack-down,0,,
rhyperior,champions,train,heavy-slam,0,,
rhyperior,champions,train,round,0,,
rhyperior,champions,train,bulldoze,0,,
rhyperior,champions,train,dragon-tail,0,,
rhyperior,champions,train,drill-run,0,,
rhyperior,champions,train,heat-crash,0,,
rhyperior,champions,train,high-horsepower,0,,
rhyperior,champions,train,smart-strike,0,,
rhyperior,champions,train,brutal-swing,0,,
rhyperior,champions,train,stomping-tantrum,0,,
rhyperior,champions,train,body-press,0,,
rhyperior,champions,train,breaking-swipe,0,,
rhyperior,champions,train,meteor-beam,0,,
rhyperior,champions,train,scorching-sands,0,,
rhyperior,champions,train,temper-flare,0,,
rhyperior,champions,train,supercell-slam,0,,
leafeon,champions,train,swords-dance,0,,
leafeon,champions,train,body-slam,0,,
leafeon,champions,train,double-edge,0,,
leafeon,champions,train,bite,0,,
leafeon,champions,train,roar,0,,
leafeon,champions,train,hyper-beam,0,,
leafeon,champions,train,leech-seed,0,,
leafeon,champions,train,solar-beam,0,,
leafeon,champions,train,dig,0,,
leafeon,champions,train,quick-attack,0,,
leafeon,champions,train,focus-energy,0,,
leafeon,champions,train,rest,0,,
leafeon,champions,train,substitute,0,,
leafeon,champions,train,snore,0,,
leafeon,champions,train,curse,0,,
leafeon,champions,train,flail,0,,
leafeon,champions,train,protect,0,,
leafeon,champions,train,mud-slap,0,,
leafeon,champions,train,detect,0,,
leafeon,champions,train,giga-drain,0,,
leafeon,champions,train,endure,0,,
leafeon,champions,train,charm,0,,
leafeon,champions,train,sleep-talk,0,,
leafeon,champions,train,baton-pass,0,,
leafeon,champions,train,synthesis,0,,
leafeon,champions,train,rain-dance,0,,
leafeon,champions,train,sunny-day,0,,
leafeon,champions,train,shadow-ball,0,,
leafeon,champions,train,facade,0,,
leafeon,champions,train,helping-hand,0,,
leafeon,champions,train,wish,0,,
leafeon,champions,train,yawn,0,,
leafeon,champions,train,knock-off,0,,
leafeon,champions,train,hyper-voice,0,,
leafeon,champions,train,weather-ball,0,,
leafeon,champions,train,fake-tears,0,,
leafeon,champions,train,tickle,0,,
leafeon,champions,train,bullet-seed,0,,
leafeon,champions,train,aerial-ace,0,,
leafeon,champions,train,mud-shot,0,,
leafeon,champions,train,covet,0,,
leafeon,champions,train,calm-mind,0,,
leafeon,champions,train,leaf-blade,0,,
leafeon,champions,train,copycat,0,,
leafeon,champions,train,last-resort,0,,
leafeon,champions,train,seed-bomb,0,,
leafeon,champions,train,x-scissor,0,,
leafeon,champions,train,energy-ball,0,,
leafeon,champions,train,giga-impact,0,,
leafeon,champions,train,leaf-storm,0,,
leafeon,champions,train,grass-knot,0,,
leafeon,champions,train,round,0,,
leafeon,champions,train,stored-power,0,,
leafeon,champions,train,baby-doll-eyes,0,,
leafeon,champions,train,solar-blade,0,,
leafeon,champions,train,grassy-glide,0,,
leafeon,champions,train,trailblaze,0,,
leafeon,champions,train,alluring-voice,0,,
glaceon,champions,train,body-slam,0,,
glaceon,champions,train,double-edge,0,,
glaceon,champions,train,bite,0,,
glaceon,champions,train,roar,0,,
glaceon,champions,train,ice-beam,0,,
glaceon,champions,train,blizzard,0,,
glaceon,champions,train,hyper-beam,0,,
glaceon,champions,train,dig,0,,
glaceon,champions,train,quick-attack,0,,
glaceon,champions,train,haze,0,,
glaceon,champions,train,focus-energy,0,,
glaceon,champions,train,rest,0,,
glaceon,champions,train,substitute,0,,
glaceon,champions,train,snore,0,,
glaceon,champions,train,curse,0,,
glaceon,champions,train,flail,0,,
glaceon,champions,train,protect,0,,
glaceon,champions,train,mud-slap,0,,
glaceon,champions,train,icy-wind,0,,
glaceon,champions,train,detect,0,,
glaceon,champions,train,endure,0,,
glaceon,champions,train,charm,0,,
glaceon,champions,train,sleep-talk,0,,
glaceon,champions,train,baton-pass,0,,
glaceon,champions,train,rain-dance,0,,
glaceon,champions,train,sunny-day,0,,
glaceon,champions,train,mirror-coat,0,,
glaceon,champions,train,shadow-ball,0,,
glaceon,champions,train,facade,0,,
glaceon,champions,train,helping-hand,0,,
glaceon,champions,train,wish,0,,
glaceon,champions,train,yawn,0,,
glaceon,champions,train,hyper-voice,0,,
glaceon,champions,train,weather-ball,0,,
glaceon,champions,train,fake-tears,0,,
glaceon,champions,train,tickle,0,,
glaceon,champions,train,icicle-spear,0,,
glaceon,champions,train,mud-shot,0,,
glaceon,champions,train,covet,0,,
glaceon,champions,train,calm-mind,0,,
glaceon,champions,train,water-pulse,0,,
glaceon,champions,train,gravity,0,,
glaceon,champions,train,copycat,0,,
glaceon,champions,train,last-resort,0,,
glaceon,champions,train,giga-impact,0,,
glaceon,champions,train,avalanche,0,,
glaceon,champions,train,ice-shard,0,,
glaceon,champions,train,ice-fang,0,,
glaceon,champions,train,round,0,,
glaceon,champions,train,stored-power,0,,
glaceon,champions,train,frost-breath,0,,
glaceon,champions,train,freeze-dry,0,,
glaceon,champions,train,baby-doll-eyes,0,,
glaceon,champions,train,triple-axel,0,,
glaceon,champions,train,snowscape,0,,
glaceon,champions,train,trailblaze,0,,
glaceon,champions,train,chilling-water,0,,
glaceon,champions,train,alluring-voice,0,,
gliscor,champions,train,swords-dance,0,,
gliscor,champions,train,double-edge,0,,
gliscor,champions,train,pin-missile,0,,
gliscor,champions,train,hyper-beam,0,,
gliscor,champions,train,counter,0,,
gliscor,champions,train,earthquake,0,,
gliscor,champions,train,dig,0,,
gliscor,champions,train,toxic,0,,
gliscor,champions,train,agility,0,,
gliscor,champions,train,quick-attack,0,,
gliscor,champions,train,screech,0,,
gliscor,champions,train,crabhammer,0,,
gliscor,champions,train,rest,0,,
gliscor,champions,train,rock-slide,0,,
gliscor,champions,train,substitute,0,,
gliscor,champions,train,thief,0,,
gliscor,champions,train,snore,0,,
gliscor,champions,train,protect,0,,
gliscor,champions,train,scary-face,0,,
gliscor,champions,train,sludge-bomb,0,,
gliscor,champions,train,mud-slap,0,,
gliscor,champions,train,spikes,0,,
gliscor,champions,train,sandstorm,0,,
gliscor,champions,train,endure,0,,
gliscor,champions,train,steel-wing,0,,
gliscor,champions,train,attract,0,,
gliscor,champions,train,sleep-talk,0,,
gliscor,champions,train,baton-pass,0,,
gliscor,champions,train,iron-tail,0,,
gliscor,champions,train,rain-dance,0,,
gliscor,champions,train,sunny-day,0,,
gliscor,champions,train,crunch,0,,
gliscor,champions,train,facade,0,,
gliscor,champions,train,brick-break,0,,
gliscor,champions,train,knock-off,0,,
gliscor,champions,train,rock-tomb,0,,
gliscor,champions,train,sand-tomb,0,,
gliscor,champions,train,aerial-ace,0,,
gliscor,champions,train,mud-shot,0,,
gliscor,champions,train,feint,0,,
gliscor,champions,train,tailwind,0,,
gliscor,champions,train,u-turn,0,,
gliscor,champions,train,payback,0,,
gliscor,champions,train,assurance,0,,
gliscor,champions,train,fling,0,,
gliscor,champions,train,toxic-spikes,0,,
gliscor,champions,train,poison-jab,0,,
gliscor,champions,train,dark-pulse,0,,
gliscor,champions,train,night-slash,0,,
gliscor,champions,train,x-scissor,0,,
gliscor,champions,train,earth-power,0,,
gliscor,champions,train,giga-impact,0,,
gliscor,champions,train,thunder-fang,0,,
gliscor,champions,train,ice-fang,0,,
gliscor,champions,train,fire-fang,0,,
gliscor,champions,train,power-whip,0,,
gliscor,champions,train,cross-poison,0,,
gliscor,champions,train,gunk-shot,0,,
gliscor,champions,train,stone-edge,0,,
gliscor,champions,train,stealth-rock,0,,
gliscor,champions,train,venoshock,0,,
gliscor,champions,train,round,0,,
gliscor,champions,train,acrobatics,0,,
gliscor,champions,train,struggle-bug,0,,
gliscor,champions,train,bulldoze,0,,
gliscor,champions,train,high-horsepower,0,,
gliscor,champions,train,throat-chop,0,,
gliscor,champions,train,lunge,0,,
gliscor,champions,train,brutal-swing,0,,
gliscor,champions,train,psychic-fangs,0,,
gliscor,champions,train,breaking-swipe,0,,
gliscor,champions,train,scale-shot,0,,
gliscor,champions,train,skitter-smack,0,,
gliscor,champions,train,dual-wingbeat,0,,
mamoswine,champions,train,body-slam,0,,
mamoswine,champions,train,thrash,0,,
mamoswine,champions,train,double-edge,0,,
mamoswine,champions,train,bite,0,,
mamoswine,champions,train,roar,0,,
mamoswine,champions,train,ice-beam,0,,
mamoswine,champions,train,blizzard,0,,
mamoswine,champions,train,hyper-beam,0,,
mamoswine,champions,train,earthquake,0,,
mamoswine,champions,train,fissure,0,,
mamoswine,champions,train,dig,0,,
mamoswine,champions,train,haze,0,,
mamoswine,champions,train,reflect,0,,
mamoswine,champions,train,amnesia,0,,
mamoswine,champions,train,rest,0,,
mamoswine,champions,train,rock-slide,0,,
mamoswine,champions,train,substitute,0,,
mamoswine,champions,train,snore,0,,
mamoswine,champions,train,curse,0,,
mamoswine,champions,train,flail,0,,
mamoswine,champions,train,reversal,0,,
mamoswine,champions,train,protect,0,,
mamoswine,champions,train,scary-face,0,,
mamoswine,champions,train,mud-slap,0,,
mamoswine,champions,train,icy-wind,0,,
mamoswine,champions,train,sandstorm,0,,
mamoswine,champions,train,endure,0,,
mamoswine,champions,train,charm,0,,
mamoswine,champions,train,attract,0,,
mamoswine,champions,train,sleep-talk,0,,
mamoswine,champions,train,rain-dance,0,,
mamoswine,champions,train,ancient-power,0,,
mamoswine,champions,train,facade,0,,
mamoswine,champions,train,superpower,0,,
mamoswine,champions,train,knock-off,0,,
mamoswine,champions,train,endeavor,0,,
mamoswine,champions,train,rock-tomb,0,,
mamoswine,champions,train,sand-tomb,0,,
mamoswine,champions,train,icicle-spear,0,,
mamoswine,champions,train,mud-shot,0,,
mamoswine,champions,train,rock-blast,0,,
mamoswine,champions,train,earth-power,0,,
mamoswine,champions,train,giga-impact,0,,
mamoswine,champions,train,avalanche,0,,
mamoswine,champions,train,ice-shard,0,,
mamoswine,champions,train,ice-fang,0,,
mamoswine,champions,train,iron-head,0,,
mamoswine,champions,train,stone-edge,0,,
mamoswine,champions,train,stealth-rock,0,,
mamoswine,champions,train,double-hit,0,,
mamoswine,champions,train,smack-down,0,,
mamoswine,champions,train,heavy-slam,0,,
mamoswine,champions,train,round,0,,
mamoswine,champions,train,bulldoze,0,,
mamoswine,champions,train,icicle-crash,0,,
mamoswine,champions,train,freeze-dry,0,,
mamoswine,champions,train,high-horsepower,0,,
mamoswine,champions,train,throat-chop,0,,
mamoswine,champions,train,stomping-tantrum,0,,
mamoswine,champions,train,body-press,0,,
mamoswine,champions,train,snowscape,0,,
mamoswine,champions,train,trailblaze,0,,
mamoswine,champions,train,hard-press,0,,
gallade,champions,train,fire-punch,0,,
gallade,champions,train,ice-punch,0,,
gallade,champions,train,thunder-punch,0,,
gallade,champions,train,swords-dance,0,,
gallade,champions,train,mega-kick,0,,
gallade,champions,train,body-slam,0,,
gallade,champions,train,disable,0,,
gallade,champions,train,hyper-beam,0,,
gallade,champions,train,low-kick,0,,
gallade,champions,train,thunderbolt,0,,
gallade,champions,train,thunder-wave,0,,
gallade,champions,train,earthquake,0,,
gallade,champions,train,psychic,0,,
gallade,champions,train,hypnosis,0,,
gallade,champions,train,agility,0,,
gallade,champions,train,night-shade,0,,
gallade,champions,train,double-team,0,,
gallade,champions,train,confuse-ray,0,,
gallade,champions,train,light-screen,0,,
gallade,champions,train,reflect,0,,
gallade,champions,train,rest,0,,
gallade,champions,train,rock-slide,0,,
gallade,champions,train,substitute,0,,
gallade,champions,train,thief,0,,
gallade,champions,train,snore,0,,
gallade,champions,train,reversal,0,,
gallade,champions,train,protect,0,,
gallade,champions,train,destiny-bond,0,,
gallade,champions,train,icy-wind,0,,
gallade,champions,train,endure,0,,
gallade,champions,train,charm,0,,
gallade,champions,train,mean-look,0,,
gallade,champions,train,sleep-talk,0,,
gallade,champions,train,safeguard,0,,
gallade,champions,train,pain-split,0,,
gallade,champions,train,encore,0,,
gallade,champions,train,rain-dance,0,,
gallade,champions,train,sunny-day,0,,
gallade,champions,train,psych-up,0,,
gallade,champions,train,shadow-ball,0,,
gallade,champions,train,future-sight,0,,
gallade,champions,train,will-o-wisp,0,,
gallade,champions,train,memento,0,,
gallade,champions,train,facade,0,,
gallade,champions,train,focus-punch,0,,
gallade,champions,train,taunt,0,,
gallade,champions,train,helping-hand,0,,
gallade,champions,train,trick,0,,
gallade,champions,train,brick-break,0,,
gallade,champions,train,knock-off,0,,
gallade,champions,train,skill-swap,0,,
gallade,champions,train,imprison,0,,
gallade,champions,train,hyper-voice,0,,
gallade,champions,train,rock-tomb,0,,
gallade,champions,train,aerial-ace,0,,
gallade,champions,train,bulk-up,0,,
gallade,champions,train,calm-mind,0,,
gallade,champions,train,leaf-blade,0,,
gallade,champions,train,feint,0,,
gallade,champions,train,close-combat,0,,
gallade,champions,train,fling,0,,
gallade,champions,train,aura-sphere,0,,
gallade,champions,train,poison-jab,0,,
gallade,champions,train,night-slash,0,,
gallade,champions,train,air-slash,0,,
gallade,champions,train,x-scissor,0,,
gallade,champions,train,drain-punch,0,,
gallade,champions,train,vacuum-wave,0,,
gallade,champions,train,focus-blast,0,,
gallade,champions,train,energy-ball,0,,
gallade,champions,train,giga-impact,0,,
gallade,champions,train,shadow-claw,0,,
gallade,champions,train,shadow-sneak,0,,
gallade,champions,train,psycho-cut,0,,
gallade,champions,train,zen-headbutt,0,,
gallade,champions,train,trick-room,0,,
gallade,champions,train,stone-edge,0,,
gallade,champions,train,grass-knot,0,,
gallade,champions,train,charge-beam,0,,
gallade,champions,train,wide-guard,0,,
gallade,champions,train,wonder-room,0,,
gallade,champions,train,psyshock,0,,
gallade,champions,train,magic-room,0,,
gallade,champions,train,low-sweep,0,,
gallade,champions,train,round,0,,
gallade,champions,train,stored-power,0,,
gallade,champions,train,quick-guard,0,,
gallade,champions,train,heal-pulse,0,,
gallade,champions,train,hex,0,,
gallade,champions,train,bulldoze,0,,
gallade,champions,train,sacred-sword,0,,
gallade,champions,train,draining-kiss,0,,
gallade,champions,train,misty-terrain,0,,
gallade,champions,train,mystical-fire,0,,
gallade,champions,train,dazzling-gleam,0,,
gallade,champions,train,solar-blade,0,,
gallade,champions,train,throat-chop,0,,
gallade,champions,train,psychic-terrain,0,,
gallade,champions,train,life-dew,0,,
gallade,champions,train,expanding-force,0,,
gallade,champions,train,coaching,0,,
gallade,champions,train,triple-axel,0,,
gallade,champions,train,aqua-cutter,0,,
gallade,champions,train,alluring-voice,0,,
gallade,champions,train,upper-hand,0,,
froslass,champions,train,ice-punch,0,,
froslass,champions,train,body-slam,0,,
froslass,champions,train,bite,0,,
froslass,champions,train,disable,0,,
froslass,champions,train,ice-beam,0,,
froslass,champions,train,blizzard,0,,
froslass,champions,train,hyper-beam,0,,
froslass,champions,train,thunderbolt,0,,
froslass,champions,train,thunder-wave,0,,
froslass,champions,train,thunder,0,,
froslass,champions,train,psychic,0,,
froslass,champions,train,night-shade,0,,
froslass,champions,train,double-team,0,,
froslass,champions,train,confuse-ray,0,,
froslass,champions,train,light-screen,0,,
froslass,champions,train,haze,0,,
froslass,champions,train,reflect,0,,
froslass,champions,train,rest,0,,
froslass,champions,train,substitute,0,,
froslass,champions,train,snore,0,,
froslass,champions,train,curse,0,,
froslass,champions,train,spite,0,,
froslass,champions,train,protect,0,,
froslass,champions,train,scary-face,0,,
froslass,champions,train,spikes,0,,
froslass,champions,train,destiny-bond,0,,
froslass,champions,train,icy-wind,0,,
froslass,champions,train,endure,0,,
froslass,champions,train,charm,0,,
froslass,champions,train,sleep-talk,0,,
froslass,champions,train,safeguard,0,,
froslass,champions,train,pain-split,0,,
froslass,champions,train,rain-dance,0,,
froslass,champions,train,crunch,0,,
froslass,champions,train,psych-up,0,,
froslass,champions,train,shadow-ball,0,,
froslass,champions,train,will-o-wisp,0,,
froslass,champions,train,facade,0,,
froslass,champions,train,taunt,0,,
froslass,champions,train,helping-hand,0,,
froslass,champions,train,trick,0,,
froslass,champions,train,imprison,0,,
froslass,champions,train,weather-ball,0,,
froslass,champions,train,fake-tears,0,,
froslass,champions,train,icicle-spear,0,,
froslass,champions,train,block,0,,
froslass,champions,train,water-pulse,0,,
froslass,champions,train,payback,0,,
froslass,champions,train,fling,0,,
froslass,champions,train,switcheroo,0,,
froslass,champions,train,giga-impact,0,,
froslass,champions,train,nasty-plot,0,,
froslass,champions,train,avalanche,0,,
froslass,champions,train,ice-shard,0,,
froslass,champions,train,ice-fang,0,,
froslass,champions,train,round,0,,
froslass,champions,train,hex,0,,
froslass,champions,train,frost-breath,0,,
froslass,champions,train,icicle-crash,0,,
froslass,champions,train,phantom-force,0,,
froslass,champions,train,draining-kiss,0,,
froslass,champions,train,aurora-veil,0,,
froslass,champions,train,poltergeist,0,,
froslass,champions,train,triple-axel,0,,
froslass,champions,train,ice-spinner,0,,
froslass,champions,train,snowscape,0,,
froslass,champions,train,trailblaze,0,,
froslass,champions,train,chilling-water,0,,
rotom,champions,train,thunderbolt,0,,
rotom,champions,train,thunder-wave,0,,
rotom,champions,train,thunder,0,,
rotom,champions,train,night-shade,0,,
rotom,champions,train,double-team,0,,
rotom,champions,train,confuse-ray,0,,
rotom,champions,train,light-screen,0,,
rotom,champions,train,reflect,0,,
rotom,champions,train,rest,0,,
rotom,champions,train,substitute,0,,
rotom,champions,train,thief,0,,
rotom,champions,train,snore,0,,
rotom,champions,train,spite,0,,
rotom,champions,train,protect,0,,
rotom,champions,train,endure,0,,
rotom,champions,train,sleep-talk,0,,
rotom,champions,train,pain-split,0,,
rotom,champions,train,rain-dance,0,,
rotom,champions,train,sunny-day,0,,
rotom,champions,train,shadow-ball,0,,
rotom,champions,train,uproar,0,,
rotom,champions,train,will-o-wisp,0,,
rotom,champions,train,facade,0,,
rotom,champions,train,charge,0,,
rotom,champions,train,helping-hand,0,,
rotom,champions,train,trick,0,,
rotom,champions,train,hyper-voice,0,,
rotom,champions,train,dark-pulse,0,,
rotom,champions,train,nasty-plot,0,,
rotom,champions,train,discharge,0,,
rotom,champions,train,charge-beam,0,,
rotom,champions,train,electro-ball,0,,
rotom,champions,train,foul-play,0,,
rotom,champions,train,round,0,,
rotom,champions,train,stored-power,0,,
rotom,champions,train,hex,0,,
rotom,champions,train,volt-switch,0,,
rotom,champions,train,electroweb,0,,
rotom,champions,train,eerie-impulse,0,,
rotom,champions,train,electric-terrain,0,,
rotom,champions,train,rising-voltage,0,,
rotom,champions,train,poltergeist,0,,
serperior,champions,train,swords-dance,0,,
serperior,champions,train,body-slam,0,,
serperior,champions,train,wrap,0,,
serperior,champions,train,double-edge,0,,
serperior,champions,train,hyper-beam,0,,
serperior,champions,train,leech-seed,0,,
serperior,champions,train,growth,0,,
serperior,champions,train,solar-beam,0,,
serperior,champions,train,light-screen,0,,
serperior,champions,train,reflect,0,,
serperior,champions,train,glare,0,,
serperior,champions,train,rest,0,,
serperior,champions,train,substitute,0,,
serperior,champions,train,snore,0,,
serperior,champions,train,protect,0,,
serperior,champions,train,scary-face,0,,
serperior,champions,train,outrage,0,,
serperior,champions,train,giga-drain,0,,
serperior,champions,train,endure,0,,
serperior,champions,train,mean-look,0,,
serperior,champions,train,attract,0,,
serperior,champions,train,sleep-talk,0,,
serperior,champions,train,sweet-scent,0,,
serperior,champions,train,iron-tail,0,,
serperior,champions,train,synthesis,0,,
serperior,champions,train,sunny-day,0,,
serperior,champions,train,mirror-coat,0,,
serperior,champions,train,facade,0,,
serperior,champions,train,taunt,0,,
serperior,champions,train,helping-hand,0,,
serperior,champions,train,knock-off,0,,
serperior,champions,train,bullet-seed,0,,
serperior,champions,train,aerial-ace,0,,
serperior,champions,train,frenzy-plant,0,,
serperior,champions,train,calm-mind,0,,
serperior,champions,train,leaf-blade,0,,
serperior,champions,train,gastro-acid,0,,
serperior,champions,train,seed-bomb,0,,
serperior,champions,train,dragon-pulse,0,,
serperior,champions,train,energy-ball,0,,
serperior,champions,train,giga-impact,0,,
serperior,champions,train,leaf-storm,0,,
serperior,champions,train,grass-knot,0,,
serperior,champions,train,coil,0,,
serperior,champions,train,round,0,,
serperior,champions,train,dragon-tail,0,,
serperior,champions,train,petal-blizzard,0,,
serperior,champions,train,grassy-terrain,0,,
serperior,champions,train,brutal-swing,0,,
serperior,champions,train,breaking-swipe,0,,
serperior,champions,train,scale-shot,0,,
serperior,champions,train,grassy-glide,0,,
serperior,champions,train,trailblaze,0,,
emboar,champions,train,fire-punch,0,,
emboar,champions,train,thunder-punch,0,,
emboar,champions,train,body-slam,0,,
emboar,champions,train,thrash,0,,
emboar,champions,train,double-edge,0,,
emboar,champions,train,roar,0,,
emboar,champions,train,flamethrower,0,,
emboar,champions,train,hyper-beam,0,,
emboar,champions,train,low-kick,0,,
emboar,champions,train,solar-beam,0,,
emboar,champions,train,fire-spin,0,,
emboar,champions,train,earthquake,0,,
emboar,champions,train,dig,0,,
emboar,champions,train,focus-energy,0,,
emboar,champions,train,fire-blast,0,,
emboar,champions,train,rest,0,,
emboar,champions,train,rock-slide,0,,
emboar,champions,train,substitute,0,,
emboar,champions,train,snore,0,,
emboar,champions,train,curse,0,,
emboar,champions,train,reversal,0,,
emboar,champions,train,protect,0,,
emboar,champions,train,scary-face,0,,
emboar,champions,train,mud-slap,0,,
emboar,champions,train,endure,0,,
emboar,champions,train,sleep-talk,0,,
emboar,champions,train,iron-tail,0,,
emboar,champions,train,sunny-day,0,,
emboar,champions,train,heat-wave,0,,
emboar,champions,train,will-o-wisp,0,,
emboar,champions,train,facade,0,,
emboar,champions,train,focus-punch,0,,
emboar,champions,train,taunt,0,,
emboar,champions,train,helping-hand,0,,
emboar,champions,train,superpower,0,,
emboar,champions,train,brick-break,0,,
emboar,champions,train,yawn,0,,
emboar,champions,train,knock-off,0,,
emboar,champions,train,endeavor,0,,
emboar,champions,train,blast-burn,0,,
emboar,champions,train,overheat,0,,
emboar,champions,train,rock-tomb,0,,
emboar,champions,train,bulk-up,0,,
emboar,champions,train,hammer-arm,0,,
emboar,champions,train,gyro-ball,0,,
emboar,champions,train,close-combat,0,,
emboar,champions,train,assurance,0,,
emboar,champions,train,fling,0,,
emboar,champions,train,sucker-punch,0,,
emboar,champions,train,flare-blitz,0,,
emboar,champions,train,poison-jab,0,,
emboar,champions,train,drain-punch,0,,
emboar,champions,train,focus-blast,0,,
emboar,champions,train,giga-impact,0,,
emboar,champions,train,zen-headbutt,0,,
emboar,champions,train,iron-head,0,,
emboar,champions,train,stone-edge,0,,
emboar,champions,train,grass-knot,0,,
emboar,champions,train,head-smash,0,,
emboar,champions,train,smack-down,0,,
emboar,champions,train,storm-throw,0,,
emboar,champions,train,heavy-slam,0,,
emboar,champions,train,flame-charge,0,,
emboar,champions,train,low-sweep,0,,
emboar,champions,train,round,0,,
emboar,champions,train,scald,0,,
emboar,champions,train,bulldoze,0,,
emboar,champions,train,wild-charge,0,,
emboar,champions,train,heat-crash,0,,
emboar,champions,train,high-horsepower,0,,
emboar,champions,train,solar-blade,0,,
emboar,champions,train,burn-up,0,,
emboar,champions,train,stomping-tantrum,0,,
emboar,champions,train,body-press,0,,
emboar,champions,train,coaching,0,,
emboar,champions,train,scorching-sands,0,,
emboar,champions,train,trailblaze,0,,
emboar,champions,train,hard-press,0,,
emboar,champions,train,temper-flare,0,,
samurott,champions,train,swords-dance,0,,
samurott,champions,train,body-slam,0,,
samurott,champions,train,hydro-pump,0,,
samurott,champions,train,surf,0,,
samurott,champions,train,ice-beam,0,,
samurott,champions,train,blizzard,0,,
samurott,champions,train,hyper-beam,0,,
samurott,champions,train,dig,0,,
samurott,champions,train,screech,0,,
samurott,champions,train,focus-energy,0,,
samurott,champions,train,waterfall,0,,
samurott,champions,train,rest,0,,
samurott,champions,train,substitute,0,,
samurott,champions,train,thief,0,,
samurott,champions,train,snore,0,,
samurott,champions,train,protect,0,,
samurott,champions,train,scary-face,0,,
samurott,champions,train,icy-wind,0,,
samurott,champions,train,detect,0,,
samurott,champions,train,endure,0,,
samurott,champions,train,sleep-talk,0,,
samurott,champions,train,megahorn,0,,
samurott,champions,train,encore,0,,
samurott,champions,train,iron-tail,0,,
samurott,champions,train,rain-dance,0,,
samurott,champions,train,whirlpool,0,,
samurott,champions,train,facade,0,,
samurott,champions,train,taunt,0,,
samurott,champions,train,helping-hand,0,,
samurott,champions,train,superpower,0,,
samurott,champions,train,brick-break,0,,
samurott,champions,train,knock-off,0,,
samurott,champions,train,dive,0,,
samurott,champions,train,hydro-cannon,0,,
samurott,champions,train,aerial-ace,0,,
samurott,champions,train,water-pulse,0,,
samurott,champions,train,assurance,0,,
samurott,champions,train,fling,0,,
samurott,champions,train,copycat,0,,
samurott,champions,train,night-slash,0,,
samurott,champions,train,aqua-tail,0,,
samurott,champions,train,air-slash,0,,
samurott,champions,train,x-scissor,0,,
samurott,champions,train,vacuum-wave,0,,
samurott,champions,train,giga-impact,0,,
samurott,champions,train,avalanche,0,,
samurott,champions,train,grass-knot,0,,
samurott,champions,train,aqua-jet,0,,
samurott,champions,train,soak,0,,
samurott,champions,train,round,0,,
samurott,champions,train,bulldoze,0,,
samurott,champions,train,drill-run,0,,
samurott,champions,train,sacred-sword,0,,
samurott,champions,train,razor-shell,0,,
samurott,champions,train,smart-strike,0,,
samurott,champions,train,liquidation,0,,
samurott,champions,train,flip-turn,0,,
samurott,champions,train,snowscape,0,,
samurott,champions,train,chilling-water,0,,
samurott,champions,train,aqua-cutter,0,,
samurott,champions,train,upper-hand,0,,
watchog,champions,train,fire-punch,0,,
watchog,champions,train,ice-punch,0,,
watchog,champions,train,thunder-punch,0,,
watchog,champions,train,swords-dance,0,,
watchog,champions,train,double-edge,0,,
watchog,champions,train,bite,0,,
watchog,champions,train,flamethrower,0,,
watchog,champions,train,hyper-beam,0,,
watchog,champions,train,low-kick,0,,
watchog,champions,train,thunderbolt,0,,
watchog,champions,train,thunder-wave,0,,
watchog,champions,train,thunder,0,,
watchog,champions,train,dig,0,,
watchog,champions,train,hypnosis,0,,
watchog,champions,train,screech,0,,
watchog,champions,train,confuse-ray,0,,
watchog,champions,train,light-screen,0,,
watchog,champions,train,focus-energy,0,,
watchog,champions,train,rest,0,,
watchog,champions,train,super-fang,0,,
watchog,champions,train,substitute,0,,
watchog,champions,train,snore,0,,
watchog,champions,train,protect,0,,
watchog,champions,train,detect,0,,
watchog,champions,train,endure,0,,
watchog,champions,train,mean-look,0,,
watchog,champions,train,attract,0,,
watchog,champions,train,sleep-talk,0,,
watchog,champions,train,baton-pass,0,,
watchog,champions,train,iron-tail,0,,
watchog,champions,train,rain-dance,0,,
watchog,champions,train,sunny-day,0,,
watchog,champions,train,crunch,0,,
watchog,champions,train,psych-up,0,,
watchog,champions,train,shadow-ball,0,,
watchog,champions,train,facade,0,,
watchog,champions,train,helping-hand,0,,
watchog,champions,train,bullet-seed,0,,
watchog,champions,train,mud-shot,0,,
watchog,champions,train,assurance,0,,
watchog,champions,train,fling,0,,
watchog,champions,train,seed-bomb,0,,
watchog,champions,train,focus-blast,0,,
watchog,champions,train,giga-impact,0,,
watchog,champions,train,nasty-plot,0,,
watchog,champions,train,zen-headbutt,0,,
watchog,champions,train,gunk-shot,0,,
watchog,champions,train,grass-knot,0,,
watchog,champions,train,after-you,0,,
watchog,champions,train,round,0,,
watchog,champions,train,stomping-tantrum,0,,
watchog,champions,train,trailblaze,0,,
liepard,champions,train,bite,0,,
liepard,champions,train,hyper-beam,0,,
liepard,champions,train,thunder-wave,0,,
liepard,champions,train,quick-attack,0,,
liepard,champions,train,screech,0,,
liepard,champions,train,double-team,0,,
liepard,champions,train,rest,0,,
liepard,champions,train,substitute,0,,
liepard,champions,train,thief,0,,
liepard,champions,train,snore,0,,
liepard,champions,train,protect,0,,
liepard,champions,train,endure,0,,
liepard,champions,train,charm,0,,
liepard,champions,train,swagger,0,,
liepard,champions,train,attract,0,,
liepard,champions,train,sleep-talk,0,,
liepard,champions,train,baton-pass,0,,
liepard,champions,train,encore,0,,
liepard,champions,train,iron-tail,0,,
liepard,champions,train,rain-dance,0,,
liepard,champions,train,sunny-day,0,,
liepard,champions,train,crunch,0,,
liepard,champions,train,shadow-ball,0,,
liepard,champions,train,fake-out,0,,
liepard,champions,train,torment,0,,
liepard,champions,train,facade,0,,
liepard,champions,train,taunt,0,,
liepard,champions,train,trick,0,,
liepard,champions,train,yawn,0,,
liepard,champions,train,knock-off,0,,
liepard,champions,train,hyper-voice,0,,
liepard,champions,train,fake-tears,0,,
liepard,champions,train,covet,0,,
liepard,champions,train,u-turn,0,,
liepard,champions,train,payback,0,,
liepard,champions,train,assurance,0,,
liepard,champions,train,copycat,0,,
liepard,champions,train,sucker-punch,0,,
liepard,champions,train,dark-pulse,0,,
liepard,champions,train,night-slash,0,,
liepard,champions,train,seed-bomb,0,,
liepard,champions,train,giga-impact,0,,
liepard,champions,train,nasty-plot,0,,
liepard,champions,train,shadow-claw,0,,
liepard,champions,train,thunder-fang,0,,
liepard,champions,train,ice-fang,0,,
liepard,champions,train,fire-fang,0,,
liepard,champions,train,psycho-cut,0,,
liepard,champions,train,gunk-shot,0,,
liepard,champions,train,grass-knot,0,,
liepard,champions,train,foul-play,0,,
liepard,champions,train,round,0,,
liepard,champions,train,snarl,0,,
liepard,champions,train,play-rough,0,,
liepard,champions,train,throat-chop,0,,
liepard,champions,train,psychic-fangs,0,,
liepard,champions,train,skitter-smack,0,,
liepard,champions,train,burning-jealousy,0,,
liepard,champions,train,lash-out,0,,
liepard,champions,train,trailblaze,0,,
simisage,champions,train,bite,0,,
simisage,champions,train,hyper-beam,0,,
simisage,champions,train,low-kick,0,,
simisage,champions,train,leech-seed,0,,
simisage,champions,train,solar-beam,0,,
simisage,champions,train,dig,0,,
simisage,champions,train,rest,0,,
simisage,champions,train,rock-slide,0,,
simisage,champions,train,substitute,0,,
simisage,champions,train,thief,0,,
simisage,champions,train,snore,0,,
simisage,champions,train,protect,0,,
simisage,champions,train,giga-drain,0,,
simisage,champions,train,endure,0,,
simisage,champions,train,attract,0,,
simisage,champions,train,sleep-talk,0,,
simisage,champions,train,iron-tail,0,,
simisage,champions,train,sunny-day,0,,
simisage,champions,train,crunch,0,,
simisage,champions,train,fake-out,0,,
simisage,champions,train,uproar,0,,
simisage,champions,train,torment,0,,
simisage,champions,train,facade,0,,
simisage,champions,train,taunt,0,,
simisage,champions,train,helping-hand,0,,
simisage,champions,train,superpower,0,,
simisage,champions,train,recycle,0,,
simisage,champions,train,brick-break,0,,
simisage,champions,train,rock-tomb,0,,
simisage,champions,train,bullet-seed,0,,
simisage,champions,train,payback,0,,
simisage,champions,train,fling,0,,
simisage,champions,train,seed-bomb,0,,
simisage,champions,train,focus-blast,0,,
simisage,champions,train,energy-ball,0,,
simisage,champions,train,giga-impact,0,,
simisage,champions,train,nasty-plot,0,,
simisage,champions,train,shadow-claw,0,,
simisage,champions,train,leaf-storm,0,,
simisage,champions,train,gunk-shot,0,,
simisage,champions,train,grass-knot,0,,
simisage,champions,train,low-sweep,0,,
simisage,champions,train,round,0,,
simisage,champions,train,acrobatics,0,,
simisage,champions,train,belch,0,,
simisage,champions,train,solar-blade,0,,
simisage,champions,train,throat-chop,0,,
simisage,champions,train,stuff-cheeks,0,,
simisage,champions,train,grassy-glide,0,,
simisage,champions,train,trailblaze,0,,
simisear,champions,train,fire-punch,0,,
simisear,champions,train,bite,0,,
simisear,champions,train,flamethrower,0,,
simisear,champions,train,hyper-beam,0,,
simisear,champions,train,low-kick,0,,
simisear,champions,train,solar-beam,0,,
simisear,champions,train,fire-spin,0,,
simisear,champions,train,dig,0,,
simisear,champions,train,fire-blast,0,,
simisear,champions,train,amnesia,0,,
simisear,champions,train,rest,0,,
simisear,champions,train,rock-slide,0,,
simisear,champions,train,substitute,0,,
simisear,champions,train,thief,0,,
simisear,champions,train,snore,0,,
simisear,champions,train,protect,0,,
simisear,champions,train,endure,0,,
simisear,champions,train,attract,0,,
simisear,champions,train,sleep-talk,0,,
simisear,champions,train,iron-tail,0,,
simisear,champions,train,sunny-day,0,,
simisear,champions,train,crunch,0,,
simisear,champions,train,fake-out,0,,
simisear,champions,train,uproar,0,,
simisear,champions,train,heat-wave,0,,
simisear,champions,train,will-o-wisp,0,,
simisear,champions,train,facade,0,,
simisear,champions,train,taunt,0,,
simisear,champions,train,helping-hand,0,,
simisear,champions,train,superpower,0,,
simisear,champions,train,recycle,0,,
simisear,champions,train,brick-break,0,,
simisear,champions,train,yawn,0,,
simisear,champions,train,blaze-kick,0,,
simisear,champions,train,overheat,0,,
simisear,champions,train,rock-tomb,0,,
simisear,champions,train,payback,0,,
simisear,champions,train,fling,0,,
simisear,champions,train,flare-blitz,0,,
simisear,champions,train,focus-blast,0,,
simisear,champions,train,giga-impact,0,,
simisear,champions,train,nasty-plot,0,,
simisear,champions,train,shadow-claw,0,,
simisear,champions,train,gunk-shot,0,,
simisear,champions,train,grass-knot,0,,
simisear,champions,train,flame-charge,0,,
simisear,champions,train,low-sweep,0,,
simisear,champions,train,round,0,,
simisear,champions,train,acrobatics,0,,
simisear,champions,train,belch,0,,
simisear,champions,train,throat-chop,0,,
simisear,champions,train,stuff-cheeks,0,,
simisear,champions,train,burning-jealousy,0,,
simisear,champions,train,scorching-sands,0,,
simisear,champions,train,temper-flare,0,,
simipour,champions,train,ice-punch,0,,
simipour,champions,train,bite,0,,
simipour,champions,train,hydro-pump,0,,
simipour,champions,train,surf,0,,
simipour,champions,train,ice-beam,0,,
simipour,champions,train,blizzard,0,,
simipour,champions,train,hyper-beam,0,,
simipour,champions,train,low-kick,0,,
simipour,champions,train,dig,0,,
simipour,champions,train,waterfall,0,,
simipour,champions,train,rest,0,,
simipour,champions,train,rock-slide,0,,
simipour,champions,train,substitute,0,,
simipour,champions,train,thief,0,,
simipour,champions,train,snore,0,,
simipour,champions,train,protect,0,,
simipour,champions,train,icy-wind,0,,
simipour,champions,train,endure,0,,
simipour,champions,train,attract,0,,
simipour,champions,train,sleep-talk,0,,
simipour,champions,train,iron-tail,0,,
simipour,champions,train,rain-dance,0,,
simipour,champions,train,crunch,0,,
simipour,champions,train,fake-out,0,,
simipour,champions,train,uproar,0,,
simipour,champions,train,facade,0,,
simipour,champions,train,taunt,0,,
simipour,champions,train,helping-hand,0,,
simipour,champions,train,superpower,0,,
simipour,champions,train,recycle,0,,
simipour,champions,train,brick-break,0,,
simipour,champions,train,dive,0,,
simipour,champions,train,rock-tomb,0,,
simipour,champions,train,payback,0,,
simipour,champions,train,fling,0,,
simipour,champions,train,aqua-ring,0,,
simipour,champions,train,focus-blast,0,,
simipour,champions,train,giga-impact,0,,
simipour,champions,train,nasty-plot,0,,
simipour,champions,train,shadow-claw,0,,
simipour,champions,train,gunk-shot,0,,
simipour,champions,train,grass-knot,0,,
simipour,champions,train,low-sweep,0,,
simipour,champions,train,round,0,,
simipour,champions,train,scald,0,,
simipour,champions,train,acrobatics,0,,
simipour,champions,train,belch,0,,
simipour,champions,train,throat-chop,0,,
simipour,champions,train,liquidation,0,,
simipour,champions,train,stuff-cheeks,0,,
simipour,champions,train,flip-turn,0,,
simipour,champions,train,chilling-water,0,,
musharna,champions,train,hyper-beam,0,,
musharna,champions,train,thunder-wave,0,,
musharna,champions,train,psychic,0,,
musharna,champions,train,hypnosis,0,,
musharna,champions,train,double-team,0,,
musharna,champions,train,light-screen,0,,
musharna,champions,train,reflect,0,,
musharna,champions,train,amnesia,0,,
musharna,champions,train,rest,0,,
musharna,champions,train,rock-slide,0,,
musharna,champions,train,substitute,0,,
musharna,champions,train,snore,0,,
musharna,champions,train,curse,0,,
musharna,champions,train,protect,0,,
musharna,champions,train,endure,0,,
musharna,champions,train,charm,0,,
musharna,champions,train,attract,0,,
musharna,champions,train,sleep-talk,0,,
musharna,champions,train,safeguard,0,,
musharna,champions,train,moonlight,0,,
musharna,champions,train,rain-dance,0,,
musharna,champions,train,shadow-ball,0,,
musharna,champions,train,future-sight,0,,
musharna,champions,train,facade,0,,
musharna,champions,train,helping-hand,0,,
musharna,champions,train,trick,0,,
musharna,champions,train,yawn,0,,
musharna,champions,train,skill-swap,0,,
musharna,champions,train,imprison,0,,
musharna,champions,train,rock-tomb,0,,
musharna,champions,train,calm-mind,0,,
musharna,champions,train,gyro-ball,0,,
musharna,champions,train,healing-wish,0,,
musharna,champions,train,power-swap,0,,
musharna,champions,train,guard-swap,0,,
musharna,champions,train,energy-ball,0,,
musharna,champions,train,giga-impact,0,,
musharna,champions,train,zen-headbutt,0,,
musharna,champions,train,trick-room,0,,
musharna,champions,train,charge-beam,0,,
musharna,champions,train,wonder-room,0,,
musharna,champions,train,psyshock,0,,
musharna,champions,train,round,0,,
musharna,champions,train,stored-power,0,,
musharna,champions,train,ally-switch,0,,
musharna,champions,train,moonblast,0,,
musharna,champions,train,dazzling-gleam,0,,
musharna,champions,train,psychic-terrain,0,,
musharna,champions,train,expanding-force,0,,
musharna,champions,train,misty-explosion,0,,
excadrill,champions,train,swords-dance,0,,
excadrill,champions,train,horn-drill,0,,
excadrill,champions,train,body-slam,0,,
excadrill,champions,train,double-edge,0,,
excadrill,champions,train,hyper-beam,0,,
excadrill,champions,train,earthquake,0,,
excadrill,champions,train,fissure,0,,
excadrill,champions,train,dig,0,,
excadrill,champions,train,rest,0,,
excadrill,champions,train,rock-slide,0,,
excadrill,champions,train,substitute,0,,
excadrill,champions,train,snore,0,,
excadrill,champions,train,curse,0,,
excadrill,champions,train,protect,0,,
excadrill,champions,train,scary-face,0,,
excadrill,champions,train,sludge-bomb,0,,
excadrill,champions,train,mud-slap,0,,
excadrill,champions,train,sandstorm,0,,
excadrill,champions,train,endure,0,,
excadrill,champions,train,sleep-talk,0,,
excadrill,champions,train,megahorn,0,,
excadrill,champions,train,rapid-spin,0,,
excadrill,champions,train,sunny-day,0,,
excadrill,champions,train,facade,0,,
excadrill,champions,train,helping-hand,0,,
excadrill,champions,train,brick-break,0,,
excadrill,champions,train,crush-claw,0,,
excadrill,champions,train,rock-tomb,0,,
excadrill,champions,train,metal-sound,0,,
excadrill,champions,train,sand-tomb,0,,
excadrill,champions,train,aerial-ace,0,,
excadrill,champions,train,iron-defense,0,,
excadrill,champions,train,mud-shot,0,,
excadrill,champions,train,rock-blast,0,,
excadrill,champions,train,fling,0,,
excadrill,champions,train,poison-jab,0,,
excadrill,champions,train,x-scissor,0,,
excadrill,champions,train,focus-blast,0,,
excadrill,champions,train,earth-power,0,,
excadrill,champions,train,giga-impact,0,,
excadrill,champions,train,shadow-claw,0,,
excadrill,champions,train,iron-head,0,,
excadrill,champions,train,stealth-rock,0,,
excadrill,champions,train,round,0,,
excadrill,champions,train,bulldoze,0,,
excadrill,champions,train,drill-run,0,,
excadrill,champions,train,high-horsepower,0,,
excadrill,champions,train,throat-chop,0,,
excadrill,champions,train,smart-strike,0,,
excadrill,champions,train,brutal-swing,0,,
excadrill,champions,train,stomping-tantrum,0,,
excadrill,champions,train,steel-beam,0,,
excadrill,champions,train,scorching-sands,0,,
audino,champions,train,fire-punch,0,,
audino,champions,train,ice-punch,0,,
audino,champions,train,thunder-punch,0,,
audino,champions,train,mega-kick,0,,
audino,champions,train,body-slam,0,,
audino,champions,train,double-edge,0,,
audino,champions,train,flamethrower,0,,
audino,champions,train,surf,0,,
audino,champions,train,ice-beam,0,,
audino,champions,train,blizzard,0,,
audino,champions,train,hyper-beam,0,,
audino,champions,train,low-kick,0,,
audino,champions,train,solar-beam,0,,
audino,champions,train,thunderbolt,0,,
audino,champions,train,thunder-wave,0,,
audino,champions,train,thunder,0,,
audino,champions,train,dig,0,,
audino,champions,train,psychic,0,,
audino,champions,train,light-screen,0,,
audino,champions,train,reflect,0,,
audino,champions,train,fire-blast,0,,
audino,champions,train,amnesia,0,,
audino,champions,train,rest,0,,
audino,champions,train,substitute,0,,
audino,champions,train,snore,0,,
audino,champions,train,protect,0,,
audino,champions,train,sweet-kiss,0,,
audino,champions,train,icy-wind,0,,
audino,champions,train,endure,0,,
audino,champions,train,attract,0,,
audino,champions,train,sleep-talk,0,,
audino,champions,train,safeguard,0,,
audino,champions,train,encore,0,,
audino,champions,train,iron-tail,0,,
audino,champions,train,rain-dance,0,,
audino,champions,train,sunny-day,0,,
audino,champions,train,shadow-ball,0,,
audino,champions,train,uproar,0,,
audino,champions,train,facade,0,,
audino,champions,train,helping-hand,0,,
audino,champions,train,wish,0,,
audino,champions,train,yawn,0,,
audino,champions,train,skill-swap,0,,
audino,champions,train,hyper-voice,0,,
audino,champions,train,calm-mind,0,,
audino,champions,train,healing-wish,0,,
audino,champions,train,fling,0,,
audino,champions,train,last-resort,0,,
audino,champions,train,drain-punch,0,,
audino,champions,train,giga-impact,0,,
audino,champions,train,zen-headbutt,0,,
audino,champions,train,trick-room,0,,
audino,champions,train,grass-knot,0,,
audino,champions,train,psyshock,0,,
audino,champions,train,simple-beam,0,,
audino,champions,train,entrainment,0,,
audino,champions,train,after-you,0,,
audino,champions,train,round,0,,
audino,champions,train,ally-switch,0,,
audino,champions,train,heal-pulse,0,,
audino,champions,train,wild-charge,0,,
audino,champions,train,draining-kiss,0,,
audino,champions,train,misty-terrain,0,,
audino,champions,train,dazzling-gleam,0,,
audino,champions,train,baby-doll-eyes,0,,
audino,champions,train,throat-chop,0,,
audino,champions,train,stomping-tantrum,0,,
audino,champions,train,life-dew,0,,
audino,champions,train,chilling-water,0,,
conkeldurr,champions,train,fire-punch,0,,
conkeldurr,champions,train,ice-punch,0,,
conkeldurr,champions,train,thunder-punch,0,,
conkeldurr,champions,train,mega-kick,0,,
conkeldurr,champions,train,body-slam,0,,
conkeldurr,champions,train,double-edge,0,,
conkeldurr,champions,train,hyper-beam,0,,
conkeldurr,champions,train,low-kick,0,,
conkeldurr,champions,train,counter,0,,
conkeldurr,champions,train,earthquake,0,,
conkeldurr,champions,train,dig,0,,
conkeldurr,champions,train,focus-energy,0,,
conkeldurr,champions,train,rest,0,,
conkeldurr,champions,train,rock-slide,0,,
conkeldurr,champions,train,substitute,0,,
conkeldurr,champions,train,thief,0,,
conkeldurr,champions,train,snore,0,,
conkeldurr,champions,train,curse,0,,
conkeldurr,champions,train,reversal,0,,
conkeldurr,champions,train,protect,0,,
conkeldurr,champions,train,mach-punch,0,,
conkeldurr,champions,train,scary-face,0,,
conkeldurr,champions,train,detect,0,,
conkeldurr,champions,train,endure,0,,
conkeldurr,champions,train,attract,0,,
conkeldurr,champions,train,sleep-talk,0,,
conkeldurr,champions,train,dynamic-punch,0,,
conkeldurr,champions,train,rain-dance,0,,
conkeldurr,champions,train,sunny-day,0,,
conkeldurr,champions,train,facade,0,,
conkeldurr,champions,train,focus-punch,0,,
conkeldurr,champions,train,taunt,0,,
conkeldurr,champions,train,helping-hand,0,,
conkeldurr,champions,train,superpower,0,,
conkeldurr,champions,train,brick-break,0,,
conkeldurr,champions,train,knock-off,0,,
conkeldurr,champions,train,rock-tomb,0,,
conkeldurr,champions,train,bulk-up,0,,
conkeldurr,champions,train,rock-blast,0,,
conkeldurr,champions,train,hammer-arm,0,,
conkeldurr,champions,train,close-combat,0,,
conkeldurr,champions,train,payback,0,,
conkeldurr,champions,train,fling,0,,
conkeldurr,champions,train,poison-jab,0,,
conkeldurr,champions,train,drain-punch,0,,
conkeldurr,champions,train,focus-blast,0,,
conkeldurr,champions,train,giga-impact,0,,
conkeldurr,champions,train,defog,0,,
conkeldurr,champions,train,stone-edge,0,,
conkeldurr,champions,train,grass-knot,0,,
conkeldurr,champions,train,wide-guard,0,,
conkeldurr,champions,train,smack-down,0,,
conkeldurr,champions,train,low-sweep,0,,
conkeldurr,champions,train,round,0,,
conkeldurr,champions,train,bulldoze,0,,
conkeldurr,champions,train,high-horsepower,0,,
conkeldurr,champions,train,brutal-swing,0,,
conkeldurr,champions,train,stomping-tantrum,0,,
conkeldurr,champions,train,coaching,0,,
conkeldurr,champions,train,hard-press,0,,
conkeldurr,champions,train,upper-hand,0,,
scolipede,champions,train,swords-dance,0,,
scolipede,champions,train,double-edge,0,,
scolipede,champions,train,pin-missile,0,,
scolipede,champions,train,bite,0,,
scolipede,champions,train,hyper-beam,0,,
scolipede,champions,train,solar-beam,0,,
scolipede,champions,train,earthquake,0,,
scolipede,champions,train,dig,0,,
scolipede,champions,train,toxic,0,,
scolipede,champions,train,agility,0,,
scolipede,champions,train,screech,0,,
scolipede,champions,train,leech-life,0,,
scolipede,champions,train,rest,0,,
scolipede,champions,train,rock-slide,0,,
scolipede,champions,train,substitute,0,,
scolipede,champions,train,snore,0,,
scolipede,champions,train,protect,0,,
scolipede,champions,train,sludge-bomb,0,,
scolipede,champions,train,spikes,0,,
scolipede,champions,train,endure,0,,
scolipede,champions,train,attract,0,,
scolipede,champions,train,sleep-talk,0,,
scolipede,champions,train,megahorn,0,,
scolipede,champions,train,baton-pass,0,,
scolipede,champions,train,iron-tail,0,,
scolipede,champions,train,sunny-day,0,,
scolipede,champions,train,facade,0,,
scolipede,champions,train,superpower,0,,
scolipede,champions,train,rock-tomb,0,,
scolipede,champions,train,iron-defense,0,,
scolipede,champions,train,gyro-ball,0,,
scolipede,champions,train,payback,0,,
scolipede,champions,train,assurance,0,,
scolipede,champions,train,toxic-spikes,0,,
scolipede,champions,train,poison-jab,0,,
scolipede,champions,train,x-scissor,0,,
scolipede,champions,train,giga-impact,0,,
scolipede,champions,train,cross-poison,0,,
scolipede,champions,train,gunk-shot,0,,
scolipede,champions,train,bug-bite,0,,
scolipede,champions,train,double-hit,0,,
scolipede,champions,train,venoshock,0,,
scolipede,champions,train,acid-spray,0,,
scolipede,champions,train,round,0,,
scolipede,champions,train,hex,0,,
scolipede,champions,train,bulldoze,0,,
scolipede,champions,train,throat-chop,0,,
scolipede,champions,train,smart-strike,0,,
scolipede,champions,train,stomping-tantrum,0,,
scolipede,champions,train,steel-roller,0,,
scolipede,champions,train,skitter-smack,0,,
scolipede,champions,train,pounce,0,,
scolipede,champions,train,trailblaze,0,,
whimsicott,champions,train,hyper-beam,0,,
whimsicott,champions,train,leech-seed,0,,
whimsicott,champions,train,growth,0,,
whimsicott,champions,train,solar-beam,0,,
whimsicott,champions,train,poison-powder,0,,
whimsicott,champions,train,stun-spore,0,,
whimsicott,champions,train,psychic,0,,
whimsicott,champions,train,light-screen,0,,
whimsicott,champions,train,rest,0,,
whimsicott,champions,train,substitute,0,,
whimsicott,champions,train,thief,0,,
whimsicott,champions,train,snore,0,,
whimsicott,champions,train,cotton-spore,0,,
whimsicott,champions,train,protect,0,,
whimsicott,champions,train,giga-drain,0,,
whimsicott,champions,train,endure,0,,
whimsicott,champions,train,charm,0,,
whimsicott,champions,train,attract,0,,
whimsicott,champions,train,sleep-talk,0,,
whimsicott,champions,train,safeguard,0,,
whimsicott,champions,train,encore,0,,
whimsicott,champions,train,sunny-day,0,,
whimsicott,champions,train,shadow-ball,0,,
whimsicott,champions,train,beat-up,0,,
whimsicott,champions,train,memento,0,,
whimsicott,champions,train,facade,0,,
whimsicott,champions,train,taunt,0,,
whimsicott,champions,train,helping-hand,0,,
whimsicott,champions,train,endeavor,0,,
whimsicott,champions,train,fake-tears,0,,
whimsicott,champions,train,tickle,0,,
whimsicott,champions,train,tailwind,0,,
whimsicott,champions,train,u-turn,0,,
whimsicott,champions,train,fling,0,,
whimsicott,champions,train,worry-seed,0,,
whimsicott,champions,train,seed-bomb,0,,
whimsicott,champions,train,energy-ball,0,,
whimsicott,champions,train,switcheroo,0,,
whimsicott,champions,train,giga-impact,0,,
whimsicott,champions,train,trick-room,0,,
whimsicott,champions,train,grass-knot,0,,
whimsicott,champions,train,round,0,,
whimsicott,champions,train,cotton-guard,0,,
whimsicott,champions,train,hurricane,0,,
whimsicott,champions,train,grassy-terrain,0,,
whimsicott,champions,train,misty-terrain,0,,
whimsicott,champions,train,play-rough,0,,
whimsicott,champions,train,moonblast,0,,
whimsicott,champions,train,dazzling-gleam,0,,
whimsicott,champions,train,grassy-glide,0,,
krookodile,champions,train,mega-kick,0,,
krookodile,champions,train,body-slam,0,,
krookodile,champions,train,thrash,0,,
krookodile,champions,train,double-edge,0,,
krookodile,champions,train,bite,0,,
krookodile,champions,train,roar,0,,
krookodile,champions,train,hyper-beam,0,,
krookodile,champions,train,low-kick,0,,
krookodile,champions,train,counter,0,,
krookodile,champions,train,earthquake,0,,
krookodile,champions,train,fissure,0,,
krookodile,champions,train,dig,0,,
krookodile,champions,train,focus-energy,0,,
krookodile,champions,train,rest,0,,
krookodile,champions,train,rock-slide,0,,
krookodile,champions,train,substitute,0,,
krookodile,champions,train,thief,0,,
krookodile,champions,train,snore,0,,
krookodile,champions,train,curse,0,,
krookodile,champions,train,spite,0,,
krookodile,champions,train,protect,0,,
krookodile,champions,train,scary-face,0,,
krookodile,champions,train,sludge-bomb,0,,
krookodile,champions,train,mud-slap,0,,
krookodile,champions,train,outrage,0,,
krookodile,champions,train,sandstorm,0,,
krookodile,champions,train,endure,0,,
krookodile,champions,train,swagger,0,,
krookodile,champions,train,sleep-talk,0,,
krookodile,champions,train,iron-tail,0,,
krookodile,champions,train,crunch,0,,
krookodile,champions,train,beat-up,0,,
krookodile,champions,train,uproar,0,,
krookodile,champions,train,torment,0,,
krookodile,champions,train,facade,0,,
krookodile,champions,train,focus-punch,0,,
krookodile,champions,train,taunt,0,,
krookodile,champions,train,helping-hand,0,,
krookodile,champions,train,superpower,0,,
krookodile,champions,train,brick-break,0,,
krookodile,champions,train,knock-off,0,,
krookodile,champions,train,endeavor,0,,
krookodile,champions,train,rock-tomb,0,,
krookodile,champions,train,sand-tomb,0,,
krookodile,champions,train,aerial-ace,0,,
krookodile,champions,train,dragon-claw,0,,
krookodile,champions,train,bulk-up,0,,
krookodile,champions,train,mud-shot,0,,
krookodile,champions,train,close-combat,0,,
krookodile,champions,train,payback,0,,
krookodile,champions,train,assurance,0,,
krookodile,champions,train,fling,0,,
krookodile,champions,train,dark-pulse,0,,
krookodile,champions,train,aqua-tail,0,,
krookodile,champions,train,dragon-pulse,0,,
krookodile,champions,train,focus-blast,0,,
krookodile,champions,train,earth-power,0,,
krookodile,champions,train,giga-impact,0,,
krookodile,champions,train,shadow-claw,0,,
krookodile,champions,train,thunder-fang,0,,
krookodile,champions,train,fire-fang,0,,
krookodile,champions,train,gunk-shot,0,,
krookodile,champions,train,iron-head,0,,
krookodile,champions,train,stone-edge,0,,
krookodile,champions,train,stealth-rock,0,,
krookodile,champions,train,grass-knot,0,,
krookodile,champions,train,smack-down,0,,
krookodile,champions,train,low-sweep,0,,
krookodile,champions,train,foul-play,0,,
krookodile,champions,train,round,0,,
krookodile,champions,train,bulldoze,0,,
krookodile,champions,train,dragon-tail,0,,
krookodile,champions,train,snarl,0,,
krookodile,champions,train,high-horsepower,0,,
krookodile,champions,train,throat-chop,0,,
krookodile,champions,train,power-trip,0,,
krookodile,champions,train,brutal-swing,0,,
krookodile,champions,train,stomping-tantrum,0,,
krookodile,champions,train,breaking-swipe,0,,
krookodile,champions,train,scale-shot,0,,
krookodile,champions,train,skitter-smack,0,,
krookodile,champions,train,lash-out,0,,
krookodile,champions,train,scorching-sands,0,,
scrafty,champions,train,fire-punch,0,,
scrafty,champions,train,ice-punch,0,,
scrafty,champions,train,thunder-punch,0,,
scrafty,champions,train,swords-dance,0,,
scrafty,champions,train,mega-kick,0,,
scrafty,champions,train,body-slam,0,,
scrafty,champions,train,double-edge,0,,
scrafty,champions,train,roar,0,,
scrafty,champions,train,hyper-beam,0,,
scrafty,champions,train,low-kick,0,,
scrafty,champions,train,counter,0,,
scrafty,champions,train,dig,0,,
scrafty,champions,train,amnesia,0,,
scrafty,champions,train,high-jump-kick,0,,
scrafty,champions,train,rest,0,,
scrafty,champions,train,rock-slide,0,,
scrafty,champions,train,super-fang,0,,
scrafty,champions,train,substitute,0,,
scrafty,champions,train,thief,0,,
scrafty,champions,train,snore,0,,
scrafty,champions,train,curse,0,,
scrafty,champions,train,reversal,0,,
scrafty,champions,train,spite,0,,
scrafty,champions,train,protect,0,,
scrafty,champions,train,scary-face,0,,
scrafty,champions,train,sludge-bomb,0,,
scrafty,champions,train,detect,0,,
scrafty,champions,train,outrage,0,,
scrafty,champions,train,endure,0,,
scrafty,champions,train,swagger,0,,
scrafty,champions,train,sleep-talk,0,,
scrafty,champions,train,dynamic-punch,0,,
scrafty,champions,train,encore,0,,
scrafty,champions,train,iron-tail,0,,
scrafty,champions,train,rain-dance,0,,
scrafty,champions,train,sunny-day,0,,
scrafty,champions,train,crunch,0,,
scrafty,champions,train,beat-up,0,,
scrafty,champions,train,fake-out,0,,
scrafty,champions,train,uproar,0,,
scrafty,champions,train,torment,0,,
scrafty,champions,train,facade,0,,
scrafty,champions,train,focus-punch,0,,
scrafty,champions,train,taunt,0,,
scrafty,champions,train,helping-hand,0,,
scrafty,champions,train,brick-break,0,,
scrafty,champions,train,knock-off,0,,
scrafty,champions,train,endeavor,0,,
scrafty,champions,train,fake-tears,0,,
scrafty,champions,train,rock-tomb,0,,
scrafty,champions,train,iron-defense,0,,
scrafty,champions,train,dragon-claw,0,,
scrafty,champions,train,bulk-up,0,,
scrafty,champions,train,dragon-dance,0,,
scrafty,champions,train,close-combat,0,,
scrafty,champions,train,payback,0,,
scrafty,champions,train,assurance,0,,
scrafty,champions,train,fling,0,,
scrafty,champions,train,poison-jab,0,,
scrafty,champions,train,dark-pulse,0,,
scrafty,champions,train,dragon-pulse,0,,
scrafty,champions,train,drain-punch,0,,
scrafty,champions,train,focus-blast,0,,
scrafty,champions,train,giga-impact,0,,
scrafty,champions,train,zen-headbutt,0,,
scrafty,champions,train,iron-head,0,,
scrafty,champions,train,stone-edge,0,,
scrafty,champions,train,grass-knot,0,,
scrafty,champions,train,head-smash,0,,
scrafty,champions,train,smack-down,0,,
scrafty,champions,train,low-sweep,0,,
scrafty,champions,train,acid-spray,0,,
scrafty,champions,train,foul-play,0,,
scrafty,champions,train,round,0,,
scrafty,champions,train,quick-guard,0,,
scrafty,champions,train,dragon-tail,0,,
scrafty,champions,train,snarl,0,,
scrafty,champions,train,throat-chop,0,,
scrafty,champions,train,lash-out,0,,
scrafty,champions,train,coaching,0,,
scrafty,champions,train,trailblaze,0,,
scrafty,champions,train,upper-hand,0,,
cofagrigus,champions,train,disable,0,,
cofagrigus,champions,train,hyper-beam,0,,
cofagrigus,champions,train,psychic,0,,
cofagrigus,champions,train,night-shade,0,,
cofagrigus,champions,train,confuse-ray,0,,
cofagrigus,champions,train,haze,0,,
cofagrigus,champions,train,self-destruct,0,,
cofagrigus,champions,train,rest,0,,
cofagrigus,champions,train,substitute,0,,
cofagrigus,champions,train,thief,0,,
cofagrigus,champions,train,snore,0,,
cofagrigus,champions,train,curse,0,,
cofagrigus,champions,train,protect,0,,
cofagrigus,champions,train,scary-face,0,,
cofagrigus,champions,train,destiny-bond,0,,
cofagrigus,champions,train,giga-drain,0,,
cofagrigus,champions,train,endure,0,,
cofagrigus,champions,train,mean-look,0,,
cofagrigus,champions,train,attract,0,,
cofagrigus,champions,train,sleep-talk,0,,
cofagrigus,champions,train,safeguard,0,,
cofagrigus,champions,train,rain-dance,0,,
cofagrigus,champions,train,shadow-ball,0,,
cofagrigus,champions,train,will-o-wisp,0,,
cofagrigus,champions,train,memento,0,,
cofagrigus,champions,train,facade,0,,
cofagrigus,champions,train,trick,0,,
cofagrigus,champions,train,skill-swap,0,,
cofagrigus,champions,train,imprison,0,,
cofagrigus,champions,train,fake-tears,0,,
cofagrigus,champions,train,shadow-punch,0,,
cofagrigus,champions,train,iron-defense,0,,
cofagrigus,champions,train,calm-mind,0,,
cofagrigus,champions,train,payback,0,,
cofagrigus,champions,train,power-swap,0,,
cofagrigus,champions,train,guard-swap,0,,
cofagrigus,champions,train,toxic-spikes,0,,
cofagrigus,champions,train,dark-pulse,0,,
cofagrigus,champions,train,energy-ball,0,,
cofagrigus,champions,train,giga-impact,0,,
cofagrigus,champions,train,nasty-plot,0,,
cofagrigus,champions,train,shadow-claw,0,,
cofagrigus,champions,train,zen-headbutt,0,,
cofagrigus,champions,train,trick-room,0,,
cofagrigus,champions,train,grass-knot,0,,
cofagrigus,champions,train,guard-split,0,,
cofagrigus,champions,train,power-split,0,,
cofagrigus,champions,train,wonder-room,0,,
cofagrigus,champions,train,round,0,,
cofagrigus,champions,train,ally-switch,0,,
cofagrigus,champions,train,hex,0,,
cofagrigus,champions,train,phantom-force,0,,
cofagrigus,champions,train,body-press,0,,
cofagrigus,champions,train,poltergeist,0,,
garbodor,champions,train,body-slam,0,,
garbodor,champions,train,hyper-beam,0,,
garbodor,champions,train,solar-beam,0,,
garbodor,champions,train,thunderbolt,0,,
garbodor,champions,train,toxic,0,,
garbodor,champions,train,psychic,0,,
garbodor,champions,train,screech,0,,
garbodor,champions,train,haze,0,,
garbodor,champions,train,self-destruct,0,,
garbodor,champions,train,amnesia,0,,
garbodor,champions,train,explosion,0,,
garbodor,champions,train,rest,0,,
garbodor,champions,train,substitute,0,,
garbodor,champions,train,thief,0,,
garbodor,champions,train,snore,0,,
garbodor,champions,train,curse,0,,
garbodor,champions,train,protect,0,,
garbodor,champions,train,sludge-bomb,0,,
garbodor,champions,train,spikes,0,,
garbodor,champions,train,giga-drain,0,,
garbodor,champions,train,endure,0,,
garbodor,champions,train,attract,0,,
garbodor,champions,train,sleep-talk,0,,
garbodor,champions,train,pain-split,0,,
garbodor,champions,train,rain-dance,0,,
garbodor,champions,train,sunny-day,0,,
garbodor,champions,train,ancient-power,0,,
garbodor,champions,train,stockpile,0,,
garbodor,champions,train,swallow,0,,
garbodor,champions,train,facade,0,,
garbodor,champions,train,recycle,0,,
garbodor,champions,train,mud-shot,0,,
garbodor,champions,train,rock-blast,0,,
garbodor,champions,train,payback,0,,
garbodor,champions,train,fling,0,,
garbodor,champions,train,toxic-spikes,0,,
garbodor,champions,train,poison-jab,0,,
garbodor,champions,train,dark-pulse,0,,
garbodor,champions,train,seed-bomb,0,,
garbodor,champions,train,drain-punch,0,,
garbodor,champions,train,focus-blast,0,,
garbodor,champions,train,giga-impact,0,,
garbodor,champions,train,cross-poison,0,,
garbodor,champions,train,gunk-shot,0,,
garbodor,champions,train,venoshock,0,,
garbodor,champions,train,sludge-wave,0,,
garbodor,champions,train,acid-spray,0,,
garbodor,champions,train,round,0,,
garbodor,champions,train,clear-smog,0,,
garbodor,champions,train,belch,0,,
garbodor,champions,train,stomping-tantrum,0,,
garbodor,champions,train,body-press,0,,
garbodor,champions,train,corrosive-gas,0,,
zoroark,champions,train,swords-dance,0,,
zoroark,champions,train,mega-kick,0,,
zoroark,champions,train,body-slam,0,,
zoroark,champions,train,roar,0,,
zoroark,champions,train,flamethrower,0,,
zoroark,champions,train,hyper-beam,0,,
zoroark,champions,train,low-kick,0,,
zoroark,champions,train,counter,0,,
zoroark,champions,train,dig,0,,
zoroark,champions,train,toxic,0,,
zoroark,champions,train,psychic,0,,
zoroark,champions,train,agility,0,,
zoroark,champions,train,night-shade,0,,
zoroark,champions,train,confuse-ray,0,,
zoroark,champions,train,rest,0,,
zoroark,champions,train,substitute,0,,
zoroark,champions,train,thief,0,,
zoroark,champions,train,snore,0,,
zoroark,champions,train,spite,0,,
zoroark,champions,train,protect,0,,
zoroark,champions,train,scary-face,0,,
zoroark,champions,train,sludge-bomb,0,,
zoroark,champions,train,detect,0,,
zoroark,champions,train,endure,0,,
zoroark,champions,train,sleep-talk,0,,
zoroark,champions,train,pain-split,0,,
zoroark,champions,train,encore,0,,
zoroark,champions,train,rain-dance,0,,
zoroark,champions,train,sunny-day,0,,
zoroark,champions,train,crunch,0,,
zoroark,champions,train,psych-up,0,,
zoroark,champions,train,shadow-ball,0,,
zoroark,champions,train,uproar,0,,
zoroark,champions,train,torment,0,,
zoroark,champions,train,memento,0,,
zoroark,champions,train,facade,0,,
zoroark,champions,train,taunt,0,,
zoroark,champions,train,helping-hand,0,,
zoroark,champions,train,trick,0,,
zoroark,champions,train,brick-break,0,,
zoroark,champions,train,knock-off,0,,
zoroark,champions,train,imprison,0,,
zoroark,champions,train,hyper-voice,0,,
zoroark,champions,train,fake-tears,0,,
zoroark,champions,train,extrasensory,0,,
zoroark,champions,train,aerial-ace,0,,
zoroark,champions,train,bounce,0,,
zoroark,champions,train,calm-mind,0,,
zoroark,champions,train,u-turn,0,,
zoroark,champions,train,payback,0,,
zoroark,champions,train,assurance,0,,
zoroark,champions,train,fling,0,,
zoroark,champions,train,sucker-punch,0,,
zoroark,champions,train,dark-pulse,0,,
zoroark,champions,train,night-slash,0,,
zoroark,champions,train,focus-blast,0,,
zoroark,champions,train,giga-impact,0,,
zoroark,champions,train,nasty-plot,0,,
zoroark,champions,train,shadow-claw,0,,
zoroark,champions,train,grass-knot,0,,
zoroark,champions,train,low-sweep,0,,
zoroark,champions,train,foul-play,0,,
zoroark,champions,train,round,0,,
zoroark,champions,train,hex,0,,
zoroark,champions,train,night-daze,0,,
zoroark,champions,train,snarl,0,,
zoroark,champions,train,throat-chop,0,,
zoroark,champions,train,skitter-smack,0,,
zoroark,champions,train,burning-jealousy,0,,
zoroark,champions,train,lash-out,0,,
reuniclus,champions,train,fire-punch,0,,
reuniclus,champions,train,ice-punch,0,,
reuniclus,champions,train,thunder-punch,0,,
reuniclus,champions,train,body-slam,0,,
reuniclus,champions,train,hyper-beam,0,,
reuniclus,champions,train,thunder-wave,0,,
reuniclus,champions,train,thunder,0,,
reuniclus,champions,train,psychic,0,,
reuniclus,champions,train,night-shade,0,,
reuniclus,champions,train,recover,0,,
reuniclus,champions,train,confuse-ray,0,,
reuniclus,champions,train,light-screen,0,,
reuniclus,champions,train,reflect,0,,
reuniclus,champions,train,acid-armor,0,,
reuniclus,champions,train,rest,0,,
reuniclus,champions,train,rock-slide,0,,
reuniclus,champions,train,substitute,0,,
reuniclus,champions,train,snore,0,,
reuniclus,champions,train,protect,0,,
reuniclus,champions,train,endure,0,,
reuniclus,champions,train,charm,0,,
reuniclus,champions,train,attract,0,,
reuniclus,champions,train,sleep-talk,0,,
reuniclus,champions,train,safeguard,0,,
reuniclus,champions,train,pain-split,0,,
reuniclus,champions,train,encore,0,,
reuniclus,champions,train,rain-dance,0,,
reuniclus,champions,train,sunny-day,0,,
reuniclus,champions,train,psych-up,0,,
reuniclus,champions,train,shadow-ball,0,,
reuniclus,champions,train,future-sight,0,,
reuniclus,champions,train,facade,0,,
reuniclus,champions,train,focus-punch,0,,
reuniclus,champions,train,helping-hand,0,,
reuniclus,champions,train,trick,0,,
reuniclus,champions,train,superpower,0,,
reuniclus,champions,train,knock-off,0,,
reuniclus,champions,train,endeavor,0,,
reuniclus,champions,train,skill-swap,0,,
reuniclus,champions,train,imprison,0,,
reuniclus,champions,train,rock-tomb,0,,
reuniclus,champions,train,iron-defense,0,,
reuniclus,champions,train,calm-mind,0,,
reuniclus,champions,train,gravity,0,,
reuniclus,champions,train,hammer-arm,0,,
reuniclus,champions,train,gyro-ball,0,,
reuniclus,champions,train,fling,0,,
reuniclus,champions,train,power-swap,0,,
reuniclus,champions,train,guard-swap,0,,
reuniclus,champions,train,drain-punch,0,,
reuniclus,champions,train,focus-blast,0,,
reuniclus,champions,train,energy-ball,0,,
reuniclus,champions,train,giga-impact,0,,
reuniclus,champions,train,zen-headbutt,0,,
reuniclus,champions,train,flash-cannon,0,,
reuniclus,champions,train,trick-room,0,,
reuniclus,champions,train,grass-knot,0,,
reuniclus,champions,train,wonder-room,0,,
reuniclus,champions,train,psyshock,0,,
reuniclus,champions,train,round,0,,
reuniclus,champions,train,stored-power,0,,
reuniclus,champions,train,ally-switch,0,,
reuniclus,champions,train,psychic-terrain,0,,
reuniclus,champions,train,expanding-force,0,,
reuniclus,champions,train,steel-roller,0,,
reuniclus,champions,train,psychic-noise,0,,
vanilluxe,champions,train,ice-beam,0,,
vanilluxe,champions,train,blizzard,0,,
vanilluxe,champions,train,hyper-beam,0,,
vanilluxe,champions,train,light-screen,0,,
vanilluxe,champions,train,self-destruct,0,,
vanilluxe,champions,train,acid-armor,0,,
vanilluxe,champions,train,explosion,0,,
vanilluxe,champions,train,rest,0,,
vanilluxe,champions,train,substitute,0,,
vanilluxe,champions,train,snore,0,,
vanilluxe,champions,train,protect,0,,
vanilluxe,champions,train,icy-wind,0,,
vanilluxe,champions,train,endure,0,,
vanilluxe,champions,train,attract,0,,
vanilluxe,champions,train,sleep-talk,0,,
vanilluxe,champions,train,rain-dance,0,,
vanilluxe,champions,train,mirror-coat,0,,
vanilluxe,champions,train,beat-up,0,,
vanilluxe,champions,train,uproar,0,,
vanilluxe,champions,train,facade,0,,
vanilluxe,champions,train,taunt,0,,
vanilluxe,champions,train,imprison,0,,
vanilluxe,champions,train,hyper-voice,0,,
vanilluxe,champions,train,weather-ball,0,,
vanilluxe,champions,train,sheer-cold,0,,
vanilluxe,champions,train,icicle-spear,0,,
vanilluxe,champions,train,iron-defense,0,,
vanilluxe,champions,train,magnet-rise,0,,
vanilluxe,champions,train,giga-impact,0,,
vanilluxe,champions,train,avalanche,0,,
vanilluxe,champions,train,ice-shard,0,,
vanilluxe,champions,train,flash-cannon,0,,
vanilluxe,champions,train,round,0,,
vanilluxe,champions,train,ally-switch,0,,
vanilluxe,champions,train,frost-breath,0,,
vanilluxe,champions,train,icicle-crash,0,,
vanilluxe,champions,train,freeze-dry,0,,
vanilluxe,champions,train,aurora-veil,0,,
vanilluxe,champions,train,ice-spinner,0,,
vanilluxe,champions,train,snowscape,0,,
vanilluxe,champions,train,chilling-water,0,,
emolga,champions,train,solar-beam,0,,
emolga,champions,train,thunderbolt,0,,
emolga,champions,train,thunder-wave,0,,
emolga,champions,train,thunder,0,,
emolga,champions,train,agility,0,,
emolga,champions,train,quick-attack,0,,
emolga,champions,train,double-team,0,,
emolga,champions,train,light-screen,0,,
emolga,champions,train,rest,0,,
emolga,champions,train,substitute,0,,
emolga,champions,train,snore,0,,
emolga,champions,train,protect,0,,
emolga,champions,train,endure,0,,
emolga,champions,train,charm,0,,
emolga,champions,train,attract,0,,
emolga,champions,train,sleep-talk,0,,
emolga,champions,train,baton-pass,0,,
emolga,champions,train,encore,0,,
emolga,champions,train,iron-tail,0,,
emolga,champions,train,rain-dance,0,,
emolga,champions,train,facade,0,,
emolga,champions,train,charge,0,,
emolga,champions,train,taunt,0,,
emolga,champions,train,helping-hand,0,,
emolga,champions,train,tickle,0,,
emolga,champions,train,covet,0,,
emolga,champions,train,roost,0,,
emolga,champions,train,u-turn,0,,
emolga,champions,train,fling,0,,
emolga,champions,train,air-slash,0,,
emolga,champions,train,energy-ball,0,,
emolga,champions,train,defog,0,,
emolga,champions,train,discharge,0,,
emolga,champions,train,charge-beam,0,,
emolga,champions,train,electro-ball,0,,
emolga,champions,train,round,0,,
emolga,champions,train,acrobatics,0,,
emolga,champions,train,volt-switch,0,,
emolga,champions,train,electroweb,0,,
emolga,champions,train,wild-charge,0,,
emolga,champions,train,eerie-impulse,0,,
emolga,champions,train,nuzzle,0,,
emolga,champions,train,speed-swap,0,,
emolga,champions,train,rising-voltage,0,,
emolga,champions,train,dual-wingbeat,0,,
emolga,champions,train,pounce,0,,
eelektross,champions,train,fire-punch,0,,
eelektross,champions,train,thunder-punch,0,,
eelektross,champions,train,body-slam,0,,
eelektross,champions,train,thrash,0,,
eelektross,champions,train,flamethrower,0,,
eelektross,champions,train,hyper-beam,0,,
eelektross,champions,train,thunderbolt,0,,
eelektross,champions,train,thunder-wave,0,,
eelektross,champions,train,thunder,0,,
eelektross,champions,train,confuse-ray,0,,
eelektross,champions,train,light-screen,0,,
eelektross,champions,train,waterfall,0,,
eelektross,champions,train,rest,0,,
eelektross,champions,train,rock-slide,0,,
eelektross,champions,train,super-fang,0,,
eelektross,champions,train,substitute,0,,
eelektross,champions,train,snore,0,,
eelektross,champions,train,protect,0,,
eelektross,champions,train,scary-face,0,,
eelektross,champions,train,zap-cannon,0,,
eelektross,champions,train,outrage,0,,
eelektross,champions,train,giga-drain,0,,
eelektross,champions,train,endure,0,,
eelektross,champions,train,sleep-talk,0,,
eelektross,champions,train,iron-tail,0,,
eelektross,champions,train,rain-dance,0,,
eelektross,champions,train,sunny-day,0,,
eelektross,champions,train,crunch,0,,
eelektross,champions,train,facade,0,,
eelektross,champions,train,focus-punch,0,,
eelektross,champions,train,charge,0,,
eelektross,champions,train,superpower,0,,
eelektross,champions,train,brick-break,0,,
eelektross,champions,train,knock-off,0,,
eelektross,champions,train,poison-fang,0,,
eelektross,champions,train,crush-claw,0,,
eelektross,champions,train,rock-tomb,0,,
eelektross,champions,train,muddy-water,0,,
eelektross,champions,train,dragon-claw,0,,
eelektross,champions,train,bulk-up,0,,
eelektross,champions,train,bounce,0,,
eelektross,champions,train,u-turn,0,,
eelektross,champions,train,close-combat,0,,
eelektross,champions,train,gastro-acid,0,,
eelektross,champions,train,dragon-pulse,0,,
eelektross,champions,train,drain-punch,0,,
eelektross,champions,train,giga-impact,0,,
eelektross,champions,train,thunder-fang,0,,
eelektross,champions,train,zen-headbutt,0,,
eelektross,champions,train,flash-cannon,0,,
eelektross,champions,train,discharge,0,,
eelektross,champions,train,grass-knot,0,,
eelektross,champions,train,charge-beam,0,,
eelektross,champions,train,heavy-slam,0,,
eelektross,champions,train,electro-ball,0,,
eelektross,champions,train,coil,0,,
eelektross,champions,train,acid-spray,0,,
eelektross,champions,train,round,0,,
eelektross,champions,train,hex,0,,
eelektross,champions,train,acrobatics,0,,
eelektross,champions,train,volt-switch,0,,
eelektross,champions,train,bulldoze,0,,
eelektross,champions,train,dragon-tail,0,,
eelektross,champions,train,electroweb,0,,
eelektross,champions,train,wild-charge,0,,
eelektross,champions,train,eerie-impulse,0,,
eelektross,champions,train,electric-terrain,0,,
eelektross,champions,train,throat-chop,0,,
eelektross,champions,train,lunge,0,,
eelektross,champions,train,psychic-fangs,0,,
eelektross,champions,train,stomping-tantrum,0,,
eelektross,champions,train,liquidation,0,,
eelektross,champions,train,body-press,0,,
eelektross,champions,train,rising-voltage,0,,
eelektross,champions,train,supercell-slam,0,,
chandelure,champions,train,flamethrower,0,,
chandelure,champions,train,hyper-beam,0,,
chandelure,champions,train,solar-beam,0,,
chandelure,champions,train,fire-spin,0,,
chandelure,champions,train,psychic,0,,
chandelure,champions,train,night-shade,0,,
chandelure,champions,train,double-team,0,,
chandelure,champions,train,minimize,0,,
chandelure,champions,train,confuse-ray,0,,
chandelure,champions,train,haze,0,,
chandelure,champions,train,fire-blast,0,,
chandelure,champions,train,acid-armor,0,,
chandelure,champions,train,rest,0,,
chandelure,champions,train,substitute,0,,
chandelure,champions,train,thief,0,,
chandelure,champions,train,snore,0,,
chandelure,champions,train,curse,0,,
chandelure,champions,train,spite,0,,
chandelure,champions,train,protect,0,,
chandelure,champions,train,endure,0,,
chandelure,champions,train,sleep-talk,0,,
chandelure,champions,train,safeguard,0,,
chandelure,champions,train,pain-split,0,,
chandelure,champions,train,sunny-day,0,,
chandelure,champions,train,psych-up,0,,
chandelure,champions,train,shadow-ball,0,,
chandelure,champions,train,heat-wave,0,,
chandelure,champions,train,will-o-wisp,0,,
chandelure,champions,train,memento,0,,
chandelure,champions,train,facade,0,,
chandelure,champions,train,taunt,0,,
chandelure,champions,train,trick,0,,
chandelure,champions,train,imprison,0,,
chandelure,champions,train,overheat,0,,
chandelure,champions,train,calm-mind,0,,
chandelure,champions,train,payback,0,,
chandelure,champions,train,flare-blitz,0,,
chandelure,champions,train,dark-pulse,0,,
chandelure,champions,train,energy-ball,0,,
chandelure,champions,train,giga-impact,0,,
chandelure,champions,train,trick-room,0,,
chandelure,champions,train,power-split,0,,
chandelure,champions,train,flame-charge,0,,
chandelure,champions,train,round,0,,
chandelure,champions,train,clear-smog,0,,
chandelure,champions,train,hex,0,,
chandelure,champions,train,inferno,0,,
chandelure,champions,train,mystical-fire,0,,
chandelure,champions,train,skitter-smack,0,,
chandelure,champions,train,burning-jealousy,0,,
chandelure,champions,train,lash-out,0,,
chandelure,champions,train,poltergeist,0,,
chandelure,champions,train,trailblaze,0,,
chandelure,champions,train,temper-flare,0,,
beartic,champions,train,ice-punch,0,,
beartic,champions,train,swords-dance,0,,
beartic,champions,train,mega-kick,0,,
beartic,champions,train,body-slam,0,,
beartic,champions,train,thrash,0,,
beartic,champions,train,double-edge,0,,
beartic,champions,train,roar,0,,
beartic,champions,train,surf,0,,
beartic,champions,train,ice-beam,0,,
beartic,champions,train,blizzard,0,,
beartic,champions,train,hyper-beam,0,,
beartic,champions,train,low-kick,0,,
beartic,champions,train,earthquake,0,,
beartic,champions,train,dig,0,,
beartic,champions,train,rest,0,,
beartic,champions,train,rock-slide,0,,
beartic,champions,train,substitute,0,,
beartic,champions,train,thief,0,,
beartic,champions,train,snore,0,,
beartic,champions,train,curse,0,,
beartic,champions,train,flail,0,,
beartic,champions,train,reversal,0,,
beartic,champions,train,protect,0,,
beartic,champions,train,scary-face,0,,
beartic,champions,train,mud-slap,0,,
beartic,champions,train,icy-wind,0,,
beartic,champions,train,endure,0,,
beartic,champions,train,charm,0,,
beartic,champions,train,swagger,0,,
beartic,champions,train,sleep-talk,0,,
beartic,champions,train,encore,0,,
beartic,champions,train,rain-dance,0,,
beartic,champions,train,crunch,0,,
beartic,champions,train,facade,0,,
beartic,champions,train,focus-punch,0,,
beartic,champions,train,taunt,0,,
beartic,champions,train,superpower,0,,
beartic,champions,train,brick-break,0,,
beartic,champions,train,yawn,0,,
beartic,champions,train,endeavor,0,,
beartic,champions,train,dive,0,,
beartic,champions,train,rock-tomb,0,,
beartic,champions,train,sheer-cold,0,,
beartic,champions,train,aerial-ace,0,,
beartic,champions,train,icicle-spear,0,,
beartic,champions,train,bulk-up,0,,
beartic,champions,train,mud-shot,0,,
beartic,champions,train,water-pulse,0,,
beartic,champions,train,close-combat,0,,
beartic,champions,train,assurance,0,,
beartic,champions,train,fling,0,,
beartic,champions,train,night-slash,0,,
beartic,champions,train,x-scissor,0,,
beartic,champions,train,focus-blast,0,,
beartic,champions,train,giga-impact,0,,
beartic,champions,train,avalanche,0,,
beartic,champions,train,shadow-claw,0,,
beartic,champions,train,ice-fang,0,,
beartic,champions,train,stone-edge,0,,
beartic,champions,train,grass-knot,0,,
beartic,champions,train,aqua-jet,0,,
beartic,champions,train,heavy-slam,0,,
beartic,champions,train,round,0,,
beartic,champions,train,bulldoze,0,,
beartic,champions,train,frost-breath,0,,
beartic,champions,train,snarl,0,,
beartic,champions,train,icicle-crash,0,,
beartic,champions,train,play-rough,0,,
beartic,champions,train,throat-chop,0,,
beartic,champions,train,liquidation,0,,
beartic,champions,train,body-press,0,,
beartic,champions,train,snowscape,0,,
beartic,champions,train,trailblaze,0,,
beartic,champions,train,chilling-water,0,,
beartic,champions,train,hard-press,0,,
stunfisk,champions,train,surf,0,,
stunfisk,champions,train,thunderbolt,0,,
stunfisk,champions,train,thunder-wave,0,,
stunfisk,champions,train,thunder,0,,
stunfisk,champions,train,earthquake,0,,
stunfisk,champions,train,fissure,0,,
stunfisk,champions,train,dig,0,,
stunfisk,champions,train,rest,0,,
stunfisk,champions,train,rock-slide,0,,
stunfisk,champions,train,substitute,0,,
stunfisk,champions,train,snore,0,,
stunfisk,champions,train,curse,0,,
stunfisk,champions,train,flail,0,,
stunfisk,champions,train,spite,0,,
stunfisk,champions,train,protect,0,,
stunfisk,champions,train,sludge-bomb,0,,
stunfisk,champions,train,mud-slap,0,,
stunfisk,champions,train,sandstorm,0,,
stunfisk,champions,train,endure,0,,
stunfisk,champions,train,attract,0,,
stunfisk,champions,train,sleep-talk,0,,
stunfisk,champions,train,pain-split,0,,
stunfisk,champions,train,rain-dance,0,,
stunfisk,champions,train,uproar,0,,
stunfisk,champions,train,facade,0,,
stunfisk,champions,train,charge,0,,
stunfisk,champions,train,yawn,0,,
stunfisk,champions,train,rock-tomb,0,,
stunfisk,champions,train,muddy-water,0,,
stunfisk,champions,train,bounce,0,,
stunfisk,champions,train,mud-shot,0,,
stunfisk,champions,train,payback,0,,
stunfisk,champions,train,sucker-punch,0,,
stunfisk,champions,train,earth-power,0,,
stunfisk,champions,train,discharge,0,,
stunfisk,champions,train,stone-edge,0,,
stunfisk,champions,train,stealth-rock,0,,
stunfisk,champions,train,sludge-wave,0,,
stunfisk,champions,train,foul-play,0,,
stunfisk,champions,train,round,0,,
stunfisk,champions,train,scald,0,,
stunfisk,champions,train,reflect-type,0,,
stunfisk,champions,train,bulldoze,0,,
stunfisk,champions,train,electroweb,0,,
stunfisk,champions,train,eerie-impulse,0,,
stunfisk,champions,train,electric-terrain,0,,
stunfisk,champions,train,stomping-tantrum,0,,
stunfisk,champions,train,lash-out,0,,
golurk,champions,train,fire-punch,0,,
golurk,champions,train,ice-punch,0,,
golurk,champions,train,thunder-punch,0,,
golurk,champions,train,fly,0,,
golurk,champions,train,mega-kick,0,,
golurk,champions,train,body-slam,0,,
golurk,champions,train,double-edge,0,,
golurk,champions,train,ice-beam,0,,
golurk,champions,train,hyper-beam,0,,
golurk,champions,train,low-kick,0,,
golurk,champions,train,solar-beam,0,,
golurk,champions,train,thunderbolt,0,,
golurk,champions,train,earthquake,0,,
golurk,champions,train,dig,0,,
golurk,champions,train,psychic,0,,
golurk,champions,train,night-shade,0,,
golurk,champions,train,confuse-ray,0,,
golurk,champions,train,reflect,0,,
golurk,champions,train,self-destruct,0,,
golurk,champions,train,rest,0,,
golurk,champions,train,rock-slide,0,,
golurk,champions,train,substitute,0,,
golurk,champions,train,thief,0,,
golurk,champions,train,snore,0,,
golurk,champions,train,curse,0,,
golurk,champions,train,protect,0,,
golurk,champions,train,mud-slap,0,,
golurk,champions,train,icy-wind,0,,
golurk,champions,train,sandstorm,0,,
golurk,champions,train,endure,0,,
golurk,champions,train,sleep-talk,0,,
golurk,champions,train,dynamic-punch,0,,
golurk,champions,train,rain-dance,0,,
golurk,champions,train,sunny-day,0,,
golurk,champions,train,psych-up,0,,
golurk,champions,train,shadow-ball,0,,
golurk,champions,train,facade,0,,
golurk,champions,train,focus-punch,0,,
golurk,champions,train,helping-hand,0,,
golurk,champions,train,trick,0,,
golurk,champions,train,superpower,0,,
golurk,champions,train,brick-break,0,,
golurk,champions,train,knock-off,0,,
golurk,champions,train,imprison,0,,
golurk,champions,train,rock-tomb,0,,
golurk,champions,train,shadow-punch,0,,
golurk,champions,train,iron-defense,0,,
golurk,champions,train,gravity,0,,
golurk,champions,train,hammer-arm,0,,
golurk,champions,train,gyro-ball,0,,
golurk,champions,train,close-combat,0,,
golurk,champions,train,fling,0,,
golurk,champions,train,drain-punch,0,,
golurk,champions,train,focus-blast,0,,
golurk,champions,train,earth-power,0,,
golurk,champions,train,giga-impact,0,,
golurk,champions,train,zen-headbutt,0,,
golurk,champions,train,flash-cannon,0,,
golurk,champions,train,iron-head,0,,
golurk,champions,train,stone-edge,0,,
golurk,champions,train,stealth-rock,0,,
golurk,champions,train,grass-knot,0,,
golurk,champions,train,charge-beam,0,,
golurk,champions,train,smack-down,0,,
golurk,champions,train,heavy-slam,0,,
golurk,champions,train,low-sweep,0,,
golurk,champions,train,round,0,,
golurk,champions,train,hex,0,,
golurk,champions,train,bulldoze,0,,
golurk,champions,train,heat-crash,0,,
golurk,champions,train,phantom-force,0,,
golurk,champions,train,high-horsepower,0,,
golurk,champions,train,stomping-tantrum,0,,
golurk,champions,train,body-press,0,,
golurk,champions,train,poltergeist,0,,
golurk,champions,train,scorching-sands,0,,
golurk,champions,train,headlong-rush,0,,
golurk,champions,train,hard-press,0,,
hydreigon,champions,train,fly,0,,
hydreigon,champions,train,body-slam,0,,
hydreigon,champions,train,bite,0,,
hydreigon,champions,train,roar,0,,
hydreigon,champions,train,flamethrower,0,,
hydreigon,champions,train,hydro-pump,0,,
hydreigon,champions,train,surf,0,,
hydreigon,champions,train,hyper-beam,0,,
hydreigon,champions,train,fire-spin,0,,
hydreigon,champions,train,thunder-wave,0,,
hydreigon,champions,train,earthquake,0,,
hydreigon,champions,train,screech,0,,
hydreigon,champions,train,reflect,0,,
hydreigon,champions,train,focus-energy,0,,
hydreigon,champions,train,fire-blast,0,,
hydreigon,champions,train,rest,0,,
hydreigon,champions,train,rock-slide,0,,
hydreigon,champions,train,tri-attack,0,,
hydreigon,champions,train,substitute,0,,
hydreigon,champions,train,thief,0,,
hydreigon,champions,train,snore,0,,
hydreigon,champions,train,spite,0,,
hydreigon,champions,train,protect,0,,
hydreigon,champions,train,scary-face,0,,
hydreigon,champions,train,outrage,0,,
hydreigon,champions,train,endure,0,,
hydreigon,champions,train,steel-wing,0,,
hydreigon,champions,train,sleep-talk,0,,
hydreigon,champions,train,iron-tail,0,,
hydreigon,champions,train,rain-dance,0,,
hydreigon,champions,train,sunny-day,0,,
hydreigon,champions,train,crunch,0,,
hydreigon,champions,train,psych-up,0,,
hydreigon,champions,train,beat-up,0,,
hydreigon,champions,train,uproar,0,,
hydreigon,champions,train,heat-wave,0,,
hydreigon,champions,train,facade,0,,
hydreigon,champions,train,taunt,0,,
hydreigon,champions,train,helping-hand,0,,
hydreigon,champions,train,superpower,0,,
hydreigon,champions,train,hyper-voice,0,,
hydreigon,champions,train,rock-tomb,0,,
hydreigon,champions,train,dragon-dance,0,,
hydreigon,champions,train,tailwind,0,,
hydreigon,champions,train,u-turn,0,,
hydreigon,champions,train,payback,0,,
hydreigon,champions,train,assurance,0,,
hydreigon,champions,train,dark-pulse,0,,
hydreigon,champions,train,dragon-pulse,0,,
hydreigon,champions,train,dragon-rush,0,,
hydreigon,champions,train,focus-blast,0,,
hydreigon,champions,train,earth-power,0,,
hydreigon,champions,train,giga-impact,0,,
hydreigon,champions,train,nasty-plot,0,,
hydreigon,champions,train,thunder-fang,0,,
hydreigon,champions,train,ice-fang,0,,
hydreigon,champions,train,fire-fang,0,,
hydreigon,champions,train,zen-headbutt,0,,
hydreigon,champions,train,flash-cannon,0,,
hydreigon,champions,train,draco-meteor,0,,
hydreigon,champions,train,stone-edge,0,,
hydreigon,champions,train,stealth-rock,0,,
hydreigon,champions,train,head-smash,0,,
hydreigon,champions,train,double-hit,0,,
hydreigon,champions,train,round,0,,
hydreigon,champions,train,acrobatics,0,,
hydreigon,champions,train,bulldoze,0,,
hydreigon,champions,train,dragon-tail,0,,
hydreigon,champions,train,snarl,0,,
hydreigon,champions,train,belch,0,,
hydreigon,champions,train,throat-chop,0,,
hydreigon,champions,train,brutal-swing,0,,
hydreigon,champions,train,stomping-tantrum,0,,
hydreigon,champions,train,breaking-swipe,0,,
hydreigon,champions,train,scale-shot,0,,
hydreigon,champions,train,lash-out,0,,
hydreigon,champions,train,dual-wingbeat,0,,
hydreigon,champions,train,dragon-cheer,0,,
volcarona,champions,train,whirlwind,0,,
volcarona,champions,train,fly,0,,
volcarona,champions,train,body-slam,0,,
volcarona,champions,train,thrash,0,,
volcarona,champions,train,double-edge,0,,
volcarona,champions,train,flamethrower,0,,
volcarona,champions,train,hyper-beam,0,,
volcarona,champions,train,solar-beam,0,,
volcarona,champions,train,string-shot,0,,
volcarona,champions,train,fire-spin,0,,
volcarona,champions,train,psychic,0,,
volcarona,champions,train,screech,0,,
volcarona,champions,train,light-screen,0,,
volcarona,champions,train,fire-blast,0,,
volcarona,champions,train,amnesia,0,,
volcarona,champions,train,leech-life,0,,
volcarona,champions,train,rest,0,,
volcarona,champions,train,substitute,0,,
volcarona,champions,train,snore,0,,
volcarona,champions,train,protect,0,,
volcarona,champions,train,giga-drain,0,,
volcarona,champions,train,endure,0,,
volcarona,champions,train,sleep-talk,0,,
volcarona,champions,train,safeguard,0,,
volcarona,champions,train,morning-sun,0,,
volcarona,champions,train,rain-dance,0,,
volcarona,champions,train,sunny-day,0,,
volcarona,champions,train,heat-wave,0,,
volcarona,champions,train,will-o-wisp,0,,
volcarona,champions,train,facade,0,,
volcarona,champions,train,air-cutter,0,,
volcarona,champions,train,overheat,0,,
volcarona,champions,train,calm-mind,0,,
volcarona,champions,train,tailwind,0,,
volcarona,champions,train,u-turn,0,,
volcarona,champions,train,flare-blitz,0,,
volcarona,champions,train,poison-jab,0,,
volcarona,champions,train,air-slash,0,,
volcarona,champions,train,bug-buzz,0,,
volcarona,champions,train,giga-impact,0,,
volcarona,champions,train,zen-headbutt,0,,
volcarona,champions,train,bug-bite,0,,
volcarona,champions,train,rage-powder,0,,
volcarona,champions,train,quiver-dance,0,,
volcarona,champions,train,flame-charge,0,,
volcarona,champions,train,round,0,,
volcarona,champions,train,acrobatics,0,,
volcarona,champions,train,struggle-bug,0,,
volcarona,champions,train,wild-charge,0,,
volcarona,champions,train,hurricane,0,,
volcarona,champions,train,fiery-dance,0,,
volcarona,champions,train,mystical-fire,0,,
volcarona,champions,train,lunge,0,,
volcarona,champions,train,skitter-smack,0,,
volcarona,champions,train,dual-wingbeat,0,,
volcarona,champions,train,pounce,0,,
volcarona,champions,train,trailblaze,0,,
chesnaught,champions,train,thunder-punch,0,,
chesnaught,champions,train,swords-dance,0,,
chesnaught,champions,train,body-slam,0,,
chesnaught,champions,train,double-edge,0,,
chesnaught,champions,train,pin-missile,0,,
chesnaught,champions,train,bite,0,,
chesnaught,champions,train,roar,0,,
chesnaught,champions,train,hyper-beam,0,,
chesnaught,champions,train,low-kick,0,,
chesnaught,champions,train,leech-seed,0,,
chesnaught,champions,train,growth,0,,
chesnaught,champions,train,solar-beam,0,,
chesnaught,champions,train,earthquake,0,,
chesnaught,champions,train,dig,0,,
chesnaught,champions,train,reflect,0,,
chesnaught,champions,train,rest,0,,
chesnaught,champions,train,rock-slide,0,,
chesnaught,champions,train,super-fang,0,,
chesnaught,champions,train,substitute,0,,
chesnaught,champions,train,snore,0,,
chesnaught,champions,train,curse,0,,
chesnaught,champions,train,reversal,0,,
chesnaught,champions,train,protect,0,,
chesnaught,champions,train,scary-face,0,,
chesnaught,champions,train,belly-drum,0,,
chesnaught,champions,train,sludge-bomb,0,,
chesnaught,champions,train,mud-slap,0,,
chesnaught,champions,train,spikes,0,,
chesnaught,champions,train,giga-drain,0,,
chesnaught,champions,train,endure,0,,
chesnaught,champions,train,sleep-talk,0,,
chesnaught,champions,train,pain-split,0,,
chesnaught,champions,train,iron-tail,0,,
chesnaught,champions,train,synthesis,0,,
chesnaught,champions,train,rain-dance,0,,
chesnaught,champions,train,sunny-day,0,,
chesnaught,champions,train,crunch,0,,
chesnaught,champions,train,facade,0,,
chesnaught,champions,train,focus-punch,0,,
chesnaught,champions,train,taunt,0,,
chesnaught,champions,train,helping-hand,0,,
chesnaught,champions,train,superpower,0,,
chesnaught,champions,train,brick-break,0,,
chesnaught,champions,train,knock-off,0,,
chesnaught,champions,train,endeavor,0,,
chesnaught,champions,train,rock-tomb,0,,
chesnaught,champions,train,bullet-seed,0,,
chesnaught,champions,train,aerial-ace,0,,
chesnaught,champions,train,iron-defense,0,,
chesnaught,champions,train,dragon-claw,0,,
chesnaught,champions,train,frenzy-plant,0,,
chesnaught,champions,train,bulk-up,0,,
chesnaught,champions,train,mud-shot,0,,
chesnaught,champions,train,hammer-arm,0,,
chesnaught,champions,train,gyro-ball,0,,
chesnaught,champions,train,feint,0,,
chesnaught,champions,train,close-combat,0,,
chesnaught,champions,train,payback,0,,
chesnaught,champions,train,fling,0,,
chesnaught,champions,train,poison-jab,0,,
chesnaught,champions,train,seed-bomb,0,,
chesnaught,champions,train,drain-punch,0,,
chesnaught,champions,train,focus-blast,0,,
chesnaught,champions,train,energy-ball,0,,
chesnaught,champions,train,giga-impact,0,,
chesnaught,champions,train,shadow-claw,0,,
chesnaught,champions,train,zen-headbutt,0,,
chesnaught,champions,train,leaf-storm,0,,
chesnaught,champions,train,iron-head,0,,
chesnaught,champions,train,stone-edge,0,,
chesnaught,champions,train,grass-knot,0,,
chesnaught,champions,train,wood-hammer,0,,
chesnaught,champions,train,wide-guard,0,,
chesnaught,champions,train,smack-down,0,,
chesnaught,champions,train,low-sweep,0,,
chesnaught,champions,train,round,0,,
chesnaught,champions,train,quick-guard,0,,
chesnaught,champions,train,bulldoze,0,,
chesnaught,champions,train,grassy-terrain,0,,
chesnaught,champions,train,spiky-shield,0,,
chesnaught,champions,train,high-horsepower,0,,
chesnaught,champions,train,stomping-tantrum,0,,
chesnaught,champions,train,body-press,0,,
chesnaught,champions,train,steel-roller,0,,
chesnaught,champions,train,grassy-glide,0,,
chesnaught,champions,train,coaching,0,,
chesnaught,champions,train,trailblaze,0,,
delphox,champions,train,fire-punch,0,,
delphox,champions,train,thunder-punch,0,,
delphox,champions,train,flamethrower,0,,
delphox,champions,train,hyper-beam,0,,
delphox,champions,train,low-kick,0,,
delphox,champions,train,solar-beam,0,,
delphox,champions,train,fire-spin,0,,
delphox,champions,train,psychic,0,,
delphox,champions,train,hypnosis,0,,
delphox,champions,train,agility,0,,
delphox,champions,train,night-shade,0,,
delphox,champions,train,double-team,0,,
delphox,champions,train,confuse-ray,0,,
delphox,champions,train,light-screen,0,,
delphox,champions,train,reflect,0,,
delphox,champions,train,fire-blast,0,,
delphox,champions,train,rest,0,,
delphox,champions,train,substitute,0,,
delphox,champions,train,thief,0,,
delphox,champions,train,snore,0,,
delphox,champions,train,protect,0,,
delphox,champions,train,mud-slap,0,,
delphox,champions,train,endure,0,,
delphox,champions,train,charm,0,,
delphox,champions,train,sleep-talk,0,,
delphox,champions,train,safeguard,0,,
delphox,champions,train,encore,0,,
delphox,champions,train,iron-tail,0,,
delphox,champions,train,rain-dance,0,,
delphox,champions,train,sunny-day,0,,
delphox,champions,train,psych-up,0,,
delphox,champions,train,shadow-ball,0,,
delphox,champions,train,future-sight,0,,
delphox,champions,train,heat-wave,0,,
delphox,champions,train,will-o-wisp,0,,
delphox,champions,train,facade,0,,
delphox,champions,train,helping-hand,0,,
delphox,champions,train,trick,0,,
delphox,champions,train,role-play,0,,
delphox,champions,train,wish,0,,
delphox,champions,train,skill-swap,0,,
delphox,champions,train,imprison,0,,
delphox,champions,train,hyper-voice,0,,
delphox,champions,train,blast-burn,0,,
delphox,champions,train,overheat,0,,
delphox,champions,train,howl,0,,
delphox,champions,train,mud-shot,0,,
delphox,champions,train,calm-mind,0,,
delphox,champions,train,copycat,0,,
delphox,champions,train,flare-blitz,0,,
delphox,champions,train,focus-blast,0,,
delphox,champions,train,switcheroo,0,,
delphox,champions,train,giga-impact,0,,
delphox,champions,train,nasty-plot,0,,
delphox,champions,train,zen-headbutt,0,,
delphox,champions,train,trick-room,0,,
delphox,champions,train,grass-knot,0,,
delphox,champions,train,wonder-room,0,,
delphox,champions,train,psyshock,0,,
delphox,champions,train,magic-room,0,,
delphox,champions,train,flame-charge,0,,
delphox,champions,train,foul-play,0,,
delphox,champions,train,round,0,,
delphox,champions,train,stored-power,0,,
delphox,champions,train,hex,0,,
delphox,champions,train,mystical-fire,0,,
delphox,champions,train,dazzling-gleam,0,,
delphox,champions,train,psychic-terrain,0,,
delphox,champions,train,expanding-force,0,,
delphox,champions,train,burning-jealousy,0,,
delphox,champions,train,scorching-sands,0,,
delphox,champions,train,psychic-noise,0,,
greninja,champions,train,ice-punch,0,,
greninja,champions,train,swords-dance,0,,
greninja,champions,train,hydro-pump,0,,
greninja,champions,train,surf,0,,
greninja,champions,train,ice-beam,0,,
greninja,champions,train,blizzard,0,,
greninja,champions,train,hyper-beam,0,,
greninja,champions,train,low-kick,0,,
greninja,champions,train,counter,0,,
greninja,champions,train,dig,0,,
greninja,champions,train,quick-attack,0,,
greninja,champions,train,double-team,0,,
greninja,champions,train,haze,0,,
greninja,champions,train,waterfall,0,,
greninja,champions,train,rest,0,,
greninja,champions,train,rock-slide,0,,
greninja,champions,train,substitute,0,,
greninja,champions,train,thief,0,,
greninja,champions,train,snore,0,,
greninja,champions,train,protect,0,,
greninja,champions,train,mud-slap,0,,
greninja,champions,train,spikes,0,,
greninja,champions,train,icy-wind,0,,
greninja,champions,train,endure,0,,
greninja,champions,train,sleep-talk,0,,
greninja,champions,train,rain-dance,0,,
greninja,champions,train,facade,0,,
greninja,champions,train,taunt,0,,
greninja,champions,train,helping-hand,0,,
greninja,champions,train,role-play,0,,
greninja,champions,train,brick-break,0,,
greninja,champions,train,dive,0,,
greninja,champions,train,hydro-cannon,0,,
greninja,champions,train,weather-ball,0,,
greninja,champions,train,rock-tomb,0,,
greninja,champions,train,extrasensory,0,,
greninja,champions,train,aerial-ace,0,,
greninja,champions,train,bounce,0,,
greninja,champions,train,mud-shot,0,,
greninja,champions,train,water-pulse,0,,
greninja,champions,train,u-turn,0,,
greninja,champions,train,fling,0,,
greninja,champions,train,toxic-spikes,0,,
greninja,champions,train,dark-pulse,0,,
greninja,champions,train,night-slash,0,,
greninja,champions,train,switcheroo,0,,
greninja,champions,train,giga-impact,0,,
greninja,champions,train,shadow-sneak,0,,
greninja,champions,train,gunk-shot,0,,
greninja,champions,train,grass-knot,0,,
greninja,champions,train,smack-down,0,,
greninja,champions,train,sludge-wave,0,,
greninja,champions,train,low-sweep,0,,
greninja,champions,train,round,0,,
greninja,champions,train,acrobatics,0,,
greninja,champions,train,water-shuriken,0,,
greninja,champions,train,brutal-swing,0,,
greninja,champions,train,liquidation,0,,
greninja,champions,train,skitter-smack,0,,
greninja,champions,train,flip-turn,0,,
greninja,champions,train,snowscape,0,,
greninja,champions,train,trailblaze,0,,
greninja,champions,train,chilling-water,0,,
greninja,champions,train,upper-hand,0,,
diggersby,champions,train,fire-punch,0,,
diggersby,champions,train,ice-punch,0,,
diggersby,champions,train,thunder-punch,0,,
diggersby,champions,train,swords-dance,0,,
diggersby,champions,train,mega-kick,0,,
diggersby,champions,train,body-slam,0,,
diggersby,champions,train,surf,0,,
diggersby,champions,train,hyper-beam,0,,
diggersby,champions,train,low-kick,0,,
diggersby,champions,train,earthquake,0,,
diggersby,champions,train,fissure,0,,
diggersby,champions,train,dig,0,,
diggersby,champions,train,agility,0,,
diggersby,champions,train,quick-attack,0,,
diggersby,champions,train,rest,0,,
diggersby,champions,train,rock-slide,0,,
diggersby,champions,train,super-fang,0,,
diggersby,champions,train,substitute,0,,
diggersby,champions,train,thief,0,,
diggersby,champions,train,snore,0,,
diggersby,champions,train,flail,0,,
diggersby,champions,train,protect,0,,
diggersby,champions,train,sludge-bomb,0,,
diggersby,champions,train,mud-slap,0,,
diggersby,champions,train,spikes,0,,
diggersby,champions,train,sandstorm,0,,
diggersby,champions,train,endure,0,,
diggersby,champions,train,attract,0,,
diggersby,champions,train,sleep-talk,0,,
diggersby,champions,train,iron-tail,0,,
diggersby,champions,train,uproar,0,,
diggersby,champions,train,facade,0,,
diggersby,champions,train,superpower,0,,
diggersby,champions,train,brick-break,0,,
diggersby,champions,train,rock-tomb,0,,
diggersby,champions,train,sand-tomb,0,,
diggersby,champions,train,bulk-up,0,,
diggersby,champions,train,bounce,0,,
diggersby,champions,train,mud-shot,0,,
diggersby,champions,train,hammer-arm,0,,
diggersby,champions,train,u-turn,0,,
diggersby,champions,train,payback,0,,
diggersby,champions,train,fling,0,,
diggersby,champions,train,earth-power,0,,
diggersby,champions,train,giga-impact,0,,
diggersby,champions,train,gunk-shot,0,,
diggersby,champions,train,iron-head,0,,
diggersby,champions,train,stone-edge,0,,
diggersby,champions,train,grass-knot,0,,
diggersby,champions,train,foul-play,0,,
diggersby,champions,train,round,0,,
diggersby,champions,train,bulldoze,0,,
diggersby,champions,train,wild-charge,0,,
diggersby,champions,train,high-horsepower,0,,
diggersby,champions,train,brutal-swing,0,,
diggersby,champions,train,stomping-tantrum,0,,
diggersby,champions,train,scorching-sands,0,,
diggersby,champions,train,trailblaze,0,,
talonflame,champions,train,swords-dance,0,,
talonflame,champions,train,whirlwind,0,,
talonflame,champions,train,fly,0,,
talonflame,champions,train,double-edge,0,,
talonflame,champions,train,flamethrower,0,,
talonflame,champions,train,hyper-beam,0,,
talonflame,champions,train,solar-beam,0,,
talonflame,champions,train,fire-spin,0,,
talonflame,champions,train,agility,0,,
talonflame,champions,train,quick-attack,0,,
talonflame,champions,train,fire-blast,0,,
talonflame,champions,train,sky-attack,0,,
talonflame,champions,train,rest,0,,
talonflame,champions,train,substitute,0,,
talonflame,champions,train,thief,0,,
talonflame,champions,train,snore,0,,
talonflame,champions,train,flail,0,,
talonflame,champions,train,protect,0,,
talonflame,champions,train,endure,0,,
talonflame,champions,train,steel-wing,0,,
talonflame,champions,train,sleep-talk,0,,
talonflame,champions,train,rain-dance,0,,
talonflame,champions,train,sunny-day,0,,
talonflame,champions,train,heat-wave,0,,
talonflame,champions,train,will-o-wisp,0,,
talonflame,champions,train,facade,0,,
talonflame,champions,train,taunt,0,,
talonflame,champions,train,feather-dance,0,,
talonflame,champions,train,blaze-kick,0,,
talonflame,champions,train,air-cutter,0,,
talonflame,champions,train,overheat,0,,
talonflame,champions,train,aerial-ace,0,,
talonflame,champions,train,bulk-up,0,,
talonflame,champions,train,roost,0,,
talonflame,champions,train,feint,0,,
talonflame,champions,train,tailwind,0,,
talonflame,champions,train,u-turn,0,,
talonflame,champions,train,flare-blitz,0,,
talonflame,champions,train,air-slash,0,,
talonflame,champions,train,brave-bird,0,,
talonflame,champions,train,giga-impact,0,,
talonflame,champions,train,defog,0,,
talonflame,champions,train,flame-charge,0,,
talonflame,champions,train,round,0,,
talonflame,champions,train,quick-guard,0,,
talonflame,champions,train,acrobatics,0,,
talonflame,champions,train,hurricane,0,,
talonflame,champions,train,dual-wingbeat,0,,
talonflame,champions,train,temper-flare,0,,
talonflame,champions,train,upper-hand,0,,
vivillon,champions,train,whirlwind,0,,
vivillon,champions,train,hyper-beam,0,,
vivillon,champions,train,solar-beam,0,,
vivillon,champions,train,poison-powder,0,,
vivillon,champions,train,stun-spore,0,,
vivillon,champions,train,sleep-powder,0,,
vivillon,champions,train,string-shot,0,,
vivillon,champions,train,psychic,0,,
vivillon,champions,train,confuse-ray,0,,
vivillon,champions,train,light-screen,0,,
vivillon,champions,train,rest,0,,
vivillon,champions,train,substitute,0,,
vivillon,champions,train,thief,0,,
vivillon,champions,train,snore,0,,
vivillon,champions,train,protect,0,,
vivillon,champions,train,giga-drain,0,,
vivillon,champions,train,endure,0,,
vivillon,champions,train,sleep-talk,0,,
vivillon,champions,train,safeguard,0,,
vivillon,champions,train,rain-dance,0,,
vivillon,champions,train,sunny-day,0,,
vivillon,champions,train,facade,0,,
vivillon,champions,train,weather-ball,0,,
vivillon,champions,train,air-cutter,0,,
vivillon,champions,train,iron-defense,0,,
vivillon,champions,train,calm-mind,0,,
vivillon,champions,train,tailwind,0,,
vivillon,champions,train,u-turn,0,,
vivillon,champions,train,air-slash,0,,
vivillon,champions,train,bug-buzz,0,,
vivillon,champions,train,energy-ball,0,,
vivillon,champions,train,giga-impact,0,,
vivillon,champions,train,bug-bite,0,,
vivillon,champions,train,rage-powder,0,,
vivillon,champions,train,quiver-dance,0,,
vivillon,champions,train,round,0,,
vivillon,champions,train,acrobatics,0,,
vivillon,champions,train,struggle-bug,0,,
vivillon,champions,train,hurricane,0,,
vivillon,champions,train,draining-kiss,0,,
vivillon,champions,train,pollen-puff,0,,
vivillon,champions,train,skitter-smack,0,,
vivillon,champions,train,pounce,0,,
pyroar-male,champions,train,body-slam,0,,
pyroar-male,champions,train,double-edge,0,,
pyroar-male,champions,train,roar,0,,
pyroar-male,champions,train,flamethrower,0,,
pyroar-male,champions,train,hyper-beam,0,,
pyroar-male,champions,train,solar-beam,0,,
pyroar-male,champions,train,fire-spin,0,,
pyroar-male,champions,train,dig,0,,
pyroar-male,champions,train,fire-blast,0,,
pyroar-male,champions,train,rest,0,,
pyroar-male,champions,train,substitute,0,,
pyroar-male,champions,train,thief,0,,
pyroar-male,champions,train,snore,0,,
pyroar-male,champions,train,protect,0,,
pyroar-male,champions,train,mud-slap,0,,
pyroar-male,champions,train,endure,0,,
pyroar-male,champions,train,sleep-talk,0,,
pyroar-male,champions,train,iron-tail,0,,
pyroar-male,champions,train,rain-dance,0,,
pyroar-male,champions,train,sunny-day,0,,
pyroar-male,champions,train,crunch,0,,
pyroar-male,champions,train,heat-wave,0,,
pyroar-male,champions,train,will-o-wisp,0,,
pyroar-male,champions,train,facade,0,,
pyroar-male,champions,train,taunt,0,,
pyroar-male,champions,train,helping-hand,0,,
pyroar-male,champions,train,yawn,0,,
pyroar-male,champions,train,endeavor,0,,
pyroar-male,champions,train,hyper-voice,0,,
pyroar-male,champions,train,overheat,0,,
pyroar-male,champions,train,payback,0,,
pyroar-male,champions,train,flare-blitz,0,,
pyroar-male,champions,train,dark-pulse,0,,
pyroar-male,champions,train,giga-impact,0,,
pyroar-male,champions,train,thunder-fang,0,,
pyroar-male,champions,train,fire-fang,0,,
pyroar-male,champions,train,flame-charge,0,,
pyroar-male,champions,train,entrainment,0,,
pyroar-male,champions,train,round,0,,
pyroar-male,champions,train,acrobatics,0,,
pyroar-male,champions,train,bulldoze,0,,
pyroar-male,champions,train,wild-charge,0,,
pyroar-male,champions,train,snarl,0,,
pyroar-male,champions,train,noble-roar,0,,
pyroar-male,champions,train,psychic-fangs,0,,
pyroar-male,champions,train,burning-jealousy,0,,
pyroar-male,champions,train,scorching-sands,0,,
pyroar-male,champions,train,trailblaze,0,,
pyroar-male,champions,train,temper-flare,0,,
florges,champions,train,hyper-beam,0,,
florges,champions,train,solar-beam,0,,
florges,champions,train,petal-dance,0,,
florges,champions,train,psychic,0,,
florges,champions,train,light-screen,0,,
florges,champions,train,rest,0,,
florges,champions,train,substitute,0,,
florges,champions,train,snore,0,,
florges,champions,train,protect,0,,
florges,champions,train,giga-drain,0,,
florges,champions,train,endure,0,,
florges,champions,train,charm,0,,
florges,champions,train,sleep-talk,0,,
florges,champions,train,safeguard,0,,
florges,champions,train,baton-pass,0,,
florges,champions,train,synthesis,0,,
florges,champions,train,rain-dance,0,,
florges,champions,train,sunny-day,0,,
florges,champions,train,facade,0,,
florges,champions,train,helping-hand,0,,
florges,champions,train,trick,0,,
florges,champions,train,wish,0,,
florges,champions,train,endeavor,0,,
florges,champions,train,skill-swap,0,,
florges,champions,train,calm-mind,0,,
florges,champions,train,copycat,0,,
florges,champions,train,seed-bomb,0,,
florges,champions,train,energy-ball,0,,
florges,champions,train,giga-impact,0,,
florges,champions,train,grass-knot,0,,
florges,champions,train,round,0,,
florges,champions,train,stored-power,0,,
florges,champions,train,petal-blizzard,0,,
florges,champions,train,draining-kiss,0,,
florges,champions,train,grassy-terrain,0,,
florges,champions,train,misty-terrain,0,,
florges,champions,train,moonblast,0,,
florges,champions,train,dazzling-gleam,0,,
florges,champions,train,pollen-puff,0,,
florges,champions,train,tearful-look,0,,
florges,champions,train,misty-explosion,0,,
florges,champions,train,grassy-glide,0,,
florges,champions,train,trailblaze,0,,
florges,champions,train,chilling-water,0,,
florges,champions,train,alluring-voice,0,,
florges,champions,train,psychic-noise,0,,
pangoro,champions,train,fire-punch,0,,
pangoro,champions,train,ice-punch,0,,
pangoro,champions,train,thunder-punch,0,,
pangoro,champions,train,swords-dance,0,,
pangoro,champions,train,mega-kick,0,,
pangoro,champions,train,body-slam,0,,
pangoro,champions,train,surf,0,,
pangoro,champions,train,hyper-beam,0,,
pangoro,champions,train,low-kick,0,,
pangoro,champions,train,seismic-toss,0,,
pangoro,champions,train,earthquake,0,,
pangoro,champions,train,dig,0,,
pangoro,champions,train,focus-energy,0,,
pangoro,champions,train,rest,0,,
pangoro,champions,train,rock-slide,0,,
pangoro,champions,train,substitute,0,,
pangoro,champions,train,thief,0,,
pangoro,champions,train,snore,0,,
pangoro,champions,train,reversal,0,,
pangoro,champions,train,protect,0,,
pangoro,champions,train,scary-face,0,,
pangoro,champions,train,sludge-bomb,0,,
pangoro,champions,train,detect,0,,
pangoro,champions,train,outrage,0,,
pangoro,champions,train,endure,0,,
pangoro,champions,train,attract,0,,
pangoro,champions,train,sleep-talk,0,,
pangoro,champions,train,rain-dance,0,,
pangoro,champions,train,sunny-day,0,,
pangoro,champions,train,crunch,0,,
pangoro,champions,train,beat-up,0,,
pangoro,champions,train,uproar,0,,
pangoro,champions,train,facade,0,,
pangoro,champions,train,taunt,0,,
pangoro,champions,train,helping-hand,0,,
pangoro,champions,train,superpower,0,,
pangoro,champions,train,brick-break,0,,
pangoro,champions,train,knock-off,0,,
pangoro,champions,train,hyper-voice,0,,
pangoro,champions,train,rock-tomb,0,,
pangoro,champions,train,dragon-claw,0,,
pangoro,champions,train,bulk-up,0,,
pangoro,champions,train,hammer-arm,0,,
pangoro,champions,train,close-combat,0,,
pangoro,champions,train,payback,0,,
pangoro,champions,train,fling,0,,
pangoro,champions,train,poison-jab,0,,
pangoro,champions,train,dark-pulse,0,,
pangoro,champions,train,night-slash,0,,
pangoro,champions,train,x-scissor,0,,
pangoro,champions,train,drain-punch,0,,
pangoro,champions,train,focus-blast,0,,
pangoro,champions,train,giga-impact,0,,
pangoro,champions,train,bullet-punch,0,,
pangoro,champions,train,shadow-claw,0,,
pangoro,champions,train,zen-headbutt,0,,
pangoro,champions,train,gunk-shot,0,,
pangoro,champions,train,iron-head,0,,
pangoro,champions,train,stone-edge,0,,
pangoro,champions,train,grass-knot,0,,
pangoro,champions,train,storm-throw,0,,
pangoro,champions,train,low-sweep,0,,
pangoro,champions,train,foul-play,0,,
pangoro,champions,train,entrainment,0,,
pangoro,champions,train,round,0,,
pangoro,champions,train,quick-guard,0,,
pangoro,champions,train,circle-throw,0,,
pangoro,champions,train,quash,0,,
pangoro,champions,train,bulldoze,0,,
pangoro,champions,train,snarl,0,,
pangoro,champions,train,parting-shot,0,,
pangoro,champions,train,darkest-lariat,0,,
pangoro,champions,train,throat-chop,0,,
pangoro,champions,train,power-trip,0,,
pangoro,champions,train,brutal-swing,0,,
pangoro,champions,train,stomping-tantrum,0,,
pangoro,champions,train,lash-out,0,,
pangoro,champions,train,coaching,0,,
pangoro,champions,train,headlong-rush,0,,
pangoro,champions,train,comeuppance,0,,
furfrou,champions,train,double-edge,0,,
furfrou,champions,train,bite,0,,
furfrou,champions,train,roar,0,,
furfrou,champions,train,surf,0,,
furfrou,champions,train,thunder-wave,0,,
furfrou,champions,train,dig,0,,
furfrou,champions,train,rest,0,,
furfrou,champions,train,substitute,0,,
furfrou,champions,train,snore,0,,
furfrou,champions,train,protect,0,,
furfrou,champions,train,endure,0,,
furfrou,champions,train,charm,0,,
furfrou,champions,train,attract,0,,
furfrou,champions,train,sleep-talk,0,,
furfrou,champions,train,iron-tail,0,,
furfrou,champions,train,rain-dance,0,,
furfrou,champions,train,sunny-day,0,,
furfrou,champions,train,crunch,0,,
furfrou,champions,train,uproar,0,,
furfrou,champions,train,facade,0,,
furfrou,champions,train,helping-hand,0,,
furfrou,champions,train,endeavor,0,,
furfrou,champions,train,hyper-voice,0,,
furfrou,champions,train,u-turn,0,,
furfrou,champions,train,last-resort,0,,
furfrou,champions,train,sucker-punch,0,,
furfrou,champions,train,dark-pulse,0,,
furfrou,champions,train,giga-impact,0,,
furfrou,champions,train,thunder-fang,0,,
furfrou,champions,train,ice-fang,0,,
furfrou,champions,train,fire-fang,0,,
furfrou,champions,train,zen-headbutt,0,,
furfrou,champions,train,grass-knot,0,,
furfrou,champions,train,round,0,,
furfrou,champions,train,wild-charge,0,,
furfrou,champions,train,cotton-guard,0,,
furfrou,champions,train,snarl,0,,
furfrou,champions,train,baby-doll-eyes,0,,
furfrou,champions,train,psychic-fangs,0,,
furfrou,champions,train,trailblaze,0,,
meowstic-male,champions,train,hyper-beam,0,,
meowstic-male,champions,train,thunderbolt,0,,
meowstic-male,champions,train,thunder-wave,0,,
meowstic-male,champions,train,dig,0,,
meowstic-male,champions,train,psychic,0,,
meowstic-male,champions,train,light-screen,0,,
meowstic-male,champions,train,reflect,0,,
meowstic-male,champions,train,rest,0,,
meowstic-male,champions,train,substitute,0,,
meowstic-male,champions,train,snore,0,,
meowstic-male,champions,train,protect,0,,
meowstic-male,champions,train,endure,0,,
meowstic-male,champions,train,charm,0,,
meowstic-male,champions,train,mean-look,0,,
meowstic-male,champions,train,sleep-talk,0,,
meowstic-male,champions,train,safeguard,0,,
meowstic-male,champions,train,baton-pass,0,,
meowstic-male,champions,train,iron-tail,0,,
meowstic-male,champions,train,rain-dance,0,,
meowstic-male,champions,train,sunny-day,0,,
meowstic-male,champions,train,psych-up,0,,
meowstic-male,champions,train,shadow-ball,0,,
meowstic-male,champions,train,fake-out,0,,
meowstic-male,champions,train,facade,0,,
meowstic-male,champions,train,helping-hand,0,,
meowstic-male,champions,train,trick,0,,
meowstic-male,champions,train,role-play,0,,
meowstic-male,champions,train,wish,0,,
meowstic-male,champions,train,yawn,0,,
meowstic-male,champions,train,skill-swap,0,,
meowstic-male,champions,train,imprison,0,,
meowstic-male,champions,train,fake-tears,0,,
meowstic-male,champions,train,tickle,0,,
meowstic-male,champions,train,covet,0,,
meowstic-male,champions,train,calm-mind,0,,
meowstic-male,champions,train,gravity,0,,
meowstic-male,champions,train,payback,0,,
meowstic-male,champions,train,sucker-punch,0,,
meowstic-male,champions,train,dark-pulse,0,,
meowstic-male,champions,train,energy-ball,0,,
meowstic-male,champions,train,giga-impact,0,,
meowstic-male,champions,train,nasty-plot,0,,
meowstic-male,champions,train,zen-headbutt,0,,
meowstic-male,champions,train,trick-room,0,,
meowstic-male,champions,train,charge-beam,0,,
meowstic-male,champions,train,wonder-room,0,,
meowstic-male,champions,train,psyshock,0,,
meowstic-male,champions,train,magic-room,0,,
meowstic-male,champions,train,round,0,,
meowstic-male,champions,train,stored-power,0,,
meowstic-male,champions,train,quick-guard,0,,
meowstic-male,champions,train,tail-slap,0,,
meowstic-male,champions,train,misty-terrain,0,,
meowstic-male,champions,train,play-rough,0,,
meowstic-male,champions,train,psychic-terrain,0,,
meowstic-male,champions,train,expanding-force,0,,
meowstic-male,champions,train,trailblaze,0,,
meowstic-male,champions,train,alluring-voice,0,,
meowstic-male,champions,train,psychic-noise,0,,
aegislash-shield,champions,train,swords-dance,0,,
aegislash-shield,champions,train,hyper-beam,0,,
aegislash-shield,champions,train,screech,0,,
aegislash-shield,champions,train,reflect,0,,
aegislash-shield,champions,train,rest,0,,
aegislash-shield,champions,train,rock-slide,0,,
aegislash-shield,champions,train,substitute,0,,
aegislash-shield,champions,train,snore,0,,
aegislash-shield,champions,train,reversal,0,,
aegislash-shield,champions,train,protect,0,,
aegislash-shield,champions,train,destiny-bond,0,,
aegislash-shield,champions,train,endure,0,,
aegislash-shield,champions,train,attract,0,,
aegislash-shield,champions,train,sleep-talk,0,,
aegislash-shield,champions,train,rain-dance,0,,
aegislash-shield,champions,train,sunny-day,0,,
aegislash-shield,champions,train,shadow-ball,0,,
aegislash-shield,champions,train,facade,0,,
aegislash-shield,champions,train,brick-break,0,,
aegislash-shield,champions,train,metal-sound,0,,
aegislash-shield,champions,train,aerial-ace,0,,
aegislash-shield,champions,train,iron-defense,0,,
aegislash-shield,champions,train,block,0,,
aegislash-shield,champions,train,gyro-ball,0,,
aegislash-shield,champions,train,close-combat,0,,
aegislash-shield,champions,train,power-trick,0,,
aegislash-shield,champions,train,night-slash,0,,
aegislash-shield,champions,train,air-slash,0,,
aegislash-shield,champions,train,giga-impact,0,,
aegislash-shield,champions,train,shadow-claw,0,,
aegislash-shield,champions,train,shadow-sneak,0,,
aegislash-shield,champions,train,psycho-cut,0,,
aegislash-shield,champions,train,zen-headbutt,0,,
aegislash-shield,champions,train,flash-cannon,0,,
aegislash-shield,champions,train,iron-head,0,,
aegislash-shield,champions,train,head-smash,0,,
aegislash-shield,champions,train,double-hit,0,,
aegislash-shield,champions,train,wide-guard,0,,
aegislash-shield,champions,train,round,0,,
aegislash-shield,champions,train,sacred-sword,0,,
aegislash-shield,champions,train,kings-shield,0,,
aegislash-shield,champions,train,solar-blade,0,,
aegislash-shield,champions,train,brutal-swing,0,,
aegislash-shield,champions,train,steel-beam,0,,
aegislash-shield,champions,train,poltergeist,0,,
aromatisse,champions,train,disable,0,,
aromatisse,champions,train,hyper-beam,0,,
aromatisse,champions,train,thunderbolt,0,,
aromatisse,champions,train,thunder,0,,
aromatisse,champions,train,psychic,0,,
aromatisse,champions,train,hypnosis,0,,
aromatisse,champions,train,light-screen,0,,
aromatisse,champions,train,reflect,0,,
aromatisse,champions,train,rest,0,,
aromatisse,champions,train,substitute,0,,
aromatisse,champions,train,snore,0,,
aromatisse,champions,train,flail,0,,
aromatisse,champions,train,protect,0,,
aromatisse,champions,train,sweet-kiss,0,,
aromatisse,champions,train,endure,0,,
aromatisse,champions,train,charm,0,,
aromatisse,champions,train,attract,0,,
aromatisse,champions,train,sleep-talk,0,,
aromatisse,champions,train,encore,0,,
aromatisse,champions,train,sweet-scent,0,,
aromatisse,champions,train,rain-dance,0,,
aromatisse,champions,train,sunny-day,0,,
aromatisse,champions,train,psych-up,0,,
aromatisse,champions,train,facade,0,,
aromatisse,champions,train,helping-hand,0,,
aromatisse,champions,train,wish,0,,
aromatisse,champions,train,skill-swap,0,,
aromatisse,champions,train,fake-tears,0,,
aromatisse,champions,train,calm-mind,0,,
aromatisse,champions,train,gyro-ball,0,,
aromatisse,champions,train,drain-punch,0,,
aromatisse,champions,train,energy-ball,0,,
aromatisse,champions,train,giga-impact,0,,
aromatisse,champions,train,nasty-plot,0,,
aromatisse,champions,train,flash-cannon,0,,
aromatisse,champions,train,trick-room,0,,
aromatisse,champions,train,psyshock,0,,
aromatisse,champions,train,after-you,0,,
aromatisse,champions,train,round,0,,
aromatisse,champions,train,ally-switch,0,,
aromatisse,champions,train,heal-pulse,0,,
aromatisse,champions,train,draining-kiss,0,,
aromatisse,champions,train,misty-terrain,0,,
aromatisse,champions,train,moonblast,0,,
aromatisse,champions,train,aromatic-mist,0,,
aromatisse,champions,train,dazzling-gleam,0,,
aromatisse,champions,train,misty-explosion,0,,
aromatisse,champions,train,alluring-voice,0,,
slurpuff,champions,train,flamethrower,0,,
slurpuff,champions,train,surf,0,,
slurpuff,champions,train,hyper-beam,0,,
slurpuff,champions,train,string-shot,0,,
slurpuff,champions,train,thunderbolt,0,,
slurpuff,champions,train,thunder,0,,
slurpuff,champions,train,psychic,0,,
slurpuff,champions,train,light-screen,0,,
slurpuff,champions,train,amnesia,0,,
slurpuff,champions,train,rest,0,,
slurpuff,champions,train,substitute,0,,
slurpuff,champions,train,thief,0,,
slurpuff,champions,train,snore,0,,
slurpuff,champions,train,cotton-spore,0,,
slurpuff,champions,train,protect,0,,
slurpuff,champions,train,endure,0,,
slurpuff,champions,train,charm,0,,
slurpuff,champions,train,attract,0,,
slurpuff,champions,train,sleep-talk,0,,
slurpuff,champions,train,safeguard,0,,
slurpuff,champions,train,sweet-scent,0,,
slurpuff,champions,train,rain-dance,0,,
slurpuff,champions,train,sunny-day,0,,
slurpuff,champions,train,facade,0,,
slurpuff,champions,train,helping-hand,0,,
slurpuff,champions,train,wish,0,,
slurpuff,champions,train,yawn,0,,
slurpuff,champions,train,endeavor,0,,
slurpuff,champions,train,fake-tears,0,,
slurpuff,champions,train,calm-mind,0,,
slurpuff,champions,train,copycat,0,,
slurpuff,champions,train,drain-punch,0,,
slurpuff,champions,train,energy-ball,0,,
slurpuff,champions,train,giga-impact,0,,
slurpuff,champions,train,after-you,0,,
slurpuff,champions,train,round,0,,
slurpuff,champions,train,cotton-guard,0,,
slurpuff,champions,train,sticky-web,0,,
slurpuff,champions,train,draining-kiss,0,,
slurpuff,champions,train,play-rough,0,,
slurpuff,champions,train,dazzling-gleam,0,,
slurpuff,champions,train,misty-explosion,0,,
malamar,champions,train,wrap,0,,
malamar,champions,train,disable,0,,
malamar,champions,train,flamethrower,0,,
malamar,champions,train,hyper-beam,0,,
malamar,champions,train,thunderbolt,0,,
malamar,champions,train,psychic,0,,
malamar,champions,train,hypnosis,0,,
malamar,champions,train,double-team,0,,
malamar,champions,train,light-screen,0,,
malamar,champions,train,reflect,0,,
malamar,champions,train,rest,0,,
malamar,champions,train,rock-slide,0,,
malamar,champions,train,substitute,0,,
malamar,champions,train,thief,0,,
malamar,champions,train,snore,0,,
malamar,champions,train,reversal,0,,
malamar,champions,train,spite,0,,
malamar,champions,train,protect,0,,
malamar,champions,train,scary-face,0,,
malamar,champions,train,destiny-bond,0,,
malamar,champions,train,endure,0,,
malamar,champions,train,swagger,0,,
malamar,champions,train,sleep-talk,0,,
malamar,champions,train,baton-pass,0,,
malamar,champions,train,rain-dance,0,,
malamar,champions,train,sunny-day,0,,
malamar,champions,train,psych-up,0,,
malamar,champions,train,future-sight,0,,
malamar,champions,train,torment,0,,
malamar,champions,train,facade,0,,
malamar,champions,train,taunt,0,,
malamar,champions,train,helping-hand,0,,
malamar,champions,train,trick,0,,
malamar,champions,train,superpower,0,,
malamar,champions,train,knock-off,0,,
malamar,champions,train,skill-swap,0,,
malamar,champions,train,fake-tears,0,,
malamar,champions,train,aerial-ace,0,,
malamar,champions,train,calm-mind,0,,
malamar,champions,train,gravity,0,,
malamar,champions,train,pluck,0,,
malamar,champions,train,acupressure,0,,
malamar,champions,train,payback,0,,
malamar,champions,train,fling,0,,
malamar,champions,train,guard-swap,0,,
malamar,champions,train,poison-jab,0,,
malamar,champions,train,dark-pulse,0,,
malamar,champions,train,night-slash,0,,
malamar,champions,train,switcheroo,0,,
malamar,champions,train,giga-impact,0,,
malamar,champions,train,nasty-plot,0,,
malamar,champions,train,psycho-cut,0,,
malamar,champions,train,zen-headbutt,0,,
malamar,champions,train,trick-room,0,,
malamar,champions,train,double-hit,0,,
malamar,champions,train,psyshock,0,,
malamar,champions,train,foul-play,0,,
malamar,champions,train,round,0,,
malamar,champions,train,stored-power,0,,
malamar,champions,train,topsy-turvy,0,,
malamar,champions,train,throat-chop,0,,
malamar,champions,train,lunge,0,,
malamar,champions,train,brutal-swing,0,,
malamar,champions,train,liquidation,0,,
malamar,champions,train,expanding-force,0,,
malamar,champions,train,lash-out,0,,
malamar,champions,train,trailblaze,0,,
malamar,champions,train,psychic-noise,0,,
barbaracle,champions,train,swords-dance,0,,
barbaracle,champions,train,surf,0,,
barbaracle,champions,train,ice-beam,0,,
barbaracle,champions,train,blizzard,0,,
barbaracle,champions,train,hyper-beam,0,,
barbaracle,champions,train,low-kick,0,,
barbaracle,champions,train,earthquake,0,,
barbaracle,champions,train,dig,0,,
barbaracle,champions,train,screech,0,,
barbaracle,champions,train,waterfall,0,,
barbaracle,champions,train,rest,0,,
barbaracle,champions,train,rock-slide,0,,
barbaracle,champions,train,substitute,0,,
barbaracle,champions,train,thief,0,,
barbaracle,champions,train,snore,0,,
barbaracle,champions,train,protect,0,,
barbaracle,champions,train,sludge-bomb,0,,
barbaracle,champions,train,mud-slap,0,,
barbaracle,champions,train,icy-wind,0,,
barbaracle,champions,train,sandstorm,0,,
barbaracle,champions,train,endure,0,,
barbaracle,champions,train,attract,0,,
barbaracle,champions,train,sleep-talk,0,,
barbaracle,champions,train,safeguard,0,,
barbaracle,champions,train,cross-chop,0,,
barbaracle,champions,train,rain-dance,0,,
barbaracle,champions,train,ancient-power,0,,
barbaracle,champions,train,whirlpool,0,,
barbaracle,champions,train,beat-up,0,,
barbaracle,champions,train,uproar,0,,
barbaracle,champions,train,facade,0,,
barbaracle,champions,train,taunt,0,,
barbaracle,champions,train,helping-hand,0,,
barbaracle,champions,train,superpower,0,,
barbaracle,champions,train,brick-break,0,,
barbaracle,champions,train,dive,0,,
barbaracle,champions,train,rock-tomb,0,,
barbaracle,champions,train,muddy-water,0,,
barbaracle,champions,train,iron-defense,0,,
barbaracle,champions,train,dragon-claw,0,,
barbaracle,champions,train,bulk-up,0,,
barbaracle,champions,train,mud-shot,0,,
barbaracle,champions,train,rock-blast,0,,
barbaracle,champions,train,close-combat,0,,
barbaracle,champions,train,payback,0,,
barbaracle,champions,train,assurance,0,,
barbaracle,champions,train,fling,0,,
barbaracle,champions,train,rock-polish,0,,
barbaracle,champions,train,poison-jab,0,,
barbaracle,champions,train,night-slash,0,,
barbaracle,champions,train,x-scissor,0,,
barbaracle,champions,train,focus-blast,0,,
barbaracle,champions,train,earth-power,0,,
barbaracle,champions,train,switcheroo,0,,
barbaracle,champions,train,giga-impact,0,,
barbaracle,champions,train,shadow-claw,0,,
barbaracle,champions,train,stone-edge,0,,
barbaracle,champions,train,stealth-rock,0,,
barbaracle,champions,train,grass-knot,0,,
barbaracle,champions,train,double-hit,0,,
barbaracle,champions,train,sludge-wave,0,,
barbaracle,champions,train,round,0,,
barbaracle,champions,train,scald,0,,
barbaracle,champions,train,shell-smash,0,,
barbaracle,champions,train,bulldoze,0,,
barbaracle,champions,train,razor-shell,0,,
barbaracle,champions,train,brutal-swing,0,,
barbaracle,champions,train,liquidation,0,,
barbaracle,champions,train,meteor-beam,0,,
barbaracle,champions,train,chilling-water,0,,
barbaracle,champions,train,aqua-cutter,0,,
dragalge,champions,train,hydro-pump,0,,
dragalge,champions,train,surf,0,,
dragalge,champions,train,hyper-beam,0,,
dragalge,champions,train,thunderbolt,0,,
dragalge,champions,train,thunder,0,,
dragalge,champions,train,toxic,0,,
dragalge,champions,train,double-team,0,,
dragalge,champions,train,haze,0,,
dragalge,champions,train,waterfall,0,,
dragalge,champions,train,acid-armor,0,,
dragalge,champions,train,rest,0,,
dragalge,champions,train,substitute,0,,
dragalge,champions,train,thief,0,,
dragalge,champions,train,snore,0,,
dragalge,champions,train,spite,0,,
dragalge,champions,train,protect,0,,
dragalge,champions,train,scary-face,0,,
dragalge,champions,train,sludge-bomb,0,,
dragalge,champions,train,mud-slap,0,,
dragalge,champions,train,icy-wind,0,,
dragalge,champions,train,outrage,0,,
dragalge,champions,train,endure,0,,
dragalge,champions,train,sleep-talk,0,,
dragalge,champions,train,iron-tail,0,,
dragalge,champions,train,rain-dance,0,,
dragalge,champions,train,shadow-ball,0,,
dragalge,champions,train,whirlpool,0,,
dragalge,champions,train,facade,0,,
dragalge,champions,train,dive,0,,
dragalge,champions,train,muddy-water,0,,
dragalge,champions,train,mud-shot,0,,
dragalge,champions,train,water-pulse,0,,
dragalge,champions,train,toxic-spikes,0,,
dragalge,champions,train,poison-jab,0,,
dragalge,champions,train,aqua-tail,0,,
dragalge,champions,train,dragon-pulse,0,,
dragalge,champions,train,focus-blast,0,,
dragalge,champions,train,giga-impact,0,,
dragalge,champions,train,draco-meteor,0,,
dragalge,champions,train,gunk-shot,0,,
dragalge,champions,train,venoshock,0,,
dragalge,champions,train,sludge-wave,0,,
dragalge,champions,train,acid-spray,0,,
dragalge,champions,train,round,0,,
dragalge,champions,train,scald,0,,
dragalge,champions,train,dragon-tail,0,,
dragalge,champions,train,play-rough,0,,
dragalge,champions,train,liquidation,0,,
dragalge,champions,train,scale-shot,0,,
dragalge,champions,train,flip-turn,0,,
dragalge,champions,train,snowscape,0,,
dragalge,champions,train,chilling-water,0,,
clawitzer,champions,train,swords-dance,0,,
clawitzer,champions,train,body-slam,0,,
clawitzer,champions,train,hydro-pump,0,,
clawitzer,champions,train,surf,0,,
clawitzer,champions,train,ice-beam,0,,
clawitzer,champions,train,blizzard,0,,
clawitzer,champions,train,hyper-beam,0,,
clawitzer,champions,train,waterfall,0,,
clawitzer,champions,train,crabhammer,0,,
clawitzer,champions,train,rest,0,,
clawitzer,champions,train,rock-slide,0,,
clawitzer,champions,train,substitute,0,,
clawitzer,champions,train,thief,0,,
clawitzer,champions,train,snore,0,,
clawitzer,champions,train,flail,0,,
clawitzer,champions,train,protect,0,,
clawitzer,champions,train,scary-face,0,,
clawitzer,champions,train,sludge-bomb,0,,
clawitzer,champions,train,mud-slap,0,,
clawitzer,champions,train,icy-wind,0,,
clawitzer,champions,train,endure,0,,
clawitzer,champions,train,sleep-talk,0,,
clawitzer,champions,train,rain-dance,0,,
clawitzer,champions,train,shadow-ball,0,,
clawitzer,champions,train,facade,0,,
clawitzer,champions,train,helping-hand,0,,
clawitzer,champions,train,dive,0,,
clawitzer,champions,train,weather-ball,0,,
clawitzer,champions,train,muddy-water,0,,
clawitzer,champions,train,bounce,0,,
clawitzer,champions,train,mud-shot,0,,
clawitzer,champions,train,water-pulse,0,,
clawitzer,champions,train,u-turn,0,,
clawitzer,champions,train,aura-sphere,0,,
clawitzer,champions,train,dark-pulse,0,,
clawitzer,champions,train,aqua-tail,0,,
clawitzer,champions,train,dragon-pulse,0,,
clawitzer,champions,train,focus-blast,0,,
clawitzer,champions,train,giga-impact,0,,
clawitzer,champions,train,flash-cannon,0,,
clawitzer,champions,train,aqua-jet,0,,
clawitzer,champions,train,venoshock,0,,
clawitzer,champions,train,smack-down,0,,
clawitzer,champions,train,sludge-wave,0,,
clawitzer,champions,train,entrainment,0,,
clawitzer,champions,train,round,0,,
clawitzer,champions,train,heal-pulse,0,,
clawitzer,champions,train,liquidation,0,,
clawitzer,champions,train,terrain-pulse,0,,
clawitzer,champions,train,flip-turn,0,,
clawitzer,champions,train,pounce,0,,
clawitzer,champions,train,chilling-water,0,,
heliolisk,champions,train,fire-punch,0,,
heliolisk,champions,train,thunder-punch,0,,
heliolisk,champions,train,mega-kick,0,,
heliolisk,champions,train,surf,0,,
heliolisk,champions,train,hyper-beam,0,,
heliolisk,champions,train,low-kick,0,,
heliolisk,champions,train,solar-beam,0,,
heliolisk,champions,train,thunderbolt,0,,
heliolisk,champions,train,thunder-wave,0,,
heliolisk,champions,train,thunder,0,,
heliolisk,champions,train,dig,0,,
heliolisk,champions,train,agility,0,,
heliolisk,champions,train,quick-attack,0,,
heliolisk,champions,train,light-screen,0,,
heliolisk,champions,train,glare,0,,
heliolisk,champions,train,rest,0,,
heliolisk,champions,train,rock-slide,0,,
heliolisk,champions,train,substitute,0,,
heliolisk,champions,train,snore,0,,
heliolisk,champions,train,protect,0,,
heliolisk,champions,train,mud-slap,0,,
heliolisk,champions,train,sandstorm,0,,
heliolisk,champions,train,endure,0,,
heliolisk,champions,train,attract,0,,
heliolisk,champions,train,sleep-talk,0,,
heliolisk,champions,train,iron-tail,0,,
heliolisk,champions,train,morning-sun,0,,
heliolisk,champions,train,rain-dance,0,,
heliolisk,champions,train,sunny-day,0,,
heliolisk,champions,train,facade,0,,
heliolisk,champions,train,charge,0,,
heliolisk,champions,train,hyper-voice,0,,
heliolisk,champions,train,weather-ball,0,,
heliolisk,champions,train,rock-tomb,0,,
heliolisk,champions,train,u-turn,0,,
heliolisk,champions,train,dark-pulse,0,,
heliolisk,champions,train,dragon-pulse,0,,
heliolisk,champions,train,dragon-rush,0,,
heliolisk,champions,train,focus-blast,0,,
heliolisk,champions,train,giga-impact,0,,
heliolisk,champions,train,discharge,0,,
heliolisk,champions,train,grass-knot,0,,
heliolisk,champions,train,charge-beam,0,,
heliolisk,champions,train,electro-ball,0,,
heliolisk,champions,train,low-sweep,0,,
heliolisk,champions,train,round,0,,
heliolisk,champions,train,ally-switch,0,,
heliolisk,champions,train,volt-switch,0,,
heliolisk,champions,train,bulldoze,0,,
heliolisk,champions,train,dragon-tail,0,,
heliolisk,champions,train,electroweb,0,,
heliolisk,champions,train,wild-charge,0,,
heliolisk,champions,train,parabolic-charge,0,,
heliolisk,champions,train,electrify,0,,
heliolisk,champions,train,eerie-impulse,0,,
heliolisk,champions,train,electric-terrain,0,,
heliolisk,champions,train,brutal-swing,0,,
heliolisk,champions,train,breaking-swipe,0,,
heliolisk,champions,train,scale-shot,0,,
heliolisk,champions,train,rising-voltage,0,,
heliolisk,champions,train,shed-tail,0,,
heliolisk,champions,train,pounce,0,,
heliolisk,champions,train,trailblaze,0,,
tyrantrum,champions,train,horn-drill,0,,
tyrantrum,champions,train,body-slam,0,,
tyrantrum,champions,train,thrash,0,,
tyrantrum,champions,train,bite,0,,
tyrantrum,champions,train,roar,0,,
tyrantrum,champions,train,hyper-beam,0,,
tyrantrum,champions,train,earthquake,0,,
tyrantrum,champions,train,dig,0,,
tyrantrum,champions,train,rest,0,,
tyrantrum,champions,train,rock-slide,0,,
tyrantrum,champions,train,substitute,0,,
tyrantrum,champions,train,snore,0,,
tyrantrum,champions,train,curse,0,,
tyrantrum,champions,train,protect,0,,
tyrantrum,champions,train,scary-face,0,,
tyrantrum,champions,train,outrage,0,,
tyrantrum,champions,train,sandstorm,0,,
tyrantrum,champions,train,endure,0,,
tyrantrum,champions,train,charm,0,,
tyrantrum,champions,train,attract,0,,
tyrantrum,champions,train,sleep-talk,0,,
tyrantrum,champions,train,iron-tail,0,,
tyrantrum,champions,train,sunny-day,0,,
tyrantrum,champions,train,crunch,0,,
tyrantrum,champions,train,ancient-power,0,,
tyrantrum,champions,train,facade,0,,
tyrantrum,champions,train,superpower,0,,
tyrantrum,champions,train,brick-break,0,,
tyrantrum,champions,train,hyper-voice,0,,
tyrantrum,champions,train,poison-fang,0,,
tyrantrum,champions,train,rock-tomb,0,,
tyrantrum,champions,train,iron-defense,0,,
tyrantrum,champions,train,dragon-claw,0,,
tyrantrum,champions,train,dragon-dance,0,,
tyrantrum,champions,train,rock-blast,0,,
tyrantrum,champions,train,close-combat,0,,
tyrantrum,champions,train,assurance,0,,
tyrantrum,champions,train,rock-polish,0,,
tyrantrum,champions,train,dark-pulse,0,,
tyrantrum,champions,train,dragon-pulse,0,,
tyrantrum,champions,train,earth-power,0,,
tyrantrum,champions,train,giga-impact,0,,
tyrantrum,champions,train,thunder-fang,0,,
tyrantrum,champions,train,ice-fang,0,,
tyrantrum,champions,train,fire-fang,0,,
tyrantrum,champions,train,zen-headbutt,0,,
tyrantrum,champions,train,draco-meteor,0,,
tyrantrum,champions,train,iron-head,0,,
tyrantrum,champions,train,stone-edge,0,,
tyrantrum,champions,train,stealth-rock,0,,
tyrantrum,champions,train,head-smash,0,,
tyrantrum,champions,train,round,0,,
tyrantrum,champions,train,bulldoze,0,,
tyrantrum,champions,train,dragon-tail,0,,
tyrantrum,champions,train,play-rough,0,,
tyrantrum,champions,train,high-horsepower,0,,
tyrantrum,champions,train,brutal-swing,0,,
tyrantrum,champions,train,psychic-fangs,0,,
tyrantrum,champions,train,stomping-tantrum,0,,
tyrantrum,champions,train,breaking-swipe,0,,
tyrantrum,champions,train,scale-shot,0,,
tyrantrum,champions,train,meteor-beam,0,,
tyrantrum,champions,train,lash-out,0,,
tyrantrum,champions,train,dragon-cheer,0,,
aurorus,champions,train,body-slam,0,,
aurorus,champions,train,ice-beam,0,,
aurorus,champions,train,blizzard,0,,
aurorus,champions,train,hyper-beam,0,,
aurorus,champions,train,thunderbolt,0,,
aurorus,champions,train,thunder-wave,0,,
aurorus,champions,train,thunder,0,,
aurorus,champions,train,earthquake,0,,
aurorus,champions,train,psychic,0,,
aurorus,champions,train,light-screen,0,,
aurorus,champions,train,haze,0,,
aurorus,champions,train,reflect,0,,
aurorus,champions,train,rest,0,,
aurorus,champions,train,rock-slide,0,,
aurorus,champions,train,substitute,0,,
aurorus,champions,train,snore,0,,
aurorus,champions,train,protect,0,,
aurorus,champions,train,icy-wind,0,,
aurorus,champions,train,outrage,0,,
aurorus,champions,train,sandstorm,0,,
aurorus,champions,train,endure,0,,
aurorus,champions,train,attract,0,,
aurorus,champions,train,sleep-talk,0,,
aurorus,champions,train,safeguard,0,,
aurorus,champions,train,encore,0,,
aurorus,champions,train,iron-tail,0,,
aurorus,champions,train,rain-dance,0,,
aurorus,champions,train,mirror-coat,0,,
aurorus,champions,train,ancient-power,0,,
aurorus,champions,train,facade,0,,
aurorus,champions,train,hyper-voice,0,,
aurorus,champions,train,weather-ball,0,,
aurorus,champions,train,rock-tomb,0,,
aurorus,champions,train,icicle-spear,0,,
aurorus,champions,train,iron-defense,0,,
aurorus,champions,train,mud-shot,0,,
aurorus,champions,train,calm-mind,0,,
aurorus,champions,train,rock-blast,0,,
aurorus,champions,train,dark-pulse,0,,
aurorus,champions,train,earth-power,0,,
aurorus,champions,train,giga-impact,0,,
aurorus,champions,train,avalanche,0,,
aurorus,champions,train,zen-headbutt,0,,
aurorus,champions,train,flash-cannon,0,,
aurorus,champions,train,discharge,0,,
aurorus,champions,train,iron-head,0,,
aurorus,champions,train,stone-edge,0,,
aurorus,champions,train,stealth-rock,0,,
aurorus,champions,train,round,0,,
aurorus,champions,train,bulldoze,0,,
aurorus,champions,train,freeze-dry,0,,
aurorus,champions,train,aurora-veil,0,,
aurorus,champions,train,meteor-beam,0,,
aurorus,champions,train,ice-spinner,0,,
aurorus,champions,train,snowscape,0,,
aurorus,champions,train,chilling-water,0,,
sylveon,champions,train,body-slam,0,,
sylveon,champions,train,double-edge,0,,
sylveon,champions,train,bite,0,,
sylveon,champions,train,roar,0,,
sylveon,champions,train,hyper-beam,0,,
sylveon,champions,train,dig,0,,
sylveon,champions,train,psychic,0,,
sylveon,champions,train,quick-attack,0,,
sylveon,champions,train,light-screen,0,,
sylveon,champions,train,reflect,0,,
sylveon,champions,train,focus-energy,0,,
sylveon,champions,train,rest,0,,
sylveon,champions,train,substitute,0,,
sylveon,champions,train,snore,0,,
sylveon,champions,train,curse,0,,
sylveon,champions,train,flail,0,,
sylveon,champions,train,protect,0,,
sylveon,champions,train,mud-slap,0,,
sylveon,champions,train,detect,0,,
sylveon,champions,train,endure,0,,
sylveon,champions,train,charm,0,,
sylveon,champions,train,sleep-talk,0,,
sylveon,champions,train,safeguard,0,,
sylveon,champions,train,baton-pass,0,,
sylveon,champions,train,rain-dance,0,,
sylveon,champions,train,sunny-day,0,,
sylveon,champions,train,psych-up,0,,
sylveon,champions,train,shadow-ball,0,,
sylveon,champions,train,facade,0,,
sylveon,champions,train,helping-hand,0,,
sylveon,champions,train,wish,0,,
sylveon,champions,train,yawn,0,,
sylveon,champions,train,skill-swap,0,,
sylveon,champions,train,hyper-voice,0,,
sylveon,champions,train,weather-ball,0,,
sylveon,champions,train,fake-tears,0,,
sylveon,champions,train,tickle,0,,
sylveon,champions,train,covet,0,,
sylveon,champions,train,calm-mind,0,,
sylveon,champions,train,copycat,0,,
sylveon,champions,train,last-resort,0,,
sylveon,champions,train,giga-impact,0,,
sylveon,champions,train,psyshock,0,,
sylveon,champions,train,round,0,,
sylveon,champions,train,stored-power,0,,
sylveon,champions,train,draining-kiss,0,,
sylveon,champions,train,misty-terrain,0,,
sylveon,champions,train,play-rough,0,,
sylveon,champions,train,moonblast,0,,
sylveon,champions,train,mystical-fire,0,,
sylveon,champions,train,dazzling-gleam,0,,
sylveon,champions,train,baby-doll-eyes,0,,
sylveon,champions,train,misty-explosion,0,,
sylveon,champions,train,trailblaze,0,,
sylveon,champions,train,alluring-voice,0,,
hawlucha,champions,train,fire-punch,0,,
hawlucha,champions,train,thunder-punch,0,,
hawlucha,champions,train,swords-dance,0,,
hawlucha,champions,train,fly,0,,
hawlucha,champions,train,mega-kick,0,,
hawlucha,champions,train,body-slam,0,,
hawlucha,champions,train,hyper-beam,0,,
hawlucha,champions,train,low-kick,0,,
hawlucha,champions,train,dig,0,,
hawlucha,champions,train,agility,0,,
hawlucha,champions,train,high-jump-kick,0,,
hawlucha,champions,train,sky-attack,0,,
hawlucha,champions,train,rest,0,,
hawlucha,champions,train,rock-slide,0,,
hawlucha,champions,train,substitute,0,,
hawlucha,champions,train,thief,0,,
hawlucha,champions,train,snore,0,,
hawlucha,champions,train,reversal,0,,
hawlucha,champions,train,protect,0,,
hawlucha,champions,train,detect,0,,
hawlucha,champions,train,endure,0,,
hawlucha,champions,train,steel-wing,0,,
hawlucha,champions,train,mean-look,0,,
hawlucha,champions,train,sleep-talk,0,,
hawlucha,champions,train,baton-pass,0,,
hawlucha,champions,train,encore,0,,
hawlucha,champions,train,cross-chop,0,,
hawlucha,champions,train,rain-dance,0,,
hawlucha,champions,train,sunny-day,0,,
hawlucha,champions,train,uproar,0,,
hawlucha,champions,train,facade,0,,
hawlucha,champions,train,focus-punch,0,,
hawlucha,champions,train,taunt,0,,
hawlucha,champions,train,helping-hand,0,,
hawlucha,champions,train,superpower,0,,
hawlucha,champions,train,brick-break,0,,
hawlucha,champions,train,endeavor,0,,
hawlucha,champions,train,feather-dance,0,,
hawlucha,champions,train,rock-tomb,0,,
hawlucha,champions,train,aerial-ace,0,,
hawlucha,champions,train,bulk-up,0,,
hawlucha,champions,train,bounce,0,,
hawlucha,champions,train,roost,0,,
hawlucha,champions,train,feint,0,,
hawlucha,champions,train,u-turn,0,,
hawlucha,champions,train,close-combat,0,,
hawlucha,champions,train,payback,0,,
hawlucha,champions,train,assurance,0,,
hawlucha,champions,train,fling,0,,
hawlucha,champions,train,poison-jab,0,,
hawlucha,champions,train,air-slash,0,,
hawlucha,champions,train,x-scissor,0,,
hawlucha,champions,train,drain-punch,0,,
hawlucha,champions,train,focus-blast,0,,
hawlucha,champions,train,brave-bird,0,,
hawlucha,champions,train,giga-impact,0,,
hawlucha,champions,train,zen-headbutt,0,,
hawlucha,champions,train,defog,0,,
hawlucha,champions,train,iron-head,0,,
hawlucha,champions,train,stone-edge,0,,
hawlucha,champions,train,grass-knot,0,,
hawlucha,champions,train,low-sweep,0,,
hawlucha,champions,train,entrainment,0,,
hawlucha,champions,train,round,0,,
hawlucha,champions,train,quick-guard,0,,
hawlucha,champions,train,acrobatics,0,,
hawlucha,champions,train,flying-press,0,,
hawlucha,champions,train,throat-chop,0,,
hawlucha,champions,train,lunge,0,,
hawlucha,champions,train,body-press,0,,
hawlucha,champions,train,coaching,0,,
hawlucha,champions,train,dual-wingbeat,0,,
hawlucha,champions,train,trailblaze,0,,
hawlucha,champions,train,upper-hand,0,,
dedenne,champions,train,thunder-punch,0,,
dedenne,champions,train,hyper-beam,0,,
dedenne,champions,train,thunderbolt,0,,
dedenne,champions,train,thunder-wave,0,,
dedenne,champions,train,thunder,0,,
dedenne,champions,train,dig,0,,
dedenne,champions,train,agility,0,,
dedenne,champions,train,light-screen,0,,
dedenne,champions,train,rest,0,,
dedenne,champions,train,super-fang,0,,
dedenne,champions,train,substitute,0,,
dedenne,champions,train,thief,0,,
dedenne,champions,train,snore,0,,
dedenne,champions,train,protect,0,,
dedenne,champions,train,endure,0,,
dedenne,champions,train,charm,0,,
dedenne,champions,train,sleep-talk,0,,
dedenne,champions,train,iron-tail,0,,
dedenne,champions,train,rain-dance,0,,
dedenne,champions,train,sunny-day,0,,
dedenne,champions,train,facade,0,,
dedenne,champions,train,charge,0,,
dedenne,champions,train,helping-hand,0,,
dedenne,champions,train,endeavor,0,,
dedenne,champions,train,covet,0,,
dedenne,champions,train,u-turn,0,,
dedenne,champions,train,fling,0,,
dedenne,champions,train,magnet-rise,0,,
dedenne,champions,train,seed-bomb,0,,
dedenne,champions,train,giga-impact,0,,
dedenne,champions,train,discharge,0,,
dedenne,champions,train,grass-knot,0,,
dedenne,champions,train,charge-beam,0,,
dedenne,champions,train,electro-ball,0,,
dedenne,champions,train,entrainment,0,,
dedenne,champions,train,round,0,,
dedenne,champions,train,volt-switch,0,,
dedenne,champions,train,electroweb,0,,
dedenne,champions,train,wild-charge,0,,
dedenne,champions,train,parabolic-charge,0,,
dedenne,champions,train,draining-kiss,0,,
dedenne,champions,train,misty-terrain,0,,
dedenne,champions,train,play-rough,0,,
dedenne,champions,train,eerie-impulse,0,,
dedenne,champions,train,electric-terrain,0,,
dedenne,champions,train,dazzling-gleam,0,,
dedenne,champions,train,nuzzle,0,,
dedenne,champions,train,tearful-look,0,,
dedenne,champions,train,rising-voltage,0,,
dedenne,champions,train,trailblaze,0,,
goodra,champions,train,fire-punch,0,,
goodra,champions,train,thunder-punch,0,,
goodra,champions,train,mega-kick,0,,
goodra,champions,train,body-slam,0,,
goodra,champions,train,flamethrower,0,,
goodra,champions,train,hydro-pump,0,,
goodra,champions,train,surf,0,,
goodra,champions,train,ice-beam,0,,
goodra,champions,train,blizzard,0,,
goodra,champions,train,hyper-beam,0,,
goodra,champions,train,counter,0,,
goodra,champions,train,thunderbolt,0,,
goodra,champions,train,thunder,0,,
goodra,champions,train,earthquake,0,,
goodra,champions,train,toxic,0,,
goodra,champions,train,fire-blast,0,,
goodra,champions,train,acid-armor,0,,
goodra,champions,train,rest,0,,
goodra,champions,train,rock-slide,0,,
goodra,champions,train,substitute,0,,
goodra,champions,train,snore,0,,
goodra,champions,train,curse,0,,
goodra,champions,train,flail,0,,
goodra,champions,train,protect,0,,
goodra,champions,train,sludge-bomb,0,,
goodra,champions,train,outrage,0,,
goodra,champions,train,giga-drain,0,,
goodra,champions,train,endure,0,,
goodra,champions,train,charm,0,,
goodra,champions,train,sleep-talk,0,,
goodra,champions,train,iron-tail,0,,
goodra,champions,train,rain-dance,0,,
goodra,champions,train,sunny-day,0,,
goodra,champions,train,facade,0,,
goodra,champions,train,focus-punch,0,,
goodra,champions,train,superpower,0,,
goodra,champions,train,knock-off,0,,
goodra,champions,train,weather-ball,0,,
goodra,champions,train,muddy-water,0,,
goodra,champions,train,dragon-claw,0,,
goodra,champions,train,mud-shot,0,,
goodra,champions,train,water-pulse,0,,
goodra,champions,train,feint,0,,
goodra,champions,train,assurance,0,,
goodra,champions,train,aqua-tail,0,,
goodra,champions,train,dragon-pulse,0,,
goodra,champions,train,focus-blast,0,,
goodra,champions,train,giga-impact,0,,
goodra,champions,train,draco-meteor,0,,
goodra,champions,train,power-whip,0,,
goodra,champions,train,sludge-wave,0,,
goodra,champions,train,acid-spray,0,,
goodra,champions,train,round,0,,
goodra,champions,train,scald,0,,
goodra,champions,train,bulldoze,0,,
goodra,champions,train,dragon-tail,0,,
goodra,champions,train,brutal-swing,0,,
goodra,champions,train,stomping-tantrum,0,,
goodra,champions,train,tearful-look,0,,
goodra,champions,train,body-press,0,,
goodra,champions,train,breaking-swipe,0,,
goodra,champions,train,life-dew,0,,
goodra,champions,train,skitter-smack,0,,
goodra,champions,train,chilling-water,0,,
goodra,champions,train,dragon-cheer,0,,
klefki,champions,train,hyper-beam,0,,
klefki,champions,train,thunder-wave,0,,
klefki,champions,train,psychic,0,,
klefki,champions,train,light-screen,0,,
klefki,champions,train,reflect,0,,
klefki,champions,train,rest,0,,
klefki,champions,train,substitute,0,,
klefki,champions,train,thief,0,,
klefki,champions,train,snore,0,,
klefki,champions,train,protect,0,,
klefki,champions,train,spikes,0,,
klefki,champions,train,sandstorm,0,,
klefki,champions,train,endure,0,,
klefki,champions,train,sleep-talk,0,,
klefki,champions,train,safeguard,0,,
klefki,champions,train,rain-dance,0,,
klefki,champions,train,sunny-day,0,,
klefki,champions,train,psych-up,0,,
klefki,champions,train,future-sight,0,,
klefki,champions,train,torment,0,,
klefki,champions,train,facade,0,,
klefki,champions,train,recycle,0,,
klefki,champions,train,imprison,0,,
klefki,champions,train,metal-sound,0,,
klefki,champions,train,iron-defense,0,,
klefki,champions,train,calm-mind,0,,
klefki,champions,train,last-resort,0,,
klefki,champions,train,magnet-rise,0,,
klefki,champions,train,switcheroo,0,,
klefki,champions,train,giga-impact,0,,
klefki,champions,train,flash-cannon,0,,
klefki,champions,train,trick-room,0,,
klefki,champions,train,psyshock,0,,
klefki,champions,train,magic-room,0,,
klefki,champions,train,foul-play,0,,
klefki,champions,train,round,0,,
klefki,champions,train,stored-power,0,,
klefki,champions,train,draining-kiss,0,,
klefki,champions,train,misty-terrain,0,,
klefki,champions,train,play-rough,0,,
klefki,champions,train,fairy-lock,0,,
klefki,champions,train,dazzling-gleam,0,,
klefki,champions,train,steel-beam,0,,
klefki,champions,train,skitter-smack,0,,
trevenant,champions,train,disable,0,,
trevenant,champions,train,hyper-beam,0,,
trevenant,champions,train,leech-seed,0,,
trevenant,champions,train,growth,0,,
trevenant,champions,train,solar-beam,0,,
trevenant,champions,train,earthquake,0,,
trevenant,champions,train,dig,0,,
trevenant,champions,train,toxic,0,,
trevenant,champions,train,psychic,0,,
trevenant,champions,train,night-shade,0,,
trevenant,champions,train,confuse-ray,0,,
trevenant,champions,train,haze,0,,
trevenant,champions,train,reflect,0,,
trevenant,champions,train,rest,0,,
trevenant,champions,train,rock-slide,0,,
trevenant,champions,train,substitute,0,,
trevenant,champions,train,thief,0,,
trevenant,champions,train,snore,0,,
trevenant,champions,train,curse,0,,
trevenant,champions,train,spite,0,,
trevenant,champions,train,protect,0,,
trevenant,champions,train,scary-face,0,,
trevenant,champions,train,destiny-bond,0,,
trevenant,champions,train,giga-drain,0,,
trevenant,champions,train,endure,0,,
trevenant,champions,train,swagger,0,,
trevenant,champions,train,sleep-talk,0,,
trevenant,champions,train,safeguard,0,,
trevenant,champions,train,pain-split,0,,
trevenant,champions,train,rain-dance,0,,
trevenant,champions,train,sunny-day,0,,
trevenant,champions,train,psych-up,0,,
trevenant,champions,train,shadow-ball,0,,
trevenant,champions,train,will-o-wisp,0,,
trevenant,champions,train,facade,0,,
trevenant,champions,train,trick,0,,
trevenant,champions,train,ingrain,0,,
trevenant,champions,train,knock-off,0,,
trevenant,champions,train,skill-swap,0,,
trevenant,champions,train,imprison,0,,
trevenant,champions,train,shadow-punch,0,,
trevenant,champions,train,calm-mind,0,,
trevenant,champions,train,sucker-punch,0,,
trevenant,champions,train,poison-jab,0,,
trevenant,champions,train,dark-pulse,0,,
trevenant,champions,train,seed-bomb,0,,
trevenant,champions,train,x-scissor,0,,
trevenant,champions,train,drain-punch,0,,
trevenant,champions,train,focus-blast,0,,
trevenant,champions,train,energy-ball,0,,
trevenant,champions,train,giga-impact,0,,
trevenant,champions,train,shadow-claw,0,,
trevenant,champions,train,trick-room,0,,
trevenant,champions,train,leaf-storm,0,,
trevenant,champions,train,grass-knot,0,,
trevenant,champions,train,wood-hammer,0,,
trevenant,champions,train,foul-play,0,,
trevenant,champions,train,round,0,,
trevenant,champions,train,ally-switch,0,,
trevenant,champions,train,hex,0,,
trevenant,champions,train,bulldoze,0,,
trevenant,champions,train,horn-leech,0,,
trevenant,champions,train,phantom-force,0,,
trevenant,champions,train,forests-curse,0,,
trevenant,champions,train,grassy-terrain,0,,
trevenant,champions,train,brutal-swing,0,,
trevenant,champions,train,grassy-glide,0,,
trevenant,champions,train,skitter-smack,0,,
trevenant,champions,train,burning-jealousy,0,,
trevenant,champions,train,lash-out,0,,
trevenant,champions,train,poltergeist,0,,
trevenant,champions,train,trailblaze,0,,
trevenant,champions,train,psychic-noise,0,,
gourgeist-average,champions,train,disable,0,,
gourgeist-average,champions,train,flamethrower,0,,
gourgeist-average,champions,train,hyper-beam,0,,
gourgeist-average,champions,train,leech-seed,0,,
gourgeist-average,champions,train,solar-beam,0,,
gourgeist-average,champions,train,psychic,0,,
gourgeist-average,champions,train,hypnosis,0,,
gourgeist-average,champions,train,confuse-ray,0,,
gourgeist-average,champions,train,light-screen,0,,
gourgeist-average,champions,train,self-destruct,0,,
gourgeist-average,champions,train,fire-blast,0,,
gourgeist-average,champions,train,explosion,0,,
gourgeist-average,champions,train,rest,0,,
gourgeist-average,champions,train,rock-slide,0,,
gourgeist-average,champions,train,substitute,0,,
gourgeist-average,champions,train,thief,0,,
gourgeist-average,champions,train,snore,0,,
gourgeist-average,champions,train,curse,0,,
gourgeist-average,champions,train,protect,0,,
gourgeist-average,champions,train,scary-face,0,,
gourgeist-average,champions,train,sludge-bomb,0,,
gourgeist-average,champions,train,destiny-bond,0,,
gourgeist-average,champions,train,giga-drain,0,,
gourgeist-average,champions,train,endure,0,,
gourgeist-average,champions,train,attract,0,,
gourgeist-average,champions,train,sleep-talk,0,,
gourgeist-average,champions,train,safeguard,0,,
gourgeist-average,champions,train,pain-split,0,,
gourgeist-average,champions,train,sunny-day,0,,
gourgeist-average,champions,train,shadow-ball,0,,
gourgeist-average,champions,train,will-o-wisp,0,,
gourgeist-average,champions,train,facade,0,,
gourgeist-average,champions,train,trick,0,,
gourgeist-average,champions,train,skill-swap,0,,
gourgeist-average,champions,train,imprison,0,,
gourgeist-average,champions,train,bullet-seed,0,,
gourgeist-average,champions,train,gyro-ball,0,,
gourgeist-average,champions,train,worry-seed,0,,
gourgeist-average,champions,train,dark-pulse,0,,
gourgeist-average,champions,train,seed-bomb,0,,
gourgeist-average,champions,train,focus-blast,0,,
gourgeist-average,champions,train,energy-ball,0,,
gourgeist-average,champions,train,giga-impact,0,,
gourgeist-average,champions,train,nasty-plot,0,,
gourgeist-average,champions,train,shadow-sneak,0,,
gourgeist-average,champions,train,trick-room,0,,
gourgeist-average,champions,train,power-whip,0,,
gourgeist-average,champions,train,grass-knot,0,,
gourgeist-average,champions,train,foul-play,0,,
gourgeist-average,champions,train,round,0,,
gourgeist-average,champions,train,ally-switch,0,,
gourgeist-average,champions,train,hex,0,,
gourgeist-average,champions,train,phantom-force,0,,
gourgeist-average,champions,train,trick-or-treat,0,,
gourgeist-average,champions,train,moonblast,0,,
gourgeist-average,champions,train,mystical-fire,0,,
gourgeist-average,champions,train,brutal-swing,0,,
gourgeist-average,champions,train,grassy-glide,0,,
gourgeist-average,champions,train,skitter-smack,0,,
gourgeist-average,champions,train,poltergeist,0,,
avalugg,champions,train,body-slam,0,,
avalugg,champions,train,double-edge,0,,
avalugg,champions,train,bite,0,,
avalugg,champions,train,hydro-pump,0,,
avalugg,champions,train,surf,0,,
avalugg,champions,train,ice-beam,0,,
avalugg,champions,train,blizzard,0,,
avalugg,champions,train,hyper-beam,0,,
avalugg,champions,train,earthquake,0,,
avalugg,champions,train,recover,0,,
avalugg,champions,train,rest,0,,
avalugg,champions,train,rock-slide,0,,
avalugg,champions,train,substitute,0,,
avalugg,champions,train,snore,0,,
avalugg,champions,train,curse,0,,
avalugg,champions,train,protect,0,,
avalugg,champions,train,scary-face,0,,
avalugg,champions,train,icy-wind,0,,
avalugg,champions,train,endure,0,,
avalugg,champions,train,sleep-talk,0,,
avalugg,champions,train,rapid-spin,0,,
avalugg,champions,train,rain-dance,0,,
avalugg,champions,train,crunch,0,,
avalugg,champions,train,mirror-coat,0,,
avalugg,champions,train,facade,0,,
avalugg,champions,train,superpower,0,,
avalugg,champions,train,rock-tomb,0,,
avalugg,champions,train,icicle-spear,0,,
avalugg,champions,train,iron-defense,0,,
avalugg,champions,train,gyro-ball,0,,
avalugg,champions,train,giga-impact,0,,
avalugg,champions,train,avalanche,0,,
avalugg,champions,train,ice-fang,0,,
avalugg,champions,train,flash-cannon,0,,
avalugg,champions,train,iron-head,0,,
avalugg,champions,train,stone-edge,0,,
avalugg,champions,train,wide-guard,0,,
avalugg,champions,train,heavy-slam,0,,
avalugg,champions,train,round,0,,
avalugg,champions,train,bulldoze,0,,
avalugg,champions,train,frost-breath,0,,
avalugg,champions,train,icicle-crash,0,,
avalugg,champions,train,high-horsepower,0,,
avalugg,champions,train,aurora-veil,0,,
avalugg,champions,train,stomping-tantrum,0,,
avalugg,champions,train,body-press,0,,
avalugg,champions,train,ice-spinner,0,,
avalugg,champions,train,snowscape,0,,
avalugg,champions,train,chilling-water,0,,
noivern,champions,train,whirlwind,0,,
noivern,champions,train,fly,0,,
noivern,champions,train,body-slam,0,,
noivern,champions,train,double-edge,0,,
noivern,champions,train,bite,0,,
noivern,champions,train,flamethrower,0,,
noivern,champions,train,hyper-beam,0,,
noivern,champions,train,solar-beam,0,,
noivern,champions,train,psychic,0,,
noivern,champions,train,agility,0,,
noivern,champions,train,screech,0,,
noivern,champions,train,double-team,0,,
noivern,champions,train,leech-life,0,,
noivern,champions,train,sky-attack,0,,
noivern,champions,train,rest,0,,
noivern,champions,train,super-fang,0,,
noivern,champions,train,substitute,0,,
noivern,champions,train,thief,0,,
noivern,champions,train,snore,0,,
noivern,champions,train,protect,0,,
noivern,champions,train,scary-face,0,,
noivern,champions,train,outrage,0,,
noivern,champions,train,endure,0,,
noivern,champions,train,steel-wing,0,,
noivern,champions,train,sleep-talk,0,,
noivern,champions,train,iron-tail,0,,
noivern,champions,train,moonlight,0,,
noivern,champions,train,sunny-day,0,,
noivern,champions,train,shadow-ball,0,,
noivern,champions,train,uproar,0,,
noivern,champions,train,heat-wave,0,,
noivern,champions,train,facade,0,,
noivern,champions,train,taunt,0,,
noivern,champions,train,brick-break,0,,
noivern,champions,train,hyper-voice,0,,
noivern,champions,train,air-cutter,0,,
noivern,champions,train,aerial-ace,0,,
noivern,champions,train,dragon-claw,0,,
noivern,champions,train,dragon-dance,0,,
noivern,champions,train,water-pulse,0,,
noivern,champions,train,roost,0,,
noivern,champions,train,tailwind,0,,
noivern,champions,train,u-turn,0,,
noivern,champions,train,dark-pulse,0,,
noivern,champions,train,air-slash,0,,
noivern,champions,train,x-scissor,0,,
noivern,champions,train,dragon-pulse,0,,
noivern,champions,train,dragon-rush,0,,
noivern,champions,train,focus-blast,0,,
noivern,champions,train,switcheroo,0,,
noivern,champions,train,giga-impact,0,,
noivern,champions,train,shadow-claw,0,,
noivern,champions,train,defog,0,,
noivern,champions,train,draco-meteor,0,,
noivern,champions,train,round,0,,
noivern,champions,train,acrobatics,0,,
noivern,champions,train,dragon-tail,0,,
noivern,champions,train,wild-charge,0,,
noivern,champions,train,hurricane,0,,
noivern,champions,train,boomburst,0,,
noivern,champions,train,breaking-swipe,0,,
noivern,champions,train,dual-wingbeat,0,,
noivern,champions,train,dragon-cheer,0,,
noivern,champions,train,psychic-noise,0,,
decidueye,champions,train,swords-dance,0,,
decidueye,champions,train,hyper-beam,0,,
decidueye,champions,train,low-kick,0,,
decidueye,champions,train,solar-beam,0,,
decidueye,champions,train,night-shade,0,,
decidueye,champions,train,double-team,0,,
decidueye,champions,train,confuse-ray,0,,
decidueye,champions,train,light-screen,0,,
decidueye,champions,train,haze,0,,
decidueye,champions,train,rest,0,,
decidueye,champions,train,substitute,0,,
decidueye,champions,train,snore,0,,
decidueye,champions,train,curse,0,,
decidueye,champions,train,spite,0,,
decidueye,champions,train,protect,0,,
decidueye,champions,train,giga-drain,0,,
decidueye,champions,train,endure,0,,
decidueye,champions,train,steel-wing,0,,
decidueye,champions,train,sleep-talk,0,,
decidueye,champions,train,baton-pass,0,,
decidueye,champions,train,synthesis,0,,
decidueye,champions,train,rain-dance,0,,
decidueye,champions,train,sunny-day,0,,
decidueye,champions,train,shadow-ball,0,,
decidueye,champions,train,facade,0,,
decidueye,champions,train,helping-hand,0,,
decidueye,champions,train,knock-off,0,,
decidueye,champions,train,imprison,0,,
decidueye,champions,train,feather-dance,0,,
decidueye,champions,train,air-cutter,0,,
decidueye,champions,train,bullet-seed,0,,
decidueye,champions,train,aerial-ace,0,,
decidueye,champions,train,frenzy-plant,0,,
decidueye,champions,train,leaf-blade,0,,
decidueye,champions,train,roost,0,,
decidueye,champions,train,pluck,0,,
decidueye,champions,train,tailwind,0,,
decidueye,champions,train,u-turn,0,,
decidueye,champions,train,sucker-punch,0,,
decidueye,champions,train,seed-bomb,0,,
decidueye,champions,train,air-slash,0,,
decidueye,champions,train,energy-ball,0,,
decidueye,champions,train,brave-bird,0,,
decidueye,champions,train,giga-impact,0,,
decidueye,champions,train,nasty-plot,0,,
decidueye,champions,train,shadow-claw,0,,
decidueye,champions,train,shadow-sneak,0,,
decidueye,champions,train,psycho-cut,0,,
decidueye,champions,train,defog,0,,
decidueye,champions,train,leaf-storm,0,,
decidueye,champions,train,grass-knot,0,,
decidueye,champions,train,smack-down,0,,
decidueye,champions,train,low-sweep,0,,
decidueye,champions,train,round,0,,
decidueye,champions,train,hex,0,,
decidueye,champions,train,acrobatics,0,,
decidueye,champions,train,hurricane,0,,
decidueye,champions,train,phantom-force,0,,
decidueye,champions,train,grassy-terrain,0,,
decidueye,champions,train,spirit-shackle,0,,
decidueye,champions,train,solar-blade,0,,
decidueye,champions,train,grassy-glide,0,,
decidueye,champions,train,skitter-smack,0,,
decidueye,champions,train,poltergeist,0,,
decidueye,champions,train,dual-wingbeat,0,,
decidueye,champions,train,trailblaze,0,,
incineroar,champions,train,fire-punch,0,,
incineroar,champions,train,thunder-punch,0,,
incineroar,champions,train,swords-dance,0,,
incineroar,champions,train,mega-kick,0,,
incineroar,champions,train,body-slam,0,,
incineroar,champions,train,thrash,0,,
incineroar,champions,train,double-edge,0,,
incineroar,champions,train,bite,0,,
incineroar,champions,train,roar,0,,
incineroar,champions,train,flamethrower,0,,
incineroar,champions,train,hyper-beam,0,,
incineroar,champions,train,low-kick,0,,
incineroar,champions,train,fire-spin,0,,
incineroar,champions,train,earthquake,0,,
incineroar,champions,train,fire-blast,0,,
incineroar,champions,train,leech-life,0,,
incineroar,champions,train,rest,0,,
incineroar,champions,train,substitute,0,,
incineroar,champions,train,thief,0,,
incineroar,champions,train,snore,0,,
incineroar,champions,train,reversal,0,,
incineroar,champions,train,protect,0,,
incineroar,champions,train,scary-face,0,,
incineroar,champions,train,outrage,0,,
incineroar,champions,train,endure,0,,
incineroar,champions,train,swagger,0,,
incineroar,champions,train,attract,0,,
incineroar,champions,train,sleep-talk,0,,
incineroar,champions,train,baton-pass,0,,
incineroar,champions,train,cross-chop,0,,
incineroar,champions,train,sunny-day,0,,
incineroar,champions,train,crunch,0,,
incineroar,champions,train,fake-out,0,,
incineroar,champions,train,heat-wave,0,,
incineroar,champions,train,will-o-wisp,0,,
incineroar,champions,train,facade,0,,
incineroar,champions,train,focus-punch,0,,
incineroar,champions,train,taunt,0,,
incineroar,champions,train,helping-hand,0,,
incineroar,champions,train,superpower,0,,
incineroar,champions,train,brick-break,0,,
incineroar,champions,train,endeavor,0,,
incineroar,champions,train,blaze-kick,0,,
incineroar,champions,train,blast-burn,0,,
incineroar,champions,train,overheat,0,,
incineroar,champions,train,aerial-ace,0,,
incineroar,champions,train,bulk-up,0,,
incineroar,champions,train,close-combat,0,,
incineroar,champions,train,assurance,0,,
incineroar,champions,train,fling,0,,
incineroar,champions,train,flare-blitz,0,,
incineroar,champions,train,dark-pulse,0,,
incineroar,champions,train,drain-punch,0,,
incineroar,champions,train,focus-blast,0,,
incineroar,champions,train,giga-impact,0,,
incineroar,champions,train,nasty-plot,0,,
incineroar,champions,train,shadow-claw,0,,
incineroar,champions,train,fire-fang,0,,
incineroar,champions,train,iron-head,0,,
incineroar,champions,train,flame-charge,0,,
incineroar,champions,train,low-sweep,0,,
incineroar,champions,train,round,0,,
incineroar,champions,train,acrobatics,0,,
incineroar,champions,train,bulldoze,0,,
incineroar,champions,train,heat-crash,0,,
incineroar,champions,train,snarl,0,,
incineroar,champions,train,parting-shot,0,,
incineroar,champions,train,darkest-lariat,0,,
incineroar,champions,train,throat-chop,0,,
incineroar,champions,train,power-trip,0,,
incineroar,champions,train,brutal-swing,0,,
incineroar,champions,train,stomping-tantrum,0,,
incineroar,champions,train,burning-jealousy,0,,
incineroar,champions,train,lash-out,0,,
incineroar,champions,train,scorching-sands,0,,
incineroar,champions,train,trailblaze,0,,
incineroar,champions,train,temper-flare,0,,
primarina,champions,train,body-slam,0,,
primarina,champions,train,sing,0,,
primarina,champions,train,hydro-pump,0,,
primarina,champions,train,surf,0,,
primarina,champions,train,ice-beam,0,,
primarina,champions,train,blizzard,0,,
primarina,champions,train,hyper-beam,0,,
primarina,champions,train,psychic,0,,
primarina,champions,train,light-screen,0,,
primarina,champions,train,haze,0,,
primarina,champions,train,reflect,0,,
primarina,champions,train,waterfall,0,,
primarina,champions,train,amnesia,0,,
primarina,champions,train,rest,0,,
primarina,champions,train,substitute,0,,
primarina,champions,train,snore,0,,
primarina,champions,train,protect,0,,
primarina,champions,train,perish-song,0,,
primarina,champions,train,icy-wind,0,,
primarina,champions,train,endure,0,,
primarina,champions,train,charm,0,,
primarina,champions,train,attract,0,,
primarina,champions,train,sleep-talk,0,,
primarina,champions,train,encore,0,,
primarina,champions,train,iron-tail,0,,
primarina,champions,train,rain-dance,0,,
primarina,champions,train,psych-up,0,,
primarina,champions,train,shadow-ball,0,,
primarina,champions,train,whirlpool,0,,
primarina,champions,train,uproar,0,,
primarina,champions,train,facade,0,,
primarina,champions,train,helping-hand,0,,
primarina,champions,train,dive,0,,
primarina,champions,train,hyper-voice,0,,
primarina,champions,train,hydro-cannon,0,,
primarina,champions,train,weather-ball,0,,
primarina,champions,train,calm-mind,0,,
primarina,champions,train,water-pulse,0,,
primarina,champions,train,aqua-ring,0,,
primarina,champions,train,energy-ball,0,,
primarina,champions,train,giga-impact,0,,
primarina,champions,train,aqua-jet,0,,
primarina,champions,train,wonder-room,0,,
primarina,champions,train,round,0,,
primarina,champions,train,stored-power,0,,
primarina,champions,train,acrobatics,0,,
primarina,champions,train,draining-kiss,0,,
primarina,champions,train,misty-terrain,0,,
primarina,champions,train,play-rough,0,,
primarina,champions,train,moonblast,0,,
primarina,champions,train,dazzling-gleam,0,,
primarina,champions,train,baby-doll-eyes,0,,
primarina,champions,train,sparkling-aria,0,,
primarina,champions,train,liquidation,0,,
primarina,champions,train,life-dew,0,,
primarina,champions,train,misty-explosion,0,,
primarina,champions,train,flip-turn,0,,
primarina,champions,train,triple-axel,0,,
primarina,champions,train,ice-spinner,0,,
primarina,champions,train,snowscape,0,,
primarina,champions,train,chilling-water,0,,
primarina,champions,train,alluring-voice,0,,
primarina,champions,train,psychic-noise,0,,
toucannon,champions,train,swords-dance,0,,
toucannon,champions,train,fly,0,,
toucannon,champions,train,hyper-beam,0,,
toucannon,champions,train,drill-peck,0,,
toucannon,champions,train,screech,0,,
toucannon,champions,train,sky-attack,0,,
toucannon,champions,train,rest,0,,
toucannon,champions,train,substitute,0,,
toucannon,champions,train,thief,0,,
toucannon,champions,train,snore,0,,
toucannon,champions,train,protect,0,,
toucannon,champions,train,scary-face,0,,
toucannon,champions,train,endure,0,,
toucannon,champions,train,steel-wing,0,,
toucannon,champions,train,attract,0,,
toucannon,champions,train,sleep-talk,0,,
toucannon,champions,train,encore,0,,
toucannon,champions,train,sunny-day,0,,
toucannon,champions,train,psych-up,0,,
toucannon,champions,train,uproar,0,,
toucannon,champions,train,heat-wave,0,,
toucannon,champions,train,facade,0,,
toucannon,champions,train,helping-hand,0,,
toucannon,champions,train,brick-break,0,,
toucannon,champions,train,knock-off,0,,
toucannon,champions,train,endeavor,0,,
toucannon,champions,train,feather-dance,0,,
toucannon,champions,train,hyper-voice,0,,
toucannon,champions,train,air-cutter,0,,
toucannon,champions,train,overheat,0,,
toucannon,champions,train,bullet-seed,0,,
toucannon,champions,train,aerial-ace,0,,
toucannon,champions,train,rock-blast,0,,
toucannon,champions,train,roost,0,,
toucannon,champions,train,pluck,0,,
toucannon,champions,train,tailwind,0,,
toucannon,champions,train,u-turn,0,,
toucannon,champions,train,seed-bomb,0,,
toucannon,champions,train,air-slash,0,,
toucannon,champions,train,brave-bird,0,,
toucannon,champions,train,giga-impact,0,,
toucannon,champions,train,flash-cannon,0,,
toucannon,champions,train,gunk-shot,0,,
toucannon,champions,train,smack-down,0,,
toucannon,champions,train,flame-charge,0,,
toucannon,champions,train,round,0,,
toucannon,champions,train,acrobatics,0,,
toucannon,champions,train,hurricane,0,,
toucannon,champions,train,boomburst,0,,
toucannon,champions,train,throat-chop,0,,
toucannon,champions,train,beak-blast,0,,
toucannon,champions,train,dual-wingbeat,0,,
toucannon,champions,train,temper-flare,0,,
crabominable,champions,train,ice-punch,0,,
crabominable,champions,train,thunder-punch,0,,
crabominable,champions,train,body-slam,0,,
crabominable,champions,train,ice-beam,0,,
crabominable,champions,train,blizzard,0,,
crabominable,champions,train,hyper-beam,0,,
crabominable,champions,train,earthquake,0,,
crabominable,champions,train,dig,0,,
crabominable,champions,train,amnesia,0,,
crabominable,champions,train,crabhammer,0,,
crabominable,champions,train,rest,0,,
crabominable,champions,train,rock-slide,0,,
crabominable,champions,train,substitute,0,,
crabominable,champions,train,thief,0,,
crabominable,champions,train,snore,0,,
crabominable,champions,train,reversal,0,,
crabominable,champions,train,protect,0,,
crabominable,champions,train,mach-punch,0,,
crabominable,champions,train,scary-face,0,,
crabominable,champions,train,mud-slap,0,,
crabominable,champions,train,icy-wind,0,,
crabominable,champions,train,endure,0,,
crabominable,champions,train,swagger,0,,
crabominable,champions,train,sleep-talk,0,,
crabominable,champions,train,dynamic-punch,0,,
crabominable,champions,train,rain-dance,0,,
crabominable,champions,train,sunny-day,0,,
crabominable,champions,train,facade,0,,
crabominable,champions,train,focus-punch,0,,
crabominable,champions,train,helping-hand,0,,
crabominable,champions,train,superpower,0,,
crabominable,champions,train,brick-break,0,,
crabominable,champions,train,knock-off,0,,
crabominable,champions,train,endeavor,0,,
crabominable,champions,train,rock-tomb,0,,
crabominable,champions,train,icicle-spear,0,,
crabominable,champions,train,iron-defense,0,,
crabominable,champions,train,bulk-up,0,,
crabominable,champions,train,mud-shot,0,,
crabominable,champions,train,close-combat,0,,
crabominable,champions,train,payback,0,,
crabominable,champions,train,fling,0,,
crabominable,champions,train,drain-punch,0,,
crabominable,champions,train,focus-blast,0,,
crabominable,champions,train,giga-impact,0,,
crabominable,champions,train,avalanche,0,,
crabominable,champions,train,zen-headbutt,0,,
crabominable,champions,train,gunk-shot,0,,
crabominable,champions,train,iron-head,0,,
crabominable,champions,train,wide-guard,0,,
crabominable,champions,train,round,0,,
crabominable,champions,train,bulldoze,0,,
crabominable,champions,train,ice-hammer,0,,
crabominable,champions,train,brutal-swing,0,,
crabominable,champions,train,stomping-tantrum,0,,
crabominable,champions,train,liquidation,0,,
crabominable,champions,train,body-press,0,,
crabominable,champions,train,coaching,0,,
crabominable,champions,train,ice-spinner,0,,
crabominable,champions,train,snowscape,0,,
crabominable,champions,train,chilling-water,0,,
crabominable,champions,train,hard-press,0,,
crabominable,champions,train,upper-hand,0,,
lycanroc-midday,champions,train,swords-dance,0,,
lycanroc-midday,champions,train,body-slam,0,,
lycanroc-midday,champions,train,thrash,0,,
lycanroc-midday,champions,train,double-edge,0,,
lycanroc-midday,champions,train,bite,0,,
lycanroc-midday,champions,train,roar,0,,
lycanroc-midday,champions,train,dig,0,,
lycanroc-midday,champions,train,agility,0,,
lycanroc-midday,champions,train,quick-attack,0,,
lycanroc-midday,champions,train,double-team,0,,
lycanroc-midday,champions,train,rest,0,,
lycanroc-midday,champions,train,rock-slide,0,,
lycanroc-midday,champions,train,substitute,0,,
lycanroc-midday,champions,train,snore,0,,
lycanroc-midday,champions,train,protect,0,,
lycanroc-midday,champions,train,scary-face,0,,
lycanroc-midday,champions,train,mud-slap,0,,
lycanroc-midday,champions,train,sandstorm,0,,
lycanroc-midday,champions,train,endure,0,,
lycanroc-midday,champions,train,charm,0,,
lycanroc-midday,champions,train,sleep-talk,0,,
lycanroc-midday,champions,train,iron-tail,0,,
lycanroc-midday,champions,train,sunny-day,0,,
lycanroc-midday,champions,train,crunch,0,,
lycanroc-midday,champions,train,facade,0,,
lycanroc-midday,champions,train,taunt,0,,
lycanroc-midday,champions,train,helping-hand,0,,
lycanroc-midday,champions,train,brick-break,0,,
lycanroc-midday,champions,train,endeavor,0,,
lycanroc-midday,champions,train,hyper-voice,0,,
lycanroc-midday,champions,train,rock-tomb,0,,
lycanroc-midday,champions,train,iron-defense,0,,
lycanroc-midday,champions,train,howl,0,,
lycanroc-midday,champions,train,bulk-up,0,,
lycanroc-midday,champions,train,rock-blast,0,,
lycanroc-midday,champions,train,close-combat,0,,
lycanroc-midday,champions,train,assurance,0,,
lycanroc-midday,champions,train,last-resort,0,,
lycanroc-midday,champions,train,sucker-punch,0,,
lycanroc-midday,champions,train,earth-power,0,,
lycanroc-midday,champions,train,giga-impact,0,,
lycanroc-midday,champions,train,thunder-fang,0,,
lycanroc-midday,champions,train,fire-fang,0,,
lycanroc-midday,champions,train,zen-headbutt,0,,
lycanroc-midday,champions,train,iron-head,0,,
lycanroc-midday,champions,train,stone-edge,0,,
lycanroc-midday,champions,train,stealth-rock,0,,
lycanroc-midday,champions,train,round,0,,
lycanroc-midday,champions,train,quick-guard,0,,
lycanroc-midday,champions,train,bulldoze,0,,
lycanroc-midday,champions,train,drill-run,0,,
lycanroc-midday,champions,train,tail-slap,0,,
lycanroc-midday,champions,train,snarl,0,,
lycanroc-midday,champions,train,play-rough,0,,
lycanroc-midday,champions,train,psychic-fangs,0,,
lycanroc-midday,champions,train,stomping-tantrum,0,,
lycanroc-midday,champions,train,accelerock,0,,
lycanroc-midday,champions,train,trailblaze,0,,
toxapex,champions,train,body-slam,0,,
toxapex,champions,train,pin-missile,0,,
toxapex,champions,train,bite,0,,
toxapex,champions,train,hydro-pump,0,,
toxapex,champions,train,surf,0,,
toxapex,champions,train,ice-beam,0,,
toxapex,champions,train,blizzard,0,,
toxapex,champions,train,hyper-beam,0,,
toxapex,champions,train,toxic,0,,
toxapex,champions,train,recover,0,,
toxapex,champions,train,light-screen,0,,
toxapex,champions,train,haze,0,,
toxapex,champions,train,rest,0,,
toxapex,champions,train,substitute,0,,
toxapex,champions,train,snore,0,,
toxapex,champions,train,protect,0,,
toxapex,champions,train,scary-face,0,,
toxapex,champions,train,sludge-bomb,0,,
toxapex,champions,train,icy-wind,0,,
toxapex,champions,train,endure,0,,
toxapex,champions,train,sleep-talk,0,,
toxapex,champions,train,pain-split,0,,
toxapex,champions,train,rain-dance,0,,
toxapex,champions,train,stockpile,0,,
toxapex,champions,train,spit-up,0,,
toxapex,champions,train,swallow,0,,
toxapex,champions,train,facade,0,,
toxapex,champions,train,muddy-water,0,,
toxapex,champions,train,iron-defense,0,,
toxapex,champions,train,mud-shot,0,,
toxapex,champions,train,water-pulse,0,,
toxapex,champions,train,payback,0,,
toxapex,champions,train,toxic-spikes,0,,
toxapex,champions,train,poison-jab,0,,
toxapex,champions,train,giga-impact,0,,
toxapex,champions,train,cross-poison,0,,
toxapex,champions,train,gunk-shot,0,,
toxapex,champions,train,wide-guard,0,,
toxapex,champions,train,venoshock,0,,
toxapex,champions,train,smack-down,0,,
toxapex,champions,train,sludge-wave,0,,
toxapex,champions,train,acid-spray,0,,
toxapex,champions,train,round,0,,
toxapex,champions,train,hex,0,,
toxapex,champions,train,infestation,0,,
toxapex,champions,train,baneful-bunker,0,,
toxapex,champions,train,lunge,0,,
toxapex,champions,train,liquidation,0,,
toxapex,champions,train,ice-spinner,0,,
toxapex,champions,train,pounce,0,,
toxapex,champions,train,chilling-water,0,,
mudsdale,champions,train,mega-kick,0,,
mudsdale,champions,train,body-slam,0,,
mudsdale,champions,train,double-edge,0,,
mudsdale,champions,train,roar,0,,
mudsdale,champions,train,hyper-beam,0,,
mudsdale,champions,train,low-kick,0,,
mudsdale,champions,train,counter,0,,
mudsdale,champions,train,earthquake,0,,
mudsdale,champions,train,fissure,0,,
mudsdale,champions,train,rest,0,,
mudsdale,champions,train,rock-slide,0,,
mudsdale,champions,train,substitute,0,,
mudsdale,champions,train,snore,0,,
mudsdale,champions,train,curse,0,,
mudsdale,champions,train,protect,0,,
mudsdale,champions,train,scary-face,0,,
mudsdale,champions,train,mud-slap,0,,
mudsdale,champions,train,sandstorm,0,,
mudsdale,champions,train,endure,0,,
mudsdale,champions,train,sleep-talk,0,,
mudsdale,champions,train,sunny-day,0,,
mudsdale,champions,train,facade,0,,
mudsdale,champions,train,superpower,0,,
mudsdale,champions,train,endeavor,0,,
mudsdale,champions,train,rock-tomb,0,,
mudsdale,champions,train,sand-tomb,0,,
mudsdale,champions,train,iron-defense,0,,
mudsdale,champions,train,mud-shot,0,,
mudsdale,champions,train,close-combat,0,,
mudsdale,champions,train,payback,0,,
mudsdale,champions,train,focus-blast,0,,
mudsdale,champions,train,earth-power,0,,
mudsdale,champions,train,giga-impact,0,,
mudsdale,champions,train,iron-head,0,,
mudsdale,champions,train,stone-edge,0,,
mudsdale,champions,train,stealth-rock,0,,
mudsdale,champions,train,smack-down,0,,
mudsdale,champions,train,heavy-slam,0,,
mudsdale,champions,train,low-sweep,0,,
mudsdale,champions,train,round,0,,
mudsdale,champions,train,bulldoze,0,,
mudsdale,champions,train,high-horsepower,0,,
mudsdale,champions,train,stomping-tantrum,0,,
mudsdale,champions,train,body-press,0,,
mudsdale,champions,train,lash-out,0,,
araquanid,champions,train,body-slam,0,,
araquanid,champions,train,bite,0,,
araquanid,champions,train,hydro-pump,0,,
araquanid,champions,train,surf,0,,
araquanid,champions,train,ice-beam,0,,
araquanid,champions,train,blizzard,0,,
araquanid,champions,train,hyper-beam,0,,
araquanid,champions,train,reflect,0,,
araquanid,champions,train,waterfall,0,,
araquanid,champions,train,leech-life,0,,
araquanid,champions,train,rest,0,,
araquanid,champions,train,substitute,0,,
araquanid,champions,train,snore,0,,
araquanid,champions,train,protect,0,,
araquanid,champions,train,scary-face,0,,
araquanid,champions,train,icy-wind,0,,
araquanid,champions,train,giga-drain,0,,
araquanid,champions,train,endure,0,,
araquanid,champions,train,attract,0,,
araquanid,champions,train,sleep-talk,0,,
araquanid,champions,train,rain-dance,0,,
araquanid,champions,train,crunch,0,,
araquanid,champions,train,mirror-coat,0,,
araquanid,champions,train,stockpile,0,,
araquanid,champions,train,spit-up,0,,
araquanid,champions,train,facade,0,,
araquanid,champions,train,endeavor,0,,
araquanid,champions,train,dive,0,,
araquanid,champions,train,iron-defense,0,,
araquanid,champions,train,water-pulse,0,,
araquanid,champions,train,aqua-ring,0,,
araquanid,champions,train,poison-jab,0,,
araquanid,champions,train,x-scissor,0,,
araquanid,champions,train,bug-buzz,0,,
araquanid,champions,train,giga-impact,0,,
araquanid,champions,train,bug-bite,0,,
araquanid,champions,train,wide-guard,0,,
araquanid,champions,train,power-split,0,,
araquanid,champions,train,wonder-room,0,,
araquanid,champions,train,magic-room,0,,
araquanid,champions,train,soak,0,,
araquanid,champions,train,entrainment,0,,
araquanid,champions,train,round,0,,
araquanid,champions,train,sticky-web,0,,
araquanid,champions,train,infestation,0,,
araquanid,champions,train,lunge,0,,
araquanid,champions,train,liquidation,0,,
araquanid,champions,train,skitter-smack,0,,
araquanid,champions,train,pounce,0,,
araquanid,champions,train,trailblaze,0,,
araquanid,champions,train,chilling-water,0,,
salazzle,champions,train,body-slam,0,,
salazzle,champions,train,disable,0,,
salazzle,champions,train,flamethrower,0,,
salazzle,champions,train,hyper-beam,0,,
salazzle,champions,train,thunder-wave,0,,
salazzle,champions,train,toxic,0,,
salazzle,champions,train,agility,0,,
salazzle,champions,train,fire-blast,0,,
salazzle,champions,train,leech-life,0,,
salazzle,champions,train,rest,0,,
salazzle,champions,train,substitute,0,,
salazzle,champions,train,thief,0,,
salazzle,champions,train,snore,0,,
salazzle,champions,train,protect,0,,
salazzle,champions,train,scary-face,0,,
salazzle,champions,train,sludge-bomb,0,,
salazzle,champions,train,mud-slap,0,,
salazzle,champions,train,endure,0,,
salazzle,champions,train,swagger,0,,
salazzle,champions,train,sleep-talk,0,,
salazzle,champions,train,encore,0,,
salazzle,champions,train,sweet-scent,0,,
salazzle,champions,train,iron-tail,0,,
salazzle,champions,train,sunny-day,0,,
salazzle,champions,train,beat-up,0,,
salazzle,champions,train,fake-out,0,,
salazzle,champions,train,heat-wave,0,,
salazzle,champions,train,torment,0,,
salazzle,champions,train,will-o-wisp,0,,
salazzle,champions,train,facade,0,,
salazzle,champions,train,taunt,0,,
salazzle,champions,train,helping-hand,0,,
salazzle,champions,train,knock-off,0,,
salazzle,champions,train,endeavor,0,,
salazzle,champions,train,hyper-voice,0,,
salazzle,champions,train,poison-fang,0,,
salazzle,champions,train,fake-tears,0,,
salazzle,champions,train,overheat,0,,
salazzle,champions,train,dragon-claw,0,,
salazzle,champions,train,dragon-dance,0,,
salazzle,champions,train,payback,0,,
salazzle,champions,train,fling,0,,
salazzle,champions,train,toxic-spikes,0,,
salazzle,champions,train,flare-blitz,0,,
salazzle,champions,train,poison-jab,0,,
salazzle,champions,train,dragon-pulse,0,,
salazzle,champions,train,giga-impact,0,,
salazzle,champions,train,nasty-plot,0,,
salazzle,champions,train,shadow-claw,0,,
salazzle,champions,train,fire-fang,0,,
salazzle,champions,train,cross-poison,0,,
salazzle,champions,train,gunk-shot,0,,
salazzle,champions,train,venoshock,0,,
salazzle,champions,train,sludge-wave,0,,
salazzle,champions,train,flame-charge,0,,
salazzle,champions,train,acid-spray,0,,
salazzle,champions,train,foul-play,0,,
salazzle,champions,train,round,0,,
salazzle,champions,train,acrobatics,0,,
salazzle,champions,train,dragon-tail,0,,
salazzle,champions,train,belch,0,,
salazzle,champions,train,fire-lash,0,,
salazzle,champions,train,breaking-swipe,0,,
salazzle,champions,train,scale-shot,0,,
salazzle,champions,train,skitter-smack,0,,
salazzle,champions,train,burning-jealousy,0,,
salazzle,champions,train,corrosive-gas,0,,
salazzle,champions,train,trailblaze,0,,
salazzle,champions,train,dragon-cheer,0,,
salazzle,champions,train,temper-flare,0,,
tsareena,champions,train,mega-kick,0,,
tsareena,champions,train,hyper-beam,0,,
tsareena,champions,train,low-kick,0,,
tsareena,champions,train,solar-beam,0,,
tsareena,champions,train,light-screen,0,,
tsareena,champions,train,reflect,0,,
tsareena,champions,train,high-jump-kick,0,,
tsareena,champions,train,rest,0,,
tsareena,champions,train,substitute,0,,
tsareena,champions,train,snore,0,,
tsareena,champions,train,flail,0,,
tsareena,champions,train,protect,0,,
tsareena,champions,train,giga-drain,0,,
tsareena,champions,train,endure,0,,
tsareena,champions,train,charm,0,,
tsareena,champions,train,swagger,0,,
tsareena,champions,train,sleep-talk,0,,
tsareena,champions,train,rapid-spin,0,,
tsareena,champions,train,sweet-scent,0,,
tsareena,champions,train,synthesis,0,,
tsareena,champions,train,sunny-day,0,,
tsareena,champions,train,facade,0,,
tsareena,champions,train,taunt,0,,
tsareena,champions,train,helping-hand,0,,
tsareena,champions,train,knock-off,0,,
tsareena,champions,train,endeavor,0,,
tsareena,champions,train,teeter-dance,0,,
tsareena,champions,train,bullet-seed,0,,
tsareena,champions,train,bounce,0,,
tsareena,champions,train,acupressure,0,,
tsareena,champions,train,u-turn,0,,
tsareena,champions,train,payback,0,,
tsareena,champions,train,fling,0,,
tsareena,champions,train,seed-bomb,0,,
tsareena,champions,train,energy-ball,0,,
tsareena,champions,train,giga-impact,0,,
tsareena,champions,train,zen-headbutt,0,,
tsareena,champions,train,leaf-storm,0,,
tsareena,champions,train,power-whip,0,,
tsareena,champions,train,grass-knot,0,,
tsareena,champions,train,low-sweep,0,,
tsareena,champions,train,round,0,,
tsareena,champions,train,acrobatics,0,,
tsareena,champions,train,petal-blizzard,0,,
tsareena,champions,train,draining-kiss,0,,
tsareena,champions,train,grassy-terrain,0,,
tsareena,champions,train,play-rough,0,,
tsareena,champions,train,aromatic-mist,0,,
tsareena,champions,train,dazzling-gleam,0,,
tsareena,champions,train,solar-blade,0,,
tsareena,champions,train,trop-kick,0,,
tsareena,champions,train,grassy-glide,0,,
tsareena,champions,train,triple-axel,0,,
tsareena,champions,train,trailblaze,0,,
oranguru,champions,train,mega-kick,0,,
oranguru,champions,train,body-slam,0,,
oranguru,champions,train,hyper-beam,0,,
oranguru,champions,train,thunderbolt,0,,
oranguru,champions,train,thunder,0,,
oranguru,champions,train,earthquake,0,,
oranguru,champions,train,psychic,0,,
oranguru,champions,train,light-screen,0,,
oranguru,champions,train,reflect,0,,
oranguru,champions,train,rest,0,,
oranguru,champions,train,rock-slide,0,,
oranguru,champions,train,substitute,0,,
oranguru,champions,train,snore,0,,
oranguru,champions,train,protect,0,,
oranguru,champions,train,scary-face,0,,
oranguru,champions,train,endure,0,,
oranguru,champions,train,sleep-talk,0,,
oranguru,champions,train,safeguard,0,,
oranguru,champions,train,pain-split,0,,
oranguru,champions,train,encore,0,,
oranguru,champions,train,rain-dance,0,,
oranguru,champions,train,sunny-day,0,,
oranguru,champions,train,psych-up,0,,
oranguru,champions,train,shadow-ball,0,,
oranguru,champions,train,future-sight,0,,
oranguru,champions,train,facade,0,,
oranguru,champions,train,taunt,0,,
oranguru,champions,train,trick,0,,
oranguru,champions,train,brick-break,0,,
oranguru,champions,train,yawn,0,,
oranguru,champions,train,knock-off,0,,
oranguru,champions,train,endeavor,0,,
oranguru,champions,train,skill-swap,0,,
oranguru,champions,train,imprison,0,,
oranguru,champions,train,hyper-voice,0,,
oranguru,champions,train,extrasensory,0,,
oranguru,champions,train,calm-mind,0,,
oranguru,champions,train,gravity,0,,
oranguru,champions,train,payback,0,,
oranguru,champions,train,fling,0,,
oranguru,champions,train,last-resort,0,,
oranguru,champions,train,focus-blast,0,,
oranguru,champions,train,energy-ball,0,,
oranguru,champions,train,giga-impact,0,,
oranguru,champions,train,nasty-plot,0,,
oranguru,champions,train,zen-headbutt,0,,
oranguru,champions,train,trick-room,0,,
oranguru,champions,train,charge-beam,0,,
oranguru,champions,train,wonder-room,0,,
oranguru,champions,train,psyshock,0,,
oranguru,champions,train,magic-room,0,,
oranguru,champions,train,foul-play,0,,
oranguru,champions,train,after-you,0,,
oranguru,champions,train,round,0,,
oranguru,champions,train,stored-power,0,,
oranguru,champions,train,quash,0,,
oranguru,champions,train,bulldoze,0,,
oranguru,champions,train,psychic-terrain,0,,
oranguru,champions,train,instruct,0,,
oranguru,champions,train,expanding-force,0,,
oranguru,champions,train,terrain-pulse,0,,
oranguru,champions,train,trailblaze,0,,
oranguru,champions,train,chilling-water,0,,
oranguru,champions,train,psychic-noise,0,,
passimian,champions,train,mega-kick,0,,
passimian,champions,train,body-slam,0,,
passimian,champions,train,thrash,0,,
passimian,champions,train,double-edge,0,,
passimian,champions,train,hyper-beam,0,,
passimian,champions,train,low-kick,0,,
passimian,champions,train,counter,0,,
passimian,champions,train,seismic-toss,0,,
passimian,champions,train,earthquake,0,,
passimian,champions,train,quick-attack,0,,
passimian,champions,train,focus-energy,0,,
passimian,champions,train,rest,0,,
passimian,champions,train,rock-slide,0,,
passimian,champions,train,substitute,0,,
passimian,champions,train,thief,0,,
passimian,champions,train,snore,0,,
passimian,champions,train,curse,0,,
passimian,champions,train,reversal,0,,
passimian,champions,train,protect,0,,
passimian,champions,train,scary-face,0,,
passimian,champions,train,endure,0,,
passimian,champions,train,sleep-talk,0,,
passimian,champions,train,pain-split,0,,
passimian,champions,train,baton-pass,0,,
passimian,champions,train,iron-tail,0,,
passimian,champions,train,rain-dance,0,,
passimian,champions,train,sunny-day,0,,
passimian,champions,train,shadow-ball,0,,
passimian,champions,train,beat-up,0,,
passimian,champions,train,uproar,0,,
passimian,champions,train,facade,0,,
passimian,champions,train,focus-punch,0,,
passimian,champions,train,taunt,0,,
passimian,champions,train,superpower,0,,
passimian,champions,train,brick-break,0,,
passimian,champions,train,knock-off,0,,
passimian,champions,train,rock-tomb,0,,
passimian,champions,train,bulk-up,0,,
passimian,champions,train,gyro-ball,0,,
passimian,champions,train,feint,0,,
passimian,champions,train,u-turn,0,,
passimian,champions,train,close-combat,0,,
passimian,champions,train,payback,0,,
passimian,champions,train,assurance,0,,
passimian,champions,train,fling,0,,
passimian,champions,train,seed-bomb,0,,
passimian,champions,train,drain-punch,0,,
passimian,champions,train,vacuum-wave,0,,
passimian,champions,train,focus-blast,0,,
passimian,champions,train,energy-ball,0,,
passimian,champions,train,giga-impact,0,,
passimian,champions,train,gunk-shot,0,,
passimian,champions,train,iron-head,0,,
passimian,champions,train,grass-knot,0,,
passimian,champions,train,smack-down,0,,
passimian,champions,train,low-sweep,0,,
passimian,champions,train,round,0,,
passimian,champions,train,quick-guard,0,,
passimian,champions,train,acrobatics,0,,
passimian,champions,train,bulldoze,0,,
passimian,champions,train,electroweb,0,,
passimian,champions,train,brutal-swing,0,,
passimian,champions,train,coaching,0,,
passimian,champions,train,trailblaze,0,,
passimian,champions,train,chilling-water,0,,
passimian,champions,train,upper-hand,0,,
mimikyu-disguised,champions,train,swords-dance,0,,
mimikyu-disguised,champions,train,hyper-beam,0,,
mimikyu-disguised,champions,train,thunderbolt,0,,
mimikyu-disguised,champions,train,thunder-wave,0,,
mimikyu-disguised,champions,train,thunder,0,,
mimikyu-disguised,champions,train,psychic,0,,
mimikyu-disguised,champions,train,night-shade,0,,
mimikyu-disguised,champions,train,screech,0,,
mimikyu-disguised,champions,train,double-team,0,,
mimikyu-disguised,champions,train,confuse-ray,0,,
mimikyu-disguised,champions,train,light-screen,0,,
mimikyu-disguised,champions,train,leech-life,0,,
mimikyu-disguised,champions,train,rest,0,,
mimikyu-disguised,champions,train,substitute,0,,
mimikyu-disguised,champions,train,thief,0,,
mimikyu-disguised,champions,train,snore,0,,
mimikyu-disguised,champions,train,curse,0,,
mimikyu-disguised,champions,train,spite,0,,
mimikyu-disguised,champions,train,protect,0,,
mimikyu-disguised,champions,train,destiny-bond,0,,
mimikyu-disguised,champions,train,giga-drain,0,,
mimikyu-disguised,champions,train,endure,0,,
mimikyu-disguised,champions,train,charm,0,,
mimikyu-disguised,champions,train,sleep-talk,0,,
mimikyu-disguised,champions,train,safeguard,0,,
mimikyu-disguised,champions,train,pain-split,0,,
mimikyu-disguised,champions,train,rain-dance,0,,
mimikyu-disguised,champions,train,sunny-day,0,,
mimikyu-disguised,champions,train,psych-up,0,,
mimikyu-disguised,champions,train,shadow-ball,0,,
mimikyu-disguised,champions,train,beat-up,0,,
mimikyu-disguised,champions,train,will-o-wisp,0,,
mimikyu-disguised,champions,train,facade,0,,
mimikyu-disguised,champions,train,taunt,0,,
mimikyu-disguised,champions,train,trick,0,,
mimikyu-disguised,champions,train,bulk-up,0,,
mimikyu-disguised,champions,train,payback,0,,
mimikyu-disguised,champions,train,fling,0,,
mimikyu-disguised,champions,train,copycat,0,,
mimikyu-disguised,champions,train,dark-pulse,0,,
mimikyu-disguised,champions,train,night-slash,0,,
mimikyu-disguised,champions,train,x-scissor,0,,
mimikyu-disguised,champions,train,drain-punch,0,,
mimikyu-disguised,champions,train,giga-impact,0,,
mimikyu-disguised,champions,train,shadow-claw,0,,
mimikyu-disguised,champions,train,shadow-sneak,0,,
mimikyu-disguised,champions,train,trick-room,0,,
mimikyu-disguised,champions,train,wood-hammer,0,,
mimikyu-disguised,champions,train,magic-room,0,,
mimikyu-disguised,champions,train,round,0,,
mimikyu-disguised,champions,train,hex,0,,
mimikyu-disguised,champions,train,phantom-force,0,,
mimikyu-disguised,champions,train,draining-kiss,0,,
mimikyu-disguised,champions,train,misty-terrain,0,,
mimikyu-disguised,champions,train,play-rough,0,,
mimikyu-disguised,champions,train,dazzling-gleam,0,,
mimikyu-disguised,champions,train,baby-doll-eyes,0,,
mimikyu-disguised,champions,train,burning-jealousy,0,,
mimikyu-disguised,champions,train,pounce,0,,
mimikyu-disguised,champions,train,trailblaze,0,,
drampa,champions,train,whirlwind,0,,
drampa,champions,train,fly,0,,
drampa,champions,train,body-slam,0,,
drampa,champions,train,flamethrower,0,,
drampa,champions,train,hydro-pump,0,,
drampa,champions,train,surf,0,,
drampa,champions,train,ice-beam,0,,
drampa,champions,train,blizzard,0,,
drampa,champions,train,hyper-beam,0,,
drampa,champions,train,solar-beam,0,,
drampa,champions,train,thunderbolt,0,,
drampa,champions,train,thunder-wave,0,,
drampa,champions,train,thunder,0,,
drampa,champions,train,earthquake,0,,
drampa,champions,train,light-screen,0,,
drampa,champions,train,fire-blast,0,,
drampa,champions,train,amnesia,0,,
drampa,champions,train,glare,0,,
drampa,champions,train,rest,0,,
drampa,champions,train,rock-slide,0,,
drampa,champions,train,tri-attack,0,,
drampa,champions,train,substitute,0,,
drampa,champions,train,snore,0,,
drampa,champions,train,protect,0,,
drampa,champions,train,icy-wind,0,,
drampa,champions,train,outrage,0,,
drampa,champions,train,endure,0,,
drampa,champions,train,steel-wing,0,,
drampa,champions,train,attract,0,,
drampa,champions,train,sleep-talk,0,,
drampa,champions,train,safeguard,0,,
drampa,champions,train,rain-dance,0,,
drampa,champions,train,sunny-day,0,,
drampa,champions,train,shadow-ball,0,,
drampa,champions,train,uproar,0,,
drampa,champions,train,heat-wave,0,,
drampa,champions,train,facade,0,,
drampa,champions,train,helping-hand,0,,
drampa,champions,train,superpower,0,,
drampa,champions,train,hyper-voice,0,,
drampa,champions,train,tickle,0,,
drampa,champions,train,extrasensory,0,,
drampa,champions,train,dragon-claw,0,,
drampa,champions,train,calm-mind,0,,
drampa,champions,train,dragon-dance,0,,
drampa,champions,train,roost,0,,
drampa,champions,train,fling,0,,
drampa,champions,train,dragon-pulse,0,,
drampa,champions,train,dragon-rush,0,,
drampa,champions,train,focus-blast,0,,
drampa,champions,train,energy-ball,0,,
drampa,champions,train,earth-power,0,,
drampa,champions,train,giga-impact,0,,
drampa,champions,train,shadow-claw,0,,
drampa,champions,train,draco-meteor,0,,
drampa,champions,train,grass-knot,0,,
drampa,champions,train,round,0,,
drampa,champions,train,bulldoze,0,,
drampa,champions,train,hurricane,0,,
drampa,champions,train,snarl,0,,
drampa,champions,train,play-rough,0,,
drampa,champions,train,stomping-tantrum,0,,
drampa,champions,train,breaking-swipe,0,,
drampa,champions,train,scale-shot,0,,
drampa,champions,train,lash-out,0,,
drampa,champions,train,dragon-cheer,0,,
kommo-o,champions,train,fire-punch,0,,
kommo-o,champions,train,ice-punch,0,,
kommo-o,champions,train,thunder-punch,0,,
kommo-o,champions,train,swords-dance,0,,
kommo-o,champions,train,mega-kick,0,,
kommo-o,champions,train,body-slam,0,,
kommo-o,champions,train,double-edge,0,,
kommo-o,champions,train,roar,0,,
kommo-o,champions,train,flamethrower,0,,
kommo-o,champions,train,hyper-beam,0,,
kommo-o,champions,train,low-kick,0,,
kommo-o,champions,train,counter,0,,
kommo-o,champions,train,earthquake,0,,
kommo-o,champions,train,screech,0,,
kommo-o,champions,train,rest,0,,
kommo-o,champions,train,rock-slide,0,,
kommo-o,champions,train,substitute,0,,
kommo-o,champions,train,snore,0,,
kommo-o,champions,train,reversal,0,,
kommo-o,champions,train,protect,0,,
kommo-o,champions,train,scary-face,0,,
kommo-o,champions,train,belly-drum,0,,
kommo-o,champions,train,outrage,0,,
kommo-o,champions,train,sandstorm,0,,
kommo-o,champions,train,endure,0,,
kommo-o,champions,train,attract,0,,
kommo-o,champions,train,sleep-talk,0,,
kommo-o,champions,train,iron-tail,0,,
kommo-o,champions,train,rain-dance,0,,
kommo-o,champions,train,sunny-day,0,,
kommo-o,champions,train,uproar,0,,
kommo-o,champions,train,facade,0,,
kommo-o,champions,train,focus-punch,0,,
kommo-o,champions,train,taunt,0,,
kommo-o,champions,train,helping-hand,0,,
kommo-o,champions,train,superpower,0,,
kommo-o,champions,train,brick-break,0,,
kommo-o,champions,train,endeavor,0,,
kommo-o,champions,train,hyper-voice,0,,
kommo-o,champions,train,rock-tomb,0,,
kommo-o,champions,train,metal-sound,0,,
kommo-o,champions,train,aerial-ace,0,,
kommo-o,champions,train,iron-defense,0,,
kommo-o,champions,train,dragon-claw,0,,
kommo-o,champions,train,bulk-up,0,,
kommo-o,champions,train,dragon-dance,0,,
kommo-o,champions,train,close-combat,0,,
kommo-o,champions,train,payback,0,,
kommo-o,champions,train,fling,0,,
kommo-o,champions,train,aura-sphere,0,,
kommo-o,champions,train,poison-jab,0,,
kommo-o,champions,train,x-scissor,0,,
kommo-o,champions,train,dragon-pulse,0,,
kommo-o,champions,train,drain-punch,0,,
kommo-o,champions,train,vacuum-wave,0,,
kommo-o,champions,train,focus-blast,0,,
kommo-o,champions,train,giga-impact,0,,
kommo-o,champions,train,shadow-claw,0,,
kommo-o,champions,train,flash-cannon,0,,
kommo-o,champions,train,draco-meteor,0,,
kommo-o,champions,train,iron-head,0,,
kommo-o,champions,train,stealth-rock,0,,
kommo-o,champions,train,round,0,,
kommo-o,champions,train,bulldoze,0,,
kommo-o,champions,train,dragon-tail,0,,
kommo-o,champions,train,noble-roar,0,,
kommo-o,champions,train,boomburst,0,,
kommo-o,champions,train,throat-chop,0,,
kommo-o,champions,train,clanging-scales,0,,
kommo-o,champions,train,brutal-swing,0,,
kommo-o,champions,train,stomping-tantrum,0,,
kommo-o,champions,train,clangorous-soul,0,,
kommo-o,champions,train,body-press,0,,
kommo-o,champions,train,breaking-swipe,0,,
kommo-o,champions,train,scale-shot,0,,
kommo-o,champions,train,coaching,0,,
kommo-o,champions,train,dragon-cheer,0,,
kommo-o,champions,train,upper-hand,0,,
corviknight,champions,train,fly,0,,
corviknight,champions,train,body-slam,0,,
corviknight,champions,train,double-edge,0,,
corviknight,champions,train,hyper-beam,0,,
corviknight,champions,train,drill-peck,0,,
corviknight,champions,train,agility,0,,
corviknight,champions,train,screech,0,,
corviknight,champions,train,light-screen,0,,
corviknight,champions,train,reflect,0,,
corviknight,champions,train,focus-energy,0,,
corviknight,champions,train,sky-attack,0,,
corviknight,champions,train,rest,0,,
corviknight,champions,train,substitute,0,,
corviknight,champions,train,thief,0,,
corviknight,champions,train,snore,0,,
corviknight,champions,train,curse,0,,
corviknight,champions,train,reversal,0,,
corviknight,champions,train,spite,0,,
corviknight,champions,train,protect,0,,
corviknight,champions,train,scary-face,0,,
corviknight,champions,train,endure,0,,
corviknight,champions,train,swagger,0,,
corviknight,champions,train,steel-wing,0,,
corviknight,champions,train,sleep-talk,0,,
corviknight,champions,train,rain-dance,0,,
corviknight,champions,train,sunny-day,0,,
corviknight,champions,train,facade,0,,
corviknight,champions,train,taunt,0,,
corviknight,champions,train,feather-dance,0,,
corviknight,champions,train,fake-tears,0,,
corviknight,champions,train,air-cutter,0,,
corviknight,champions,train,metal-sound,0,,
corviknight,champions,train,aerial-ace,0,,
corviknight,champions,train,iron-defense,0,,
corviknight,champions,train,bulk-up,0,,
corviknight,champions,train,roost,0,,
corviknight,champions,train,pluck,0,,
corviknight,champions,train,tailwind,0,,
corviknight,champions,train,u-turn,0,,
corviknight,champions,train,payback,0,,
corviknight,champions,train,assurance,0,,
corviknight,champions,train,air-slash,0,,
corviknight,champions,train,brave-bird,0,,
corviknight,champions,train,giga-impact,0,,
corviknight,champions,train,nasty-plot,0,,
corviknight,champions,train,flash-cannon,0,,
corviknight,champions,train,defog,0,,
corviknight,champions,train,iron-head,0,,
corviknight,champions,train,heavy-slam,0,,
corviknight,champions,train,round,0,,
corviknight,champions,train,hurricane,0,,
corviknight,champions,train,power-trip,0,,
corviknight,champions,train,body-press,0,,
corviknight,champions,train,steel-beam,0,,
corviknight,champions,train,dual-wingbeat,0,,
flapple,champions,train,fly,0,,
flapple,champions,train,hyper-beam,0,,
flapple,champions,train,leech-seed,0,,
flapple,champions,train,growth,0,,
flapple,champions,train,solar-beam,0,,
flapple,champions,train,focus-energy,0,,
flapple,champions,train,rest,0,,
flapple,champions,train,substitute,0,,
flapple,champions,train,snore,0,,
flapple,champions,train,protect,0,,
flapple,champions,train,scary-face,0,,
flapple,champions,train,outrage,0,,
flapple,champions,train,giga-drain,0,,
flapple,champions,train,endure,0,,
flapple,champions,train,sleep-talk,0,,
flapple,champions,train,sunny-day,0,,
flapple,champions,train,facade,0,,
flapple,champions,train,recycle,0,,
flapple,champions,train,endeavor,0,,
flapple,champions,train,bullet-seed,0,,
flapple,champions,train,aerial-ace,0,,
flapple,champions,train,iron-defense,0,,
flapple,champions,train,dragon-dance,0,,
flapple,champions,train,u-turn,0,,
flapple,champions,train,sucker-punch,0,,
flapple,champions,train,seed-bomb,0,,
flapple,champions,train,air-slash,0,,
flapple,champions,train,dragon-pulse,0,,
flapple,champions,train,dragon-rush,0,,
flapple,champions,train,energy-ball,0,,
flapple,champions,train,giga-impact,0,,
flapple,champions,train,draco-meteor,0,,
flapple,champions,train,leaf-storm,0,,
flapple,champions,train,grass-knot,0,,
flapple,champions,train,heavy-slam,0,,
flapple,champions,train,acid-spray,0,,
flapple,champions,train,round,0,,
flapple,champions,train,acrobatics,0,,
flapple,champions,train,grassy-terrain,0,,
flapple,champions,train,grav-apple,0,,
flapple,champions,train,grassy-glide,0,,
flapple,champions,train,dual-wingbeat,0,,
flapple,champions,train,pounce,0,,
flapple,champions,train,trailblaze,0,,
appletun,champions,train,body-slam,0,,
appletun,champions,train,hyper-beam,0,,
appletun,champions,train,leech-seed,0,,
appletun,champions,train,growth,0,,
appletun,champions,train,solar-beam,0,,
appletun,champions,train,earthquake,0,,
appletun,champions,train,recover,0,,
appletun,champions,train,light-screen,0,,
appletun,champions,train,reflect,0,,
appletun,champions,train,amnesia,0,,
appletun,champions,train,rest,0,,
appletun,champions,train,substitute,0,,
appletun,champions,train,snore,0,,
appletun,champions,train,curse,0,,
appletun,champions,train,protect,0,,
appletun,champions,train,outrage,0,,
appletun,champions,train,giga-drain,0,,
appletun,champions,train,endure,0,,
appletun,champions,train,sleep-talk,0,,
appletun,champions,train,sweet-scent,0,,
appletun,champions,train,rain-dance,0,,
appletun,champions,train,sunny-day,0,,
appletun,champions,train,facade,0,,
appletun,champions,train,helping-hand,0,,
appletun,champions,train,superpower,0,,
appletun,champions,train,recycle,0,,
appletun,champions,train,bullet-seed,0,,
appletun,champions,train,iron-defense,0,,
appletun,champions,train,gyro-ball,0,,
appletun,champions,train,sucker-punch,0,,
appletun,champions,train,seed-bomb,0,,
appletun,champions,train,dragon-pulse,0,,
appletun,champions,train,energy-ball,0,,
appletun,champions,train,giga-impact,0,,
appletun,champions,train,zen-headbutt,0,,
appletun,champions,train,draco-meteor,0,,
appletun,champions,train,leaf-storm,0,,
appletun,champions,train,iron-head,0,,
appletun,champions,train,grass-knot,0,,
appletun,champions,train,heavy-slam,0,,
appletun,champions,train,round,0,,
appletun,champions,train,bulldoze,0,,
appletun,champions,train,dragon-tail,0,,
appletun,champions,train,grassy-terrain,0,,
appletun,champions,train,high-horsepower,0,,
appletun,champions,train,stomping-tantrum,0,,
appletun,champions,train,body-press,0,,
appletun,champions,train,apple-acid,0,,
appletun,champions,train,grassy-glide,0,,
appletun,champions,train,pounce,0,,
appletun,champions,train,trailblaze,0,,
sandaconda,champions,train,body-slam,0,,
sandaconda,champions,train,wrap,0,,
sandaconda,champions,train,hyper-beam,0,,
sandaconda,champions,train,earthquake,0,,
sandaconda,champions,train,dig,0,,
sandaconda,champions,train,screech,0,,
sandaconda,champions,train,minimize,0,,
sandaconda,champions,train,glare,0,,
sandaconda,champions,train,rest,0,,
sandaconda,champions,train,rock-slide,0,,
sandaconda,champions,train,substitute,0,,
sandaconda,champions,train,snore,0,,
sandaconda,champions,train,protect,0,,
sandaconda,champions,train,scary-face,0,,
sandaconda,champions,train,mud-slap,0,,
sandaconda,champions,train,outrage,0,,
sandaconda,champions,train,sandstorm,0,,
sandaconda,champions,train,endure,0,,
sandaconda,champions,train,sleep-talk,0,,
sandaconda,champions,train,facade,0,,
sandaconda,champions,train,endeavor,0,,
sandaconda,champions,train,rock-tomb,0,,
sandaconda,champions,train,sand-tomb,0,,
sandaconda,champions,train,iron-defense,0,,
sandaconda,champions,train,mud-shot,0,,
sandaconda,champions,train,rock-blast,0,,
sandaconda,champions,train,last-resort,0,,
sandaconda,champions,train,dragon-rush,0,,
sandaconda,champions,train,earth-power,0,,
sandaconda,champions,train,giga-impact,0,,
sandaconda,champions,train,thunder-fang,0,,
sandaconda,champions,train,fire-fang,0,,
sandaconda,champions,train,zen-headbutt,0,,
sandaconda,champions,train,iron-head,0,,
sandaconda,champions,train,stone-edge,0,,
sandaconda,champions,train,stealth-rock,0,,
sandaconda,champions,train,coil,0,,
sandaconda,champions,train,round,0,,
sandaconda,champions,train,bulldoze,0,,
sandaconda,champions,train,drill-run,0,,
sandaconda,champions,train,hurricane,0,,
sandaconda,champions,train,belch,0,,
sandaconda,champions,train,high-horsepower,0,,
sandaconda,champions,train,brutal-swing,0,,
sandaconda,champions,train,body-press,0,,
sandaconda,champions,train,scale-shot,0,,
sandaconda,champions,train,skitter-smack,0,,
sandaconda,champions,train,scorching-sands,0,,
polteageist,champions,train,hyper-beam,0,,
polteageist,champions,train,psychic,0,,
polteageist,champions,train,night-shade,0,,
polteageist,champions,train,confuse-ray,0,,
polteageist,champions,train,light-screen,0,,
polteageist,champions,train,reflect,0,,
polteageist,champions,train,self-destruct,0,,
polteageist,champions,train,rest,0,,
polteageist,champions,train,substitute,0,,
polteageist,champions,train,snore,0,,
polteageist,champions,train,curse,0,,
polteageist,champions,train,spite,0,,
polteageist,champions,train,protect,0,,
polteageist,champions,train,giga-drain,0,,
polteageist,champions,train,endure,0,,
polteageist,champions,train,sleep-talk,0,,
polteageist,champions,train,pain-split,0,,
polteageist,champions,train,baton-pass,0,,
polteageist,champions,train,sweet-scent,0,,
polteageist,champions,train,shadow-ball,0,,
polteageist,champions,train,will-o-wisp,0,,
polteageist,champions,train,memento,0,,
polteageist,champions,train,facade,0,,
polteageist,champions,train,trick,0,,
polteageist,champions,train,skill-swap,0,,
polteageist,champions,train,imprison,0,,
polteageist,champions,train,calm-mind,0,,
polteageist,champions,train,payback,0,,
polteageist,champions,train,sucker-punch,0,,
polteageist,champions,train,dark-pulse,0,,
polteageist,champions,train,giga-impact,0,,
polteageist,champions,train,nasty-plot,0,,
polteageist,champions,train,trick-room,0,,
polteageist,champions,train,wonder-room,0,,
polteageist,champions,train,psyshock,0,,
polteageist,champions,train,foul-play,0,,
polteageist,champions,train,round,0,,
polteageist,champions,train,stored-power,0,,
polteageist,champions,train,ally-switch,0,,
polteageist,champions,train,shell-smash,0,,
polteageist,champions,train,hex,0,,
polteageist,champions,train,phantom-force,0,,
polteageist,champions,train,aromatic-mist,0,,
polteageist,champions,train,strength-sap,0,,
polteageist,champions,train,teatime,0,,
polteageist,champions,train,poltergeist,0,,
hatterene,champions,train,swords-dance,0,,
hatterene,champions,train,hyper-beam,0,,
hatterene,champions,train,thunder-wave,0,,
hatterene,champions,train,psychic,0,,
hatterene,champions,train,agility,0,,
hatterene,champions,train,light-screen,0,,
hatterene,champions,train,reflect,0,,
hatterene,champions,train,rest,0,,
hatterene,champions,train,substitute,0,,
hatterene,champions,train,snore,0,,
hatterene,champions,train,protect,0,,
hatterene,champions,train,giga-drain,0,,
hatterene,champions,train,endure,0,,
hatterene,champions,train,charm,0,,
hatterene,champions,train,sleep-talk,0,,
hatterene,champions,train,safeguard,0,,
hatterene,champions,train,pain-split,0,,
hatterene,champions,train,baton-pass,0,,
hatterene,champions,train,psych-up,0,,
hatterene,champions,train,shadow-ball,0,,
hatterene,champions,train,future-sight,0,,
hatterene,champions,train,facade,0,,
hatterene,champions,train,helping-hand,0,,
hatterene,champions,train,trick,0,,
hatterene,champions,train,skill-swap,0,,
hatterene,champions,train,imprison,0,,
hatterene,champions,train,calm-mind,0,,
hatterene,champions,train,gravity,0,,
hatterene,champions,train,healing-wish,0,,
hatterene,champions,train,power-swap,0,,
hatterene,champions,train,guard-swap,0,,
hatterene,champions,train,dark-pulse,0,,
hatterene,champions,train,giga-impact,0,,
hatterene,champions,train,shadow-claw,0,,
hatterene,champions,train,psycho-cut,0,,
hatterene,champions,train,trick-room,0,,
hatterene,champions,train,power-whip,0,,
hatterene,champions,train,wonder-room,0,,
hatterene,champions,train,psyshock,0,,
hatterene,champions,train,magic-room,0,,
hatterene,champions,train,after-you,0,,
hatterene,champions,train,round,0,,
hatterene,champions,train,stored-power,0,,
hatterene,champions,train,heal-pulse,0,,
hatterene,champions,train,quash,0,,
hatterene,champions,train,draining-kiss,0,,
hatterene,champions,train,misty-terrain,0,,
hatterene,champions,train,play-rough,0,,
hatterene,champions,train,mystical-fire,0,,
hatterene,champions,train,aromatic-mist,0,,
hatterene,champions,train,dazzling-gleam,0,,
hatterene,champions,train,nuzzle,0,,
hatterene,champions,train,psychic-terrain,0,,
hatterene,champions,train,brutal-swing,0,,
hatterene,champions,train,magic-powder,0,,
hatterene,champions,train,life-dew,0,,
hatterene,champions,train,expanding-force,0,,
hatterene,champions,train,misty-explosion,0,,
hatterene,champions,train,psychic-noise,0,,
grimmsnarl,champions,train,fire-punch,0,,
grimmsnarl,champions,train,ice-punch,0,,
grimmsnarl,champions,train,thunder-punch,0,,
grimmsnarl,champions,train,mega-kick,0,,
grimmsnarl,champions,train,body-slam,0,,
grimmsnarl,champions,train,bite,0,,
grimmsnarl,champions,train,hyper-beam,0,,
grimmsnarl,champions,train,low-kick,0,,
grimmsnarl,champions,train,light-screen,0,,
grimmsnarl,champions,train,reflect,0,,
grimmsnarl,champions,train,focus-energy,0,,
grimmsnarl,champions,train,leech-life,0,,
grimmsnarl,champions,train,rest,0,,
grimmsnarl,champions,train,substitute,0,,
grimmsnarl,champions,train,thief,0,,
grimmsnarl,champions,train,snore,0,,
grimmsnarl,champions,train,protect,0,,
grimmsnarl,champions,train,scary-face,0,,
grimmsnarl,champions,train,endure,0,,
grimmsnarl,champions,train,swagger,0,,
grimmsnarl,champions,train,sleep-talk,0,,
grimmsnarl,champions,train,crunch,0,,
grimmsnarl,champions,train,fake-out,0,,
grimmsnarl,champions,train,uproar,0,,
grimmsnarl,champions,train,torment,0,,
grimmsnarl,champions,train,flatter,0,,
grimmsnarl,champions,train,facade,0,,
grimmsnarl,champions,train,focus-punch,0,,
grimmsnarl,champions,train,taunt,0,,
grimmsnarl,champions,train,trick,0,,
grimmsnarl,champions,train,superpower,0,,
grimmsnarl,champions,train,brick-break,0,,
grimmsnarl,champions,train,imprison,0,,
grimmsnarl,champions,train,fake-tears,0,,
grimmsnarl,champions,train,bulk-up,0,,
grimmsnarl,champions,train,hammer-arm,0,,
grimmsnarl,champions,train,assurance,0,,
grimmsnarl,champions,train,fling,0,,
grimmsnarl,champions,train,power-swap,0,,
grimmsnarl,champions,train,sucker-punch,0,,
grimmsnarl,champions,train,dark-pulse,0,,
grimmsnarl,champions,train,drain-punch,0,,
grimmsnarl,champions,train,focus-blast,0,,
grimmsnarl,champions,train,giga-impact,0,,
grimmsnarl,champions,train,nasty-plot,0,,
grimmsnarl,champions,train,shadow-claw,0,,
grimmsnarl,champions,train,power-whip,0,,
grimmsnarl,champions,train,wonder-room,0,,
grimmsnarl,champions,train,low-sweep,0,,
grimmsnarl,champions,train,foul-play,0,,
grimmsnarl,champions,train,round,0,,
grimmsnarl,champions,train,parting-shot,0,,
grimmsnarl,champions,train,draining-kiss,0,,
grimmsnarl,champions,train,misty-terrain,0,,
grimmsnarl,champions,train,play-rough,0,,
grimmsnarl,champions,train,dazzling-gleam,0,,
grimmsnarl,champions,train,throat-chop,0,,
grimmsnarl,champions,train,stomping-tantrum,0,,
grimmsnarl,champions,train,body-press,0,,
grimmsnarl,champions,train,spirit-break,0,,
grimmsnarl,champions,train,burning-jealousy,0,,
grimmsnarl,champions,train,lash-out,0,,
grimmsnarl,champions,train,trailblaze,0,,
grimmsnarl,champions,train,chilling-water,0,,
mr-rime,champions,train,ice-punch,0,,
mr-rime,champions,train,mega-kick,0,,
mr-rime,champions,train,body-slam,0,,
mr-rime,champions,train,ice-beam,0,,
mr-rime,champions,train,blizzard,0,,
mr-rime,champions,train,hyper-beam,0,,
mr-rime,champions,train,solar-beam,0,,
mr-rime,champions,train,thunderbolt,0,,
mr-rime,champions,train,thunder-wave,0,,
mr-rime,champions,train,thunder,0,,
mr-rime,champions,train,psychic,0,,
mr-rime,champions,train,hypnosis,0,,
mr-rime,champions,train,screech,0,,
mr-rime,champions,train,confuse-ray,0,,
mr-rime,champions,train,light-screen,0,,
mr-rime,champions,train,haze,0,,
mr-rime,champions,train,reflect,0,,
mr-rime,champions,train,rest,0,,
mr-rime,champions,train,substitute,0,,
mr-rime,champions,train,thief,0,,
mr-rime,champions,train,snore,0,,
mr-rime,champions,train,protect,0,,
mr-rime,champions,train,icy-wind,0,,
mr-rime,champions,train,endure,0,,
mr-rime,champions,train,charm,0,,
mr-rime,champions,train,swagger,0,,
mr-rime,champions,train,attract,0,,
mr-rime,champions,train,sleep-talk,0,,
mr-rime,champions,train,safeguard,0,,
mr-rime,champions,train,baton-pass,0,,
mr-rime,champions,train,encore,0,,
mr-rime,champions,train,rapid-spin,0,,
mr-rime,champions,train,rain-dance,0,,
mr-rime,champions,train,sunny-day,0,,
mr-rime,champions,train,mirror-coat,0,,
mr-rime,champions,train,shadow-ball,0,,
mr-rime,champions,train,future-sight,0,,
mr-rime,champions,train,fake-out,0,,
mr-rime,champions,train,uproar,0,,
mr-rime,champions,train,torment,0,,
mr-rime,champions,train,facade,0,,
mr-rime,champions,train,taunt,0,,
mr-rime,champions,train,helping-hand,0,,
mr-rime,champions,train,trick,0,,
mr-rime,champions,train,role-play,0,,
mr-rime,champions,train,recycle,0,,
mr-rime,champions,train,brick-break,0,,
mr-rime,champions,train,skill-swap,0,,
mr-rime,champions,train,teeter-dance,0,,
mr-rime,champions,train,slack-off,0,,
mr-rime,champions,train,fake-tears,0,,
mr-rime,champions,train,tickle,0,,
mr-rime,champions,train,sheer-cold,0,,
mr-rime,champions,train,icicle-spear,0,,
mr-rime,champions,train,iron-defense,0,,
mr-rime,champions,train,block,0,,
mr-rime,champions,train,calm-mind,0,,
mr-rime,champions,train,payback,0,,
mr-rime,champions,train,fling,0,,
mr-rime,champions,train,copycat,0,,
mr-rime,champions,train,power-swap,0,,
mr-rime,champions,train,guard-swap,0,,
mr-rime,champions,train,sucker-punch,0,,
mr-rime,champions,train,drain-punch,0,,
mr-rime,champions,train,focus-blast,0,,
mr-rime,champions,train,energy-ball,0,,
mr-rime,champions,train,giga-impact,0,,
mr-rime,champions,train,nasty-plot,0,,
mr-rime,champions,train,avalanche,0,,
mr-rime,champions,train,ice-shard,0,,
mr-rime,champions,train,zen-headbutt,0,,
mr-rime,champions,train,trick-room,0,,
mr-rime,champions,train,grass-knot,0,,
mr-rime,champions,train,power-split,0,,
mr-rime,champions,train,wonder-room,0,,
mr-rime,champions,train,psyshock,0,,
mr-rime,champions,train,magic-room,0,,
mr-rime,champions,train,foul-play,0,,
mr-rime,champions,train,after-you,0,,
mr-rime,champions,train,round,0,,
mr-rime,champions,train,stored-power,0,,
mr-rime,champions,train,ally-switch,0,,
mr-rime,champions,train,frost-breath,0,,
mr-rime,champions,train,freeze-dry,0,,
mr-rime,champions,train,misty-terrain,0,,
mr-rime,champions,train,dazzling-gleam,0,,
mr-rime,champions,train,psychic-terrain,0,,
mr-rime,champions,train,stomping-tantrum,0,,
mr-rime,champions,train,expanding-force,0,,
mr-rime,champions,train,triple-axel,0,,
mr-rime,champions,train,ice-spinner,0,,
mr-rime,champions,train,snowscape,0,,
mr-rime,champions,train,chilling-water,0,,
runerigus,champions,train,disable,0,,
runerigus,champions,train,hyper-beam,0,,
runerigus,champions,train,earthquake,0,,
runerigus,champions,train,psychic,0,,
runerigus,champions,train,night-shade,0,,
runerigus,champions,train,confuse-ray,0,,
runerigus,champions,train,haze,0,,
runerigus,champions,train,self-destruct,0,,
runerigus,champions,train,amnesia,0,,
runerigus,champions,train,rest,0,,
runerigus,champions,train,rock-slide,0,,
runerigus,champions,train,substitute,0,,
runerigus,champions,train,thief,0,,
runerigus,champions,train,snore,0,,
runerigus,champions,train,curse,0,,
runerigus,champions,train,protect,0,,
runerigus,champions,train,scary-face,0,,
runerigus,champions,train,destiny-bond,0,,
runerigus,champions,train,sandstorm,0,,
runerigus,champions,train,giga-drain,0,,
runerigus,champions,train,endure,0,,
runerigus,champions,train,mean-look,0,,
runerigus,champions,train,attract,0,,
runerigus,champions,train,sleep-talk,0,,
runerigus,champions,train,safeguard,0,,
runerigus,champions,train,rain-dance,0,,
runerigus,champions,train,shadow-ball,0,,
runerigus,champions,train,will-o-wisp,0,,
runerigus,champions,train,memento,0,,
runerigus,champions,train,facade,0,,
runerigus,champions,train,taunt,0,,
runerigus,champions,train,trick,0,,
runerigus,champions,train,skill-swap,0,,
runerigus,champions,train,imprison,0,,
runerigus,champions,train,fake-tears,0,,
runerigus,champions,train,rock-tomb,0,,
runerigus,champions,train,shadow-punch,0,,
runerigus,champions,train,sand-tomb,0,,
runerigus,champions,train,iron-defense,0,,
runerigus,champions,train,calm-mind,0,,
runerigus,champions,train,rock-blast,0,,
runerigus,champions,train,payback,0,,
runerigus,champions,train,power-swap,0,,
runerigus,champions,train,guard-swap,0,,
runerigus,champions,train,toxic-spikes,0,,
runerigus,champions,train,dark-pulse,0,,
runerigus,champions,train,dragon-pulse,0,,
runerigus,champions,train,energy-ball,0,,
runerigus,champions,train,earth-power,0,,
runerigus,champions,train,giga-impact,0,,
runerigus,champions,train,nasty-plot,0,,
runerigus,champions,train,shadow-claw,0,,
runerigus,champions,train,zen-headbutt,0,,
runerigus,champions,train,trick-room,0,,
runerigus,champions,train,stone-edge,0,,
runerigus,champions,train,stealth-rock,0,,
runerigus,champions,train,grass-knot,0,,
runerigus,champions,train,guard-split,0,,
runerigus,champions,train,power-split,0,,
runerigus,champions,train,wonder-room,0,,
runerigus,champions,train,psyshock,0,,
runerigus,champions,train,round,0,,
runerigus,champions,train,ally-switch,0,,
runerigus,champions,train,hex,0,,
runerigus,champions,train,bulldoze,0,,
runerigus,champions,train,phantom-force,0,,
runerigus,champions,train,brutal-swing,0,,
runerigus,champions,train,body-press,0,,
runerigus,champions,train,poltergeist,0,,
alcremie,champions,train,hyper-beam,0,,
alcremie,champions,train,solar-beam,0,,
alcremie,champions,train,psychic,0,,
alcremie,champions,train,recover,0,,
alcremie,champions,train,light-screen,0,,
alcremie,champions,train,acid-armor,0,,
alcremie,champions,train,rest,0,,
alcremie,champions,train,tri-attack,0,,
alcremie,champions,train,substitute,0,,
alcremie,champions,train,snore,0,,
alcremie,champions,train,protect,0,,
alcremie,champions,train,sweet-kiss,0,,
alcremie,champions,train,giga-drain,0,,
alcremie,champions,train,endure,0,,
alcremie,champions,train,charm,0,,
alcremie,champions,train,attract,0,,
alcremie,champions,train,sleep-talk,0,,
alcremie,champions,train,safeguard,0,,
alcremie,champions,train,pain-split,0,,
alcremie,champions,train,encore,0,,
alcremie,champions,train,sweet-scent,0,,
alcremie,champions,train,psych-up,0,,
alcremie,champions,train,facade,0,,
alcremie,champions,train,helping-hand,0,,
alcremie,champions,train,endeavor,0,,
alcremie,champions,train,imprison,0,,
alcremie,champions,train,fake-tears,0,,
alcremie,champions,train,calm-mind,0,,
alcremie,champions,train,fling,0,,
alcremie,champions,train,last-resort,0,,
alcremie,champions,train,drain-punch,0,,
alcremie,champions,train,energy-ball,0,,
alcremie,champions,train,giga-impact,0,,
alcremie,champions,train,wonder-room,0,,
alcremie,champions,train,psyshock,0,,
alcremie,champions,train,magic-room,0,,
alcremie,champions,train,entrainment,0,,
alcremie,champions,train,round,0,,
alcremie,champions,train,stored-power,0,,
alcremie,champions,train,draining-kiss,0,,
alcremie,champions,train,misty-terrain,0,,
alcremie,champions,train,play-rough,0,,
alcremie,champions,train,mystical-fire,0,,
alcremie,champions,train,aromatic-mist,0,,
alcremie,champions,train,dazzling-gleam,0,,
alcremie,champions,train,baby-doll-eyes,0,,
alcremie,champions,train,decorate,0,,
alcremie,champions,train,misty-explosion,0,,
alcremie,champions,train,alluring-voice,0,,
falinks,champions,train,swords-dance,0,,
falinks,champions,train,body-slam,0,,
falinks,champions,train,hyper-beam,0,,
falinks,champions,train,counter,0,,
falinks,champions,train,agility,0,,
falinks,champions,train,screech,0,,
falinks,champions,train,focus-energy,0,,
falinks,champions,train,rest,0,,
falinks,champions,train,rock-slide,0,,
falinks,champions,train,substitute,0,,
falinks,champions,train,snore,0,,
falinks,champions,train,reversal,0,,
falinks,champions,train,protect,0,,
falinks,champions,train,endure,0,,
falinks,champions,train,sleep-talk,0,,
falinks,champions,train,megahorn,0,,
falinks,champions,train,rain-dance,0,,
falinks,champions,train,sunny-day,0,,
falinks,champions,train,psych-up,0,,
falinks,champions,train,beat-up,0,,
falinks,champions,train,uproar,0,,
falinks,champions,train,facade,0,,
falinks,champions,train,helping-hand,0,,
falinks,champions,train,superpower,0,,
falinks,champions,train,brick-break,0,,
falinks,champions,train,knock-off,0,,
falinks,champions,train,endeavor,0,,
falinks,champions,train,rock-tomb,0,,
falinks,champions,train,iron-defense,0,,
falinks,champions,train,bulk-up,0,,
falinks,champions,train,close-combat,0,,
falinks,champions,train,payback,0,,
falinks,champions,train,assurance,0,,
falinks,champions,train,poison-jab,0,,
falinks,champions,train,seed-bomb,0,,
falinks,champions,train,focus-blast,0,,
falinks,champions,train,giga-impact,0,,
falinks,champions,train,zen-headbutt,0,,
falinks,champions,train,iron-head,0,,
falinks,champions,train,double-hit,0,,
falinks,champions,train,round,0,,
falinks,champions,train,first-impression,0,,
falinks,champions,train,high-horsepower,0,,
falinks,champions,train,throat-chop,0,,
falinks,champions,train,lunge,0,,
falinks,champions,train,smart-strike,0,,
falinks,champions,train,no-retreat,0,,
falinks,champions,train,body-press,0,,
falinks,champions,train,coaching,0,,
falinks,champions,train,trailblaze,0,,
falinks,champions,train,upper-hand,0,,
morpeko-full-belly,champions,train,thunder-punch,0,,
morpeko-full-belly,champions,train,thrash,0,,
morpeko-full-belly,champions,train,double-edge,0,,
morpeko-full-belly,champions,train,bite,0,,
morpeko-full-belly,champions,train,thunderbolt,0,,
morpeko-full-belly,champions,train,thunder-wave,0,,
morpeko-full-belly,champions,train,thunder,0,,
morpeko-full-belly,champions,train,agility,0,,
morpeko-full-belly,champions,train,quick-attack,0,,
morpeko-full-belly,champions,train,rest,0,,
morpeko-full-belly,champions,train,super-fang,0,,
morpeko-full-belly,champions,train,substitute,0,,
morpeko-full-belly,champions,train,thief,0,,
morpeko-full-belly,champions,train,snore,0,,
morpeko-full-belly,champions,train,reversal,0,,
morpeko-full-belly,champions,train,spite,0,,
morpeko-full-belly,champions,train,protect,0,,
morpeko-full-belly,champions,train,scary-face,0,,
morpeko-full-belly,champions,train,outrage,0,,
morpeko-full-belly,champions,train,endure,0,,
morpeko-full-belly,champions,train,swagger,0,,
morpeko-full-belly,champions,train,sleep-talk,0,,
morpeko-full-belly,champions,train,baton-pass,0,,
morpeko-full-belly,champions,train,rapid-spin,0,,
morpeko-full-belly,champions,train,crunch,0,,
morpeko-full-belly,champions,train,fake-out,0,,
morpeko-full-belly,champions,train,uproar,0,,
morpeko-full-belly,champions,train,torment,0,,
morpeko-full-belly,champions,train,flatter,0,,
morpeko-full-belly,champions,train,facade,0,,
morpeko-full-belly,champions,train,charge,0,,
morpeko-full-belly,champions,train,taunt,0,,
morpeko-full-belly,champions,train,brick-break,0,,
morpeko-full-belly,champions,train,knock-off,0,,
morpeko-full-belly,champions,train,endeavor,0,,
morpeko-full-belly,champions,train,fake-tears,0,,
morpeko-full-belly,champions,train,tickle,0,,
morpeko-full-belly,champions,train,bullet-seed,0,,
morpeko-full-belly,champions,train,payback,0,,
morpeko-full-belly,champions,train,assurance,0,,
morpeko-full-belly,champions,train,fling,0,,
morpeko-full-belly,champions,train,dark-pulse,0,,
morpeko-full-belly,champions,train,seed-bomb,0,,
morpeko-full-belly,champions,train,nasty-plot,0,,
morpeko-full-belly,champions,train,thunder-fang,0,,
morpeko-full-belly,champions,train,ice-fang,0,,
morpeko-full-belly,champions,train,fire-fang,0,,
morpeko-full-belly,champions,train,charge-beam,0,,
morpeko-full-belly,champions,train,electro-ball,0,,
morpeko-full-belly,champions,train,foul-play,0,,
morpeko-full-belly,champions,train,round,0,,
morpeko-full-belly,champions,train,quash,0,,
morpeko-full-belly,champions,train,volt-switch,0,,
morpeko-full-belly,champions,train,electroweb,0,,
morpeko-full-belly,champions,train,wild-charge,0,,
morpeko-full-belly,champions,train,snarl,0,,
morpeko-full-belly,champions,train,parting-shot,0,,
morpeko-full-belly,champions,train,eerie-impulse,0,,
morpeko-full-belly,champions,train,electric-terrain,0,,
morpeko-full-belly,champions,train,power-trip,0,,
morpeko-full-belly,champions,train,psychic-fangs,0,,
morpeko-full-belly,champions,train,stomping-tantrum,0,,
morpeko-full-belly,champions,train,aura-wheel,0,,
morpeko-full-belly,champions,train,rising-voltage,0,,
morpeko-full-belly,champions,train,lash-out,0,,
dragapult,champions,train,fly,0,,
dragapult,champions,train,body-slam,0,,
dragapult,champions,train,double-edge,0,,
dragapult,champions,train,bite,0,,
dragapult,champions,train,disable,0,,
dragapult,champions,train,flamethrower,0,,
dragapult,champions,train,hydro-pump,0,,
dragapult,champions,train,surf,0,,
dragapult,champions,train,hyper-beam,0,,
dragapult,champions,train,solar-beam,0,,
dragapult,champions,train,thunderbolt,0,,
dragapult,champions,train,thunder-wave,0,,
dragapult,champions,train,thunder,0,,
dragapult,champions,train,agility,0,,
dragapult,champions,train,quick-attack,0,,
dragapult,champions,train,night-shade,0,,
dragapult,champions,train,double-team,0,,
dragapult,champions,train,confuse-ray,0,,
dragapult,champions,train,light-screen,0,,
dragapult,champions,train,reflect,0,,
dragapult,champions,train,fire-blast,0,,
dragapult,champions,train,rest,0,,
dragapult,champions,train,tri-attack,0,,
dragapult,champions,train,substitute,0,,
dragapult,champions,train,thief,0,,
dragapult,champions,train,snore,0,,
dragapult,champions,train,curse,0,,
dragapult,champions,train,protect,0,,
dragapult,champions,train,lock-on,0,,
dragapult,champions,train,outrage,0,,
dragapult,champions,train,endure,0,,
dragapult,champions,train,steel-wing,0,,
dragapult,champions,train,sleep-talk,0,,
dragapult,champions,train,baton-pass,0,,
dragapult,champions,train,sunny-day,0,,
dragapult,champions,train,shadow-ball,0,,
dragapult,champions,train,beat-up,0,,
dragapult,champions,train,will-o-wisp,0,,
dragapult,champions,train,facade,0,,
dragapult,champions,train,helping-hand,0,,
dragapult,champions,train,dive,0,,
dragapult,champions,train,dragon-claw,0,,
dragapult,champions,train,dragon-dance,0,,
dragapult,champions,train,u-turn,0,,
dragapult,champions,train,assurance,0,,
dragapult,champions,train,last-resort,0,,
dragapult,champions,train,sucker-punch,0,,
dragapult,champions,train,dragon-pulse,0,,
dragapult,champions,train,dragon-rush,0,,
dragapult,champions,train,giga-impact,0,,
dragapult,champions,train,draco-meteor,0,,
dragapult,champions,train,double-hit,0,,
dragapult,champions,train,round,0,,
dragapult,champions,train,hex,0,,
dragapult,champions,train,acrobatics,0,,
dragapult,champions,train,dragon-tail,0,,
dragapult,champions,train,phantom-force,0,,
dragapult,champions,train,infestation,0,,
dragapult,champions,train,psychic-fangs,0,,
dragapult,champions,train,dragon-darts,0,,
dragapult,champions,train,breaking-swipe,0,,
dragapult,champions,train,pounce,0,,
dragapult,champions,train,dragon-cheer,0,,
wyrdeer,champions,train,body-slam,0,,
wyrdeer,champions,train,thrash,0,,
wyrdeer,champions,train,double-edge,0,,
wyrdeer,champions,train,bite,0,,
wyrdeer,champions,train,roar,0,,
wyrdeer,champions,train,disable,0,,
wyrdeer,champions,train,hyper-beam,0,,
wyrdeer,champions,train,solar-beam,0,,
wyrdeer,champions,train,thunderbolt,0,,
wyrdeer,champions,train,thunder-wave,0,,
wyrdeer,champions,train,thunder,0,,
wyrdeer,champions,train,earthquake,0,,
wyrdeer,champions,train,dig,0,,
wyrdeer,champions,train,psychic,0,,
wyrdeer,champions,train,hypnosis,0,,
wyrdeer,champions,train,agility,0,,
wyrdeer,champions,train,confuse-ray,0,,
wyrdeer,champions,train,light-screen,0,,
wyrdeer,champions,train,reflect,0,,
wyrdeer,champions,train,rest,0,,
wyrdeer,champions,train,substitute,0,,
wyrdeer,champions,train,thief,0,,
wyrdeer,champions,train,curse,0,,
wyrdeer,champions,train,spite,0,,
wyrdeer,champions,train,protect,0,,
wyrdeer,champions,train,scary-face,0,,
wyrdeer,champions,train,endure,0,,
wyrdeer,champions,train,sleep-talk,0,,
wyrdeer,champions,train,megahorn,0,,
wyrdeer,champions,train,rain-dance,0,,
wyrdeer,champions,train,sunny-day,0,,
wyrdeer,champions,train,psych-up,0,,
wyrdeer,champions,train,shadow-ball,0,,
wyrdeer,champions,train,future-sight,0,,
wyrdeer,champions,train,uproar,0,,
wyrdeer,champions,train,facade,0,,
wyrdeer,champions,train,helping-hand,0,,
wyrdeer,champions,train,trick,0,,
wyrdeer,champions,train,role-play,0,,
wyrdeer,champions,train,skill-swap,0,,
wyrdeer,champions,train,imprison,0,,
wyrdeer,champions,train,extrasensory,0,,
wyrdeer,champions,train,calm-mind,0,,
wyrdeer,champions,train,gravity,0,,
wyrdeer,champions,train,energy-ball,0,,
wyrdeer,champions,train,earth-power,0,,
wyrdeer,champions,train,giga-impact,0,,
wyrdeer,champions,train,zen-headbutt,0,,
wyrdeer,champions,train,trick-room,0,,
wyrdeer,champions,train,charge-beam,0,,
wyrdeer,champions,train,psyshock,0,,
wyrdeer,champions,train,stored-power,0,,
wyrdeer,champions,train,bulldoze,0,,
wyrdeer,champions,train,wild-charge,0,,
wyrdeer,champions,train,high-horsepower,0,,
wyrdeer,champions,train,throat-chop,0,,
wyrdeer,champions,train,lunge,0,,
wyrdeer,champions,train,expanding-force,0,,
wyrdeer,champions,train,psyshield-bash,0,,
wyrdeer,champions,train,trailblaze,0,,
wyrdeer,champions,train,psychic-noise,0,,
kleavor,champions,train,swords-dance,0,,
kleavor,champions,train,double-edge,0,,
kleavor,champions,train,hyper-beam,0,,
kleavor,champions,train,counter,0,,
kleavor,champions,train,agility,0,,
kleavor,champions,train,quick-attack,0,,
kleavor,champions,train,double-team,0,,
kleavor,champions,train,light-screen,0,,
kleavor,champions,train,focus-energy,0,,
kleavor,champions,train,rest,0,,
kleavor,champions,train,rock-slide,0,,
kleavor,champions,train,substitute,0,,
kleavor,champions,train,thief,0,,
kleavor,champions,train,reversal,0,,
kleavor,champions,train,protect,0,,
kleavor,champions,train,scary-face,0,,
kleavor,champions,train,sandstorm,0,,
kleavor,champions,train,endure,0,,
kleavor,champions,train,sleep-talk,0,,
kleavor,champions,train,baton-pass,0,,
kleavor,champions,train,rain-dance,0,,
kleavor,champions,train,sunny-day,0,,
kleavor,champions,train,ancient-power,0,,
kleavor,champions,train,facade,0,,
kleavor,champions,train,helping-hand,0,,
kleavor,champions,train,brick-break,0,,
kleavor,champions,train,air-cutter,0,,
kleavor,champions,train,rock-tomb,0,,
kleavor,champions,train,aerial-ace,0,,
kleavor,champions,train,rock-blast,0,,
kleavor,champions,train,feint,0,,
kleavor,champions,train,tailwind,0,,
kleavor,champions,train,u-turn,0,,
kleavor,champions,train,close-combat,0,,
kleavor,champions,train,night-slash,0,,
kleavor,champions,train,air-slash,0,,
kleavor,champions,train,x-scissor,0,,
kleavor,champions,train,bug-buzz,0,,
kleavor,champions,train,vacuum-wave,0,,
kleavor,champions,train,giga-impact,0,,
kleavor,champions,train,defog,0,,
kleavor,champions,train,stone-edge,0,,
kleavor,champions,train,stealth-rock,0,,
kleavor,champions,train,bug-bite,0,,
kleavor,champions,train,double-hit,0,,
kleavor,champions,train,smack-down,0,,
kleavor,champions,train,quick-guard,0,,
kleavor,champions,train,acrobatics,0,,
kleavor,champions,train,struggle-bug,0,,
kleavor,champions,train,lunge,0,,
kleavor,champions,train,brutal-swing,0,,
kleavor,champions,train,skitter-smack,0,,
kleavor,champions,train,dual-wingbeat,0,,
kleavor,champions,train,stone-axe,0,,
kleavor,champions,train,pounce,0,,
kleavor,champions,train,trailblaze,0,,
basculegion-male,champions,train,thrash,0,,
basculegion-male,champions,train,double-edge,0,,
basculegion-male,champions,train,bite,0,,
basculegion-male,champions,train,hydro-pump,0,,
basculegion-male,champions,train,surf,0,,
basculegion-male,champions,train,ice-beam,0,,
basculegion-male,champions,train,blizzard,0,,
basculegion-male,champions,train,hyper-beam,0,,
basculegion-male,champions,train,agility,0,,
basculegion-male,champions,train,night-shade,0,,
basculegion-male,champions,train,confuse-ray,0,,
basculegion-male,champions,train,waterfall,0,,
basculegion-male,champions,train,rest,0,,
basculegion-male,champions,train,substitute,0,,
basculegion-male,champions,train,flail,0,,
basculegion-male,champions,train,spite,0,,
basculegion-male,champions,train,protect,0,,
basculegion-male,champions,train,scary-face,0,,
basculegion-male,champions,train,icy-wind,0,,
basculegion-male,champions,train,outrage,0,,
basculegion-male,champions,train,endure,0,,
basculegion-male,champions,train,sleep-talk,0,,
basculegion-male,champions,train,pain-split,0,,
basculegion-male,champions,train,rain-dance,0,,
basculegion-male,champions,train,crunch,0,,
basculegion-male,champions,train,shadow-ball,0,,
basculegion-male,champions,train,whirlpool,0,,
basculegion-male,champions,train,uproar,0,,
basculegion-male,champions,train,facade,0,,
basculegion-male,champions,train,endeavor,0,,
basculegion-male,champions,train,muddy-water,0,,
basculegion-male,champions,train,mud-shot,0,,
basculegion-male,champions,train,water-pulse,0,,
basculegion-male,champions,train,giga-impact,0,,
basculegion-male,champions,train,ice-fang,0,,
basculegion-male,champions,train,zen-headbutt,0,,
basculegion-male,champions,train,aqua-jet,0,,
basculegion-male,champions,train,head-smash,0,,
basculegion-male,champions,train,soak,0,,
basculegion-male,champions,train,hex,0,,
basculegion-male,champions,train,phantom-force,0,,
basculegion-male,champions,train,psychic-fangs,0,,
basculegion-male,champions,train,liquidation,0,,
basculegion-male,champions,train,scale-shot,0,,
basculegion-male,champions,train,flip-turn,0,,
basculegion-male,champions,train,wave-crash,0,,
basculegion-male,champions,train,last-respects,0,,
basculegion-male,champions,train,snowscape,0,,
basculegion-male,champions,train,chilling-water,0,,
sneasler,champions,train,fire-punch,0,,
sneasler,champions,train,swords-dance,0,,
sneasler,champions,train,hyper-beam,0,,
sneasler,champions,train,low-kick,0,,
sneasler,champions,train,counter,0,,
sneasler,champions,train,dig,0,,
sneasler,champions,train,toxic,0,,
sneasler,champions,train,agility,0,,
sneasler,champions,train,quick-attack,0,,
sneasler,champions,train,screech,0,,
sneasler,champions,train,rest,0,,
sneasler,champions,train,rock-slide,0,,
sneasler,champions,train,substitute,0,,
sneasler,champions,train,thief,0,,
sneasler,champions,train,reversal,0,,
sneasler,champions,train,spite,0,,
sneasler,champions,train,protect,0,,
sneasler,champions,train,sludge-bomb,0,,
sneasler,champions,train,endure,0,,
sneasler,champions,train,sleep-talk,0,,
sneasler,champions,train,rain-dance,0,,
sneasler,champions,train,sunny-day,0,,
sneasler,champions,train,shadow-ball,0,,
sneasler,champions,train,fake-out,0,,
sneasler,champions,train,facade,0,,
sneasler,champions,train,focus-punch,0,,
sneasler,champions,train,taunt,0,,
sneasler,champions,train,brick-break,0,,
sneasler,champions,train,rock-tomb,0,,
sneasler,champions,train,aerial-ace,0,,
sneasler,champions,train,bulk-up,0,,
sneasler,champions,train,calm-mind,0,,
sneasler,champions,train,feint,0,,
sneasler,champions,train,u-turn,0,,
sneasler,champions,train,close-combat,0,,
sneasler,champions,train,fling,0,,
sneasler,champions,train,toxic-spikes,0,,
sneasler,champions,train,poison-jab,0,,
sneasler,champions,train,night-slash,0,,
sneasler,champions,train,x-scissor,0,,
sneasler,champions,train,vacuum-wave,0,,
sneasler,champions,train,focus-blast,0,,
sneasler,champions,train,switcheroo,0,,
sneasler,champions,train,giga-impact,0,,
sneasler,champions,train,nasty-plot,0,,
sneasler,champions,train,shadow-claw,0,,
sneasler,champions,train,gunk-shot,0,,
sneasler,champions,train,grass-knot,0,,
sneasler,champions,train,double-hit,0,,
sneasler,champions,train,venoshock,0,,
sneasler,champions,train,sludge-wave,0,,
sneasler,champions,train,low-sweep,0,,
sneasler,champions,train,acid-spray,0,,
sneasler,champions,train,quick-guard,0,,
sneasler,champions,train,acrobatics,0,,
sneasler,champions,train,throat-chop,0,,
sneasler,champions,train,lash-out,0,,
sneasler,champions,train,coaching,0,,
sneasler,champions,train,dire-claw,0,,
sneasler,champions,train,trailblaze,0,,
sneasler,champions,train,upper-hand,0,,
overqwil,champions,train,swords-dance,0,,
overqwil,champions,train,double-edge,0,,
overqwil,champions,train,pin-missile,0,,
overqwil,champions,train,bite,0,,
overqwil,champions,train,hydro-pump,0,,
overqwil,champions,train,surf,0,,
overqwil,champions,train,ice-beam,0,,
overqwil,champions,train,blizzard,0,,
overqwil,champions,train,hyper-beam,0,,
overqwil,champions,train,toxic,0,,
overqwil,champions,train,agility,0,,
overqwil,champions,train,minimize,0,,
overqwil,champions,train,haze,0,,
overqwil,champions,train,self-destruct,0,,
overqwil,champions,train,waterfall,0,,
overqwil,champions,train,rest,0,,
overqwil,champions,train,substitute,0,,
overqwil,champions,train,curse,0,,
overqwil,champions,train,flail,0,,
overqwil,champions,train,reversal,0,,
overqwil,champions,train,spite,0,,
overqwil,champions,train,protect,0,,
overqwil,champions,train,scary-face,0,,
overqwil,champions,train,sludge-bomb,0,,
overqwil,champions,train,spikes,0,,
overqwil,champions,train,destiny-bond,0,,
overqwil,champions,train,icy-wind,0,,
overqwil,champions,train,endure,0,,
overqwil,champions,train,sleep-talk,0,,
overqwil,champions,train,pain-split,0,,
overqwil,champions,train,rain-dance,0,,
overqwil,champions,train,crunch,0,,
overqwil,champions,train,shadow-ball,0,,
overqwil,champions,train,stockpile,0,,
overqwil,champions,train,spit-up,0,,
overqwil,champions,train,facade,0,,
overqwil,champions,train,taunt,0,,
overqwil,champions,train,mud-shot,0,,
overqwil,champions,train,water-pulse,0,,
overqwil,champions,train,gyro-ball,0,,
overqwil,champions,train,acupressure,0,,
overqwil,champions,train,toxic-spikes,0,,
overqwil,champions,train,poison-jab,0,,
overqwil,champions,train,dark-pulse,0,,
overqwil,champions,train,aqua-tail,0,,
overqwil,champions,train,giga-impact,0,,
overqwil,champions,train,gunk-shot,0,,
overqwil,champions,train,aqua-jet,0,,
overqwil,champions,train,venoshock,0,,
overqwil,champions,train,sludge-wave,0,,
overqwil,champions,train,acid-spray,0,,
overqwil,champions,train,hex,0,,
overqwil,champions,train,fell-stinger,0,,
overqwil,champions,train,throat-chop,0,,
overqwil,champions,train,smart-strike,0,,
overqwil,champions,train,liquidation,0,,
overqwil,champions,train,scale-shot,0,,
overqwil,champions,train,lash-out,0,,
overqwil,champions,train,barb-barrage,0,,
overqwil,champions,train,chilling-water,0,,
meowscarada,champions,train,thunder-punch,0,,
meowscarada,champions,train,bite,0,,
meowscarada,champions,train,hyper-beam,0,,
meowscarada,champions,train,low-kick,0,,
meowscarada,champions,train,leech-seed,0,,
meowscarada,champions,train,solar-beam,0,,
meowscarada,champions,train,agility,0,,
meowscarada,champions,train,quick-attack,0,,
meowscarada,champions,train,double-team,0,,
meowscarada,champions,train,rest,0,,
meowscarada,champions,train,substitute,0,,
meowscarada,champions,train,thief,0,,
meowscarada,champions,train,protect,0,,
meowscarada,champions,train,mud-slap,0,,
meowscarada,champions,train,spikes,0,,
meowscarada,champions,train,giga-drain,0,,
meowscarada,champions,train,endure,0,,
meowscarada,champions,train,charm,0,,
meowscarada,champions,train,sleep-talk,0,,
meowscarada,champions,train,psych-up,0,,
meowscarada,champions,train,shadow-ball,0,,
meowscarada,champions,train,facade,0,,
meowscarada,champions,train,taunt,0,,
meowscarada,champions,train,helping-hand,0,,
meowscarada,champions,train,trick,0,,
meowscarada,champions,train,brick-break,0,,
meowscarada,champions,train,knock-off,0,,
meowscarada,champions,train,skill-swap,0,,
meowscarada,champions,train,fake-tears,0,,
meowscarada,champions,train,bullet-seed,0,,
meowscarada,champions,train,aerial-ace,0,,
meowscarada,champions,train,frenzy-plant,0,,
meowscarada,champions,train,u-turn,0,,
meowscarada,champions,train,fling,0,,
meowscarada,champions,train,copycat,0,,
meowscarada,champions,train,worry-seed,0,,
meowscarada,champions,train,sucker-punch,0,,
meowscarada,champions,train,toxic-spikes,0,,
meowscarada,champions,train,aura-sphere,0,,
meowscarada,champions,train,dark-pulse,0,,
meowscarada,champions,train,night-slash,0,,
meowscarada,champions,train,seed-bomb,0,,
meowscarada,champions,train,power-gem,0,,
meowscarada,champions,train,energy-ball,0,,
meowscarada,champions,train,giga-impact,0,,
meowscarada,champions,train,nasty-plot,0,,
meowscarada,champions,train,shadow-claw,0,,
meowscarada,champions,train,trick-room,0,,
meowscarada,champions,train,leaf-storm,0,,
meowscarada,champions,train,grass-knot,0,,
meowscarada,champions,train,low-sweep,0,,
meowscarada,champions,train,foul-play,0,,
meowscarada,champions,train,ally-switch,0,,
meowscarada,champions,train,acrobatics,0,,
meowscarada,champions,train,petal-blizzard,0,,
meowscarada,champions,train,grassy-terrain,0,,
meowscarada,champions,train,play-rough,0,,
meowscarada,champions,train,throat-chop,0,,
meowscarada,champions,train,pollen-puff,0,,
meowscarada,champions,train,grassy-glide,0,,
meowscarada,champions,train,lash-out,0,,
meowscarada,champions,train,triple-axel,0,,
meowscarada,champions,train,flower-trick,0,,
meowscarada,champions,train,trailblaze,0,,
meowscarada,champions,train,chilling-water,0,,
skeledirge,champions,train,body-slam,0,,
skeledirge,champions,train,bite,0,,
skeledirge,champions,train,roar,0,,
skeledirge,champions,train,sing,0,,
skeledirge,champions,train,flamethrower,0,,
skeledirge,champions,train,hyper-beam,0,,
skeledirge,champions,train,solar-beam,0,,
skeledirge,champions,train,fire-spin,0,,
skeledirge,champions,train,earthquake,0,,
skeledirge,champions,train,dig,0,,
skeledirge,champions,train,night-shade,0,,
skeledirge,champions,train,fire-blast,0,,
skeledirge,champions,train,rest,0,,
skeledirge,champions,train,substitute,0,,
skeledirge,champions,train,curse,0,,
skeledirge,champions,train,protect,0,,
skeledirge,champions,train,scary-face,0,,
skeledirge,champions,train,mud-slap,0,,
skeledirge,champions,train,outrage,0,,
skeledirge,champions,train,endure,0,,
skeledirge,champions,train,sleep-talk,0,,
skeledirge,champions,train,encore,0,,
skeledirge,champions,train,sunny-day,0,,
skeledirge,champions,train,crunch,0,,
skeledirge,champions,train,shadow-ball,0,,
skeledirge,champions,train,heat-wave,0,,
skeledirge,champions,train,will-o-wisp,0,,
skeledirge,champions,train,facade,0,,
skeledirge,champions,train,helping-hand,0,,
skeledirge,champions,train,yawn,0,,
skeledirge,champions,train,imprison,0,,
skeledirge,champions,train,slack-off,0,,
skeledirge,champions,train,hyper-voice,0,,
skeledirge,champions,train,blast-burn,0,,
skeledirge,champions,train,overheat,0,,
skeledirge,champions,train,flare-blitz,0,,
skeledirge,champions,train,seed-bomb,0,,
skeledirge,champions,train,earth-power,0,,
skeledirge,champions,train,giga-impact,0,,
skeledirge,champions,train,shadow-claw,0,,
skeledirge,champions,train,thunder-fang,0,,
skeledirge,champions,train,fire-fang,0,,
skeledirge,champions,train,zen-headbutt,0,,
skeledirge,champions,train,flame-charge,0,,
skeledirge,champions,train,round,0,,
skeledirge,champions,train,hex,0,,
skeledirge,champions,train,heat-crash,0,,
skeledirge,champions,train,snarl,0,,
skeledirge,champions,train,belch,0,,
skeledirge,champions,train,burn-up,0,,
skeledirge,champions,train,stomping-tantrum,0,,
skeledirge,champions,train,poltergeist,0,,
skeledirge,champions,train,scorching-sands,0,,
skeledirge,champions,train,torch-song,0,,
skeledirge,champions,train,alluring-voice,0,,
skeledirge,champions,train,temper-flare,0,,
quaquaval,champions,train,swords-dance,0,,
quaquaval,champions,train,mega-kick,0,,
quaquaval,champions,train,hydro-pump,0,,
quaquaval,champions,train,surf,0,,
quaquaval,champions,train,hyper-beam,0,,
quaquaval,champions,train,low-kick,0,,
quaquaval,champions,train,counter,0,,
quaquaval,champions,train,agility,0,,
quaquaval,champions,train,focus-energy,0,,
quaquaval,champions,train,rest,0,,
quaquaval,champions,train,substitute,0,,
quaquaval,champions,train,reversal,0,,
quaquaval,champions,train,protect,0,,
quaquaval,champions,train,icy-wind,0,,
quaquaval,champions,train,detect,0,,
quaquaval,champions,train,endure,0,,
quaquaval,champions,train,sleep-talk,0,,
quaquaval,champions,train,baton-pass,0,,
quaquaval,champions,train,encore,0,,
quaquaval,champions,train,rapid-spin,0,,
quaquaval,champions,train,rain-dance,0,,
quaquaval,champions,train,psych-up,0,,
quaquaval,champions,train,whirlpool,0,,
quaquaval,champions,train,facade,0,,
quaquaval,champions,train,taunt,0,,
quaquaval,champions,train,helping-hand,0,,
quaquaval,champions,train,brick-break,0,,
quaquaval,champions,train,knock-off,0,,
quaquaval,champions,train,endeavor,0,,
quaquaval,champions,train,feather-dance,0,,
quaquaval,champions,train,hydro-cannon,0,,
quaquaval,champions,train,air-cutter,0,,
quaquaval,champions,train,aerial-ace,0,,
quaquaval,champions,train,bulk-up,0,,
quaquaval,champions,train,water-pulse,0,,
quaquaval,champions,train,roost,0,,
quaquaval,champions,train,u-turn,0,,
quaquaval,champions,train,close-combat,0,,
quaquaval,champions,train,fling,0,,
quaquaval,champions,train,last-resort,0,,
quaquaval,champions,train,air-slash,0,,
quaquaval,champions,train,brave-bird,0,,
quaquaval,champions,train,giga-impact,0,,
quaquaval,champions,train,aqua-jet,0,,
quaquaval,champions,train,double-hit,0,,
quaquaval,champions,train,low-sweep,0,,
quaquaval,champions,train,acrobatics,0,,
quaquaval,champions,train,hurricane,0,,
quaquaval,champions,train,misty-terrain,0,,
quaquaval,champions,train,liquidation,0,,
quaquaval,champions,train,coaching,0,,
quaquaval,champions,train,flip-turn,0,,
quaquaval,champions,train,triple-axel,0,,
quaquaval,champions,train,wave-crash,0,,
quaquaval,champions,train,ice-spinner,0,,
quaquaval,champions,train,aqua-step,0,,
quaquaval,champions,train,chilling-water,0,,
quaquaval,champions,train,aqua-cutter,0,,
quaquaval,champions,train,upper-hand,0,,
maushold-family-of-four,champions,train,double-edge,0,,
maushold-family-of-four,champions,train,bite,0,,
maushold-family-of-four,champions,train,hyper-beam,0,,
maushold-family-of-four,champions,train,low-kick,0,,
maushold-family-of-four,champions,train,thunder-wave,0,,
maushold-family-of-four,champions,train,dig,0,,
maushold-family-of-four,champions,train,agility,0,,
maushold-family-of-four,champions,train,rest,0,,
maushold-family-of-four,champions,train,super-fang,0,,
maushold-family-of-four,champions,train,substitute,0,,
maushold-family-of-four,champions,train,thief,0,,
maushold-family-of-four,champions,train,protect,0,,
maushold-family-of-four,champions,train,mud-slap,0,,
maushold-family-of-four,champions,train,endure,0,,
maushold-family-of-four,champions,train,charm,0,,
maushold-family-of-four,champions,train,sleep-talk,0,,
maushold-family-of-four,champions,train,baton-pass,0,,
maushold-family-of-four,champions,train,encore,0,,
maushold-family-of-four,champions,train,rain-dance,0,,
maushold-family-of-four,champions,train,sunny-day,0,,
maushold-family-of-four,champions,train,crunch,0,,
maushold-family-of-four,champions,train,beat-up,0,,
maushold-family-of-four,champions,train,facade,0,,
maushold-family-of-four,champions,train,follow-me,0,,
maushold-family-of-four,champions,train,taunt,0,,
maushold-family-of-four,champions,train,helping-hand,0,,
maushold-family-of-four,champions,train,hyper-voice,0,,
maushold-family-of-four,champions,train,fake-tears,0,,
maushold-family-of-four,champions,train,tickle,0,,
maushold-family-of-four,champions,train,bullet-seed,0,,
maushold-family-of-four,champions,train,aerial-ace,0,,
maushold-family-of-four,champions,train,mud-shot,0,,
maushold-family-of-four,champions,train,water-pulse,0,,
maushold-family-of-four,champions,train,feint,0,,
maushold-family-of-four,champions,train,u-turn,0,,
maushold-family-of-four,champions,train,copycat,0,,
maushold-family-of-four,champions,train,seed-bomb,0,,
maushold-family-of-four,champions,train,switcheroo,0,,
maushold-family-of-four,champions,train,giga-impact,0,,
maushold-family-of-four,champions,train,shadow-claw,0,,
maushold-family-of-four,champions,train,grass-knot,0,,
maushold-family-of-four,champions,train,double-hit,0,,
maushold-family-of-four,champions,train,low-sweep,0,,
maushold-family-of-four,champions,train,after-you,0,,
maushold-family-of-four,champions,train,play-rough,0,,
maushold-family-of-four,champions,train,baby-doll-eyes,0,,
maushold-family-of-four,champions,train,population-bomb,0,,
maushold-family-of-four,champions,train,tidy-up,0,,
maushold-family-of-four,champions,train,trailblaze,0,,
maushold-family-of-four,champions,train,chilling-water,0,,
garganacl,champions,train,fire-punch,0,,
garganacl,champions,train,ice-punch,0,,
garganacl,champions,train,thunder-punch,0,,
garganacl,champions,train,body-slam,0,,
garganacl,champions,train,double-edge,0,,
garganacl,champions,train,hyper-beam,0,,
garganacl,champions,train,earthquake,0,,
garganacl,champions,train,fissure,0,,
garganacl,champions,train,dig,0,,
garganacl,champions,train,recover,0,,
garganacl,champions,train,explosion,0,,
garganacl,champions,train,rest,0,,
garganacl,champions,train,rock-slide,0,,
garganacl,champions,train,substitute,0,,
garganacl,champions,train,curse,0,,
garganacl,champions,train,protect,0,,
garganacl,champions,train,sandstorm,0,,
garganacl,champions,train,endure,0,,
garganacl,champions,train,sleep-talk,0,,
garganacl,champions,train,dynamic-punch,0,,
garganacl,champions,train,rain-dance,0,,
garganacl,champions,train,sunny-day,0,,
garganacl,champions,train,ancient-power,0,,
garganacl,champions,train,facade,0,,
garganacl,champions,train,focus-punch,0,,
garganacl,champions,train,helping-hand,0,,
garganacl,champions,train,brick-break,0,,
garganacl,champions,train,rock-tomb,0,,
garganacl,champions,train,iron-defense,0,,
garganacl,champions,train,block,0,,
garganacl,champions,train,mud-shot,0,,
garganacl,champions,train,rock-blast,0,,
garganacl,champions,train,gravity,0,,
garganacl,champions,train,hammer-arm,0,,
garganacl,champions,train,fling,0,,
garganacl,champions,train,rock-polish,0,,
garganacl,champions,train,power-gem,0,,
garganacl,champions,train,earth-power,0,,
garganacl,champions,train,giga-impact,0,,
garganacl,champions,train,avalanche,0,,
garganacl,champions,train,zen-headbutt,0,,
garganacl,champions,train,flash-cannon,0,,
garganacl,champions,train,iron-head,0,,
garganacl,champions,train,stone-edge,0,,
garganacl,champions,train,stealth-rock,0,,
garganacl,champions,train,wide-guard,0,,
garganacl,champions,train,smack-down,0,,
garganacl,champions,train,heavy-slam,0,,
garganacl,champions,train,bulldoze,0,,
garganacl,champions,train,stomping-tantrum,0,,
garganacl,champions,train,body-press,0,,
garganacl,champions,train,meteor-beam,0,,
garganacl,champions,train,salt-cure,0,,
garganacl,champions,train,hard-press,0,,
armarouge,champions,train,disable,0,,
armarouge,champions,train,flamethrower,0,,
armarouge,champions,train,hyper-beam,0,,
armarouge,champions,train,solar-beam,0,,
armarouge,champions,train,fire-spin,0,,
armarouge,champions,train,psychic,0,,
armarouge,champions,train,night-shade,0,,
armarouge,champions,train,confuse-ray,0,,
armarouge,champions,train,light-screen,0,,
armarouge,champions,train,reflect,0,,
armarouge,champions,train,fire-blast,0,,
armarouge,champions,train,rest,0,,
armarouge,champions,train,substitute,0,,
armarouge,champions,train,spite,0,,
armarouge,champions,train,protect,0,,
armarouge,champions,train,destiny-bond,0,,
armarouge,champions,train,endure,0,,
armarouge,champions,train,sleep-talk,0,,
armarouge,champions,train,sunny-day,0,,
armarouge,champions,train,psych-up,0,,
armarouge,champions,train,shadow-ball,0,,
armarouge,champions,train,heat-wave,0,,
armarouge,champions,train,will-o-wisp,0,,
armarouge,champions,train,facade,0,,
armarouge,champions,train,taunt,0,,
armarouge,champions,train,helping-hand,0,,
armarouge,champions,train,trick,0,,
armarouge,champions,train,weather-ball,0,,
armarouge,champions,train,overheat,0,,
armarouge,champions,train,iron-defense,0,,
armarouge,champions,train,calm-mind,0,,
armarouge,champions,train,fling,0,,
armarouge,champions,train,flare-blitz,0,,
armarouge,champions,train,aura-sphere,0,,
armarouge,champions,train,dark-pulse,0,,
armarouge,champions,train,dragon-pulse,0,,
armarouge,champions,train,focus-blast,0,,
armarouge,champions,train,energy-ball,0,,
armarouge,champions,train,flash-cannon,0,,
armarouge,champions,train,trick-room,0,,
armarouge,champions,train,lava-plume,0,,
armarouge,champions,train,wide-guard,0,,
armarouge,champions,train,psyshock,0,,
armarouge,champions,train,flame-charge,0,,
armarouge,champions,train,acid-spray,0,,
armarouge,champions,train,clear-smog,0,,
armarouge,champions,train,stored-power,0,,
armarouge,champions,train,ally-switch,0,,
armarouge,champions,train,mystical-fire,0,,
armarouge,champions,train,psychic-terrain,0,,
armarouge,champions,train,burn-up,0,,
armarouge,champions,train,expanding-force,0,,
armarouge,champions,train,meteor-beam,0,,
armarouge,champions,train,scorching-sands,0,,
armarouge,champions,train,armor-cannon,0,,
ceruledge,champions,train,swords-dance,0,,
ceruledge,champions,train,disable,0,,
ceruledge,champions,train,flamethrower,0,,
ceruledge,champions,train,fire-spin,0,,
ceruledge,champions,train,night-shade,0,,
ceruledge,champions,train,confuse-ray,0,,
ceruledge,champions,train,light-screen,0,,
ceruledge,champions,train,reflect,0,,
ceruledge,champions,train,fire-blast,0,,
ceruledge,champions,train,rest,0,,
ceruledge,champions,train,substitute,0,,
ceruledge,champions,train,curse,0,,
ceruledge,champions,train,spite,0,,
ceruledge,champions,train,protect,0,,
ceruledge,champions,train,destiny-bond,0,,
ceruledge,champions,train,endure,0,,
ceruledge,champions,train,sleep-talk,0,,
ceruledge,champions,train,sunny-day,0,,
ceruledge,champions,train,psych-up,0,,
ceruledge,champions,train,shadow-ball,0,,
ceruledge,champions,train,heat-wave,0,,
ceruledge,champions,train,will-o-wisp,0,,
ceruledge,champions,train,facade,0,,
ceruledge,champions,train,taunt,0,,
ceruledge,champions,train,helping-hand,0,,
ceruledge,champions,train,brick-break,0,,
ceruledge,champions,train,overheat,0,,
ceruledge,champions,train,iron-defense,0,,
ceruledge,champions,train,dragon-claw,0,,
ceruledge,champions,train,bulk-up,0,,
ceruledge,champions,train,close-combat,0,,
ceruledge,champions,train,fling,0,,
ceruledge,champions,train,flare-blitz,0,,
ceruledge,champions,train,poison-jab,0,,
ceruledge,champions,train,night-slash,0,,
ceruledge,champions,train,x-scissor,0,,
ceruledge,champions,train,vacuum-wave,0,,
ceruledge,champions,train,giga-impact,0,,
ceruledge,champions,train,shadow-claw,0,,
ceruledge,champions,train,shadow-sneak,0,,
ceruledge,champions,train,psycho-cut,0,,
ceruledge,champions,train,lava-plume,0,,
ceruledge,champions,train,iron-head,0,,
ceruledge,champions,train,flame-charge,0,,
ceruledge,champions,train,clear-smog,0,,
ceruledge,champions,train,stored-power,0,,
ceruledge,champions,train,quick-guard,0,,
ceruledge,champions,train,ally-switch,0,,
ceruledge,champions,train,hex,0,,
ceruledge,champions,train,phantom-force,0,,
ceruledge,champions,train,solar-blade,0,,
ceruledge,champions,train,throat-chop,0,,
ceruledge,champions,train,burn-up,0,,
ceruledge,champions,train,poltergeist,0,,
ceruledge,champions,train,bitter-blade,0,,
bellibolt,champions,train,hyper-beam,0,,
bellibolt,champions,train,thunderbolt,0,,
bellibolt,champions,train,thunder-wave,0,,
bellibolt,champions,train,thunder,0,,
bellibolt,champions,train,toxic,0,,
bellibolt,champions,train,confuse-ray,0,,
bellibolt,champions,train,light-screen,0,,
bellibolt,champions,train,reflect,0,,
bellibolt,champions,train,rest,0,,
bellibolt,champions,train,substitute,0,,
bellibolt,champions,train,flail,0,,
bellibolt,champions,train,protect,0,,
bellibolt,champions,train,mud-slap,0,,
bellibolt,champions,train,zap-cannon,0,,
bellibolt,champions,train,endure,0,,
bellibolt,champions,train,sleep-talk,0,,
bellibolt,champions,train,rain-dance,0,,
bellibolt,champions,train,charge,0,,
bellibolt,champions,train,slack-off,0,,
bellibolt,champions,train,hyper-voice,0,,
bellibolt,champions,train,weather-ball,0,,
bellibolt,champions,train,muddy-water,0,,
bellibolt,champions,train,mud-shot,0,,
bellibolt,champions,train,water-pulse,0,,
bellibolt,champions,train,sucker-punch,0,,
bellibolt,champions,train,giga-impact,0,,
bellibolt,champions,train,discharge,0,,
bellibolt,champions,train,charge-beam,0,,
bellibolt,champions,train,electro-ball,0,,
bellibolt,champions,train,soak,0,,
bellibolt,champions,train,acid-spray,0,,
bellibolt,champions,train,volt-switch,0,,
bellibolt,champions,train,electroweb,0,,
bellibolt,champions,train,wild-charge,0,,
bellibolt,champions,train,parabolic-charge,0,,
bellibolt,champions,train,eerie-impulse,0,,
bellibolt,champions,train,electric-terrain,0,,
bellibolt,champions,train,chilling-water,0,,
bellibolt,champions,train,supercell-slam,0,,
scovillain,champions,train,bite,0,,
scovillain,champions,train,flamethrower,0,,
scovillain,champions,train,hyper-beam,0,,
scovillain,champions,train,leech-seed,0,,
scovillain,champions,train,growth,0,,
scovillain,champions,train,solar-beam,0,,
scovillain,champions,train,fire-spin,0,,
scovillain,champions,train,fire-blast,0,,
scovillain,champions,train,rest,0,,
scovillain,champions,train,super-fang,0,,
scovillain,champions,train,substitute,0,,
scovillain,champions,train,thief,0,,
scovillain,champions,train,protect,0,,
scovillain,champions,train,scary-face,0,,
scovillain,champions,train,sandstorm,0,,
scovillain,champions,train,giga-drain,0,,
scovillain,champions,train,endure,0,,
scovillain,champions,train,swagger,0,,
scovillain,champions,train,sleep-talk,0,,
scovillain,champions,train,sunny-day,0,,
scovillain,champions,train,crunch,0,,
scovillain,champions,train,will-o-wisp,0,,
scovillain,champions,train,facade,0,,
scovillain,champions,train,helping-hand,0,,
scovillain,champions,train,ingrain,0,,
scovillain,champions,train,endeavor,0,,
scovillain,champions,train,overheat,0,,
scovillain,champions,train,bullet-seed,0,,
scovillain,champions,train,worry-seed,0,,
scovillain,champions,train,flare-blitz,0,,
scovillain,champions,train,seed-bomb,0,,
scovillain,champions,train,energy-ball,0,,
scovillain,champions,train,giga-impact,0,,
scovillain,champions,train,thunder-fang,0,,
scovillain,champions,train,fire-fang,0,,
scovillain,champions,train,zen-headbutt,0,,
scovillain,champions,train,leaf-storm,0,,
scovillain,champions,train,grass-knot,0,,
scovillain,champions,train,double-hit,0,,
scovillain,champions,train,rage-powder,0,,
scovillain,champions,train,grassy-terrain,0,,
scovillain,champions,train,stomping-tantrum,0,,
scovillain,champions,train,grassy-glide,0,,
scovillain,champions,train,burning-jealousy,0,,
scovillain,champions,train,lash-out,0,,
scovillain,champions,train,spicy-extract,0,,
scovillain,champions,train,trailblaze,0,,
scovillain,champions,train,temper-flare,0,,
espathra,champions,train,body-slam,0,,
espathra,champions,train,double-edge,0,,
espathra,champions,train,hyper-beam,0,,
espathra,champions,train,drill-peck,0,,
espathra,champions,train,low-kick,0,,
espathra,champions,train,psychic,0,,
espathra,champions,train,hypnosis,0,,
espathra,champions,train,agility,0,,
espathra,champions,train,quick-attack,0,,
espathra,champions,train,night-shade,0,,
espathra,champions,train,confuse-ray,0,,
espathra,champions,train,light-screen,0,,
espathra,champions,train,reflect,0,,
espathra,champions,train,rest,0,,
espathra,champions,train,substitute,0,,
espathra,champions,train,thief,0,,
espathra,champions,train,protect,0,,
espathra,champions,train,mud-slap,0,,
espathra,champions,train,sandstorm,0,,
espathra,champions,train,endure,0,,
espathra,champions,train,sleep-talk,0,,
espathra,champions,train,baton-pass,0,,
espathra,champions,train,rain-dance,0,,
espathra,champions,train,sunny-day,0,,
espathra,champions,train,psych-up,0,,
espathra,champions,train,shadow-ball,0,,
espathra,champions,train,uproar,0,,
espathra,champions,train,facade,0,,
espathra,champions,train,helping-hand,0,,
espathra,champions,train,trick,0,,
espathra,champions,train,skill-swap,0,,
espathra,champions,train,feather-dance,0,,
espathra,champions,train,hyper-voice,0,,
espathra,champions,train,aerial-ace,0,,
espathra,champions,train,calm-mind,0,,
espathra,champions,train,roost,0,,
espathra,champions,train,pluck,0,,
espathra,champions,train,u-turn,0,,
espathra,champions,train,last-resort,0,,
espathra,champions,train,seed-bomb,0,,
espathra,champions,train,energy-ball,0,,
espathra,champions,train,brave-bird,0,,
espathra,champions,train,giga-impact,0,,
espathra,champions,train,zen-headbutt,0,,
espathra,champions,train,flash-cannon,0,,
espathra,champions,train,trick-room,0,,
espathra,champions,train,psyshock,0,,
espathra,champions,train,foul-play,0,,
espathra,champions,train,stored-power,0,,
espathra,champions,train,ally-switch,0,,
espathra,champions,train,hex,0,,
espathra,champions,train,dazzling-gleam,0,,
espathra,champions,train,baby-doll-eyes,0,,
espathra,champions,train,psychic-terrain,0,,
espathra,champions,train,expanding-force,0,,
espathra,champions,train,lumina-crash,0,,
espathra,champions,train,pounce,0,,
tinkaton,champions,train,swords-dance,0,,
tinkaton,champions,train,thunder-wave,0,,
tinkaton,champions,train,screech,0,,
tinkaton,champions,train,light-screen,0,,
tinkaton,champions,train,reflect,0,,
tinkaton,champions,train,rest,0,,
tinkaton,champions,train,rock-slide,0,,
tinkaton,champions,train,substitute,0,,
tinkaton,champions,train,thief,0,,
tinkaton,champions,train,protect,0,,
tinkaton,champions,train,sweet-kiss,0,,
tinkaton,champions,train,endure,0,,
tinkaton,champions,train,sleep-talk,0,,
tinkaton,champions,train,encore,0,,
tinkaton,champions,train,fake-out,0,,
tinkaton,champions,train,flatter,0,,
tinkaton,champions,train,facade,0,,
tinkaton,champions,train,helping-hand,0,,
tinkaton,champions,train,brick-break,0,,
tinkaton,champions,train,knock-off,0,,
tinkaton,champions,train,endeavor,0,,
tinkaton,champions,train,skill-swap,0,,
tinkaton,champions,train,fake-tears,0,,
tinkaton,champions,train,rock-tomb,0,,
tinkaton,champions,train,metal-sound,0,,
tinkaton,champions,train,covet,0,,
tinkaton,champions,train,feint,0,,
tinkaton,champions,train,fling,0,,
tinkaton,champions,train,flash-cannon,0,,
tinkaton,champions,train,stone-edge,0,,
tinkaton,champions,train,stealth-rock,0,,
tinkaton,champions,train,wood-hammer,0,,
tinkaton,champions,train,smack-down,0,,
tinkaton,champions,train,heavy-slam,0,,
tinkaton,champions,train,foul-play,0,,
tinkaton,champions,train,quash,0,,
tinkaton,champions,train,bulldoze,0,,
tinkaton,champions,train,draining-kiss,0,,
tinkaton,champions,train,play-rough,0,,
tinkaton,champions,train,baby-doll-eyes,0,,
tinkaton,champions,train,ice-hammer,0,,
tinkaton,champions,train,brutal-swing,0,,
tinkaton,champions,train,steel-beam,0,,
tinkaton,champions,train,skitter-smack,0,,
tinkaton,champions,train,pounce,0,,
tinkaton,champions,train,gigaton-hammer,0,,
tinkaton,champions,train,hard-press,0,,
palafin-zero,champions,train,ice-punch,0,,
palafin-zero,champions,train,body-slam,0,,
palafin-zero,champions,train,hydro-pump,0,,
palafin-zero,champions,train,surf,0,,
palafin-zero,champions,train,ice-beam,0,,
palafin-zero,champions,train,blizzard,0,,
palafin-zero,champions,train,hyper-beam,0,,
palafin-zero,champions,train,counter,0,,
palafin-zero,champions,train,agility,0,,
palafin-zero,champions,train,haze,0,,
palafin-zero,champions,train,focus-energy,0,,
palafin-zero,champions,train,waterfall,0,,
palafin-zero,champions,train,rest,0,,
palafin-zero,champions,train,substitute,0,,
palafin-zero,champions,train,reversal,0,,
palafin-zero,champions,train,protect,0,,
palafin-zero,champions,train,icy-wind,0,,
palafin-zero,champions,train,outrage,0,,
palafin-zero,champions,train,endure,0,,
palafin-zero,champions,train,charm,0,,
palafin-zero,champions,train,sleep-talk,0,,
palafin-zero,champions,train,encore,0,,
palafin-zero,champions,train,rain-dance,0,,
palafin-zero,champions,train,psych-up,0,,
palafin-zero,champions,train,whirlpool,0,,
palafin-zero,champions,train,facade,0,,
palafin-zero,champions,train,focus-punch,0,,
palafin-zero,champions,train,taunt,0,,
palafin-zero,champions,train,helping-hand,0,,
palafin-zero,champions,train,endeavor,0,,
palafin-zero,champions,train,dive,0,,
palafin-zero,champions,train,hyper-voice,0,,
palafin-zero,champions,train,tickle,0,,
palafin-zero,champions,train,bulk-up,0,,
palafin-zero,champions,train,bounce,0,,
palafin-zero,champions,train,water-pulse,0,,
palafin-zero,champions,train,close-combat,0,,
palafin-zero,champions,train,fling,0,,
palafin-zero,champions,train,aura-sphere,0,,
palafin-zero,champions,train,aqua-tail,0,,
palafin-zero,champions,train,drain-punch,0,,
palafin-zero,champions,train,focus-blast,0,,
palafin-zero,champions,train,giga-impact,0,,
palafin-zero,champions,train,zen-headbutt,0,,
palafin-zero,champions,train,iron-head,0,,
palafin-zero,champions,train,grass-knot,0,,
palafin-zero,champions,train,aqua-jet,0,,
palafin-zero,champions,train,double-hit,0,,
palafin-zero,champions,train,acrobatics,0,,
palafin-zero,champions,train,draining-kiss,0,,
palafin-zero,champions,train,boomburst,0,,
palafin-zero,champions,train,throat-chop,0,,
palafin-zero,champions,train,liquidation,0,,
palafin-zero,champions,train,flip-turn,0,,
palafin-zero,champions,train,wave-crash,0,,
palafin-zero,champions,train,jet-punch,0,,
palafin-zero,champions,train,chilling-water,0,,
palafin-zero,champions,train,hard-press,0,,
orthworm,champions,train,body-slam,0,,
orthworm,champions,train,wrap,0,,
orthworm,champions,train,double-edge,0,,
orthworm,champions,train,hyper-beam,0,,
orthworm,champions,train,earthquake,0,,
orthworm,champions,train,dig,0,,
orthworm,champions,train,rest,0,,
orthworm,champions,train,rock-slide,0,,
orthworm,champions,train,substitute,0,,
orthworm,champions,train,curse,0,,
orthworm,champions,train,protect,0,,
orthworm,champions,train,mud-slap,0,,
orthworm,champions,train,spikes,0,,
orthworm,champions,train,sandstorm,0,,
orthworm,champions,train,endure,0,,
orthworm,champions,train,sleep-talk,0,,
orthworm,champions,train,iron-tail,0,,
orthworm,champions,train,facade,0,,
orthworm,champions,train,helping-hand,0,,
orthworm,champions,train,rock-tomb,0,,
orthworm,champions,train,metal-sound,0,,
orthworm,champions,train,sand-tomb,0,,
orthworm,champions,train,iron-defense,0,,
orthworm,champions,train,mud-shot,0,,
orthworm,champions,train,rock-blast,0,,
orthworm,champions,train,metal-burst,0,,
orthworm,champions,train,earth-power,0,,
orthworm,champions,train,giga-impact,0,,
orthworm,champions,train,flash-cannon,0,,
orthworm,champions,train,iron-head,0,,
orthworm,champions,train,stealth-rock,0,,
orthworm,champions,train,smack-down,0,,
orthworm,champions,train,heavy-slam,0,,
orthworm,champions,train,coil,0,,
orthworm,champions,train,bulldoze,0,,
orthworm,champions,train,high-horsepower,0,,
orthworm,champions,train,stomping-tantrum,0,,
orthworm,champions,train,body-press,0,,
orthworm,champions,train,steel-beam,0,,
orthworm,champions,train,shed-tail,0,,
glimmora,champions,train,hyper-beam,0,,
glimmora,champions,train,solar-beam,0,,
glimmora,champions,train,toxic,0,,
glimmora,champions,train,confuse-ray,0,,
glimmora,champions,train,light-screen,0,,
glimmora,champions,train,reflect,0,,
glimmora,champions,train,self-destruct,0,,
glimmora,champions,train,acid-armor,0,,
glimmora,champions,train,explosion,0,,
glimmora,champions,train,rest,0,,
glimmora,champions,train,rock-slide,0,,
glimmora,champions,train,substitute,0,,
glimmora,champions,train,protect,0,,
glimmora,champions,train,sludge-bomb,0,,
glimmora,champions,train,spikes,0,,
glimmora,champions,train,sandstorm,0,,
glimmora,champions,train,endure,0,,
glimmora,champions,train,sleep-talk,0,,
glimmora,champions,train,rain-dance,0,,
glimmora,champions,train,sunny-day,0,,
glimmora,champions,train,ancient-power,0,,
glimmora,champions,train,memento,0,,
glimmora,champions,train,facade,0,,
glimmora,champions,train,rock-tomb,0,,
glimmora,champions,train,sand-tomb,0,,
glimmora,champions,train,iron-defense,0,,
glimmora,champions,train,mud-shot,0,,
glimmora,champions,train,rock-blast,0,,
glimmora,champions,train,toxic-spikes,0,,
glimmora,champions,train,rock-polish,0,,
glimmora,champions,train,power-gem,0,,
glimmora,champions,train,energy-ball,0,,
glimmora,champions,train,earth-power,0,,
glimmora,champions,train,giga-impact,0,,
glimmora,champions,train,flash-cannon,0,,
glimmora,champions,train,gunk-shot,0,,
glimmora,champions,train,stone-edge,0,,
glimmora,champions,train,stealth-rock,0,,
glimmora,champions,train,venoshock,0,,
glimmora,champions,train,smack-down,0,,
glimmora,champions,train,sludge-wave,0,,
glimmora,champions,train,acid-spray,0,,
glimmora,champions,train,spiky-shield,0,,
glimmora,champions,train,dazzling-gleam,0,,
glimmora,champions,train,meteor-beam,0,,
glimmora,champions,train,mortal-spin,0,,
houndstone,champions,train,double-edge,0,,
houndstone,champions,train,bite,0,,
houndstone,champions,train,roar,0,,
houndstone,champions,train,disable,0,,
houndstone,champions,train,hyper-beam,0,,
houndstone,champions,train,dig,0,,
houndstone,champions,train,night-shade,0,,
houndstone,champions,train,confuse-ray,0,,
houndstone,champions,train,rest,0,,
houndstone,champions,train,substitute,0,,
houndstone,champions,train,thief,0,,
houndstone,champions,train,protect,0,,
houndstone,champions,train,scary-face,0,,
houndstone,champions,train,mud-slap,0,,
houndstone,champions,train,destiny-bond,0,,
houndstone,champions,train,sandstorm,0,,
houndstone,champions,train,endure,0,,
houndstone,champions,train,charm,0,,
houndstone,champions,train,swagger,0,,
houndstone,champions,train,sleep-talk,0,,
houndstone,champions,train,pain-split,0,,
houndstone,champions,train,rain-dance,0,,
houndstone,champions,train,sunny-day,0,,
houndstone,champions,train,crunch,0,,
houndstone,champions,train,shadow-ball,0,,
houndstone,champions,train,uproar,0,,
houndstone,champions,train,will-o-wisp,0,,
houndstone,champions,train,memento,0,,
houndstone,champions,train,facade,0,,
houndstone,champions,train,helping-hand,0,,
houndstone,champions,train,trick,0,,
houndstone,champions,train,yawn,0,,
houndstone,champions,train,endeavor,0,,
houndstone,champions,train,howl,0,,
houndstone,champions,train,mud-shot,0,,
houndstone,champions,train,giga-impact,0,,
houndstone,champions,train,thunder-fang,0,,
houndstone,champions,train,ice-fang,0,,
houndstone,champions,train,fire-fang,0,,
houndstone,champions,train,shadow-sneak,0,,
houndstone,champions,train,zen-headbutt,0,,
houndstone,champions,train,ally-switch,0,,
houndstone,champions,train,hex,0,,
houndstone,champions,train,snarl,0,,
houndstone,champions,train,phantom-force,0,,
houndstone,champions,train,play-rough,0,,
houndstone,champions,train,psychic-fangs,0,,
houndstone,champions,train,stomping-tantrum,0,,
houndstone,champions,train,body-press,0,,
houndstone,champions,train,poltergeist,0,,
houndstone,champions,train,last-respects,0,,
annihilape,champions,train,fire-punch,0,,
annihilape,champions,train,ice-punch,0,,
annihilape,champions,train,thunder-punch,0,,
annihilape,champions,train,body-slam,0,,
annihilape,champions,train,thrash,0,,
annihilape,champions,train,double-edge,0,,
annihilape,champions,train,hyper-beam,0,,
annihilape,champions,train,low-kick,0,,
annihilape,champions,train,counter,0,,
annihilape,champions,train,seismic-toss,0,,
annihilape,champions,train,thunderbolt,0,,
annihilape,champions,train,thunder,0,,
annihilape,champions,train,earthquake,0,,
annihilape,champions,train,dig,0,,
annihilape,champions,train,night-shade,0,,
annihilape,champions,train,screech,0,,
annihilape,champions,train,focus-energy,0,,
annihilape,champions,train,rest,0,,
annihilape,champions,train,rock-slide,0,,
annihilape,champions,train,substitute,0,,
annihilape,champions,train,thief,0,,
annihilape,champions,train,curse,0,,
annihilape,champions,train,reversal,0,,
annihilape,champions,train,spite,0,,
annihilape,champions,train,protect,0,,
annihilape,champions,train,scary-face,0,,
annihilape,champions,train,outrage,0,,
annihilape,champions,train,endure,0,,
annihilape,champions,train,swagger,0,,
annihilape,champions,train,sleep-talk,0,,
annihilape,champions,train,dynamic-punch,0,,
annihilape,champions,train,encore,0,,
annihilape,champions,train,cross-chop,0,,
annihilape,champions,train,rain-dance,0,,
annihilape,champions,train,sunny-day,0,,
annihilape,champions,train,shadow-ball,0,,
annihilape,champions,train,beat-up,0,,
annihilape,champions,train,uproar,0,,
annihilape,champions,train,torment,0,,
annihilape,champions,train,facade,0,,
annihilape,champions,train,focus-punch,0,,
annihilape,champions,train,taunt,0,,
annihilape,champions,train,helping-hand,0,,
annihilape,champions,train,brick-break,0,,
annihilape,champions,train,endeavor,0,,
annihilape,champions,train,overheat,0,,
annihilape,champions,train,rock-tomb,0,,
annihilape,champions,train,shadow-punch,0,,
annihilape,champions,train,bulk-up,0,,
annihilape,champions,train,u-turn,0,,
annihilape,champions,train,close-combat,0,,
annihilape,champions,train,assurance,0,,
annihilape,champions,train,fling,0,,
annihilape,champions,train,poison-jab,0,,
annihilape,champions,train,night-slash,0,,
annihilape,champions,train,seed-bomb,0,,
annihilape,champions,train,drain-punch,0,,
annihilape,champions,train,vacuum-wave,0,,
annihilape,champions,train,focus-blast,0,,
annihilape,champions,train,giga-impact,0,,
annihilape,champions,train,shadow-claw,0,,
annihilape,champions,train,gunk-shot,0,,
annihilape,champions,train,stone-edge,0,,
annihilape,champions,train,stealth-rock,0,,
annihilape,champions,train,smack-down,0,,
annihilape,champions,train,storm-throw,0,,
annihilape,champions,train,low-sweep,0,,
annihilape,champions,train,acrobatics,0,,
annihilape,champions,train,bulldoze,0,,
annihilape,champions,train,phantom-force,0,,
annihilape,champions,train,throat-chop,0,,
annihilape,champions,train,stomping-tantrum,0,,
annihilape,champions,train,lash-out,0,,
annihilape,champions,train,coaching,0,,
annihilape,champions,train,rage-fist,0,,
farigiraf,champions,train,body-slam,0,,
farigiraf,champions,train,double-edge,0,,
farigiraf,champions,train,roar,0,,
farigiraf,champions,train,hyper-beam,0,,
farigiraf,champions,train,low-kick,0,,
farigiraf,champions,train,thunderbolt,0,,
farigiraf,champions,train,thunder-wave,0,,
farigiraf,champions,train,thunder,0,,
farigiraf,champions,train,earthquake,0,,
farigiraf,champions,train,psychic,0,,
farigiraf,champions,train,agility,0,,
farigiraf,champions,train,night-shade,0,,
farigiraf,champions,train,confuse-ray,0,,
farigiraf,champions,train,light-screen,0,,
farigiraf,champions,train,reflect,0,,
farigiraf,champions,train,amnesia,0,,
farigiraf,champions,train,rest,0,,
farigiraf,champions,train,substitute,0,,
farigiraf,champions,train,thief,0,,
farigiraf,champions,train,curse,0,,
farigiraf,champions,train,protect,0,,
farigiraf,champions,train,endure,0,,
farigiraf,champions,train,mean-look,0,,
farigiraf,champions,train,sleep-talk,0,,
farigiraf,champions,train,baton-pass,0,,
farigiraf,champions,train,rain-dance,0,,
farigiraf,champions,train,sunny-day,0,,
farigiraf,champions,train,crunch,0,,
farigiraf,champions,train,mirror-coat,0,,
farigiraf,champions,train,psych-up,0,,
farigiraf,champions,train,shadow-ball,0,,
farigiraf,champions,train,future-sight,0,,
farigiraf,champions,train,beat-up,0,,
farigiraf,champions,train,uproar,0,,
farigiraf,champions,train,facade,0,,
farigiraf,champions,train,helping-hand,0,,
farigiraf,champions,train,trick,0,,
farigiraf,champions,train,wish,0,,
farigiraf,champions,train,endeavor,0,,
farigiraf,champions,train,skill-swap,0,,
farigiraf,champions,train,imprison,0,,
farigiraf,champions,train,hyper-voice,0,,
farigiraf,champions,train,calm-mind,0,,
farigiraf,champions,train,gravity,0,,
farigiraf,champions,train,assurance,0,,
farigiraf,champions,train,power-swap,0,,
farigiraf,champions,train,guard-swap,0,,
farigiraf,champions,train,energy-ball,0,,
farigiraf,champions,train,giga-impact,0,,
farigiraf,champions,train,nasty-plot,0,,
farigiraf,champions,train,zen-headbutt,0,,
farigiraf,champions,train,trick-room,0,,
farigiraf,champions,train,iron-head,0,,
farigiraf,champions,train,grass-knot,0,,
farigiraf,champions,train,charge-beam,0,,
farigiraf,champions,train,double-hit,0,,
farigiraf,champions,train,psyshock,0,,
farigiraf,champions,train,foul-play,0,,
farigiraf,champions,train,stored-power,0,,
farigiraf,champions,train,ally-switch,0,,
farigiraf,champions,train,bulldoze,0,,
farigiraf,champions,train,dazzling-gleam,0,,
farigiraf,champions,train,high-horsepower,0,,
farigiraf,champions,train,psychic-terrain,0,,
farigiraf,champions,train,psychic-fangs,0,,
farigiraf,champions,train,stomping-tantrum,0,,
farigiraf,champions,train,expanding-force,0,,
farigiraf,champions,train,trailblaze,0,,
farigiraf,champions,train,twin-beam,0,,
farigiraf,champions,train,psychic-noise,0,,
kingambit,champions,train,guillotine,0,,
kingambit,champions,train,swords-dance,0,,
kingambit,champions,train,hyper-beam,0,,
kingambit,champions,train,low-kick,0,,
kingambit,champions,train,thunder-wave,0,,
kingambit,champions,train,dig,0,,
kingambit,champions,train,rest,0,,
kingambit,champions,train,substitute,0,,
kingambit,champions,train,thief,0,,
kingambit,champions,train,reversal,0,,
kingambit,champions,train,spite,0,,
kingambit,champions,train,protect,0,,
kingambit,champions,train,scary-face,0,,
kingambit,champions,train,sandstorm,0,,
kingambit,champions,train,endure,0,,
kingambit,champions,train,mean-look,0,,
kingambit,champions,train,sleep-talk,0,,
kingambit,champions,train,rain-dance,0,,
kingambit,champions,train,torment,0,,
kingambit,champions,train,facade,0,,
kingambit,champions,train,taunt,0,,
kingambit,champions,train,brick-break,0,,
kingambit,champions,train,rock-tomb,0,,
kingambit,champions,train,metal-sound,0,,
kingambit,champions,train,aerial-ace,0,,
kingambit,champions,train,iron-defense,0,,
kingambit,champions,train,metal-burst,0,,
kingambit,champions,train,assurance,0,,
kingambit,champions,train,fling,0,,
kingambit,champions,train,sucker-punch,0,,
kingambit,champions,train,poison-jab,0,,
kingambit,champions,train,dark-pulse,0,,
kingambit,champions,train,night-slash,0,,
kingambit,champions,train,air-slash,0,,
kingambit,champions,train,x-scissor,0,,
kingambit,champions,train,focus-blast,0,,
kingambit,champions,train,giga-impact,0,,
kingambit,champions,train,shadow-claw,0,,
kingambit,champions,train,zen-headbutt,0,,
kingambit,champions,train,flash-cannon,0,,
kingambit,champions,train,iron-head,0,,
kingambit,champions,train,stone-edge,0,,
kingambit,champions,train,stealth-rock,0,,
kingambit,champions,train,grass-knot,0,,
kingambit,champions,train,low-sweep,0,,
kingambit,champions,train,foul-play,0,,
kingambit,champions,train,quick-guard,0,,
kingambit,champions,train,snarl,0,,
kingambit,champions,train,throat-chop,0,,
kingambit,champions,train,steel-beam,0,,
kingambit,champions,train,lash-out,0,,
kingambit,champions,train,kowtow-cleave,0,,
gholdengo,champions,train,thunder-punch,0,,
gholdengo,champions,train,surf,0,,
gholdengo,champions,train,hyper-beam,0,,
gholdengo,champions,train,low-kick,0,,
gholdengo,champions,train,thunderbolt,0,,
gholdengo,champions,train,thunder,0,,
gholdengo,champions,train,psychic,0,,
gholdengo,champions,train,night-shade,0,,
gholdengo,champions,train,recover,0,,
gholdengo,champions,train,confuse-ray,0,,
gholdengo,champions,train,light-screen,0,,
gholdengo,champions,train,reflect,0,,
gholdengo,champions,train,rest,0,,
gholdengo,champions,train,substitute,0,,
gholdengo,champions,train,thief,0,,
gholdengo,champions,train,protect,0,,
gholdengo,champions,train,sandstorm,0,,
gholdengo,champions,train,endure,0,,
gholdengo,champions,train,sleep-talk,0,,
gholdengo,champions,train,shadow-ball,0,,
gholdengo,champions,train,memento,0,,
gholdengo,champions,train,focus-punch,0,,
gholdengo,champions,train,trick,0,,
gholdengo,champions,train,metal-sound,0,,
gholdengo,champions,train,shadow-punch,0,,
gholdengo,champions,train,fling,0,,
gholdengo,champions,train,power-gem,0,,
gholdengo,champions,train,focus-blast,0,,
gholdengo,champions,train,giga-impact,0,,
gholdengo,champions,train,nasty-plot,0,,
gholdengo,champions,train,flash-cannon,0,,
gholdengo,champions,train,iron-head,0,,
gholdengo,champions,train,charge-beam,0,,
gholdengo,champions,train,psyshock,0,,
gholdengo,champions,train,heavy-slam,0,,
gholdengo,champions,train,electro-ball,0,,
gholdengo,champions,train,low-sweep,0,,
gholdengo,champions,train,hex,0,,
gholdengo,champions,train,dazzling-gleam,0,,
gholdengo,champions,train,steel-beam,0,,
gholdengo,champions,train,poltergeist,0,,
gholdengo,champions,train,make-it-rain,0,,
sinistcha,champions,train,hyper-beam,0,,
sinistcha,champions,train,solar-beam,0,,
sinistcha,champions,train,stun-spore,0,,
sinistcha,champions,train,night-shade,0,,
sinistcha,champions,train,reflect,0,,
sinistcha,champions,train,rest,0,,
sinistcha,champions,train,substitute,0,,
sinistcha,champions,train,curse,0,,
sinistcha,champions,train,spite,0,,
sinistcha,champions,train,protect,0,,
sinistcha,champions,train,giga-drain,0,,
sinistcha,champions,train,endure,0,,
sinistcha,champions,train,sleep-talk,0,,
sinistcha,champions,train,pain-split,0,,
sinistcha,champions,train,psych-up,0,,
sinistcha,champions,train,shadow-ball,0,,
sinistcha,champions,train,uproar,0,,
sinistcha,champions,train,memento,0,,
sinistcha,champions,train,imprison,0,,
sinistcha,champions,train,iron-defense,0,,
sinistcha,champions,train,calm-mind,0,,
sinistcha,champions,train,energy-ball,0,,
sinistcha,champions,train,nasty-plot,0,,
sinistcha,champions,train,trick-room,0,,
sinistcha,champions,train,leaf-storm,0,,
sinistcha,champions,train,rage-powder,0,,
sinistcha,champions,train,foul-play,0,,
sinistcha,champions,train,scald,0,,
sinistcha,champions,train,hex,0,,
sinistcha,champions,train,phantom-force,0,,
sinistcha,champions,train,grassy-terrain,0,,
sinistcha,champions,train,strength-sap,0,,
sinistcha,champions,train,life-dew,0,,
sinistcha,champions,train,poltergeist,0,,
sinistcha,champions,train,matcha-gotcha,0,,
archaludon,champions,train,swords-dance,0,,
archaludon,champions,train,body-slam,0,,
archaludon,champions,train,double-edge,0,,
archaludon,champions,train,roar,0,,
archaludon,champions,train,hyper-beam,0,,
archaludon,champions,train,solar-beam,0,,
archaludon,champions,train,thunderbolt,0,,
archaludon,champions,train,thunder-wave,0,,
archaludon,champions,train,thunder,0,,
archaludon,champions,train,earthquake,0,,
archaludon,champions,train,light-screen,0,,
archaludon,champions,train,reflect,0,,
archaludon,champions,train,focus-energy,0,,
archaludon,champions,train,rest,0,,
archaludon,champions,train,rock-slide,0,,
archaludon,champions,train,substitute,0,,
archaludon,champions,train,protect,0,,
archaludon,champions,train,scary-face,0,,
archaludon,champions,train,outrage,0,,
archaludon,champions,train,endure,0,,
archaludon,champions,train,sleep-talk,0,,
archaludon,champions,train,mirror-coat,0,,
archaludon,champions,train,facade,0,,
archaludon,champions,train,brick-break,0,,
archaludon,champions,train,rock-tomb,0,,
archaludon,champions,train,metal-sound,0,,
archaludon,champions,train,iron-defense,0,,
archaludon,champions,train,dragon-claw,0,,
archaludon,champions,train,gyro-ball,0,,
archaludon,champions,train,metal-burst,0,,
archaludon,champions,train,aura-sphere,0,,
archaludon,champions,train,dark-pulse,0,,
archaludon,champions,train,night-slash,0,,
archaludon,champions,train,dragon-pulse,0,,
archaludon,champions,train,giga-impact,0,,
archaludon,champions,train,flash-cannon,0,,
archaludon,champions,train,draco-meteor,0,,
archaludon,champions,train,iron-head,0,,
archaludon,champions,train,stone-edge,0,,
archaludon,champions,train,stealth-rock,0,,
archaludon,champions,train,smack-down,0,,
archaludon,champions,train,heavy-slam,0,,
archaludon,champions,train,foul-play,0,,
archaludon,champions,train,dragon-tail,0,,
archaludon,champions,train,snarl,0,,
archaludon,champions,train,breaking-swipe,0,,
archaludon,champions,train,steel-beam,0,,
archaludon,champions,train,meteor-beam,0,,
archaludon,champions,train,electro-shot,0,,
archaludon,champions,train,hard-press,0,,
archaludon,champions,train,dragon-cheer,0,,
hydrapple,champions,train,body-slam,0,,
hydrapple,champions,train,double-edge,0,,
hydrapple,champions,train,hydro-pump,0,,
hydrapple,champions,train,hyper-beam,0,,
hydrapple,champions,train,growth,0,,
hydrapple,champions,train,solar-beam,0,,
hydrapple,champions,train,earthquake,0,,
hydrapple,champions,train,recover,0,,
hydrapple,champions,train,reflect,0,,
hydrapple,champions,train,rest,0,,
hydrapple,champions,train,substitute,0,,
hydrapple,champions,train,curse,0,,
hydrapple,champions,train,protect,0,,
hydrapple,champions,train,outrage,0,,
hydrapple,champions,train,giga-drain,0,,
hydrapple,champions,train,endure,0,,
hydrapple,champions,train,sleep-talk,0,,
hydrapple,champions,train,sweet-scent,0,,
hydrapple,champions,train,rain-dance,0,,
hydrapple,champions,train,sunny-day,0,,
hydrapple,champions,train,uproar,0,,
hydrapple,champions,train,facade,0,,
hydrapple,champions,train,recycle,0,,
hydrapple,champions,train,yawn,0,,
hydrapple,champions,train,bullet-seed,0,,
hydrapple,champions,train,gyro-ball,0,,
hydrapple,champions,train,sucker-punch,0,,
hydrapple,champions,train,seed-bomb,0,,
hydrapple,champions,train,dragon-pulse,0,,
hydrapple,champions,train,energy-ball,0,,
hydrapple,champions,train,earth-power,0,,
hydrapple,champions,train,giga-impact,0,,
hydrapple,champions,train,nasty-plot,0,,
hydrapple,champions,train,draco-meteor,0,,
hydrapple,champions,train,leaf-storm,0,,
hydrapple,champions,train,power-whip,0,,
hydrapple,champions,train,grass-knot,0,,
hydrapple,champions,train,bug-bite,0,,
hydrapple,champions,train,double-hit,0,,
hydrapple,champions,train,heavy-slam,0,,
hydrapple,champions,train,dragon-tail,0,,
hydrapple,champions,train,grassy-terrain,0,,
hydrapple,champions,train,infestation,0,,
hydrapple,champions,train,pollen-puff,0,,
hydrapple,champions,train,body-press,0,,
hydrapple,champions,train,breaking-swipe,0,,
hydrapple,champions,train,grassy-glide,0,,
hydrapple,champions,train,pounce,0,,
hydrapple,champions,train,syrup-bomb,0,,
hydrapple,champions,train,fickle-beam,0,,
hydrapple,champions,train,dragon-cheer,0,,
rotom-heat,champions,train,thunderbolt,0,,
rotom-heat,champions,train,thunder-wave,0,,
rotom-heat,champions,train,thunder,0,,
rotom-heat,champions,train,night-shade,0,,
rotom-heat,champions,train,double-team,0,,
rotom-heat,champions,train,confuse-ray,0,,
rotom-heat,champions,train,light-screen,0,,
rotom-heat,champions,train,reflect,0,,
rotom-heat,champions,train,rest,0,,
rotom-heat,champions,train,substitute,0,,
rotom-heat,champions,train,thief,0,,
rotom-heat,champions,train,snore,0,,
rotom-heat,champions,train,spite,0,,
rotom-heat,champions,train,protect,0,,
rotom-heat,champions,train,endure,0,,
rotom-heat,champions,train,sleep-talk,0,,
rotom-heat,champions,train,pain-split,0,,
rotom-heat,champions,train,rain-dance,0,,
rotom-heat,champions,train,sunny-day,0,,
rotom-heat,champions,train,shadow-ball,0,,
rotom-heat,champions,train,uproar,0,,
rotom-heat,champions,train,will-o-wisp,0,,
rotom-heat,champions,train,facade,0,,
rotom-heat,champions,train,charge,0,,
rotom-heat,champions,train,helping-hand,0,,
rotom-heat,champions,train,trick,0,,
rotom-heat,champions,train,hyper-voice,0,,
rotom-heat,champions,train,overheat,0,,
rotom-heat,champions,train,dark-pulse,0,,
rotom-heat,champions,train,nasty-plot,0,,
rotom-heat,champions,train,discharge,0,,
rotom-heat,champions,train,charge-beam,0,,
rotom-heat,champions,train,electro-ball,0,,
rotom-heat,champions,train,foul-play,0,,
rotom-heat,champions,train,round,0,,
rotom-heat,champions,train,stored-power,0,,
rotom-heat,champions,train,hex,0,,
rotom-heat,champions,train,volt-switch,0,,
rotom-heat,champions,train,electroweb,0,,
rotom-heat,champions,train,eerie-impulse,0,,
rotom-heat,champions,train,electric-terrain,0,,
rotom-heat,champions,train,rising-voltage,0,,
rotom-heat,champions,train,poltergeist,0,,
rotom-wash,champions,train,hydro-pump,0,,
rotom-wash,champions,train,thunderbolt,0,,
rotom-wash,champions,train,thunder-wave,0,,
rotom-wash,champions,train,thunder,0,,
rotom-wash,champions,train,night-shade,0,,
rotom-wash,champions,train,double-team,0,,
rotom-wash,champions,train,confuse-ray,0,,
rotom-wash,champions,train,light-screen,0,,
rotom-wash,champions,train,reflect,0,,
rotom-wash,champions,train,rest,0,,
rotom-wash,champions,train,substitute,0,,
rotom-wash,champions,train,thief,0,,
rotom-wash,champions,train,snore,0,,
rotom-wash,champions,train,spite,0,,
rotom-wash,champions,train,protect,0,,
rotom-wash,champions,train,endure,0,,
rotom-wash,champions,train,sleep-talk,0,,
rotom-wash,champions,train,pain-split,0,,
rotom-wash,champions,train,rain-dance,0,,
rotom-wash,champions,train,sunny-day,0,,
rotom-wash,champions,train,shadow-ball,0,,
rotom-wash,champions,train,uproar,0,,
rotom-wash,champions,train,will-o-wisp,0,,
rotom-wash,champions,train,facade,0,,
rotom-wash,champions,train,charge,0,,
rotom-wash,champions,train,helping-hand,0,,
rotom-wash,champions,train,trick,0,,
rotom-wash,champions,train,hyper-voice,0,,
rotom-wash,champions,train,dark-pulse,0,,
rotom-wash,champions,train,nasty-plot,0,,
rotom-wash,champions,train,discharge,0,,
rotom-wash,champions,train,charge-beam,0,,
rotom-wash,champions,train,electro-ball,0,,
rotom-wash,champions,train,foul-play,0,,
rotom-wash,champions,train,round,0,,
rotom-wash,champions,train,stored-power,0,,
rotom-wash,champions,train,hex,0,,
rotom-wash,champions,train,volt-switch,0,,
rotom-wash,champions,train,electroweb,0,,
rotom-wash,champions,train,eerie-impulse,0,,
rotom-wash,champions,train,electric-terrain,0,,
rotom-wash,champions,train,rising-voltage,0,,
rotom-wash,champions,train,poltergeist,0,,
rotom-frost,champions,train,blizzard,0,,
rotom-frost,champions,train,thunderbolt,0,,
rotom-frost,champions,train,thunder-wave,0,,
rotom-frost,champions,train,thunder,0,,
rotom-frost,champions,train,night-shade,0,,
rotom-frost,champions,train,double-team,0,,
rotom-frost,champions,train,confuse-ray,0,,
rotom-frost,champions,train,light-screen,0,,
rotom-frost,champions,train,reflect,0,,
rotom-frost,champions,train,rest,0,,
rotom-frost,champions,train,substitute,0,,
rotom-frost,champions,train,thief,0,,
rotom-frost,champions,train,snore,0,,
rotom-frost,champions,train,spite,0,,
rotom-frost,champions,train,protect,0,,
rotom-frost,champions,train,endure,0,,
rotom-frost,champions,train,sleep-talk,0,,
rotom-frost,champions,train,pain-split,0,,
rotom-frost,champions,train,rain-dance,0,,
rotom-frost,champions,train,sunny-day,0,,
rotom-frost,champions,train,shadow-ball,0,,
rotom-frost,champions,train,uproar,0,,
rotom-frost,champions,train,will-o-wisp,0,,
rotom-frost,champions,train,facade,0,,
rotom-frost,champions,train,charge,0,,
rotom-frost,champions,train,helping-hand,0,,
rotom-frost,champions,train,trick,0,,
rotom-frost,champions,train,hyper-voice,0,,
rotom-frost,champions,train,dark-pulse,0,,
rotom-frost,champions,train,nasty-plot,0,,
rotom-frost,champions,train,discharge,0,,
rotom-frost,champions,train,charge-beam,0,,
rotom-frost,champions,train,electro-ball,0,,
rotom-frost,champions,train,foul-play,0,,
rotom-frost,champions,train,round,0,,
rotom-frost,champions,train,stored-power,0,,
rotom-frost,champions,train,hex,0,,
rotom-frost,champions,train,volt-switch,0,,
rotom-frost,champions,train,electroweb,0,,
rotom-frost,champions,train,eerie-impulse,0,,
rotom-frost,champions,train,electric-terrain,0,,
rotom-frost,champions,train,rising-voltage,0,,
rotom-frost,champions,train,poltergeist,0,,
rotom-fan,champions,train,thunderbolt,0,,
rotom-fan,champions,train,thunder-wave,0,,
rotom-fan,champions,train,thunder,0,,
rotom-fan,champions,train,night-shade,0,,
rotom-fan,champions,train,double-team,0,,
rotom-fan,champions,train,confuse-ray,0,,
rotom-fan,champions,train,light-screen,0,,
rotom-fan,champions,train,reflect,0,,
rotom-fan,champions,train,rest,0,,
rotom-fan,champions,train,substitute,0,,
rotom-fan,champions,train,thief,0,,
rotom-fan,champions,train,snore,0,,
rotom-fan,champions,train,spite,0,,
rotom-fan,champions,train,protect,0,,
rotom-fan,champions,train,endure,0,,
rotom-fan,champions,train,sleep-talk,0,,
rotom-fan,champions,train,pain-split,0,,
rotom-fan,champions,train,rain-dance,0,,
rotom-fan,champions,train,sunny-day,0,,
rotom-fan,champions,train,shadow-ball,0,,
rotom-fan,champions,train,uproar,0,,
rotom-fan,champions,train,will-o-wisp,0,,
rotom-fan,champions,train,facade,0,,
rotom-fan,champions,train,charge,0,,
rotom-fan,champions,train,helping-hand,0,,
rotom-fan,champions,train,trick,0,,
rotom-fan,champions,train,hyper-voice,0,,
rotom-fan,champions,train,dark-pulse,0,,
rotom-fan,champions,train,air-slash,0,,
rotom-fan,champions,train,nasty-plot,0,,
rotom-fan,champions,train,discharge,0,,
rotom-fan,champions,train,charge-beam,0,,
rotom-fan,champions,train,electro-ball,0,,
rotom-fan,champions,train,foul-play,0,,
rotom-fan,champions,train,round,0,,
rotom-fan,champions,train,stored-power,0,,
rotom-fan,champions,train,hex,0,,
rotom-fan,champions,train,volt-switch,0,,
rotom-fan,champions,train,electroweb,0,,
rotom-fan,champions,train,eerie-impulse,0,,
rotom-fan,champions,train,electric-terrain,0,,
rotom-fan,champions,train,rising-voltage,0,,
rotom-fan,champions,train,poltergeist,0,,
rotom-mow,champions,train,thunderbolt,0,,
rotom-mow,champions,train,thunder-wave,0,,
rotom-mow,champions,train,thunder,0,,
rotom-mow,champions,train,night-shade,0,,
rotom-mow,champions,train,double-team,0,,
rotom-mow,champions,train,confuse-ray,0,,
rotom-mow,champions,train,light-screen,0,,
rotom-mow,champions,train,reflect,0,,
rotom-mow,champions,train,rest,0,,
rotom-mow,champions,train,substitute,0,,
rotom-mow,champions,train,thief,0,,
rotom-mow,champions,train,snore,0,,
rotom-mow,champions,train,spite,0,,
rotom-mow,champions,train,protect,0,,
rotom-mow,champions,train,endure,0,,
rotom-mow,champions,train,sleep-talk,0,,
rotom-mow,champions,train,pain-split,0,,
rotom-mow,champions,train,rain-dance,0,,
rotom-mow,champions,train,sunny-day,0,,
rotom-mow,champions,train,shadow-ball,0,,
rotom-mow,champions,train,uproar,0,,
rotom-mow,champions,train,will-o-wisp,0,,
rotom-mow,champions,train,facade,0,,
rotom-mow,champions,train,charge,0,,
rotom-mow,champions,train,helping-hand,0,,
rotom-mow,champions,train,trick,0,,
rotom-mow,champions,train,hyper-voice,0,,
rotom-mow,champions,train,dark-pulse,0,,
rotom-mow,champions,train,nasty-plot,0,,
rotom-mow,champions,train,discharge,0,,
rotom-mow,champions,train,leaf-storm,0,,
rotom-mow,champions,train,charge-beam,0,,
rotom-mow,champions,train,electro-ball,0,,
rotom-mow,champions,train,foul-play,0,,
rotom-mow,champions,train,round,0,,
rotom-mow,champions,train,stored-power,0,,
rotom-mow,champions,train,hex,0,,
rotom-mow,champions,train,volt-switch,0,,
rotom-mow,champions,train,electroweb,0,,
rotom-mow,champions,train,eerie-impulse,0,,
rotom-mow,champions,train,electric-terrain,0,,
rotom-mow,champions,train,rising-voltage,0,,
rotom-mow,champions,train,poltergeist,0,,
castform-sunny,champions,train,body-slam,0,,
castform-sunny,champions,train,flamethrower,0,,
castform-sunny,champions,train,hydro-pump,0,,
castform-sunny,champions,train,ice-beam,0,,
castform-sunny,champions,train,blizzard,0,,
castform-sunny,champions,train,solar-beam,0,,
castform-sunny,champions,train,thunderbolt,0,,
castform-sunny,champions,train,thunder-wave,0,,
castform-sunny,champions,train,thunder,0,,
castform-sunny,champions,train,fire-blast,0,,
castform-sunny,champions,train,amnesia,0,,
castform-sunny,champions,train,rest,0,,
castform-sunny,champions,train,substitute,0,,
castform-sunny,champions,train,thief,0,,
castform-sunny,champions,train,snore,0,,
castform-sunny,champions,train,protect,0,,
castform-sunny,champions,train,icy-wind,0,,
castform-sunny,champions,train,sandstorm,0,,
castform-sunny,champions,train,endure,0,,
castform-sunny,champions,train,attract,0,,
castform-sunny,champions,train,sleep-talk,0,,
castform-sunny,champions,train,rain-dance,0,,
castform-sunny,champions,train,sunny-day,0,,
castform-sunny,champions,train,shadow-ball,0,,
castform-sunny,champions,train,future-sight,0,,
castform-sunny,champions,train,facade,0,,
castform-sunny,champions,train,weather-ball,0,,
castform-sunny,champions,train,cosmic-power,0,,
castform-sunny,champions,train,guard-swap,0,,
castform-sunny,champions,train,energy-ball,0,,
castform-sunny,champions,train,avalanche,0,,
castform-sunny,champions,train,round,0,,
castform-sunny,champions,train,scald,0,,
castform-sunny,champions,train,hex,0,,
castform-sunny,champions,train,hurricane,0,,
castform-sunny,champions,train,snowscape,0,,
castform-sunny,champions,train,chilling-water,0,,
castform-rainy,champions,train,body-slam,0,,
castform-rainy,champions,train,flamethrower,0,,
castform-rainy,champions,train,hydro-pump,0,,
castform-rainy,champions,train,ice-beam,0,,
castform-rainy,champions,train,blizzard,0,,
castform-rainy,champions,train,solar-beam,0,,
castform-rainy,champions,train,thunderbolt,0,,
castform-rainy,champions,train,thunder-wave,0,,
castform-rainy,champions,train,thunder,0,,
castform-rainy,champions,train,fire-blast,0,,
castform-rainy,champions,train,amnesia,0,,
castform-rainy,champions,train,rest,0,,
castform-rainy,champions,train,substitute,0,,
castform-rainy,champions,train,thief,0,,
castform-rainy,champions,train,snore,0,,
castform-rainy,champions,train,protect,0,,
castform-rainy,champions,train,icy-wind,0,,
castform-rainy,champions,train,sandstorm,0,,
castform-rainy,champions,train,endure,0,,
castform-rainy,champions,train,attract,0,,
castform-rainy,champions,train,sleep-talk,0,,
castform-rainy,champions,train,rain-dance,0,,
castform-rainy,champions,train,sunny-day,0,,
castform-rainy,champions,train,shadow-ball,0,,
castform-rainy,champions,train,future-sight,0,,
castform-rainy,champions,train,facade,0,,
castform-rainy,champions,train,weather-ball,0,,
castform-rainy,champions,train,cosmic-power,0,,
castform-rainy,champions,train,guard-swap,0,,
castform-rainy,champions,train,energy-ball,0,,
castform-rainy,champions,train,avalanche,0,,
castform-rainy,champions,train,round,0,,
castform-rainy,champions,train,scald,0,,
castform-rainy,champions,train,hex,0,,
castform-rainy,champions,train,hurricane,0,,
castform-rainy,champions,train,snowscape,0,,
castform-rainy,champions,train,chilling-water,0,,
castform-snowy,champions,train,body-slam,0,,
castform-snowy,champions,train,flamethrower,0,,
castform-snowy,champions,train,hydro-pump,0,,
castform-snowy,champions,train,ice-beam,0,,
castform-snowy,champions,train,blizzard,0,,
castform-snowy,champions,train,solar-beam,0,,
castform-snowy,champions,train,thunderbolt,0,,
castform-snowy,champions,train,thunder-wave,0,,
castform-snowy,champions,train,thunder,0,,
castform-snowy,champions,train,fire-blast,0,,
castform-snowy,champions,train,amnesia,0,,
castform-snowy,champions,train,rest,0,,
castform-snowy,champions,train,substitute,0,,
castform-snowy,champions,train,thief,0,,
castform-snowy,champions,train,snore,0,,
castform-snowy,champions,train,protect,0,,
castform-snowy,champions,train,icy-wind,0,,
castform-snowy,champions,train,sandstorm,0,,
castform-snowy,champions,train,endure,0,,
castform-snowy,champions,train,attract,0,,
castform-snowy,champions,train,sleep-talk,0,,
castform-snowy,champions,train,rain-dance,0,,
castform-snowy,champions,train,sunny-day,0,,
castform-snowy,champions,train,shadow-ball,0,,
castform-snowy,champions,train,future-sight,0,,
castform-snowy,champions,train,facade,0,,
castform-snowy,champions,train,weather-ball,0,,
castform-snowy,champions,train,cosmic-power,0,,
castform-snowy,champions,train,guard-swap,0,,
castform-snowy,champions,train,energy-ball,0,,
castform-snowy,champions,train,avalanche,0,,
castform-snowy,champions,train,round,0,,
castform-snowy,champions,train,scald,0,,
castform-snowy,champions,train,hex,0,,
castform-snowy,champions,train,hurricane,0,,
castform-snowy,champions,train,snowscape,0,,
castform-snowy,champions,train,chilling-water,0,,
meowstic-female,champions,train,hyper-beam,0,,
meowstic-female,champions,train,thunderbolt,0,,
meowstic-female,champions,train,thunder-wave,0,,
meowstic-female,champions,train,dig,0,,
meowstic-female,champions,train,psychic,0,,
meowstic-female,champions,train,light-screen,0,,
meowstic-female,champions,train,reflect,0,,
meowstic-female,champions,train,rest,0,,
meowstic-female,champions,train,substitute,0,,
meowstic-female,champions,train,snore,0,,
meowstic-female,champions,train,protect,0,,
meowstic-female,champions,train,endure,0,,
meowstic-female,champions,train,charm,0,,
meowstic-female,champions,train,sleep-talk,0,,
meowstic-female,champions,train,safeguard,0,,
meowstic-female,champions,train,baton-pass,0,,
meowstic-female,champions,train,iron-tail,0,,
meowstic-female,champions,train,rain-dance,0,,
meowstic-female,champions,train,sunny-day,0,,
meowstic-female,champions,train,psych-up,0,,
meowstic-female,champions,train,shadow-ball,0,,
meowstic-female,champions,train,future-sight,0,,
meowstic-female,champions,train,fake-out,0,,
meowstic-female,champions,train,facade,0,,
meowstic-female,champions,train,helping-hand,0,,
meowstic-female,champions,train,trick,0,,
meowstic-female,champions,train,role-play,0,,
meowstic-female,champions,train,yawn,0,,
meowstic-female,champions,train,skill-swap,0,,
meowstic-female,champions,train,fake-tears,0,,
meowstic-female,champions,train,tickle,0,,
meowstic-female,champions,train,extrasensory,0,,
meowstic-female,champions,train,covet,0,,
meowstic-female,champions,train,calm-mind,0,,
meowstic-female,champions,train,gravity,0,,
meowstic-female,champions,train,payback,0,,
meowstic-female,champions,train,sucker-punch,0,,
meowstic-female,champions,train,dark-pulse,0,,
meowstic-female,champions,train,energy-ball,0,,
meowstic-female,champions,train,giga-impact,0,,
meowstic-female,champions,train,nasty-plot,0,,
meowstic-female,champions,train,zen-headbutt,0,,
meowstic-female,champions,train,trick-room,0,,
meowstic-female,champions,train,charge-beam,0,,
meowstic-female,champions,train,wonder-room,0,,
meowstic-female,champions,train,psyshock,0,,
meowstic-female,champions,train,magic-room,0,,
meowstic-female,champions,train,round,0,,
meowstic-female,champions,train,stored-power,0,,
meowstic-female,champions,train,tail-slap,0,,
meowstic-female,champions,train,play-rough,0,,
meowstic-female,champions,train,psychic-terrain,0,,
meowstic-female,champions,train,expanding-force,0,,
meowstic-female,champions,train,trailblaze,0,,
meowstic-female,champions,train,alluring-voice,0,,
meowstic-female,champions,train,psychic-noise,0,,
aegislash-blade,champions,train,swords-dance,0,,
aegislash-blade,champions,train,hyper-beam,0,,
aegislash-blade,champions,train,screech,0,,
aegislash-blade,champions,train,reflect,0,,
aegislash-blade,champions,train,rest,0,,
aegislash-blade,champions,train,rock-slide,0,,
aegislash-blade,champions,train,substitute,0,,
aegislash-blade,champions,train,snore,0,,
aegislash-blade,champions,train,reversal,0,,
aegislash-blade,champions,train,protect,0,,
aegislash-blade,champions,train,destiny-bond,0,,
aegislash-blade,champions,train,endure,0,,
aegislash-blade,champions,train,attract,0,,
aegislash-blade,champions,train,sleep-talk,0,,
aegislash-blade,champions,train,rain-dance,0,,
aegislash-blade,champions,train,sunny-day,0,,
aegislash-blade,champions,train,shadow-ball,0,,
aegislash-blade,champions,train,facade,0,,
aegislash-blade,champions,train,brick-break,0,,
aegislash-blade,champions,train,metal-sound,0,,
aegislash-blade,champions,train,aerial-ace,0,,
aegislash-blade,champions,train,iron-defense,0,,
aegislash-blade,champions,train,block,0,,
aegislash-blade,champions,train,gyro-ball,0,,
aegislash-blade,champions,train,close-combat,0,,
aegislash-blade,champions,train,power-trick,0,,
aegislash-blade,champions,train,night-slash,0,,
aegislash-blade,champions,train,air-slash,0,,
aegislash-blade,champions,train,giga-impact,0,,
aegislash-blade,champions,train,shadow-claw,0,,
aegislash-blade,champions,train,shadow-sneak,0,,
aegislash-blade,champions,train,psycho-cut,0,,
aegislash-blade,champions,train,zen-headbutt,0,,
aegislash-blade,champions,train,flash-cannon,0,,
aegislash-blade,champions,train,iron-head,0,,
aegislash-blade,champions,train,head-smash,0,,
aegislash-blade,champions,train,double-hit,0,,
aegislash-blade,champions,train,wide-guard,0,,
aegislash-blade,champions,train,round,0,,
aegislash-blade,champions,train,sacred-sword,0,,
aegislash-blade,champions,train,kings-shield,0,,
aegislash-blade,champions,train,solar-blade,0,,
aegislash-blade,champions,train,brutal-swing,0,,
aegislash-blade,champions,train,steel-beam,0,,
aegislash-blade,champions,train,poltergeist,0,,
gourgeist-small,champions,train,disable,0,,
gourgeist-small,champions,train,flamethrower,0,,
gourgeist-small,champions,train,hyper-beam,0,,
gourgeist-small,champions,train,leech-seed,0,,
gourgeist-small,champions,train,solar-beam,0,,
gourgeist-small,champions,train,psychic,0,,
gourgeist-small,champions,train,hypnosis,0,,
gourgeist-small,champions,train,confuse-ray,0,,
gourgeist-small,champions,train,light-screen,0,,
gourgeist-small,champions,train,self-destruct,0,,
gourgeist-small,champions,train,fire-blast,0,,
gourgeist-small,champions,train,explosion,0,,
gourgeist-small,champions,train,rest,0,,
gourgeist-small,champions,train,rock-slide,0,,
gourgeist-small,champions,train,substitute,0,,
gourgeist-small,champions,train,thief,0,,
gourgeist-small,champions,train,snore,0,,
gourgeist-small,champions,train,curse,0,,
gourgeist-small,champions,train,protect,0,,
gourgeist-small,champions,train,scary-face,0,,
gourgeist-small,champions,train,sludge-bomb,0,,
gourgeist-small,champions,train,destiny-bond,0,,
gourgeist-small,champions,train,giga-drain,0,,
gourgeist-small,champions,train,endure,0,,
gourgeist-small,champions,train,attract,0,,
gourgeist-small,champions,train,sleep-talk,0,,
gourgeist-small,champions,train,safeguard,0,,
gourgeist-small,champions,train,pain-split,0,,
gourgeist-small,champions,train,sunny-day,0,,
gourgeist-small,champions,train,shadow-ball,0,,
gourgeist-small,champions,train,will-o-wisp,0,,
gourgeist-small,champions,train,facade,0,,
gourgeist-small,champions,train,trick,0,,
gourgeist-small,champions,train,skill-swap,0,,
gourgeist-small,champions,train,imprison,0,,
gourgeist-small,champions,train,bullet-seed,0,,
gourgeist-small,champions,train,gyro-ball,0,,
gourgeist-small,champions,train,worry-seed,0,,
gourgeist-small,champions,train,dark-pulse,0,,
gourgeist-small,champions,train,seed-bomb,0,,
gourgeist-small,champions,train,focus-blast,0,,
gourgeist-small,champions,train,energy-ball,0,,
gourgeist-small,champions,train,giga-impact,0,,
gourgeist-small,champions,train,nasty-plot,0,,
gourgeist-small,champions,train,shadow-sneak,0,,
gourgeist-small,champions,train,trick-room,0,,
gourgeist-small,champions,train,power-whip,0,,
gourgeist-small,champions,train,grass-knot,0,,
gourgeist-small,champions,train,foul-play,0,,
gourgeist-small,champions,train,round,0,,
gourgeist-small,champions,train,ally-switch,0,,
gourgeist-small,champions,train,hex,0,,
gourgeist-small,champions,train,phantom-force,0,,
gourgeist-small,champions,train,trick-or-treat,0,,
gourgeist-small,champions,train,moonblast,0,,
gourgeist-small,champions,train,mystical-fire,0,,
gourgeist-small,champions,train,brutal-swing,0,,
gourgeist-small,champions,train,grassy-glide,0,,
gourgeist-small,champions,train,skitter-smack,0,,
gourgeist-small,champions,train,poltergeist,0,,
gourgeist-large,champions,train,disable,0,,
gourgeist-large,champions,train,flamethrower,0,,
gourgeist-large,champions,train,hyper-beam,0,,
gourgeist-large,champions,train,leech-seed,0,,
gourgeist-large,champions,train,solar-beam,0,,
gourgeist-large,champions,train,psychic,0,,
gourgeist-large,champions,train,hypnosis,0,,
gourgeist-large,champions,train,confuse-ray,0,,
gourgeist-large,champions,train,light-screen,0,,
gourgeist-large,champions,train,self-destruct,0,,
gourgeist-large,champions,train,fire-blast,0,,
gourgeist-large,champions,train,explosion,0,,
gourgeist-large,champions,train,rest,0,,
gourgeist-large,champions,train,rock-slide,0,,
gourgeist-large,champions,train,substitute,0,,
gourgeist-large,champions,train,thief,0,,
gourgeist-large,champions,train,snore,0,,
gourgeist-large,champions,train,curse,0,,
gourgeist-large,champions,train,protect,0,,
gourgeist-large,champions,train,scary-face,0,,
gourgeist-large,champions,train,sludge-bomb,0,,
gourgeist-large,champions,train,destiny-bond,0,,
gourgeist-large,champions,train,giga-drain,0,,
gourgeist-large,champions,train,endure,0,,
gourgeist-large,champions,train,attract,0,,
gourgeist-large,champions,train,sleep-talk,0,,
gourgeist-large,champions,train,safeguard,0,,
gourgeist-large,champions,train,pain-split,0,,
gourgeist-large,champions,train,sunny-day,0,,
gourgeist-large,champions,train,shadow-ball,0,,
gourgeist-large,champions,train,will-o-wisp,0,,
gourgeist-large,champions,train,facade,0,,
gourgeist-large,champions,train,trick,0,,
gourgeist-large,champions,train,skill-swap,0,,
gourgeist-large,champions,train,imprison,0,,
gourgeist-large,champions,train,bullet-seed,0,,
gourgeist-large,champions,train,gyro-ball,0,,
gourgeist-large,champions,train,worry-seed,0,,
gourgeist-large,champions,train,dark-pulse,0,,
gourgeist-large,champions,train,seed-bomb,0,,
gourgeist-large,champions,train,focus-blast,0,,
gourgeist-large,champions,train,energy-ball,0,,
gourgeist-large,champions,train,giga-impact,0,,
gourgeist-large,champions,train,nasty-plot,0,,
gourgeist-large,champions,train,shadow-sneak,0,,
gourgeist-large,champions,train,trick-room,0,,
gourgeist-large,champions,train,power-whip,0,,
gourgeist-large,champions,train,grass-knot,0,,
gourgeist-large,champions,train,foul-play,0,,
gourgeist-large,champions,train,round,0,,
gourgeist-large,champions,train,ally-switch,0,,
gourgeist-large,champions,train,hex,0,,
gourgeist-large,champions,train,phantom-force,0,,
gourgeist-large,champions,train,trick-or-treat,0,,
gourgeist-large,champions,train,moonblast,0,,
gourgeist-large,champions,train,mystical-fire,0,,
gourgeist-large,champions,train,brutal-swing,0,,
gourgeist-large,champions,train,grassy-glide,0,,
gourgeist-large,champions,train,skitter-smack,0,,
gourgeist-large,champions,train,poltergeist,0,,
gourgeist-super,champions,train,disable,0,,
gourgeist-super,champions,train,flamethrower,0,,
gourgeist-super,champions,train,hyper-beam,0,,
gourgeist-super,champions,train,leech-seed,0,,
gourgeist-super,champions,train,solar-beam,0,,
gourgeist-super,champions,train,psychic,0,,
gourgeist-super,champions,train,hypnosis,0,,
gourgeist-super,champions,train,confuse-ray,0,,
gourgeist-super,champions,train,light-screen,0,,
gourgeist-super,champions,train,self-destruct,0,,
gourgeist-super,champions,train,fire-blast,0,,
gourgeist-super,champions,train,explosion,0,,
gourgeist-super,champions,train,rest,0,,
gourgeist-super,champions,train,rock-slide,0,,
gourgeist-super,champions,train,substitute,0,,
gourgeist-super,champions,train,thief,0,,
gourgeist-super,champions,train,snore,0,,
gourgeist-super,champions,train,curse,0,,
gourgeist-super,champions,train,protect,0,,
gourgeist-super,champions,train,scary-face,0,,
gourgeist-super,champions,train,sludge-bomb,0,,
gourgeist-super,champions,train,destiny-bond,0,,
gourgeist-super,champions,train,giga-drain,0,,
gourgeist-super,champions,train,endure,0,,
gourgeist-super,champions,train,attract,0,,
gourgeist-super,champions,train,sleep-talk,0,,
gourgeist-super,champions,train,safeguard,0,,
gourgeist-super,champions,train,pain-split,0,,
gourgeist-super,champions,train,sunny-day,0,,
gourgeist-super,champions,train,shadow-ball,0,,
gourgeist-super,champions,train,will-o-wisp,0,,
gourgeist-super,champions,train,facade,0,,
gourgeist-super,champions,train,trick,0,,
gourgeist-super,champions,train,skill-swap,0,,
gourgeist-super,champions,train,imprison,0,,
gourgeist-super,champions,train,bullet-seed,0,,
gourgeist-super,champions,train,gyro-ball,0,,
gourgeist-super,champions,train,worry-seed,0,,
gourgeist-super,champions,train,dark-pulse,0,,
gourgeist-super,champions,train,seed-bomb,0,,
gourgeist-super,champions,train,focus-blast,0,,
gourgeist-super,champions,train,energy-ball,0,,
gourgeist-super,champions,train,giga-impact,0,,
gourgeist-super,champions,train,nasty-plot,0,,
gourgeist-super,champions,train,shadow-sneak,0,,
gourgeist-super,champions,train,trick-room,0,,
gourgeist-super,champions,train,power-whip,0,,
gourgeist-super,champions,train,grass-knot,0,,
gourgeist-super,champions,train,foul-play,0,,
gourgeist-super,champions,train,round,0,,
gourgeist-super,champions,train,ally-switch,0,,
gourgeist-super,champions,train,hex,0,,
gourgeist-super,champions,train,phantom-force,0,,
gourgeist-super,champions,train,trick-or-treat,0,,
gourgeist-super,champions,train,moonblast,0,,
gourgeist-super,champions,train,mystical-fire,0,,
gourgeist-super,champions,train,brutal-swing,0,,
gourgeist-super,champions,train,grassy-glide,0,,
gourgeist-super,champions,train,skitter-smack,0,,
gourgeist-super,champions,train,poltergeist,0,,
venusaur-mega,champions,train,swords-dance,0,,
venusaur-mega,champions,train,body-slam,0,,
venusaur-mega,champions,train,double-edge,0,,
venusaur-mega,champions,train,roar,0,,
venusaur-mega,champions,train,hyper-beam,0,,
venusaur-mega,champions,train,leech-seed,0,,
venusaur-mega,champions,train,growth,0,,
venusaur-mega,champions,train,solar-beam,0,,
venusaur-mega,champions,train,poison-powder,0,,
venusaur-mega,champions,train,sleep-powder,0,,
venusaur-mega,champions,train,petal-dance,0,,
venusaur-mega,champions,train,earthquake,0,,
venusaur-mega,champions,train,toxic,0,,
venusaur-mega,champions,train,light-screen,0,,
venusaur-mega,champions,train,amnesia,0,,
venusaur-mega,champions,train,rest,0,,
venusaur-mega,champions,train,substitute,0,,
venusaur-mega,champions,train,snore,0,,
venusaur-mega,champions,train,curse,0,,
venusaur-mega,champions,train,protect,0,,
venusaur-mega,champions,train,scary-face,0,,
venusaur-mega,champions,train,sludge-bomb,0,,
venusaur-mega,champions,train,outrage,0,,
venusaur-mega,champions,train,giga-drain,0,,
venusaur-mega,champions,train,endure,0,,
venusaur-mega,champions,train,charm,0,,
venusaur-mega,champions,train,sleep-talk,0,,
venusaur-mega,champions,train,sweet-scent,0,,
venusaur-mega,champions,train,synthesis,0,,
venusaur-mega,champions,train,sunny-day,0,,
venusaur-mega,champions,train,facade,0,,
venusaur-mega,champions,train,helping-hand,0,,
venusaur-mega,champions,train,ingrain,0,,
venusaur-mega,champions,train,knock-off,0,,
venusaur-mega,champions,train,weather-ball,0,,
venusaur-mega,champions,train,bullet-seed,0,,
venusaur-mega,champions,train,frenzy-plant,0,,
venusaur-mega,champions,train,worry-seed,0,,
venusaur-mega,champions,train,poison-jab,0,,
venusaur-mega,champions,train,seed-bomb,0,,
venusaur-mega,champions,train,energy-ball,0,,
venusaur-mega,champions,train,earth-power,0,,
venusaur-mega,champions,train,giga-impact,0,,
venusaur-mega,champions,train,leaf-storm,0,,
venusaur-mega,champions,train,power-whip,0,,
venusaur-mega,champions,train,grass-knot,0,,
venusaur-mega,champions,train,venoshock,0,,
venusaur-mega,champions,train,sludge-wave,0,,
venusaur-mega,champions,train,acid-spray,0,,
venusaur-mega,champions,train,round,0,,
venusaur-mega,champions,train,bulldoze,0,,
venusaur-mega,champions,train,petal-blizzard,0,,
venusaur-mega,champions,train,grassy-terrain,0,,
venusaur-mega,champions,train,stomping-tantrum,0,,
venusaur-mega,champions,train,grassy-glide,0,,
venusaur-mega,champions,train,terrain-pulse,0,,
venusaur-mega,champions,train,trailblaze,0,,
charizard-mega-x,champions,train,fire-punch,0,,
charizard-mega-x,champions,train,thunder-punch,0,,
charizard-mega-x,champions,train,swords-dance,0,,
charizard-mega-x,champions,train,fly,0,,
charizard-mega-x,champions,train,mega-kick,0,,
charizard-mega-x,champions,train,body-slam,0,,
charizard-mega-x,champions,train,double-edge,0,,
charizard-mega-x,champions,train,bite,0,,
charizard-mega-x,champions,train,roar,0,,
charizard-mega-x,champions,train,flamethrower,0,,
charizard-mega-x,champions,train,hyper-beam,0,,
charizard-mega-x,champions,train,counter,0,,
charizard-mega-x,champions,train,solar-beam,0,,
charizard-mega-x,champions,train,fire-spin,0,,
charizard-mega-x,champions,train,earthquake,0,,
charizard-mega-x,champions,train,dig,0,,
charizard-mega-x,champions,train,fire-blast,0,,
charizard-mega-x,champions,train,rest,0,,
charizard-mega-x,champions,train,rock-slide,0,,
charizard-mega-x,champions,train,substitute,0,,
charizard-mega-x,champions,train,snore,0,,
charizard-mega-x,champions,train,protect,0,,
charizard-mega-x,champions,train,scary-face,0,,
charizard-mega-x,champions,train,belly-drum,0,,
charizard-mega-x,champions,train,outrage,0,,
charizard-mega-x,champions,train,sandstorm,0,,
charizard-mega-x,champions,train,endure,0,,
charizard-mega-x,champions,train,steel-wing,0,,
charizard-mega-x,champions,train,sleep-talk,0,,
charizard-mega-x,champions,train,iron-tail,0,,
charizard-mega-x,champions,train,sunny-day,0,,
charizard-mega-x,champions,train,crunch,0,,
charizard-mega-x,champions,train,ancient-power,0,,
charizard-mega-x,champions,train,beat-up,0,,
charizard-mega-x,champions,train,heat-wave,0,,
charizard-mega-x,champions,train,will-o-wisp,0,,
charizard-mega-x,champions,train,facade,0,,
charizard-mega-x,champions,train,focus-punch,0,,
charizard-mega-x,champions,train,helping-hand,0,,
charizard-mega-x,champions,train,brick-break,0,,
charizard-mega-x,champions,train,blast-burn,0,,
charizard-mega-x,champions,train,weather-ball,0,,
charizard-mega-x,champions,train,air-cutter,0,,
charizard-mega-x,champions,train,overheat,0,,
charizard-mega-x,champions,train,rock-tomb,0,,
charizard-mega-x,champions,train,aerial-ace,0,,
charizard-mega-x,champions,train,dragon-claw,0,,
charizard-mega-x,champions,train,dragon-dance,0,,
charizard-mega-x,champions,train,roost,0,,
charizard-mega-x,champions,train,fling,0,,
charizard-mega-x,champions,train,flare-blitz,0,,
charizard-mega-x,champions,train,air-slash,0,,
charizard-mega-x,champions,train,dragon-pulse,0,,
charizard-mega-x,champions,train,dragon-rush,0,,
charizard-mega-x,champions,train,focus-blast,0,,
charizard-mega-x,champions,train,giga-impact,0,,
charizard-mega-x,champions,train,shadow-claw,0,,
charizard-mega-x,champions,train,fire-fang,0,,
charizard-mega-x,champions,train,flame-charge,0,,
charizard-mega-x,champions,train,round,0,,
charizard-mega-x,champions,train,acrobatics,0,,
charizard-mega-x,champions,train,inferno,0,,
charizard-mega-x,champions,train,bulldoze,0,,
charizard-mega-x,champions,train,dragon-tail,0,,
charizard-mega-x,champions,train,heat-crash,0,,
charizard-mega-x,champions,train,hurricane,0,,
charizard-mega-x,champions,train,brutal-swing,0,,
charizard-mega-x,champions,train,breaking-swipe,0,,
charizard-mega-x,champions,train,scale-shot,0,,
charizard-mega-x,champions,train,scorching-sands,0,,
charizard-mega-x,champions,train,dragon-cheer,0,,
charizard-mega-x,champions,train,temper-flare,0,,
charizard-mega-y,champions,train,fire-punch,0,,
charizard-mega-y,champions,train,thunder-punch,0,,
charizard-mega-y,champions,train,swords-dance,0,,
charizard-mega-y,champions,train,fly,0,,
charizard-mega-y,champions,train,mega-kick,0,,
charizard-mega-y,champions,train,body-slam,0,,
charizard-mega-y,champions,train,double-edge,0,,
charizard-mega-y,champions,train,bite,0,,
charizard-mega-y,champions,train,roar,0,,
charizard-mega-y,champions,train,flamethrower,0,,
charizard-mega-y,champions,train,hyper-beam,0,,
charizard-mega-y,champions,train,counter,0,,
charizard-mega-y,champions,train,solar-beam,0,,
charizard-mega-y,champions,train,fire-spin,0,,
charizard-mega-y,champions,train,earthquake,0,,
charizard-mega-y,champions,train,dig,0,,
charizard-mega-y,champions,train,fire-blast,0,,
charizard-mega-y,champions,train,rest,0,,
charizard-mega-y,champions,train,rock-slide,0,,
charizard-mega-y,champions,train,substitute,0,,
charizard-mega-y,champions,train,snore,0,,
charizard-mega-y,champions,train,protect,0,,
charizard-mega-y,champions,train,scary-face,0,,
charizard-mega-y,champions,train,belly-drum,0,,
charizard-mega-y,champions,train,outrage,0,,
charizard-mega-y,champions,train,sandstorm,0,,
charizard-mega-y,champions,train,endure,0,,
charizard-mega-y,champions,train,steel-wing,0,,
charizard-mega-y,champions,train,sleep-talk,0,,
charizard-mega-y,champions,train,iron-tail,0,,
charizard-mega-y,champions,train,sunny-day,0,,
charizard-mega-y,champions,train,crunch,0,,
charizard-mega-y,champions,train,ancient-power,0,,
charizard-mega-y,champions,train,beat-up,0,,
charizard-mega-y,champions,train,heat-wave,0,,
charizard-mega-y,champions,train,will-o-wisp,0,,
charizard-mega-y,champions,train,facade,0,,
charizard-mega-y,champions,train,focus-punch,0,,
charizard-mega-y,champions,train,helping-hand,0,,
charizard-mega-y,champions,train,brick-break,0,,
charizard-mega-y,champions,train,blast-burn,0,,
charizard-mega-y,champions,train,weather-ball,0,,
charizard-mega-y,champions,train,air-cutter,0,,
charizard-mega-y,champions,train,overheat,0,,
charizard-mega-y,champions,train,rock-tomb,0,,
charizard-mega-y,champions,train,aerial-ace,0,,
charizard-mega-y,champions,train,dragon-claw,0,,
charizard-mega-y,champions,train,dragon-dance,0,,
charizard-mega-y,champions,train,roost,0,,
charizard-mega-y,champions,train,fling,0,,
charizard-mega-y,champions,train,flare-blitz,0,,
charizard-mega-y,champions,train,air-slash,0,,
charizard-mega-y,champions,train,dragon-pulse,0,,
charizard-mega-y,champions,train,dragon-rush,0,,
charizard-mega-y,champions,train,focus-blast,0,,
charizard-mega-y,champions,train,giga-impact,0,,
charizard-mega-y,champions,train,shadow-claw,0,,
charizard-mega-y,champions,train,fire-fang,0,,
charizard-mega-y,champions,train,flame-charge,0,,
charizard-mega-y,champions,train,round,0,,
charizard-mega-y,champions,train,acrobatics,0,,
charizard-mega-y,champions,train,inferno,0,,
charizard-mega-y,champions,train,bulldoze,0,,
charizard-mega-y,champions,train,dragon-tail,0,,
charizard-mega-y,champions,train,heat-crash,0,,
charizard-mega-y,champions,train,hurricane,0,,
charizard-mega-y,champions,train,brutal-swing,0,,
charizard-mega-y,champions,train,breaking-swipe,0,,
charizard-mega-y,champions,train,scale-shot,0,,
charizard-mega-y,champions,train,scorching-sands,0,,
charizard-mega-y,champions,train,dragon-cheer,0,,
charizard-mega-y,champions,train,temper-flare,0,,
blastoise-mega,champions,train,ice-punch,0,,
blastoise-mega,champions,train,mega-kick,0,,
blastoise-mega,champions,train,body-slam,0,,
blastoise-mega,champions,train,double-edge,0,,
blastoise-mega,champions,train,bite,0,,
blastoise-mega,champions,train,roar,0,,
blastoise-mega,champions,train,hydro-pump,0,,
blastoise-mega,champions,train,surf,0,,
blastoise-mega,champions,train,ice-beam,0,,
blastoise-mega,champions,train,blizzard,0,,
blastoise-mega,champions,train,hyper-beam,0,,
blastoise-mega,champions,train,earthquake,0,,
blastoise-mega,champions,train,dig,0,,
blastoise-mega,champions,train,haze,0,,
blastoise-mega,champions,train,waterfall,0,,
blastoise-mega,champions,train,rest,0,,
blastoise-mega,champions,train,rock-slide,0,,
blastoise-mega,champions,train,substitute,0,,
blastoise-mega,champions,train,snore,0,,
blastoise-mega,champions,train,flail,0,,
blastoise-mega,champions,train,protect,0,,
blastoise-mega,champions,train,scary-face,0,,
blastoise-mega,champions,train,icy-wind,0,,
blastoise-mega,champions,train,outrage,0,,
blastoise-mega,champions,train,endure,0,,
blastoise-mega,champions,train,sleep-talk,0,,
blastoise-mega,champions,train,rapid-spin,0,,
blastoise-mega,champions,train,iron-tail,0,,
blastoise-mega,champions,train,rain-dance,0,,
blastoise-mega,champions,train,crunch,0,,
blastoise-mega,champions,train,mirror-coat,0,,
blastoise-mega,champions,train,whirlpool,0,,
blastoise-mega,champions,train,fake-out,0,,
blastoise-mega,champions,train,facade,0,,
blastoise-mega,champions,train,focus-punch,0,,
blastoise-mega,champions,train,helping-hand,0,,
blastoise-mega,champions,train,brick-break,0,,
blastoise-mega,champions,train,yawn,0,,
blastoise-mega,champions,train,dive,0,,
blastoise-mega,champions,train,hydro-cannon,0,,
blastoise-mega,champions,train,weather-ball,0,,
blastoise-mega,champions,train,rock-tomb,0,,
blastoise-mega,champions,train,water-spout,0,,
blastoise-mega,champions,train,muddy-water,0,,
blastoise-mega,champions,train,iron-defense,0,,
blastoise-mega,champions,train,mud-shot,0,,
blastoise-mega,champions,train,water-pulse,0,,
blastoise-mega,champions,train,gyro-ball,0,,
blastoise-mega,champions,train,fling,0,,
blastoise-mega,champions,train,aqua-ring,0,,
blastoise-mega,champions,train,aura-sphere,0,,
blastoise-mega,champions,train,dark-pulse,0,,
blastoise-mega,champions,train,aqua-tail,0,,
blastoise-mega,champions,train,dragon-pulse,0,,
blastoise-mega,champions,train,focus-blast,0,,
blastoise-mega,champions,train,giga-impact,0,,
blastoise-mega,champions,train,avalanche,0,,
blastoise-mega,champions,train,zen-headbutt,0,,
blastoise-mega,champions,train,flash-cannon,0,,
blastoise-mega,champions,train,iron-head,0,,
blastoise-mega,champions,train,aqua-jet,0,,
blastoise-mega,champions,train,smack-down,0,,
blastoise-mega,champions,train,round,0,,
blastoise-mega,champions,train,shell-smash,0,,
blastoise-mega,champions,train,bulldoze,0,,
blastoise-mega,champions,train,liquidation,0,,
blastoise-mega,champions,train,body-press,0,,
blastoise-mega,champions,train,life-dew,0,,
blastoise-mega,champions,train,terrain-pulse,0,,
blastoise-mega,champions,train,flip-turn,0,,
blastoise-mega,champions,train,wave-crash,0,,
blastoise-mega,champions,train,ice-spinner,0,,
blastoise-mega,champions,train,chilling-water,0,,
alakazam-mega,champions,train,fire-punch,0,,
alakazam-mega,champions,train,ice-punch,0,,
alakazam-mega,champions,train,thunder-punch,0,,
alakazam-mega,champions,train,mega-kick,0,,
alakazam-mega,champions,train,body-slam,0,,
alakazam-mega,champions,train,disable,0,,
alakazam-mega,champions,train,hyper-beam,0,,
alakazam-mega,champions,train,thunder-wave,0,,
alakazam-mega,champions,train,psychic,0,,
alakazam-mega,champions,train,double-team,0,,
alakazam-mega,champions,train,recover,0,,
alakazam-mega,champions,train,light-screen,0,,
alakazam-mega,champions,train,reflect,0,,
alakazam-mega,champions,train,rest,0,,
alakazam-mega,champions,train,tri-attack,0,,
alakazam-mega,champions,train,substitute,0,,
alakazam-mega,champions,train,thief,0,,
alakazam-mega,champions,train,snore,0,,
alakazam-mega,champions,train,protect,0,,
alakazam-mega,champions,train,endure,0,,
alakazam-mega,champions,train,attract,0,,
alakazam-mega,champions,train,sleep-talk,0,,
alakazam-mega,champions,train,safeguard,0,,
alakazam-mega,champions,train,encore,0,,
alakazam-mega,champions,train,iron-tail,0,,
alakazam-mega,champions,train,rain-dance,0,,
alakazam-mega,champions,train,sunny-day,0,,
alakazam-mega,champions,train,shadow-ball,0,,
alakazam-mega,champions,train,future-sight,0,,
alakazam-mega,champions,train,facade,0,,
alakazam-mega,champions,train,taunt,0,,
alakazam-mega,champions,train,trick,0,,
alakazam-mega,champions,train,role-play,0,,
alakazam-mega,champions,train,skill-swap,0,,
alakazam-mega,champions,train,imprison,0,,
alakazam-mega,champions,train,calm-mind,0,,
alakazam-mega,champions,train,fling,0,,
alakazam-mega,champions,train,power-swap,0,,
alakazam-mega,champions,train,guard-swap,0,,
alakazam-mega,champions,train,drain-punch,0,,
alakazam-mega,champions,train,focus-blast,0,,
alakazam-mega,champions,train,energy-ball,0,,
alakazam-mega,champions,train,giga-impact,0,,
alakazam-mega,champions,train,nasty-plot,0,,
alakazam-mega,champions,train,psycho-cut,0,,
alakazam-mega,champions,train,zen-headbutt,0,,
alakazam-mega,champions,train,trick-room,0,,
alakazam-mega,champions,train,grass-knot,0,,
alakazam-mega,champions,train,guard-split,0,,
alakazam-mega,champions,train,wonder-room,0,,
alakazam-mega,champions,train,psyshock,0,,
alakazam-mega,champions,train,magic-room,0,,
alakazam-mega,champions,train,foul-play,0,,
alakazam-mega,champions,train,round,0,,
alakazam-mega,champions,train,stored-power,0,,
alakazam-mega,champions,train,ally-switch,0,,
alakazam-mega,champions,train,dazzling-gleam,0,,
alakazam-mega,champions,train,psychic-terrain,0,,
alakazam-mega,champions,train,speed-swap,0,,
alakazam-mega,champions,train,expanding-force,0,,
gengar-mega,champions,train,fire-punch,0,,
gengar-mega,champions,train,ice-punch,0,,
gengar-mega,champions,train,thunder-punch,0,,
gengar-mega,champions,train,body-slam,0,,
gengar-mega,champions,train,disable,0,,
gengar-mega,champions,train,hyper-beam,0,,
gengar-mega,champions,train,thunderbolt,0,,
gengar-mega,champions,train,thunder-wave,0,,
gengar-mega,champions,train,thunder,0,,
gengar-mega,champions,train,toxic,0,,
gengar-mega,champions,train,psychic,0,,
gengar-mega,champions,train,hypnosis,0,,
gengar-mega,champions,train,night-shade,0,,
gengar-mega,champions,train,confuse-ray,0,,
gengar-mega,champions,train,haze,0,,
gengar-mega,champions,train,self-destruct,0,,
gengar-mega,champions,train,rest,0,,
gengar-mega,champions,train,substitute,0,,
gengar-mega,champions,train,thief,0,,
gengar-mega,champions,train,snore,0,,
gengar-mega,champions,train,curse,0,,
gengar-mega,champions,train,spite,0,,
gengar-mega,champions,train,protect,0,,
gengar-mega,champions,train,scary-face,0,,
gengar-mega,champions,train,sludge-bomb,0,,
gengar-mega,champions,train,destiny-bond,0,,
gengar-mega,champions,train,perish-song,0,,
gengar-mega,champions,train,icy-wind,0,,
gengar-mega,champions,train,giga-drain,0,,
gengar-mega,champions,train,endure,0,,
gengar-mega,champions,train,mean-look,0,,
gengar-mega,champions,train,sleep-talk,0,,
gengar-mega,champions,train,pain-split,0,,
gengar-mega,champions,train,rain-dance,0,,
gengar-mega,champions,train,sunny-day,0,,
gengar-mega,champions,train,psych-up,0,,
gengar-mega,champions,train,shadow-ball,0,,
gengar-mega,champions,train,will-o-wisp,0,,
gengar-mega,champions,train,facade,0,,
gengar-mega,champions,train,focus-punch,0,,
gengar-mega,champions,train,taunt,0,,
gengar-mega,champions,train,trick,0,,
gengar-mega,champions,train,brick-break,0,,
gengar-mega,champions,train,knock-off,0,,
gengar-mega,champions,train,skill-swap,0,,
gengar-mega,champions,train,imprison,0,,
gengar-mega,champions,train,shadow-punch,0,,
gengar-mega,champions,train,payback,0,,
gengar-mega,champions,train,fling,0,,
gengar-mega,champions,train,sucker-punch,0,,
gengar-mega,champions,train,toxic-spikes,0,,
gengar-mega,champions,train,poison-jab,0,,
gengar-mega,champions,train,dark-pulse,0,,
gengar-mega,champions,train,drain-punch,0,,
gengar-mega,champions,train,focus-blast,0,,
gengar-mega,champions,train,energy-ball,0,,
gengar-mega,champions,train,giga-impact,0,,
gengar-mega,champions,train,nasty-plot,0,,
gengar-mega,champions,train,shadow-claw,0,,
gengar-mega,champions,train,trick-room,0,,
gengar-mega,champions,train,gunk-shot,0,,
gengar-mega,champions,train,wonder-room,0,,
gengar-mega,champions,train,venoshock,0,,
gengar-mega,champions,train,sludge-wave,0,,
gengar-mega,champions,train,acid-spray,0,,
gengar-mega,champions,train,foul-play,0,,
gengar-mega,champions,train,round,0,,
gengar-mega,champions,train,clear-smog,0,,
gengar-mega,champions,train,hex,0,,
gengar-mega,champions,train,reflect-type,0,,
gengar-mega,champions,train,phantom-force,0,,
gengar-mega,champions,train,dazzling-gleam,0,,
gengar-mega,champions,train,skitter-smack,0,,
gengar-mega,champions,train,poltergeist,0,,
gengar-mega,champions,train,corrosive-gas,0,,
gengar-mega,champions,train,psychic-noise,0,,
kangaskhan-mega,champions,train,fire-punch,0,,
kangaskhan-mega,champions,train,ice-punch,0,,
kangaskhan-mega,champions,train,thunder-punch,0,,
kangaskhan-mega,champions,train,mega-kick,0,,
kangaskhan-mega,champions,train,body-slam,0,,
kangaskhan-mega,champions,train,double-edge,0,,
kangaskhan-mega,champions,train,bite,0,,
kangaskhan-mega,champions,train,disable,0,,
kangaskhan-mega,champions,train,flamethrower,0,,
kangaskhan-mega,champions,train,hydro-pump,0,,
kangaskhan-mega,champions,train,surf,0,,
kangaskhan-mega,champions,train,ice-beam,0,,
kangaskhan-mega,champions,train,blizzard,0,,
kangaskhan-mega,champions,train,hyper-beam,0,,
kangaskhan-mega,champions,train,low-kick,0,,
kangaskhan-mega,champions,train,counter,0,,
kangaskhan-mega,champions,train,solar-beam,0,,
kangaskhan-mega,champions,train,thunderbolt,0,,
kangaskhan-mega,champions,train,thunder,0,,
kangaskhan-mega,champions,train,earthquake,0,,
kangaskhan-mega,champions,train,dig,0,,
kangaskhan-mega,champions,train,focus-energy,0,,
kangaskhan-mega,champions,train,fire-blast,0,,
kangaskhan-mega,champions,train,rest,0,,
kangaskhan-mega,champions,train,rock-slide,0,,
kangaskhan-mega,champions,train,substitute,0,,
kangaskhan-mega,champions,train,thief,0,,
kangaskhan-mega,champions,train,snore,0,,
kangaskhan-mega,champions,train,reversal,0,,
kangaskhan-mega,champions,train,protect,0,,
kangaskhan-mega,champions,train,icy-wind,0,,
kangaskhan-mega,champions,train,outrage,0,,
kangaskhan-mega,champions,train,sandstorm,0,,
kangaskhan-mega,champions,train,endure,0,,
kangaskhan-mega,champions,train,attract,0,,
kangaskhan-mega,champions,train,sleep-talk,0,,
kangaskhan-mega,champions,train,safeguard,0,,
kangaskhan-mega,champions,train,dynamic-punch,0,,
kangaskhan-mega,champions,train,iron-tail,0,,
kangaskhan-mega,champions,train,rain-dance,0,,
kangaskhan-mega,champions,train,sunny-day,0,,
kangaskhan-mega,champions,train,crunch,0,,
kangaskhan-mega,champions,train,shadow-ball,0,,
kangaskhan-mega,champions,train,whirlpool,0,,
kangaskhan-mega,champions,train,beat-up,0,,
kangaskhan-mega,champions,train,fake-out,0,,
kangaskhan-mega,champions,train,uproar,0,,
kangaskhan-mega,champions,train,facade,0,,
kangaskhan-mega,champions,train,helping-hand,0,,
kangaskhan-mega,champions,train,brick-break,0,,
kangaskhan-mega,champions,train,endeavor,0,,
kangaskhan-mega,champions,train,rock-tomb,0,,
kangaskhan-mega,champions,train,hammer-arm,0,,
kangaskhan-mega,champions,train,assurance,0,,
kangaskhan-mega,champions,train,fling,0,,
kangaskhan-mega,champions,train,last-resort,0,,
kangaskhan-mega,champions,train,sucker-punch,0,,
kangaskhan-mega,champions,train,drain-punch,0,,
kangaskhan-mega,champions,train,focus-blast,0,,
kangaskhan-mega,champions,train,giga-impact,0,,
kangaskhan-mega,champions,train,avalanche,0,,
kangaskhan-mega,champions,train,shadow-claw,0,,
kangaskhan-mega,champions,train,double-hit,0,,
kangaskhan-mega,champions,train,round,0,,
kangaskhan-mega,champions,train,circle-throw,0,,
kangaskhan-mega,champions,train,bulldoze,0,,
kangaskhan-mega,champions,train,terrain-pulse,0,,
pinsir-mega,champions,train,guillotine,0,,
pinsir-mega,champions,train,swords-dance,0,,
pinsir-mega,champions,train,bind,0,,
pinsir-mega,champions,train,body-slam,0,,
pinsir-mega,champions,train,thrash,0,,
pinsir-mega,champions,train,hyper-beam,0,,
pinsir-mega,champions,train,seismic-toss,0,,
pinsir-mega,champions,train,earthquake,0,,
pinsir-mega,champions,train,dig,0,,
pinsir-mega,champions,train,quick-attack,0,,
pinsir-mega,champions,train,focus-energy,0,,
pinsir-mega,champions,train,rest,0,,
pinsir-mega,champions,train,rock-slide,0,,
pinsir-mega,champions,train,substitute,0,,
pinsir-mega,champions,train,thief,0,,
pinsir-mega,champions,train,snore,0,,
pinsir-mega,champions,train,flail,0,,
pinsir-mega,champions,train,reversal,0,,
pinsir-mega,champions,train,protect,0,,
pinsir-mega,champions,train,detect,0,,
pinsir-mega,champions,train,endure,0,,
pinsir-mega,champions,train,attract,0,,
pinsir-mega,champions,train,sleep-talk,0,,
pinsir-mega,champions,train,rain-dance,0,,
pinsir-mega,champions,train,sunny-day,0,,
pinsir-mega,champions,train,facade,0,,
pinsir-mega,champions,train,helping-hand,0,,
pinsir-mega,champions,train,superpower,0,,
pinsir-mega,champions,train,brick-break,0,,
pinsir-mega,champions,train,rock-tomb,0,,
pinsir-mega,champions,train,aerial-ace,0,,
pinsir-mega,champions,train,iron-defense,0,,
pinsir-mega,champions,train,bulk-up,0,,
pinsir-mega,champions,train,feint,0,,
pinsir-mega,champions,train,close-combat,0,,
pinsir-mega,champions,train,fling,0,,
pinsir-mega,champions,train,x-scissor,0,,
pinsir-mega,champions,train,focus-blast,0,,
pinsir-mega,champions,train,giga-impact,0,,
pinsir-mega,champions,train,stone-edge,0,,
pinsir-mega,champions,train,stealth-rock,0,,
pinsir-mega,champions,train,bug-bite,0,,
pinsir-mega,champions,train,double-hit,0,,
pinsir-mega,champions,train,storm-throw,0,,
pinsir-mega,champions,train,round,0,,
pinsir-mega,champions,train,circle-throw,0,,
pinsir-mega,champions,train,bulldoze,0,,
pinsir-mega,champions,train,high-horsepower,0,,
pinsir-mega,champions,train,throat-chop,0,,
pinsir-mega,champions,train,lunge,0,,
pinsir-mega,champions,train,brutal-swing,0,,
pinsir-mega,champions,train,pounce,0,,
pinsir-mega,champions,train,hard-press,0,,
gyarados-mega,champions,train,body-slam,0,,
gyarados-mega,champions,train,thrash,0,,
gyarados-mega,champions,train,double-edge,0,,
gyarados-mega,champions,train,bite,0,,
gyarados-mega,champions,train,roar,0,,
gyarados-mega,champions,train,flamethrower,0,,
gyarados-mega,champions,train,hydro-pump,0,,
gyarados-mega,champions,train,surf,0,,
gyarados-mega,champions,train,ice-beam,0,,
gyarados-mega,champions,train,blizzard,0,,
gyarados-mega,champions,train,hyper-beam,0,,
gyarados-mega,champions,train,thunderbolt,0,,
gyarados-mega,champions,train,thunder-wave,0,,
gyarados-mega,champions,train,thunder,0,,
gyarados-mega,champions,train,earthquake,0,,
gyarados-mega,champions,train,fire-blast,0,,
gyarados-mega,champions,train,waterfall,0,,
gyarados-mega,champions,train,rest,0,,
gyarados-mega,champions,train,substitute,0,,
gyarados-mega,champions,train,snore,0,,
gyarados-mega,champions,train,flail,0,,
gyarados-mega,champions,train,spite,0,,
gyarados-mega,champions,train,protect,0,,
gyarados-mega,champions,train,scary-face,0,,
gyarados-mega,champions,train,icy-wind,0,,
gyarados-mega,champions,train,outrage,0,,
gyarados-mega,champions,train,sandstorm,0,,
gyarados-mega,champions,train,endure,0,,
gyarados-mega,champions,train,swagger,0,,
gyarados-mega,champions,train,sleep-talk,0,,
gyarados-mega,champions,train,iron-tail,0,,
gyarados-mega,champions,train,rain-dance,0,,
gyarados-mega,champions,train,sunny-day,0,,
gyarados-mega,champions,train,crunch,0,,
gyarados-mega,champions,train,whirlpool,0,,
gyarados-mega,champions,train,uproar,0,,
gyarados-mega,champions,train,facade,0,,
gyarados-mega,champions,train,taunt,0,,
gyarados-mega,champions,train,helping-hand,0,,
gyarados-mega,champions,train,endeavor,0,,
gyarados-mega,champions,train,dive,0,,
gyarados-mega,champions,train,muddy-water,0,,
gyarados-mega,champions,train,bounce,0,,
gyarados-mega,champions,train,dragon-dance,0,,
gyarados-mega,champions,train,water-pulse,0,,
gyarados-mega,champions,train,payback,0,,
gyarados-mega,champions,train,dark-pulse,0,,
gyarados-mega,champions,train,aqua-tail,0,,
gyarados-mega,champions,train,dragon-pulse,0,,
gyarados-mega,champions,train,dragon-rush,0,,
gyarados-mega,champions,train,giga-impact,0,,
gyarados-mega,champions,train,avalanche,0,,
gyarados-mega,champions,train,ice-fang,0,,
gyarados-mega,champions,train,power-whip,0,,
gyarados-mega,champions,train,iron-head,0,,
gyarados-mega,champions,train,stone-edge,0,,
gyarados-mega,champions,train,round,0,,
gyarados-mega,champions,train,scald,0,,
gyarados-mega,champions,train,bulldoze,0,,
gyarados-mega,champions,train,dragon-tail,0,,
gyarados-mega,champions,train,hurricane,0,,
gyarados-mega,champions,train,brutal-swing,0,,
gyarados-mega,champions,train,scale-shot,0,,
gyarados-mega,champions,train,lash-out,0,,
gyarados-mega,champions,train,chilling-water,0,,
gyarados-mega,champions,train,dragon-cheer,0,,
gyarados-mega,champions,train,temper-flare,0,,
aerodactyl-mega,champions,train,whirlwind,0,,
aerodactyl-mega,champions,train,fly,0,,
aerodactyl-mega,champions,train,bite,0,,
aerodactyl-mega,champions,train,roar,0,,
aerodactyl-mega,champions,train,flamethrower,0,,
aerodactyl-mega,champions,train,hyper-beam,0,,
aerodactyl-mega,champions,train,earthquake,0,,
aerodactyl-mega,champions,train,agility,0,,
aerodactyl-mega,champions,train,fire-blast,0,,
aerodactyl-mega,champions,train,sky-attack,0,,
aerodactyl-mega,champions,train,rest,0,,
aerodactyl-mega,champions,train,rock-slide,0,,
aerodactyl-mega,champions,train,substitute,0,,
aerodactyl-mega,champions,train,thief,0,,
aerodactyl-mega,champions,train,snore,0,,
aerodactyl-mega,champions,train,curse,0,,
aerodactyl-mega,champions,train,protect,0,,
aerodactyl-mega,champions,train,scary-face,0,,
aerodactyl-mega,champions,train,sandstorm,0,,
aerodactyl-mega,champions,train,endure,0,,
aerodactyl-mega,champions,train,swagger,0,,
aerodactyl-mega,champions,train,steel-wing,0,,
aerodactyl-mega,champions,train,attract,0,,
aerodactyl-mega,champions,train,sleep-talk,0,,
aerodactyl-mega,champions,train,iron-tail,0,,
aerodactyl-mega,champions,train,rain-dance,0,,
aerodactyl-mega,champions,train,sunny-day,0,,
aerodactyl-mega,champions,train,crunch,0,,
aerodactyl-mega,champions,train,ancient-power,0,,
aerodactyl-mega,champions,train,heat-wave,0,,
aerodactyl-mega,champions,train,facade,0,,
aerodactyl-mega,champions,train,taunt,0,,
aerodactyl-mega,champions,train,rock-tomb,0,,
aerodactyl-mega,champions,train,aerial-ace,0,,
aerodactyl-mega,champions,train,dragon-claw,0,,
aerodactyl-mega,champions,train,dragon-dance,0,,
aerodactyl-mega,champions,train,rock-blast,0,,
aerodactyl-mega,champions,train,roost,0,,
aerodactyl-mega,champions,train,tailwind,0,,
aerodactyl-mega,champions,train,payback,0,,
aerodactyl-mega,champions,train,assurance,0,,
aerodactyl-mega,champions,train,dragon-pulse,0,,
aerodactyl-mega,champions,train,earth-power,0,,
aerodactyl-mega,champions,train,giga-impact,0,,
aerodactyl-mega,champions,train,thunder-fang,0,,
aerodactyl-mega,champions,train,ice-fang,0,,
aerodactyl-mega,champions,train,fire-fang,0,,
aerodactyl-mega,champions,train,iron-head,0,,
aerodactyl-mega,champions,train,stone-edge,0,,
aerodactyl-mega,champions,train,stealth-rock,0,,
aerodactyl-mega,champions,train,wide-guard,0,,
aerodactyl-mega,champions,train,round,0,,
aerodactyl-mega,champions,train,bulldoze,0,,
aerodactyl-mega,champions,train,hurricane,0,,
aerodactyl-mega,champions,train,brutal-swing,0,,
aerodactyl-mega,champions,train,psychic-fangs,0,,
aerodactyl-mega,champions,train,meteor-beam,0,,
aerodactyl-mega,champions,train,dual-wingbeat,0,,
ampharos-mega,champions,train,fire-punch,0,,
ampharos-mega,champions,train,ice-punch,0,,
ampharos-mega,champions,train,thunder-punch,0,,
ampharos-mega,champions,train,mega-kick,0,,
ampharos-mega,champions,train,body-slam,0,,
ampharos-mega,champions,train,double-edge,0,,
ampharos-mega,champions,train,roar,0,,
ampharos-mega,champions,train,hyper-beam,0,,
ampharos-mega,champions,train,low-kick,0,,
ampharos-mega,champions,train,thunderbolt,0,,
ampharos-mega,champions,train,thunder-wave,0,,
ampharos-mega,champions,train,thunder,0,,
ampharos-mega,champions,train,dig,0,,
ampharos-mega,champions,train,agility,0,,
ampharos-mega,champions,train,screech,0,,
ampharos-mega,champions,train,confuse-ray,0,,
ampharos-mega,champions,train,light-screen,0,,
ampharos-mega,champions,train,reflect,0,,
ampharos-mega,champions,train,rest,0,,
ampharos-mega,champions,train,substitute,0,,
ampharos-mega,champions,train,snore,0,,
ampharos-mega,champions,train,cotton-spore,0,,
ampharos-mega,champions,train,protect,0,,
ampharos-mega,champions,train,zap-cannon,0,,
ampharos-mega,champions,train,outrage,0,,
ampharos-mega,champions,train,endure,0,,
ampharos-mega,champions,train,sleep-talk,0,,
ampharos-mega,champions,train,safeguard,0,,
ampharos-mega,champions,train,iron-tail,0,,
ampharos-mega,champions,train,rain-dance,0,,
ampharos-mega,champions,train,sunny-day,0,,
ampharos-mega,champions,train,flatter,0,,
ampharos-mega,champions,train,facade,0,,
ampharos-mega,champions,train,focus-punch,0,,
ampharos-mega,champions,train,charge,0,,
ampharos-mega,champions,train,helping-hand,0,,
ampharos-mega,champions,train,brick-break,0,,
ampharos-mega,champions,train,endeavor,0,,
ampharos-mega,champions,train,fling,0,,
ampharos-mega,champions,train,dragon-pulse,0,,
ampharos-mega,champions,train,power-gem,0,,
ampharos-mega,champions,train,focus-blast,0,,
ampharos-mega,champions,train,giga-impact,0,,
ampharos-mega,champions,train,discharge,0,,
ampharos-mega,champions,train,charge-beam,0,,
ampharos-mega,champions,train,electro-ball,0,,
ampharos-mega,champions,train,after-you,0,,
ampharos-mega,champions,train,round,0,,
ampharos-mega,champions,train,volt-switch,0,,
ampharos-mega,champions,train,bulldoze,0,,
ampharos-mega,champions,train,dragon-tail,0,,
ampharos-mega,champions,train,electroweb,0,,
ampharos-mega,champions,train,wild-charge,0,,
ampharos-mega,champions,train,cotton-guard,0,,
ampharos-mega,champions,train,parabolic-charge,0,,
ampharos-mega,champions,train,eerie-impulse,0,,
ampharos-mega,champions,train,magnetic-flux,0,,
ampharos-mega,champions,train,electric-terrain,0,,
ampharos-mega,champions,train,dazzling-gleam,0,,
ampharos-mega,champions,train,brutal-swing,0,,
ampharos-mega,champions,train,stomping-tantrum,0,,
ampharos-mega,champions,train,breaking-swipe,0,,
ampharos-mega,champions,train,meteor-beam,0,,
ampharos-mega,champions,train,rising-voltage,0,,
ampharos-mega,champions,train,trailblaze,0,,
ampharos-mega,champions,train,dragon-cheer,0,,
ampharos-mega,champions,train,supercell-slam,0,,
scizor-mega,champions,train,swords-dance,0,,
scizor-mega,champions,train,double-edge,0,,
scizor-mega,champions,train,hyper-beam,0,,
scizor-mega,champions,train,counter,0,,
scizor-mega,champions,train,agility,0,,
scizor-mega,champions,train,quick-attack,0,,
scizor-mega,champions,train,double-team,0,,
scizor-mega,champions,train,light-screen,0,,
scizor-mega,champions,train,focus-energy,0,,
scizor-mega,champions,train,rest,0,,
scizor-mega,champions,train,substitute,0,,
scizor-mega,champions,train,thief,0,,
scizor-mega,champions,train,snore,0,,
scizor-mega,champions,train,curse,0,,
scizor-mega,champions,train,reversal,0,,
scizor-mega,champions,train,protect,0,,
scizor-mega,champions,train,scary-face,0,,
scizor-mega,champions,train,sandstorm,0,,
scizor-mega,champions,train,endure,0,,
scizor-mega,champions,train,steel-wing,0,,
scizor-mega,champions,train,sleep-talk,0,,
scizor-mega,champions,train,baton-pass,0,,
scizor-mega,champions,train,rain-dance,0,,
scizor-mega,champions,train,sunny-day,0,,
scizor-mega,champions,train,facade,0,,
scizor-mega,champions,train,helping-hand,0,,
scizor-mega,champions,train,superpower,0,,
scizor-mega,champions,train,brick-break,0,,
scizor-mega,champions,train,knock-off,0,,
scizor-mega,champions,train,air-cutter,0,,
scizor-mega,champions,train,aerial-ace,0,,
scizor-mega,champions,train,iron-defense,0,,
scizor-mega,champions,train,roost,0,,
scizor-mega,champions,train,feint,0,,
scizor-mega,champions,train,tailwind,0,,
scizor-mega,champions,train,u-turn,0,,
scizor-mega,champions,train,close-combat,0,,
scizor-mega,champions,train,assurance,0,,
scizor-mega,champions,train,fling,0,,
scizor-mega,champions,train,night-slash,0,,
scizor-mega,champions,train,air-slash,0,,
scizor-mega,champions,train,x-scissor,0,,
scizor-mega,champions,train,bug-buzz,0,,
scizor-mega,champions,train,vacuum-wave,0,,
scizor-mega,champions,train,giga-impact,0,,
scizor-mega,champions,train,bullet-punch,0,,
scizor-mega,champions,train,psycho-cut,0,,
scizor-mega,champions,train,flash-cannon,0,,
scizor-mega,champions,train,defog,0,,
scizor-mega,champions,train,iron-head,0,,
scizor-mega,champions,train,bug-bite,0,,
scizor-mega,champions,train,double-hit,0,,
scizor-mega,champions,train,round,0,,
scizor-mega,champions,train,quick-guard,0,,
scizor-mega,champions,train,acrobatics,0,,
scizor-mega,champions,train,struggle-bug,0,,
scizor-mega,champions,train,lunge,0,,
scizor-mega,champions,train,brutal-swing,0,,
scizor-mega,champions,train,steel-beam,0,,
scizor-mega,champions,train,skitter-smack,0,,
scizor-mega,champions,train,dual-wingbeat,0,,
scizor-mega,champions,train,pounce,0,,
scizor-mega,champions,train,trailblaze,0,,
scizor-mega,champions,train,hard-press,0,,
heracross-mega,champions,train,swords-dance,0,,
heracross-mega,champions,train,body-slam,0,,
heracross-mega,champions,train,thrash,0,,
heracross-mega,champions,train,double-edge,0,,
heracross-mega,champions,train,pin-missile,0,,
heracross-mega,champions,train,hyper-beam,0,,
heracross-mega,champions,train,low-kick,0,,
heracross-mega,champions,train,counter,0,,
heracross-mega,champions,train,seismic-toss,0,,
heracross-mega,champions,train,earthquake,0,,
heracross-mega,champions,train,dig,0,,
heracross-mega,champions,train,rest,0,,
heracross-mega,champions,train,rock-slide,0,,
heracross-mega,champions,train,substitute,0,,
heracross-mega,champions,train,thief,0,,
heracross-mega,champions,train,snore,0,,
heracross-mega,champions,train,curse,0,,
heracross-mega,champions,train,flail,0,,
heracross-mega,champions,train,reversal,0,,
heracross-mega,champions,train,protect,0,,
heracross-mega,champions,train,spikes,0,,
heracross-mega,champions,train,detect,0,,
heracross-mega,champions,train,endure,0,,
heracross-mega,champions,train,sleep-talk,0,,
heracross-mega,champions,train,megahorn,0,,
heracross-mega,champions,train,rain-dance,0,,
heracross-mega,champions,train,sunny-day,0,,
heracross-mega,champions,train,facade,0,,
heracross-mega,champions,train,focus-punch,0,,
heracross-mega,champions,train,helping-hand,0,,
heracross-mega,champions,train,brick-break,0,,
heracross-mega,champions,train,knock-off,0,,
heracross-mega,champions,train,endeavor,0,,
heracross-mega,champions,train,rock-tomb,0,,
heracross-mega,champions,train,bullet-seed,0,,
heracross-mega,champions,train,aerial-ace,0,,
heracross-mega,champions,train,iron-defense,0,,
heracross-mega,champions,train,bulk-up,0,,
heracross-mega,champions,train,rock-blast,0,,
heracross-mega,champions,train,feint,0,,
heracross-mega,champions,train,close-combat,0,,
heracross-mega,champions,train,assurance,0,,
heracross-mega,champions,train,fling,0,,
heracross-mega,champions,train,night-slash,0,,
heracross-mega,champions,train,bug-buzz,0,,
heracross-mega,champions,train,vacuum-wave,0,,
heracross-mega,champions,train,focus-blast,0,,
heracross-mega,champions,train,giga-impact,0,,
heracross-mega,champions,train,shadow-claw,0,,
heracross-mega,champions,train,stone-edge,0,,
heracross-mega,champions,train,bug-bite,0,,
heracross-mega,champions,train,smack-down,0,,
heracross-mega,champions,train,round,0,,
heracross-mega,champions,train,circle-throw,0,,
heracross-mega,champions,train,struggle-bug,0,,
heracross-mega,champions,train,bulldoze,0,,
heracross-mega,champions,train,high-horsepower,0,,
heracross-mega,champions,train,throat-chop,0,,
heracross-mega,champions,train,lunge,0,,
heracross-mega,champions,train,smart-strike,0,,
heracross-mega,champions,train,brutal-swing,0,,
heracross-mega,champions,train,skitter-smack,0,,
heracross-mega,champions,train,coaching,0,,
heracross-mega,champions,train,pounce,0,,
heracross-mega,champions,train,trailblaze,0,,
heracross-mega,champions,train,upper-hand,0,,
houndoom-mega,champions,train,body-slam,0,,
houndoom-mega,champions,train,double-edge,0,,
houndoom-mega,champions,train,bite,0,,
houndoom-mega,champions,train,roar,0,,
houndoom-mega,champions,train,flamethrower,0,,
houndoom-mega,champions,train,hyper-beam,0,,
houndoom-mega,champions,train,counter,0,,
houndoom-mega,champions,train,solar-beam,0,,
houndoom-mega,champions,train,fire-spin,0,,
houndoom-mega,champions,train,toxic,0,,
houndoom-mega,champions,train,fire-blast,0,,
houndoom-mega,champions,train,rest,0,,
houndoom-mega,champions,train,super-fang,0,,
houndoom-mega,champions,train,substitute,0,,
houndoom-mega,champions,train,thief,0,,
houndoom-mega,champions,train,snore,0,,
houndoom-mega,champions,train,reversal,0,,
houndoom-mega,champions,train,spite,0,,
houndoom-mega,champions,train,protect,0,,
houndoom-mega,champions,train,scary-face,0,,
houndoom-mega,champions,train,sludge-bomb,0,,
houndoom-mega,champions,train,mud-slap,0,,
houndoom-mega,champions,train,destiny-bond,0,,
houndoom-mega,champions,train,endure,0,,
houndoom-mega,champions,train,swagger,0,,
houndoom-mega,champions,train,sleep-talk,0,,
houndoom-mega,champions,train,pain-split,0,,
houndoom-mega,champions,train,iron-tail,0,,
houndoom-mega,champions,train,rain-dance,0,,
houndoom-mega,champions,train,sunny-day,0,,
houndoom-mega,champions,train,crunch,0,,
houndoom-mega,champions,train,shadow-ball,0,,
houndoom-mega,champions,train,beat-up,0,,
houndoom-mega,champions,train,uproar,0,,
houndoom-mega,champions,train,heat-wave,0,,
houndoom-mega,champions,train,torment,0,,
houndoom-mega,champions,train,will-o-wisp,0,,
houndoom-mega,champions,train,facade,0,,
houndoom-mega,champions,train,taunt,0,,
houndoom-mega,champions,train,helping-hand,0,,
houndoom-mega,champions,train,endeavor,0,,
houndoom-mega,champions,train,hyper-voice,0,,
houndoom-mega,champions,train,overheat,0,,
houndoom-mega,champions,train,howl,0,,
houndoom-mega,champions,train,mud-shot,0,,
houndoom-mega,champions,train,feint,0,,
houndoom-mega,champions,train,payback,0,,
houndoom-mega,champions,train,sucker-punch,0,,
houndoom-mega,champions,train,flare-blitz,0,,
houndoom-mega,champions,train,dark-pulse,0,,
houndoom-mega,champions,train,giga-impact,0,,
houndoom-mega,champions,train,nasty-plot,0,,
houndoom-mega,champions,train,thunder-fang,0,,
houndoom-mega,champions,train,fire-fang,0,,
houndoom-mega,champions,train,flame-charge,0,,
houndoom-mega,champions,train,foul-play,0,,
houndoom-mega,champions,train,round,0,,
houndoom-mega,champions,train,inferno,0,,
houndoom-mega,champions,train,snarl,0,,
houndoom-mega,champions,train,throat-chop,0,,
houndoom-mega,champions,train,psychic-fangs,0,,
houndoom-mega,champions,train,burning-jealousy,0,,
houndoom-mega,champions,train,lash-out,0,,
houndoom-mega,champions,train,scorching-sands,0,,
houndoom-mega,champions,train,trailblaze,0,,
houndoom-mega,champions,train,comeuppance,0,,
houndoom-mega,champions,train,temper-flare,0,,
tyranitar-mega,champions,train,fire-punch,0,,
tyranitar-mega,champions,train,ice-punch,0,,
tyranitar-mega,champions,train,thunder-punch,0,,
tyranitar-mega,champions,train,mega-kick,0,,
tyranitar-mega,champions,train,body-slam,0,,
tyranitar-mega,champions,train,thrash,0,,
tyranitar-mega,champions,train,double-edge,0,,
tyranitar-mega,champions,train,bite,0,,
tyranitar-mega,champions,train,roar,0,,
tyranitar-mega,champions,train,flamethrower,0,,
tyranitar-mega,champions,train,hydro-pump,0,,
tyranitar-mega,champions,train,surf,0,,
tyranitar-mega,champions,train,ice-beam,0,,
tyranitar-mega,champions,train,blizzard,0,,
tyranitar-mega,champions,train,hyper-beam,0,,
tyranitar-mega,champions,train,low-kick,0,,
tyranitar-mega,champions,train,thunderbolt,0,,
tyranitar-mega,champions,train,thunder-wave,0,,
tyranitar-mega,champions,train,thunder,0,,
tyranitar-mega,champions,train,earthquake,0,,
tyranitar-mega,champions,train,dig,0,,
tyranitar-mega,champions,train,screech,0,,
tyranitar-mega,champions,train,focus-energy,0,,
tyranitar-mega,champions,train,fire-blast,0,,
tyranitar-mega,champions,train,rest,0,,
tyranitar-mega,champions,train,rock-slide,0,,
tyranitar-mega,champions,train,substitute,0,,
tyranitar-mega,champions,train,snore,0,,
tyranitar-mega,champions,train,curse,0,,
tyranitar-mega,champions,train,spite,0,,
tyranitar-mega,champions,train,protect,0,,
tyranitar-mega,champions,train,scary-face,0,,
tyranitar-mega,champions,train,mud-slap,0,,
tyranitar-mega,champions,train,icy-wind,0,,
tyranitar-mega,champions,train,outrage,0,,
tyranitar-mega,champions,train,sandstorm,0,,
tyranitar-mega,champions,train,endure,0,,
tyranitar-mega,champions,train,swagger,0,,
tyranitar-mega,champions,train,sleep-talk,0,,
tyranitar-mega,champions,train,iron-tail,0,,
tyranitar-mega,champions,train,rain-dance,0,,
tyranitar-mega,champions,train,sunny-day,0,,
tyranitar-mega,champions,train,crunch,0,,
tyranitar-mega,champions,train,ancient-power,0,,
tyranitar-mega,champions,train,uproar,0,,
tyranitar-mega,champions,train,facade,0,,
tyranitar-mega,champions,train,focus-punch,0,,
tyranitar-mega,champions,train,taunt,0,,
tyranitar-mega,champions,train,helping-hand,0,,
tyranitar-mega,champions,train,superpower,0,,
tyranitar-mega,champions,train,brick-break,0,,
tyranitar-mega,champions,train,knock-off,0,,
tyranitar-mega,champions,train,rock-tomb,0,,
tyranitar-mega,champions,train,sand-tomb,0,,
tyranitar-mega,champions,train,muddy-water,0,,
tyranitar-mega,champions,train,aerial-ace,0,,
tyranitar-mega,champions,train,iron-defense,0,,
tyranitar-mega,champions,train,dragon-claw,0,,
tyranitar-mega,champions,train,mud-shot,0,,
tyranitar-mega,champions,train,dragon-dance,0,,
tyranitar-mega,champions,train,rock-blast,0,,
tyranitar-mega,champions,train,payback,0,,
tyranitar-mega,champions,train,assurance,0,,
tyranitar-mega,champions,train,fling,0,,
tyranitar-mega,champions,train,dark-pulse,0,,
tyranitar-mega,champions,train,dragon-pulse,0,,
tyranitar-mega,champions,train,power-gem,0,,
tyranitar-mega,champions,train,focus-blast,0,,
tyranitar-mega,champions,train,earth-power,0,,
tyranitar-mega,champions,train,giga-impact,0,,
tyranitar-mega,champions,train,avalanche,0,,
tyranitar-mega,champions,train,shadow-claw,0,,
tyranitar-mega,champions,train,thunder-fang,0,,
tyranitar-mega,champions,train,ice-fang,0,,
tyranitar-mega,champions,train,fire-fang,0,,
tyranitar-mega,champions,train,iron-head,0,,
tyranitar-mega,champions,train,stone-edge,0,,
tyranitar-mega,champions,train,stealth-rock,0,,
tyranitar-mega,champions,train,smack-down,0,,
tyranitar-mega,champions,train,heavy-slam,0,,
tyranitar-mega,champions,train,foul-play,0,,
tyranitar-mega,champions,train,round,0,,
tyranitar-mega,champions,train,bulldoze,0,,
tyranitar-mega,champions,train,dragon-tail,0,,
tyranitar-mega,champions,train,snarl,0,,
tyranitar-mega,champions,train,high-horsepower,0,,
tyranitar-mega,champions,train,brutal-swing,0,,
tyranitar-mega,champions,train,stomping-tantrum,0,,
tyranitar-mega,champions,train,body-press,0,,
tyranitar-mega,champions,train,breaking-swipe,0,,
tyranitar-mega,champions,train,lash-out,0,,
tyranitar-mega,champions,train,hard-press,0,,
blaziken-mega,champions,train,fire-punch,0,,
blaziken-mega,champions,train,thunder-punch,0,,
blaziken-mega,champions,train,swords-dance,0,,
blaziken-mega,champions,train,mega-kick,0,,
blaziken-mega,champions,train,body-slam,0,,
blaziken-mega,champions,train,double-edge,0,,
blaziken-mega,champions,train,roar,0,,
blaziken-mega,champions,train,flamethrower,0,,
blaziken-mega,champions,train,hyper-beam,0,,
blaziken-mega,champions,train,low-kick,0,,
blaziken-mega,champions,train,counter,0,,
blaziken-mega,champions,train,solar-beam,0,,
blaziken-mega,champions,train,fire-spin,0,,
blaziken-mega,champions,train,earthquake,0,,
blaziken-mega,champions,train,dig,0,,
blaziken-mega,champions,train,agility,0,,
blaziken-mega,champions,train,quick-attack,0,,
blaziken-mega,champions,train,focus-energy,0,,
blaziken-mega,champions,train,fire-blast,0,,
blaziken-mega,champions,train,high-jump-kick,0,,
blaziken-mega,champions,train,rest,0,,
blaziken-mega,champions,train,rock-slide,0,,
blaziken-mega,champions,train,substitute,0,,
blaziken-mega,champions,train,thief,0,,
blaziken-mega,champions,train,snore,0,,
blaziken-mega,champions,train,curse,0,,
blaziken-mega,champions,train,reversal,0,,
blaziken-mega,champions,train,protect,0,,
blaziken-mega,champions,train,mud-slap,0,,
blaziken-mega,champions,train,detect,0,,
blaziken-mega,champions,train,endure,0,,
blaziken-mega,champions,train,sleep-talk,0,,
blaziken-mega,champions,train,baton-pass,0,,
blaziken-mega,champions,train,sunny-day,0,,
blaziken-mega,champions,train,uproar,0,,
blaziken-mega,champions,train,heat-wave,0,,
blaziken-mega,champions,train,will-o-wisp,0,,
blaziken-mega,champions,train,facade,0,,
blaziken-mega,champions,train,focus-punch,0,,
blaziken-mega,champions,train,helping-hand,0,,
blaziken-mega,champions,train,superpower,0,,
blaziken-mega,champions,train,brick-break,0,,
blaziken-mega,champions,train,knock-off,0,,
blaziken-mega,champions,train,feather-dance,0,,
blaziken-mega,champions,train,blaze-kick,0,,
blaziken-mega,champions,train,crush-claw,0,,
blaziken-mega,champions,train,blast-burn,0,,
blaziken-mega,champions,train,overheat,0,,
blaziken-mega,champions,train,rock-tomb,0,,
blaziken-mega,champions,train,aerial-ace,0,,
blaziken-mega,champions,train,bulk-up,0,,
blaziken-mega,champions,train,bounce,0,,
blaziken-mega,champions,train,feint,0,,
blaziken-mega,champions,train,u-turn,0,,
blaziken-mega,champions,train,close-combat,0,,
blaziken-mega,champions,train,assurance,0,,
blaziken-mega,champions,train,fling,0,,
blaziken-mega,champions,train,last-resort,0,,
blaziken-mega,champions,train,flare-blitz,0,,
blaziken-mega,champions,train,aura-sphere,0,,
blaziken-mega,champions,train,poison-jab,0,,
blaziken-mega,champions,train,night-slash,0,,
blaziken-mega,champions,train,vacuum-wave,0,,
blaziken-mega,champions,train,focus-blast,0,,
blaziken-mega,champions,train,brave-bird,0,,
blaziken-mega,champions,train,giga-impact,0,,
blaziken-mega,champions,train,shadow-claw,0,,
blaziken-mega,champions,train,stone-edge,0,,
blaziken-mega,champions,train,flame-charge,0,,
blaziken-mega,champions,train,low-sweep,0,,
blaziken-mega,champions,train,round,0,,
blaziken-mega,champions,train,acrobatics,0,,
blaziken-mega,champions,train,bulldoze,0,,
blaziken-mega,champions,train,heat-crash,0,,
blaziken-mega,champions,train,coaching,0,,
blaziken-mega,champions,train,scorching-sands,0,,
blaziken-mega,champions,train,temper-flare,0,,
blaziken-mega,champions,train,upper-hand,0,,
gardevoir-mega,champions,train,fire-punch,0,,
gardevoir-mega,champions,train,ice-punch,0,,
gardevoir-mega,champions,train,thunder-punch,0,,
gardevoir-mega,champions,train,body-slam,0,,
gardevoir-mega,champions,train,disable,0,,
gardevoir-mega,champions,train,hyper-beam,0,,
gardevoir-mega,champions,train,thunderbolt,0,,
gardevoir-mega,champions,train,thunder-wave,0,,
gardevoir-mega,champions,train,psychic,0,,
gardevoir-mega,champions,train,hypnosis,0,,
gardevoir-mega,champions,train,night-shade,0,,
gardevoir-mega,champions,train,double-team,0,,
gardevoir-mega,champions,train,confuse-ray,0,,
gardevoir-mega,champions,train,light-screen,0,,
gardevoir-mega,champions,train,reflect,0,,
gardevoir-mega,champions,train,rest,0,,
gardevoir-mega,champions,train,substitute,0,,
gardevoir-mega,champions,train,thief,0,,
gardevoir-mega,champions,train,snore,0,,
gardevoir-mega,champions,train,protect,0,,
gardevoir-mega,champions,train,destiny-bond,0,,
gardevoir-mega,champions,train,icy-wind,0,,
gardevoir-mega,champions,train,endure,0,,
gardevoir-mega,champions,train,charm,0,,
gardevoir-mega,champions,train,swagger,0,,
gardevoir-mega,champions,train,mean-look,0,,
gardevoir-mega,champions,train,sleep-talk,0,,
gardevoir-mega,champions,train,safeguard,0,,
gardevoir-mega,champions,train,pain-split,0,,
gardevoir-mega,champions,train,encore,0,,
gardevoir-mega,champions,train,rain-dance,0,,
gardevoir-mega,champions,train,sunny-day,0,,
gardevoir-mega,champions,train,psych-up,0,,
gardevoir-mega,champions,train,shadow-ball,0,,
gardevoir-mega,champions,train,future-sight,0,,
gardevoir-mega,champions,train,will-o-wisp,0,,
gardevoir-mega,champions,train,memento,0,,
gardevoir-mega,champions,train,facade,0,,
gardevoir-mega,champions,train,taunt,0,,
gardevoir-mega,champions,train,helping-hand,0,,
gardevoir-mega,champions,train,trick,0,,
gardevoir-mega,champions,train,wish,0,,
gardevoir-mega,champions,train,knock-off,0,,
gardevoir-mega,champions,train,skill-swap,0,,
gardevoir-mega,champions,train,imprison,0,,
gardevoir-mega,champions,train,hyper-voice,0,,
gardevoir-mega,champions,train,calm-mind,0,,
gardevoir-mega,champions,train,gravity,0,,
gardevoir-mega,champions,train,healing-wish,0,,
gardevoir-mega,champions,train,fling,0,,
gardevoir-mega,champions,train,power-swap,0,,
gardevoir-mega,champions,train,guard-swap,0,,
gardevoir-mega,champions,train,aura-sphere,0,,
gardevoir-mega,champions,train,vacuum-wave,0,,
gardevoir-mega,champions,train,focus-blast,0,,
gardevoir-mega,champions,train,energy-ball,0,,
gardevoir-mega,champions,train,giga-impact,0,,
gardevoir-mega,champions,train,shadow-sneak,0,,
gardevoir-mega,champions,train,zen-headbutt,0,,
gardevoir-mega,champions,train,trick-room,0,,
gardevoir-mega,champions,train,grass-knot,0,,
gardevoir-mega,champions,train,charge-beam,0,,
gardevoir-mega,champions,train,wonder-room,0,,
gardevoir-mega,champions,train,psyshock,0,,
gardevoir-mega,champions,train,magic-room,0,,
gardevoir-mega,champions,train,round,0,,
gardevoir-mega,champions,train,stored-power,0,,
gardevoir-mega,champions,train,heal-pulse,0,,
gardevoir-mega,champions,train,draining-kiss,0,,
gardevoir-mega,champions,train,misty-terrain,0,,
gardevoir-mega,champions,train,moonblast,0,,
gardevoir-mega,champions,train,mystical-fire,0,,
gardevoir-mega,champions,train,dazzling-gleam,0,,
gardevoir-mega,champions,train,psychic-terrain,0,,
gardevoir-mega,champions,train,life-dew,0,,
gardevoir-mega,champions,train,expanding-force,0,,
gardevoir-mega,champions,train,misty-explosion,0,,
gardevoir-mega,champions,train,triple-axel,0,,
gardevoir-mega,champions,train,alluring-voice,0,,
gardevoir-mega,champions,train,psychic-noise,0,,
mawile-mega,champions,train,ice-punch,0,,
mawile-mega,champions,train,thunder-punch,0,,
mawile-mega,champions,train,swords-dance,0,,
mawile-mega,champions,train,mega-kick,0,,
mawile-mega,champions,train,body-slam,0,,
mawile-mega,champions,train,double-edge,0,,
mawile-mega,champions,train,bite,0,,
mawile-mega,champions,train,flamethrower,0,,
mawile-mega,champions,train,ice-beam,0,,
mawile-mega,champions,train,hyper-beam,0,,
mawile-mega,champions,train,seismic-toss,0,,
mawile-mega,champions,train,solar-beam,0,,
mawile-mega,champions,train,fire-blast,0,,
mawile-mega,champions,train,rest,0,,
mawile-mega,champions,train,rock-slide,0,,
mawile-mega,champions,train,substitute,0,,
mawile-mega,champions,train,snore,0,,
mawile-mega,champions,train,protect,0,,
mawile-mega,champions,train,sludge-bomb,0,,
mawile-mega,champions,train,icy-wind,0,,
mawile-mega,champions,train,sandstorm,0,,
mawile-mega,champions,train,endure,0,,
mawile-mega,champions,train,swagger,0,,
mawile-mega,champions,train,attract,0,,
mawile-mega,champions,train,sleep-talk,0,,
mawile-mega,champions,train,dynamic-punch,0,,
mawile-mega,champions,train,baton-pass,0,,
mawile-mega,champions,train,sweet-scent,0,,
mawile-mega,champions,train,rain-dance,0,,
mawile-mega,champions,train,sunny-day,0,,
mawile-mega,champions,train,crunch,0,,
mawile-mega,champions,train,ancient-power,0,,
mawile-mega,champions,train,shadow-ball,0,,
mawile-mega,champions,train,stockpile,0,,
mawile-mega,champions,train,spit-up,0,,
mawile-mega,champions,train,swallow,0,,
mawile-mega,champions,train,facade,0,,
mawile-mega,champions,train,taunt,0,,
mawile-mega,champions,train,helping-hand,0,,
mawile-mega,champions,train,brick-break,0,,
mawile-mega,champions,train,knock-off,0,,
mawile-mega,champions,train,poison-fang,0,,
mawile-mega,champions,train,fake-tears,0,,
mawile-mega,champions,train,rock-tomb,0,,
mawile-mega,champions,train,tickle,0,,
mawile-mega,champions,train,iron-defense,0,,
mawile-mega,champions,train,payback,0,,
mawile-mega,champions,train,assurance,0,,
mawile-mega,champions,train,fling,0,,
mawile-mega,champions,train,guard-swap,0,,
mawile-mega,champions,train,sucker-punch,0,,
mawile-mega,champions,train,dark-pulse,0,,
mawile-mega,champions,train,focus-blast,0,,
mawile-mega,champions,train,giga-impact,0,,
mawile-mega,champions,train,thunder-fang,0,,
mawile-mega,champions,train,ice-fang,0,,
mawile-mega,champions,train,fire-fang,0,,
mawile-mega,champions,train,flash-cannon,0,,
mawile-mega,champions,train,iron-head,0,,
mawile-mega,champions,train,stone-edge,0,,
mawile-mega,champions,train,stealth-rock,0,,
mawile-mega,champions,train,grass-knot,0,,
mawile-mega,champions,train,foul-play,0,,
mawile-mega,champions,train,round,0,,
mawile-mega,champions,train,play-rough,0,,
mawile-mega,champions,train,brutal-swing,0,,
mawile-mega,champions,train,psychic-fangs,0,,
mawile-mega,champions,train,steel-beam,0,,
aggron-mega,champions,train,fire-punch,0,,
aggron-mega,champions,train,ice-punch,0,,
aggron-mega,champions,train,thunder-punch,0,,
aggron-mega,champions,train,mega-kick,0,,
aggron-mega,champions,train,body-slam,0,,
aggron-mega,champions,train,double-edge,0,,
aggron-mega,champions,train,roar,0,,
aggron-mega,champions,train,flamethrower,0,,
aggron-mega,champions,train,hydro-pump,0,,
aggron-mega,champions,train,surf,0,,
aggron-mega,champions,train,ice-beam,0,,
aggron-mega,champions,train,blizzard,0,,
aggron-mega,champions,train,hyper-beam,0,,
aggron-mega,champions,train,low-kick,0,,
aggron-mega,champions,train,solar-beam,0,,
aggron-mega,champions,train,thunderbolt,0,,
aggron-mega,champions,train,thunder-wave,0,,
aggron-mega,champions,train,thunder,0,,
aggron-mega,champions,train,earthquake,0,,
aggron-mega,champions,train,dig,0,,
aggron-mega,champions,train,screech,0,,
aggron-mega,champions,train,fire-blast,0,,
aggron-mega,champions,train,rest,0,,
aggron-mega,champions,train,rock-slide,0,,
aggron-mega,champions,train,substitute,0,,
aggron-mega,champions,train,snore,0,,
aggron-mega,champions,train,curse,0,,
aggron-mega,champions,train,reversal,0,,
aggron-mega,champions,train,protect,0,,
aggron-mega,champions,train,scary-face,0,,
aggron-mega,champions,train,mud-slap,0,,
aggron-mega,champions,train,icy-wind,0,,
aggron-mega,champions,train,outrage,0,,
aggron-mega,champions,train,sandstorm,0,,
aggron-mega,champions,train,endure,0,,
aggron-mega,champions,train,swagger,0,,
aggron-mega,champions,train,attract,0,,
aggron-mega,champions,train,sleep-talk,0,,
aggron-mega,champions,train,iron-tail,0,,
aggron-mega,champions,train,rain-dance,0,,
aggron-mega,champions,train,sunny-day,0,,
aggron-mega,champions,train,crunch,0,,
aggron-mega,champions,train,ancient-power,0,,
aggron-mega,champions,train,whirlpool,0,,
aggron-mega,champions,train,uproar,0,,
aggron-mega,champions,train,facade,0,,
aggron-mega,champions,train,taunt,0,,
aggron-mega,champions,train,superpower,0,,
aggron-mega,champions,train,brick-break,0,,
aggron-mega,champions,train,endeavor,0,,
aggron-mega,champions,train,rock-tomb,0,,
aggron-mega,champions,train,metal-sound,0,,
aggron-mega,champions,train,sand-tomb,0,,
aggron-mega,champions,train,iron-defense,0,,
aggron-mega,champions,train,dragon-claw,0,,
aggron-mega,champions,train,rock-blast,0,,
aggron-mega,champions,train,metal-burst,0,,
aggron-mega,champions,train,payback,0,,
aggron-mega,champions,train,fling,0,,
aggron-mega,champions,train,dark-pulse,0,,
aggron-mega,champions,train,dragon-pulse,0,,
aggron-mega,champions,train,dragon-rush,0,,
aggron-mega,champions,train,focus-blast,0,,
aggron-mega,champions,train,earth-power,0,,
aggron-mega,champions,train,giga-impact,0,,
aggron-mega,champions,train,avalanche,0,,
aggron-mega,champions,train,shadow-claw,0,,
aggron-mega,champions,train,flash-cannon,0,,
aggron-mega,champions,train,iron-head,0,,
aggron-mega,champions,train,stone-edge,0,,
aggron-mega,champions,train,stealth-rock,0,,
aggron-mega,champions,train,head-smash,0,,
aggron-mega,champions,train,heavy-slam,0,,
aggron-mega,champions,train,round,0,,
aggron-mega,champions,train,bulldoze,0,,
aggron-mega,champions,train,high-horsepower,0,,
aggron-mega,champions,train,smart-strike,0,,
aggron-mega,champions,train,brutal-swing,0,,
aggron-mega,champions,train,stomping-tantrum,0,,
aggron-mega,champions,train,body-press,0,,
aggron-mega,champions,train,steel-beam,0,,
aggron-mega,champions,train,steel-roller,0,,
aggron-mega,champions,train,meteor-beam,0,,
medicham-mega,champions,train,fire-punch,0,,
medicham-mega,champions,train,ice-punch,0,,
medicham-mega,champions,train,thunder-punch,0,,
medicham-mega,champions,train,mega-kick,0,,
medicham-mega,champions,train,body-slam,0,,
medicham-mega,champions,train,hyper-beam,0,,
medicham-mega,champions,train,low-kick,0,,
medicham-mega,champions,train,counter,0,,
medicham-mega,champions,train,psychic,0,,
medicham-mega,champions,train,agility,0,,
medicham-mega,champions,train,night-shade,0,,
medicham-mega,champions,train,recover,0,,
medicham-mega,champions,train,light-screen,0,,
medicham-mega,champions,train,reflect,0,,
medicham-mega,champions,train,high-jump-kick,0,,
medicham-mega,champions,train,rest,0,,
medicham-mega,champions,train,rock-slide,0,,
medicham-mega,champions,train,substitute,0,,
medicham-mega,champions,train,thief,0,,
medicham-mega,champions,train,snore,0,,
medicham-mega,champions,train,reversal,0,,
medicham-mega,champions,train,protect,0,,
medicham-mega,champions,train,detect,0,,
medicham-mega,champions,train,endure,0,,
medicham-mega,champions,train,sleep-talk,0,,
medicham-mega,champions,train,pain-split,0,,
medicham-mega,champions,train,dynamic-punch,0,,
medicham-mega,champions,train,baton-pass,0,,
medicham-mega,champions,train,rain-dance,0,,
medicham-mega,champions,train,sunny-day,0,,
medicham-mega,champions,train,psych-up,0,,
medicham-mega,champions,train,shadow-ball,0,,
medicham-mega,champions,train,fake-out,0,,
medicham-mega,champions,train,facade,0,,
medicham-mega,champions,train,focus-punch,0,,
medicham-mega,champions,train,taunt,0,,
medicham-mega,champions,train,helping-hand,0,,
medicham-mega,champions,train,trick,0,,
medicham-mega,champions,train,brick-break,0,,
medicham-mega,champions,train,skill-swap,0,,
medicham-mega,champions,train,imprison,0,,
medicham-mega,champions,train,blaze-kick,0,,
medicham-mega,champions,train,rock-tomb,0,,
medicham-mega,champions,train,aerial-ace,0,,
medicham-mega,champions,train,bulk-up,0,,
medicham-mega,champions,train,calm-mind,0,,
medicham-mega,champions,train,gravity,0,,
medicham-mega,champions,train,feint,0,,
medicham-mega,champions,train,acupressure,0,,
medicham-mega,champions,train,close-combat,0,,
medicham-mega,champions,train,fling,0,,
medicham-mega,champions,train,power-trick,0,,
medicham-mega,champions,train,power-swap,0,,
medicham-mega,champions,train,guard-swap,0,,
medicham-mega,champions,train,aura-sphere,0,,
medicham-mega,champions,train,poison-jab,0,,
medicham-mega,champions,train,drain-punch,0,,
medicham-mega,champions,train,vacuum-wave,0,,
medicham-mega,champions,train,focus-blast,0,,
medicham-mega,champions,train,energy-ball,0,,
medicham-mega,champions,train,giga-impact,0,,
medicham-mega,champions,train,bullet-punch,0,,
medicham-mega,champions,train,psycho-cut,0,,
medicham-mega,champions,train,zen-headbutt,0,,
medicham-mega,champions,train,trick-room,0,,
medicham-mega,champions,train,grass-knot,0,,
medicham-mega,champions,train,psyshock,0,,
medicham-mega,champions,train,low-sweep,0,,
medicham-mega,champions,train,round,0,,
medicham-mega,champions,train,stored-power,0,,
medicham-mega,champions,train,quick-guard,0,,
medicham-mega,champions,train,psychic-terrain,0,,
medicham-mega,champions,train,expanding-force,0,,
medicham-mega,champions,train,coaching,0,,
medicham-mega,champions,train,axe-kick,0,,
medicham-mega,champions,train,trailblaze,0,,
medicham-mega,champions,train,upper-hand,0,,
manectric-mega,champions,train,body-slam,0,,
manectric-mega,champions,train,bite,0,,
manectric-mega,champions,train,roar,0,,
manectric-mega,champions,train,flamethrower,0,,
manectric-mega,champions,train,hyper-beam,0,,
manectric-mega,champions,train,thunderbolt,0,,
manectric-mega,champions,train,thunder-wave,0,,
manectric-mega,champions,train,thunder,0,,
manectric-mega,champions,train,agility,0,,
manectric-mega,champions,train,quick-attack,0,,
manectric-mega,champions,train,light-screen,0,,
manectric-mega,champions,train,rest,0,,
manectric-mega,champions,train,substitute,0,,
manectric-mega,champions,train,thief,0,,
manectric-mega,champions,train,snore,0,,
manectric-mega,champions,train,curse,0,,
manectric-mega,champions,train,protect,0,,
manectric-mega,champions,train,scary-face,0,,
manectric-mega,champions,train,endure,0,,
manectric-mega,champions,train,attract,0,,
manectric-mega,champions,train,sleep-talk,0,,
manectric-mega,champions,train,iron-tail,0,,
manectric-mega,champions,train,rain-dance,0,,
manectric-mega,champions,train,crunch,0,,
manectric-mega,champions,train,uproar,0,,
manectric-mega,champions,train,facade,0,,
manectric-mega,champions,train,charge,0,,
manectric-mega,champions,train,hyper-voice,0,,
manectric-mega,champions,train,overheat,0,,
manectric-mega,champions,train,howl,0,,
manectric-mega,champions,train,switcheroo,0,,
manectric-mega,champions,train,giga-impact,0,,
manectric-mega,champions,train,thunder-fang,0,,
manectric-mega,champions,train,ice-fang,0,,
manectric-mega,champions,train,fire-fang,0,,
manectric-mega,champions,train,discharge,0,,
manectric-mega,champions,train,charge-beam,0,,
manectric-mega,champions,train,electro-ball,0,,
manectric-mega,champions,train,round,0,,
manectric-mega,champions,train,volt-switch,0,,
manectric-mega,champions,train,wild-charge,0,,
manectric-mega,champions,train,snarl,0,,
manectric-mega,champions,train,eerie-impulse,0,,
manectric-mega,champions,train,electric-terrain,0,,
manectric-mega,champions,train,psychic-fangs,0,,
manectric-mega,champions,train,rising-voltage,0,,
manectric-mega,champions,train,pounce,0,,
manectric-mega,champions,train,trailblaze,0,,
manectric-mega,champions,train,supercell-slam,0,,
banette-mega,champions,train,swords-dance,0,,
banette-mega,champions,train,disable,0,,
banette-mega,champions,train,hyper-beam,0,,
banette-mega,champions,train,thunderbolt,0,,
banette-mega,champions,train,thunder-wave,0,,
banette-mega,champions,train,thunder,0,,
banette-mega,champions,train,psychic,0,,
banette-mega,champions,train,night-shade,0,,
banette-mega,champions,train,screech,0,,
banette-mega,champions,train,confuse-ray,0,,
banette-mega,champions,train,rest,0,,
banette-mega,champions,train,substitute,0,,
banette-mega,champions,train,thief,0,,
banette-mega,champions,train,snore,0,,
banette-mega,champions,train,curse,0,,
banette-mega,champions,train,spite,0,,
banette-mega,champions,train,protect,0,,
banette-mega,champions,train,scary-face,0,,
banette-mega,champions,train,destiny-bond,0,,
banette-mega,champions,train,icy-wind,0,,
banette-mega,champions,train,endure,0,,
banette-mega,champions,train,swagger,0,,
banette-mega,champions,train,sleep-talk,0,,
banette-mega,champions,train,pain-split,0,,
banette-mega,champions,train,encore,0,,
banette-mega,champions,train,rain-dance,0,,
banette-mega,champions,train,sunny-day,0,,
banette-mega,champions,train,psych-up,0,,
banette-mega,champions,train,shadow-ball,0,,
banette-mega,champions,train,torment,0,,
banette-mega,champions,train,will-o-wisp,0,,
banette-mega,champions,train,facade,0,,
banette-mega,champions,train,taunt,0,,
banette-mega,champions,train,helping-hand,0,,
banette-mega,champions,train,trick,0,,
banette-mega,champions,train,role-play,0,,
banette-mega,champions,train,knock-off,0,,
banette-mega,champions,train,skill-swap,0,,
banette-mega,champions,train,imprison,0,,
banette-mega,champions,train,shadow-punch,0,,
banette-mega,champions,train,calm-mind,0,,
banette-mega,champions,train,payback,0,,
banette-mega,champions,train,fling,0,,
banette-mega,champions,train,sucker-punch,0,,
banette-mega,champions,train,dark-pulse,0,,
banette-mega,champions,train,giga-impact,0,,
banette-mega,champions,train,nasty-plot,0,,
banette-mega,champions,train,shadow-claw,0,,
banette-mega,champions,train,shadow-sneak,0,,
banette-mega,champions,train,zen-headbutt,0,,
banette-mega,champions,train,trick-room,0,,
banette-mega,champions,train,gunk-shot,0,,
banette-mega,champions,train,charge-beam,0,,
banette-mega,champions,train,magic-room,0,,
banette-mega,champions,train,foul-play,0,,
banette-mega,champions,train,round,0,,
banette-mega,champions,train,hex,0,,
banette-mega,champions,train,phantom-force,0,,
banette-mega,champions,train,dazzling-gleam,0,,
banette-mega,champions,train,throat-chop,0,,
banette-mega,champions,train,skitter-smack,0,,
banette-mega,champions,train,burning-jealousy,0,,
banette-mega,champions,train,lash-out,0,,
banette-mega,champions,train,poltergeist,0,,
banette-mega,champions,train,pounce,0,,
banette-mega,champions,train,trailblaze,0,,
absol-mega,champions,train,swords-dance,0,,
absol-mega,champions,train,body-slam,0,,
absol-mega,champions,train,double-edge,0,,
absol-mega,champions,train,bite,0,,
absol-mega,champions,train,flamethrower,0,,
absol-mega,champions,train,ice-beam,0,,
absol-mega,champions,train,blizzard,0,,
absol-mega,champions,train,hyper-beam,0,,
absol-mega,champions,train,thunderbolt,0,,
absol-mega,champions,train,thunder-wave,0,,
absol-mega,champions,train,thunder,0,,
absol-mega,champions,train,quick-attack,0,,
absol-mega,champions,train,double-team,0,,
absol-mega,champions,train,confuse-ray,0,,
absol-mega,champions,train,focus-energy,0,,
absol-mega,champions,train,fire-blast,0,,
absol-mega,champions,train,rest,0,,
absol-mega,champions,train,rock-slide,0,,
absol-mega,champions,train,substitute,0,,
absol-mega,champions,train,thief,0,,
absol-mega,champions,train,snore,0,,
absol-mega,champions,train,curse,0,,
absol-mega,champions,train,protect,0,,
absol-mega,champions,train,perish-song,0,,
absol-mega,champions,train,icy-wind,0,,
absol-mega,champions,train,detect,0,,
absol-mega,champions,train,sandstorm,0,,
absol-mega,champions,train,endure,0,,
absol-mega,champions,train,mean-look,0,,
absol-mega,champions,train,attract,0,,
absol-mega,champions,train,sleep-talk,0,,
absol-mega,champions,train,megahorn,0,,
absol-mega,champions,train,baton-pass,0,,
absol-mega,champions,train,iron-tail,0,,
absol-mega,champions,train,rain-dance,0,,
absol-mega,champions,train,sunny-day,0,,
absol-mega,champions,train,shadow-ball,0,,
absol-mega,champions,train,future-sight,0,,
absol-mega,champions,train,will-o-wisp,0,,
absol-mega,champions,train,facade,0,,
absol-mega,champions,train,taunt,0,,
absol-mega,champions,train,superpower,0,,
absol-mega,champions,train,knock-off,0,,
absol-mega,champions,train,rock-tomb,0,,
absol-mega,champions,train,aerial-ace,0,,
absol-mega,champions,train,bounce,0,,
absol-mega,champions,train,calm-mind,0,,
absol-mega,champions,train,feint,0,,
absol-mega,champions,train,close-combat,0,,
absol-mega,champions,train,payback,0,,
absol-mega,champions,train,assurance,0,,
absol-mega,champions,train,sucker-punch,0,,
absol-mega,champions,train,dark-pulse,0,,
absol-mega,champions,train,night-slash,0,,
absol-mega,champions,train,air-slash,0,,
absol-mega,champions,train,x-scissor,0,,
absol-mega,champions,train,giga-impact,0,,
absol-mega,champions,train,shadow-claw,0,,
absol-mega,champions,train,shadow-sneak,0,,
absol-mega,champions,train,psycho-cut,0,,
absol-mega,champions,train,zen-headbutt,0,,
absol-mega,champions,train,stone-edge,0,,
absol-mega,champions,train,foul-play,0,,
absol-mega,champions,train,round,0,,
absol-mega,champions,train,hex,0,,
absol-mega,champions,train,snarl,0,,
absol-mega,champions,train,phantom-force,0,,
absol-mega,champions,train,play-rough,0,,
absol-mega,champions,train,throat-chop,0,,
absol-mega,champions,train,brutal-swing,0,,
absol-mega,champions,train,trailblaze,0,,
garchomp-mega,champions,train,swords-dance,0,,
garchomp-mega,champions,train,body-slam,0,,
garchomp-mega,champions,train,thrash,0,,
garchomp-mega,champions,train,double-edge,0,,
garchomp-mega,champions,train,bite,0,,
garchomp-mega,champions,train,flamethrower,0,,
garchomp-mega,champions,train,surf,0,,
garchomp-mega,champions,train,hyper-beam,0,,
garchomp-mega,champions,train,earthquake,0,,
garchomp-mega,champions,train,dig,0,,
garchomp-mega,champions,train,fire-blast,0,,
garchomp-mega,champions,train,rest,0,,
garchomp-mega,champions,train,rock-slide,0,,
garchomp-mega,champions,train,substitute,0,,
garchomp-mega,champions,train,snore,0,,
garchomp-mega,champions,train,protect,0,,
garchomp-mega,champions,train,scary-face,0,,
garchomp-mega,champions,train,spikes,0,,
garchomp-mega,champions,train,outrage,0,,
garchomp-mega,champions,train,sandstorm,0,,
garchomp-mega,champions,train,endure,0,,
garchomp-mega,champions,train,sleep-talk,0,,
garchomp-mega,champions,train,iron-tail,0,,
garchomp-mega,champions,train,rain-dance,0,,
garchomp-mega,champions,train,sunny-day,0,,
garchomp-mega,champions,train,crunch,0,,
garchomp-mega,champions,train,facade,0,,
garchomp-mega,champions,train,helping-hand,0,,
garchomp-mega,champions,train,brick-break,0,,
garchomp-mega,champions,train,rock-tomb,0,,
garchomp-mega,champions,train,sand-tomb,0,,
garchomp-mega,champions,train,aerial-ace,0,,
garchomp-mega,champions,train,dragon-claw,0,,
garchomp-mega,champions,train,mud-shot,0,,
garchomp-mega,champions,train,fling,0,,
garchomp-mega,champions,train,poison-jab,0,,
garchomp-mega,champions,train,dragon-pulse,0,,
garchomp-mega,champions,train,dragon-rush,0,,
garchomp-mega,champions,train,power-gem,0,,
garchomp-mega,champions,train,earth-power,0,,
garchomp-mega,champions,train,giga-impact,0,,
garchomp-mega,champions,train,shadow-claw,0,,
garchomp-mega,champions,train,thunder-fang,0,,
garchomp-mega,champions,train,fire-fang,0,,
garchomp-mega,champions,train,draco-meteor,0,,
garchomp-mega,champions,train,iron-head,0,,
garchomp-mega,champions,train,stone-edge,0,,
garchomp-mega,champions,train,stealth-rock,0,,
garchomp-mega,champions,train,round,0,,
garchomp-mega,champions,train,bulldoze,0,,
garchomp-mega,champions,train,dragon-tail,0,,
garchomp-mega,champions,train,brutal-swing,0,,
garchomp-mega,champions,train,stomping-tantrum,0,,
garchomp-mega,champions,train,liquidation,0,,
garchomp-mega,champions,train,breaking-swipe,0,,
garchomp-mega,champions,train,scale-shot,0,,
garchomp-mega,champions,train,scorching-sands,0,,
garchomp-mega,champions,train,dragon-cheer,0,,
lucario-mega,champions,train,ice-punch,0,,
lucario-mega,champions,train,thunder-punch,0,,
lucario-mega,champions,train,swords-dance,0,,
lucario-mega,champions,train,mega-kick,0,,
lucario-mega,champions,train,body-slam,0,,
lucario-mega,champions,train,bite,0,,
lucario-mega,champions,train,roar,0,,
lucario-mega,champions,train,hyper-beam,0,,
lucario-mega,champions,train,low-kick,0,,
lucario-mega,champions,train,counter,0,,
lucario-mega,champions,train,earthquake,0,,
lucario-mega,champions,train,dig,0,,
lucario-mega,champions,train,psychic,0,,
lucario-mega,champions,train,agility,0,,
lucario-mega,champions,train,quick-attack,0,,
lucario-mega,champions,train,screech,0,,
lucario-mega,champions,train,focus-energy,0,,
lucario-mega,champions,train,high-jump-kick,0,,
lucario-mega,champions,train,rest,0,,
lucario-mega,champions,train,rock-slide,0,,
lucario-mega,champions,train,substitute,0,,
lucario-mega,champions,train,snore,0,,
lucario-mega,champions,train,reversal,0,,
lucario-mega,champions,train,protect,0,,
lucario-mega,champions,train,scary-face,0,,
lucario-mega,champions,train,detect,0,,
lucario-mega,champions,train,bone-rush,0,,
lucario-mega,champions,train,endure,0,,
lucario-mega,champions,train,sleep-talk,0,,
lucario-mega,champions,train,iron-tail,0,,
lucario-mega,champions,train,cross-chop,0,,
lucario-mega,champions,train,rain-dance,0,,
lucario-mega,champions,train,sunny-day,0,,
lucario-mega,champions,train,crunch,0,,
lucario-mega,champions,train,psych-up,0,,
lucario-mega,champions,train,extreme-speed,0,,
lucario-mega,champions,train,shadow-ball,0,,
lucario-mega,champions,train,facade,0,,
lucario-mega,champions,train,focus-punch,0,,
lucario-mega,champions,train,helping-hand,0,,
lucario-mega,champions,train,brick-break,0,,
lucario-mega,champions,train,blaze-kick,0,,
lucario-mega,champions,train,meteor-mash,0,,
lucario-mega,champions,train,rock-tomb,0,,
lucario-mega,champions,train,metal-sound,0,,
lucario-mega,champions,train,aerial-ace,0,,
lucario-mega,champions,train,iron-defense,0,,
lucario-mega,champions,train,howl,0,,
lucario-mega,champions,train,bulk-up,0,,
lucario-mega,champions,train,calm-mind,0,,
lucario-mega,champions,train,water-pulse,0,,
lucario-mega,champions,train,feint,0,,
lucario-mega,champions,train,close-combat,0,,
lucario-mega,champions,train,payback,0,,
lucario-mega,champions,train,fling,0,,
lucario-mega,champions,train,copycat,0,,
lucario-mega,champions,train,aura-sphere,0,,
lucario-mega,champions,train,poison-jab,0,,
lucario-mega,champions,train,dark-pulse,0,,
lucario-mega,champions,train,dragon-pulse,0,,
lucario-mega,champions,train,drain-punch,0,,
lucario-mega,champions,train,vacuum-wave,0,,
lucario-mega,champions,train,focus-blast,0,,
lucario-mega,champions,train,giga-impact,0,,
lucario-mega,champions,train,nasty-plot,0,,
lucario-mega,champions,train,bullet-punch,0,,
lucario-mega,champions,train,shadow-claw,0,,
lucario-mega,champions,train,zen-headbutt,0,,
lucario-mega,champions,train,flash-cannon,0,,
lucario-mega,champions,train,stone-edge,0,,
lucario-mega,champions,train,low-sweep,0,,
lucario-mega,champions,train,round,0,,
lucario-mega,champions,train,quick-guard,0,,
lucario-mega,champions,train,heal-pulse,0,,
lucario-mega,champions,train,circle-throw,0,,
lucario-mega,champions,train,final-gambit,0,,
lucario-mega,champions,train,bulldoze,0,,
lucario-mega,champions,train,life-dew,0,,
lucario-mega,champions,train,steel-beam,0,,
lucario-mega,champions,train,terrain-pulse,0,,
lucario-mega,champions,train,coaching,0,,
lucario-mega,champions,train,trailblaze,0,,
lucario-mega,champions,train,upper-hand,0,,
abomasnow-mega,champions,train,ice-punch,0,,
abomasnow-mega,champions,train,swords-dance,0,,
abomasnow-mega,champions,train,mega-kick,0,,
abomasnow-mega,champions,train,body-slam,0,,
abomasnow-mega,champions,train,double-edge,0,,
abomasnow-mega,champions,train,ice-beam,0,,
abomasnow-mega,champions,train,blizzard,0,,
abomasnow-mega,champions,train,hyper-beam,0,,
abomasnow-mega,champions,train,low-kick,0,,
abomasnow-mega,champions,train,leech-seed,0,,
abomasnow-mega,champions,train,growth,0,,
abomasnow-mega,champions,train,solar-beam,0,,
abomasnow-mega,champions,train,earthquake,0,,
abomasnow-mega,champions,train,rest,0,,
abomasnow-mega,champions,train,rock-slide,0,,
abomasnow-mega,champions,train,substitute,0,,
abomasnow-mega,champions,train,snore,0,,
abomasnow-mega,champions,train,curse,0,,
abomasnow-mega,champions,train,protect,0,,
abomasnow-mega,champions,train,scary-face,0,,
abomasnow-mega,champions,train,mud-slap,0,,
abomasnow-mega,champions,train,icy-wind,0,,
abomasnow-mega,champions,train,outrage,0,,
abomasnow-mega,champions,train,giga-drain,0,,
abomasnow-mega,champions,train,endure,0,,
abomasnow-mega,champions,train,swagger,0,,
abomasnow-mega,champions,train,sleep-talk,0,,
abomasnow-mega,champions,train,iron-tail,0,,
abomasnow-mega,champions,train,rain-dance,0,,
abomasnow-mega,champions,train,shadow-ball,0,,
abomasnow-mega,champions,train,facade,0,,
abomasnow-mega,champions,train,focus-punch,0,,
abomasnow-mega,champions,train,helping-hand,0,,
abomasnow-mega,champions,train,ingrain,0,,
abomasnow-mega,champions,train,brick-break,0,,
abomasnow-mega,champions,train,weather-ball,0,,
abomasnow-mega,champions,train,rock-tomb,0,,
abomasnow-mega,champions,train,sheer-cold,0,,
abomasnow-mega,champions,train,bullet-seed,0,,
abomasnow-mega,champions,train,icicle-spear,0,,
abomasnow-mega,champions,train,water-pulse,0,,
abomasnow-mega,champions,train,fling,0,,
abomasnow-mega,champions,train,seed-bomb,0,,
abomasnow-mega,champions,train,focus-blast,0,,
abomasnow-mega,champions,train,energy-ball,0,,
abomasnow-mega,champions,train,earth-power,0,,
abomasnow-mega,champions,train,giga-impact,0,,
abomasnow-mega,champions,train,avalanche,0,,
abomasnow-mega,champions,train,ice-shard,0,,
abomasnow-mega,champions,train,leaf-storm,0,,
abomasnow-mega,champions,train,grass-knot,0,,
abomasnow-mega,champions,train,wood-hammer,0,,
abomasnow-mega,champions,train,round,0,,
abomasnow-mega,champions,train,bulldoze,0,,
abomasnow-mega,champions,train,frost-breath,0,,
abomasnow-mega,champions,train,ice-hammer,0,,
abomasnow-mega,champions,train,aurora-veil,0,,
abomasnow-mega,champions,train,stomping-tantrum,0,,
abomasnow-mega,champions,train,body-press,0,,
abomasnow-mega,champions,train,grassy-glide,0,,
abomasnow-mega,champions,train,ice-spinner,0,,
abomasnow-mega,champions,train,snowscape,0,,
abomasnow-mega,champions,train,trailblaze,0,,
abomasnow-mega,champions,train,chilling-water,0,,
abomasnow-mega,champions,train,hard-press,0,,
floette-eternal,champions,train,hyper-beam,0,,
floette-eternal,champions,train,solar-beam,0,,
floette-eternal,champions,train,petal-dance,0,,
floette-eternal,champions,train,psychic,0,,
floette-eternal,champions,train,light-screen,0,,
floette-eternal,champions,train,rest,0,,
floette-eternal,champions,train,substitute,0,,
floette-eternal,champions,train,protect,0,,
floette-eternal,champions,train,giga-drain,0,,
floette-eternal,champions,train,endure,0,,
floette-eternal,champions,train,charm,0,,
floette-eternal,champions,train,sleep-talk,0,,
floette-eternal,champions,train,safeguard,0,,
floette-eternal,champions,train,baton-pass,0,,
floette-eternal,champions,train,synthesis,0,,
floette-eternal,champions,train,rain-dance,0,,
floette-eternal,champions,train,sunny-day,0,,
floette-eternal,champions,train,facade,0,,
floette-eternal,champions,train,helping-hand,0,,
floette-eternal,champions,train,trick,0,,
floette-eternal,champions,train,wish,0,,
floette-eternal,champions,train,endeavor,0,,
floette-eternal,champions,train,skill-swap,0,,
floette-eternal,champions,train,calm-mind,0,,
floette-eternal,champions,train,copycat,0,,
floette-eternal,champions,train,seed-bomb,0,,
floette-eternal,champions,train,energy-ball,0,,
floette-eternal,champions,train,grass-knot,0,,
floette-eternal,champions,train,stored-power,0,,
floette-eternal,champions,train,petal-blizzard,0,,
floette-eternal,champions,train,draining-kiss,0,,
floette-eternal,champions,train,grassy-terrain,0,,
floette-eternal,champions,train,misty-terrain,0,,
floette-eternal,champions,train,moonblast,0,,
floette-eternal,champions,train,dazzling-gleam,0,,
floette-eternal,champions,train,light-of-ruin,0,,
floette-eternal,champions,train,pollen-puff,0,,
floette-eternal,champions,train,tearful-look,0,,
floette-eternal,champions,train,trailblaze,0,,
floette-eternal,champions,train,chilling-water,0,,
floette-eternal,champions,train,alluring-voice,0,,
swampert-mega,champions,train,ice-punch,0,,
swampert-mega,champions,train,mega-kick,0,,
swampert-mega,champions,train,body-slam,0,,
swampert-mega,champions,train,double-edge,0,,
swampert-mega,champions,train,bite,0,,
swampert-mega,champions,train,roar,0,,
swampert-mega,champions,train,hydro-pump,0,,
swampert-mega,champions,train,surf,0,,
swampert-mega,champions,train,ice-beam,0,,
swampert-mega,champions,train,blizzard,0,,
swampert-mega,champions,train,hyper-beam,0,,
swampert-mega,champions,train,low-kick,0,,
swampert-mega,champions,train,counter,0,,
swampert-mega,champions,train,earthquake,0,,
swampert-mega,champions,train,dig,0,,
swampert-mega,champions,train,screech,0,,
swampert-mega,champions,train,waterfall,0,,
swampert-mega,champions,train,amnesia,0,,
swampert-mega,champions,train,rest,0,,
swampert-mega,champions,train,rock-slide,0,,
swampert-mega,champions,train,substitute,0,,
swampert-mega,champions,train,snore,0,,
swampert-mega,champions,train,curse,0,,
swampert-mega,champions,train,protect,0,,
swampert-mega,champions,train,scary-face,0,,
swampert-mega,champions,train,sludge-bomb,0,,
swampert-mega,champions,train,mud-slap,0,,
swampert-mega,champions,train,icy-wind,0,,
swampert-mega,champions,train,outrage,0,,
swampert-mega,champions,train,endure,0,,
swampert-mega,champions,train,sleep-talk,0,,
swampert-mega,champions,train,iron-tail,0,,
swampert-mega,champions,train,rain-dance,0,,
swampert-mega,champions,train,mirror-coat,0,,
swampert-mega,champions,train,ancient-power,0,,
swampert-mega,champions,train,whirlpool,0,,
swampert-mega,champions,train,uproar,0,,
swampert-mega,champions,train,facade,0,,
swampert-mega,champions,train,focus-punch,0,,
swampert-mega,champions,train,helping-hand,0,,
swampert-mega,champions,train,superpower,0,,
swampert-mega,champions,train,brick-break,0,,
swampert-mega,champions,train,yawn,0,,
swampert-mega,champions,train,knock-off,0,,
swampert-mega,champions,train,endeavor,0,,
swampert-mega,champions,train,dive,0,,
swampert-mega,champions,train,hydro-cannon,0,,
swampert-mega,champions,train,weather-ball,0,,
swampert-mega,champions,train,rock-tomb,0,,
swampert-mega,champions,train,sand-tomb,0,,
swampert-mega,champions,train,muddy-water,0,,
swampert-mega,champions,train,bulk-up,0,,
swampert-mega,champions,train,mud-shot,0,,
swampert-mega,champions,train,water-pulse,0,,
swampert-mega,champions,train,hammer-arm,0,,
swampert-mega,champions,train,fling,0,,
swampert-mega,champions,train,aqua-ring,0,,
swampert-mega,champions,train,poison-jab,0,,
swampert-mega,champions,train,focus-blast,0,,
swampert-mega,champions,train,earth-power,0,,
swampert-mega,champions,train,giga-impact,0,,
swampert-mega,champions,train,avalanche,0,,
swampert-mega,champions,train,stone-edge,0,,
swampert-mega,champions,train,stealth-rock,0,,
swampert-mega,champions,train,wide-guard,0,,
swampert-mega,champions,train,smack-down,0,,
swampert-mega,champions,train,sludge-wave,0,,
swampert-mega,champions,train,round,0,,
swampert-mega,champions,train,bulldoze,0,,
swampert-mega,champions,train,high-horsepower,0,,
swampert-mega,champions,train,stomping-tantrum,0,,
swampert-mega,champions,train,liquidation,0,,
swampert-mega,champions,train,body-press,0,,
swampert-mega,champions,train,flip-turn,0,,
swampert-mega,champions,train,wave-crash,0,,
swampert-mega,champions,train,chilling-water,0,,
swampert-mega,champions,train,hard-press,0,,
sceptile-mega,champions,train,thunder-punch,0,,
sceptile-mega,champions,train,swords-dance,0,,
sceptile-mega,champions,train,mega-kick,0,,
sceptile-mega,champions,train,body-slam,0,,
sceptile-mega,champions,train,double-edge,0,,
sceptile-mega,champions,train,roar,0,,
sceptile-mega,champions,train,hyper-beam,0,,
sceptile-mega,champions,train,low-kick,0,,
sceptile-mega,champions,train,leech-seed,0,,
sceptile-mega,champions,train,solar-beam,0,,
sceptile-mega,champions,train,earthquake,0,,
sceptile-mega,champions,train,dig,0,,
sceptile-mega,champions,train,agility,0,,
sceptile-mega,champions,train,quick-attack,0,,
sceptile-mega,champions,train,screech,0,,
sceptile-mega,champions,train,double-team,0,,
sceptile-mega,champions,train,rest,0,,
sceptile-mega,champions,train,rock-slide,0,,
sceptile-mega,champions,train,substitute,0,,
sceptile-mega,champions,train,thief,0,,
sceptile-mega,champions,train,snore,0,,
sceptile-mega,champions,train,protect,0,,
sceptile-mega,champions,train,detect,0,,
sceptile-mega,champions,train,outrage,0,,
sceptile-mega,champions,train,giga-drain,0,,
sceptile-mega,champions,train,endure,0,,
sceptile-mega,champions,train,sleep-talk,0,,
sceptile-mega,champions,train,iron-tail,0,,
sceptile-mega,champions,train,synthesis,0,,
sceptile-mega,champions,train,sunny-day,0,,
sceptile-mega,champions,train,crunch,0,,
sceptile-mega,champions,train,facade,0,,
sceptile-mega,champions,train,focus-punch,0,,
sceptile-mega,champions,train,helping-hand,0,,
sceptile-mega,champions,train,brick-break,0,,
sceptile-mega,champions,train,endeavor,0,,
sceptile-mega,champions,train,rock-tomb,0,,
sceptile-mega,champions,train,bullet-seed,0,,
sceptile-mega,champions,train,aerial-ace,0,,
sceptile-mega,champions,train,dragon-claw,0,,
sceptile-mega,champions,train,frenzy-plant,0,,
sceptile-mega,champions,train,leaf-blade,0,,
sceptile-mega,champions,train,dragon-dance,0,,
sceptile-mega,champions,train,assurance,0,,
sceptile-mega,champions,train,fling,0,,
sceptile-mega,champions,train,worry-seed,0,,
sceptile-mega,champions,train,night-slash,0,,
sceptile-mega,champions,train,seed-bomb,0,,
sceptile-mega,champions,train,x-scissor,0,,
sceptile-mega,champions,train,dragon-pulse,0,,
sceptile-mega,champions,train,dragon-rush,0,,
sceptile-mega,champions,train,drain-punch,0,,
sceptile-mega,champions,train,vacuum-wave,0,,
sceptile-mega,champions,train,focus-blast,0,,
sceptile-mega,champions,train,energy-ball,0,,
sceptile-mega,champions,train,earth-power,0,,
sceptile-mega,champions,train,giga-impact,0,,
sceptile-mega,champions,train,leaf-storm,0,,
sceptile-mega,champions,train,cross-poison,0,,
sceptile-mega,champions,train,grass-knot,0,,
sceptile-mega,champions,train,low-sweep,0,,
sceptile-mega,champions,train,round,0,,
sceptile-mega,champions,train,quick-guard,0,,
sceptile-mega,champions,train,acrobatics,0,,
sceptile-mega,champions,train,bulldoze,0,,
sceptile-mega,champions,train,dragon-tail,0,,
sceptile-mega,champions,train,grassy-terrain,0,,
sceptile-mega,champions,train,solar-blade,0,,
sceptile-mega,champions,train,throat-chop,0,,
sceptile-mega,champions,train,brutal-swing,0,,
sceptile-mega,champions,train,breaking-swipe,0,,
sceptile-mega,champions,train,scale-shot,0,,
sceptile-mega,champions,train,grassy-glide,0,,
sceptile-mega,champions,train,shed-tail,0,,
sceptile-mega,champions,train,trailblaze,0,,
sceptile-mega,champions,train,dragon-cheer,0,,
sceptile-mega,champions,train,upper-hand,0,,
sableye-mega,champions,train,fire-punch,0,,
sableye-mega,champions,train,ice-punch,0,,
sableye-mega,champions,train,thunder-punch,0,,
sableye-mega,champions,train,mega-kick,0,,
sableye-mega,champions,train,body-slam,0,,
sableye-mega,champions,train,disable,0,,
sableye-mega,champions,train,hyper-beam,0,,
sableye-mega,champions,train,low-kick,0,,
sableye-mega,champions,train,thunder-wave,0,,
sableye-mega,champions,train,dig,0,,
sableye-mega,champions,train,psychic,0,,
sableye-mega,champions,train,night-shade,0,,
sableye-mega,champions,train,recover,0,,
sableye-mega,champions,train,confuse-ray,0,,
sableye-mega,champions,train,light-screen,0,,
sableye-mega,champions,train,reflect,0,,
sableye-mega,champions,train,rest,0,,
sableye-mega,champions,train,substitute,0,,
sableye-mega,champions,train,thief,0,,
sableye-mega,champions,train,snore,0,,
sableye-mega,champions,train,spite,0,,
sableye-mega,champions,train,protect,0,,
sableye-mega,champions,train,mud-slap,0,,
sableye-mega,champions,train,icy-wind,0,,
sableye-mega,champions,train,detect,0,,
sableye-mega,champions,train,giga-drain,0,,
sableye-mega,champions,train,endure,0,,
sableye-mega,champions,train,swagger,0,,
sableye-mega,champions,train,mean-look,0,,
sableye-mega,champions,train,sleep-talk,0,,
sableye-mega,champions,train,safeguard,0,,
sableye-mega,champions,train,pain-split,0,,
sableye-mega,champions,train,encore,0,,
sableye-mega,champions,train,rain-dance,0,,
sableye-mega,champions,train,sunny-day,0,,
sableye-mega,champions,train,psych-up,0,,
sableye-mega,champions,train,shadow-ball,0,,
sableye-mega,champions,train,fake-out,0,,
sableye-mega,champions,train,torment,0,,
sableye-mega,champions,train,flatter,0,,
sableye-mega,champions,train,will-o-wisp,0,,
sableye-mega,champions,train,facade,0,,
sableye-mega,champions,train,focus-punch,0,,
sableye-mega,champions,train,taunt,0,,
sableye-mega,champions,train,helping-hand,0,,
sableye-mega,champions,train,trick,0,,
sableye-mega,champions,train,brick-break,0,,
sableye-mega,champions,train,knock-off,0,,
sableye-mega,champions,train,skill-swap,0,,
sableye-mega,champions,train,imprison,0,,
sableye-mega,champions,train,rock-tomb,0,,
sableye-mega,champions,train,shadow-punch,0,,
sableye-mega,champions,train,aerial-ace,0,,
sableye-mega,champions,train,bulk-up,0,,
sableye-mega,champions,train,mud-shot,0,,
sableye-mega,champions,train,calm-mind,0,,
sableye-mega,champions,train,gravity,0,,
sableye-mega,champions,train,gyro-ball,0,,
sableye-mega,champions,train,feint,0,,
sableye-mega,champions,train,metal-burst,0,,
sableye-mega,champions,train,payback,0,,
sableye-mega,champions,train,fling,0,,
sableye-mega,champions,train,sucker-punch,0,,
sableye-mega,champions,train,poison-jab,0,,
sableye-mega,champions,train,dark-pulse,0,,
sableye-mega,champions,train,night-slash,0,,
sableye-mega,champions,train,x-scissor,0,,
sableye-mega,champions,train,power-gem,0,,
sableye-mega,champions,train,drain-punch,0,,
sableye-mega,champions,train,energy-ball,0,,
sableye-mega,champions,train,giga-impact,0,,
sableye-mega,champions,train,nasty-plot,0,,
sableye-mega,champions,train,shadow-claw,0,,
sableye-mega,champions,train,shadow-sneak,0,,
sableye-mega,champions,train,zen-headbutt,0,,
sableye-mega,champions,train,wonder-room,0,,
sableye-mega,champions,train,low-sweep,0,,
sableye-mega,champions,train,foul-play,0,,
sableye-mega,champions,train,round,0,,
sableye-mega,champions,train,hex,0,,
sableye-mega,champions,train,quash,0,,
sableye-mega,champions,train,snarl,0,,
sableye-mega,champions,train,phantom-force,0,,
sableye-mega,champions,train,dazzling-gleam,0,,
sableye-mega,champions,train,throat-chop,0,,
sableye-mega,champions,train,skitter-smack,0,,
sableye-mega,champions,train,lash-out,0,,
sableye-mega,champions,train,poltergeist,0,,
altaria-mega,champions,train,fly,0,,
altaria-mega,champions,train,body-slam,0,,
altaria-mega,champions,train,double-edge,0,,
altaria-mega,champions,train,roar,0,,
altaria-mega,champions,train,sing,0,,
altaria-mega,champions,train,flamethrower,0,,
altaria-mega,champions,train,ice-beam,0,,
altaria-mega,champions,train,hyper-beam,0,,
altaria-mega,champions,train,solar-beam,0,,
altaria-mega,champions,train,fire-spin,0,,
altaria-mega,champions,train,earthquake,0,,
altaria-mega,champions,train,agility,0,,
altaria-mega,champions,train,haze,0,,
altaria-mega,champions,train,fire-blast,0,,
altaria-mega,champions,train,sky-attack,0,,
altaria-mega,champions,train,rest,0,,
altaria-mega,champions,train,substitute,0,,
altaria-mega,champions,train,thief,0,,
altaria-mega,champions,train,snore,0,,
altaria-mega,champions,train,protect,0,,
altaria-mega,champions,train,perish-song,0,,
altaria-mega,champions,train,outrage,0,,
altaria-mega,champions,train,endure,0,,
altaria-mega,champions,train,steel-wing,0,,
altaria-mega,champions,train,sleep-talk,0,,
altaria-mega,champions,train,safeguard,0,,
altaria-mega,champions,train,rain-dance,0,,
altaria-mega,champions,train,sunny-day,0,,
altaria-mega,champions,train,uproar,0,,
altaria-mega,champions,train,heat-wave,0,,
altaria-mega,champions,train,will-o-wisp,0,,
altaria-mega,champions,train,facade,0,,
altaria-mega,champions,train,helping-hand,0,,
altaria-mega,champions,train,endeavor,0,,
altaria-mega,champions,train,feather-dance,0,,
altaria-mega,champions,train,hyper-voice,0,,
altaria-mega,champions,train,weather-ball,0,,
altaria-mega,champions,train,aerial-ace,0,,
altaria-mega,champions,train,dragon-claw,0,,
altaria-mega,champions,train,dragon-dance,0,,
altaria-mega,champions,train,roost,0,,
altaria-mega,champions,train,pluck,0,,
altaria-mega,champions,train,tailwind,0,,
altaria-mega,champions,train,power-swap,0,,
altaria-mega,champions,train,dragon-pulse,0,,
altaria-mega,champions,train,dragon-rush,0,,
altaria-mega,champions,train,brave-bird,0,,
altaria-mega,champions,train,giga-impact,0,,
altaria-mega,champions,train,defog,0,,
altaria-mega,champions,train,draco-meteor,0,,
altaria-mega,champions,train,wonder-room,0,,
altaria-mega,champions,train,round,0,,
altaria-mega,champions,train,acrobatics,0,,
altaria-mega,champions,train,bulldoze,0,,
altaria-mega,champions,train,cotton-guard,0,,
altaria-mega,champions,train,hurricane,0,,
altaria-mega,champions,train,play-rough,0,,
altaria-mega,champions,train,moonblast,0,,
altaria-mega,champions,train,dazzling-gleam,0,,
altaria-mega,champions,train,breaking-swipe,0,,
altaria-mega,champions,train,dual-wingbeat,0,,
altaria-mega,champions,train,snowscape,0,,
altaria-mega,champions,train,trailblaze,0,,
altaria-mega,champions,train,dragon-cheer,0,,
altaria-mega,champions,train,alluring-voice,0,,
gallade-mega,champions,train,fire-punch,0,,
gallade-mega,champions,train,ice-punch,0,,
gallade-mega,champions,train,thunder-punch,0,,
gallade-mega,champions,train,swords-dance,0,,
gallade-mega,champions,train,mega-kick,0,,
gallade-mega,champions,train,body-slam,0,,
gallade-mega,champions,train,disable,0,,
gallade-mega,champions,train,hyper-beam,0,,
gallade-mega,champions,train,low-kick,0,,
gallade-mega,champions,train,thunderbolt,0,,
gallade-mega,champions,train,thunder-wave,0,,
gallade-mega,champions,train,earthquake,0,,
gallade-mega,champions,train,psychic,0,,
gallade-mega,champions,train,hypnosis,0,,
gallade-mega,champions,train,agility,0,,
gallade-mega,champions,train,night-shade,0,,
gallade-mega,champions,train,double-team,0,,
gallade-mega,champions,train,confuse-ray,0,,
gallade-mega,champions,train,light-screen,0,,
gallade-mega,champions,train,reflect,0,,
gallade-mega,champions,train,rest,0,,
gallade-mega,champions,train,rock-slide,0,,
gallade-mega,champions,train,substitute,0,,
gallade-mega,champions,train,thief,0,,
gallade-mega,champions,train,snore,0,,
gallade-mega,champions,train,reversal,0,,
gallade-mega,champions,train,protect,0,,
gallade-mega,champions,train,destiny-bond,0,,
gallade-mega,champions,train,icy-wind,0,,
gallade-mega,champions,train,endure,0,,
gallade-mega,champions,train,charm,0,,
gallade-mega,champions,train,mean-look,0,,
gallade-mega,champions,train,sleep-talk,0,,
gallade-mega,champions,train,safeguard,0,,
gallade-mega,champions,train,pain-split,0,,
gallade-mega,champions,train,encore,0,,
gallade-mega,champions,train,rain-dance,0,,
gallade-mega,champions,train,sunny-day,0,,
gallade-mega,champions,train,psych-up,0,,
gallade-mega,champions,train,shadow-ball,0,,
gallade-mega,champions,train,future-sight,0,,
gallade-mega,champions,train,will-o-wisp,0,,
gallade-mega,champions,train,memento,0,,
gallade-mega,champions,train,facade,0,,
gallade-mega,champions,train,focus-punch,0,,
gallade-mega,champions,train,taunt,0,,
gallade-mega,champions,train,helping-hand,0,,
gallade-mega,champions,train,trick,0,,
gallade-mega,champions,train,brick-break,0,,
gallade-mega,champions,train,knock-off,0,,
gallade-mega,champions,train,skill-swap,0,,
gallade-mega,champions,train,imprison,0,,
gallade-mega,champions,train,hyper-voice,0,,
gallade-mega,champions,train,rock-tomb,0,,
gallade-mega,champions,train,aerial-ace,0,,
gallade-mega,champions,train,bulk-up,0,,
gallade-mega,champions,train,calm-mind,0,,
gallade-mega,champions,train,leaf-blade,0,,
gallade-mega,champions,train,feint,0,,
gallade-mega,champions,train,close-combat,0,,
gallade-mega,champions,train,fling,0,,
gallade-mega,champions,train,aura-sphere,0,,
gallade-mega,champions,train,poison-jab,0,,
gallade-mega,champions,train,night-slash,0,,
gallade-mega,champions,train,air-slash,0,,
gallade-mega,champions,train,x-scissor,0,,
gallade-mega,champions,train,drain-punch,0,,
gallade-mega,champions,train,vacuum-wave,0,,
gallade-mega,champions,train,focus-blast,0,,
gallade-mega,champions,train,energy-ball,0,,
gallade-mega,champions,train,giga-impact,0,,
gallade-mega,champions,train,shadow-claw,0,,
gallade-mega,champions,train,shadow-sneak,0,,
gallade-mega,champions,train,psycho-cut,0,,
gallade-mega,champions,train,zen-headbutt,0,,
gallade-mega,champions,train,trick-room,0,,
gallade-mega,champions,train,stone-edge,0,,
gallade-mega,champions,train,grass-knot,0,,
gallade-mega,champions,train,charge-beam,0,,
gallade-mega,champions,train,wide-guard,0,,
gallade-mega,champions,train,wonder-room,0,,
gallade-mega,champions,train,psyshock,0,,
gallade-mega,champions,train,magic-room,0,,
gallade-mega,champions,train,low-sweep,0,,
gallade-mega,champions,train,round,0,,
gallade-mega,champions,train,stored-power,0,,
gallade-mega,champions,train,quick-guard,0,,
gallade-mega,champions,train,heal-pulse,0,,
gallade-mega,champions,train,hex,0,,
gallade-mega,champions,train,bulldoze,0,,
gallade-mega,champions,train,sacred-sword,0,,
gallade-mega,champions,train,draining-kiss,0,,
gallade-mega,champions,train,misty-terrain,0,,
gallade-mega,champions,train,mystical-fire,0,,
gallade-mega,champions,train,dazzling-gleam,0,,
gallade-mega,champions,train,solar-blade,0,,
gallade-mega,champions,train,throat-chop,0,,
gallade-mega,champions,train,psychic-terrain,0,,
gallade-mega,champions,train,life-dew,0,,
gallade-mega,champions,train,expanding-force,0,,
gallade-mega,champions,train,coaching,0,,
gallade-mega,champions,train,triple-axel,0,,
gallade-mega,champions,train,aqua-cutter,0,,
gallade-mega,champions,train,alluring-voice,0,,
gallade-mega,champions,train,upper-hand,0,,
audino-mega,champions,train,fire-punch,0,,
audino-mega,champions,train,ice-punch,0,,
audino-mega,champions,train,thunder-punch,0,,
audino-mega,champions,train,mega-kick,0,,
audino-mega,champions,train,body-slam,0,,
audino-mega,champions,train,double-edge,0,,
audino-mega,champions,train,flamethrower,0,,
audino-mega,champions,train,surf,0,,
audino-mega,champions,train,ice-beam,0,,
audino-mega,champions,train,blizzard,0,,
audino-mega,champions,train,hyper-beam,0,,
audino-mega,champions,train,low-kick,0,,
audino-mega,champions,train,solar-beam,0,,
audino-mega,champions,train,thunderbolt,0,,
audino-mega,champions,train,thunder-wave,0,,
audino-mega,champions,train,thunder,0,,
audino-mega,champions,train,dig,0,,
audino-mega,champions,train,psychic,0,,
audino-mega,champions,train,light-screen,0,,
audino-mega,champions,train,reflect,0,,
audino-mega,champions,train,fire-blast,0,,
audino-mega,champions,train,amnesia,0,,
audino-mega,champions,train,rest,0,,
audino-mega,champions,train,substitute,0,,
audino-mega,champions,train,snore,0,,
audino-mega,champions,train,protect,0,,
audino-mega,champions,train,sweet-kiss,0,,
audino-mega,champions,train,icy-wind,0,,
audino-mega,champions,train,endure,0,,
audino-mega,champions,train,attract,0,,
audino-mega,champions,train,sleep-talk,0,,
audino-mega,champions,train,safeguard,0,,
audino-mega,champions,train,encore,0,,
audino-mega,champions,train,iron-tail,0,,
audino-mega,champions,train,rain-dance,0,,
audino-mega,champions,train,sunny-day,0,,
audino-mega,champions,train,shadow-ball,0,,
audino-mega,champions,train,uproar,0,,
audino-mega,champions,train,facade,0,,
audino-mega,champions,train,helping-hand,0,,
audino-mega,champions,train,wish,0,,
audino-mega,champions,train,yawn,0,,
audino-mega,champions,train,skill-swap,0,,
audino-mega,champions,train,hyper-voice,0,,
audino-mega,champions,train,calm-mind,0,,
audino-mega,champions,train,healing-wish,0,,
audino-mega,champions,train,fling,0,,
audino-mega,champions,train,last-resort,0,,
audino-mega,champions,train,drain-punch,0,,
audino-mega,champions,train,giga-impact,0,,
audino-mega,champions,train,zen-headbutt,0,,
audino-mega,champions,train,trick-room,0,,
audino-mega,champions,train,grass-knot,0,,
audino-mega,champions,train,psyshock,0,,
audino-mega,champions,train,simple-beam,0,,
audino-mega,champions,train,entrainment,0,,
audino-mega,champions,train,after-you,0,,
audino-mega,champions,train,round,0,,
audino-mega,champions,train,ally-switch,0,,
audino-mega,champions,train,heal-pulse,0,,
audino-mega,champions,train,wild-charge,0,,
audino-mega,champions,train,draining-kiss,0,,
audino-mega,champions,train,misty-terrain,0,,
audino-mega,champions,train,dazzling-gleam,0,,
audino-mega,champions,train,baby-doll-eyes,0,,
audino-mega,champions,train,throat-chop,0,,
audino-mega,champions,train,stomping-tantrum,0,,
audino-mega,champions,train,life-dew,0,,
audino-mega,champions,train,chilling-water,0,,
sharpedo-mega,champions,train,thrash,0,,
sharpedo-mega,champions,train,double-edge,0,,
sharpedo-mega,champions,train,bite,0,,
sharpedo-mega,champions,train,hydro-pump,0,,
sharpedo-mega,champions,train,surf,0,,
sharpedo-mega,champions,train,ice-beam,0,,
sharpedo-mega,champions,train,blizzard,0,,
sharpedo-mega,champions,train,hyper-beam,0,,
sharpedo-mega,champions,train,earthquake,0,,
sharpedo-mega,champions,train,agility,0,,
sharpedo-mega,champions,train,screech,0,,
sharpedo-mega,champions,train,focus-energy,0,,
sharpedo-mega,champions,train,waterfall,0,,
sharpedo-mega,champions,train,rest,0,,
sharpedo-mega,champions,train,substitute,0,,
sharpedo-mega,champions,train,thief,0,,
sharpedo-mega,champions,train,snore,0,,
sharpedo-mega,champions,train,protect,0,,
sharpedo-mega,champions,train,scary-face,0,,
sharpedo-mega,champions,train,destiny-bond,0,,
sharpedo-mega,champions,train,icy-wind,0,,
sharpedo-mega,champions,train,endure,0,,
sharpedo-mega,champions,train,swagger,0,,
sharpedo-mega,champions,train,attract,0,,
sharpedo-mega,champions,train,sleep-talk,0,,
sharpedo-mega,champions,train,rain-dance,0,,
sharpedo-mega,champions,train,crunch,0,,
sharpedo-mega,champions,train,ancient-power,0,,
sharpedo-mega,champions,train,whirlpool,0,,
sharpedo-mega,champions,train,uproar,0,,
sharpedo-mega,champions,train,facade,0,,
sharpedo-mega,champions,train,taunt,0,,
sharpedo-mega,champions,train,dive,0,,
sharpedo-mega,champions,train,poison-fang,0,,
sharpedo-mega,champions,train,rock-tomb,0,,
sharpedo-mega,champions,train,bounce,0,,
sharpedo-mega,champions,train,water-pulse,0,,
sharpedo-mega,champions,train,close-combat,0,,
sharpedo-mega,champions,train,payback,0,,
sharpedo-mega,champions,train,assurance,0,,
sharpedo-mega,champions,train,poison-jab,0,,
sharpedo-mega,champions,train,dark-pulse,0,,
sharpedo-mega,champions,train,night-slash,0,,
sharpedo-mega,champions,train,giga-impact,0,,
sharpedo-mega,champions,train,avalanche,0,,
sharpedo-mega,champions,train,ice-fang,0,,
sharpedo-mega,champions,train,zen-headbutt,0,,
sharpedo-mega,champions,train,aqua-jet,0,,
sharpedo-mega,champions,train,round,0,,
sharpedo-mega,champions,train,scald,0,,
sharpedo-mega,champions,train,bulldoze,0,,
sharpedo-mega,champions,train,snarl,0,,
sharpedo-mega,champions,train,psychic-fangs,0,,
sharpedo-mega,champions,train,liquidation,0,,
sharpedo-mega,champions,train,scale-shot,0,,
sharpedo-mega,champions,train,flip-turn,0,,
sharpedo-mega,champions,train,chilling-water,0,,
slowbro-mega,champions,train,ice-punch,0,,
slowbro-mega,champions,train,body-slam,0,,
slowbro-mega,champions,train,disable,0,,
slowbro-mega,champions,train,flamethrower,0,,
slowbro-mega,champions,train,hydro-pump,0,,
slowbro-mega,champions,train,surf,0,,
slowbro-mega,champions,train,ice-beam,0,,
slowbro-mega,champions,train,blizzard,0,,
slowbro-mega,champions,train,hyper-beam,0,,
slowbro-mega,champions,train,thunder-wave,0,,
slowbro-mega,champions,train,earthquake,0,,
slowbro-mega,champions,train,dig,0,,
slowbro-mega,champions,train,psychic,0,,
slowbro-mega,champions,train,light-screen,0,,
slowbro-mega,champions,train,fire-blast,0,,
slowbro-mega,champions,train,waterfall,0,,
slowbro-mega,champions,train,amnesia,0,,
slowbro-mega,champions,train,rest,0,,
slowbro-mega,champions,train,tri-attack,0,,
slowbro-mega,champions,train,substitute,0,,
slowbro-mega,champions,train,snore,0,,
slowbro-mega,champions,train,curse,0,,
slowbro-mega,champions,train,protect,0,,
slowbro-mega,champions,train,belly-drum,0,,
slowbro-mega,champions,train,icy-wind,0,,
slowbro-mega,champions,train,endure,0,,
slowbro-mega,champions,train,sleep-talk,0,,
slowbro-mega,champions,train,safeguard,0,,
slowbro-mega,champions,train,iron-tail,0,,
slowbro-mega,champions,train,rain-dance,0,,
slowbro-mega,champions,train,sunny-day,0,,
slowbro-mega,champions,train,psych-up,0,,
slowbro-mega,champions,train,shadow-ball,0,,
slowbro-mega,champions,train,future-sight,0,,
slowbro-mega,champions,train,whirlpool,0,,
slowbro-mega,champions,train,facade,0,,
slowbro-mega,champions,train,focus-punch,0,,
slowbro-mega,champions,train,helping-hand,0,,
slowbro-mega,champions,train,trick,0,,
slowbro-mega,champions,train,brick-break,0,,
slowbro-mega,champions,train,yawn,0,,
slowbro-mega,champions,train,skill-swap,0,,
slowbro-mega,champions,train,imprison,0,,
slowbro-mega,champions,train,dive,0,,
slowbro-mega,champions,train,slack-off,0,,
slowbro-mega,champions,train,weather-ball,0,,
slowbro-mega,champions,train,muddy-water,0,,
slowbro-mega,champions,train,iron-defense,0,,
slowbro-mega,champions,train,block,0,,
slowbro-mega,champions,train,mud-shot,0,,
slowbro-mega,champions,train,calm-mind,0,,
slowbro-mega,champions,train,water-pulse,0,,
slowbro-mega,champions,train,fling,0,,
slowbro-mega,champions,train,drain-punch,0,,
slowbro-mega,champions,train,focus-blast,0,,
slowbro-mega,champions,train,giga-impact,0,,
slowbro-mega,champions,train,nasty-plot,0,,
slowbro-mega,champions,train,avalanche,0,,
slowbro-mega,champions,train,zen-headbutt,0,,
slowbro-mega,champions,train,trick-room,0,,
slowbro-mega,champions,train,grass-knot,0,,
slowbro-mega,champions,train,wonder-room,0,,
slowbro-mega,champions,train,psyshock,0,,
slowbro-mega,champions,train,foul-play,0,,
slowbro-mega,champions,train,round,0,,
slowbro-mega,champions,train,stored-power,0,,
slowbro-mega,champions,train,scald,0,,
slowbro-mega,champions,train,heal-pulse,0,,
slowbro-mega,champions,train,bulldoze,0,,
slowbro-mega,champions,train,razor-shell,0,,
slowbro-mega,champions,train,belch,0,,
slowbro-mega,champions,train,psychic-terrain,0,,
slowbro-mega,champions,train,liquidation,0,,
slowbro-mega,champions,train,body-press,0,,
slowbro-mega,champions,train,expanding-force,0,,
slowbro-mega,champions,train,snowscape,0,,
slowbro-mega,champions,train,chilling-water,0,,
slowbro-mega,champions,train,psychic-noise,0,,
steelix-mega,champions,train,bind,0,,
steelix-mega,champions,train,body-slam,0,,
steelix-mega,champions,train,double-edge,0,,
steelix-mega,champions,train,hyper-beam,0,,
steelix-mega,champions,train,earthquake,0,,
steelix-mega,champions,train,fissure,0,,
steelix-mega,champions,train,dig,0,,
steelix-mega,champions,train,screech,0,,
steelix-mega,champions,train,self-destruct,0,,
steelix-mega,champions,train,rest,0,,
steelix-mega,champions,train,rock-slide,0,,
steelix-mega,champions,train,substitute,0,,
steelix-mega,champions,train,snore,0,,
steelix-mega,champions,train,curse,0,,
steelix-mega,champions,train,flail,0,,
steelix-mega,champions,train,protect,0,,
steelix-mega,champions,train,scary-face,0,,
steelix-mega,champions,train,sandstorm,0,,
steelix-mega,champions,train,endure,0,,
steelix-mega,champions,train,attract,0,,
steelix-mega,champions,train,sleep-talk,0,,
steelix-mega,champions,train,iron-tail,0,,
steelix-mega,champions,train,sunny-day,0,,
steelix-mega,champions,train,crunch,0,,
steelix-mega,champions,train,ancient-power,0,,
steelix-mega,champions,train,facade,0,,
steelix-mega,champions,train,taunt,0,,
steelix-mega,champions,train,rock-tomb,0,,
steelix-mega,champions,train,sand-tomb,0,,
steelix-mega,champions,train,iron-defense,0,,
steelix-mega,champions,train,block,0,,
steelix-mega,champions,train,dragon-dance,0,,
steelix-mega,champions,train,rock-blast,0,,
steelix-mega,champions,train,gyro-ball,0,,
steelix-mega,champions,train,payback,0,,
steelix-mega,champions,train,magnet-rise,0,,
steelix-mega,champions,train,rock-polish,0,,
steelix-mega,champions,train,dark-pulse,0,,
steelix-mega,champions,train,dragon-pulse,0,,
steelix-mega,champions,train,earth-power,0,,
steelix-mega,champions,train,giga-impact,0,,
steelix-mega,champions,train,thunder-fang,0,,
steelix-mega,champions,train,ice-fang,0,,
steelix-mega,champions,train,fire-fang,0,,
steelix-mega,champions,train,flash-cannon,0,,
steelix-mega,champions,train,iron-head,0,,
steelix-mega,champions,train,stone-edge,0,,
steelix-mega,champions,train,stealth-rock,0,,
steelix-mega,champions,train,head-smash,0,,
steelix-mega,champions,train,wide-guard,0,,
steelix-mega,champions,train,smack-down,0,,
steelix-mega,champions,train,heavy-slam,0,,
steelix-mega,champions,train,round,0,,
steelix-mega,champions,train,bulldoze,0,,
steelix-mega,champions,train,dragon-tail,0,,
steelix-mega,champions,train,drill-run,0,,
steelix-mega,champions,train,high-horsepower,0,,
steelix-mega,champions,train,brutal-swing,0,,
steelix-mega,champions,train,psychic-fangs,0,,
steelix-mega,champions,train,stomping-tantrum,0,,
steelix-mega,champions,train,body-press,0,,
steelix-mega,champions,train,breaking-swipe,0,,
steelix-mega,champions,train,steel-beam,0,,
steelix-mega,champions,train,steel-roller,0,,
steelix-mega,champions,train,meteor-beam,0,,
steelix-mega,champions,train,scorching-sands,0,,
pidgeot-mega,champions,train,whirlwind,0,,
pidgeot-mega,champions,train,fly,0,,
pidgeot-mega,champions,train,hyper-beam,0,,
pidgeot-mega,champions,train,agility,0,,
pidgeot-mega,champions,train,quick-attack,0,,
pidgeot-mega,champions,train,sky-attack,0,,
pidgeot-mega,champions,train,rest,0,,
pidgeot-mega,champions,train,substitute,0,,
pidgeot-mega,champions,train,thief,0,,
pidgeot-mega,champions,train,snore,0,,
pidgeot-mega,champions,train,protect,0,,
pidgeot-mega,champions,train,endure,0,,
pidgeot-mega,champions,train,steel-wing,0,,
pidgeot-mega,champions,train,attract,0,,
pidgeot-mega,champions,train,sleep-talk,0,,
pidgeot-mega,champions,train,rain-dance,0,,
pidgeot-mega,champions,train,sunny-day,0,,
pidgeot-mega,champions,train,uproar,0,,
pidgeot-mega,champions,train,heat-wave,0,,
pidgeot-mega,champions,train,facade,0,,
pidgeot-mega,champions,train,feather-dance,0,,
pidgeot-mega,champions,train,aerial-ace,0,,
pidgeot-mega,champions,train,roost,0,,
pidgeot-mega,champions,train,tailwind,0,,
pidgeot-mega,champions,train,u-turn,0,,
pidgeot-mega,champions,train,air-slash,0,,
pidgeot-mega,champions,train,brave-bird,0,,
pidgeot-mega,champions,train,giga-impact,0,,
pidgeot-mega,champions,train,round,0,,
pidgeot-mega,champions,train,hurricane,0,,
pidgeot-mega,champions,train,dual-wingbeat,0,,
glalie-mega,champions,train,body-slam,0,,
glalie-mega,champions,train,bite,0,,
glalie-mega,champions,train,disable,0,,
glalie-mega,champions,train,ice-beam,0,,
glalie-mega,champions,train,blizzard,0,,
glalie-mega,champions,train,hyper-beam,0,,
glalie-mega,champions,train,earthquake,0,,
glalie-mega,champions,train,double-team,0,,
glalie-mega,champions,train,light-screen,0,,
glalie-mega,champions,train,self-destruct,0,,
glalie-mega,champions,train,explosion,0,,
glalie-mega,champions,train,rest,0,,
glalie-mega,champions,train,substitute,0,,
glalie-mega,champions,train,snore,0,,
glalie-mega,champions,train,spite,0,,
glalie-mega,champions,train,protect,0,,
glalie-mega,champions,train,scary-face,0,,
glalie-mega,champions,train,spikes,0,,
glalie-mega,champions,train,icy-wind,0,,
glalie-mega,champions,train,endure,0,,
glalie-mega,champions,train,sleep-talk,0,,
glalie-mega,champions,train,rain-dance,0,,
glalie-mega,champions,train,crunch,0,,
glalie-mega,champions,train,shadow-ball,0,,
glalie-mega,champions,train,facade,0,,
glalie-mega,champions,train,taunt,0,,
glalie-mega,champions,train,helping-hand,0,,
glalie-mega,champions,train,weather-ball,0,,
glalie-mega,champions,train,fake-tears,0,,
glalie-mega,champions,train,sheer-cold,0,,
glalie-mega,champions,train,icicle-spear,0,,
glalie-mega,champions,train,block,0,,
glalie-mega,champions,train,water-pulse,0,,
glalie-mega,champions,train,gyro-ball,0,,
glalie-mega,champions,train,payback,0,,
glalie-mega,champions,train,dark-pulse,0,,
glalie-mega,champions,train,switcheroo,0,,
glalie-mega,champions,train,giga-impact,0,,
glalie-mega,champions,train,avalanche,0,,
glalie-mega,champions,train,ice-shard,0,,
glalie-mega,champions,train,ice-fang,0,,
glalie-mega,champions,train,iron-head,0,,
glalie-mega,champions,train,foul-play,0,,
glalie-mega,champions,train,round,0,,
glalie-mega,champions,train,hex,0,,
glalie-mega,champions,train,bulldoze,0,,
glalie-mega,champions,train,frost-breath,0,,
glalie-mega,champions,train,icicle-crash,0,,
glalie-mega,champions,train,freeze-dry,0,,
glalie-mega,champions,train,steel-roller,0,,
glalie-mega,champions,train,ice-spinner,0,,
glalie-mega,champions,train,snowscape,0,,
glalie-mega,champions,train,trailblaze,0,,
glalie-mega,champions,train,chilling-water,0,,
metagross-mega,champions,train,ice-punch,0,,
metagross-mega,champions,train,thunder-punch,0,,
metagross-mega,champions,train,body-slam,0,,
metagross-mega,champions,train,double-edge,0,,
metagross-mega,champions,train,hyper-beam,0,,
metagross-mega,champions,train,earthquake,0,,
metagross-mega,champions,train,psychic,0,,
metagross-mega,champions,train,agility,0,,
metagross-mega,champions,train,light-screen,0,,
metagross-mega,champions,train,reflect,0,,
metagross-mega,champions,train,self-destruct,0,,
metagross-mega,champions,train,explosion,0,,
metagross-mega,champions,train,rest,0,,
metagross-mega,champions,train,rock-slide,0,,
metagross-mega,champions,train,substitute,0,,
metagross-mega,champions,train,snore,0,,
metagross-mega,champions,train,protect,0,,
metagross-mega,champions,train,scary-face,0,,
metagross-mega,champions,train,sludge-bomb,0,,
metagross-mega,champions,train,mud-slap,0,,
metagross-mega,champions,train,icy-wind,0,,
metagross-mega,champions,train,sandstorm,0,,
metagross-mega,champions,train,endure,0,,
metagross-mega,champions,train,swagger,0,,
metagross-mega,champions,train,sleep-talk,0,,
metagross-mega,champions,train,rain-dance,0,,
metagross-mega,champions,train,sunny-day,0,,
metagross-mega,champions,train,psych-up,0,,
metagross-mega,champions,train,shadow-ball,0,,
metagross-mega,champions,train,future-sight,0,,
metagross-mega,champions,train,facade,0,,
metagross-mega,champions,train,focus-punch,0,,
metagross-mega,champions,train,trick,0,,
metagross-mega,champions,train,brick-break,0,,
metagross-mega,champions,train,meteor-mash,0,,
metagross-mega,champions,train,rock-tomb,0,,
metagross-mega,champions,train,cosmic-power,0,,
metagross-mega,champions,train,shadow-punch,0,,
metagross-mega,champions,train,aerial-ace,0,,
metagross-mega,champions,train,iron-defense,0,,
metagross-mega,champions,train,gravity,0,,
metagross-mega,champions,train,hammer-arm,0,,
metagross-mega,champions,train,gyro-ball,0,,
metagross-mega,champions,train,magnet-rise,0,,
metagross-mega,champions,train,giga-impact,0,,
metagross-mega,champions,train,bullet-punch,0,,
metagross-mega,champions,train,shadow-claw,0,,
metagross-mega,champions,train,psycho-cut,0,,
metagross-mega,champions,train,zen-headbutt,0,,
metagross-mega,champions,train,flash-cannon,0,,
metagross-mega,champions,train,iron-head,0,,
metagross-mega,champions,train,stone-edge,0,,
metagross-mega,champions,train,stealth-rock,0,,
metagross-mega,champions,train,grass-knot,0,,
metagross-mega,champions,train,psyshock,0,,
metagross-mega,champions,train,round,0,,
metagross-mega,champions,train,bulldoze,0,,
metagross-mega,champions,train,brutal-swing,0,,
metagross-mega,champions,train,psychic-fangs,0,,
metagross-mega,champions,train,stomping-tantrum,0,,
metagross-mega,champions,train,body-press,0,,
metagross-mega,champions,train,steel-beam,0,,
metagross-mega,champions,train,expanding-force,0,,
metagross-mega,champions,train,steel-roller,0,,
metagross-mega,champions,train,meteor-beam,0,,
metagross-mega,champions,train,trailblaze,0,,
metagross-mega,champions,train,hard-press,0,,
metagross-mega,champions,train,psychic-noise,0,,
camerupt-mega,champions,train,body-slam,0,,
camerupt-mega,champions,train,double-edge,0,,
camerupt-mega,champions,train,roar,0,,
camerupt-mega,champions,train,flamethrower,0,,
camerupt-mega,champions,train,hyper-beam,0,,
camerupt-mega,champions,train,growth,0,,
camerupt-mega,champions,train,solar-beam,0,,
camerupt-mega,champions,train,fire-spin,0,,
camerupt-mega,champions,train,earthquake,0,,
camerupt-mega,champions,train,fissure,0,,
camerupt-mega,champions,train,dig,0,,
camerupt-mega,champions,train,focus-energy,0,,
camerupt-mega,champions,train,self-destruct,0,,
camerupt-mega,champions,train,fire-blast,0,,
camerupt-mega,champions,train,amnesia,0,,
camerupt-mega,champions,train,rest,0,,
camerupt-mega,champions,train,rock-slide,0,,
camerupt-mega,champions,train,substitute,0,,
camerupt-mega,champions,train,snore,0,,
camerupt-mega,champions,train,curse,0,,
camerupt-mega,champions,train,protect,0,,
camerupt-mega,champions,train,scary-face,0,,
camerupt-mega,champions,train,mud-slap,0,,
camerupt-mega,champions,train,sandstorm,0,,
camerupt-mega,champions,train,endure,0,,
camerupt-mega,champions,train,charm,0,,
camerupt-mega,champions,train,sleep-talk,0,,
camerupt-mega,champions,train,rain-dance,0,,
camerupt-mega,champions,train,sunny-day,0,,
camerupt-mega,champions,train,ancient-power,0,,
camerupt-mega,champions,train,stockpile,0,,
camerupt-mega,champions,train,spit-up,0,,
camerupt-mega,champions,train,swallow,0,,
camerupt-mega,champions,train,heat-wave,0,,
camerupt-mega,champions,train,will-o-wisp,0,,
camerupt-mega,champions,train,facade,0,,
camerupt-mega,champions,train,helping-hand,0,,
camerupt-mega,champions,train,yawn,0,,
camerupt-mega,champions,train,endeavor,0,,
camerupt-mega,champions,train,eruption,0,,
camerupt-mega,champions,train,overheat,0,,
camerupt-mega,champions,train,rock-tomb,0,,
camerupt-mega,champions,train,howl,0,,
camerupt-mega,champions,train,mud-shot,0,,
camerupt-mega,champions,train,flare-blitz,0,,
camerupt-mega,champions,train,earth-power,0,,
camerupt-mega,champions,train,giga-impact,0,,
camerupt-mega,champions,train,zen-headbutt,0,,
camerupt-mega,champions,train,flash-cannon,0,,
camerupt-mega,champions,train,lava-plume,0,,
camerupt-mega,champions,train,iron-head,0,,
camerupt-mega,champions,train,stone-edge,0,,
camerupt-mega,champions,train,stealth-rock,0,,
camerupt-mega,champions,train,smack-down,0,,
camerupt-mega,champions,train,heavy-slam,0,,
camerupt-mega,champions,train,flame-charge,0,,
camerupt-mega,champions,train,round,0,,
camerupt-mega,champions,train,bulldoze,0,,
camerupt-mega,champions,train,heat-crash,0,,
camerupt-mega,champions,train,high-horsepower,0,,
camerupt-mega,champions,train,stomping-tantrum,0,,
camerupt-mega,champions,train,body-press,0,,
camerupt-mega,champions,train,burning-jealousy,0,,
camerupt-mega,champions,train,lash-out,0,,
camerupt-mega,champions,train,scorching-sands,0,,
camerupt-mega,champions,train,trailblaze,0,,
camerupt-mega,champions,train,temper-flare,0,,
lopunny-mega,champions,train,fire-punch,0,,
lopunny-mega,champions,train,ice-punch,0,,
lopunny-mega,champions,train,thunder-punch,0,,
lopunny-mega,champions,train,swords-dance,0,,
lopunny-mega,champions,train,mega-kick,0,,
lopunny-mega,champions,train,ice-beam,0,,
lopunny-mega,champions,train,blizzard,0,,
lopunny-mega,champions,train,hyper-beam,0,,
lopunny-mega,champions,train,low-kick,0,,
lopunny-mega,champions,train,solar-beam,0,,
lopunny-mega,champions,train,thunderbolt,0,,
lopunny-mega,champions,train,thunder-wave,0,,
lopunny-mega,champions,train,thunder,0,,
lopunny-mega,champions,train,dig,0,,
lopunny-mega,champions,train,agility,0,,
lopunny-mega,champions,train,quick-attack,0,,
lopunny-mega,champions,train,high-jump-kick,0,,
lopunny-mega,champions,train,rest,0,,
lopunny-mega,champions,train,substitute,0,,
lopunny-mega,champions,train,snore,0,,
lopunny-mega,champions,train,flail,0,,
lopunny-mega,champions,train,reversal,0,,
lopunny-mega,champions,train,protect,0,,
lopunny-mega,champions,train,mach-punch,0,,
lopunny-mega,champions,train,sweet-kiss,0,,
lopunny-mega,champions,train,endure,0,,
lopunny-mega,champions,train,charm,0,,
lopunny-mega,champions,train,attract,0,,
lopunny-mega,champions,train,sleep-talk,0,,
lopunny-mega,champions,train,dynamic-punch,0,,
lopunny-mega,champions,train,baton-pass,0,,
lopunny-mega,champions,train,encore,0,,
lopunny-mega,champions,train,iron-tail,0,,
lopunny-mega,champions,train,rain-dance,0,,
lopunny-mega,champions,train,sunny-day,0,,
lopunny-mega,champions,train,mirror-coat,0,,
lopunny-mega,champions,train,shadow-ball,0,,
lopunny-mega,champions,train,fake-out,0,,
lopunny-mega,champions,train,uproar,0,,
lopunny-mega,champions,train,flatter,0,,
lopunny-mega,champions,train,facade,0,,
lopunny-mega,champions,train,focus-punch,0,,
lopunny-mega,champions,train,helping-hand,0,,
lopunny-mega,champions,train,teeter-dance,0,,
lopunny-mega,champions,train,hyper-voice,0,,
lopunny-mega,champions,train,fake-tears,0,,
lopunny-mega,champions,train,cosmic-power,0,,
lopunny-mega,champions,train,bounce,0,,
lopunny-mega,champions,train,healing-wish,0,,
lopunny-mega,champions,train,u-turn,0,,
lopunny-mega,champions,train,close-combat,0,,
lopunny-mega,champions,train,payback,0,,
lopunny-mega,champions,train,assurance,0,,
lopunny-mega,champions,train,fling,0,,
lopunny-mega,champions,train,copycat,0,,
lopunny-mega,champions,train,aura-sphere,0,,
lopunny-mega,champions,train,drain-punch,0,,
lopunny-mega,champions,train,focus-blast,0,,
lopunny-mega,champions,train,switcheroo,0,,
lopunny-mega,champions,train,giga-impact,0,,
lopunny-mega,champions,train,grass-knot,0,,
lopunny-mega,champions,train,double-hit,0,,
lopunny-mega,champions,train,low-sweep,0,,
lopunny-mega,champions,train,entrainment,0,,
lopunny-mega,champions,train,after-you,0,,
lopunny-mega,champions,train,round,0,,
lopunny-mega,champions,train,circle-throw,0,,
lopunny-mega,champions,train,acrobatics,0,,
lopunny-mega,champions,train,cotton-guard,0,,
lopunny-mega,champions,train,draining-kiss,0,,
lopunny-mega,champions,train,play-rough,0,,
lopunny-mega,champions,train,baby-doll-eyes,0,,
lopunny-mega,champions,train,brutal-swing,0,,
lopunny-mega,champions,train,triple-axel,0,,
lopunny-mega,champions,train,pounce,0,,
lopunny-mega,champions,train,trailblaze,0,,
beedrill-mega,champions,train,swords-dance,0,,
beedrill-mega,champions,train,double-edge,0,,
beedrill-mega,champions,train,pin-missile,0,,
beedrill-mega,champions,train,hyper-beam,0,,
beedrill-mega,champions,train,solar-beam,0,,
beedrill-mega,champions,train,string-shot,0,,
beedrill-mega,champions,train,toxic,0,,
beedrill-mega,champions,train,agility,0,,
beedrill-mega,champions,train,screech,0,,
beedrill-mega,champions,train,focus-energy,0,,
beedrill-mega,champions,train,rest,0,,
beedrill-mega,champions,train,substitute,0,,
beedrill-mega,champions,train,thief,0,,
beedrill-mega,champions,train,snore,0,,
beedrill-mega,champions,train,protect,0,,
beedrill-mega,champions,train,sludge-bomb,0,,
beedrill-mega,champions,train,giga-drain,0,,
beedrill-mega,champions,train,endure,0,,
beedrill-mega,champions,train,attract,0,,
beedrill-mega,champions,train,sleep-talk,0,,
beedrill-mega,champions,train,baton-pass,0,,
beedrill-mega,champions,train,sunny-day,0,,
beedrill-mega,champions,train,facade,0,,
beedrill-mega,champions,train,brick-break,0,,
beedrill-mega,champions,train,knock-off,0,,
beedrill-mega,champions,train,endeavor,0,,
beedrill-mega,champions,train,air-cutter,0,,
beedrill-mega,champions,train,aerial-ace,0,,
beedrill-mega,champions,train,iron-defense,0,,
beedrill-mega,champions,train,u-turn,0,,
beedrill-mega,champions,train,payback,0,,
beedrill-mega,champions,train,assurance,0,,
beedrill-mega,champions,train,toxic-spikes,0,,
beedrill-mega,champions,train,poison-jab,0,,
beedrill-mega,champions,train,x-scissor,0,,
beedrill-mega,champions,train,bug-buzz,0,,
beedrill-mega,champions,train,giga-impact,0,,
beedrill-mega,champions,train,cross-poison,0,,
beedrill-mega,champions,train,bug-bite,0,,
beedrill-mega,champions,train,double-hit,0,,
beedrill-mega,champions,train,venoshock,0,,
beedrill-mega,champions,train,round,0,,
beedrill-mega,champions,train,acrobatics,0,,
beedrill-mega,champions,train,electroweb,0,,
beedrill-mega,champions,train,drill-run,0,,
beedrill-mega,champions,train,fell-stinger,0,,
beedrill-mega,champions,train,throat-chop,0,,
beedrill-mega,champions,train,pollen-puff,0,,
beedrill-mega,champions,train,lunge,0,,
beedrill-mega,champions,train,brutal-swing,0,,
beedrill-mega,champions,train,skitter-smack,0,,
beedrill-mega,champions,train,dual-wingbeat,0,,
beedrill-mega,champions,train,pounce,0,,
raichu-alola,champions,train,thunder-punch,0,,
raichu-alola,champions,train,mega-kick,0,,
raichu-alola,champions,train,body-slam,0,,
raichu-alola,champions,train,surf,0,,
raichu-alola,champions,train,hyper-beam,0,,
raichu-alola,champions,train,thunderbolt,0,,
raichu-alola,champions,train,thunder-wave,0,,
raichu-alola,champions,train,thunder,0,,
raichu-alola,champions,train,dig,0,,
raichu-alola,champions,train,psychic,0,,
raichu-alola,champions,train,agility,0,,
raichu-alola,champions,train,quick-attack,0,,
raichu-alola,champions,train,double-team,0,,
raichu-alola,champions,train,light-screen,0,,
raichu-alola,champions,train,reflect,0,,
raichu-alola,champions,train,rest,0,,
raichu-alola,champions,train,substitute,0,,
raichu-alola,champions,train,thief,0,,
raichu-alola,champions,train,snore,0,,
raichu-alola,champions,train,flail,0,,
raichu-alola,champions,train,reversal,0,,
raichu-alola,champions,train,protect,0,,
raichu-alola,champions,train,sweet-kiss,0,,
raichu-alola,champions,train,zap-cannon,0,,
raichu-alola,champions,train,endure,0,,
raichu-alola,champions,train,charm,0,,
raichu-alola,champions,train,sleep-talk,0,,
raichu-alola,champions,train,encore,0,,
raichu-alola,champions,train,iron-tail,0,,
raichu-alola,champions,train,rain-dance,0,,
raichu-alola,champions,train,fake-out,0,,
raichu-alola,champions,train,facade,0,,
raichu-alola,champions,train,focus-punch,0,,
raichu-alola,champions,train,charge,0,,
raichu-alola,champions,train,helping-hand,0,,
raichu-alola,champions,train,wish,0,,
raichu-alola,champions,train,brick-break,0,,
raichu-alola,champions,train,knock-off,0,,
raichu-alola,champions,train,endeavor,0,,
raichu-alola,champions,train,skill-swap,0,,
raichu-alola,champions,train,fake-tears,0,,
raichu-alola,champions,train,tickle,0,,
raichu-alola,champions,train,volt-tackle,0,,
raichu-alola,champions,train,calm-mind,0,,
raichu-alola,champions,train,feint,0,,
raichu-alola,champions,train,fling,0,,
raichu-alola,champions,train,focus-blast,0,,
raichu-alola,champions,train,giga-impact,0,,
raichu-alola,champions,train,nasty-plot,0,,
raichu-alola,champions,train,discharge,0,,
raichu-alola,champions,train,grass-knot,0,,
raichu-alola,champions,train,charge-beam,0,,
raichu-alola,champions,train,psyshock,0,,
raichu-alola,champions,train,magic-room,0,,
raichu-alola,champions,train,electro-ball,0,,
raichu-alola,champions,train,round,0,,
raichu-alola,champions,train,stored-power,0,,
raichu-alola,champions,train,volt-switch,0,,
raichu-alola,champions,train,electroweb,0,,
raichu-alola,champions,train,wild-charge,0,,
raichu-alola,champions,train,draining-kiss,0,,
raichu-alola,champions,train,play-rough,0,,
raichu-alola,champions,train,eerie-impulse,0,,
raichu-alola,champions,train,electric-terrain,0,,
raichu-alola,champions,train,dazzling-gleam,0,,
raichu-alola,champions,train,nuzzle,0,,
raichu-alola,champions,train,psychic-terrain,0,,
raichu-alola,champions,train,speed-swap,0,,
raichu-alola,champions,train,expanding-force,0,,
raichu-alola,champions,train,rising-voltage,0,,
raichu-alola,champions,train,trailblaze,0,,
raichu-alola,champions,train,alluring-voice,0,,
raichu-alola,champions,train,psychic-noise,0,,
raichu-alola,champions,train,upper-hand,0,,
ninetales-alola,champions,train,body-slam,0,,
ninetales-alola,champions,train,double-edge,0,,
ninetales-alola,champions,train,roar,0,,
ninetales-alola,champions,train,disable,0,,
ninetales-alola,champions,train,ice-beam,0,,
ninetales-alola,champions,train,blizzard,0,,
ninetales-alola,champions,train,hyper-beam,0,,
ninetales-alola,champions,train,dig,0,,
ninetales-alola,champions,train,hypnosis,0,,
ninetales-alola,champions,train,agility,0,,
ninetales-alola,champions,train,confuse-ray,0,,
ninetales-alola,champions,train,rest,0,,
ninetales-alola,champions,train,substitute,0,,
ninetales-alola,champions,train,snore,0,,
ninetales-alola,champions,train,flail,0,,
ninetales-alola,champions,train,spite,0,,
ninetales-alola,champions,train,protect,0,,
ninetales-alola,champions,train,icy-wind,0,,
ninetales-alola,champions,train,endure,0,,
ninetales-alola,champions,train,charm,0,,
ninetales-alola,champions,train,attract,0,,
ninetales-alola,champions,train,sleep-talk,0,,
ninetales-alola,champions,train,safeguard,0,,
ninetales-alola,champions,train,pain-split,0,,
ninetales-alola,champions,train,baton-pass,0,,
ninetales-alola,champions,train,encore,0,,
ninetales-alola,champions,train,iron-tail,0,,
ninetales-alola,champions,train,rain-dance,0,,
ninetales-alola,champions,train,psych-up,0,,
ninetales-alola,champions,train,facade,0,,
ninetales-alola,champions,train,helping-hand,0,,
ninetales-alola,champions,train,imprison,0,,
ninetales-alola,champions,train,weather-ball,0,,
ninetales-alola,champions,train,fake-tears,0,,
ninetales-alola,champions,train,extrasensory,0,,
ninetales-alola,champions,train,icicle-spear,0,,
ninetales-alola,champions,train,howl,0,,
ninetales-alola,champions,train,calm-mind,0,,
ninetales-alola,champions,train,payback,0,,
ninetales-alola,champions,train,power-swap,0,,
ninetales-alola,champions,train,dark-pulse,0,,
ninetales-alola,champions,train,giga-impact,0,,
ninetales-alola,champions,train,nasty-plot,0,,
ninetales-alola,champions,train,avalanche,0,,
ninetales-alola,champions,train,ice-shard,0,,
ninetales-alola,champions,train,zen-headbutt,0,,
ninetales-alola,champions,train,wonder-room,0,,
ninetales-alola,champions,train,psyshock,0,,
ninetales-alola,champions,train,foul-play,0,,
ninetales-alola,champions,train,round,0,,
ninetales-alola,champions,train,stored-power,0,,
ninetales-alola,champions,train,hex,0,,
ninetales-alola,champions,train,tail-slap,0,,
ninetales-alola,champions,train,freeze-dry,0,,
ninetales-alola,champions,train,draining-kiss,0,,
ninetales-alola,champions,train,misty-terrain,0,,
ninetales-alola,champions,train,play-rough,0,,
ninetales-alola,champions,train,moonblast,0,,
ninetales-alola,champions,train,dazzling-gleam,0,,
ninetales-alola,champions,train,baby-doll-eyes,0,,
ninetales-alola,champions,train,aurora-veil,0,,
ninetales-alola,champions,train,triple-axel,0,,
ninetales-alola,champions,train,snowscape,0,,
ninetales-alola,champions,train,chilling-water,0,,
lycanroc-midnight,champions,train,fire-punch,0,,
lycanroc-midnight,champions,train,thunder-punch,0,,
lycanroc-midnight,champions,train,swords-dance,0,,
lycanroc-midnight,champions,train,mega-kick,0,,
lycanroc-midnight,champions,train,body-slam,0,,
lycanroc-midnight,champions,train,thrash,0,,
lycanroc-midnight,champions,train,double-edge,0,,
lycanroc-midnight,champions,train,bite,0,,
lycanroc-midnight,champions,train,roar,0,,
lycanroc-midnight,champions,train,counter,0,,
lycanroc-midnight,champions,train,dig,0,,
lycanroc-midnight,champions,train,double-team,0,,
lycanroc-midnight,champions,train,rest,0,,
lycanroc-midnight,champions,train,rock-slide,0,,
lycanroc-midnight,champions,train,substitute,0,,
lycanroc-midnight,champions,train,snore,0,,
lycanroc-midnight,champions,train,reversal,0,,
lycanroc-midnight,champions,train,protect,0,,
lycanroc-midnight,champions,train,scary-face,0,,
lycanroc-midnight,champions,train,mud-slap,0,,
lycanroc-midnight,champions,train,outrage,0,,
lycanroc-midnight,champions,train,sandstorm,0,,
lycanroc-midnight,champions,train,endure,0,,
lycanroc-midnight,champions,train,charm,0,,
lycanroc-midnight,champions,train,sleep-talk,0,,
lycanroc-midnight,champions,train,iron-tail,0,,
lycanroc-midnight,champions,train,sunny-day,0,,
lycanroc-midnight,champions,train,crunch,0,,
lycanroc-midnight,champions,train,uproar,0,,
lycanroc-midnight,champions,train,facade,0,,
lycanroc-midnight,champions,train,focus-punch,0,,
lycanroc-midnight,champions,train,taunt,0,,
lycanroc-midnight,champions,train,helping-hand,0,,
lycanroc-midnight,champions,train,brick-break,0,,
lycanroc-midnight,champions,train,knock-off,0,,
lycanroc-midnight,champions,train,endeavor,0,,
lycanroc-midnight,champions,train,hyper-voice,0,,
lycanroc-midnight,champions,train,rock-tomb,0,,
lycanroc-midnight,champions,train,iron-defense,0,,
lycanroc-midnight,champions,train,howl,0,,
lycanroc-midnight,champions,train,bulk-up,0,,
lycanroc-midnight,champions,train,rock-blast,0,,
lycanroc-midnight,champions,train,close-combat,0,,
lycanroc-midnight,champions,train,payback,0,,
lycanroc-midnight,champions,train,fling,0,,
lycanroc-midnight,champions,train,last-resort,0,,
lycanroc-midnight,champions,train,sucker-punch,0,,
lycanroc-midnight,champions,train,earth-power,0,,
lycanroc-midnight,champions,train,giga-impact,0,,
lycanroc-midnight,champions,train,shadow-claw,0,,
lycanroc-midnight,champions,train,thunder-fang,0,,
lycanroc-midnight,champions,train,fire-fang,0,,
lycanroc-midnight,champions,train,zen-headbutt,0,,
lycanroc-midnight,champions,train,iron-head,0,,
lycanroc-midnight,champions,train,stone-edge,0,,
lycanroc-midnight,champions,train,stealth-rock,0,,
lycanroc-midnight,champions,train,low-sweep,0,,
lycanroc-midnight,champions,train,foul-play,0,,
lycanroc-midnight,champions,train,round,0,,
lycanroc-midnight,champions,train,bulldoze,0,,
lycanroc-midnight,champions,train,snarl,0,,
lycanroc-midnight,champions,train,play-rough,0,,
lycanroc-midnight,champions,train,throat-chop,0,,
lycanroc-midnight,champions,train,psychic-fangs,0,,
lycanroc-midnight,champions,train,stomping-tantrum,0,,
lycanroc-midnight,champions,train,lash-out,0,,
lycanroc-midnight,champions,train,trailblaze,0,,
lycanroc-midnight,champions,train,upper-hand,0,,
mimikyu-busted,champions,train,swords-dance,0,,
mimikyu-busted,champions,train,hyper-beam,0,,
mimikyu-busted,champions,train,thunderbolt,0,,
mimikyu-busted,champions,train,thunder-wave,0,,
mimikyu-busted,champions,train,thunder,0,,
mimikyu-busted,champions,train,psychic,0,,
mimikyu-busted,champions,train,night-shade,0,,
mimikyu-busted,champions,train,screech,0,,
mimikyu-busted,champions,train,double-team,0,,
mimikyu-busted,champions,train,confuse-ray,0,,
mimikyu-busted,champions,train,light-screen,0,,
mimikyu-busted,champions,train,leech-life,0,,
mimikyu-busted,champions,train,rest,0,,
mimikyu-busted,champions,train,substitute,0,,
mimikyu-busted,champions,train,thief,0,,
mimikyu-busted,champions,train,snore,0,,
mimikyu-busted,champions,train,curse,0,,
mimikyu-busted,champions,train,spite,0,,
mimikyu-busted,champions,train,protect,0,,
mimikyu-busted,champions,train,destiny-bond,0,,
mimikyu-busted,champions,train,giga-drain,0,,
mimikyu-busted,champions,train,endure,0,,
mimikyu-busted,champions,train,charm,0,,
mimikyu-busted,champions,train,sleep-talk,0,,
mimikyu-busted,champions,train,safeguard,0,,
mimikyu-busted,champions,train,pain-split,0,,
mimikyu-busted,champions,train,rain-dance,0,,
mimikyu-busted,champions,train,sunny-day,0,,
mimikyu-busted,champions,train,psych-up,0,,
mimikyu-busted,champions,train,shadow-ball,0,,
mimikyu-busted,champions,train,beat-up,0,,
mimikyu-busted,champions,train,will-o-wisp,0,,
mimikyu-busted,champions,train,facade,0,,
mimikyu-busted,champions,train,taunt,0,,
mimikyu-busted,champions,train,trick,0,,
mimikyu-busted,champions,train,bulk-up,0,,
mimikyu-busted,champions,train,payback,0,,
mimikyu-busted,champions,train,fling,0,,
mimikyu-busted,champions,train,copycat,0,,
mimikyu-busted,champions,train,dark-pulse,0,,
mimikyu-busted,champions,train,night-slash,0,,
mimikyu-busted,champions,train,x-scissor,0,,
mimikyu-busted,champions,train,drain-punch,0,,
mimikyu-busted,champions,train,giga-impact,0,,
mimikyu-busted,champions,train,shadow-claw,0,,
mimikyu-busted,champions,train,shadow-sneak,0,,
mimikyu-busted,champions,train,trick-room,0,,
mimikyu-busted,champions,train,wood-hammer,0,,
mimikyu-busted,champions,train,magic-room,0,,
mimikyu-busted,champions,train,round,0,,
mimikyu-busted,champions,train,hex,0,,
mimikyu-busted,champions,train,phantom-force,0,,
mimikyu-busted,champions,train,draining-kiss,0,,
mimikyu-busted,champions,train,misty-terrain,0,,
mimikyu-busted,champions,train,play-rough,0,,
mimikyu-busted,champions,train,dazzling-gleam,0,,
mimikyu-busted,champions,train,baby-doll-eyes,0,,
mimikyu-busted,champions,train,burning-jealousy,0,,
mimikyu-busted,champions,train,pounce,0,,
mimikyu-busted,champions,train,trailblaze,0,,
lycanroc-dusk,champions,train,swords-dance,0,,
lycanroc-dusk,champions,train,body-slam,0,,
lycanroc-dusk,champions,train,thrash,0,,
lycanroc-dusk,champions,train,double-edge,0,,
lycanroc-dusk,champions,train,bite,0,,
lycanroc-dusk,champions,train,roar,0,,
lycanroc-dusk,champions,train,counter,0,,
lycanroc-dusk,champions,train,dig,0,,
lycanroc-dusk,champions,train,quick-attack,0,,
lycanroc-dusk,champions,train,double-team,0,,
lycanroc-dusk,champions,train,focus-energy,0,,
lycanroc-dusk,champions,train,rest,0,,
lycanroc-dusk,champions,train,rock-slide,0,,
lycanroc-dusk,champions,train,substitute,0,,
lycanroc-dusk,champions,train,snore,0,,
lycanroc-dusk,champions,train,reversal,0,,
lycanroc-dusk,champions,train,protect,0,,
lycanroc-dusk,champions,train,scary-face,0,,
lycanroc-dusk,champions,train,mud-slap,0,,
lycanroc-dusk,champions,train,outrage,0,,
lycanroc-dusk,champions,train,sandstorm,0,,
lycanroc-dusk,champions,train,endure,0,,
lycanroc-dusk,champions,train,charm,0,,
lycanroc-dusk,champions,train,sleep-talk,0,,
lycanroc-dusk,champions,train,iron-tail,0,,
lycanroc-dusk,champions,train,crunch,0,,
lycanroc-dusk,champions,train,facade,0,,
lycanroc-dusk,champions,train,taunt,0,,
lycanroc-dusk,champions,train,helping-hand,0,,
lycanroc-dusk,champions,train,brick-break,0,,
lycanroc-dusk,champions,train,endeavor,0,,
lycanroc-dusk,champions,train,hyper-voice,0,,
lycanroc-dusk,champions,train,crush-claw,0,,
lycanroc-dusk,champions,train,rock-tomb,0,,
lycanroc-dusk,champions,train,iron-defense,0,,
lycanroc-dusk,champions,train,howl,0,,
lycanroc-dusk,champions,train,bulk-up,0,,
lycanroc-dusk,champions,train,rock-blast,0,,
lycanroc-dusk,champions,train,close-combat,0,,
lycanroc-dusk,champions,train,last-resort,0,,
lycanroc-dusk,champions,train,sucker-punch,0,,
lycanroc-dusk,champions,train,earth-power,0,,
lycanroc-dusk,champions,train,giga-impact,0,,
lycanroc-dusk,champions,train,thunder-fang,0,,
lycanroc-dusk,champions,train,fire-fang,0,,
lycanroc-dusk,champions,train,zen-headbutt,0,,
lycanroc-dusk,champions,train,iron-head,0,,
lycanroc-dusk,champions,train,stone-edge,0,,
lycanroc-dusk,champions,train,stealth-rock,0,,
lycanroc-dusk,champions,train,round,0,,
lycanroc-dusk,champions,train,quick-guard,0,,
lycanroc-dusk,champions,train,bulldoze,0,,
lycanroc-dusk,champions,train,drill-run,0,,
lycanroc-dusk,champions,train,tail-slap,0,,
lycanroc-dusk,champions,train,snarl,0,,
lycanroc-dusk,champions,train,play-rough,0,,
lycanroc-dusk,champions,train,throat-chop,0,,
lycanroc-dusk,champions,train,psychic-fangs,0,,
lycanroc-dusk,champions,train,stomping-tantrum,0,,
lycanroc-dusk,champions,train,accelerock,0,,
lycanroc-dusk,champions,train,trailblaze,0,,
slowbro-galar,champions,train,ice-punch,0,,
slowbro-galar,champions,train,body-slam,0,,
slowbro-galar,champions,train,double-edge,0,,
slowbro-galar,champions,train,disable,0,,
slowbro-galar,champions,train,flamethrower,0,,
slowbro-galar,champions,train,hydro-pump,0,,
slowbro-galar,champions,train,surf,0,,
slowbro-galar,champions,train,ice-beam,0,,
slowbro-galar,champions,train,blizzard,0,,
slowbro-galar,champions,train,hyper-beam,0,,
slowbro-galar,champions,train,thunder-wave,0,,
slowbro-galar,champions,train,earthquake,0,,
slowbro-galar,champions,train,dig,0,,
slowbro-galar,champions,train,toxic,0,,
slowbro-galar,champions,train,psychic,0,,
slowbro-galar,champions,train,light-screen,0,,
slowbro-galar,champions,train,haze,0,,
slowbro-galar,champions,train,fire-blast,0,,
slowbro-galar,champions,train,waterfall,0,,
slowbro-galar,champions,train,amnesia,0,,
slowbro-galar,champions,train,rest,0,,
slowbro-galar,champions,train,tri-attack,0,,
slowbro-galar,champions,train,substitute,0,,
slowbro-galar,champions,train,snore,0,,
slowbro-galar,champions,train,curse,0,,
slowbro-galar,champions,train,protect,0,,
slowbro-galar,champions,train,scary-face,0,,
slowbro-galar,champions,train,belly-drum,0,,
slowbro-galar,champions,train,sludge-bomb,0,,
slowbro-galar,champions,train,icy-wind,0,,
slowbro-galar,champions,train,sandstorm,0,,
slowbro-galar,champions,train,endure,0,,
slowbro-galar,champions,train,sleep-talk,0,,
slowbro-galar,champions,train,safeguard,0,,
slowbro-galar,champions,train,iron-tail,0,,
slowbro-galar,champions,train,rain-dance,0,,
slowbro-galar,champions,train,sunny-day,0,,
slowbro-galar,champions,train,psych-up,0,,
slowbro-galar,champions,train,shadow-ball,0,,
slowbro-galar,champions,train,future-sight,0,,
slowbro-galar,champions,train,whirlpool,0,,
slowbro-galar,champions,train,facade,0,,
slowbro-galar,champions,train,helping-hand,0,,
slowbro-galar,champions,train,trick,0,,
slowbro-galar,champions,train,brick-break,0,,
slowbro-galar,champions,train,yawn,0,,
slowbro-galar,champions,train,skill-swap,0,,
slowbro-galar,champions,train,imprison,0,,
slowbro-galar,champions,train,dive,0,,
slowbro-galar,champions,train,slack-off,0,,
slowbro-galar,champions,train,weather-ball,0,,
slowbro-galar,champions,train,muddy-water,0,,
slowbro-galar,champions,train,iron-defense,0,,
slowbro-galar,champions,train,block,0,,
slowbro-galar,champions,train,mud-shot,0,,
slowbro-galar,champions,train,calm-mind,0,,
slowbro-galar,champions,train,rock-blast,0,,
slowbro-galar,champions,train,water-pulse,0,,
slowbro-galar,champions,train,fling,0,,
slowbro-galar,champions,train,toxic-spikes,0,,
slowbro-galar,champions,train,poison-jab,0,,
slowbro-galar,champions,train,power-gem,0,,
slowbro-galar,champions,train,drain-punch,0,,
slowbro-galar,champions,train,focus-blast,0,,
slowbro-galar,champions,train,giga-impact,0,,
slowbro-galar,champions,train,nasty-plot,0,,
slowbro-galar,champions,train,avalanche,0,,
slowbro-galar,champions,train,ice-fang,0,,
slowbro-galar,champions,train,zen-headbutt,0,,
slowbro-galar,champions,train,trick-room,0,,
slowbro-galar,champions,train,gunk-shot,0,,
slowbro-galar,champions,train,grass-knot,0,,
slowbro-galar,champions,train,wonder-room,0,,
slowbro-galar,champions,train,psyshock,0,,
slowbro-galar,champions,train,venoshock,0,,
slowbro-galar,champions,train,smack-down,0,,
slowbro-galar,champions,train,sludge-wave,0,,
slowbro-galar,champions,train,acid-spray,0,,
slowbro-galar,champions,train,foul-play,0,,
slowbro-galar,champions,train,round,0,,
slowbro-galar,champions,train,stored-power,0,,
slowbro-galar,champions,train,heal-pulse,0,,
slowbro-galar,champions,train,bulldoze,0,,
slowbro-galar,champions,train,razor-shell,0,,
slowbro-galar,champions,train,belch,0,,
slowbro-galar,champions,train,psychic-terrain,0,,
slowbro-galar,champions,train,liquidation,0,,
slowbro-galar,champions,train,body-press,0,,
slowbro-galar,champions,train,expanding-force,0,,
slowbro-galar,champions,train,shell-side-arm,0,,
slowbro-galar,champions,train,snowscape,0,,
slowbro-galar,champions,train,chilling-water,0,,
slowking-galar,champions,train,fire-punch,0,,
slowking-galar,champions,train,ice-punch,0,,
slowking-galar,champions,train,thunder-punch,0,,
slowking-galar,champions,train,body-slam,0,,
slowking-galar,champions,train,disable,0,,
slowking-galar,champions,train,flamethrower,0,,
slowking-galar,champions,train,hydro-pump,0,,
slowking-galar,champions,train,surf,0,,
slowking-galar,champions,train,ice-beam,0,,
slowking-galar,champions,train,blizzard,0,,
slowking-galar,champions,train,hyper-beam,0,,
slowking-galar,champions,train,thunder-wave,0,,
slowking-galar,champions,train,earthquake,0,,
slowking-galar,champions,train,dig,0,,
slowking-galar,champions,train,toxic,0,,
slowking-galar,champions,train,psychic,0,,
slowking-galar,champions,train,light-screen,0,,
slowking-galar,champions,train,fire-blast,0,,
slowking-galar,champions,train,waterfall,0,,
slowking-galar,champions,train,amnesia,0,,
slowking-galar,champions,train,rest,0,,
slowking-galar,champions,train,tri-attack,0,,
slowking-galar,champions,train,substitute,0,,
slowking-galar,champions,train,snore,0,,
slowking-galar,champions,train,curse,0,,
slowking-galar,champions,train,protect,0,,
slowking-galar,champions,train,scary-face,0,,
slowking-galar,champions,train,belly-drum,0,,
slowking-galar,champions,train,sludge-bomb,0,,
slowking-galar,champions,train,icy-wind,0,,
slowking-galar,champions,train,endure,0,,
slowking-galar,champions,train,swagger,0,,
slowking-galar,champions,train,sleep-talk,0,,
slowking-galar,champions,train,safeguard,0,,
slowking-galar,champions,train,iron-tail,0,,
slowking-galar,champions,train,rain-dance,0,,
slowking-galar,champions,train,sunny-day,0,,
slowking-galar,champions,train,psych-up,0,,
slowking-galar,champions,train,shadow-ball,0,,
slowking-galar,champions,train,future-sight,0,,
slowking-galar,champions,train,whirlpool,0,,
slowking-galar,champions,train,facade,0,,
slowking-galar,champions,train,taunt,0,,
slowking-galar,champions,train,helping-hand,0,,
slowking-galar,champions,train,trick,0,,
slowking-galar,champions,train,brick-break,0,,
slowking-galar,champions,train,yawn,0,,
slowking-galar,champions,train,skill-swap,0,,
slowking-galar,champions,train,imprison,0,,
slowking-galar,champions,train,dive,0,,
slowking-galar,champions,train,slack-off,0,,
slowking-galar,champions,train,weather-ball,0,,
slowking-galar,champions,train,muddy-water,0,,
slowking-galar,champions,train,iron-defense,0,,
slowking-galar,champions,train,block,0,,
slowking-galar,champions,train,mud-shot,0,,
slowking-galar,champions,train,calm-mind,0,,
slowking-galar,champions,train,water-pulse,0,,
slowking-galar,champions,train,fling,0,,
slowking-galar,champions,train,toxic-spikes,0,,
slowking-galar,champions,train,poison-jab,0,,
slowking-galar,champions,train,power-gem,0,,
slowking-galar,champions,train,drain-punch,0,,
slowking-galar,champions,train,focus-blast,0,,
slowking-galar,champions,train,giga-impact,0,,
slowking-galar,champions,train,nasty-plot,0,,
slowking-galar,champions,train,avalanche,0,,
slowking-galar,champions,train,zen-headbutt,0,,
slowking-galar,champions,train,trick-room,0,,
slowking-galar,champions,train,gunk-shot,0,,
slowking-galar,champions,train,grass-knot,0,,
slowking-galar,champions,train,wonder-room,0,,
slowking-galar,champions,train,psyshock,0,,
slowking-galar,champions,train,venoshock,0,,
slowking-galar,champions,train,sludge-wave,0,,
slowking-galar,champions,train,low-sweep,0,,
slowking-galar,champions,train,acid-spray,0,,
slowking-galar,champions,train,foul-play,0,,
slowking-galar,champions,train,round,0,,
slowking-galar,champions,train,stored-power,0,,
slowking-galar,champions,train,heal-pulse,0,,
slowking-galar,champions,train,hex,0,,
slowking-galar,champions,train,bulldoze,0,,
slowking-galar,champions,train,razor-shell,0,,
slowking-galar,champions,train,snarl,0,,
slowking-galar,champions,train,belch,0,,
slowking-galar,champions,train,psychic-terrain,0,,
slowking-galar,champions,train,stomping-tantrum,0,,
slowking-galar,champions,train,liquidation,0,,
slowking-galar,champions,train,expanding-force,0,,
slowking-galar,champions,train,eerie-spell,0,,
slowking-galar,champions,train,chilly-reception,0,,
slowking-galar,champions,train,snowscape,0,,
slowking-galar,champions,train,chilling-water,0,,
slowking-galar,champions,train,psychic-noise,0,,
stunfisk-galar,champions,train,bind,0,,
stunfisk-galar,champions,train,surf,0,,
stunfisk-galar,champions,train,counter,0,,
stunfisk-galar,champions,train,thunder-wave,0,,
stunfisk-galar,champions,train,earthquake,0,,
stunfisk-galar,champions,train,fissure,0,,
stunfisk-galar,champions,train,dig,0,,
stunfisk-galar,champions,train,screech,0,,
stunfisk-galar,champions,train,rest,0,,
stunfisk-galar,champions,train,rock-slide,0,,
stunfisk-galar,champions,train,substitute,0,,
stunfisk-galar,champions,train,snore,0,,
stunfisk-galar,champions,train,curse,0,,
stunfisk-galar,champions,train,flail,0,,
stunfisk-galar,champions,train,spite,0,,
stunfisk-galar,champions,train,protect,0,,
stunfisk-galar,champions,train,sludge-bomb,0,,
stunfisk-galar,champions,train,mud-slap,0,,
stunfisk-galar,champions,train,sandstorm,0,,
stunfisk-galar,champions,train,endure,0,,
stunfisk-galar,champions,train,attract,0,,
stunfisk-galar,champions,train,sleep-talk,0,,
stunfisk-galar,champions,train,pain-split,0,,
stunfisk-galar,champions,train,rain-dance,0,,
stunfisk-galar,champions,train,crunch,0,,
stunfisk-galar,champions,train,uproar,0,,
stunfisk-galar,champions,train,facade,0,,
stunfisk-galar,champions,train,yawn,0,,
stunfisk-galar,champions,train,rock-tomb,0,,
stunfisk-galar,champions,train,metal-sound,0,,
stunfisk-galar,champions,train,muddy-water,0,,
stunfisk-galar,champions,train,iron-defense,0,,
stunfisk-galar,champions,train,bounce,0,,
stunfisk-galar,champions,train,mud-shot,0,,
stunfisk-galar,champions,train,payback,0,,
stunfisk-galar,champions,train,sucker-punch,0,,
stunfisk-galar,champions,train,earth-power,0,,
stunfisk-galar,champions,train,ice-fang,0,,
stunfisk-galar,champions,train,flash-cannon,0,,
stunfisk-galar,champions,train,stone-edge,0,,
stunfisk-galar,champions,train,stealth-rock,0,,
stunfisk-galar,champions,train,sludge-wave,0,,
stunfisk-galar,champions,train,foul-play,0,,
stunfisk-galar,champions,train,round,0,,
stunfisk-galar,champions,train,scald,0,,
stunfisk-galar,champions,train,reflect-type,0,,
stunfisk-galar,champions,train,bulldoze,0,,
stunfisk-galar,champions,train,stomping-tantrum,0,,
stunfisk-galar,champions,train,snap-trap,0,,
stunfisk-galar,champions,train,steel-beam,0,,
stunfisk-galar,champions,train,terrain-pulse,0,,
stunfisk-galar,champions,train,lash-out,0,,
morpeko-hangry,champions,train,thunder-punch,0,,
morpeko-hangry,champions,train,thrash,0,,
morpeko-hangry,champions,train,double-edge,0,,
morpeko-hangry,champions,train,bite,0,,
morpeko-hangry,champions,train,thunderbolt,0,,
morpeko-hangry,champions,train,thunder-wave,0,,
morpeko-hangry,champions,train,thunder,0,,
morpeko-hangry,champions,train,agility,0,,
morpeko-hangry,champions,train,quick-attack,0,,
morpeko-hangry,champions,train,rest,0,,
morpeko-hangry,champions,train,super-fang,0,,
morpeko-hangry,champions,train,substitute,0,,
morpeko-hangry,champions,train,thief,0,,
morpeko-hangry,champions,train,reversal,0,,
morpeko-hangry,champions,train,spite,0,,
morpeko-hangry,champions,train,protect,0,,
morpeko-hangry,champions,train,scary-face,0,,
morpeko-hangry,champions,train,outrage,0,,
morpeko-hangry,champions,train,endure,0,,
morpeko-hangry,champions,train,swagger,0,,
morpeko-hangry,champions,train,sleep-talk,0,,
morpeko-hangry,champions,train,baton-pass,0,,
morpeko-hangry,champions,train,rapid-spin,0,,
morpeko-hangry,champions,train,crunch,0,,
morpeko-hangry,champions,train,fake-out,0,,
morpeko-hangry,champions,train,uproar,0,,
morpeko-hangry,champions,train,torment,0,,
morpeko-hangry,champions,train,flatter,0,,
morpeko-hangry,champions,train,facade,0,,
morpeko-hangry,champions,train,charge,0,,
morpeko-hangry,champions,train,taunt,0,,
morpeko-hangry,champions,train,brick-break,0,,
morpeko-hangry,champions,train,knock-off,0,,
morpeko-hangry,champions,train,endeavor,0,,
morpeko-hangry,champions,train,fake-tears,0,,
morpeko-hangry,champions,train,tickle,0,,
morpeko-hangry,champions,train,bullet-seed,0,,
morpeko-hangry,champions,train,fling,0,,
morpeko-hangry,champions,train,dark-pulse,0,,
morpeko-hangry,champions,train,seed-bomb,0,,
morpeko-hangry,champions,train,nasty-plot,0,,
morpeko-hangry,champions,train,thunder-fang,0,,
morpeko-hangry,champions,train,ice-fang,0,,
morpeko-hangry,champions,train,fire-fang,0,,
morpeko-hangry,champions,train,charge-beam,0,,
morpeko-hangry,champions,train,electro-ball,0,,
morpeko-hangry,champions,train,foul-play,0,,
morpeko-hangry,champions,train,quash,0,,
morpeko-hangry,champions,train,volt-switch,0,,
morpeko-hangry,champions,train,electroweb,0,,
morpeko-hangry,champions,train,wild-charge,0,,
morpeko-hangry,champions,train,snarl,0,,
morpeko-hangry,champions,train,parting-shot,0,,
morpeko-hangry,champions,train,eerie-impulse,0,,
morpeko-hangry,champions,train,electric-terrain,0,,
morpeko-hangry,champions,train,power-trip,0,,
morpeko-hangry,champions,train,psychic-fangs,0,,
morpeko-hangry,champions,train,stomping-tantrum,0,,
morpeko-hangry,champions,train,aura-wheel,0,,
morpeko-hangry,champions,train,lash-out,0,,
arcanine-hisui,champions,train,body-slam,0,,
arcanine-hisui,champions,train,thrash,0,,
arcanine-hisui,champions,train,double-edge,0,,
arcanine-hisui,champions,train,bite,0,,
arcanine-hisui,champions,train,roar,0,,
arcanine-hisui,champions,train,flamethrower,0,,
arcanine-hisui,champions,train,hyper-beam,0,,
arcanine-hisui,champions,train,solar-beam,0,,
arcanine-hisui,champions,train,fire-spin,0,,
arcanine-hisui,champions,train,dig,0,,
arcanine-hisui,champions,train,agility,0,,
arcanine-hisui,champions,train,fire-blast,0,,
arcanine-hisui,champions,train,rest,0,,
arcanine-hisui,champions,train,rock-slide,0,,
arcanine-hisui,champions,train,substitute,0,,
arcanine-hisui,champions,train,thief,0,,
arcanine-hisui,champions,train,snore,0,,
arcanine-hisui,champions,train,reversal,0,,
arcanine-hisui,champions,train,protect,0,,
arcanine-hisui,champions,train,scary-face,0,,
arcanine-hisui,champions,train,outrage,0,,
arcanine-hisui,champions,train,sandstorm,0,,
arcanine-hisui,champions,train,endure,0,,
arcanine-hisui,champions,train,sleep-talk,0,,
arcanine-hisui,champions,train,iron-tail,0,,
arcanine-hisui,champions,train,morning-sun,0,,
arcanine-hisui,champions,train,sunny-day,0,,
arcanine-hisui,champions,train,crunch,0,,
arcanine-hisui,champions,train,extreme-speed,0,,
arcanine-hisui,champions,train,heat-wave,0,,
arcanine-hisui,champions,train,will-o-wisp,0,,
arcanine-hisui,champions,train,facade,0,,
arcanine-hisui,champions,train,helping-hand,0,,
arcanine-hisui,champions,train,hyper-voice,0,,
arcanine-hisui,champions,train,overheat,0,,
arcanine-hisui,champions,train,rock-tomb,0,,
arcanine-hisui,champions,train,aerial-ace,0,,
arcanine-hisui,champions,train,howl,0,,
arcanine-hisui,champions,train,covet,0,,
arcanine-hisui,champions,train,rock-blast,0,,
arcanine-hisui,champions,train,close-combat,0,,
arcanine-hisui,champions,train,flare-blitz,0,,
arcanine-hisui,champions,train,dragon-pulse,0,,
arcanine-hisui,champions,train,power-gem,0,,
arcanine-hisui,champions,train,giga-impact,0,,
arcanine-hisui,champions,train,thunder-fang,0,,
arcanine-hisui,champions,train,fire-fang,0,,
arcanine-hisui,champions,train,iron-head,0,,
arcanine-hisui,champions,train,stone-edge,0,,
arcanine-hisui,champions,train,stealth-rock,0,,
arcanine-hisui,champions,train,head-smash,0,,
arcanine-hisui,champions,train,smack-down,0,,
arcanine-hisui,champions,train,flame-charge,0,,
arcanine-hisui,champions,train,round,0,,
arcanine-hisui,champions,train,bulldoze,0,,
arcanine-hisui,champions,train,wild-charge,0,,
arcanine-hisui,champions,train,heat-crash,0,,
arcanine-hisui,champions,train,snarl,0,,
arcanine-hisui,champions,train,burn-up,0,,
arcanine-hisui,champions,train,smart-strike,0,,
arcanine-hisui,champions,train,psychic-fangs,0,,
arcanine-hisui,champions,train,scorching-sands,0,,
arcanine-hisui,champions,train,raging-fury,0,,
arcanine-hisui,champions,train,temper-flare,0,,
typhlosion-hisui,champions,train,fire-punch,0,,
typhlosion-hisui,champions,train,thunder-punch,0,,
typhlosion-hisui,champions,train,mega-kick,0,,
typhlosion-hisui,champions,train,body-slam,0,,
typhlosion-hisui,champions,train,double-edge,0,,
typhlosion-hisui,champions,train,roar,0,,
typhlosion-hisui,champions,train,flamethrower,0,,
typhlosion-hisui,champions,train,hyper-beam,0,,
typhlosion-hisui,champions,train,low-kick,0,,
typhlosion-hisui,champions,train,solar-beam,0,,
typhlosion-hisui,champions,train,fire-spin,0,,
typhlosion-hisui,champions,train,earthquake,0,,
typhlosion-hisui,champions,train,dig,0,,
typhlosion-hisui,champions,train,quick-attack,0,,
typhlosion-hisui,champions,train,night-shade,0,,
typhlosion-hisui,champions,train,confuse-ray,0,,
typhlosion-hisui,champions,train,fire-blast,0,,
typhlosion-hisui,champions,train,rest,0,,
typhlosion-hisui,champions,train,rock-slide,0,,
typhlosion-hisui,champions,train,substitute,0,,
typhlosion-hisui,champions,train,snore,0,,
typhlosion-hisui,champions,train,curse,0,,
typhlosion-hisui,champions,train,reversal,0,,
typhlosion-hisui,champions,train,spite,0,,
typhlosion-hisui,champions,train,protect,0,,
typhlosion-hisui,champions,train,endure,0,,
typhlosion-hisui,champions,train,sleep-talk,0,,
typhlosion-hisui,champions,train,sunny-day,0,,
typhlosion-hisui,champions,train,shadow-ball,0,,
typhlosion-hisui,champions,train,heat-wave,0,,
typhlosion-hisui,champions,train,will-o-wisp,0,,
typhlosion-hisui,champions,train,facade,0,,
typhlosion-hisui,champions,train,focus-punch,0,,
typhlosion-hisui,champions,train,brick-break,0,,
typhlosion-hisui,champions,train,endeavor,0,,
typhlosion-hisui,champions,train,eruption,0,,
typhlosion-hisui,champions,train,blast-burn,0,,
typhlosion-hisui,champions,train,overheat,0,,
typhlosion-hisui,champions,train,extrasensory,0,,
typhlosion-hisui,champions,train,aerial-ace,0,,
typhlosion-hisui,champions,train,howl,0,,
typhlosion-hisui,champions,train,covet,0,,
typhlosion-hisui,champions,train,calm-mind,0,,
typhlosion-hisui,champions,train,gyro-ball,0,,
typhlosion-hisui,champions,train,flare-blitz,0,,
typhlosion-hisui,champions,train,focus-blast,0,,
typhlosion-hisui,champions,train,giga-impact,0,,
typhlosion-hisui,champions,train,shadow-claw,0,,
typhlosion-hisui,champions,train,fire-fang,0,,
typhlosion-hisui,champions,train,zen-headbutt,0,,
typhlosion-hisui,champions,train,lava-plume,0,,
typhlosion-hisui,champions,train,iron-head,0,,
typhlosion-hisui,champions,train,flame-charge,0,,
typhlosion-hisui,champions,train,round,0,,
typhlosion-hisui,champions,train,hex,0,,
typhlosion-hisui,champions,train,inferno,0,,
typhlosion-hisui,champions,train,bulldoze,0,,
typhlosion-hisui,champions,train,wild-charge,0,,
typhlosion-hisui,champions,train,play-rough,0,,
typhlosion-hisui,champions,train,mystical-fire,0,,
typhlosion-hisui,champions,train,burn-up,0,,
typhlosion-hisui,champions,train,stomping-tantrum,0,,
typhlosion-hisui,champions,train,burning-jealousy,0,,
typhlosion-hisui,champions,train,poltergeist,0,,
typhlosion-hisui,champions,train,infernal-parade,0,,
typhlosion-hisui,champions,train,temper-flare,0,,
samurott-hisui,champions,train,swords-dance,0,,
samurott-hisui,champions,train,body-slam,0,,
samurott-hisui,champions,train,hydro-pump,0,,
samurott-hisui,champions,train,surf,0,,
samurott-hisui,champions,train,ice-beam,0,,
samurott-hisui,champions,train,blizzard,0,,
samurott-hisui,champions,train,hyper-beam,0,,
samurott-hisui,champions,train,dig,0,,
samurott-hisui,champions,train,screech,0,,
samurott-hisui,champions,train,focus-energy,0,,
samurott-hisui,champions,train,waterfall,0,,
samurott-hisui,champions,train,rest,0,,
samurott-hisui,champions,train,substitute,0,,
samurott-hisui,champions,train,thief,0,,
samurott-hisui,champions,train,snore,0,,
samurott-hisui,champions,train,protect,0,,
samurott-hisui,champions,train,scary-face,0,,
samurott-hisui,champions,train,icy-wind,0,,
samurott-hisui,champions,train,detect,0,,
samurott-hisui,champions,train,endure,0,,
samurott-hisui,champions,train,sleep-talk,0,,
samurott-hisui,champions,train,megahorn,0,,
samurott-hisui,champions,train,encore,0,,
samurott-hisui,champions,train,iron-tail,0,,
samurott-hisui,champions,train,rain-dance,0,,
samurott-hisui,champions,train,whirlpool,0,,
samurott-hisui,champions,train,facade,0,,
samurott-hisui,champions,train,taunt,0,,
samurott-hisui,champions,train,helping-hand,0,,
samurott-hisui,champions,train,superpower,0,,
samurott-hisui,champions,train,brick-break,0,,
samurott-hisui,champions,train,knock-off,0,,
samurott-hisui,champions,train,dive,0,,
samurott-hisui,champions,train,hydro-cannon,0,,
samurott-hisui,champions,train,aerial-ace,0,,
samurott-hisui,champions,train,water-pulse,0,,
samurott-hisui,champions,train,assurance,0,,
samurott-hisui,champions,train,fling,0,,
samurott-hisui,champions,train,copycat,0,,
samurott-hisui,champions,train,sucker-punch,0,,
samurott-hisui,champions,train,dark-pulse,0,,
samurott-hisui,champions,train,night-slash,0,,
samurott-hisui,champions,train,aqua-tail,0,,
samurott-hisui,champions,train,air-slash,0,,
samurott-hisui,champions,train,x-scissor,0,,
samurott-hisui,champions,train,vacuum-wave,0,,
samurott-hisui,champions,train,giga-impact,0,,
samurott-hisui,champions,train,avalanche,0,,
samurott-hisui,champions,train,grass-knot,0,,
samurott-hisui,champions,train,aqua-jet,0,,
samurott-hisui,champions,train,soak,0,,
samurott-hisui,champions,train,round,0,,
samurott-hisui,champions,train,bulldoze,0,,
samurott-hisui,champions,train,drill-run,0,,
samurott-hisui,champions,train,sacred-sword,0,,
samurott-hisui,champions,train,razor-shell,0,,
samurott-hisui,champions,train,snarl,0,,
samurott-hisui,champions,train,throat-chop,0,,
samurott-hisui,champions,train,smart-strike,0,,
samurott-hisui,champions,train,liquidation,0,,
samurott-hisui,champions,train,lash-out,0,,
samurott-hisui,champions,train,flip-turn,0,,
samurott-hisui,champions,train,ceaseless-edge,0,,
samurott-hisui,champions,train,snowscape,0,,
samurott-hisui,champions,train,chilling-water,0,,
samurott-hisui,champions,train,aqua-cutter,0,,
samurott-hisui,champions,train,upper-hand,0,,
zoroark-hisui,champions,train,swords-dance,0,,
zoroark-hisui,champions,train,mega-kick,0,,
zoroark-hisui,champions,train,body-slam,0,,
zoroark-hisui,champions,train,roar,0,,
zoroark-hisui,champions,train,flamethrower,0,,
zoroark-hisui,champions,train,hyper-beam,0,,
zoroark-hisui,champions,train,low-kick,0,,
zoroark-hisui,champions,train,dig,0,,
zoroark-hisui,champions,train,psychic,0,,
zoroark-hisui,champions,train,agility,0,,
zoroark-hisui,champions,train,night-shade,0,,
zoroark-hisui,champions,train,confuse-ray,0,,
zoroark-hisui,champions,train,rest,0,,
zoroark-hisui,champions,train,substitute,0,,
zoroark-hisui,champions,train,thief,0,,
zoroark-hisui,champions,train,snore,0,,
zoroark-hisui,champions,train,curse,0,,
zoroark-hisui,champions,train,spite,0,,
zoroark-hisui,champions,train,protect,0,,
zoroark-hisui,champions,train,scary-face,0,,
zoroark-hisui,champions,train,sludge-bomb,0,,
zoroark-hisui,champions,train,icy-wind,0,,
zoroark-hisui,champions,train,detect,0,,
zoroark-hisui,champions,train,endure,0,,
zoroark-hisui,champions,train,sleep-talk,0,,
zoroark-hisui,champions,train,pain-split,0,,
zoroark-hisui,champions,train,rain-dance,0,,
zoroark-hisui,champions,train,crunch,0,,
zoroark-hisui,champions,train,psych-up,0,,
zoroark-hisui,champions,train,shadow-ball,0,,
zoroark-hisui,champions,train,uproar,0,,
zoroark-hisui,champions,train,torment,0,,
zoroark-hisui,champions,train,will-o-wisp,0,,
zoroark-hisui,champions,train,memento,0,,
zoroark-hisui,champions,train,facade,0,,
zoroark-hisui,champions,train,focus-punch,0,,
zoroark-hisui,champions,train,taunt,0,,
zoroark-hisui,champions,train,helping-hand,0,,
zoroark-hisui,champions,train,trick,0,,
zoroark-hisui,champions,train,brick-break,0,,
zoroark-hisui,champions,train,knock-off,0,,
zoroark-hisui,champions,train,imprison,0,,
zoroark-hisui,champions,train,hyper-voice,0,,
zoroark-hisui,champions,train,fake-tears,0,,
zoroark-hisui,champions,train,extrasensory,0,,
zoroark-hisui,champions,train,aerial-ace,0,,
zoroark-hisui,champions,train,bounce,0,,
zoroark-hisui,champions,train,calm-mind,0,,
zoroark-hisui,champions,train,u-turn,0,,
zoroark-hisui,champions,train,payback,0,,
zoroark-hisui,champions,train,assurance,0,,
zoroark-hisui,champions,train,fling,0,,
zoroark-hisui,champions,train,dark-pulse,0,,
zoroark-hisui,champions,train,focus-blast,0,,
zoroark-hisui,champions,train,giga-impact,0,,
zoroark-hisui,champions,train,nasty-plot,0,,
zoroark-hisui,champions,train,shadow-claw,0,,
zoroark-hisui,champions,train,shadow-sneak,0,,
zoroark-hisui,champions,train,grass-knot,0,,
zoroark-hisui,champions,train,low-sweep,0,,
zoroark-hisui,champions,train,foul-play,0,,
zoroark-hisui,champions,train,round,0,,
zoroark-hisui,champions,train,hex,0,,
zoroark-hisui,champions,train,snarl,0,,
zoroark-hisui,champions,train,phantom-force,0,,
zoroark-hisui,champions,train,throat-chop,0,,
zoroark-hisui,champions,train,skitter-smack,0,,
zoroark-hisui,champions,train,burning-jealousy,0,,
zoroark-hisui,champions,train,lash-out,0,,
zoroark-hisui,champions,train,poltergeist,0,,
zoroark-hisui,champions,train,bitter-malice,0,,
zoroark-hisui,champions,train,snowscape,0,,
zoroark-hisui,champions,train,comeuppance,0,,
goodra-hisui,champions,train,fire-punch,0,,
goodra-hisui,champions,train,thunder-punch,0,,
goodra-hisui,champions,train,body-slam,0,,
goodra-hisui,champions,train,flamethrower,0,,
goodra-hisui,champions,train,hydro-pump,0,,
goodra-hisui,champions,train,surf,0,,
goodra-hisui,champions,train,ice-beam,0,,
goodra-hisui,champions,train,blizzard,0,,
goodra-hisui,champions,train,hyper-beam,0,,
goodra-hisui,champions,train,counter,0,,
goodra-hisui,champions,train,thunderbolt,0,,
goodra-hisui,champions,train,thunder,0,,
goodra-hisui,champions,train,earthquake,0,,
goodra-hisui,champions,train,fire-blast,0,,
goodra-hisui,champions,train,rest,0,,
goodra-hisui,champions,train,rock-slide,0,,
goodra-hisui,champions,train,substitute,0,,
goodra-hisui,champions,train,curse,0,,
goodra-hisui,champions,train,flail,0,,
goodra-hisui,champions,train,protect,0,,
goodra-hisui,champions,train,scary-face,0,,
goodra-hisui,champions,train,sludge-bomb,0,,
goodra-hisui,champions,train,outrage,0,,
goodra-hisui,champions,train,sandstorm,0,,
goodra-hisui,champions,train,endure,0,,
goodra-hisui,champions,train,charm,0,,
goodra-hisui,champions,train,sleep-talk,0,,
goodra-hisui,champions,train,iron-tail,0,,
goodra-hisui,champions,train,rain-dance,0,,
goodra-hisui,champions,train,sunny-day,0,,
goodra-hisui,champions,train,ancient-power,0,,
goodra-hisui,champions,train,facade,0,,
goodra-hisui,champions,train,knock-off,0,,
goodra-hisui,champions,train,weather-ball,0,,
goodra-hisui,champions,train,rock-tomb,0,,
goodra-hisui,champions,train,muddy-water,0,,
goodra-hisui,champions,train,dragon-claw,0,,
goodra-hisui,champions,train,mud-shot,0,,
goodra-hisui,champions,train,water-pulse,0,,
goodra-hisui,champions,train,gyro-ball,0,,
goodra-hisui,champions,train,feint,0,,
goodra-hisui,champions,train,dragon-pulse,0,,
goodra-hisui,champions,train,giga-impact,0,,
goodra-hisui,champions,train,flash-cannon,0,,
goodra-hisui,champions,train,draco-meteor,0,,
goodra-hisui,champions,train,iron-head,0,,
goodra-hisui,champions,train,sludge-wave,0,,
goodra-hisui,champions,train,heavy-slam,0,,
goodra-hisui,champions,train,acid-spray,0,,
goodra-hisui,champions,train,bulldoze,0,,
goodra-hisui,champions,train,dragon-tail,0,,
goodra-hisui,champions,train,stomping-tantrum,0,,
goodra-hisui,champions,train,tearful-look,0,,
goodra-hisui,champions,train,body-press,0,,
goodra-hisui,champions,train,breaking-swipe,0,,
goodra-hisui,champions,train,life-dew,0,,
goodra-hisui,champions,train,steel-beam,0,,
goodra-hisui,champions,train,skitter-smack,0,,
goodra-hisui,champions,train,lash-out,0,,
goodra-hisui,champions,train,shelter,0,,
goodra-hisui,champions,train,ice-spinner,0,,
goodra-hisui,champions,train,chilling-water,0,,
goodra-hisui,champions,train,dragon-cheer,0,,
avalugg-hisui,champions,train,body-slam,0,,
avalugg-hisui,champions,train,double-edge,0,,
avalugg-hisui,champions,train,bite,0,,
avalugg-hisui,champions,train,ice-beam,0,,
avalugg-hisui,champions,train,blizzard,0,,
avalugg-hisui,champions,train,hyper-beam,0,,
avalugg-hisui,champions,train,earthquake,0,,
avalugg-hisui,champions,train,dig,0,,
avalugg-hisui,champions,train,recover,0,,
avalugg-hisui,champions,train,rest,0,,
avalugg-hisui,champions,train,rock-slide,0,,
avalugg-hisui,champions,train,substitute,0,,
avalugg-hisui,champions,train,curse,0,,
avalugg-hisui,champions,train,protect,0,,
avalugg-hisui,champions,train,scary-face,0,,
avalugg-hisui,champions,train,icy-wind,0,,
avalugg-hisui,champions,train,sandstorm,0,,
avalugg-hisui,champions,train,endure,0,,
avalugg-hisui,champions,train,sleep-talk,0,,
avalugg-hisui,champions,train,rapid-spin,0,,
avalugg-hisui,champions,train,rain-dance,0,,
avalugg-hisui,champions,train,crunch,0,,
avalugg-hisui,champions,train,mirror-coat,0,,
avalugg-hisui,champions,train,ancient-power,0,,
avalugg-hisui,champions,train,facade,0,,
avalugg-hisui,champions,train,rock-tomb,0,,
avalugg-hisui,champions,train,icicle-spear,0,,
avalugg-hisui,champions,train,iron-defense,0,,
avalugg-hisui,champions,train,rock-blast,0,,
avalugg-hisui,champions,train,gyro-ball,0,,
avalugg-hisui,champions,train,giga-impact,0,,
avalugg-hisui,champions,train,avalanche,0,,
avalugg-hisui,champions,train,ice-fang,0,,
avalugg-hisui,champions,train,iron-head,0,,
avalugg-hisui,champions,train,stone-edge,0,,
avalugg-hisui,champions,train,stealth-rock,0,,
avalugg-hisui,champions,train,wide-guard,0,,
avalugg-hisui,champions,train,heavy-slam,0,,
avalugg-hisui,champions,train,bulldoze,0,,
avalugg-hisui,champions,train,high-horsepower,0,,
avalugg-hisui,champions,train,aurora-veil,0,,
avalugg-hisui,champions,train,stomping-tantrum,0,,
avalugg-hisui,champions,train,body-press,0,,
avalugg-hisui,champions,train,meteor-beam,0,,
avalugg-hisui,champions,train,mountain-gale,0,,
avalugg-hisui,champions,train,ice-spinner,0,,
avalugg-hisui,champions,train,snowscape,0,,
avalugg-hisui,champions,train,chilling-water,0,,
avalugg-hisui,champions,train,hard-press,0,,
decidueye-hisui,champions,train,swords-dance,0,,
decidueye-hisui,champions,train,hyper-beam,0,,
decidueye-hisui,champions,train,low-kick,0,,
decidueye-hisui,champions,train,solar-beam,0,,
decidueye-hisui,champions,train,night-shade,0,,
decidueye-hisui,champions,train,double-team,0,,
decidueye-hisui,champions,train,confuse-ray,0,,
decidueye-hisui,champions,train,light-screen,0,,
decidueye-hisui,champions,train,haze,0,,
decidueye-hisui,champions,train,rest,0,,
decidueye-hisui,champions,train,substitute,0,,
decidueye-hisui,champions,train,snore,0,,
decidueye-hisui,champions,train,reversal,0,,
decidueye-hisui,champions,train,protect,0,,
decidueye-hisui,champions,train,scary-face,0,,
decidueye-hisui,champions,train,giga-drain,0,,
decidueye-hisui,champions,train,endure,0,,
decidueye-hisui,champions,train,steel-wing,0,,
decidueye-hisui,champions,train,sleep-talk,0,,
decidueye-hisui,champions,train,baton-pass,0,,
decidueye-hisui,champions,train,synthesis,0,,
decidueye-hisui,champions,train,rain-dance,0,,
decidueye-hisui,champions,train,sunny-day,0,,
decidueye-hisui,champions,train,facade,0,,
decidueye-hisui,champions,train,focus-punch,0,,
decidueye-hisui,champions,train,taunt,0,,
decidueye-hisui,champions,train,helping-hand,0,,
decidueye-hisui,champions,train,brick-break,0,,
decidueye-hisui,champions,train,knock-off,0,,
decidueye-hisui,champions,train,feather-dance,0,,
decidueye-hisui,champions,train,air-cutter,0,,
decidueye-hisui,champions,train,rock-tomb,0,,
decidueye-hisui,champions,train,bullet-seed,0,,
decidueye-hisui,champions,train,aerial-ace,0,,
decidueye-hisui,champions,train,frenzy-plant,0,,
decidueye-hisui,champions,train,bulk-up,0,,
decidueye-hisui,champions,train,leaf-blade,0,,
decidueye-hisui,champions,train,roost,0,,
decidueye-hisui,champions,train,pluck,0,,
decidueye-hisui,champions,train,tailwind,0,,
decidueye-hisui,champions,train,u-turn,0,,
decidueye-hisui,champions,train,close-combat,0,,
decidueye-hisui,champions,train,sucker-punch,0,,
decidueye-hisui,champions,train,aura-sphere,0,,
decidueye-hisui,champions,train,seed-bomb,0,,
decidueye-hisui,champions,train,air-slash,0,,
decidueye-hisui,champions,train,focus-blast,0,,
decidueye-hisui,champions,train,energy-ball,0,,
decidueye-hisui,champions,train,brave-bird,0,,
decidueye-hisui,champions,train,giga-impact,0,,
decidueye-hisui,champions,train,nasty-plot,0,,
decidueye-hisui,champions,train,shadow-claw,0,,
decidueye-hisui,champions,train,shadow-sneak,0,,
decidueye-hisui,champions,train,defog,0,,
decidueye-hisui,champions,train,leaf-storm,0,,
decidueye-hisui,champions,train,grass-knot,0,,
decidueye-hisui,champions,train,smack-down,0,,
decidueye-hisui,champions,train,low-sweep,0,,
decidueye-hisui,champions,train,round,0,,
decidueye-hisui,champions,train,grassy-terrain,0,,
decidueye-hisui,champions,train,grassy-glide,0,,
decidueye-hisui,champions,train,coaching,0,,
decidueye-hisui,champions,train,dual-wingbeat,0,,
decidueye-hisui,champions,train,triple-arrows,0,,
decidueye-hisui,champions,train,trailblaze,0,,
decidueye-hisui,champions,train,upper-hand,0,,
basculegion-female,champions,train,thrash,0,,
basculegion-female,champions,train,double-edge,0,,
basculegion-female,champions,train,bite,0,,
basculegion-female,champions,train,hydro-pump,0,,
basculegion-female,champions,train,surf,0,,
basculegion-female,champions,train,ice-beam,0,,
basculegion-female,champions,train,blizzard,0,,
basculegion-female,champions,train,hyper-beam,0,,
basculegion-female,champions,train,agility,0,,
basculegion-female,champions,train,night-shade,0,,
basculegion-female,champions,train,confuse-ray,0,,
basculegion-female,champions,train,waterfall,0,,
basculegion-female,champions,train,rest,0,,
basculegion-female,champions,train,substitute,0,,
basculegion-female,champions,train,flail,0,,
basculegion-female,champions,train,spite,0,,
basculegion-female,champions,train,protect,0,,
basculegion-female,champions,train,scary-face,0,,
basculegion-female,champions,train,icy-wind,0,,
basculegion-female,champions,train,outrage,0,,
basculegion-female,champions,train,endure,0,,
basculegion-female,champions,train,sleep-talk,0,,
basculegion-female,champions,train,pain-split,0,,
basculegion-female,champions,train,rain-dance,0,,
basculegion-female,champions,train,crunch,0,,
basculegion-female,champions,train,shadow-ball,0,,
basculegion-female,champions,train,whirlpool,0,,
basculegion-female,champions,train,uproar,0,,
basculegion-female,champions,train,facade,0,,
basculegion-female,champions,train,endeavor,0,,
basculegion-female,champions,train,muddy-water,0,,
basculegion-female,champions,train,mud-shot,0,,
basculegion-female,champions,train,water-pulse,0,,
basculegion-female,champions,train,giga-impact,0,,
basculegion-female,champions,train,ice-fang,0,,
basculegion-female,champions,train,zen-headbutt,0,,
basculegion-female,champions,train,aqua-jet,0,,
basculegion-female,champions,train,head-smash,0,,
basculegion-female,champions,train,soak,0,,
basculegion-female,champions,train,hex,0,,
basculegion-female,champions,train,phantom-force,0,,
basculegion-female,champions,train,psychic-fangs,0,,
basculegion-female,champions,train,liquidation,0,,
basculegion-female,champions,train,scale-shot,0,,
basculegion-female,champions,train,flip-turn,0,,
basculegion-female,champions,train,wave-crash,0,,
basculegion-female,champions,train,last-respects,0,,
basculegion-female,champions,train,snowscape,0,,
basculegion-female,champions,train,chilling-water,0,,
tauros-paldea-combat-breed,champions,train,body-slam,0,,
tauros-paldea-combat-breed,champions,train,thrash,0,,
tauros-paldea-combat-breed,champions,train,double-edge,0,,
tauros-paldea-combat-breed,champions,train,surf,0,,
tauros-paldea-combat-breed,champions,train,hyper-beam,0,,
tauros-paldea-combat-breed,champions,train,earthquake,0,,
tauros-paldea-combat-breed,champions,train,dig,0,,
tauros-paldea-combat-breed,champions,train,rest,0,,
tauros-paldea-combat-breed,champions,train,rock-slide,0,,
tauros-paldea-combat-breed,champions,train,substitute,0,,
tauros-paldea-combat-breed,champions,train,thief,0,,
tauros-paldea-combat-breed,champions,train,snore,0,,
tauros-paldea-combat-breed,champions,train,curse,0,,
tauros-paldea-combat-breed,champions,train,reversal,0,,
tauros-paldea-combat-breed,champions,train,protect,0,,
tauros-paldea-combat-breed,champions,train,scary-face,0,,
tauros-paldea-combat-breed,champions,train,outrage,0,,
tauros-paldea-combat-breed,champions,train,sandstorm,0,,
tauros-paldea-combat-breed,champions,train,endure,0,,
tauros-paldea-combat-breed,champions,train,swagger,0,,
tauros-paldea-combat-breed,champions,train,sleep-talk,0,,
tauros-paldea-combat-breed,champions,train,megahorn,0,,
tauros-paldea-combat-breed,champions,train,iron-tail,0,,
tauros-paldea-combat-breed,champions,train,rain-dance,0,,
tauros-paldea-combat-breed,champions,train,sunny-day,0,,
tauros-paldea-combat-breed,champions,train,uproar,0,,
tauros-paldea-combat-breed,champions,train,facade,0,,
tauros-paldea-combat-breed,champions,train,endeavor,0,,
tauros-paldea-combat-breed,champions,train,rock-tomb,0,,
tauros-paldea-combat-breed,champions,train,bulk-up,0,,
tauros-paldea-combat-breed,champions,train,close-combat,0,,
tauros-paldea-combat-breed,champions,train,assurance,0,,
tauros-paldea-combat-breed,champions,train,giga-impact,0,,
tauros-paldea-combat-breed,champions,train,zen-headbutt,0,,
tauros-paldea-combat-breed,champions,train,iron-head,0,,
tauros-paldea-combat-breed,champions,train,stone-edge,0,,
tauros-paldea-combat-breed,champions,train,round,0,,
tauros-paldea-combat-breed,champions,train,bulldoze,0,,
tauros-paldea-combat-breed,champions,train,wild-charge,0,,
tauros-paldea-combat-breed,champions,train,drill-run,0,,
tauros-paldea-combat-breed,champions,train,high-horsepower,0,,
tauros-paldea-combat-breed,champions,train,throat-chop,0,,
tauros-paldea-combat-breed,champions,train,smart-strike,0,,
tauros-paldea-combat-breed,champions,train,stomping-tantrum,0,,
tauros-paldea-combat-breed,champions,train,body-press,0,,
tauros-paldea-combat-breed,champions,train,lash-out,0,,
tauros-paldea-combat-breed,champions,train,raging-bull,0,,
tauros-paldea-combat-breed,champions,train,trailblaze,0,,
tauros-paldea-blaze-breed,champions,train,body-slam,0,,
tauros-paldea-blaze-breed,champions,train,thrash,0,,
tauros-paldea-blaze-breed,champions,train,double-edge,0,,
tauros-paldea-blaze-breed,champions,train,flamethrower,0,,
tauros-paldea-blaze-breed,champions,train,hyper-beam,0,,
tauros-paldea-blaze-breed,champions,train,fire-spin,0,,
tauros-paldea-blaze-breed,champions,train,earthquake,0,,
tauros-paldea-blaze-breed,champions,train,dig,0,,
tauros-paldea-blaze-breed,champions,train,fire-blast,0,,
tauros-paldea-blaze-breed,champions,train,rest,0,,
tauros-paldea-blaze-breed,champions,train,rock-slide,0,,
tauros-paldea-blaze-breed,champions,train,substitute,0,,
tauros-paldea-blaze-breed,champions,train,thief,0,,
tauros-paldea-blaze-breed,champions,train,snore,0,,
tauros-paldea-blaze-breed,champions,train,curse,0,,
tauros-paldea-blaze-breed,champions,train,reversal,0,,
tauros-paldea-blaze-breed,champions,train,protect,0,,
tauros-paldea-blaze-breed,champions,train,scary-face,0,,
tauros-paldea-blaze-breed,champions,train,outrage,0,,
tauros-paldea-blaze-breed,champions,train,sandstorm,0,,
tauros-paldea-blaze-breed,champions,train,endure,0,,
tauros-paldea-blaze-breed,champions,train,swagger,0,,
tauros-paldea-blaze-breed,champions,train,sleep-talk,0,,
tauros-paldea-blaze-breed,champions,train,megahorn,0,,
tauros-paldea-blaze-breed,champions,train,iron-tail,0,,
tauros-paldea-blaze-breed,champions,train,rain-dance,0,,
tauros-paldea-blaze-breed,champions,train,sunny-day,0,,
tauros-paldea-blaze-breed,champions,train,uproar,0,,
tauros-paldea-blaze-breed,champions,train,will-o-wisp,0,,
tauros-paldea-blaze-breed,champions,train,facade,0,,
tauros-paldea-blaze-breed,champions,train,endeavor,0,,
tauros-paldea-blaze-breed,champions,train,overheat,0,,
tauros-paldea-blaze-breed,champions,train,rock-tomb,0,,
tauros-paldea-blaze-breed,champions,train,bulk-up,0,,
tauros-paldea-blaze-breed,champions,train,close-combat,0,,
tauros-paldea-blaze-breed,champions,train,flare-blitz,0,,
tauros-paldea-blaze-breed,champions,train,giga-impact,0,,
tauros-paldea-blaze-breed,champions,train,zen-headbutt,0,,
tauros-paldea-blaze-breed,champions,train,iron-head,0,,
tauros-paldea-blaze-breed,champions,train,stone-edge,0,,
tauros-paldea-blaze-breed,champions,train,flame-charge,0,,
tauros-paldea-blaze-breed,champions,train,round,0,,
tauros-paldea-blaze-breed,champions,train,bulldoze,0,,
tauros-paldea-blaze-breed,champions,train,wild-charge,0,,
tauros-paldea-blaze-breed,champions,train,drill-run,0,,
tauros-paldea-blaze-breed,champions,train,high-horsepower,0,,
tauros-paldea-blaze-breed,champions,train,smart-strike,0,,
tauros-paldea-blaze-breed,champions,train,stomping-tantrum,0,,
tauros-paldea-blaze-breed,champions,train,body-press,0,,
tauros-paldea-blaze-breed,champions,train,lash-out,0,,
tauros-paldea-blaze-breed,champions,train,raging-bull,0,,
tauros-paldea-blaze-breed,champions,train,trailblaze,0,,
tauros-paldea-blaze-breed,champions,train,temper-flare,0,,
tauros-paldea-aqua-breed,champions,train,body-slam,0,,
tauros-paldea-aqua-breed,champions,train,thrash,0,,
tauros-paldea-aqua-breed,champions,train,double-edge,0,,
tauros-paldea-aqua-breed,champions,train,hydro-pump,0,,
tauros-paldea-aqua-breed,champions,train,surf,0,,
tauros-paldea-aqua-breed,champions,train,hyper-beam,0,,
tauros-paldea-aqua-breed,champions,train,earthquake,0,,
tauros-paldea-aqua-breed,champions,train,dig,0,,
tauros-paldea-aqua-breed,champions,train,rest,0,,
tauros-paldea-aqua-breed,champions,train,rock-slide,0,,
tauros-paldea-aqua-breed,champions,train,substitute,0,,
tauros-paldea-aqua-breed,champions,train,thief,0,,
tauros-paldea-aqua-breed,champions,train,snore,0,,
tauros-paldea-aqua-breed,champions,train,curse,0,,
tauros-paldea-aqua-breed,champions,train,reversal,0,,
tauros-paldea-aqua-breed,champions,train,protect,0,,
tauros-paldea-aqua-breed,champions,train,scary-face,0,,
tauros-paldea-aqua-breed,champions,train,outrage,0,,
tauros-paldea-aqua-breed,champions,train,sandstorm,0,,
tauros-paldea-aqua-breed,champions,train,endure,0,,
tauros-paldea-aqua-breed,champions,train,swagger,0,,
tauros-paldea-aqua-breed,champions,train,sleep-talk,0,,
tauros-paldea-aqua-breed,champions,train,megahorn,0,,
tauros-paldea-aqua-breed,champions,train,iron-tail,0,,
tauros-paldea-aqua-breed,champions,train,rain-dance,0,,
tauros-paldea-aqua-breed,champions,train,whirlpool,0,,
tauros-paldea-aqua-breed,champions,train,uproar,0,,
tauros-paldea-aqua-breed,champions,train,facade,0,,
tauros-paldea-aqua-breed,champions,train,endeavor,0,,
tauros-paldea-aqua-breed,champions,train,rock-tomb,0,,
tauros-paldea-aqua-breed,champions,train,bulk-up,0,,
tauros-paldea-aqua-breed,champions,train,water-pulse,0,,
tauros-paldea-aqua-breed,champions,train,close-combat,0,,
tauros-paldea-aqua-breed,champions,train,giga-impact,0,,
tauros-paldea-aqua-breed,champions,train,zen-headbutt,0,,
tauros-paldea-aqua-breed,champions,train,iron-head,0,,
tauros-paldea-aqua-breed,champions,train,stone-edge,0,,
tauros-paldea-aqua-breed,champions,train,aqua-jet,0,,
tauros-paldea-aqua-breed,champions,train,round,0,,
tauros-paldea-aqua-breed,champions,train,bulldoze,0,,
tauros-paldea-aqua-breed,champions,train,wild-charge,0,,
tauros-paldea-aqua-breed,champions,train,drill-run,0,,
tauros-paldea-aqua-breed,champions,train,high-horsepower,0,,
tauros-paldea-aqua-breed,champions,train,smart-strike,0,,
tauros-paldea-aqua-breed,champions,train,stomping-tantrum,0,,
tauros-paldea-aqua-breed,champions,train,liquidation,0,,
tauros-paldea-aqua-breed,champions,train,body-press,0,,
tauros-paldea-aqua-breed,champions,train,lash-out,0,,
tauros-paldea-aqua-breed,champions,train,wave-crash,0,,
tauros-paldea-aqua-breed,champions,train,raging-bull,0,,
tauros-paldea-aqua-breed,champions,train,trailblaze,0,,
tauros-paldea-aqua-breed,champions,train,chilling-water,0,,
palafin-hero,champions,train,ice-punch,0,,
palafin-hero,champions,train,body-slam,0,,
palafin-hero,champions,train,hydro-pump,0,,
palafin-hero,champions,train,surf,0,,
palafin-hero,champions,train,ice-beam,0,,
palafin-hero,champions,train,blizzard,0,,
palafin-hero,champions,train,hyper-beam,0,,
palafin-hero,champions,train,counter,0,,
palafin-hero,champions,train,agility,0,,
palafin-hero,champions,train,haze,0,,
palafin-hero,champions,train,focus-energy,0,,
palafin-hero,champions,train,waterfall,0,,
palafin-hero,champions,train,rest,0,,
palafin-hero,champions,train,substitute,0,,
palafin-hero,champions,train,reversal,0,,
palafin-hero,champions,train,protect,0,,
palafin-hero,champions,train,icy-wind,0,,
palafin-hero,champions,train,outrage,0,,
palafin-hero,champions,train,endure,0,,
palafin-hero,champions,train,charm,0,,
palafin-hero,champions,train,sleep-talk,0,,
palafin-hero,champions,train,encore,0,,
palafin-hero,champions,train,rain-dance,0,,
palafin-hero,champions,train,psych-up,0,,
palafin-hero,champions,train,whirlpool,0,,
palafin-hero,champions,train,facade,0,,
palafin-hero,champions,train,focus-punch,0,,
palafin-hero,champions,train,taunt,0,,
palafin-hero,champions,train,helping-hand,0,,
palafin-hero,champions,train,endeavor,0,,
palafin-hero,champions,train,dive,0,,
palafin-hero,champions,train,hyper-voice,0,,
palafin-hero,champions,train,tickle,0,,
palafin-hero,champions,train,bulk-up,0,,
palafin-hero,champions,train,bounce,0,,
palafin-hero,champions,train,water-pulse,0,,
palafin-hero,champions,train,close-combat,0,,
palafin-hero,champions,train,fling,0,,
palafin-hero,champions,train,aura-sphere,0,,
palafin-hero,champions,train,aqua-tail,0,,
palafin-hero,champions,train,drain-punch,0,,
palafin-hero,champions,train,focus-blast,0,,
palafin-hero,champions,train,giga-impact,0,,
palafin-hero,champions,train,zen-headbutt,0,,
palafin-hero,champions,train,iron-head,0,,
palafin-hero,champions,train,grass-knot,0,,
palafin-hero,champions,train,aqua-jet,0,,
palafin-hero,champions,train,double-hit,0,,
palafin-hero,champions,train,acrobatics,0,,
palafin-hero,champions,train,draining-kiss,0,,
palafin-hero,champions,train,boomburst,0,,
palafin-hero,champions,train,throat-chop,0,,
palafin-hero,champions,train,liquidation,0,,
palafin-hero,champions,train,flip-turn,0,,
palafin-hero,champions,train,wave-crash,0,,
palafin-hero,champions,train,jet-punch,0,,
palafin-hero,champions,train,chilling-water,0,,
palafin-hero,champions,train,hard-press,0,,
maushold-family-of-three,champions,train,double-edge,0,,
maushold-family-of-three,champions,train,bite,0,,
maushold-family-of-three,champions,train,hyper-beam,0,,
maushold-family-of-three,champions,train,low-kick,0,,
maushold-family-of-three,champions,train,thunder-wave,0,,
maushold-family-of-three,champions,train,dig,0,,
maushold-family-of-three,champions,train,agility,0,,
maushold-family-of-three,champions,train,rest,0,,
maushold-family-of-three,champions,train,super-fang,0,,
maushold-family-of-three,champions,train,substitute,0,,
maushold-family-of-three,champions,train,thief,0,,
maushold-family-of-three,champions,train,protect,0,,
maushold-family-of-three,champions,train,mud-slap,0,,
maushold-family-of-three,champions,train,endure,0,,
maushold-family-of-three,champions,train,charm,0,,
maushold-family-of-three,champions,train,sleep-talk,0,,
maushold-family-of-three,champions,train,baton-pass,0,,
maushold-family-of-three,champions,train,encore,0,,
maushold-family-of-three,champions,train,rain-dance,0,,
maushold-family-of-three,champions,train,sunny-day,0,,
maushold-family-of-three,champions,train,crunch,0,,
maushold-family-of-three,champions,train,beat-up,0,,
maushold-family-of-three,champions,train,facade,0,,
maushold-family-of-three,champions,train,follow-me,0,,
maushold-family-of-three,champions,train,taunt,0,,
maushold-family-of-three,champions,train,helping-hand,0,,
maushold-family-of-three,champions,train,hyper-voice,0,,
maushold-family-of-three,champions,train,fake-tears,0,,
maushold-family-of-three,champions,train,tickle,0,,
maushold-family-of-three,champions,train,bullet-seed,0,,
maushold-family-of-three,champions,train,aerial-ace,0,,
maushold-family-of-three,champions,train,mud-shot,0,,
maushold-family-of-three,champions,train,water-pulse,0,,
maushold-family-of-three,champions,train,feint,0,,
maushold-family-of-three,champions,train,u-turn,0,,
maushold-family-of-three,champions,train,copycat,0,,
maushold-family-of-three,champions,train,seed-bomb,0,,
maushold-family-of-three,champions,train,switcheroo,0,,
maushold-family-of-three,champions,train,giga-impact,0,,
maushold-family-of-three,champions,train,shadow-claw,0,,
maushold-family-of-three,champions,train,grass-knot,0,,
maushold-family-of-three,champions,train,double-hit,0,,
maushold-family-of-three,champions,train,low-sweep,0,,
maushold-family-of-three,champions,train,after-you,0,,
maushold-family-of-three,champions,train,play-rough,0,,
maushold-family-of-three,champions,train,baby-doll-eyes,0,,
maushold-family-of-three,champions,train,population-bomb,0,,
maushold-family-of-three,champions,train,tidy-up,0,,
maushold-family-of-three,champions,train,trailblaze,0,,
maushold-family-of-three,champions,train,chilling-water,0,,
clefable-mega,champions,train,fire-punch,0,,
clefable-mega,champions,train,ice-punch,0,,
clefable-mega,champions,train,thunder-punch,0,,
clefable-mega,champions,train,body-slam,0,,
clefable-mega,champions,train,double-edge,0,,
clefable-mega,champions,train,sing,0,,
clefable-mega,champions,train,flamethrower,0,,
clefable-mega,champions,train,ice-beam,0,,
clefable-mega,champions,train,blizzard,0,,
clefable-mega,champions,train,hyper-beam,0,,
clefable-mega,champions,train,solar-beam,0,,
clefable-mega,champions,train,thunderbolt,0,,
clefable-mega,champions,train,thunder-wave,0,,
clefable-mega,champions,train,thunder,0,,
clefable-mega,champions,train,dig,0,,
clefable-mega,champions,train,psychic,0,,
clefable-mega,champions,train,night-shade,0,,
clefable-mega,champions,train,light-screen,0,,
clefable-mega,champions,train,reflect,0,,
clefable-mega,champions,train,fire-blast,0,,
clefable-mega,champions,train,amnesia,0,,
clefable-mega,champions,train,rest,0,,
clefable-mega,champions,train,tri-attack,0,,
clefable-mega,champions,train,substitute,0,,
clefable-mega,champions,train,thief,0,,
clefable-mega,champions,train,snore,0,,
clefable-mega,champions,train,protect,0,,
clefable-mega,champions,train,sweet-kiss,0,,
clefable-mega,champions,train,icy-wind,0,,
clefable-mega,champions,train,endure,0,,
clefable-mega,champions,train,charm,0,,
clefable-mega,champions,train,sleep-talk,0,,
clefable-mega,champions,train,safeguard,0,,
clefable-mega,champions,train,baton-pass,0,,
clefable-mega,champions,train,encore,0,,
clefable-mega,champions,train,moonlight,0,,
clefable-mega,champions,train,rain-dance,0,,
clefable-mega,champions,train,sunny-day,0,,
clefable-mega,champions,train,psych-up,0,,
clefable-mega,champions,train,shadow-ball,0,,
clefable-mega,champions,train,future-sight,0,,
clefable-mega,champions,train,uproar,0,,
clefable-mega,champions,train,facade,0,,
clefable-mega,champions,train,focus-punch,0,,
clefable-mega,champions,train,follow-me,0,,
clefable-mega,champions,train,helping-hand,0,,
clefable-mega,champions,train,trick,0,,
clefable-mega,champions,train,wish,0,,
clefable-mega,champions,train,brick-break,0,,
clefable-mega,champions,train,knock-off,0,,
clefable-mega,champions,train,endeavor,0,,
clefable-mega,champions,train,skill-swap,0,,
clefable-mega,champions,train,imprison,0,,
clefable-mega,champions,train,hyper-voice,0,,
clefable-mega,champions,train,meteor-mash,0,,
clefable-mega,champions,train,fake-tears,0,,
clefable-mega,champions,train,tickle,0,,
clefable-mega,champions,train,cosmic-power,0,,
clefable-mega,champions,train,bounce,0,,
clefable-mega,champions,train,calm-mind,0,,
clefable-mega,champions,train,water-pulse,0,,
clefable-mega,champions,train,gravity,0,,
clefable-mega,champions,train,healing-wish,0,,
clefable-mega,champions,train,fling,0,,
clefable-mega,champions,train,copycat,0,,
clefable-mega,champions,train,air-slash,0,,
clefable-mega,champions,train,drain-punch,0,,
clefable-mega,champions,train,focus-blast,0,,
clefable-mega,champions,train,giga-impact,0,,
clefable-mega,champions,train,zen-headbutt,0,,
clefable-mega,champions,train,stealth-rock,0,,
clefable-mega,champions,train,grass-knot,0,,
clefable-mega,champions,train,charge-beam,0,,
clefable-mega,champions,train,wonder-room,0,,
clefable-mega,champions,train,psyshock,0,,
clefable-mega,champions,train,after-you,0,,
clefable-mega,champions,train,round,0,,
clefable-mega,champions,train,stored-power,0,,
clefable-mega,champions,train,heal-pulse,0,,
clefable-mega,champions,train,draining-kiss,0,,
clefable-mega,champions,train,misty-terrain,0,,
clefable-mega,champions,train,play-rough,0,,
clefable-mega,champions,train,moonblast,0,,
clefable-mega,champions,train,mystical-fire,0,,
clefable-mega,champions,train,dazzling-gleam,0,,
clefable-mega,champions,train,life-dew,0,,
clefable-mega,champions,train,meteor-beam,0,,
clefable-mega,champions,train,misty-explosion,0,,
clefable-mega,champions,train,dual-wingbeat,0,,
clefable-mega,champions,train,chilling-water,0,,
clefable-mega,champions,train,alluring-voice,0,,
victreebel-mega,champions,train,swords-dance,0,,
victreebel-mega,champions,train,body-slam,0,,
victreebel-mega,champions,train,wrap,0,,
victreebel-mega,champions,train,hyper-beam,0,,
victreebel-mega,champions,train,growth,0,,
victreebel-mega,champions,train,solar-beam,0,,
victreebel-mega,champions,train,poison-powder,0,,
victreebel-mega,champions,train,stun-spore,0,,
victreebel-mega,champions,train,sleep-powder,0,,
victreebel-mega,champions,train,toxic,0,,
victreebel-mega,champions,train,reflect,0,,
victreebel-mega,champions,train,leech-life,0,,
victreebel-mega,champions,train,rest,0,,
victreebel-mega,champions,train,substitute,0,,
victreebel-mega,champions,train,thief,0,,
victreebel-mega,champions,train,snore,0,,
victreebel-mega,champions,train,protect,0,,
victreebel-mega,champions,train,scary-face,0,,
victreebel-mega,champions,train,sludge-bomb,0,,
victreebel-mega,champions,train,giga-drain,0,,
victreebel-mega,champions,train,endure,0,,
victreebel-mega,champions,train,sleep-talk,0,,
victreebel-mega,champions,train,encore,0,,
victreebel-mega,champions,train,sweet-scent,0,,
victreebel-mega,champions,train,synthesis,0,,
victreebel-mega,champions,train,sunny-day,0,,
victreebel-mega,champions,train,stockpile,0,,
victreebel-mega,champions,train,spit-up,0,,
victreebel-mega,champions,train,swallow,0,,
victreebel-mega,champions,train,facade,0,,
victreebel-mega,champions,train,ingrain,0,,
victreebel-mega,champions,train,knock-off,0,,
victreebel-mega,champions,train,weather-ball,0,,
victreebel-mega,champions,train,tickle,0,,
victreebel-mega,champions,train,bullet-seed,0,,
victreebel-mega,champions,train,leaf-blade,0,,
victreebel-mega,champions,train,gastro-acid,0,,
victreebel-mega,champions,train,worry-seed,0,,
victreebel-mega,champions,train,sucker-punch,0,,
victreebel-mega,champions,train,toxic-spikes,0,,
victreebel-mega,champions,train,poison-jab,0,,
victreebel-mega,champions,train,seed-bomb,0,,
victreebel-mega,champions,train,energy-ball,0,,
victreebel-mega,champions,train,giga-impact,0,,
victreebel-mega,champions,train,leaf-storm,0,,
victreebel-mega,champions,train,power-whip,0,,
victreebel-mega,champions,train,grass-knot,0,,
victreebel-mega,champions,train,bug-bite,0,,
victreebel-mega,champions,train,venoshock,0,,
victreebel-mega,champions,train,sludge-wave,0,,
victreebel-mega,champions,train,acid-spray,0,,
victreebel-mega,champions,train,round,0,,
victreebel-mega,champions,train,clear-smog,0,,
victreebel-mega,champions,train,grassy-terrain,0,,
victreebel-mega,champions,train,strength-sap,0,,
victreebel-mega,champions,train,lunge,0,,
victreebel-mega,champions,train,grassy-glide,0,,
victreebel-mega,champions,train,pounce,0,,
victreebel-mega,champions,train,trailblaze,0,,
starmie-mega,champions,train,double-edge,0,,
starmie-mega,champions,train,hydro-pump,0,,
starmie-mega,champions,train,surf,0,,
starmie-mega,champions,train,ice-beam,0,,
starmie-mega,champions,train,blizzard,0,,
starmie-mega,champions,train,hyper-beam,0,,
starmie-mega,champions,train,thunderbolt,0,,
starmie-mega,champions,train,thunder-wave,0,,
starmie-mega,champions,train,thunder,0,,
starmie-mega,champions,train,psychic,0,,
starmie-mega,champions,train,agility,0,,
starmie-mega,champions,train,recover,0,,
starmie-mega,champions,train,minimize,0,,
starmie-mega,champions,train,confuse-ray,0,,
starmie-mega,champions,train,light-screen,0,,
starmie-mega,champions,train,reflect,0,,
starmie-mega,champions,train,self-destruct,0,,
starmie-mega,champions,train,waterfall,0,,
starmie-mega,champions,train,rest,0,,
starmie-mega,champions,train,tri-attack,0,,
starmie-mega,champions,train,substitute,0,,
starmie-mega,champions,train,snore,0,,
starmie-mega,champions,train,protect,0,,
starmie-mega,champions,train,icy-wind,0,,
starmie-mega,champions,train,endure,0,,
starmie-mega,champions,train,sleep-talk,0,,
starmie-mega,champions,train,safeguard,0,,
starmie-mega,champions,train,rapid-spin,0,,
starmie-mega,champions,train,rain-dance,0,,
starmie-mega,champions,train,ancient-power,0,,
starmie-mega,champions,train,whirlpool,0,,
starmie-mega,champions,train,facade,0,,
starmie-mega,champions,train,trick,0,,
starmie-mega,champions,train,skill-swap,0,,
starmie-mega,champions,train,dive,0,,
starmie-mega,champions,train,cosmic-power,0,,
starmie-mega,champions,train,bulk-up,0,,
starmie-mega,champions,train,water-pulse,0,,
starmie-mega,champions,train,gravity,0,,
starmie-mega,champions,train,gyro-ball,0,,
starmie-mega,champions,train,power-gem,0,,
starmie-mega,champions,train,giga-impact,0,,
starmie-mega,champions,train,avalanche,0,,
starmie-mega,champions,train,psycho-cut,0,,
starmie-mega,champions,train,zen-headbutt,0,,
starmie-mega,champions,train,flash-cannon,0,,
starmie-mega,champions,train,trick-room,0,,
starmie-mega,champions,train,grass-knot,0,,
starmie-mega,champions,train,charge-beam,0,,
starmie-mega,champions,train,aqua-jet,0,,
starmie-mega,champions,train,wonder-room,0,,
starmie-mega,champions,train,psyshock,0,,
starmie-mega,champions,train,round,0,,
starmie-mega,champions,train,ally-switch,0,,
starmie-mega,champions,train,scald,0,,
starmie-mega,champions,train,dazzling-gleam,0,,
starmie-mega,champions,train,liquidation,0,,
starmie-mega,champions,train,expanding-force,0,,
starmie-mega,champions,train,meteor-beam,0,,
starmie-mega,champions,train,flip-turn,0,,
starmie-mega,champions,train,ice-spinner,0,,
starmie-mega,champions,train,chilling-water,0,,
dragonite-mega,champions,train,fire-punch,0,,
dragonite-mega,champions,train,ice-punch,0,,
dragonite-mega,champions,train,thunder-punch,0,,
dragonite-mega,champions,train,whirlwind,0,,
dragonite-mega,champions,train,fly,0,,
dragonite-mega,champions,train,mega-kick,0,,
dragonite-mega,champions,train,body-slam,0,,
dragonite-mega,champions,train,wrap,0,,
dragonite-mega,champions,train,roar,0,,
dragonite-mega,champions,train,flamethrower,0,,
dragonite-mega,champions,train,hydro-pump,0,,
dragonite-mega,champions,train,surf,0,,
dragonite-mega,champions,train,ice-beam,0,,
dragonite-mega,champions,train,blizzard,0,,
dragonite-mega,champions,train,hyper-beam,0,,
dragonite-mega,champions,train,low-kick,0,,
dragonite-mega,champions,train,fire-spin,0,,
dragonite-mega,champions,train,thunderbolt,0,,
dragonite-mega,champions,train,thunder-wave,0,,
dragonite-mega,champions,train,thunder,0,,
dragonite-mega,champions,train,earthquake,0,,
dragonite-mega,champions,train,agility,0,,
dragonite-mega,champions,train,light-screen,0,,
dragonite-mega,champions,train,haze,0,,
dragonite-mega,champions,train,fire-blast,0,,
dragonite-mega,champions,train,waterfall,0,,
dragonite-mega,champions,train,rest,0,,
dragonite-mega,champions,train,rock-slide,0,,
dragonite-mega,champions,train,substitute,0,,
dragonite-mega,champions,train,snore,0,,
dragonite-mega,champions,train,protect,0,,
dragonite-mega,champions,train,scary-face,0,,
dragonite-mega,champions,train,icy-wind,0,,
dragonite-mega,champions,train,outrage,0,,
dragonite-mega,champions,train,sandstorm,0,,
dragonite-mega,champions,train,endure,0,,
dragonite-mega,champions,train,steel-wing,0,,
dragonite-mega,champions,train,sleep-talk,0,,
dragonite-mega,champions,train,safeguard,0,,
dragonite-mega,champions,train,iron-tail,0,,
dragonite-mega,champions,train,rain-dance,0,,
dragonite-mega,champions,train,sunny-day,0,,
dragonite-mega,champions,train,extreme-speed,0,,
dragonite-mega,champions,train,heat-wave,0,,
dragonite-mega,champions,train,facade,0,,
dragonite-mega,champions,train,focus-punch,0,,
dragonite-mega,champions,train,helping-hand,0,,
dragonite-mega,champions,train,superpower,0,,
dragonite-mega,champions,train,brick-break,0,,
dragonite-mega,champions,train,dive,0,,
dragonite-mega,champions,train,weather-ball,0,,
dragonite-mega,champions,train,air-cutter,0,,
dragonite-mega,champions,train,rock-tomb,0,,
dragonite-mega,champions,train,aerial-ace,0,,
dragonite-mega,champions,train,dragon-claw,0,,
dragonite-mega,champions,train,dragon-dance,0,,
dragonite-mega,champions,train,water-pulse,0,,
dragonite-mega,champions,train,roost,0,,
dragonite-mega,champions,train,tailwind,0,,
dragonite-mega,champions,train,fling,0,,
dragonite-mega,champions,train,aqua-tail,0,,
dragonite-mega,champions,train,air-slash,0,,
dragonite-mega,champions,train,dragon-pulse,0,,
dragonite-mega,champions,train,dragon-rush,0,,
dragonite-mega,champions,train,focus-blast,0,,
dragonite-mega,champions,train,giga-impact,0,,
dragonite-mega,champions,train,draco-meteor,0,,
dragonite-mega,champions,train,iron-head,0,,
dragonite-mega,champions,train,stone-edge,0,,
dragonite-mega,champions,train,aqua-jet,0,,
dragonite-mega,champions,train,round,0,,
dragonite-mega,champions,train,bulldoze,0,,
dragonite-mega,champions,train,dragon-tail,0,,
dragonite-mega,champions,train,hurricane,0,,
dragonite-mega,champions,train,brutal-swing,0,,
dragonite-mega,champions,train,stomping-tantrum,0,,
dragonite-mega,champions,train,body-press,0,,
dragonite-mega,champions,train,breaking-swipe,0,,
dragonite-mega,champions,train,scale-shot,0,,
dragonite-mega,champions,train,ice-spinner,0,,
dragonite-mega,champions,train,snowscape,0,,
dragonite-mega,champions,train,chilling-water,0,,
dragonite-mega,champions,train,dragon-cheer,0,,
meganium-mega,champions,train,swords-dance,0,,
meganium-mega,champions,train,body-slam,0,,
meganium-mega,champions,train,double-edge,0,,
meganium-mega,champions,train,hyper-beam,0,,
meganium-mega,champions,train,counter,0,,
meganium-mega,champions,train,leech-seed,0,,
meganium-mega,champions,train,solar-beam,0,,
meganium-mega,champions,train,poison-powder,0,,
meganium-mega,champions,train,petal-dance,0,,
meganium-mega,champions,train,earthquake,0,,
meganium-mega,champions,train,light-screen,0,,
meganium-mega,champions,train,reflect,0,,
meganium-mega,champions,train,rest,0,,
meganium-mega,champions,train,substitute,0,,
meganium-mega,champions,train,snore,0,,
meganium-mega,champions,train,curse,0,,
meganium-mega,champions,train,flail,0,,
meganium-mega,champions,train,protect,0,,
meganium-mega,champions,train,mud-slap,0,,
meganium-mega,champions,train,outrage,0,,
meganium-mega,champions,train,giga-drain,0,,
meganium-mega,champions,train,endure,0,,
meganium-mega,champions,train,charm,0,,
meganium-mega,champions,train,sleep-talk,0,,
meganium-mega,champions,train,safeguard,0,,
meganium-mega,champions,train,encore,0,,
meganium-mega,champions,train,sweet-scent,0,,
meganium-mega,champions,train,iron-tail,0,,
meganium-mega,champions,train,synthesis,0,,
meganium-mega,champions,train,sunny-day,0,,
meganium-mega,champions,train,ancient-power,0,,
meganium-mega,champions,train,facade,0,,
meganium-mega,champions,train,helping-hand,0,,
meganium-mega,champions,train,ingrain,0,,
meganium-mega,champions,train,knock-off,0,,
meganium-mega,champions,train,endeavor,0,,
meganium-mega,champions,train,weather-ball,0,,
meganium-mega,champions,train,fake-tears,0,,
meganium-mega,champions,train,bullet-seed,0,,
meganium-mega,champions,train,frenzy-plant,0,,
meganium-mega,champions,train,leaf-blade,0,,
meganium-mega,champions,train,seed-bomb,0,,
meganium-mega,champions,train,energy-ball,0,,
meganium-mega,champions,train,earth-power,0,,
meganium-mega,champions,train,giga-impact,0,,
meganium-mega,champions,train,zen-headbutt,0,,
meganium-mega,champions,train,leaf-storm,0,,
meganium-mega,champions,train,grass-knot,0,,
meganium-mega,champions,train,round,0,,
meganium-mega,champions,train,heal-pulse,0,,
meganium-mega,champions,train,bulldoze,0,,
meganium-mega,champions,train,dragon-tail,0,,
meganium-mega,champions,train,petal-blizzard,0,,
meganium-mega,champions,train,grassy-terrain,0,,
meganium-mega,champions,train,dazzling-gleam,0,,
meganium-mega,champions,train,solar-blade,0,,
meganium-mega,champions,train,pollen-puff,0,,
meganium-mega,champions,train,stomping-tantrum,0,,
meganium-mega,champions,train,body-press,0,,
meganium-mega,champions,train,grassy-glide,0,,
meganium-mega,champions,train,trailblaze,0,,
feraligatr-mega,champions,train,ice-punch,0,,
feraligatr-mega,champions,train,swords-dance,0,,
feraligatr-mega,champions,train,mega-kick,0,,
feraligatr-mega,champions,train,body-slam,0,,
feraligatr-mega,champions,train,thrash,0,,
feraligatr-mega,champions,train,double-edge,0,,
feraligatr-mega,champions,train,bite,0,,
feraligatr-mega,champions,train,roar,0,,
feraligatr-mega,champions,train,hydro-pump,0,,
feraligatr-mega,champions,train,surf,0,,
feraligatr-mega,champions,train,ice-beam,0,,
feraligatr-mega,champions,train,blizzard,0,,
feraligatr-mega,champions,train,hyper-beam,0,,
feraligatr-mega,champions,train,low-kick,0,,
feraligatr-mega,champions,train,counter,0,,
feraligatr-mega,champions,train,earthquake,0,,
feraligatr-mega,champions,train,dig,0,,
feraligatr-mega,champions,train,agility,0,,
feraligatr-mega,champions,train,screech,0,,
feraligatr-mega,champions,train,waterfall,0,,
feraligatr-mega,champions,train,rest,0,,
feraligatr-mega,champions,train,rock-slide,0,,
feraligatr-mega,champions,train,substitute,0,,
feraligatr-mega,champions,train,thief,0,,
feraligatr-mega,champions,train,snore,0,,
feraligatr-mega,champions,train,curse,0,,
feraligatr-mega,champions,train,flail,0,,
feraligatr-mega,champions,train,spite,0,,
feraligatr-mega,champions,train,protect,0,,
feraligatr-mega,champions,train,scary-face,0,,
feraligatr-mega,champions,train,mud-slap,0,,
feraligatr-mega,champions,train,icy-wind,0,,
feraligatr-mega,champions,train,outrage,0,,
feraligatr-mega,champions,train,endure,0,,
feraligatr-mega,champions,train,sleep-talk,0,,
feraligatr-mega,champions,train,iron-tail,0,,
feraligatr-mega,champions,train,rain-dance,0,,
feraligatr-mega,champions,train,crunch,0,,
feraligatr-mega,champions,train,ancient-power,0,,
feraligatr-mega,champions,train,whirlpool,0,,
feraligatr-mega,champions,train,uproar,0,,
feraligatr-mega,champions,train,flatter,0,,
feraligatr-mega,champions,train,facade,0,,
feraligatr-mega,champions,train,focus-punch,0,,
feraligatr-mega,champions,train,helping-hand,0,,
feraligatr-mega,champions,train,superpower,0,,
feraligatr-mega,champions,train,brick-break,0,,
feraligatr-mega,champions,train,endeavor,0,,
feraligatr-mega,champions,train,dive,0,,
feraligatr-mega,champions,train,hydro-cannon,0,,
feraligatr-mega,champions,train,fake-tears,0,,
feraligatr-mega,champions,train,rock-tomb,0,,
feraligatr-mega,champions,train,muddy-water,0,,
feraligatr-mega,champions,train,aerial-ace,0,,
feraligatr-mega,champions,train,block,0,,
feraligatr-mega,champions,train,dragon-claw,0,,
feraligatr-mega,champions,train,mud-shot,0,,
feraligatr-mega,champions,train,dragon-dance,0,,
feraligatr-mega,champions,train,water-pulse,0,,
feraligatr-mega,champions,train,fling,0,,
feraligatr-mega,champions,train,aqua-tail,0,,
feraligatr-mega,champions,train,dragon-pulse,0,,
feraligatr-mega,champions,train,focus-blast,0,,
feraligatr-mega,champions,train,giga-impact,0,,
feraligatr-mega,champions,train,avalanche,0,,
feraligatr-mega,champions,train,shadow-claw,0,,
feraligatr-mega,champions,train,ice-fang,0,,
feraligatr-mega,champions,train,aqua-jet,0,,
feraligatr-mega,champions,train,round,0,,
feraligatr-mega,champions,train,bulldoze,0,,
feraligatr-mega,champions,train,dragon-tail,0,,
feraligatr-mega,champions,train,snarl,0,,
feraligatr-mega,champions,train,brutal-swing,0,,
feraligatr-mega,champions,train,psychic-fangs,0,,
feraligatr-mega,champions,train,stomping-tantrum,0,,
feraligatr-mega,champions,train,liquidation,0,,
feraligatr-mega,champions,train,breaking-swipe,0,,
feraligatr-mega,champions,train,scale-shot,0,,
feraligatr-mega,champions,train,lash-out,0,,
feraligatr-mega,champions,train,flip-turn,0,,
feraligatr-mega,champions,train,trailblaze,0,,
feraligatr-mega,champions,train,chilling-water,0,,
skarmory-mega,champions,train,swords-dance,0,,
skarmory-mega,champions,train,whirlwind,0,,
skarmory-mega,champions,train,fly,0,,
skarmory-mega,champions,train,roar,0,,
skarmory-mega,champions,train,hyper-beam,0,,
skarmory-mega,champions,train,drill-peck,0,,
skarmory-mega,champions,train,agility,0,,
skarmory-mega,champions,train,sky-attack,0,,
skarmory-mega,champions,train,rest,0,,
skarmory-mega,champions,train,rock-slide,0,,
skarmory-mega,champions,train,substitute,0,,
skarmory-mega,champions,train,thief,0,,
skarmory-mega,champions,train,snore,0,,
skarmory-mega,champions,train,curse,0,,
skarmory-mega,champions,train,reversal,0,,
skarmory-mega,champions,train,protect,0,,
skarmory-mega,champions,train,spikes,0,,
skarmory-mega,champions,train,icy-wind,0,,
skarmory-mega,champions,train,sandstorm,0,,
skarmory-mega,champions,train,endure,0,,
skarmory-mega,champions,train,steel-wing,0,,
skarmory-mega,champions,train,sleep-talk,0,,
skarmory-mega,champions,train,sunny-day,0,,
skarmory-mega,champions,train,facade,0,,
skarmory-mega,champions,train,taunt,0,,
skarmory-mega,champions,train,air-cutter,0,,
skarmory-mega,champions,train,rock-tomb,0,,
skarmory-mega,champions,train,metal-sound,0,,
skarmory-mega,champions,train,sand-tomb,0,,
skarmory-mega,champions,train,aerial-ace,0,,
skarmory-mega,champions,train,iron-defense,0,,
skarmory-mega,champions,train,roost,0,,
skarmory-mega,champions,train,feint,0,,
skarmory-mega,champions,train,tailwind,0,,
skarmory-mega,champions,train,payback,0,,
skarmory-mega,champions,train,assurance,0,,
skarmory-mega,champions,train,dark-pulse,0,,
skarmory-mega,champions,train,night-slash,0,,
skarmory-mega,champions,train,air-slash,0,,
skarmory-mega,champions,train,x-scissor,0,,
skarmory-mega,champions,train,brave-bird,0,,
skarmory-mega,champions,train,giga-impact,0,,
skarmory-mega,champions,train,flash-cannon,0,,
skarmory-mega,champions,train,iron-head,0,,
skarmory-mega,champions,train,stealth-rock,0,,
skarmory-mega,champions,train,round,0,,
skarmory-mega,champions,train,drill-run,0,,
skarmory-mega,champions,train,hurricane,0,,
skarmory-mega,champions,train,body-press,0,,
skarmory-mega,champions,train,steel-beam,0,,
skarmory-mega,champions,train,dual-wingbeat,0,,
froslass-mega,champions,train,ice-punch,0,,
froslass-mega,champions,train,body-slam,0,,
froslass-mega,champions,train,bite,0,,
froslass-mega,champions,train,disable,0,,
froslass-mega,champions,train,ice-beam,0,,
froslass-mega,champions,train,blizzard,0,,
froslass-mega,champions,train,hyper-beam,0,,
froslass-mega,champions,train,thunderbolt,0,,
froslass-mega,champions,train,thunder-wave,0,,
froslass-mega,champions,train,thunder,0,,
froslass-mega,champions,train,psychic,0,,
froslass-mega,champions,train,night-shade,0,,
froslass-mega,champions,train,double-team,0,,
froslass-mega,champions,train,confuse-ray,0,,
froslass-mega,champions,train,light-screen,0,,
froslass-mega,champions,train,haze,0,,
froslass-mega,champions,train,reflect,0,,
froslass-mega,champions,train,rest,0,,
froslass-mega,champions,train,substitute,0,,
froslass-mega,champions,train,snore,0,,
froslass-mega,champions,train,curse,0,,
froslass-mega,champions,train,spite,0,,
froslass-mega,champions,train,protect,0,,
froslass-mega,champions,train,scary-face,0,,
froslass-mega,champions,train,spikes,0,,
froslass-mega,champions,train,destiny-bond,0,,
froslass-mega,champions,train,icy-wind,0,,
froslass-mega,champions,train,endure,0,,
froslass-mega,champions,train,charm,0,,
froslass-mega,champions,train,sleep-talk,0,,
froslass-mega,champions,train,safeguard,0,,
froslass-mega,champions,train,pain-split,0,,
froslass-mega,champions,train,rain-dance,0,,
froslass-mega,champions,train,crunch,0,,
froslass-mega,champions,train,psych-up,0,,
froslass-mega,champions,train,shadow-ball,0,,
froslass-mega,champions,train,will-o-wisp,0,,
froslass-mega,champions,train,facade,0,,
froslass-mega,champions,train,taunt,0,,
froslass-mega,champions,train,helping-hand,0,,
froslass-mega,champions,train,trick,0,,
froslass-mega,champions,train,imprison,0,,
froslass-mega,champions,train,weather-ball,0,,
froslass-mega,champions,train,fake-tears,0,,
froslass-mega,champions,train,icicle-spear,0,,
froslass-mega,champions,train,block,0,,
froslass-mega,champions,train,water-pulse,0,,
froslass-mega,champions,train,payback,0,,
froslass-mega,champions,train,fling,0,,
froslass-mega,champions,train,switcheroo,0,,
froslass-mega,champions,train,giga-impact,0,,
froslass-mega,champions,train,nasty-plot,0,,
froslass-mega,champions,train,avalanche,0,,
froslass-mega,champions,train,ice-shard,0,,
froslass-mega,champions,train,ice-fang,0,,
froslass-mega,champions,train,round,0,,
froslass-mega,champions,train,hex,0,,
froslass-mega,champions,train,frost-breath,0,,
froslass-mega,champions,train,icicle-crash,0,,
froslass-mega,champions,train,phantom-force,0,,
froslass-mega,champions,train,draining-kiss,0,,
froslass-mega,champions,train,aurora-veil,0,,
froslass-mega,champions,train,poltergeist,0,,
froslass-mega,champions,train,triple-axel,0,,
froslass-mega,champions,train,ice-spinner,0,,
froslass-mega,champions,train,snowscape,0,,
froslass-mega,champions,train,trailblaze,0,,
froslass-mega,champions,train,chilling-water,0,,
emboar-mega,champions,train,fire-punch,0,,
emboar-mega,champions,train,thunder-punch,0,,
emboar-mega,champions,train,body-slam,0,,
emboar-mega,champions,train,thrash,0,,
emboar-mega,champions,train,double-edge,0,,
emboar-mega,champions,train,roar,0,,
emboar-mega,champions,train,flamethrower,0,,
emboar-mega,champions,train,hyper-beam,0,,
emboar-mega,champions,train,low-kick,0,,
emboar-mega,champions,train,solar-beam,0,,
emboar-mega,champions,train,fire-spin,0,,
emboar-mega,champions,train,earthquake,0,,
emboar-mega,champions,train,dig,0,,
emboar-mega,champions,train,focus-energy,0,,
emboar-mega,champions,train,fire-blast,0,,
emboar-mega,champions,train,rest,0,,
emboar-mega,champions,train,rock-slide,0,,
emboar-mega,champions,train,substitute,0,,
emboar-mega,champions,train,snore,0,,
emboar-mega,champions,train,curse,0,,
emboar-mega,champions,train,reversal,0,,
emboar-mega,champions,train,protect,0,,
emboar-mega,champions,train,scary-face,0,,
emboar-mega,champions,train,mud-slap,0,,
emboar-mega,champions,train,endure,0,,
emboar-mega,champions,train,sleep-talk,0,,
emboar-mega,champions,train,iron-tail,0,,
emboar-mega,champions,train,sunny-day,0,,
emboar-mega,champions,train,heat-wave,0,,
emboar-mega,champions,train,will-o-wisp,0,,
emboar-mega,champions,train,facade,0,,
emboar-mega,champions,train,focus-punch,0,,
emboar-mega,champions,train,taunt,0,,
emboar-mega,champions,train,helping-hand,0,,
emboar-mega,champions,train,superpower,0,,
emboar-mega,champions,train,brick-break,0,,
emboar-mega,champions,train,yawn,0,,
emboar-mega,champions,train,knock-off,0,,
emboar-mega,champions,train,endeavor,0,,
emboar-mega,champions,train,blast-burn,0,,
emboar-mega,champions,train,overheat,0,,
emboar-mega,champions,train,rock-tomb,0,,
emboar-mega,champions,train,bulk-up,0,,
emboar-mega,champions,train,hammer-arm,0,,
emboar-mega,champions,train,gyro-ball,0,,
emboar-mega,champions,train,close-combat,0,,
emboar-mega,champions,train,assurance,0,,
emboar-mega,champions,train,fling,0,,
emboar-mega,champions,train,sucker-punch,0,,
emboar-mega,champions,train,flare-blitz,0,,
emboar-mega,champions,train,poison-jab,0,,
emboar-mega,champions,train,drain-punch,0,,
emboar-mega,champions,train,focus-blast,0,,
emboar-mega,champions,train,giga-impact,0,,
emboar-mega,champions,train,zen-headbutt,0,,
emboar-mega,champions,train,iron-head,0,,
emboar-mega,champions,train,stone-edge,0,,
emboar-mega,champions,train,grass-knot,0,,
emboar-mega,champions,train,head-smash,0,,
emboar-mega,champions,train,smack-down,0,,
emboar-mega,champions,train,storm-throw,0,,
emboar-mega,champions,train,heavy-slam,0,,
emboar-mega,champions,train,flame-charge,0,,
emboar-mega,champions,train,low-sweep,0,,
emboar-mega,champions,train,round,0,,
emboar-mega,champions,train,scald,0,,
emboar-mega,champions,train,bulldoze,0,,
emboar-mega,champions,train,wild-charge,0,,
emboar-mega,champions,train,heat-crash,0,,
emboar-mega,champions,train,high-horsepower,0,,
emboar-mega,champions,train,solar-blade,0,,
emboar-mega,champions,train,burn-up,0,,
emboar-mega,champions,train,stomping-tantrum,0,,
emboar-mega,champions,train,body-press,0,,
emboar-mega,champions,train,coaching,0,,
emboar-mega,champions,train,scorching-sands,0,,
emboar-mega,champions,train,trailblaze,0,,
emboar-mega,champions,train,hard-press,0,,
emboar-mega,champions,train,temper-flare,0,,
excadrill-mega,champions,train,swords-dance,0,,
excadrill-mega,champions,train,horn-drill,0,,
excadrill-mega,champions,train,body-slam,0,,
excadrill-mega,champions,train,double-edge,0,,
excadrill-mega,champions,train,hyper-beam,0,,
excadrill-mega,champions,train,earthquake,0,,
excadrill-mega,champions,train,fissure,0,,
excadrill-mega,champions,train,dig,0,,
excadrill-mega,champions,train,rest,0,,
excadrill-mega,champions,train,rock-slide,0,,
excadrill-mega,champions,train,substitute,0,,
excadrill-mega,champions,train,snore,0,,
excadrill-mega,champions,train,curse,0,,
excadrill-mega,champions,train,protect,0,,
excadrill-mega,champions,train,scary-face,0,,
excadrill-mega,champions,train,sludge-bomb,0,,
excadrill-mega,champions,train,mud-slap,0,,
excadrill-mega,champions,train,sandstorm,0,,
excadrill-mega,champions,train,endure,0,,
excadrill-mega,champions,train,sleep-talk,0,,
excadrill-mega,champions,train,megahorn,0,,
excadrill-mega,champions,train,rapid-spin,0,,
excadrill-mega,champions,train,sunny-day,0,,
excadrill-mega,champions,train,facade,0,,
excadrill-mega,champions,train,helping-hand,0,,
excadrill-mega,champions,train,brick-break,0,,
excadrill-mega,champions,train,crush-claw,0,,
excadrill-mega,champions,train,rock-tomb,0,,
excadrill-mega,champions,train,metal-sound,0,,
excadrill-mega,champions,train,sand-tomb,0,,
excadrill-mega,champions,train,aerial-ace,0,,
excadrill-mega,champions,train,iron-defense,0,,
excadrill-mega,champions,train,mud-shot,0,,
excadrill-mega,champions,train,rock-blast,0,,
excadrill-mega,champions,train,fling,0,,
excadrill-mega,champions,train,poison-jab,0,,
excadrill-mega,champions,train,x-scissor,0,,
excadrill-mega,champions,train,focus-blast,0,,
excadrill-mega,champions,train,earth-power,0,,
excadrill-mega,champions,train,giga-impact,0,,
excadrill-mega,champions,train,shadow-claw,0,,
excadrill-mega,champions,train,iron-head,0,,
excadrill-mega,champions,train,stealth-rock,0,,
excadrill-mega,champions,train,round,0,,
excadrill-mega,champions,train,bulldoze,0,,
excadrill-mega,champions,train,drill-run,0,,
excadrill-mega,champions,train,high-horsepower,0,,
excadrill-mega,champions,train,throat-chop,0,,
excadrill-mega,champions,train,smart-strike,0,,
excadrill-mega,champions,train,brutal-swing,0,,
excadrill-mega,champions,train,stomping-tantrum,0,,
excadrill-mega,champions,train,steel-beam,0,,
excadrill-mega,champions,train,scorching-sands,0,,
scolipede-mega,champions,train,swords-dance,0,,
scolipede-mega,champions,train,double-edge,0,,
scolipede-mega,champions,train,pin-missile,0,,
scolipede-mega,champions,train,bite,0,,
scolipede-mega,champions,train,hyper-beam,0,,
scolipede-mega,champions,train,solar-beam,0,,
scolipede-mega,champions,train,earthquake,0,,
scolipede-mega,champions,train,dig,0,,
scolipede-mega,champions,train,toxic,0,,
scolipede-mega,champions,train,agility,0,,
scolipede-mega,champions,train,screech,0,,
scolipede-mega,champions,train,leech-life,0,,
scolipede-mega,champions,train,rest,0,,
scolipede-mega,champions,train,rock-slide,0,,
scolipede-mega,champions,train,substitute,0,,
scolipede-mega,champions,train,snore,0,,
scolipede-mega,champions,train,protect,0,,
scolipede-mega,champions,train,sludge-bomb,0,,
scolipede-mega,champions,train,spikes,0,,
scolipede-mega,champions,train,endure,0,,
scolipede-mega,champions,train,attract,0,,
scolipede-mega,champions,train,sleep-talk,0,,
scolipede-mega,champions,train,megahorn,0,,
scolipede-mega,champions,train,baton-pass,0,,
scolipede-mega,champions,train,iron-tail,0,,
scolipede-mega,champions,train,sunny-day,0,,
scolipede-mega,champions,train,facade,0,,
scolipede-mega,champions,train,superpower,0,,
scolipede-mega,champions,train,rock-tomb,0,,
scolipede-mega,champions,train,iron-defense,0,,
scolipede-mega,champions,train,gyro-ball,0,,
scolipede-mega,champions,train,payback,0,,
scolipede-mega,champions,train,assurance,0,,
scolipede-mega,champions,train,toxic-spikes,0,,
scolipede-mega,champions,train,poison-jab,0,,
scolipede-mega,champions,train,x-scissor,0,,
scolipede-mega,champions,train,giga-impact,0,,
scolipede-mega,champions,train,cross-poison,0,,
scolipede-mega,champions,train,gunk-shot,0,,
scolipede-mega,champions,train,bug-bite,0,,
scolipede-mega,champions,train,double-hit,0,,
scolipede-mega,champions,train,venoshock,0,,
scolipede-mega,champions,train,acid-spray,0,,
scolipede-mega,champions,train,round,0,,
scolipede-mega,champions,train,hex,0,,
scolipede-mega,champions,train,bulldoze,0,,
scolipede-mega,champions,train,throat-chop,0,,
scolipede-mega,champions,train,smart-strike,0,,
scolipede-mega,champions,train,stomping-tantrum,0,,
scolipede-mega,champions,train,steel-roller,0,,
scolipede-mega,champions,train,skitter-smack,0,,
scolipede-mega,champions,train,pounce,0,,
scolipede-mega,champions,train,trailblaze,0,,
scrafty-mega,champions,train,fire-punch,0,,
scrafty-mega,champions,train,ice-punch,0,,
scrafty-mega,champions,train,thunder-punch,0,,
scrafty-mega,champions,train,swords-dance,0,,
scrafty-mega,champions,train,mega-kick,0,,
scrafty-mega,champions,train,body-slam,0,,
scrafty-mega,champions,train,double-edge,0,,
scrafty-mega,champions,train,roar,0,,
scrafty-mega,champions,train,hyper-beam,0,,
scrafty-mega,champions,train,low-kick,0,,
scrafty-mega,champions,train,counter,0,,
scrafty-mega,champions,train,dig,0,,
scrafty-mega,champions,train,amnesia,0,,
scrafty-mega,champions,train,high-jump-kick,0,,
scrafty-mega,champions,train,rest,0,,
scrafty-mega,champions,train,rock-slide,0,,
scrafty-mega,champions,train,super-fang,0,,
scrafty-mega,champions,train,substitute,0,,
scrafty-mega,champions,train,thief,0,,
scrafty-mega,champions,train,snore,0,,
scrafty-mega,champions,train,curse,0,,
scrafty-mega,champions,train,reversal,0,,
scrafty-mega,champions,train,spite,0,,
scrafty-mega,champions,train,protect,0,,
scrafty-mega,champions,train,scary-face,0,,
scrafty-mega,champions,train,sludge-bomb,0,,
scrafty-mega,champions,train,detect,0,,
scrafty-mega,champions,train,outrage,0,,
scrafty-mega,champions,train,endure,0,,
scrafty-mega,champions,train,swagger,0,,
scrafty-mega,champions,train,sleep-talk,0,,
scrafty-mega,champions,train,dynamic-punch,0,,
scrafty-mega,champions,train,encore,0,,
scrafty-mega,champions,train,iron-tail,0,,
scrafty-mega,champions,train,rain-dance,0,,
scrafty-mega,champions,train,sunny-day,0,,
scrafty-mega,champions,train,crunch,0,,
scrafty-mega,champions,train,beat-up,0,,
scrafty-mega,champions,train,fake-out,0,,
scrafty-mega,champions,train,uproar,0,,
scrafty-mega,champions,train,torment,0,,
scrafty-mega,champions,train,facade,0,,
scrafty-mega,champions,train,focus-punch,0,,
scrafty-mega,champions,train,taunt,0,,
scrafty-mega,champions,train,helping-hand,0,,
scrafty-mega,champions,train,brick-break,0,,
scrafty-mega,champions,train,knock-off,0,,
scrafty-mega,champions,train,endeavor,0,,
scrafty-mega,champions,train,fake-tears,0,,
scrafty-mega,champions,train,rock-tomb,0,,
scrafty-mega,champions,train,iron-defense,0,,
scrafty-mega,champions,train,dragon-claw,0,,
scrafty-mega,champions,train,bulk-up,0,,
scrafty-mega,champions,train,dragon-dance,0,,
scrafty-mega,champions,train,close-combat,0,,
scrafty-mega,champions,train,payback,0,,
scrafty-mega,champions,train,assurance,0,,
scrafty-mega,champions,train,fling,0,,
scrafty-mega,champions,train,poison-jab,0,,
scrafty-mega,champions,train,dark-pulse,0,,
scrafty-mega,champions,train,dragon-pulse,0,,
scrafty-mega,champions,train,drain-punch,0,,
scrafty-mega,champions,train,focus-blast,0,,
scrafty-mega,champions,train,giga-impact,0,,
scrafty-mega,champions,train,zen-headbutt,0,,
scrafty-mega,champions,train,iron-head,0,,
scrafty-mega,champions,train,stone-edge,0,,
scrafty-mega,champions,train,grass-knot,0,,
scrafty-mega,champions,train,head-smash,0,,
scrafty-mega,champions,train,smack-down,0,,
scrafty-mega,champions,train,low-sweep,0,,
scrafty-mega,champions,train,acid-spray,0,,
scrafty-mega,champions,train,foul-play,0,,
scrafty-mega,champions,train,round,0,,
scrafty-mega,champions,train,quick-guard,0,,
scrafty-mega,champions,train,dragon-tail,0,,
scrafty-mega,champions,train,snarl,0,,
scrafty-mega,champions,train,throat-chop,0,,
scrafty-mega,champions,train,lash-out,0,,
scrafty-mega,champions,train,coaching,0,,
scrafty-mega,champions,train,trailblaze,0,,
scrafty-mega,champions,train,upper-hand,0,,
eelektross-mega,champions,train,fire-punch,0,,
eelektross-mega,champions,train,thunder-punch,0,,
eelektross-mega,champions,train,body-slam,0,,
eelektross-mega,champions,train,thrash,0,,
eelektross-mega,champions,train,flamethrower,0,,
eelektross-mega,champions,train,hyper-beam,0,,
eelektross-mega,champions,train,thunderbolt,0,,
eelektross-mega,champions,train,thunder-wave,0,,
eelektross-mega,champions,train,thunder,0,,
eelektross-mega,champions,train,confuse-ray,0,,
eelektross-mega,champions,train,light-screen,0,,
eelektross-mega,champions,train,waterfall,0,,
eelektross-mega,champions,train,rest,0,,
eelektross-mega,champions,train,rock-slide,0,,
eelektross-mega,champions,train,super-fang,0,,
eelektross-mega,champions,train,substitute,0,,
eelektross-mega,champions,train,snore,0,,
eelektross-mega,champions,train,protect,0,,
eelektross-mega,champions,train,scary-face,0,,
eelektross-mega,champions,train,zap-cannon,0,,
eelektross-mega,champions,train,outrage,0,,
eelektross-mega,champions,train,giga-drain,0,,
eelektross-mega,champions,train,endure,0,,
eelektross-mega,champions,train,sleep-talk,0,,
eelektross-mega,champions,train,iron-tail,0,,
eelektross-mega,champions,train,rain-dance,0,,
eelektross-mega,champions,train,sunny-day,0,,
eelektross-mega,champions,train,crunch,0,,
eelektross-mega,champions,train,facade,0,,
eelektross-mega,champions,train,focus-punch,0,,
eelektross-mega,champions,train,charge,0,,
eelektross-mega,champions,train,superpower,0,,
eelektross-mega,champions,train,brick-break,0,,
eelektross-mega,champions,train,knock-off,0,,
eelektross-mega,champions,train,poison-fang,0,,
eelektross-mega,champions,train,crush-claw,0,,
eelektross-mega,champions,train,rock-tomb,0,,
eelektross-mega,champions,train,muddy-water,0,,
eelektross-mega,champions,train,dragon-claw,0,,
eelektross-mega,champions,train,bulk-up,0,,
eelektross-mega,champions,train,bounce,0,,
eelektross-mega,champions,train,u-turn,0,,
eelektross-mega,champions,train,close-combat,0,,
eelektross-mega,champions,train,gastro-acid,0,,
eelektross-mega,champions,train,dragon-pulse,0,,
eelektross-mega,champions,train,drain-punch,0,,
eelektross-mega,champions,train,giga-impact,0,,
eelektross-mega,champions,train,thunder-fang,0,,
eelektross-mega,champions,train,zen-headbutt,0,,
eelektross-mega,champions,train,flash-cannon,0,,
eelektross-mega,champions,train,discharge,0,,
eelektross-mega,champions,train,grass-knot,0,,
eelektross-mega,champions,train,charge-beam,0,,
eelektross-mega,champions,train,heavy-slam,0,,
eelektross-mega,champions,train,electro-ball,0,,
eelektross-mega,champions,train,coil,0,,
eelektross-mega,champions,train,acid-spray,0,,
eelektross-mega,champions,train,round,0,,
eelektross-mega,champions,train,hex,0,,
eelektross-mega,champions,train,acrobatics,0,,
eelektross-mega,champions,train,volt-switch,0,,
eelektross-mega,champions,train,bulldoze,0,,
eelektross-mega,champions,train,dragon-tail,0,,
eelektross-mega,champions,train,electroweb,0,,
eelektross-mega,champions,train,wild-charge,0,,
eelektross-mega,champions,train,eerie-impulse,0,,
eelektross-mega,champions,train,electric-terrain,0,,
eelektross-mega,champions,train,throat-chop,0,,
eelektross-mega,champions,train,lunge,0,,
eelektross-mega,champions,train,psychic-fangs,0,,
eelektross-mega,champions,train,stomping-tantrum,0,,
eelektross-mega,champions,train,liquidation,0,,
eelektross-mega,champions,train,body-press,0,,
eelektross-mega,champions,train,rising-voltage,0,,
eelektross-mega,champions,train,supercell-slam,0,,
chandelure-mega,champions,train,flamethrower,0,,
chandelure-mega,champions,train,hyper-beam,0,,
chandelure-mega,champions,train,solar-beam,0,,
chandelure-mega,champions,train,fire-spin,0,,
chandelure-mega,champions,train,psychic,0,,
chandelure-mega,champions,train,night-shade,0,,
chandelure-mega,champions,train,double-team,0,,
chandelure-mega,champions,train,minimize,0,,
chandelure-mega,champions,train,confuse-ray,0,,
chandelure-mega,champions,train,haze,0,,
chandelure-mega,champions,train,fire-blast,0,,
chandelure-mega,champions,train,acid-armor,0,,
chandelure-mega,champions,train,rest,0,,
chandelure-mega,champions,train,substitute,0,,
chandelure-mega,champions,train,thief,0,,
chandelure-mega,champions,train,snore,0,,
chandelure-mega,champions,train,curse,0,,
chandelure-mega,champions,train,spite,0,,
chandelure-mega,champions,train,protect,0,,
chandelure-mega,champions,train,endure,0,,
chandelure-mega,champions,train,sleep-talk,0,,
chandelure-mega,champions,train,safeguard,0,,
chandelure-mega,champions,train,pain-split,0,,
chandelure-mega,champions,train,sunny-day,0,,
chandelure-mega,champions,train,psych-up,0,,
chandelure-mega,champions,train,shadow-ball,0,,
chandelure-mega,champions,train,heat-wave,0,,
chandelure-mega,champions,train,will-o-wisp,0,,
chandelure-mega,champions,train,memento,0,,
chandelure-mega,champions,train,facade,0,,
chandelure-mega,champions,train,taunt,0,,
chandelure-mega,champions,train,trick,0,,
chandelure-mega,champions,train,imprison,0,,
chandelure-mega,champions,train,overheat,0,,
chandelure-mega,champions,train,calm-mind,0,,
chandelure-mega,champions,train,payback,0,,
chandelure-mega,champions,train,flare-blitz,0,,
chandelure-mega,champions,train,dark-pulse,0,,
chandelure-mega,champions,train,energy-ball,0,,
chandelure-mega,champions,train,giga-impact,0,,
chandelure-mega,champions,train,trick-room,0,,
chandelure-mega,champions,train,power-split,0,,
chandelure-mega,champions,train,flame-charge,0,,
chandelure-mega,champions,train,round,0,,
chandelure-mega,champions,train,clear-smog,0,,
chandelure-mega,champions,train,hex,0,,
chandelure-mega,champions,train,inferno,0,,
chandelure-mega,champions,train,mystical-fire,0,,
chandelure-mega,champions,train,skitter-smack,0,,
chandelure-mega,champions,train,burning-jealousy,0,,
chandelure-mega,champions,train,lash-out,0,,
chandelure-mega,champions,train,poltergeist,0,,
chandelure-mega,champions,train,trailblaze,0,,
chandelure-mega,champions,train,temper-flare,0,,
chesnaught-mega,champions,train,thunder-punch,0,,
chesnaught-mega,champions,train,swords-dance,0,,
chesnaught-mega,champions,train,body-slam,0,,
chesnaught-mega,champions,train,double-edge,0,,
chesnaught-mega,champions,train,pin-missile,0,,
chesnaught-mega,champions,train,bite,0,,
chesnaught-mega,champions,train,roar,0,,
chesnaught-mega,champions,train,hyper-beam,0,,
chesnaught-mega,champions,train,low-kick,0,,
chesnaught-mega,champions,train,leech-seed,0,,
chesnaught-mega,champions,train,growth,0,,
chesnaught-mega,champions,train,solar-beam,0,,
chesnaught-mega,champions,train,earthquake,0,,
chesnaught-mega,champions,train,dig,0,,
chesnaught-mega,champions,train,reflect,0,,
chesnaught-mega,champions,train,rest,0,,
chesnaught-mega,champions,train,rock-slide,0,,
chesnaught-mega,champions,train,super-fang,0,,
chesnaught-mega,champions,train,substitute,0,,
chesnaught-mega,champions,train,snore,0,,
chesnaught-mega,champions,train,curse,0,,
chesnaught-mega,champions,train,reversal,0,,
chesnaught-mega,champions,train,protect,0,,
chesnaught-mega,champions,train,scary-face,0,,
chesnaught-mega,champions,train,belly-drum,0,,
chesnaught-mega,champions,train,sludge-bomb,0,,
chesnaught-mega,champions,train,mud-slap,0,,
chesnaught-mega,champions,train,spikes,0,,
chesnaught-mega,champions,train,giga-drain,0,,
chesnaught-mega,champions,train,endure,0,,
chesnaught-mega,champions,train,sleep-talk,0,,
chesnaught-mega,champions,train,pain-split,0,,
chesnaught-mega,champions,train,iron-tail,0,,
chesnaught-mega,champions,train,synthesis,0,,
chesnaught-mega,champions,train,rain-dance,0,,
chesnaught-mega,champions,train,sunny-day,0,,
chesnaught-mega,champions,train,crunch,0,,
chesnaught-mega,champions,train,facade,0,,
chesnaught-mega,champions,train,focus-punch,0,,
chesnaught-mega,champions,train,taunt,0,,
chesnaught-mega,champions,train,helping-hand,0,,
chesnaught-mega,champions,train,superpower,0,,
chesnaught-mega,champions,train,brick-break,0,,
chesnaught-mega,champions,train,knock-off,0,,
chesnaught-mega,champions,train,endeavor,0,,
chesnaught-mega,champions,train,rock-tomb,0,,
chesnaught-mega,champions,train,bullet-seed,0,,
chesnaught-mega,champions,train,aerial-ace,0,,
chesnaught-mega,champions,train,iron-defense,0,,
chesnaught-mega,champions,train,dragon-claw,0,,
chesnaught-mega,champions,train,frenzy-plant,0,,
chesnaught-mega,champions,train,bulk-up,0,,
chesnaught-mega,champions,train,mud-shot,0,,
chesnaught-mega,champions,train,hammer-arm,0,,
chesnaught-mega,champions,train,gyro-ball,0,,
chesnaught-mega,champions,train,feint,0,,
chesnaught-mega,champions,train,close-combat,0,,
chesnaught-mega,champions,train,payback,0,,
chesnaught-mega,champions,train,fling,0,,
chesnaught-mega,champions,train,poison-jab,0,,
chesnaught-mega,champions,train,seed-bomb,0,,
chesnaught-mega,champions,train,drain-punch,0,,
chesnaught-mega,champions,train,focus-blast,0,,
chesnaught-mega,champions,train,energy-ball,0,,
chesnaught-mega,champions,train,giga-impact,0,,
chesnaught-mega,champions,train,shadow-claw,0,,
chesnaught-mega,champions,train,zen-headbutt,0,,
chesnaught-mega,champions,train,leaf-storm,0,,
chesnaught-mega,champions,train,iron-head,0,,
chesnaught-mega,champions,train,stone-edge,0,,
chesnaught-mega,champions,train,grass-knot,0,,
chesnaught-mega,champions,train,wood-hammer,0,,
chesnaught-mega,champions,train,wide-guard,0,,
chesnaught-mega,champions,train,smack-down,0,,
chesnaught-mega,champions,train,low-sweep,0,,
chesnaught-mega,champions,train,round,0,,
chesnaught-mega,champions,train,quick-guard,0,,
chesnaught-mega,champions,train,bulldoze,0,,
chesnaught-mega,champions,train,grassy-terrain,0,,
chesnaught-mega,champions,train,spiky-shield,0,,
chesnaught-mega,champions,train,high-horsepower,0,,
chesnaught-mega,champions,train,stomping-tantrum,0,,
chesnaught-mega,champions,train,body-press,0,,
chesnaught-mega,champions,train,steel-roller,0,,
chesnaught-mega,champions,train,grassy-glide,0,,
chesnaught-mega,champions,train,coaching,0,,
chesnaught-mega,champions,train,trailblaze,0,,
delphox-mega,champions,train,fire-punch,0,,
delphox-mega,champions,train,thunder-punch,0,,
delphox-mega,champions,train,flamethrower,0,,
delphox-mega,champions,train,hyper-beam,0,,
delphox-mega,champions,train,low-kick,0,,
delphox-mega,champions,train,solar-beam,0,,
delphox-mega,champions,train,fire-spin,0,,
delphox-mega,champions,train,psychic,0,,
delphox-mega,champions,train,hypnosis,0,,
delphox-mega,champions,train,agility,0,,
delphox-mega,champions,train,night-shade,0,,
delphox-mega,champions,train,double-team,0,,
delphox-mega,champions,train,confuse-ray,0,,
delphox-mega,champions,train,light-screen,0,,
delphox-mega,champions,train,reflect,0,,
delphox-mega,champions,train,fire-blast,0,,
delphox-mega,champions,train,rest,0,,
delphox-mega,champions,train,substitute,0,,
delphox-mega,champions,train,thief,0,,
delphox-mega,champions,train,snore,0,,
delphox-mega,champions,train,protect,0,,
delphox-mega,champions,train,mud-slap,0,,
delphox-mega,champions,train,endure,0,,
delphox-mega,champions,train,charm,0,,
delphox-mega,champions,train,sleep-talk,0,,
delphox-mega,champions,train,safeguard,0,,
delphox-mega,champions,train,encore,0,,
delphox-mega,champions,train,iron-tail,0,,
delphox-mega,champions,train,rain-dance,0,,
delphox-mega,champions,train,sunny-day,0,,
delphox-mega,champions,train,psych-up,0,,
delphox-mega,champions,train,shadow-ball,0,,
delphox-mega,champions,train,future-sight,0,,
delphox-mega,champions,train,heat-wave,0,,
delphox-mega,champions,train,will-o-wisp,0,,
delphox-mega,champions,train,facade,0,,
delphox-mega,champions,train,helping-hand,0,,
delphox-mega,champions,train,trick,0,,
delphox-mega,champions,train,role-play,0,,
delphox-mega,champions,train,wish,0,,
delphox-mega,champions,train,skill-swap,0,,
delphox-mega,champions,train,imprison,0,,
delphox-mega,champions,train,hyper-voice,0,,
delphox-mega,champions,train,blast-burn,0,,
delphox-mega,champions,train,overheat,0,,
delphox-mega,champions,train,howl,0,,
delphox-mega,champions,train,mud-shot,0,,
delphox-mega,champions,train,calm-mind,0,,
delphox-mega,champions,train,copycat,0,,
delphox-mega,champions,train,flare-blitz,0,,
delphox-mega,champions,train,focus-blast,0,,
delphox-mega,champions,train,switcheroo,0,,
delphox-mega,champions,train,giga-impact,0,,
delphox-mega,champions,train,nasty-plot,0,,
delphox-mega,champions,train,zen-headbutt,0,,
delphox-mega,champions,train,trick-room,0,,
delphox-mega,champions,train,grass-knot,0,,
delphox-mega,champions,train,wonder-room,0,,
delphox-mega,champions,train,psyshock,0,,
delphox-mega,champions,train,magic-room,0,,
delphox-mega,champions,train,flame-charge,0,,
delphox-mega,champions,train,foul-play,0,,
delphox-mega,champions,train,round,0,,
delphox-mega,champions,train,stored-power,0,,
delphox-mega,champions,train,hex,0,,
delphox-mega,champions,train,mystical-fire,0,,
delphox-mega,champions,train,dazzling-gleam,0,,
delphox-mega,champions,train,psychic-terrain,0,,
delphox-mega,champions,train,expanding-force,0,,
delphox-mega,champions,train,burning-jealousy,0,,
delphox-mega,champions,train,scorching-sands,0,,
delphox-mega,champions,train,psychic-noise,0,,
greninja-mega,champions,train,ice-punch,0,,
greninja-mega,champions,train,swords-dance,0,,
greninja-mega,champions,train,hydro-pump,0,,
greninja-mega,champions,train,surf,0,,
greninja-mega,champions,train,ice-beam,0,,
greninja-mega,champions,train,blizzard,0,,
greninja-mega,champions,train,hyper-beam,0,,
greninja-mega,champions,train,low-kick,0,,
greninja-mega,champions,train,counter,0,,
greninja-mega,champions,train,dig,0,,
greninja-mega,champions,train,quick-attack,0,,
greninja-mega,champions,train,double-team,0,,
greninja-mega,champions,train,haze,0,,
greninja-mega,champions,train,waterfall,0,,
greninja-mega,champions,train,rest,0,,
greninja-mega,champions,train,rock-slide,0,,
greninja-mega,champions,train,substitute,0,,
greninja-mega,champions,train,thief,0,,
greninja-mega,champions,train,snore,0,,
greninja-mega,champions,train,protect,0,,
greninja-mega,champions,train,mud-slap,0,,
greninja-mega,champions,train,spikes,0,,
greninja-mega,champions,train,icy-wind,0,,
greninja-mega,champions,train,endure,0,,
greninja-mega,champions,train,sleep-talk,0,,
greninja-mega,champions,train,rain-dance,0,,
greninja-mega,champions,train,facade,0,,
greninja-mega,champions,train,taunt,0,,
greninja-mega,champions,train,helping-hand,0,,
greninja-mega,champions,train,role-play,0,,
greninja-mega,champions,train,brick-break,0,,
greninja-mega,champions,train,dive,0,,
greninja-mega,champions,train,hydro-cannon,0,,
greninja-mega,champions,train,weather-ball,0,,
greninja-mega,champions,train,rock-tomb,0,,
greninja-mega,champions,train,extrasensory,0,,
greninja-mega,champions,train,aerial-ace,0,,
greninja-mega,champions,train,bounce,0,,
greninja-mega,champions,train,mud-shot,0,,
greninja-mega,champions,train,water-pulse,0,,
greninja-mega,champions,train,u-turn,0,,
greninja-mega,champions,train,fling,0,,
greninja-mega,champions,train,toxic-spikes,0,,
greninja-mega,champions,train,dark-pulse,0,,
greninja-mega,champions,train,night-slash,0,,
greninja-mega,champions,train,switcheroo,0,,
greninja-mega,champions,train,giga-impact,0,,
greninja-mega,champions,train,shadow-sneak,0,,
greninja-mega,champions,train,gunk-shot,0,,
greninja-mega,champions,train,grass-knot,0,,
greninja-mega,champions,train,smack-down,0,,
greninja-mega,champions,train,sludge-wave,0,,
greninja-mega,champions,train,low-sweep,0,,
greninja-mega,champions,train,round,0,,
greninja-mega,champions,train,acrobatics,0,,
greninja-mega,champions,train,water-shuriken,0,,
greninja-mega,champions,train,brutal-swing,0,,
greninja-mega,champions,train,liquidation,0,,
greninja-mega,champions,train,skitter-smack,0,,
greninja-mega,champions,train,flip-turn,0,,
greninja-mega,champions,train,snowscape,0,,
greninja-mega,champions,train,trailblaze,0,,
greninja-mega,champions,train,chilling-water,0,,
greninja-mega,champions,train,upper-hand,0,,
pyroar-mega,champions,train,body-slam,0,,
pyroar-mega,champions,train,double-edge,0,,
pyroar-mega,champions,train,roar,0,,
pyroar-mega,champions,train,flamethrower,0,,
pyroar-mega,champions,train,hyper-beam,0,,
pyroar-mega,champions,train,solar-beam,0,,
pyroar-mega,champions,train,fire-spin,0,,
pyroar-mega,champions,train,dig,0,,
pyroar-mega,champions,train,fire-blast,0,,
pyroar-mega,champions,train,rest,0,,
pyroar-mega,champions,train,substitute,0,,
pyroar-mega,champions,train,thief,0,,
pyroar-mega,champions,train,snore,0,,
pyroar-mega,champions,train,protect,0,,
pyroar-mega,champions,train,mud-slap,0,,
pyroar-mega,champions,train,endure,0,,
pyroar-mega,champions,train,sleep-talk,0,,
pyroar-mega,champions,train,iron-tail,0,,
pyroar-mega,champions,train,rain-dance,0,,
pyroar-mega,champions,train,sunny-day,0,,
pyroar-mega,champions,train,crunch,0,,
pyroar-mega,champions,train,heat-wave,0,,
pyroar-mega,champions,train,will-o-wisp,0,,
pyroar-mega,champions,train,facade,0,,
pyroar-mega,champions,train,taunt,0,,
pyroar-mega,champions,train,helping-hand,0,,
pyroar-mega,champions,train,yawn,0,,
pyroar-mega,champions,train,endeavor,0,,
pyroar-mega,champions,train,hyper-voice,0,,
pyroar-mega,champions,train,overheat,0,,
pyroar-mega,champions,train,payback,0,,
pyroar-mega,champions,train,flare-blitz,0,,
pyroar-mega,champions,train,dark-pulse,0,,
pyroar-mega,champions,train,giga-impact,0,,
pyroar-mega,champions,train,thunder-fang,0,,
pyroar-mega,champions,train,fire-fang,0,,
pyroar-mega,champions,train,flame-charge,0,,
pyroar-mega,champions,train,entrainment,0,,
pyroar-mega,champions,train,round,0,,
pyroar-mega,champions,train,acrobatics,0,,
pyroar-mega,champions,train,bulldoze,0,,
pyroar-mega,champions,train,wild-charge,0,,
pyroar-mega,champions,train,snarl,0,,
pyroar-mega,champions,train,noble-roar,0,,
pyroar-mega,champions,train,psychic-fangs,0,,
pyroar-mega,champions,train,burning-jealousy,0,,
pyroar-mega,champions,train,scorching-sands,0,,
pyroar-mega,champions,train,trailblaze,0,,
pyroar-mega,champions,train,temper-flare,0,,
floette-mega,champions,train,hyper-beam,0,,
floette-mega,champions,train,solar-beam,0,,
floette-mega,champions,train,petal-dance,0,,
floette-mega,champions,train,psychic,0,,
floette-mega,champions,train,light-screen,0,,
floette-mega,champions,train,rest,0,,
floette-mega,champions,train,substitute,0,,
floette-mega,champions,train,protect,0,,
floette-mega,champions,train,giga-drain,0,,
floette-mega,champions,train,endure,0,,
floette-mega,champions,train,charm,0,,
floette-mega,champions,train,sleep-talk,0,,
floette-mega,champions,train,safeguard,0,,
floette-mega,champions,train,baton-pass,0,,
floette-mega,champions,train,synthesis,0,,
floette-mega,champions,train,rain-dance,0,,
floette-mega,champions,train,sunny-day,0,,
floette-mega,champions,train,facade,0,,
floette-mega,champions,train,helping-hand,0,,
floette-mega,champions,train,trick,0,,
floette-mega,champions,train,wish,0,,
floette-mega,champions,train,endeavor,0,,
floette-mega,champions,train,skill-swap,0,,
floette-mega,champions,train,calm-mind,0,,
floette-mega,champions,train,copycat,0,,
floette-mega,champions,train,seed-bomb,0,,
floette-mega,champions,train,energy-ball,0,,
floette-mega,champions,train,grass-knot,0,,
floette-mega,champions,train,stored-power,0,,
floette-mega,champions,train,petal-blizzard,0,,
floette-mega,champions,train,draining-kiss,0,,
floette-mega,champions,train,grassy-terrain,0,,
floette-mega,champions,train,misty-terrain,0,,
floette-mega,champions,train,moonblast,0,,
floette-mega,champions,train,dazzling-gleam,0,,
floette-mega,champions,train,light-of-ruin,0,,
floette-mega,champions,train,pollen-puff,0,,
floette-mega,champions,train,tearful-look,0,,
floette-mega,champions,train,trailblaze,0,,
floette-mega,champions,train,chilling-water,0,,
floette-mega,champions,train,alluring-voice,0,,
malamar-mega,champions,train,wrap,0,,
malamar-mega,champions,train,disable,0,,
malamar-mega,champions,train,flamethrower,0,,
malamar-mega,champions,train,hyper-beam,0,,
malamar-mega,champions,train,thunderbolt,0,,
malamar-mega,champions,train,psychic,0,,
malamar-mega,champions,train,hypnosis,0,,
malamar-mega,champions,train,double-team,0,,
malamar-mega,champions,train,light-screen,0,,
malamar-mega,champions,train,reflect,0,,
malamar-mega,champions,train,rest,0,,
malamar-mega,champions,train,rock-slide,0,,
malamar-mega,champions,train,substitute,0,,
malamar-mega,champions,train,thief,0,,
malamar-mega,champions,train,snore,0,,
malamar-mega,champions,train,reversal,0,,
malamar-mega,champions,train,spite,0,,
malamar-mega,champions,train,protect,0,,
malamar-mega,champions,train,scary-face,0,,
malamar-mega,champions,train,destiny-bond,0,,
malamar-mega,champions,train,endure,0,,
malamar-mega,champions,train,swagger,0,,
malamar-mega,champions,train,sleep-talk,0,,
malamar-mega,champions,train,baton-pass,0,,
malamar-mega,champions,train,rain-dance,0,,
malamar-mega,champions,train,sunny-day,0,,
malamar-mega,champions,train,psych-up,0,,
malamar-mega,champions,train,future-sight,0,,
malamar-mega,champions,train,torment,0,,
malamar-mega,champions,train,facade,0,,
malamar-mega,champions,train,taunt,0,,
malamar-mega,champions,train,helping-hand,0,,
malamar-mega,champions,train,trick,0,,
malamar-mega,champions,train,superpower,0,,
malamar-mega,champions,train,knock-off,0,,
malamar-mega,champions,train,skill-swap,0,,
malamar-mega,champions,train,fake-tears,0,,
malamar-mega,champions,train,aerial-ace,0,,
malamar-mega,champions,train,calm-mind,0,,
malamar-mega,champions,train,gravity,0,,
malamar-mega,champions,train,pluck,0,,
malamar-mega,champions,train,acupressure,0,,
malamar-mega,champions,train,payback,0,,
malamar-mega,champions,train,fling,0,,
malamar-mega,champions,train,guard-swap,0,,
malamar-mega,champions,train,poison-jab,0,,
malamar-mega,champions,train,dark-pulse,0,,
malamar-mega,champions,train,night-slash,0,,
malamar-mega,champions,train,switcheroo,0,,
malamar-mega,champions,train,giga-impact,0,,
malamar-mega,champions,train,nasty-plot,0,,
malamar-mega,champions,train,psycho-cut,0,,
malamar-mega,champions,train,zen-headbutt,0,,
malamar-mega,champions,train,trick-room,0,,
malamar-mega,champions,train,double-hit,0,,
malamar-mega,champions,train,psyshock,0,,
malamar-mega,champions,train,foul-play,0,,
malamar-mega,champions,train,round,0,,
malamar-mega,champions,train,stored-power,0,,
malamar-mega,champions,train,topsy-turvy,0,,
malamar-mega,champions,train,throat-chop,0,,
malamar-mega,champions,train,lunge,0,,
malamar-mega,champions,train,brutal-swing,0,,
malamar-mega,champions,train,liquidation,0,,
malamar-mega,champions,train,expanding-force,0,,
malamar-mega,champions,train,lash-out,0,,
malamar-mega,champions,train,trailblaze,0,,
malamar-mega,champions,train,psychic-noise,0,,
barbaracle-mega,champions,train,swords-dance,0,,
barbaracle-mega,champions,train,surf,0,,
barbaracle-mega,champions,train,ice-beam,0,,
barbaracle-mega,champions,train,blizzard,0,,
barbaracle-mega,champions,train,hyper-beam,0,,
barbaracle-mega,champions,train,low-kick,0,,
barbaracle-mega,champions,train,earthquake,0,,
barbaracle-mega,champions,train,dig,0,,
barbaracle-mega,champions,train,screech,0,,
barbaracle-mega,champions,train,waterfall,0,,
barbaracle-mega,champions,train,rest,0,,
barbaracle-mega,champions,train,rock-slide,0,,
barbaracle-mega,champions,train,substitute,0,,
barbaracle-mega,champions,train,thief,0,,
barbaracle-mega,champions,train,snore,0,,
barbaracle-mega,champions,train,protect,0,,
barbaracle-mega,champions,train,sludge-bomb,0,,
barbaracle-mega,champions,train,mud-slap,0,,
barbaracle-mega,champions,train,icy-wind,0,,
barbaracle-mega,champions,train,sandstorm,0,,
barbaracle-mega,champions,train,endure,0,,
barbaracle-mega,champions,train,attract,0,,
barbaracle-mega,champions,train,sleep-talk,0,,
barbaracle-mega,champions,train,safeguard,0,,
barbaracle-mega,champions,train,cross-chop,0,,
barbaracle-mega,champions,train,rain-dance,0,,
barbaracle-mega,champions,train,ancient-power,0,,
barbaracle-mega,champions,train,whirlpool,0,,
barbaracle-mega,champions,train,beat-up,0,,
barbaracle-mega,champions,train,uproar,0,,
barbaracle-mega,champions,train,facade,0,,
barbaracle-mega,champions,train,taunt,0,,
barbaracle-mega,champions,train,helping-hand,0,,
barbaracle-mega,champions,train,superpower,0,,
barbaracle-mega,champions,train,brick-break,0,,
barbaracle-mega,champions,train,dive,0,,
barbaracle-mega,champions,train,rock-tomb,0,,
barbaracle-mega,champions,train,muddy-water,0,,
barbaracle-mega,champions,train,iron-defense,0,,
barbaracle-mega,champions,train,dragon-claw,0,,
barbaracle-mega,champions,train,bulk-up,0,,
barbaracle-mega,champions,train,mud-shot,0,,
barbaracle-mega,champions,train,rock-blast,0,,
barbaracle-mega,champions,train,close-combat,0,,
barbaracle-mega,champions,train,payback,0,,
barbaracle-mega,champions,train,assurance,0,,
barbaracle-mega,champions,train,fling,0,,
barbaracle-mega,champions,train,rock-polish,0,,
barbaracle-mega,champions,train,poison-jab,0,,
barbaracle-mega,champions,train,night-slash,0,,
barbaracle-mega,champions,train,x-scissor,0,,
barbaracle-mega,champions,train,focus-blast,0,,
barbaracle-mega,champions,train,earth-power,0,,
barbaracle-mega,champions,train,switcheroo,0,,
barbaracle-mega,champions,train,giga-impact,0,,
barbaracle-mega,champions,train,shadow-claw,0,,
barbaracle-mega,champions,train,stone-edge,0,,
barbaracle-mega,champions,train,stealth-rock,0,,
barbaracle-mega,champions,train,grass-knot,0,,
barbaracle-mega,champions,train,double-hit,0,,
barbaracle-mega,champions,train,sludge-wave,0,,
barbaracle-mega,champions,train,round,0,,
barbaracle-mega,champions,train,scald,0,,
barbaracle-mega,champions,train,shell-smash,0,,
barbaracle-mega,champions,train,bulldoze,0,,
barbaracle-mega,champions,train,razor-shell,0,,
barbaracle-mega,champions,train,brutal-swing,0,,
barbaracle-mega,champions,train,liquidation,0,,
barbaracle-mega,champions,train,meteor-beam,0,,
barbaracle-mega,champions,train,chilling-water,0,,
barbaracle-mega,champions,train,aqua-cutter,0,,
dragalge-mega,champions,train,hydro-pump,0,,
dragalge-mega,champions,train,surf,0,,
dragalge-mega,champions,train,hyper-beam,0,,
dragalge-mega,champions,train,thunderbolt,0,,
dragalge-mega,champions,train,thunder,0,,
dragalge-mega,champions,train,toxic,0,,
dragalge-mega,champions,train,double-team,0,,
dragalge-mega,champions,train,haze,0,,
dragalge-mega,champions,train,waterfall,0,,
dragalge-mega,champions,train,acid-armor,0,,
dragalge-mega,champions,train,rest,0,,
dragalge-mega,champions,train,substitute,0,,
dragalge-mega,champions,train,thief,0,,
dragalge-mega,champions,train,snore,0,,
dragalge-mega,champions,train,spite,0,,
dragalge-mega,champions,train,protect,0,,
dragalge-mega,champions,train,scary-face,0,,
dragalge-mega,champions,train,sludge-bomb,0,,
dragalge-mega,champions,train,mud-slap,0,,
dragalge-mega,champions,train,icy-wind,0,,
dragalge-mega,champions,train,outrage,0,,
dragalge-mega,champions,train,endure,0,,
dragalge-mega,champions,train,sleep-talk,0,,
dragalge-mega,champions,train,iron-tail,0,,
dragalge-mega,champions,train,rain-dance,0,,
dragalge-mega,champions,train,shadow-ball,0,,
dragalge-mega,champions,train,whirlpool,0,,
dragalge-mega,champions,train,facade,0,,
dragalge-mega,champions,train,dive,0,,
dragalge-mega,champions,train,muddy-water,0,,
dragalge-mega,champions,train,mud-shot,0,,
dragalge-mega,champions,train,water-pulse,0,,
dragalge-mega,champions,train,toxic-spikes,0,,
dragalge-mega,champions,train,poison-jab,0,,
dragalge-mega,champions,train,aqua-tail,0,,
dragalge-mega,champions,train,dragon-pulse,0,,
dragalge-mega,champions,train,focus-blast,0,,
dragalge-mega,champions,train,giga-impact,0,,
dragalge-mega,champions,train,draco-meteor,0,,
dragalge-mega,champions,train,gunk-shot,0,,
dragalge-mega,champions,train,venoshock,0,,
dragalge-mega,champions,train,sludge-wave,0,,
dragalge-mega,champions,train,acid-spray,0,,
dragalge-mega,champions,train,round,0,,
dragalge-mega,champions,train,scald,0,,
dragalge-mega,champions,train,dragon-tail,0,,
dragalge-mega,champions,train,play-rough,0,,
dragalge-mega,champions,train,liquidation,0,,
dragalge-mega,champions,train,scale-shot,0,,
dragalge-mega,champions,train,flip-turn,0,,
dragalge-mega,champions,train,snowscape,0,,
dragalge-mega,champions,train,chilling-water,0,,
hawlucha-mega,champions,train,fire-punch,0,,
hawlucha-mega,champions,train,thunder-punch,0,,
hawlucha-mega,champions,train,swords-dance,0,,
hawlucha-mega,champions,train,fly,0,,
hawlucha-mega,champions,train,mega-kick,0,,
hawlucha-mega,champions,train,body-slam,0,,
hawlucha-mega,champions,train,hyper-beam,0,,
hawlucha-mega,champions,train,low-kick,0,,
hawlucha-mega,champions,train,dig,0,,
hawlucha-mega,champions,train,agility,0,,
hawlucha-mega,champions,train,high-jump-kick,0,,
hawlucha-mega,champions,train,sky-attack,0,,
hawlucha-mega,champions,train,rest,0,,
hawlucha-mega,champions,train,rock-slide,0,,
hawlucha-mega,champions,train,substitute,0,,
hawlucha-mega,champions,train,thief,0,,
hawlucha-mega,champions,train,snore,0,,
hawlucha-mega,champions,train,reversal,0,,
hawlucha-mega,champions,train,protect,0,,
hawlucha-mega,champions,train,detect,0,,
hawlucha-mega,champions,train,endure,0,,
hawlucha-mega,champions,train,steel-wing,0,,
hawlucha-mega,champions,train,mean-look,0,,
hawlucha-mega,champions,train,sleep-talk,0,,
hawlucha-mega,champions,train,baton-pass,0,,
hawlucha-mega,champions,train,encore,0,,
hawlucha-mega,champions,train,cross-chop,0,,
hawlucha-mega,champions,train,rain-dance,0,,
hawlucha-mega,champions,train,sunny-day,0,,
hawlucha-mega,champions,train,uproar,0,,
hawlucha-mega,champions,train,facade,0,,
hawlucha-mega,champions,train,focus-punch,0,,
hawlucha-mega,champions,train,taunt,0,,
hawlucha-mega,champions,train,helping-hand,0,,
hawlucha-mega,champions,train,superpower,0,,
hawlucha-mega,champions,train,brick-break,0,,
hawlucha-mega,champions,train,endeavor,0,,
hawlucha-mega,champions,train,feather-dance,0,,
hawlucha-mega,champions,train,rock-tomb,0,,
hawlucha-mega,champions,train,aerial-ace,0,,
hawlucha-mega,champions,train,bulk-up,0,,
hawlucha-mega,champions,train,bounce,0,,
hawlucha-mega,champions,train,roost,0,,
hawlucha-mega,champions,train,feint,0,,
hawlucha-mega,champions,train,u-turn,0,,
hawlucha-mega,champions,train,close-combat,0,,
hawlucha-mega,champions,train,payback,0,,
hawlucha-mega,champions,train,assurance,0,,
hawlucha-mega,champions,train,fling,0,,
hawlucha-mega,champions,train,poison-jab,0,,
hawlucha-mega,champions,train,air-slash,0,,
hawlucha-mega,champions,train,x-scissor,0,,
hawlucha-mega,champions,train,drain-punch,0,,
hawlucha-mega,champions,train,focus-blast,0,,
hawlucha-mega,champions,train,brave-bird,0,,
hawlucha-mega,champions,train,giga-impact,0,,
hawlucha-mega,champions,train,zen-headbutt,0,,
hawlucha-mega,champions,train,defog,0,,
hawlucha-mega,champions,train,iron-head,0,,
hawlucha-mega,champions,train,stone-edge,0,,
hawlucha-mega,champions,train,grass-knot,0,,
hawlucha-mega,champions,train,low-sweep,0,,
hawlucha-mega,champions,train,entrainment,0,,
hawlucha-mega,champions,train,round,0,,
hawlucha-mega,champions,train,quick-guard,0,,
hawlucha-mega,champions,train,acrobatics,0,,
hawlucha-mega,champions,train,flying-press,0,,
hawlucha-mega,champions,train,throat-chop,0,,
hawlucha-mega,champions,train,lunge,0,,
hawlucha-mega,champions,train,body-press,0,,
hawlucha-mega,champions,train,coaching,0,,
hawlucha-mega,champions,train,dual-wingbeat,0,,
hawlucha-mega,champions,train,trailblaze,0,,
hawlucha-mega,champions,train,upper-hand,0,,
drampa-mega,champions,train,whirlwind,0,,
drampa-mega,champions,train,fly,0,,
drampa-mega,champions,train,body-slam,0,,
drampa-mega,champions,train,flamethrower,0,,
drampa-mega,champions,train,hydro-pump,0,,
drampa-mega,champions,train,surf,0,,
drampa-mega,champions,train,ice-beam,0,,
drampa-mega,champions,train,blizzard,0,,
drampa-mega,champions,train,hyper-beam,0,,
drampa-mega,champions,train,solar-beam,0,,
drampa-mega,champions,train,thunderbolt,0,,
drampa-mega,champions,train,thunder-wave,0,,
drampa-mega,champions,train,thunder,0,,
drampa-mega,champions,train,earthquake,0,,
drampa-mega,champions,train,light-screen,0,,
drampa-mega,champions,train,fire-blast,0,,
drampa-mega,champions,train,amnesia,0,,
drampa-mega,champions,train,glare,0,,
drampa-mega,champions,train,rest,0,,
drampa-mega,champions,train,rock-slide,0,,
drampa-mega,champions,train,tri-attack,0,,
drampa-mega,champions,train,substitute,0,,
drampa-mega,champions,train,snore,0,,
drampa-mega,champions,train,protect,0,,
drampa-mega,champions,train,icy-wind,0,,
drampa-mega,champions,train,outrage,0,,
drampa-mega,champions,train,endure,0,,
drampa-mega,champions,train,steel-wing,0,,
drampa-mega,champions,train,attract,0,,
drampa-mega,champions,train,sleep-talk,0,,
drampa-mega,champions,train,safeguard,0,,
drampa-mega,champions,train,rain-dance,0,,
drampa-mega,champions,train,sunny-day,0,,
drampa-mega,champions,train,shadow-ball,0,,
drampa-mega,champions,train,uproar,0,,
drampa-mega,champions,train,heat-wave,0,,
drampa-mega,champions,train,facade,0,,
drampa-mega,champions,train,helping-hand,0,,
drampa-mega,champions,train,superpower,0,,
drampa-mega,champions,train,hyper-voice,0,,
drampa-mega,champions,train,tickle,0,,
drampa-mega,champions,train,extrasensory,0,,
drampa-mega,champions,train,dragon-claw,0,,
drampa-mega,champions,train,calm-mind,0,,
drampa-mega,champions,train,dragon-dance,0,,
drampa-mega,champions,train,roost,0,,
drampa-mega,champions,train,fling,0,,
drampa-mega,champions,train,dragon-pulse,0,,
drampa-mega,champions,train,dragon-rush,0,,
drampa-mega,champions,train,focus-blast,0,,
drampa-mega,champions,train,energy-ball,0,,
drampa-mega,champions,train,earth-power,0,,
drampa-mega,champions,train,giga-impact,0,,
drampa-mega,champions,train,shadow-claw,0,,
drampa-mega,champions,train,draco-meteor,0,,
drampa-mega,champions,train,grass-knot,0,,
drampa-mega,champions,train,round,0,,
drampa-mega,champions,train,bulldoze,0,,
drampa-mega,champions,train,hurricane,0,,
drampa-mega,champions,train,snarl,0,,
drampa-mega,champions,train,play-rough,0,,
drampa-mega,champions,train,stomping-tantrum,0,,
drampa-mega,champions,train,breaking-swipe,0,,
drampa-mega,champions,train,scale-shot,0,,
drampa-mega,champions,train,lash-out,0,,
drampa-mega,champions,train,dragon-cheer,0,,
falinks-mega,champions,train,swords-dance,0,,
falinks-mega,champions,train,body-slam,0,,
falinks-mega,champions,train,hyper-beam,0,,
falinks-mega,champions,train,counter,0,,
falinks-mega,champions,train,agility,0,,
falinks-mega,champions,train,screech,0,,
falinks-mega,champions,train,focus-energy,0,,
falinks-mega,champions,train,rest,0,,
falinks-mega,champions,train,rock-slide,0,,
falinks-mega,champions,train,substitute,0,,
falinks-mega,champions,train,snore,0,,
falinks-mega,champions,train,reversal,0,,
falinks-mega,champions,train,protect,0,,
falinks-mega,champions,train,endure,0,,
falinks-mega,champions,train,sleep-talk,0,,
falinks-mega,champions,train,megahorn,0,,
falinks-mega,champions,train,rain-dance,0,,
falinks-mega,champions,train,sunny-day,0,,
falinks-mega,champions,train,psych-up,0,,
falinks-mega,champions,train,beat-up,0,,
falinks-mega,champions,train,uproar,0,,
falinks-mega,champions,train,facade,0,,
falinks-mega,champions,train,helping-hand,0,,
falinks-mega,champions,train,superpower,0,,
falinks-mega,champions,train,brick-break,0,,
falinks-mega,champions,train,knock-off,0,,
falinks-mega,champions,train,endeavor,0,,
falinks-mega,champions,train,rock-tomb,0,,
falinks-mega,champions,train,iron-defense,0,,
falinks-mega,champions,train,bulk-up,0,,
falinks-mega,champions,train,close-combat,0,,
falinks-mega,champions,train,payback,0,,
falinks-mega,champions,train,assurance,0,,
falinks-mega,champions,train,poison-jab,0,,
falinks-mega,champions,train,seed-bomb,0,,
falinks-mega,champions,train,focus-blast,0,,
falinks-mega,champions,train,giga-impact,0,,
falinks-mega,champions,train,zen-headbutt,0,,
falinks-mega,champions,train,iron-head,0,,
falinks-mega,champions,train,double-hit,0,,
falinks-mega,champions,train,round,0,,
falinks-mega,champions,train,first-impression,0,,
falinks-mega,champions,train,high-horsepower,0,,
falinks-mega,champions,train,throat-chop,0,,
falinks-mega,champions,train,lunge,0,,
falinks-mega,champions,train,smart-strike,0,,
falinks-mega,champions,train,no-retreat,0,,
falinks-mega,champions,train,body-press,0,,
falinks-mega,champions,train,coaching,0,,
falinks-mega,champions,train,trailblaze,0,,
falinks-mega,champions,train,upper-hand,0,,
raichu-mega-x,champions,train,thunder-punch,0,,
raichu-mega-x,champions,train,mega-kick,0,,
raichu-mega-x,champions,train,body-slam,0,,
raichu-mega-x,champions,train,surf,0,,
raichu-mega-x,champions,train,hyper-beam,0,,
raichu-mega-x,champions,train,thunderbolt,0,,
raichu-mega-x,champions,train,thunder-wave,0,,
raichu-mega-x,champions,train,thunder,0,,
raichu-mega-x,champions,train,dig,0,,
raichu-mega-x,champions,train,agility,0,,
raichu-mega-x,champions,train,quick-attack,0,,
raichu-mega-x,champions,train,double-team,0,,
raichu-mega-x,champions,train,light-screen,0,,
raichu-mega-x,champions,train,reflect,0,,
raichu-mega-x,champions,train,rest,0,,
raichu-mega-x,champions,train,substitute,0,,
raichu-mega-x,champions,train,thief,0,,
raichu-mega-x,champions,train,snore,0,,
raichu-mega-x,champions,train,flail,0,,
raichu-mega-x,champions,train,reversal,0,,
raichu-mega-x,champions,train,protect,0,,
raichu-mega-x,champions,train,sweet-kiss,0,,
raichu-mega-x,champions,train,zap-cannon,0,,
raichu-mega-x,champions,train,endure,0,,
raichu-mega-x,champions,train,charm,0,,
raichu-mega-x,champions,train,sleep-talk,0,,
raichu-mega-x,champions,train,encore,0,,
raichu-mega-x,champions,train,iron-tail,0,,
raichu-mega-x,champions,train,rain-dance,0,,
raichu-mega-x,champions,train,fake-out,0,,
raichu-mega-x,champions,train,facade,0,,
raichu-mega-x,champions,train,focus-punch,0,,
raichu-mega-x,champions,train,charge,0,,
raichu-mega-x,champions,train,helping-hand,0,,
raichu-mega-x,champions,train,wish,0,,
raichu-mega-x,champions,train,brick-break,0,,
raichu-mega-x,champions,train,knock-off,0,,
raichu-mega-x,champions,train,endeavor,0,,
raichu-mega-x,champions,train,fake-tears,0,,
raichu-mega-x,champions,train,tickle,0,,
raichu-mega-x,champions,train,volt-tackle,0,,
raichu-mega-x,champions,train,feint,0,,
raichu-mega-x,champions,train,fling,0,,
raichu-mega-x,champions,train,drain-punch,0,,
raichu-mega-x,champions,train,focus-blast,0,,
raichu-mega-x,champions,train,giga-impact,0,,
raichu-mega-x,champions,train,nasty-plot,0,,
raichu-mega-x,champions,train,discharge,0,,
raichu-mega-x,champions,train,grass-knot,0,,
raichu-mega-x,champions,train,charge-beam,0,,
raichu-mega-x,champions,train,electro-ball,0,,
raichu-mega-x,champions,train,round,0,,
raichu-mega-x,champions,train,volt-switch,0,,
raichu-mega-x,champions,train,electroweb,0,,
raichu-mega-x,champions,train,wild-charge,0,,
raichu-mega-x,champions,train,draining-kiss,0,,
raichu-mega-x,champions,train,play-rough,0,,
raichu-mega-x,champions,train,eerie-impulse,0,,
raichu-mega-x,champions,train,electric-terrain,0,,
raichu-mega-x,champions,train,dazzling-gleam,0,,
raichu-mega-x,champions,train,nuzzle,0,,
raichu-mega-x,champions,train,brutal-swing,0,,
raichu-mega-x,champions,train,rising-voltage,0,,
raichu-mega-x,champions,train,trailblaze,0,,
raichu-mega-x,champions,train,alluring-voice,0,,
raichu-mega-x,champions,train,upper-hand,0,,
raichu-mega-y,champions,train,thunder-punch,0,,
raichu-mega-y,champions,train,mega-kick,0,,
raichu-mega-y,champions,train,body-slam,0,,
raichu-mega-y,champions,train,surf,0,,
raichu-mega-y,champions,train,hyper-beam,0,,
raichu-mega-y,champions,train,thunderbolt,0,,
raichu-mega-y,champions,train,thunder-wave,0,,
raichu-mega-y,champions,train,thunder,0,,
raichu-mega-y,champions,train,dig,0,,
raichu-mega-y,champions,train,agility,0,,
raichu-mega-y,champions,train,quick-attack,0,,
raichu-mega-y,champions,train,double-team,0,,
raichu-mega-y,champions,train,light-screen,0,,
raichu-mega-y,champions,train,reflect,0,,
raichu-mega-y,champions,train,rest,0,,
raichu-mega-y,champions,train,substitute,0,,
raichu-mega-y,champions,train,thief,0,,
raichu-mega-y,champions,train,snore,0,,
raichu-mega-y,champions,train,flail,0,,
raichu-mega-y,champions,train,reversal,0,,
raichu-mega-y,champions,train,protect,0,,
raichu-mega-y,champions,train,sweet-kiss,0,,
raichu-mega-y,champions,train,zap-cannon,0,,
raichu-mega-y,champions,train,endure,0,,
raichu-mega-y,champions,train,charm,0,,
raichu-mega-y,champions,train,sleep-talk,0,,
raichu-mega-y,champions,train,encore,0,,
raichu-mega-y,champions,train,iron-tail,0,,
raichu-mega-y,champions,train,rain-dance,0,,
raichu-mega-y,champions,train,fake-out,0,,
raichu-mega-y,champions,train,facade,0,,
raichu-mega-y,champions,train,focus-punch,0,,
raichu-mega-y,champions,train,charge,0,,
raichu-mega-y,champions,train,helping-hand,0,,
raichu-mega-y,champions,train,wish,0,,
raichu-mega-y,champions,train,brick-break,0,,
raichu-mega-y,champions,train,knock-off,0,,
raichu-mega-y,champions,train,endeavor,0,,
raichu-mega-y,champions,train,fake-tears,0,,
raichu-mega-y,champions,train,tickle,0,,
raichu-mega-y,champions,train,volt-tackle,0,,
raichu-mega-y,champions,train,feint,0,,
raichu-mega-y,champions,train,fling,0,,
raichu-mega-y,champions,train,drain-punch,0,,
raichu-mega-y,champions,train,focus-blast,0,,
raichu-mega-y,champions,train,giga-impact,0,,
raichu-mega-y,champions,train,nasty-plot,0,,
raichu-mega-y,champions,train,discharge,0,,
raichu-mega-y,champions,train,grass-knot,0,,
raichu-mega-y,champions,train,charge-beam,0,,
raichu-mega-y,champions,train,electro-ball,0,,
raichu-mega-y,champions,train,round,0,,
raichu-mega-y,champions,train,volt-switch,0,,
raichu-mega-y,champions,train,electroweb,0,,
raichu-mega-y,champions,train,wild-charge,0,,
raichu-mega-y,champions,train,draining-kiss,0,,
raichu-mega-y,champions,train,play-rough,0,,
raichu-mega-y,champions,train,eerie-impulse,0,,
raichu-mega-y,champions,train,electric-terrain,0,,
raichu-mega-y,champions,train,dazzling-gleam,0,,
raichu-mega-y,champions,train,nuzzle,0,,
raichu-mega-y,champions,train,brutal-swing,0,,
raichu-mega-y,champions,train,rising-voltage,0,,
raichu-mega-y,champions,train,trailblaze,0,,
raichu-mega-y,champions,train,alluring-voice,0,,
raichu-mega-y,champions,train,upper-hand,0,,
chimecho-mega,champions,train,wrap,0,,
chimecho-mega,champions,train,double-edge,0,,
chimecho-mega,champions,train,disable,0,,
chimecho-mega,champions,train,thunder-wave,0,,
chimecho-mega,champions,train,psychic,0,,
chimecho-mega,champions,train,hypnosis,0,,
chimecho-mega,champions,train,screech,0,,
chimecho-mega,champions,train,recover,0,,
chimecho-mega,champions,train,light-screen,0,,
chimecho-mega,champions,train,reflect,0,,
chimecho-mega,champions,train,self-destruct,0,,
chimecho-mega,champions,train,rest,0,,
chimecho-mega,champions,train,substitute,0,,
chimecho-mega,champions,train,snore,0,,
chimecho-mega,champions,train,curse,0,,
chimecho-mega,champions,train,protect,0,,
chimecho-mega,champions,train,icy-wind,0,,
chimecho-mega,champions,train,endure,0,,
chimecho-mega,champions,train,charm,0,,
chimecho-mega,champions,train,sleep-talk,0,,
chimecho-mega,champions,train,heal-bell,0,,
chimecho-mega,champions,train,safeguard,0,,
chimecho-mega,champions,train,baton-pass,0,,
chimecho-mega,champions,train,encore,0,,
chimecho-mega,champions,train,rain-dance,0,,
chimecho-mega,champions,train,sunny-day,0,,
chimecho-mega,champions,train,psych-up,0,,
chimecho-mega,champions,train,shadow-ball,0,,
chimecho-mega,champions,train,future-sight,0,,
chimecho-mega,champions,train,uproar,0,,
chimecho-mega,champions,train,facade,0,,
chimecho-mega,champions,train,taunt,0,,
chimecho-mega,champions,train,helping-hand,0,,
chimecho-mega,champions,train,trick,0,,
chimecho-mega,champions,train,wish,0,,
chimecho-mega,champions,train,recycle,0,,
chimecho-mega,champions,train,yawn,0,,
chimecho-mega,champions,train,knock-off,0,,
chimecho-mega,champions,train,skill-swap,0,,
chimecho-mega,champions,train,imprison,0,,
chimecho-mega,champions,train,hyper-voice,0,,
chimecho-mega,champions,train,fake-tears,0,,
chimecho-mega,champions,train,metal-sound,0,,
chimecho-mega,champions,train,cosmic-power,0,,
chimecho-mega,champions,train,extrasensory,0,,
chimecho-mega,champions,train,calm-mind,0,,
chimecho-mega,champions,train,gravity,0,,
chimecho-mega,champions,train,healing-wish,0,,
chimecho-mega,champions,train,energy-ball,0,,
chimecho-mega,champions,train,zen-headbutt,0,,
chimecho-mega,champions,train,flash-cannon,0,,
chimecho-mega,champions,train,trick-room,0,,
chimecho-mega,champions,train,grass-knot,0,,
chimecho-mega,champions,train,charge-beam,0,,
chimecho-mega,champions,train,psyshock,0,,
chimecho-mega,champions,train,round,0,,
chimecho-mega,champions,train,stored-power,0,,
chimecho-mega,champions,train,ally-switch,0,,
chimecho-mega,champions,train,heal-pulse,0,,
chimecho-mega,champions,train,snarl,0,,
chimecho-mega,champions,train,draining-kiss,0,,
chimecho-mega,champions,train,boomburst,0,,
chimecho-mega,champions,train,dazzling-gleam,0,,
chimecho-mega,champions,train,expanding-force,0,,
chimecho-mega,champions,train,psychic-noise,0,,
staraptor-mega,champions,train,whirlwind,0,,
staraptor-mega,champions,train,fly,0,,
staraptor-mega,champions,train,double-edge,0,,
staraptor-mega,champions,train,hyper-beam,0,,
staraptor-mega,champions,train,agility,0,,
staraptor-mega,champions,train,quick-attack,0,,
staraptor-mega,champions,train,double-team,0,,
staraptor-mega,champions,train,sky-attack,0,,
staraptor-mega,champions,train,rest,0,,
staraptor-mega,champions,train,substitute,0,,
staraptor-mega,champions,train,thief,0,,
staraptor-mega,champions,train,snore,0,,
staraptor-mega,champions,train,protect,0,,
staraptor-mega,champions,train,endure,0,,
staraptor-mega,champions,train,swagger,0,,
staraptor-mega,champions,train,steel-wing,0,,
staraptor-mega,champions,train,sleep-talk,0,,
staraptor-mega,champions,train,rain-dance,0,,
staraptor-mega,champions,train,sunny-day,0,,
staraptor-mega,champions,train,uproar,0,,
staraptor-mega,champions,train,heat-wave,0,,
staraptor-mega,champions,train,facade,0,,
staraptor-mega,champions,train,helping-hand,0,,
staraptor-mega,champions,train,brick-break,0,,
staraptor-mega,champions,train,endeavor,0,,
staraptor-mega,champions,train,feather-dance,0,,
staraptor-mega,champions,train,blaze-kick,0,,
staraptor-mega,champions,train,air-cutter,0,,
staraptor-mega,champions,train,aerial-ace,0,,
staraptor-mega,champions,train,bulk-up,0,,
staraptor-mega,champions,train,roost,0,,
staraptor-mega,champions,train,tailwind,0,,
staraptor-mega,champions,train,u-turn,0,,
staraptor-mega,champions,train,close-combat,0,,
staraptor-mega,champions,train,air-slash,0,,
staraptor-mega,champions,train,focus-blast,0,,
staraptor-mega,champions,train,brave-bird,0,,
staraptor-mega,champions,train,giga-impact,0,,
staraptor-mega,champions,train,round,0,,
staraptor-mega,champions,train,acrobatics,0,,
staraptor-mega,champions,train,final-gambit,0,,
staraptor-mega,champions,train,hurricane,0,,
staraptor-mega,champions,train,dual-wingbeat,0,,
golurk-mega,champions,train,fire-punch,0,,
golurk-mega,champions,train,ice-punch,0,,
golurk-mega,champions,train,thunder-punch,0,,
golurk-mega,champions,train,fly,0,,
golurk-mega,champions,train,mega-kick,0,,
golurk-mega,champions,train,body-slam,0,,
golurk-mega,champions,train,double-edge,0,,
golurk-mega,champions,train,ice-beam,0,,
golurk-mega,champions,train,hyper-beam,0,,
golurk-mega,champions,train,low-kick,0,,
golurk-mega,champions,train,solar-beam,0,,
golurk-mega,champions,train,thunderbolt,0,,
golurk-mega,champions,train,earthquake,0,,
golurk-mega,champions,train,dig,0,,
golurk-mega,champions,train,psychic,0,,
golurk-mega,champions,train,night-shade,0,,
golurk-mega,champions,train,confuse-ray,0,,
golurk-mega,champions,train,reflect,0,,
golurk-mega,champions,train,self-destruct,0,,
golurk-mega,champions,train,rest,0,,
golurk-mega,champions,train,rock-slide,0,,
golurk-mega,champions,train,substitute,0,,
golurk-mega,champions,train,thief,0,,
golurk-mega,champions,train,snore,0,,
golurk-mega,champions,train,curse,0,,
golurk-mega,champions,train,protect,0,,
golurk-mega,champions,train,mud-slap,0,,
golurk-mega,champions,train,icy-wind,0,,
golurk-mega,champions,train,sandstorm,0,,
golurk-mega,champions,train,endure,0,,
golurk-mega,champions,train,sleep-talk,0,,
golurk-mega,champions,train,dynamic-punch,0,,
golurk-mega,champions,train,rain-dance,0,,
golurk-mega,champions,train,sunny-day,0,,
golurk-mega,champions,train,psych-up,0,,
golurk-mega,champions,train,shadow-ball,0,,
golurk-mega,champions,train,facade,0,,
golurk-mega,champions,train,focus-punch,0,,
golurk-mega,champions,train,helping-hand,0,,
golurk-mega,champions,train,trick,0,,
golurk-mega,champions,train,superpower,0,,
golurk-mega,champions,train,brick-break,0,,
golurk-mega,champions,train,knock-off,0,,
golurk-mega,champions,train,imprison,0,,
golurk-mega,champions,train,rock-tomb,0,,
golurk-mega,champions,train,shadow-punch,0,,
golurk-mega,champions,train,iron-defense,0,,
golurk-mega,champions,train,gravity,0,,
golurk-mega,champions,train,hammer-arm,0,,
golurk-mega,champions,train,gyro-ball,0,,
golurk-mega,champions,train,close-combat,0,,
golurk-mega,champions,train,fling,0,,
golurk-mega,champions,train,drain-punch,0,,
golurk-mega,champions,train,focus-blast,0,,
golurk-mega,champions,train,earth-power,0,,
golurk-mega,champions,train,giga-impact,0,,
golurk-mega,champions,train,zen-headbutt,0,,
golurk-mega,champions,train,flash-cannon,0,,
golurk-mega,champions,train,iron-head,0,,
golurk-mega,champions,train,stone-edge,0,,
golurk-mega,champions,train,stealth-rock,0,,
golurk-mega,champions,train,grass-knot,0,,
golurk-mega,champions,train,charge-beam,0,,
golurk-mega,champions,train,smack-down,0,,
golurk-mega,champions,train,heavy-slam,0,,
golurk-mega,champions,train,low-sweep,0,,
golurk-mega,champions,train,round,0,,
golurk-mega,champions,train,hex,0,,
golurk-mega,champions,train,bulldoze,0,,
golurk-mega,champions,train,heat-crash,0,,
golurk-mega,champions,train,phantom-force,0,,
golurk-mega,champions,train,high-horsepower,0,,
golurk-mega,champions,train,stomping-tantrum,0,,
golurk-mega,champions,train,body-press,0,,
golurk-mega,champions,train,poltergeist,0,,
golurk-mega,champions,train,scorching-sands,0,,
golurk-mega,champions,train,headlong-rush,0,,
golurk-mega,champions,train,hard-press,0,,
meowstic-male-mega,champions,train,hyper-beam,0,,
meowstic-male-mega,champions,train,thunderbolt,0,,
meowstic-male-mega,champions,train,thunder-wave,0,,
meowstic-male-mega,champions,train,dig,0,,
meowstic-male-mega,champions,train,psychic,0,,
meowstic-male-mega,champions,train,light-screen,0,,
meowstic-male-mega,champions,train,reflect,0,,
meowstic-male-mega,champions,train,rest,0,,
meowstic-male-mega,champions,train,substitute,0,,
meowstic-male-mega,champions,train,snore,0,,
meowstic-male-mega,champions,train,protect,0,,
meowstic-male-mega,champions,train,endure,0,,
meowstic-male-mega,champions,train,charm,0,,
meowstic-male-mega,champions,train,mean-look,0,,
meowstic-male-mega,champions,train,sleep-talk,0,,
meowstic-male-mega,champions,train,safeguard,0,,
meowstic-male-mega,champions,train,baton-pass,0,,
meowstic-male-mega,champions,train,iron-tail,0,,
meowstic-male-mega,champions,train,rain-dance,0,,
meowstic-male-mega,champions,train,sunny-day,0,,
meowstic-male-mega,champions,train,psych-up,0,,
meowstic-male-mega,champions,train,shadow-ball,0,,
meowstic-male-mega,champions,train,fake-out,0,,
meowstic-male-mega,champions,train,facade,0,,
meowstic-male-mega,champions,train,helping-hand,0,,
meowstic-male-mega,champions,train,trick,0,,
meowstic-male-mega,champions,train,role-play,0,,
meowstic-male-mega,champions,train,wish,0,,
meowstic-male-mega,champions,train,yawn,0,,
meowstic-male-mega,champions,train,skill-swap,0,,
meowstic-male-mega,champions,train,imprison,0,,
meowstic-male-mega,champions,train,fake-tears,0,,
meowstic-male-mega,champions,train,tickle,0,,
meowstic-male-mega,champions,train,covet,0,,
meowstic-male-mega,champions,train,calm-mind,0,,
meowstic-male-mega,champions,train,gravity,0,,
meowstic-male-mega,champions,train,payback,0,,
meowstic-male-mega,champions,train,sucker-punch,0,,
meowstic-male-mega,champions,train,dark-pulse,0,,
meowstic-male-mega,champions,train,energy-ball,0,,
meowstic-male-mega,champions,train,giga-impact,0,,
meowstic-male-mega,champions,train,nasty-plot,0,,
meowstic-male-mega,champions,train,zen-headbutt,0,,
meowstic-male-mega,champions,train,trick-room,0,,
meowstic-male-mega,champions,train,charge-beam,0,,
meowstic-male-mega,champions,train,wonder-room,0,,
meowstic-male-mega,champions,train,psyshock,0,,
meowstic-male-mega,champions,train,magic-room,0,,
meowstic-male-mega,champions,train,round,0,,
meowstic-male-mega,champions,train,stored-power,0,,
meowstic-male-mega,champions,train,quick-guard,0,,
meowstic-male-mega,champions,train,tail-slap,0,,
meowstic-male-mega,champions,train,misty-terrain,0,,
meowstic-male-mega,champions,train,play-rough,0,,
meowstic-male-mega,champions,train,psychic-terrain,0,,
meowstic-male-mega,champions,train,expanding-force,0,,
meowstic-male-mega,champions,train,trailblaze,0,,
meowstic-male-mega,champions,train,alluring-voice,0,,
meowstic-male-mega,champions,train,psychic-noise,0,,
crabominable-mega,champions,train,ice-punch,0,,
crabominable-mega,champions,train,thunder-punch,0,,
crabominable-mega,champions,train,body-slam,0,,
crabominable-mega,champions,train,ice-beam,0,,
crabominable-mega,champions,train,blizzard,0,,
crabominable-mega,champions,train,hyper-beam,0,,
crabominable-mega,champions,train,earthquake,0,,
crabominable-mega,champions,train,dig,0,,
crabominable-mega,champions,train,amnesia,0,,
crabominable-mega,champions,train,crabhammer,0,,
crabominable-mega,champions,train,rest,0,,
crabominable-mega,champions,train,rock-slide,0,,
crabominable-mega,champions,train,substitute,0,,
crabominable-mega,champions,train,thief,0,,
crabominable-mega,champions,train,snore,0,,
crabominable-mega,champions,train,reversal,0,,
crabominable-mega,champions,train,protect,0,,
crabominable-mega,champions,train,mach-punch,0,,
crabominable-mega,champions,train,scary-face,0,,
crabominable-mega,champions,train,mud-slap,0,,
crabominable-mega,champions,train,icy-wind,0,,
crabominable-mega,champions,train,endure,0,,
crabominable-mega,champions,train,swagger,0,,
crabominable-mega,champions,train,sleep-talk,0,,
crabominable-mega,champions,train,dynamic-punch,0,,
crabominable-mega,champions,train,rain-dance,0,,
crabominable-mega,champions,train,sunny-day,0,,
crabominable-mega,champions,train,facade,0,,
crabominable-mega,champions,train,focus-punch,0,,
crabominable-mega,champions,train,helping-hand,0,,
crabominable-mega,champions,train,superpower,0,,
crabominable-mega,champions,train,brick-break,0,,
crabominable-mega,champions,train,knock-off,0,,
crabominable-mega,champions,train,endeavor,0,,
crabominable-mega,champions,train,rock-tomb,0,,
crabominable-mega,champions,train,icicle-spear,0,,
crabominable-mega,champions,train,iron-defense,0,,
crabominable-mega,champions,train,bulk-up,0,,
crabominable-mega,champions,train,mud-shot,0,,
crabominable-mega,champions,train,close-combat,0,,
crabominable-mega,champions,train,payback,0,,
crabominable-mega,champions,train,fling,0,,
crabominable-mega,champions,train,drain-punch,0,,
crabominable-mega,champions,train,focus-blast,0,,
crabominable-mega,champions,train,giga-impact,0,,
crabominable-mega,champions,train,avalanche,0,,
crabominable-mega,champions,train,zen-headbutt,0,,
crabominable-mega,champions,train,gunk-shot,0,,
crabominable-mega,champions,train,iron-head,0,,
crabominable-mega,champions,train,wide-guard,0,,
crabominable-mega,champions,train,round,0,,
crabominable-mega,champions,train,bulldoze,0,,
crabominable-mega,champions,train,ice-hammer,0,,
crabominable-mega,champions,train,brutal-swing,0,,
crabominable-mega,champions,train,stomping-tantrum,0,,
crabominable-mega,champions,train,liquidation,0,,
crabominable-mega,champions,train,body-press,0,,
crabominable-mega,champions,train,coaching,0,,
crabominable-mega,champions,train,ice-spinner,0,,
crabominable-mega,champions,train,snowscape,0,,
crabominable-mega,champions,train,chilling-water,0,,
crabominable-mega,champions,train,hard-press,0,,
crabominable-mega,champions,train,upper-hand,0,,
scovillain-mega,champions,train,bite,0,,
scovillain-mega,champions,train,flamethrower,0,,
scovillain-mega,champions,train,hyper-beam,0,,
scovillain-mega,champions,train,leech-seed,0,,
scovillain-mega,champions,train,growth,0,,
scovillain-mega,champions,train,solar-beam,0,,
scovillain-mega,champions,train,fire-spin,0,,
scovillain-mega,champions,train,fire-blast,0,,
scovillain-mega,champions,train,rest,0,,
scovillain-mega,champions,train,super-fang,0,,
scovillain-mega,champions,train,substitute,0,,
scovillain-mega,champions,train,thief,0,,
scovillain-mega,champions,train,protect,0,,
scovillain-mega,champions,train,scary-face,0,,
scovillain-mega,champions,train,sandstorm,0,,
scovillain-mega,champions,train,giga-drain,0,,
scovillain-mega,champions,train,endure,0,,
scovillain-mega,champions,train,swagger,0,,
scovillain-mega,champions,train,sleep-talk,0,,
scovillain-mega,champions,train,sunny-day,0,,
scovillain-mega,champions,train,crunch,0,,
scovillain-mega,champions,train,will-o-wisp,0,,
scovillain-mega,champions,train,facade,0,,
scovillain-mega,champions,train,helping-hand,0,,
scovillain-mega,champions,train,ingrain,0,,
scovillain-mega,champions,train,endeavor,0,,
scovillain-mega,champions,train,overheat,0,,
scovillain-mega,champions,train,bullet-seed,0,,
scovillain-mega,champions,train,worry-seed,0,,
scovillain-mega,champions,train,flare-blitz,0,,
scovillain-mega,champions,train,seed-bomb,0,,
scovillain-mega,champions,train,energy-ball,0,,
scovillain-mega,champions,train,giga-impact,0,,
scovillain-mega,champions,train,thunder-fang,0,,
scovillain-mega,champions,train,fire-fang,0,,
scovillain-mega,champions,train,zen-headbutt,0,,
scovillain-mega,champions,train,leaf-storm,0,,
scovillain-mega,champions,train,grass-knot,0,,
scovillain-mega,champions,train,double-hit,0,,
scovillain-mega,champions,train,rage-powder,0,,
scovillain-mega,champions,train,grassy-terrain,0,,
scovillain-mega,champions,train,stomping-tantrum,0,,
scovillain-mega,champions,train,grassy-glide,0,,
scovillain-mega,champions,train,burning-jealousy,0,,
scovillain-mega,champions,train,lash-out,0,,
scovillain-mega,champions,train,spicy-extract,0,,
scovillain-mega,champions,train,trailblaze,0,,
scovillain-mega,champions,train,temper-flare,0,,
glimmora-mega,champions,train,hyper-beam,0,,
glimmora-mega,champions,train,solar-beam,0,,
glimmora-mega,champions,train,toxic,0,,
glimmora-mega,champions,train,confuse-ray,0,,
glimmora-mega,champions,train,light-screen,0,,
glimmora-mega,champions,train,reflect,0,,
glimmora-mega,champions,train,self-destruct,0,,
glimmora-mega,champions,train,acid-armor,0,,
glimmora-mega,champions,train,explosion,0,,
glimmora-mega,champions,train,rest,0,,
glimmora-mega,champions,train,rock-slide,0,,
glimmora-mega,champions,train,substitute,0,,
glimmora-mega,champions,train,protect,0,,
glimmora-mega,champions,train,sludge-bomb,0,,
glimmora-mega,champions,train,spikes,0,,
glimmora-mega,champions,train,sandstorm,0,,
glimmora-mega,champions,train,endure,0,,
glimmora-mega,champions,train,sleep-talk,0,,
glimmora-mega,champions,train,rain-dance,0,,
glimmora-mega,champions,train,sunny-day,0,,
glimmora-mega,champions,train,ancient-power,0,,
glimmora-mega,champions,train,memento,0,,
glimmora-mega,champions,train,facade,0,,
glimmora-mega,champions,train,rock-tomb,0,,
glimmora-mega,champions,train,sand-tomb,0,,
glimmora-mega,champions,train,iron-defense,0,,
glimmora-mega,champions,train,mud-shot,0,,
glimmora-mega,champions,train,rock-blast,0,,
glimmora-mega,champions,train,toxic-spikes,0,,
glimmora-mega,champions,train,rock-polish,0,,
glimmora-mega,champions,train,power-gem,0,,
glimmora-mega,champions,train,energy-ball,0,,
glimmora-mega,champions,train,earth-power,0,,
glimmora-mega,champions,train,giga-impact,0,,
glimmora-mega,champions,train,flash-cannon,0,,
glimmora-mega,champions,train,gunk-shot,0,,
glimmora-mega,champions,train,stone-edge,0,,
glimmora-mega,champions,train,stealth-rock,0,,
glimmora-mega,champions,train,venoshock,0,,
glimmora-mega,champions,train,smack-down,0,,
glimmora-mega,champions,train,sludge-wave,0,,
glimmora-mega,champions,train,acid-spray,0,,
glimmora-mega,champions,train,spiky-shield,0,,
glimmora-mega,champions,train,dazzling-gleam,0,,
glimmora-mega,champions,train,meteor-beam,0,,
glimmora-mega,champions,train,mortal-spin,0,,
meowstic-female-mega,champions,train,hyper-beam,0,,
meowstic-female-mega,champions,train,thunderbolt,0,,
meowstic-female-mega,champions,train,thunder-wave,0,,
meowstic-female-mega,champions,train,dig,0,,
meowstic-female-mega,champions,train,psychic,0,,
meowstic-female-mega,champions,train,light-screen,0,,
meowstic-female-mega,champions,train,reflect,0,,
meowstic-female-mega,champions,train,rest,0,,
meowstic-female-mega,champions,train,substitute,0,,
meowstic-female-mega,champions,train,snore,0,,
meowstic-female-mega,champions,train,protect,0,,
meowstic-female-mega,champions,train,endure,0,,
meowstic-female-mega,champions,train,charm,0,,
meowstic-female-mega,champions,train,sleep-talk,0,,
meowstic-female-mega,champions,train,safeguard,0,,
meowstic-female-mega,champions,train,baton-pass,0,,
meowstic-female-mega,champions,train,iron-tail,0,,
meowstic-female-mega,champions,train,rain-dance,0,,
meowstic-female-mega,champions,train,sunny-day,0,,
meowstic-female-mega,champions,train,psych-up,0,,
meowstic-female-mega,champions,train,shadow-ball,0,,
meowstic-female-mega,champions,train,future-sight,0,,
meowstic-female-mega,champions,train,fake-out,0,,
meowstic-female-mega,champions,train,facade,0,,
meowstic-female-mega,champions,train,helping-hand,0,,
meowstic-female-mega,champions,train,trick,0,,
meowstic-female-mega,champions,train,role-play,0,,
meowstic-female-mega,champions,train,yawn,0,,
meowstic-female-mega,champions,train,skill-swap,0,,
meowstic-female-mega,champions,train,fake-tears,0,,
meowstic-female-mega,champions,train,tickle,0,,
meowstic-female-mega,champions,train,extrasensory,0,,
meowstic-female-mega,champions,train,covet,0,,
meowstic-female-mega,champions,train,calm-mind,0,,
meowstic-female-mega,champions,train,gravity,0,,
meowstic-female-mega,champions,train,payback,0,,
meowstic-female-mega,champions,train,sucker-punch,0,,
meowstic-female-mega,champions,train,dark-pulse,0,,
meowstic-female-mega,champions,train,energy-ball,0,,
meowstic-female-mega,champions,train,giga-impact,0,,
meowstic-female-mega,champions,train,nasty-plot,0,,
meowstic-female-mega,champions,train,zen-headbutt,0,,
meowstic-female-mega,champions,train,trick-room,0,,
meowstic-female-mega,champions,train,charge-beam,0,,
meowstic-female-mega,champions,train,wonder-room,0,,
meowstic-female-mega,champions,train,psyshock,0,,
meowstic-female-mega,champions,train,magic-room,0,,
meowstic-female-mega,champions,train,round,0,,
meowstic-female-mega,champions,train,stored-power,0,,
meowstic-female-mega,champions,train,tail-slap,0,,
meowstic-female-mega,champions,train,play-rough,0,,
meowstic-female-mega,champions,train,psychic-terrain,0,,
meowstic-female-mega,champions,train,expanding-force,0,,
meowstic-female-mega,champions,train,trailblaze,0,,
meowstic-female-mega,champions,train,alluring-voice,0,,
meowstic-female-mega,champions,train,psychic-noise,0,,
