identifier,id,region,name_fr,subtitle_fr,name_de,subtitle_de,name_en,subtitle_en,name_ja_hrkt,subtitle_ja_hrkt,name_ko,subtitle_ko,name_es,subtitle_es,name_it,subtitle_it,name_ja,subtitle_ja,name_es_419,subtitle_es_419,name_zh_hant,subtitle_zh_hant,name_zh_hans,subtitle_zh_hans
canalave-city,1,sinnoh,Joliberges,,Fleetburg,,Canalave City,,,,,,,,,,,,,,,,,
eterna-city,2,sinnoh,Vestigion,,Ewigenau,,Eterna City,,,,,,,,,,,,,,,,,
pastoria-city,3,sinnoh,Verchamps,,Weideburg,,Pastoria City,,,,,,,,,,,,,,,,,
sunyshore-city,4,sinnoh,Rivamar,,Sonnewik,,Sunyshore City,,,,,,,,,,,,,,,,,
sinnoh-pokemon-league,5,sinnoh,Ligue Pokémon,,Pokémon-Liga,,Pokémon League,,,,,,,,,,,,,,,,,
oreburgh-mine,6,sinnoh,Mine Charbourg,,Erzelingen-Mine,,Oreburgh Mine,,,,,,,,,,,,,,,,,
valley-windworks,7,sinnoh,Les Eoliennes,,Windkraftwerk,,Valley Windworks,,,,,,,,,,,,,,,,,
eterna-forest,8,sinnoh,Forêt Vestigion,,Ewigwald,,Eterna Forest,,,,,,,,,,,,,,,,,
fuego-ironworks,9,sinnoh,Forge Fuego,,Feurio-Hütte,,Fuego Ironworks,,,,,,,,,,,,,,,,,
mt-coronet,10,sinnoh,Mont Couronné,,Kraterberg,,Mt. Coronet,,,,,,,,,,,,,,,,,
great-marsh,11,sinnoh,Grand Marais,,Großmoor,,Great Marsh,,,,,,,,,,,,,,,,,
solaceon-ruins,12,sinnoh,Ruines Bonville,,Trostu-Ruinen,,Solaceon Ruins,,,,,,,,,,,,,,,,,
sinnoh-victory-road,13,sinnoh,Route Victoire,,Siegesstraße,,Victory Road,,,,,,,,,,,,,,,,,
ravaged-path,14,sinnoh,Chemin Rocheux,,Verwüsteter Pfad,,Ravaged Path,,,,,,,,,,,,,,,,,
oreburgh-gate,15,sinnoh,Entrée Charbourg,,Erzelingen-Tor,,Oreburgh Gate,,,,,,,,,,,,,,,,,
stark-mountain,16,sinnoh,Mont Abrupt,,Kahlberg,,Stark Mountain,,,,,,,,,,,,,,,,,
spring-path,17,sinnoh,Chemin Source,,Quellenpfad,,Spring Path,,,,,,,,,,,,,,,,,
turnback-cave,18,sinnoh,Grotte Retour,,Höhle der Umkehr,,Turnback Cave,,,,,,,,,,,,,,,,,
snowpoint-temple,19,sinnoh,Temple Frimapic,,Blizzach-Tempel,,Snowpoint Temple,,,,,,,,,,,,,,,,,
wayward-cave,20,sinnoh,Grotte Revèche,,Bizarre Höhle,,Wayward Cave,,,,,,,,,,,,,,,,,
ruin-maniac-cave,22,sinnoh,Grotte Ruinem.,,Maniac-Tunnel,,Ruin Maniac Cave,,,,,,,,,,,,,,,,,
trophy-garden,23,sinnoh,Jardin Trophée,,Pokémon-Landgut,,Trophy Garden,,,,,,,,,,,,,,,,,
iron-island,24,sinnoh,Ile de Fer,,Eiseninsel,,Iron Island,,,,,,,,,,,,,,,,,
old-chateau,25,sinnoh,Vieux Château,,Alte Villa,,Old Chateau,,,,,,,,,,,,,,,,,
lake-verity,26,sinnoh,Lac Vérité,,See der Wahrheit,,Lake Verity,,,,,,,,,,,,,,,,,
lake-valor,27,sinnoh,Lac Courage,,See der Kühnheit,,Lake Valor,,,,,,,,,,,,,,,,,
lake-acuity,28,sinnoh,Lac Savoir,,See der Stärke,,Lake Acuity,,,,,,,,,,,,,,,,,
valor-lakefront,29,sinnoh,Rive Lac Courage,,Kühnheitsufer,,Valor Lakefront,,,,,,,,,,,,,,,,,
acuity-lakefront,30,sinnoh,Rive Lac Savoir,,Stärkeufer,,Acuity Lakefront,,,,,,,,,,,,,,,,,
sinnoh-route-201,31,sinnoh,Route 201,,Route 201,,Route 201,,,,,,,,,,,,,,,,,
sinnoh-route-202,32,sinnoh,Route 202,,Route 202,,Route 202,,,,,,,,,,,,,,,,,
sinnoh-route-203,33,sinnoh,Route 203,,Route 203,,Route 203,,,,,,,,,,,,,,,,,
sinnoh-route-204,34,sinnoh,Route 204,,Route 204,,Route 204,,,,,,,,,,,,,,,,,
sinnoh-route-205,35,sinnoh,Route 205,,Route 205,,Route 205,,,,,,,,,,,,,,,,,
sinnoh-route-206,36,sinnoh,Route 206,,Route 206,,Route 206,,,,,,,,,,,,,,,,,
sinnoh-route-207,37,sinnoh,Route 207,,Route 207,,Route 207,,,,,,,,,,,,,,,,,
sinnoh-route-208,38,sinnoh,Route 208,,Route 208,,Route 208,,,,,,,,,,,,,,,,,
sinnoh-route-209,39,sinnoh,Route 209,,Route 209,,Route 209,,,,,,,,,,,,,,,,,
lost-tower,40,sinnoh,Tour Perdue,,Turm der Ruhenden,,Lost Tower,,,,,,,,,,,,,,,,,
sinnoh-route-210,41,sinnoh,Route 210,,Route 210,,Route 210,,,,,,,,,,,,,,,,,
sinnoh-route-211,42,sinnoh,Route 211,,Route 211,,Route 211,,,,,,,,,,,,,,,,,
sinnoh-route-212,43,sinnoh,Route 212,,Route 212,,Route 212,,,,,,,,,,,,,,,,,
sinnoh-route-213,44,sinnoh,Route 213,,Route 213,,Route 213,,,,,,,,,,,,,,,,,
sinnoh-route-214,45,sinnoh,Route 214,,Route 214,,Route 214,,,,,,,,,,,,,,,,,
sinnoh-route-215,46,sinnoh,Route 215,,Route 215,,Route 215,,,,,,,,,,,,,,,,,
sinnoh-route-216,47,sinnoh,Route 216,,Route 216,,Route 216,,,,,,,,,,,,,,,,,
sinnoh-route-217,48,sinnoh,Route 217,,Route 217,,Route 217,,,,,,,,,,,,,,,,,
sinnoh-route-218,49,sinnoh,Route 218,,Route 218,,Route 218,,,,,,,,,,,,,,,,,
sinnoh-route-219,50,sinnoh,Route 219,,Route 219,,Route 219,,,,,,,,,,,,,,,,,
sinnoh-route-221,51,sinnoh,Route 221,,Route 221,,Route 221,,,,,,,,,,,,,,,,,
sinnoh-route-222,52,sinnoh,Route 222,,Route 222,,Route 222,,,,,,,,,,,,,,,,,
sinnoh-route-224,53,sinnoh,Route 224,,Route 224,,Route 224,,,,,,,,,,,,,,,,,
sinnoh-route-225,54,sinnoh,Route 225,,Route 225,,Route 225,,,,,,,,,,,,,,,,,
sinnoh-route-227,55,sinnoh,Route 227,,Route 227,,Route 227,,,,,,,,,,,,,,,,,
sinnoh-route-228,56,sinnoh,Route 228,,Route 228,,Route 228,,,,,,,,,,,,,,,,,
sinnoh-route-229,57,sinnoh,Route 229,,Route 229,,Route 229,,,,,,,,,,,,,,,,,
twinleaf-town,58,sinnoh,Bonaugure,,Zweiblattdorf,,Twinleaf Town,,,,,,,,,,,,,,,,,
celestic-town,59,sinnoh,Célestia,,Elyses,,Celestic Town,,,,,,,,,,,,,,,,,
resort-area,60,sinnoh,Aire de Détente,,Erholungsareal,,Resort Area,,,,,,,,,,,,,,,,,
sinnoh-sea-route-220,61,sinnoh,Chenal 220,,Route 220,,Sea Route 220,,,,,,,,,,,,,,,,,
sinnoh-sea-route-223,62,sinnoh,Chenal 223,,Route 223,,Sea Route 223,,,,,,,,,,,,,,,,,
sinnoh-sea-route-226,63,sinnoh,Chenal 226,,Route 226,,Sea Route 226,,,,,,,,,,,,,,,,,
sinnoh-sea-route-230,64,sinnoh,Chenal 230,,Route 230,,Sea Route 230,,,,,,,,,,,,,,,,,
blackthorn-city,65,johto,Ebènelle,,Ebenholz City,,Blackthorn City,,,,,,,,,,,,,,,,,
burned-tower,66,johto,Tour Cendrée,,Turmruine,,Burned Tower,,,,,,,,,,,,,,,,,
celadon-city,67,kanto,Céladopole,,Prismania City,,Celadon City,,,,,,,,,,,,,,,,,
cerulean-city,68,kanto,Azuria,,Azuria City,,Cerulean City,,,,,,,,,,,,,,,,,
cherrygrove-city,69,johto,Ville Griotte,,Rosalia City,,Cherrygrove City,,,,,,,,,,,,,,,,,
cianwood-city,70,johto,Irisia,,Anemonia City,,Cianwood City,,,,,,,,,,,,,,,,,
cinnabar-island,71,kanto,Cramois'Ile,,Zinnoberinsel,,Cinnabar Island,,,,,,,,,,,,,,,,,
dark-cave,72,johto,Antre Noir,,Dunkelhöhle,,Dark Cave,,,,,,,,,,,,,,,,,
digletts-cave,73,kanto,Cave TAUPIQUEUR,,Digda-Höhle,,Diglett's Cave,,,,,,,,,,,,,,,,,
dragons-den,74,johto,Antre du Dragon,,Drachenhöhle,,Dragon's Den,,,,,,,,,,,,,,,,,
ecruteak-city,75,johto,Rosalia,,Teak City,,Ecruteak City,,,,,,,,,,,,,,,,,
fuchsia-city,76,kanto,Parmanie,,Fuchsania City,,Fuchsia City,,,,,,,,,,,,,,,,,
ice-path,77,johto,Route de Glace,,Eispfad,,Ice Path,,,,,,,,,,,,,,,,,
ilex-forest,78,johto,Bois aux Chênes,,Steineichenwald,,Ilex Forest,,,,,,,,,,,,,,,,,
lake-of-rage,79,johto,Lac Colère,,See des Zorns,,Lake of Rage,,,,,,,,,,,,,,,,,
mt-moon,80,kanto,Mont Sélénite,,Mondberg,,Mt. Moon,,,,,,,,,,,,,,,,,
mt-mortar,81,johto,Mont Creuset,,Kesselberg,,Mt. Mortar,,,,,,,,,,,,,,,,,
mt-silver,82,johto,Mont Argenté,,Silberberg,,Mt. Silver,,,,,,,,,,,,,,,,,
national-park,83,johto,Parc Naturel,,Nationalpark,,National Park,,,,,,,,,,,,,,,,,
new-bark-town,84,johto,Bourg Geon,,Neuborkia,,New Bark Town,,,,,,,,,,,,,,,,,
olivine-city,85,johto,Oliville,,Oliviana City,,Olivine City,,,,,,,,,,,,,,,,,
pallet-town,86,kanto,Bourg Palette,,Alabastia,,Pallet Town,,,,,,,,,,,,,,,,,
rock-tunnel,87,kanto,Grotte,,Felstunnel,,Rock Tunnel,,,,,,,,,,,,,,,,,
kanto-route-1,88,kanto,Route 1,,Route 1,,Route 1,,,,,,,,,,,,,,,,,
kanto-route-10,89,kanto,Route 10,,Route 10,,Route 10,,,,,,,,,,,,,,,,,
kanto-route-11,90,kanto,Route 11,,Route 11,,Route 11,,,,,,,,,,,,,,,,,
kanto-route-12,91,kanto,Route 12,,Route 12,,Route 12,,,,,,,,,,,,,,,,,
kanto-route-13,92,kanto,Route 13,,Route 13,,Route 13,,,,,,,,,,,,,,,,,
kanto-route-14,93,kanto,Route 14,,Route 14,,Route 14,,,,,,,,,,,,,,,,,
kanto-route-15,94,kanto,Route 15,,Route 15,,Route 15,,,,,,,,,,,,,,,,,
kanto-route-16,95,kanto,Route 16,,Route 16,,Route 16,,,,,,,,,,,,,,,,,
kanto-route-17,96,kanto,Route 17,,Route 17,,Route 17,,,,,,,,,,,,,,,,,
kanto-route-18,97,kanto,Route 18,,Route 18,,Route 18,,,,,,,,,,,,,,,,,
kanto-sea-route-19,98,kanto,Chenal 19,,Route 19,,Sea Route 19,,,,,,,,,,,,,,,,,
kanto-route-2,99,kanto,Route 2,,Route 2,,Route 2,,,,,,,,,,,,,,,,,
kanto-sea-route-20,100,kanto,Chenal 20,,Route 20,,Sea Route 20,,,,,,,,,,,,,,,,,
kanto-sea-route-21,101,kanto,Chenal 21,,Route 21,,Sea Route 21,,,,,,,,,,,,,,,,,
kanto-route-22,102,kanto,Route 22,,Route 22,,Route 22,,,,,,,,,,,,,,,,,
kanto-route-24,103,kanto,Route 24,,Route 24,,Route 24,,,,,,,,,,,,,,,,,
kanto-route-25,104,kanto,Route 25,,Route 25,,Route 25,,,,,,,,,,,,,,,,,
kanto-route-26,105,kanto,Route 26,,Route 26,,Route 26,,,,,,,,,,,,,,,,,
kanto-route-27,106,kanto,Route 27,,Route 27,,Route 27,,,,,,,,,,,,,,,,,
kanto-route-28,107,kanto,Route 28,,Route 28,,Route 28,,,,,,,,,,,,,,,,,
johto-route-29,108,johto,Route 29,,Route 29,,Route 29,,,,,,,,,,,,,,,,,
kanto-route-3,109,kanto,Route 3,,Route 3,,Route 3,,,,,,,,,,,,,,,,,
johto-route-30,110,johto,Route 30,,Route 30,,Route 30,,,,,,,,,,,,,,,,,
johto-route-31,111,johto,Route 31,,Route 31,,Route 31,,,,,,,,,,,,,,,,,
johto-route-32,112,johto,Route 32,,Route 32,,Route 32,,,,,,,,,,,,,,,,,
johto-route-33,113,johto,Route 33,,Route 33,,Route 33,,,,,,,,,,,,,,,,,
johto-route-34,114,johto,Route 34,,Route 34,,Route 34,,,,,,,,,,,,,,,,,
johto-route-35,115,johto,Route 35,,Route 35,,Route 35,,,,,,,,,,,,,,,,,
johto-route-36,116,johto,Route 36,,Route 36,,Route 36,,,,,,,,,,,,,,,,,
johto-route-37,117,johto,Route 37,,Route 37,,Route 37,,,,,,,,,,,,,,,,,
johto-route-38,118,johto,Route 38,,Route 38,,Route 38,,,,,,,,,,,,,,,,,
johto-route-39,119,johto,Route 39,,Route 39,,Route 39,,,,,,,,,,,,,,,,,
kanto-route-4,120,kanto,Route 4,,Route 4,,Route 4,,,,,,,,,,,,,,,,,
johto-sea-route-40,121,johto,Chenal 40,,Route 40,,Sea Route 40,,,,,,,,,,,,,,,,,
johto-sea-route-41,122,johto,Chenal 41,,Route 41,,Sea Route 41,,,,,,,,,,,,,,,,,
johto-route-42,123,johto,Route 42,,Route 42,,Route 42,,,,,,,,,,,,,,,,,
johto-route-43,124,johto,Route 43,,Route 43,,Route 43,,,,,,,,,,,,,,,,,
johto-route-44,125,johto,Route 44,,Route 44,,Route 44,,,,,,,,,,,,,,,,,
johto-route-45,126,johto,Route 45,,Route 45,,Route 45,,,,,,,,,,,,,,,,,
johto-route-46,127,johto,Route 46,,Route 46,,Route 46,,,,,,,,,,,,,,,,,
johto-route-47,128,johto,Route 47,,Route 47,,Route 47,,,,,,,,,,,,,,,,,
johto-route-48,129,johto,Route 48,,Route 48,,Route 48,,,,,,,,,,,,,,,,,
kanto-route-5,130,kanto,Route 5,,Route 5,,Route 5,,,,,,,,,,,,,,,,,
kanto-route-6,131,kanto,Route 6,,Route 6,,Route 6,,,,,,,,,,,,,,,,,
kanto-route-7,132,kanto,Route 7,,Route 7,,Route 7,,,,,,,,,,,,,,,,,
kanto-route-8,133,kanto,Route 8,,Route 8,,Route 8,,,,,,,,,,,,,,,,,
kanto-route-9,134,kanto,Route 9,,Route 9,,Route 9,,,,,,,,,,,,,,,,,
ruins-of-alph,135,johto,Ruines d'Alpha,,Alph-Ruinen,,Ruins of Alph,,,,,,,,,,,,,,,,,
seafoam-islands,136,kanto,Iles Ecume,,Seeschauminseln,,Seafoam Islands,,,,,,,,,,,,,,,,,
slowpoke-well,137,johto,Puits RAMOLOSS,,Flegmon-Brunnen,,Slowpoke Well,,,,,,,,,,,,,,,,,
sprout-tower,138,johto,Tour CHETIFLOR,,Knofensa-Turm,,Sprout Tower,,,,,,,,,,,,,,,,,
bell-tower,139,johto,Tour Carillon,,Glockenturm,,Bell Tower,,,,,,,,,,,,,,,,,
tohjo-falls,140,johto,Chutes Tohjo,,Tohjo-Fälle,,Tohjo Falls,,,,,,,,,,,,,,,,,
union-cave,141,johto,Caves Jumelles,,Einheitstunnel,,Union Cave,,,,,,,,,,,,,,,,,
cerulean-cave,147,kanto,Caverne Azurée,,Azuria-Höhle,,Cerulean Cave,,,,,,,,,,,,,,,,,
unknown-all-poliwag,148,johto,Inconnu; que des Ptitard,,Unbekannt; nur Quapsel,,Unknown; all Poliwag,,,,,,,,,,,,,,,,,
unknown-all-rattata,149,johto,Inconnu; que des Rattata,,Unbekannt; nur Rattfratz,,Unknown; all Rattata,,,,,,,,,,,,,,,,,
unknown-all-bugs,150,johto,Inconnu; que des insectes,,Unbekannt; nur Käfer,,Unknown; all bugs,,,,,,,,,,,,,,,,,
vermilion-city,151,kanto,Carmin sur Mer,,Orania City,,Vermilion City,,,,,,,,,,,,,,,,,
kanto-victory-road-1,152,kanto,Route Victoire,,Siegesstraße,,Victory Road,,,,,,,,,,,,,,,,,
violet-city,153,johto,Mauville,,Viola City,,Violet City,,,,,,,,,,,,,,,,,
viridian-city,154,kanto,Jadielle,,Vertania City,,Viridian City,,,,,,,,,,,,,,,,,
viridian-forest,155,kanto,Forêt de Jade,,Vertania-Wald,,Viridian Forest,,,,,,,,,,,,,,,,,
whirl-islands,156,johto,Tourb'Iles,,Strudelinseln,,Whirl Islands,,,,,,,,,,,,,,,,,
kanto-route-23,157,kanto,Route 23,,Route 23,,Route 23,,,,,,,,,,,,,,,,,
kanto-power-plant,158,kanto,Centrale,,Kraftwerk,,Kanto Power Plant,,,,,,,,,,,,,,,,,
kanto-victory-road-2,159,kanto,Route Victoire,,Siegesstraße,,Victory Road,,,,,,,,,,,,,,,,,
pokemon-tower,160,kanto,Tour Pokémon,,Pokémon-Turm,,Pokémon Tower,,,,,,,,,,,,,,,,,
pokemon-mansion,161,kanto,Manoir Pokémon,,Pokémon-Villa,,Pokémon Mansion,,,,,,,,,,,,,,,,,
kanto-safari-zone,162,kanto,Parc Safari,,Safari-Zone,,Safari Zone,,,,,,,,,,,,,,,,,
sandgem-town,163,sinnoh,Littorella,,Sandgemme,,Sandgem Town,,,,,,,,,,,,,,,,,
floaroma-town,164,sinnoh,Floraville,,Flori,,Floaroma Town,,,,,,,,,,,,,,,,,
solaceon-town,165,sinnoh,Bonville,,Trostu,,Solaceon Town,,,,,,,,,,,,,,,,,
jubilife-city,167,sinnoh,Féli-Cité,,Jubelstadt,,Jubilife City,,,,,,,,,,,,,,,,,
oreburgh-city,168,sinnoh,Charbourg,,Erzelingen,,Oreburgh City,,,,,,,,,,,,,,,,,
hearthome-city,169,sinnoh,Unionpolis,,Herzhofen,,Hearthome City,,,,,,,,,,,,,,,,,
veilstone-city,170,sinnoh,Voilaroc,,Schleiede,,Veilstone City,,,,,,,,,,,,,,,,,
snowpoint-city,171,sinnoh,Frimapic,,Blizzach,,Snowpoint City,,,,,,,,,,,,,,,,,
spear-pillar,172,sinnoh,Colonnes Lances,,Speersäule,,Spear Pillar,,,,,,,,,,,,,,,,,
pal-park,173,sinnoh,Parc des Amis,,Park der Freunde,,Pal Park,,,,,,,,,,,,,,,,,
amity-square,174,sinnoh,Square Paisible,,Platz der Treue,,Amity Square,,,,,,,,,,,,,,,,,
floaroma-meadow,175,sinnoh,Pré Floraville,,Auen von Flori,,Floaroma Meadow,,,,,,,,,,,,,,,,,
fullmoon-island,177,sinnoh,Ile Pleine Lune,,Vollmondinsel,,Fullmoon Island,,,,,,,,,,,,,,,,,
sendoff-spring,178,sinnoh,Source Adieu,,Scheidequelle,,Sendoff Spring,,,,,,,,,,,,,,,,,
flower-paradise,179,sinnoh,Paradis Fleuri,,Blumenparadies,,Flower Paradise,,,,,,,,,,,,,,,,,
maniac-tunnel,180,sinnoh,Tunnel Runiem.,,Maniac-Tunnel,,Maniac Tunnel,,,,,,,,,,,,,,,,,
galactic-hq,181,sinnoh,QG Galaxie,,Team Galaktik Zentrale,,Galactic HQ,,,,,,,,,,,,,,,,,
verity-lakefront,182,sinnoh,Rive Lac Vérité,,Wahrheitsufer,,Verity Lakefront,,,,,,,,,,,,,,,,,
newmoon-island,183,sinnoh,Ile Nouvellelune,,Neumondinsel,,Newmoon Island,,,,,,,,,,,,,,,,,
sinnoh-battle-tower,184,sinnoh,Tour de Combat,,Duellturm,,Battle Tower,,,,,,,,,,,,,,,,,
fight-area,185,sinnoh,Aire de Combat,,Kampfareal,,Fight Area,,,,,,,,,,,,,,,,,
survival-area,186,sinnoh,Aire de Survie,,Überlebensareal,,Survival Area,,,,,,,,,,,,,,,,,
seabreak-path,187,sinnoh,Passage Marin,,Buhnenpfad,,Seabreak Path,,,,,,,,,,,,,,,,,
sinnoh-hall-of-origin-1,188,sinnoh,Salle Originelle,,Halle des Beginns,,Hall of Origin,,,,,,,,,,,,,,,,,
sinnoh-hall-of-origin-2,189,sinnoh,Salle Originelle,,Halle des Beginns,,Hall of Origin,,,,,,,,,,,,,,,,,
verity-cavern,190,sinnoh,Caverne Vérité,,Wahrheitsgrotte,,Verity Cavern,,,,,,,,,,,,,,,,,
valor-cavern,191,sinnoh,Caverne Courage,,Kühnheitsgrotte,,Valor Cavern,,,,,,,,,,,,,,,,,
acuity-cavern,192,sinnoh,Caverne Savoir,,Stärkegrötte,,Acuity Cavern,,,,,,,,,,,,,,,,,
jubilife-tv,193,sinnoh,Féli-Télé,,Jubelstadt TV,,Jubilife TV,,,,,,,,,,,,,,,,,
poketch-co,194,sinnoh,Pokémontre S.A.,,Pokétch-Gesellschaft,,Pokétch Co.,,,,,,,,,,,,,,,,,
gts,195,sinnoh,GTS,,Global Trade System,,GTS,,,,,,,,,,,,,,,,,
trainers-school,196,sinnoh,Ecole Dresseurs,,Trainerschule,,Trainers’ School,,,,,,,,,,,,,,,,,
mining-museum,197,sinnoh,Musée Minier,,Bergbau-Museum,,Mining Museum,,,,,,,,,,,,,,,,,
sinnoh-flower-shop,198,sinnoh,Fleuriste,,Blumenladen,,Flower Shop,,,,,,,,,,,,,,,,,
sinnoh-cycle-shop,199,sinnoh,Boutique de Vélo,,Fahrradladen,,Cycle Shop,,,,,,,,,,,,,,,,,
contest-hall,200,sinnoh,Salle Concours,,Wettbewerbshalle,,Contest Hall,,,,,,,,,,,,,,,,,
poffin-house,201,sinnoh,Poffinerie,,Knursperei,,Poffin House,,,,,,,,,,,,,,,,,
sinnoh-foreign-building,202,sinnoh,Bâtiment Etrange,,Begegnungsstätte,,Foreign Building,,,,,,,,,,,,,,,,,
pokemon-day-care,203,sinnoh,Pension Pokémon,,Pokémon-Pension,,Pokémon Day Care,,,,,,,,,,,,,,,,,
veilstone-store,204,sinnoh,C. Com. Voilaroc,,Schleiede-Kaufhaus,,Veilstone Store,,,,,,,,,,,,,,,,,
sinnoh-game-corner,205,sinnoh,Casino,,Spielhalle,,Game Corner,,,,,,,,,,,,,,,,,
canalave-library,206,sinnoh,Bibl. Joliberges,,Fleetburg-Bibliothek,,Canalave Library,,,,,,,,,,,,,,,,,
vista-lighthouse,207,sinnoh,Phare Panorama,,Leuchtturm,,Vista Lighthouse,,,,,,,,,,,,,,,,,
sunyshore-market,208,sinnoh,Marché Rivamar,,Sonnewik-Markt,,Sunyshore Market,,,,,,,,,,,,,,,,,
footstep-house,209,sinnoh,Abri Petitpas,,Schrittritt-Haus,,Footstep House,,,,,,,,,,,,,,,,,
sinnoh-cafe,210,sinnoh,Café,,Café,,Café,,,,,,,,,,,,,,,,,
grand-lake,211,sinnoh,Grand Lac,,Großer See,,Grand Lake,,,,,,,,,,,,,,,,,
sinnoh-restaurant,212,sinnoh,Restaurant,,Restaurant,,Restaurant,,,,,,,,,,,,,,,,,
battle-park,213,sinnoh,Parc des Combats,,Duellpark,,Battle Park,,,,,,,,,,,,,,,,,
battle-frontier,214,sinnoh,Zone de Combat,,Kampfzone,,Battle Frontier,,,,,,,,,,,,,,,,,
battle-factory,215,sinnoh,Usine de Combat,,Kampffabrik,,Battle Factory,,,,,,,,,,,,,,,,,
battle-castle,216,sinnoh,Castel de Combat,,Kampfpalais,,Battle Castle,,,,,,,,,,,,,,,,,
battle-arcade,217,sinnoh,Arcade de Combat,,Kampfarkaden,,Battle Arcade,,,,,,,,,,,,,,,,,
battle-hall,218,sinnoh,Scène de Combat,,Kampfsaal,,Battle Hall,,,,,,,,,,,,,,,,,
distortion-world,219,sinnoh,Monde Distorsion,,Zerrwelt,,Distortion World,,,,,,,,,,,,,,,,,
sinnoh-global-terminal,220,sinnoh,Terminal Mondial,,Globale Wundertausch-Station,,Global Terminal,,,,,,,,,,,,,,,,,
sinnoh-villa,221,sinnoh,Villa,,Villa,,Villa,,,,,,,,,,,,,,,,,
battleground,222,sinnoh,Café Combats,,Duellareal,,Battleground,,,,,,,,,,,,,,,,,
rotoms-room,223,sinnoh,Salle MOTISMA,,Rotoms-Zimmer,,ROTOM's Room,,,,,,,,,,,,,,,,,
tg-eterna-bldg,224,sinnoh,Team G Vestigion,,Galaktik-Gebäude von Ewigenau,,T.G. Eterna Bldg,,,,,,,,,,,,,,,,,
iron-ruins,225,sinnoh,Ruines de Fer,,Eisen-Ruinen,,Iron Ruins,,,,,,,,,,,,,,,,,
iceberg-ruins,226,sinnoh,Ruines Iceberg,,Eisberg-Ruinen,,Iceberg Ruins,,,,,,,,,,,,,,,,,
rock-peak-ruins,227,sinnoh,Ruines Pic Roche,,Gipfelruinen,,Rock Peak Ruins,,,,,,,,,,,,,,,,,
azalea-town,228,johto,Ecorcia,,Azalea City,,Azalea Town,,,,,,,,,,,,,,,,,
goldenrod-city,229,johto,Doublonville,,Dukatia City,,Goldenrod City,,,,,,,,,,,,,,,,,
mahogany-town,230,johto,Acajou,,Mahagonia City,,Mahogany Town,,,,,,,,,,,,,,,,,
pewter-city,231,kanto,Argenta,,Marmoria City,,Pewter City,,,,,,,,,,,,,,,,,
lavender-town,232,kanto,Lavanville,,Lavandia,,Lavender Town,,,,,,,,,,,,,,,,,
indigo-plateau,233,kanto,Plateau Indigo,,Indigo-Plateau,,Indigo Plateau,,,,,,,,,,,,,,,,,
saffron-city,234,kanto,Safrania,,Saffronia City,,Saffron City,,,,,,,,,,,,,,,,,
johto-lighthouse,236,johto,Phare,,Leuchtturm,,Lighthouse,,,,,,,,,,,,,,,,,
team-rocket-hq,237,johto,Repaire Rocket d'Acajou,,Team Rocket-Hauptquartier,,Team Rocket HQ,,,,,,,,,,,,,,,,,
goldenrod-tunnel,238,johto,Doublon-Tunnel,,Dukatia-Passage,,Goldenrod Tunnel,,,,,,,,,,,,,,,,,
mt-silver-cave,239,johto,Grotte Argentée,,Silberberg (Höhle),,Mt. Silver Cave,,,,,,,,,,,,,,,,,
pokeathlon-dome,241,johto,Dôme Pokéathlon,,Pokéathlon,,Pokéathlon Dome,,,,,,,,,,,,,,,,,
ss-aqua,242,johto,Aquaria,,M.S. Aqua,,S.S. Aqua,,,,,,,,,,,,,,,,,
safari-zone-gate,243,johto,Portail Safari,,Safari-Eingang,,Safari Zone Gate,,,,,,,,,,,,,,,,,
cliff-cave,244,johto,Grotte Falaise,,Felsschlundhöhle,,Cliff Cave,,,,,,,,,,,,,,,,,
frontier-access,245,johto,Atrium Combat,,Kampfzonenzugang,,Frontier Access,,,,,,,,,,,,,,,,,
bellchime-trail,246,johto,Sentier Carillon,,Glockenklangpfad,,Bellchime Trail,,,,,,,,,,,,,,,,,
sinjoh-ruins,247,johto,Ruines Sinjoh,,Sinjoh-Ruinen,,Sinjoh Ruins,,,,,,,,,,,,,,,,,
embedded-tower,248,johto,Tour Enfouie,,Felsenherzturm,,Embedded Tower,,,,,,,,,,,,,,,,,
pokewalker,249,johto,Pokéwalker,,Pokéwalker,,Pokéwalker,,,,,,,,,,,,,,,,,
cliff-edge-gate,250,johto,Portail Falaise,,Felsklippentor,,Cliff Edge Gate,,,,,,,,,,,,,,,,,
radio-tower,252,johto,Tour Radio,,Radio-Turm,,Radio Tower,,,,,,,,,,,,,,,,,
day-care-couple,253,,Couple Pension,,Pensions-Paar,,Day-Care Couple,,,,,,,,,,,,,,,,,
link-trade-arrive,254,,Echange Link,,Link-Tausch,,Link trade (arrive),,,,,,,,,,,,,,,,,
link-trade-met,255,,Echange Link,,Link-Tausch,,Link trade (met),,,,,,,,,,,,,,,,,
kanto,256,,Kanto,,Kanto,,Kanto,,,,,,,,,,,,,,,,,
johto,257,,Johto,,Johto,,Johto,,,,,,,,,,,,,,,,,
hoenn,258,,Hoenn,,Hoenn,,Hoenn,,,,,,,,,,,,,,,,,
sinnoh,259,,Sinnoh,,Sinnoh,,Sinnoh,,,,,,,,,,,,,,,,,
distant-land,260,,Pays lointain,,Entferntes Land,,Distant land,,,,,,,,,,,,,,,,,
traveling-man,261,,un voyageur,,Reisender,,Traveling Man,,,,,,,,,,,,,,,,,
riley,262,,Armand,,Riley,,Riley,,,,,,,,,,,,,,,,,
cynthia,263,,Cynthia,,Cynthia,,Cynthia,,,,,,,,,,,,,,,,,
mystery-zone,264,,Endroit mystér.,,Mysteriöse Zone,,Mystery Zone,,,,,,,,,,,,,,,,,
lovely-place,265,,Endroit superbe,,Schöner Ort,,Lovely place,,,,,,,,,,,,,,,,,
pokemon-ranger,266,,Pokémon Ranger,,Pokémon Ranger,,Pokémon Ranger,,,,,,,,,,,,,,,,,
faraway-place,267,,Endroit lointain,,Entfernter Ort,,Faraway place,,,,,,,,,,,,,,,,,
pokemon-movie,268,,Film Pokémon,,Pokémon Film,,Pokémon Movie,,,,,,,,,,,,,,,,,
pokemon-movie-06,269,,Film Pokémon 06,,Pokémon Film 06,,Pokémon Movie 06,,,,,,,,,,,,,,,,,
pokemon-movie-07,270,,Film Pokémon 07,,Pokémon Film 07,,Pokémon Movie 07,,,,,,,,,,,,,,,,,
pokemon-movie-08,271,,Film Pokémon 08,,Pokémon Film 08,,Pokémon Movie 08,,,,,,,,,,,,,,,,,
pokemon-movie-09,272,,Film Pokémon 09,,Pokémon Film 09,,Pokémon Movie 09,,,,,,,,,,,,,,,,,
pokemon-movie-10,273,,Film Pokémon 10,,Pokémon Film 10,,Pokémon Movie 10,,,,,,,,,,,,,,,,,
pokemon-movie-11,274,,Film Pokémon 11,,Pokémon Film 11,,Pokémon Movie 11,,,,,,,,,,,,,,,,,
pokemon-movie-12,275,,Film Pokémon 12,,Pokémon Film 12,,Pokémon Movie 12,,,,,,,,,,,,,,,,,
pokemon-movie-13,276,,Film Pokémon 13,,Pokémon Film 13,,Pokémon Movie 13,,,,,,,,,,,,,,,,,
pokemon-movie-14,277,,Film Pokémon 14,,Pokémon Film 14,,Pokémon Movie 14,,,,,,,,,,,,,,,,,
pokemon-movie-15,278,,Film Pokémon 15,,Pokémon Film 15,,Pokémon Movie 15,,,,,,,,,,,,,,,,,
pokemon-movie-16,279,,Film Pokémon 16,,Pokémon Film 16,,Pokémon Movie 16,,,,,,,,,,,,,,,,,
pokemon-cartoon,280,,Dessin ani. PKMN,,Pokémon Anime,,Pokémon Cartoon,,,,,,,,,,,,,,,,,
space-world,281,,Space World,,Space World,,Space World,,,,,,,,,,,,,,,,,
space-world-06,282,,Space World 06,,,,Space World 06,,,,,,,,,,,,,,,,,
space-world-07,283,,Space World 07,,,,Space World 07,,,,,,,,,,,,,,,,,
space-world-08,284,,Space World 08,,,,Space World 08,,,,,,,,,,,,,,,,,
space-world-09,285,,Space World 09,,,,Space World 09,,,,,,,,,,,,,,,,,
space-world-10,286,,Space World 10,,,,Space World 10,,,,,,,,,,,,,,,,,
space-world-11,287,,Space World 11,,,,Space World 11,,,,,,,,,,,,,,,,,
space-world-12,288,,Space World 12,,,,Space World 12,,,,,,,,,,,,,,,,,
space-world-13,289,,Space World 13,,,,Space World 13,,,,,,,,,,,,,,,,,
space-world-14,290,,Space World 14,,,,Space World 14,,,,,,,,,,,,,,,,,
space-world-15,291,,Space World 15,,,,Space World 15,,,,,,,,,,,,,,,,,
space-world-16,292,,Space World 16,,,,Space World 16,,,,,,,,,,,,,,,,,
pokemon-festa,293,,Pokémon Festa,,Pokémon Festa,,Pokémon Festa,,,,,,,,,,,,,,,,,
pokemon-festa-06,294,,Pokémon Festa 06,,,,Pokémon Festa 06,,,,,,,,,,,,,,,,,
pokemon-festa-07,295,,Pokémon Festa 07,,,,Pokémon Festa 07,,,,,,,,,,,,,,,,,
pokemon-festa-08,296,,Pokémon Festa 08,,,,Pokémon Festa 08,,,,,,,,,,,,,,,,,
pokemon-festa-09,297,,Pokémon Festa 09,,,,Pokémon Festa 09,,,,,,,,,,,,,,,,,
pokemon-festa-10,298,,Pokémon Festa 10,,,,Pokémon Festa 10,,,,,,,,,,,,,,,,,
pokemon-festa-11,299,,Pokémon Festa 11,,,,Pokémon Festa 11,,,,,,,,,,,,,,,,,
pokemon-festa-12,300,,Pokémon Festa 12,,,,Pokémon Festa 12,,,,,,,,,,,,,,,,,
pokemon-festa-13,301,,Pokémon Festa 13,,,,Pokémon Festa 13,,,,,,,,,,,,,,,,,
pokemon-festa-14,302,,Pokémon Festa 14,,,,Pokémon Festa 14,,,,,,,,,,,,,,,,,
pokemon-festa-15,303,,Pokémon Festa 15,,,,Pokémon Festa 15,,,,,,,,,,,,,,,,,
pokemon-festa-16,304,,Pokémon Festa 16,,,,Pokémon Festa 16,,,,,,,,,,,,,,,,,
pokepark,305,,POKéPARK,,,,POKéPARK,,,,,,,,,,,,,,,,,
pokepark-06,306,,POKéPARK 06,,,,POKéPARK 06,,,,,,,,,,,,,,,,,
pokepark-07,307,,POKéPARK 07,,,,POKéPARK 07,,,,,,,,,,,,,,,,,
pokepark-08,308,,POKéPARK 08,,,,POKéPARK 08,,,,,,,,,,,,,,,,,
pokepark-09,309,,POKéPARK 09,,,,POKéPARK 09,,,,,,,,,,,,,,,,,
pokepark-10,310,,POKéPARK 10,,,,POKéPARK 10,,,,,,,,,,,,,,,,,
pokepark-11,311,,POKéPARK 11,,,,POKéPARK 11,,,,,,,,,,,,,,,,,
pokepark-12,312,,POKéPARK 12,,,,POKéPARK 12,,,,,,,,,,,,,,,,,
pokepark-13,313,,POKéPARK 13,,,,POKéPARK 13,,,,,,,,,,,,,,,,,
pokepark-14,314,,POKéPARK 14,,,,POKéPARK 14,,,,,,,,,,,,,,,,,
pokepark-15,315,,POKéPARK 15,,,,POKéPARK 15,,,,,,,,,,,,,,,,,
pokepark-16,316,,POKéPARK 16,,,,POKéPARK 16,,,,,,,,,,,,,,,,,
pokemon-center,317,,Centre Pokémon,,Pokémon-Center,,Pokémon Center,,,,,,,,,,,,,,,,,
pc-tokyo,318,,CP Tokyo,,Präfektur Tokyo,,PC Tokyo,,,,,,,,,,,,,,,,,
pc-osaka,319,,CP Osaka,,Präfektur Osaka,,PC Osaka,,,,,,,,,,,,,,,,,
pc-fukuoka,320,,CP Fukuoka,,Präfektur Fukuoka,,PC Fukuoka,,,,,,,,,,,,,,,,,
pc-nagoya,321,,CP Nagoya,,Präfektur Nagoya,,PC Nagoya,,,,,,,,,,,,,,,,,
pc-sapporo,322,,CP Sapporo,,Präfektur Sapporo,,PC Sapporo,,,,,,,,,,,,,,,,,
pc-yokohama,323,,CP Yokohama,,Präfektur Yokohama,,PC Yokohama,,,,,,,,,,,,,,,,,
nintendo-world,324,,Nintendo World,,Nintendo World,,Nintendo World,,,,,,,,,,,,,,,,,
pokemon-event,325,,Evénem. Pokémon,,Pokémon Event,,Pokémon Event,,,,,,,,,,,,,,,,,
pokemon-event-06,326,,Evén. Pokémon 06,,,,Pokémon Event 06,,,,,,,,,,,,,,,,,
pokemon-event-07,327,,Evén. Pokémon 07,,,,Pokémon Event 07,,,,,,,,,,,,,,,,,
pokemon-event-08,328,,Evén. Pokémon 08,,,,Pokémon Event 08,,,,,,,,,,,,,,,,,
pokemon-event-09,329,,Evén. Pokémon 09,,,,Pokémon Event 09,,,,,,,,,,,,,,,,,
pokemon-event-10,330,,Evén. Pokémon 10,,,,Pokémon Event 10,,,,,,,,,,,,,,,,,
pokemon-event-11,331,,Evén. Pokémon 11,,,,Pokémon Event 11,,,,,,,,,,,,,,,,,
pokemon-event-12,332,,Evén. Pokémon 12,,,,Pokémon Event 12,,,,,,,,,,,,,,,,,
pokemon-event-13,333,,Evén. Pokémon 13,,,,Pokémon Event 13,,,,,,,,,,,,,,,,,
pokemon-event-14,334,,Evén. Pokémon 14,,,,Pokémon Event 14,,,,,,,,,,,,,,,,,
pokemon-event-15,335,,Evén. Pokémon 15,,,,Pokémon Event 15,,,,,,,,,,,,,,,,,
pokemon-event-16,336,,Evén. Pokémon 16,,,,Pokémon Event 16,,,,,,,,,,,,,,,,,
wi-fi-event,337,,Evénement Wi-Fi,,Wi-Fi Event,,Wi-Fi Event,,,,,,,,,,,,,,,,,
wi-fi-gift,338,,Cadeau Wi-Fi,,Wi-Fi Geschenk,,Wi-Fi Gift,,,,,,,,,,,,,,,,,
pokemon-fan-club,339,,Fan Club Pokémon,,Pokémon-Fanclub,,Pokémon Fan Club,,,,,,,,,,,,,,,,,
event-site,340,,Lieu d'Evénement,,Event Ort,,Event Site,,,,,,,,,,,,,,,,,
concert-event,341,,Evénem. Concert,,Konzert Event,,Concert Event,,,,,,,,,,,,,,,,,
mr-pokemon,342,,M. Pokémon,,Mr. Pokémon,,Mr. Pokémon,,,,,,,,,,,,,,,,,
primo,343,,Castor,,Primo,,Primo,,,,,,,,,,,,,,,,,
unova-mystery-zone,344,unova,Endroit Mystérieux,,Mysteriöse Zone,,Mystery Zone,,なぞの場所,,,,,,,,,,,,,,,
unova-faraway-place,345,unova,Endroit Lointain,,Entfernter Ort,,Faraway place,,遠い場所,,,,,,,,,,,,,,,
nuvema-town,346,unova,Renouet,,Avenitia,,Nuvema Town,,カノコタウン,,,,,,,,,,,,,,,
accumula-town,347,unova,Arabelle,,Gavina,,Accumula Town,,カラクサタウン,,,,,,,,,,,,,,,
striaton-city,348,unova,Ogoesse,,Orion City,,Striaton City,,サンヨウシティ,,,,,,,,,,,,,,,
nacrene-city,349,unova,Maillard,,Septerna City,,Nacrene City,,シッポウシティ,,,,,,,,,,,,,,,
castelia-city,350,unova,Volucité,,Stratos City,,Castelia City,,ヒウンシティ,,,,,,,,,,,,,,,
nimbasa-city,351,unova,Méanville,,Rayono City,,Nimbasa City,,ライモンシティ,,,,,,,,,,,,,,,
driftveil-city,352,unova,Port Yoneuve,,Marea City,,Driftveil City,,ホドモエシティ,,,,,,,,,,,,,,,
mistralton-city,353,unova,Parsemille,,Panaero City,,Mistralton City,,フキヨセシティ,,,,,,,,,,,,,,,
icirrus-city,354,unova,Flocombe,,Nevaio City,,Icirrus City,,セッカシティ,,,,,,,,,,,,,,,
opelucid-city,355,unova,Janusia,,Twindrake City,,Opelucid City,,ソウリュウシティ,,,,,,,,,,,,,,,
unova-route-1,356,unova,Route 1,,Route 1,,Route 1,,１番道路,,,,,,,,,,,,,,,
unova-route-2,357,unova,Route 2,,Route 2,,Route 2,,２番道路,,,,,,,,,,,,,,,
unova-route-3,358,unova,Route 3,,Route 3,,Route 3,,３番道路,,,,,,,,,,,,,,,
unova-route-4,359,unova,Route 4,,Route 4,,Route 4,,４番道路,,,,,,,,,,,,,,,
unova-route-5,360,unova,Route 5,,Route 5,,Route 5,,５番道路,,,,,,,,,,,,,,,
unova-route-6,361,unova,Route 6,,Route 6,,Route 6,,６番道路,,,,,,,,,,,,,,,
unova-route-7,362,unova,Route 7,,Route 7,,Route 7,,７番道路,,,,,,,,,,,,,,,
unova-route-8,363,unova,Route 8,,Route 8,,Route 8,,８番道路,,,,,,,,,,,,,,,
unova-route-9,364,unova,Route 9,,Route 9,,Route 9,,９番道路,,,,,,,,,,,,,,,
unova-route-10,365,unova,Route 10,,Route 10,,Route 10,,１０番道路,,,,,,,,,,,,,,,
unova-route-11,366,unova,Route 11,,Route 11,,Route 11,,１１番道路,,,,,,,,,,,,,,,
unova-route-12,367,unova,Route 12,,Route 12,,Route 12,,１２番道路,,,,,,,,,,,,,,,
unova-route-13,368,unova,Route 13,,Route 13,,Route 13,,１３番道路,,,,,,,,,,,,,,,
unova-route-14,369,unova,Route 14,,Route 14,,Route 14,,１４番道路,,,,,,,,,,,,,,,
unova-route-15,370,unova,Route 15,,Route 15,,Route 15,,１５番道路,,,,,,,,,,,,,,,
unova-route-16,371,unova,Route 16,,Route 16,,Route 16,,１６番道路,,,,,,,,,,,,,,,
unova-route-17,372,unova,Chenal 17,,Route 17,,Route 17,,１７番水道,,,,,,,,,,,,,,,
unova-route-18,373,unova,Route 18,,Route 18,,Route 18,,１８番道路,,,,,,,,,,,,,,,
dreamyard,374,unova,Vestiges du Rêve,,Traumbrache,,Dreamyard,,夢の跡地,,,,,,,,,,,,,,,
pinwheel-forest,375,unova,Forêt d'Empoigne,,Ewigenwald,,Pinwheel Forest,,ヤグルマの森,,,,,,,,,,,,,,,
desert-resort,376,unova,Désert Délassant,,Wüstenresort,,Desert Resort,,リゾートデザート,,,,,,,,,,,,,,,
relic-castle,377,unova,Château Enfoui,,Alter Palast,,Relic Castle,,古代の城,,,,,,,,,,,,,,,
cold-storage,378,unova,Hangar Frigorifique,,Tiefkühlcontainer,,Cold Storage,,冷凍コンテナ,,,,,,,,,,,,,,,
chargestone-cave,379,unova,Grotte Électrolithe,,Elektrolithhöhle,,Chargestone Cave,,電気石の洞穴,,,,,,,,,,,,,,,
twist-mountain,380,unova,Mont Foré,,Wendelberg,,Twist Mountain,,ネジ山,,,,,,,,,,,,,,,
dragonspiral-tower,381,unova,Tour Dragospire,,Drachenstiege,,Dragonspiral Tower,,リュウラセンの塔,,,,,,,,,,,,,,,
unova-victory-road,382,unova,Route Victoire,,Siegesstraße,,Victory Road,,チャンピオンロード,,,,,,,,,,,,,,,
lacunosa-town,383,unova,Entrelasque,,Tessera,,Lacunosa Town,,カゴメタウン,,,,,,,,,,,,,,,
undella-town,384,unova,Vaguelone,,Ondula,,Undella Town,,サザナミタウン,,,,,,,,,,,,,,,
anville-town,385,unova,Rotombourg,,Ferrula,,Anville Town,,カナワタウン,,,,,,,,,,,,,,,
unova-pokemon-league,386,unova,Ligue Pokémon,,Pokémon-Liga,,Pokémon League,,ポケモンリーグ,,,,,,,,,,,,,,,
ns-castle,387,unova,Palais de N,,Schloss von N,,N's Castle,,Ｎの城,,,,,,,,,,,,,,,
royal-unova,388,unova,L'Étoile d'Unys,,MS Einall Royal,,Royal Unova,,ロイヤルイッシュ号,,,,,,,,,,,,,,,
gear-station,389,unova,Engrenage du Métro,,Kampfmetro,,Gear Station,,ギアステーション,,,,,,,,,,,,,,,
battle-subway,390,unova,Métro de Combat,,Kampfmetro,,Battle Subway,,バトルサブウェイ,,,,,,,,,,,,,,,
musical-theater,391,unova,Music-Hall,,Musiktheater,,Musical Theater,,ミュージカルホール,,,,,,,,,,,,,,,
black-city,392,unova,Ville Noire,,Schwarze Stadt,,Black City,,ブラックシティ,,,,,,,,,,,,,,,
white-forest,393,unova,Forêt Blanche,,Weißer Wald,,White Forest,,ホワイトフォレスト,,,,,,,,,,,,,,,
unity-tower,394,unova,Tour Union,,Turm der Einheit,,Unity Tower,,ユナイテッドタワー,,,,,,,,,,,,,,,
wellspring-cave,395,unova,Veine Souterraine,,Grundwassersenke,,Wellspring Cave,,地下水脈の穴,,,,,,,,,,,,,,,
mistralton-cave,396,unova,Grotte Parsemille,,Panaero-Höhle,,Mistralton Cave,,フキヨセの洞穴,,,,,,,,,,,,,,,
rumination-field,397,unova,Clairière Réflexion,,Feld der Besinnung,,Rumination Field,,思索の原,,,,,,,,,,,,,,,
celestial-tower,398,unova,Tour des Cieux,,Turm des Himmels,,Celestial Tower,,タワーオブヘブン,,,,,,,,,,,,,,,
moor-of-icirrus,399,unova,Tourbière Flocombe,,Moor von Nevaio,,Moor of Icirrus,,セッカの湿原,,,,,,,,,,,,,,,
unova-shopping-mall,400,unova,Centre Commercial,,Kaufhaus 9,,Shopping Mall,,ショッピングモール,,,,,,,,,,,,,,,
challengers-cave,401,unova,Antre d'Entraînement,,Höhle der Schulung,,Challenger's Cave,,修行の岩屋,,,,,,,,,,,,,,,
poke-transfer-lab,402,unova,Laboratoire Fret,,Porterlabor,,Poké Transfer Lab,,シフトファクトリー,,,,,,,,,,,,,,,
giant-chasm,403,unova,Grotte Cyclopéenne,,Riesengrotte,,Giant Chasm,,ジャイアントホール,,,,,,,,,,,,,,,
liberty-garden,404,unova,Île Liberté,,Freiheitsgarten,,Liberty Garden,,リバティガーデン島,,,,,,,,,,,,,,,
p2-laboratory,405,unova,Labo P2,,P2-Labor,,P2 Laboratory,,Ｐ２ラボ,,,,,,,,,,,,,,,
skyarrow-bridge,406,unova,Pont Sagiciel,,Himmelspfeilbrücke,,Skyarrow Bridge,,スカイアローブリッジ,,,,,,,,,,,,,,,
driftveil-drawbridge,407,unova,Pont Yoneuve,,Marea-Zugbrücke,,Driftveil Drawbridge,,ホドモエの跳ね橋,,,,,,,,,,,,,,,
tubeline-bridge,408,unova,Pont Ferroviaire,,Zylinderbrücke,,Tubeline Bridge,,シリンダーブリッジ,,,,,,,,,,,,,,,
village-bridge,409,unova,Pont du Hameau,,Dorfbrücke,,Village Bridge,,ビレッジブリッジ,,,,,,,,,,,,,,,
marvelous-bridge,410,unova,Pont de l'Inconnu,,Wunderbrücke,,Marvelous Bridge,,ワンダーブリッジ,,,,,,,,,,,,,,,
entralink,411,unova,Heylink,,Kontaktebene,,Entralink,,ハイリンク,,,,,,,,,,,,,,,
abundant-shrine,412,unova,Autel Abondance,,Schrein der Ernte,,Abundant Shrine,,ほうじょうの社,,,,,,,,,,,,,,,
undella-bay,413,unova,Baie Vaguelone,,Bucht von Ondula,,Undella Bay,,サザナミ湾,,,,,,,,,,,,,,,
lostlorn-forest,414,unova,Bois des Illusions,,Hain der Täuschung,,Lostlorn Forest,,迷いの森,,,,,,,,,,,,,,,
trial-chamber,415,unova,Salle Épreuve,,Kammer der Prüfung,,Trial Chamber,,試練の室,,,,,,,,,,,,,,,
guidance-chamber,416,unova,Espace Guide,,Kammer der Weisung,,Guidance Chamber,,導の間,,,,,,,,,,,,,,,
entree-forest,417,unova,Forêt du Heylink,,Kontaktebenenhain,,Entree Forest,,ハイリンクの森,,,,,,,,,,,,,,,
accumula-gate,418,unova,Porte Arabelle,,Gavina-Tor,,Accumula Gate,,カラクサゲート,,,,,,,,,,,,,,,
undella-gate,419,unova,Porte Vaguelone,,Ondula-Tor,,Undella Gate,,サザナミゲート,,,,,,,,,,,,,,,
nacrene-gate,420,unova,Porte Maillard,,Septerna-Tor,,Nacrene Gate,,シッポウゲート,,,,,,,,,,,,,,,
castelia-gate,421,unova,Porte Volucité,,Stratos-Tor,,Castelia Gate,,ヒウンゲート,,,,,,,,,,,,,,,
nimbasa-gate,422,unova,Porte Méanville,,Rayono-Tor,,Nimbasa Gate,,ライモンゲート,,,,,,,,,,,,,,,
opelucid-gate,423,unova,Porte Janusia,,Twindrake-Tor,,Opelucid Gate,,ソウリュウゲート,,,,,,,,,,,,,,,
black-gate,424,unova,Porte Noire,,Schwarzes Tor,,Black Gate,,ブラックゲート,,,,,,,,,,,,,,,
white-gate,425,unova,Porte Blanche,,Weißes Tor,,White Gate,,ホワイトゲート,,,,,,,,,,,,,,,
bridge-gate,426,unova,Porte de Pont,,Brückentor,,Bridge Gate,,ブリッジゲート,,,,,,,,,,,,,,,
route-gate,427,unova,Porte de Route,,Route Gate,,Route Gate,,ロードゲート,,,,,,,,,,,,,,,
abyssal-ruins,428,unova,Ruines des Abysses,,Unterwasserruine,,Abyssal Ruins,,海底遺跡,,,,,,,,,,,,,,,
petalburg-city,429,hoenn,Clémenti-Ville,,Blütenburg City,,Petalburg City,,トウカシティ,,등화도시,,Ciudad Petalia,,Petalipoli,,トウカシティ,,Ciudad Petalia,,,,,
slateport-city,430,hoenn,Poivressel,,Graphitport City,,Slateport City,,カイナシティ,,잿빛도시,,Ciudad Portual,,Porto Selcepoli,,カイナシティ,,Ciudad Portual,,,,,
lilycove-city,431,hoenn,Nénucrique,,Seegrasulb City,,Lilycove City,,ミナモシティ,,해안시티,,Ciudad Calagua,,Porto Alghepoli,,ミナモシティ,,Ciudad Calagua,,,,,
mossdeep-city,432,hoenn,Algatia,,Moosbach City,,Mossdeep City,,トクサネシティ,,이끼시티,,Ciudad Algaria,,Verdeazzupoli,,トクサネシティ,,Ciudad Algaria,,,,,
sootopolis-city,433,hoenn,Atalanopolis,,Xeneroville,,Sootopolis City,,ルネシティ,,루네시티,,Arrecípolis,,Ceneride,,ルネシティ,,Arrecípolis,,,,,
ever-grande-city,434,hoenn,Éternara,,Prachtpolis City,,Ever Grande City,,サイユウシティ,,그랜드시티,,Ciudad Colosalia,,Iridopoli,,サイユウシティ,,Ciudad Colosalia,,,,,
meteor-falls,435,hoenn,Site Météore,,Meteorfälle,,Meteor Falls,,りゅうせいのたき,,유성의 폭포,,Cascada Meteoro,,Cascate Meteora,,流星の滝,,Cascada Meteoro,,,,,
rusturf-tunnel,436,hoenn,Tunnel Mérazon,,Metaflurtunnel,,Rusturf Tunnel,,カナシダトンネル,,금잔터널,,Túnel Fervergal,,Tunnel Menferro,,カナシダトンネル,,Túnel Fervergal,,,,,
granite-cave,437,hoenn,Grotte Granite,,Granithöhle,,Granite Cave,,いしのどうくつ,,바위 동굴,,Cueva Granito,,Grotta Pietrosa,,石の洞窟,,Cueva Granito,,,,,
petalburg-woods,438,hoenn,Bois Clémenti,,Blütenburgwald,,Petalburg Woods,,トウカのもり,,등화숲,,Bosque Petalia,,Bosco Petalo,,トウカの森,,Bosque Petalia,,,,,
jagged-pass,439,hoenn,Sentier Sinuroc,,Steilpass,,Jagged Pass,,デコボコさんどう,,울퉁불퉁 산길,,Desfiladero,,Passo Selvaggio,,デコボコ山道,,Desfiladero,,,,,
fiery-path,440,hoenn,Chemin Ardent,,Feuriger Pfad,,Fiery Path,,ほのおのぬけみち,,불꽃샛길,,Senda Ígnea,,Cammino Ardente,,炎の抜け道,,Senda Ígnea,,,,,
mt-pyre,441,hoenn,Mont Mémoria,,Pyroberg,,Mt. Pyre,,おくりびやま,,송화산,,Monte Pírico,,Monte Pira,,おくりび山,,Monte Pírico,,,,,
seafloor-cavern,442,hoenn,Caverne Fondmer,,Tiefseehöhle,,Seafloor Cavern,,かいていどうくつ,,해저동굴,,Caverna Abisal,,Antro Abissale,,海底洞窟,,Caverna Abisal,,,,,
cave-of-origin,443,hoenn,Grotte Origine,,Urzeithöhle,,Cave of Origin,,めざめのほこら,,각성의 사당,,Cueva Ancestral,,Grotta dei Tempi,,目覚めのほこら,,Cueva Ancestral,,,,,
hoenn-victory-road,444,hoenn,Route Victoire,,Siegesstraße,,Victory Road,,チャンピオンロード,,챔피언로드,,Calle Victoria,,Via Vittoria,,チャンピオンロード,,Calle Victoria,,,,,
shoal-cave,445,hoenn,Grotte Tréfonds,,Küstenhöhle,,Shoal Cave,,あさせのほらあな,,여울의 동굴,,Cueva Cardumen,,Grotta Ondosa,,浅瀬の洞穴,,Cueva Cardumen,,,,,
new-mauville,446,hoenn,New Lavandia,,Neu Malvenfroh,,New Mauville,,ニューキンセツ,,뉴보라,,Malvalanova,,Ciclanova,,ニューキンセツ,,Malvalanova,,,,,
abandoned-ship,447,hoenn,Épave,,Schiffswrack,,Abandoned Ship,,,,,,,,,,,,,,,,,
sky-pillar,448,hoenn,Pilier Céleste,,Himmelturm,,Sky Pillar,,そらのはしら,,하늘기둥,,Pilar Celeste,,Torre dei Cieli,,空の柱,,Pilar Celeste,,,,,
hoenn-route-101,449,hoenn,Route 101,,Route 101,,Route 101,,１０１ばんどうろ,,101번도로,,Ruta 101,,Percorso 101,,１０１番道路,,Ruta 101,,,,,
hoenn-route-102,450,hoenn,Route 102,,Route 102,,Route 102,,１０２ばんどうろ,,102번도로,,Ruta 102,,Percorso 102,,１０２番道路,,Ruta 102,,,,,
hoenn-route-103,451,hoenn,Route 103,,Route 103,,Route 103,,１０３ばんどうろ,,103번도로,,Ruta 103,,Percorso 103,,１０３番道路,,Ruta 103,,,,,
hoenn-route-104,452,hoenn,Route 104,,Route 104,,Route 104,,１０４ばんどうろ,,104번도로,,Ruta 104,,Percorso 104,,１０４番道路,,Ruta 104,,,,,
hoenn-route-105,453,hoenn,Chenal 105,,Route 105,,Route 105,,１０５ばんすいどう,,105번수로,,Ruta 105,,Percorso 105,,１０５番水道,,Ruta 105,,,,,
hoenn-route-106,454,hoenn,Chenal 106,,Route 106,,Route 106,,１０６ばんすいどう,,106번수로,,Ruta 106,,Percorso 106,,１０６番水道,,Ruta 106,,,,,
hoenn-route-107,455,hoenn,Chenal 107,,Route 107,,Route 107,,１０７ばんすいどう,,107번수로,,Ruta 107,,Percorso 107,,１０７番水道,,Ruta 107,,,,,
hoenn-route-108,456,hoenn,Chenal 108,,Route 108,,Route 108,,１０８ばんすいどう,,108번수로,,Ruta 108,,Percorso 108,,１０８番水道,,Ruta 108,,,,,
hoenn-route-109,457,hoenn,Chenal 109,,Route 109,,Route 109,,１０９ばんすいどう,,109번수로,,Ruta 109,,Percorso 109,,１０９番水道,,Ruta 109,,,,,
hoenn-route-110,458,hoenn,Route 110,,Route 110,,Route 110,,１１０ばんどうろ,,110번도로,,Ruta 110,,Percorso 110,,１１０番道路,,Ruta 110,,,,,
hoenn-route-111,459,hoenn,Route 111,,Route 111,,Route 111,,１１１ばんどうろ,,111번도로,,Ruta 111,,Percorso 111,,１１１番道路,,Ruta 111,,,,,
hoenn-route-112,460,hoenn,Route 112,,Route 112,,Route 112,,１１２ばんどうろ,,112번도로,,Ruta 112,,Percorso 112,,１１２番道路,,Ruta 112,,,,,
hoenn-route-113,461,hoenn,Route 113,,Route 113,,Route 113,,１１３ばんどうろ,,113번도로,,Ruta 113,,Percorso 113,,１１３番道路,,Ruta 113,,,,,
hoenn-route-114,462,hoenn,Route 114,,Route 114,,Route 114,,１１４ばんどうろ,,114번도로,,Ruta 114,,Percorso 114,,１１４番道路,,Ruta 114,,,,,
hoenn-route-115,463,hoenn,Route 115,,Route 115,,Route 115,,１１５ばんどうろ,,115번도로,,Ruta 115,,Percorso 115,,１１５番道路,,Ruta 115,,,,,
hoenn-route-116,464,hoenn,Route 116,,Route 116,,Route 116,,１１６ばんどうろ,,116번도로,,Ruta 116,,Percorso 116,,１１６番道路,,Ruta 116,,,,,
hoenn-route-117,465,hoenn,Route 117,,Route 117,,Route 117,,１１７ばんどうろ,,117번도로,,Ruta 117,,Percorso 117,,１１７番道路,,Ruta 117,,,,,
hoenn-route-118,466,hoenn,Route 118,,Route 118,,Route 118,,１１８ばんどうろ,,118번도로,,Ruta 118,,Percorso 118,,１１８番道路,,Ruta 118,,,,,
hoenn-route-119,467,hoenn,Route 119,,Route 119,,Route 119,,１１９ばんどうろ,,119번도로,,Ruta 119,,Percorso 119,,１１９番道路,,Ruta 119,,,,,
hoenn-route-120,468,hoenn,Route 120,,Route 120,,Route 120,,１２０ばんどうろ,,120번도로,,Ruta 120,,Percorso 120,,１２０番道路,,Ruta 120,,,,,
hoenn-route-121,469,hoenn,Route 121,,Route 121,,Route 121,,１２１ばんどうろ,,121번도로,,Ruta 121,,Percorso 121,,１２１番道路,,Ruta 121,,,,,
hoenn-route-122,470,hoenn,Chenal 122,,Route 122,,Route 122,,１２２ばんすいどう,,122번수로,,Ruta 122,,Percorso 122,,１２２番水道,,Ruta 122,,,,,
hoenn-route-123,471,hoenn,Route 123,,Route 123,,Route 123,,１２３ばんどうろ,,123번도로,,Ruta 123,,Percorso 123,,１２３番道路,,Ruta 123,,,,,
hoenn-route-124,472,hoenn,Chenal 124,,Route 124,,Route 124,,１２４ばんすいどう,,124번수로,,Ruta 124,,Percorso 124,,１２４番水道,,Ruta 124,,,,,
hoenn-route-125,473,hoenn,Chenal 125,,Route 125,,Route 125,,１２５ばんすいどう,,125번수로,,Ruta 125,,Percorso 125,,１２５番水道,,Ruta 125,,,,,
hoenn-route-126,474,hoenn,Chenal 126,,Route 126,,Route 126,,１２６ばんすいどう,,126번수로,,Ruta 126,,Percorso 126,,１２６番水道,,Ruta 126,,,,,
hoenn-route-127,475,hoenn,Chenal 127,,Route 127,,Route 127,,１２７ばんすいどう,,127번수로,,Ruta 127,,Percorso 127,,１２７番水道,,Ruta 127,,,,,
hoenn-route-128,476,hoenn,Chenal 128,,Route 128,,Route 128,,１２８ばんすいどう,,128번수로,,Ruta 128,,Percorso 128,,１２８番水道,,Ruta 128,,,,,
hoenn-route-129,477,hoenn,Chenal 129,,Route 129,,Route 129,,１２９ばんすいどう,,129번수로,,Ruta 129,,Percorso 129,,１２９番水道,,Ruta 129,,,,,
hoenn-route-130,478,hoenn,Chenal 130,,Route 130,,Route 130,,１３０ばんすいどう,,130번수로,,Ruta 130,,Percorso 130,,１３０番水道,,Ruta 130,,,,,
hoenn-route-131,479,hoenn,Chenal 131,,Route 131,,Route 131,,１３１ばんすいどう,,131번수로,,Ruta 131,,Percorso 131,,１３１番水道,,Ruta 131,,,,,
hoenn-route-132,480,hoenn,Chenal 132,,Route 132,,Route 132,,１３２ばんすいどう,,132번수로,,Ruta 132,,Percorso 132,,１３２番水道,,Ruta 132,,,,,
hoenn-route-133,481,hoenn,Chenal 133,,Route 133,,Route 133,,１３３ばんすいどう,,133번수로,,Ruta 133,,Percorso 133,,１３３番水道,,Ruta 133,,,,,
hoenn-route-134,482,hoenn,Chenal 134,,Route 134,,Route 134,,１３４ばんすいどう,,134번수로,,Ruta 134,,Percorso 134,,１３４番水道,,Ruta 134,,,,,
hoenn-safari-zone,483,hoenn,Parc Safari,,Safari-Zone,,Safari Zone,,サファリゾーン,,사파리존,,Zona Safari,,Zona Safari,,サファリゾーン,,Zona Safari,,,,,
dewford-town,484,hoenn,Myokara,,Faustauhaven,,Dewford Town,,ムロタウン,,무로마을,,Pueblo Azuliza,,Bluruvia,,ムロタウン,,Pueblo Azuliza,,,,,
pacifidlog-town,485,hoenn,Pacifiville,,Floßbrunn,,Pacifidlog Town,,キナギタウン,,황금마을,,Pueblo Oromar,,Orocea,,キナギタウン,,Pueblo Oromar,,,,,
magma-hideout,486,hoenn,Planque Magma,,Team Magmas Versteck,,Magma Hideout,,,,,,,,,,,,,,,,,
mirage-tower,487,hoenn,Tour Mirage,,Wunderturm,,Mirage Tower,,,,,,,,,,,,,,,,,
desert-underpass,488,hoenn,Voie du Désert,,Wüstentunnel,,Desert Underpass,,,,,,,,,,,,,,,,,
artisan-cave,489,hoenn,Grotte Atelier,,Höhlenatelier,,Artisan Cave,,,,,,,,,,,,,,,,,
hoenn-altering-cave,490,hoenn,Grotte Métamo,,Wandelhöhle,,Altering Cave,,,,,,,,,,,,,,,,,
monean-chamber,491,kanto,Chambre Anemune,,Einamon-Kammer,,Monean Chamber,,,,,,,,,,,,,,,,,
liptoo-chamber,492,kanto,Chambre Deulipe,,Pezwulp-Kammer,,Liptoo Chamber,,,,,,,,,,,,,,,,,
weepth-chamber,493,kanto,Chambre Prois,,Dreiecke-Kammer,,Weepth Chamber,,,,,,,,,,,,,,,,,
dilford-chamber,494,kanto,Chambre Jonquatre,,Vierzisse-Kammer,,Dilford Chamber,,,,,,,,,,,,,,,,,
scufib-chamber,495,kanto,Chambre Hibicinq,,Fünibisku-Kammer,,Scufib Chamber,,,,,,,,,,,,,,,,,
rixy-chamber,496,kanto,Chambre Irix,,Lilechs-Kammer,,Rixy Chamber,,,,,,,,,,,,,,,,,
viapos-chamber,497,kanto,Chambre Poinsept,,Sieborbia-Kammer,,Viapos Chamber,,,,,,,,,,,,,,,,,
ss-anne,498,kanto,L'Océane,,MS Anne,,S.S. Anne,,,,,,,,,,,,,,,,,
mt-ember,500,kanto,Mont Braise,,Glutberg,,Mt. Ember,,,,,,,,,,,,,,,,,
berry-forest,501,kanto,Bois Baies,,Beerenforst,,Berry Forest,,,,,,,,,,,,,,,,,
icefall-cave,502,kanto,Grotte de Glace,,Eiskaskadenhöhle,,Icefall Cave,,,,,,,,,,,,,,,,,
pattern-bush,503,kanto,Forbuissons,,Musterbuschwald,,Pattern Bush,,,,,,,,,,,,,,,,,
lost-cave,504,kanto,Grotte Perdue,,Verlorene Höhle,,Lost Cave,,,,,,,,,,,,,,,,,
kindle-road,505,kanto,Route Tison,,Glühweg,,Kindle Road,,,,,,,,,,,,,,,,,
treasure-beach,506,kanto,Plage Trésor,,Schatzgestade,,Treasure Beach,,,,,,,,,,,,,,,,,
cape-brink,507,kanto,Cap Falaise,,Kap Kante,,Cape Brink,,,,,,,,,,,,,,,,,
bond-bridge,508,kanto,Pont du Lien,,Bundbrücke,,Bond Bridge,,,,,,,,,,,,,,,,,
three-isle-port,509,kanto,Port Ile 3,,Tri-Eiland Hafen,,Three Isle Port,,,,,,,,,,,,,,,,,
resort-gorgeous,510,kanto,Camp de Vacances,,Ferienparadies,,Resort Gorgeous,,,,,,,,,,,,,,,,,
water-labyrinth,511,kanto,Labyrinthe d'O,,Wasserirrgarten,,Water Labyrinth,,,,,,,,,,,,,,,,,
five-isle-meadow,512,kanto,Pré Ile 5,,Eiland 5-Weide,,Five Isle Meadow,,,,,,,,,,,,,,,,,
memorial-pillar,513,kanto,Mémorial,,Gedenksäule,,Memorial Pillar,,,,,,,,,,,,,,,,,
outcast-island,514,kanto,Ile du Lointain,,Fern-Eiland,,Outcast Island,,,,,,,,,,,,,,,,,
green-path,515,kanto,Chemin Vert,,Grüner Pfad,,Green Path,,,,,,,,,,,,,,,,,
water-path,516,kanto,Agualcanal,,Wasserweg,,Water Path,,,,,,,,,,,,,,,,,
ruin-valley,517,kanto,Vallée Ruine,,Ruinental,,Ruin Valley,,,,,,,,,,,,,,,,,
trainer-tower,518,kanto,Tour Dresseurs,,Trainerturm,,Trainer Tower,,,,,,,,,,,,,,,,,
canyon-entrance,519,kanto,Entrée du Canyon,,Schluchteingang,,Canyon Entrance,,,,,,,,,,,,,,,,,
sevault-canyon,520,kanto,Canyon Sesor,,7-Schatzschlucht,,Sevault Canyon,,,,,,,,,,,,,,,,,
tanoby-ruins,521,kanto,Ruines Tanoby,,Tanibo-Ruinen,,Tanoby Ruins,,,,,,,,,,,,,,,,,
one-island,526,kanto,Ile 1,,Eiland Eins,,One Island,,,,,,,,,,,,,,,,,
four-island,527,kanto,Ile 4,,Eiland Vier,,Four Island,,,,,,,,,,,,,,,,,
five-island,528,kanto,Ile 5,,Eiland Fünf,,Five Island,,,,,,,,,,,,,,,,,
kanto-altering-cave,529,kanto,Grotte Métamo,,Wandelhöhle,,Altering Cave,,,,,,,,,,,,,,,,,
aspertia-city,531,unova,Pavonnay,,Eventura City,,Aspertia City,,ヒオウギシティ,,,,,,,,,,,,,,,
virbank-city,532,unova,Ondes-sur-Mer,,Vapydro City,,Virbank City,,タチワキシティ,,,,,,,,,,,,,,,
humilau-city,533,unova,Papeloa,,Abidaya City,,Humilau City,,セイガイハシティ,,,,,,,,,,,,,,,
pokestar-studios,534,unova,Pokéwood,,Pokéwood,,PokéStar Studios,,ポケウッド,,,,,,,,,,,,,,,
join-avenue,535,unova,Galerie Concorde,,Einklangspassage,,Join Avenue,,ジョインアベニュー,,,,,,,,,,,,,,,
floccesy-town,536,unova,Amaillide,,Dausing,,Floccesy Town,,サンギタウン,,,,,,,,,,,,,,,
lentimas-town,537,unova,Arpentières,,Monsentiero,,Lentimas Town,,ヤマジタウン,,,,,,,,,,,,,,,
unova-route-19,538,unova,Route 19,,Route 19,,Route 19,,１９番道路,,,,,,,,,,,,,,,
unova-route-20,539,unova,Route 20,,Route 20,,Route 20,,２０番道路,,,,,,,,,,,,,,,
unova-route-21,540,unova,Chenal 21,,Route 21,,Route 21,,２１番水道,,,,,,,,,,,,,,,
unova-route-22,541,unova,Route 22,,Route 22,,Route 22,,２２番道路,,,,,,,,,,,,,,,
unova-route-23,542,unova,Route 23,,Route 23,,Route 23,,２３番道路,,,,,,,,,,,,,,,
castelia-sewers,543,unova,Égouts de Volucité,,Stratos-Kanalisation,,Castelia Sewers,,ヒウン下水道,,,,,,,,,,,,,,,
floccesy-ranch,544,unova,Ranch d'Amaillide,,Dausing-Hof,,Floccesy Ranch,,サンギ牧場,,,,,,,,,,,,,,,
virbank-complex,545,unova,Z.I. d'Ondes-sur-Mer,,Vapydro-Werke,,Virbank Complex,,タチワキコンビナート,,,,,,,,,,,,,,,
reversal-mountain,546,unova,Mont Renenvers,,Janusberg,,Reversal Mountain,,リバースマウンテン,,,,,,,,,,,,,,,
strange-house,547,unova,Manoir de l'Étrange,,Bizarro-Haus,,Strange House,,ストレンジャーハウス,,,,,,,,,,,,,,,
unova-victory-road-2,548,unova,Route Victoire,,Siegesstraße,,Victory Road,,チャンピオンロード,,,,,,,,,,,,,,,
plasma-frigate,549,unova,Frégate Plasma,,Plasma-Fregatte,,Plasma Frigate,,プラズマフリゲート,,,,,,,,,,,,,,,
relic-passage,550,unova,Chemin Enfoui,,Alter Fluchtweg,,Relic Passage,,古代の抜け道,,,,,,,,,,,,,,,
clay-tunnel,551,unova,Route Bardane,,Turner-Pfad,,Clay Tunnel,,ヤーコンロード,,,,,,,,,,,,,,,
white-treehollow,552,unova,Arbre Creux Blanc,,Weiße Baumhöhle,,White Treehollow,,白の樹洞,,,,,,,,,,,,,,,
black-tower,553,unova,Gratte-Ciel Noir,,Schwarzes Hochhaus,,Black Tower,,黒の摩天楼,,,,,,,,,,,,,,,
seaside-cave,554,unova,Grotte Littorale,,Strandgrotte,,Seaside Cave,,海辺の洞穴,,,,,,,,,,,,,,,
cave-of-being,555,unova,Caverne des Esprits,,Beschwörungshöhle,,Cave of Being,,心の空洞,,,,,,,,,,,,,,,
hidden-grotto,556,unova,Trouée Cachée,,Versteckte Lichtung,,Hidden Grotto,,隠し穴,,,,,,,,,,,,,,,
marine-tube,557,unova,Aquatube,,Unterseetunnel,,Marine Tube,,マリンチューブ,,,,,,,,,,,,,,,
virbank-gate,558,unova,Porte Ondes-sur-Mer,,Vapydro-Tor,,Virbank Gate,,タチワキゲート,,,,,,,,,,,,,,,
aspertia-gate,559,unova,Porte Pavonnay,,Eventura-Tor,,Aspertia Gate,,ヒオウギゲート,,,,,,,,,,,,,,,
nature-sanctuary,560,unova,Réserve Naturelle,,Naturschutzgebiet,,Nature Sanctuary,,自然保護区,,,,,,,,,,,,,,,
medal-secretariat,561,unova,Bureau des Médailles,,Medaillenamt,,Medal Secretariat,,メダル事務局,,,,,,,,,,,,,,,
underground-ruins,562,unova,Ruines Enfouies,,Unterirdische Ruine,,Underground Ruins,,地底遺跡,,,,,,,,,,,,,,,
rocky-mountain-room,563,unova,Salle Pic Rocheux,,Steingipfelkammer,,Rocky Mountain Room,,岩山の間,,,,,,,,,,,,,,,
glacier-room,564,unova,Salle Iceberg,,Eisbergkammer,,Glacier Room,,氷山の間,,,,,,,,,,,,,,,
iron-room,565,unova,Salle Fer,,Eisenkammer,,Iron Room,,鉄の間,,,,,,,,,,,,,,,
pledge-grove,566,unova,Bois du Serment,,Schwurhain,,Pledge Grove,,誓いの林,,,,,,,,,,,,,,,
littleroot-town,567,hoenn,Bourg-en-Vol,,Wurzelheim,,Littleroot Town,,ミシロタウン,,미로마을,,Villa Raíz,,Albanova,,ミシロタウン,,Villa Raíz,,,,,
oldale-town,568,hoenn,Rosyères,,Rosaltstadt,,Oldale Town,,コトキタウン,,고도마을,,Pueblo Escaso,,Solarosa,,コトキタウン,,Pueblo Escaso,,,,,
lavaridge-town,569,hoenn,Vermilava,,Bad Lavastadt,,Lavaridge Town,,フエンタウン,,용암마을,,Pueblo Lavacalda,,Cuordilava,,フエンタウン,,Pueblo Lavacalda,,,,,
fallarbor-town,570,hoenn,Autéquia,,Laubwechselfeld,,Fallarbor Town,,ハジツゲタウン,,단풍마을,,Pueblo Pardal,,Brunifoglia,,ハジツゲタウン,,Pueblo Pardal,,,,,
verdanturf-town,571,hoenn,Vergazon,,Wiesenflur,,Verdanturf Town,,シダケタウン,,잔디마을,,Pueblo Verdegal,,Mentania,,シダケタウン,,Pueblo Verdegal,,,,,
mauville-city,572,hoenn,Lavandia,,Malvenfroh City,,Mauville City,,キンセツシティ,,보라시티,,Ciudad Malvalona,,Ciclamipoli,,キンセツシティ,,Ciudad Malvalona,,,,,
rustboro-city,573,hoenn,Mérouville,,Metarost City,,Rustboro City,,カナズミシティ,,금탄도시,,Ciudad Férrica,,Ferrugipoli,,カナズミシティ,,Ciudad Férrica,,,,,
fortree-city,574,hoenn,Cimetronelle,,Baumhausen City,,Fortree City,,ヒワマキシティ,,검방울시티,,Ciudad Arborada,,Forestopoli,,ヒワマキシティ,,Ciudad Arborada,,,,,
underwater,575,hoenn,Fond marin,,Unterwasser,,Underwater,,,,,,,,,,,,,,,,,
mt-chimney,576,hoenn,Mont Chimnée,,Schlotberg,,Mt. Chimney,,えんとつやま,,굴뚝산,,Monte Cenizo,,Monte Camino,,えんとつ山,,Monte Cenizo,,,,,
mirage-spot-island,577,hoenn,Île Mirage,,Wundereiland,,Mirage Island,,マボロシじま,,환상섬,,Isla Espejismo,,Isola Miraggio,,マボロシ島,,Isla Espejismo,,,,,
southern-island,578,hoenn,Île du Sud,,Insel im Süden,,Southern Island,,みなみのことう,,남쪽의 외딴섬,,Isla del Sur,,Isola Remota,,南の孤島,,Isla del Sur,,,,,
sealed-chamber,579,hoenn,Sanctuaire,,Siegelkammer,,Sealed Chamber,,おふれのせきしつ,,고시의 석실,,Cámara Sellada,,Sala Incisa,,おふれの石室,,Cámara Sellada,,,,,
scorched-slab,580,hoenn,Grotte Zénith,,Sonnengrotte,,Scorched Slab,,ひでりのいわと,,가뭄의 암굴,,Gruta Solar,,Grottino Solare,,日照りの岩戸,,Gruta Solar,,,,,
island-cave,581,hoenn,Grotte de l’Îlot,,Inselhöhle,,Island Cave,,こじまのよこあな,,작은 섬 옆굴,,Cueva Insular,,Grotta Insulare,,小島の横穴,,Cueva Insular,,,,,
desert-ruins,582,hoenn,Ruines Désert,,Wüstenruine,,Desert Ruins,,さばくいせき,,사막유적,,Ruinas del Desierto,,Rovine Sabbiose,,砂漠遺跡,,Ruinas del Desierto,,,,,
ancient-tomb,583,hoenn,Tombeau Antique,,Grabmal,,Ancient Tomb,,こだいづか,,고대의 무덤,,Tumba Antigua,,Tomba Antica,,古代塚,,Tumba Antigua,,,,,
inside-of-truck,584,hoenn,???,,???,,???,,？？？,,???,,(?),,???,,？？？,,(?),,,,,
secret-base,585,hoenn,Base Secrète,,Geheimbasis,,Secret Base,,ひみつきち,,비밀기지,,Base Secreta,,Base Segreta,,ひみつきち,,Base Secreta,,,,,
hoenn-battle-tower,586,hoenn,Tour de Combat,,Duellturm,,Battle Tower,,,,,,,,,,,,,,,,,
vaniville-town,587,kalos,Bourg Croquis,,Escissia,,Vaniville Town,,アサメタウン,,조아마을,,Pueblo Boceto,,Borgo Bozzetto,,アサメタウン,,Pueblo Boceto,,,,,
kalos-route-1,588,kalos,Route 1,,Route 1,,Route 1,,１ばんどうろ,,1번도로,,Ruta 1,,Percorso 1,,１番道路,,Ruta 1,,,,,
vaniville-pathway,589,kalos,Sentier Croquis,,Escissia-Pfad,,Vaniville Pathway,,アサメのこみち,,조아의 작은 길,,Sendero Boceto,,Vicolo Bozzetto,,アサメの小道,,Sendero Boceto,,,,,
aquacorde-town,590,kalos,Quarellis,,Aquarellia,,Aquacorde Town,,メイスイタウン,,수미마을,,Pueblo Acuarela,,Rio Acquerello,,メイスイタウン,,Pueblo Acuarela,,,,,
kalos-route-2,591,kalos,Route 2,,Route 2,,Route 2,,２ばんどうろ,,2번도로,,Ruta 2,,Percorso 2,,２番道路,,Ruta 2,,,,,
avance-trail,592,kalos,Chemin Progrès,,Progrès-Weg,,Avance Trail,,アバンセどおり,,아방쎄 도로,,Vía del Avance,,Via Progresso,,アバンセ通り,,Vía del Avance,,,,,
santalune-forest,593,kalos,Forêt de Neuvartault,,Nouvaria-Wald,,Santalune Forest,,ハクダンのもり,,백단숲,,Bosque de Novarte,,Bosco Novartopoli,,ハクダンの森,,Bosque de Novarte,,,,,
kalos-route-3,594,kalos,Route 3,,Route 3,,Route 3,,３ばんどうろ,,3번도로,,Ruta 3,,Percorso 3,,３番道路,,Ruta 3,,,,,
ouvert-way,595,kalos,Chemin Ouvert,,Ouvert-Weg,,Ouvert Way,,ウベールどおり,,우베르 도로,,Senda Despejada,,Via Aperta,,ウベール通り,,Senda Despejada,,,,,
santalune-city,596,kalos,Neuvartault,,Nouvaria City,,Santalune City,,ハクダンシティ,,백단시티,,Ciudad Novarte,,Novartopoli,,ハクダンシティ,,Ciudad Novarte,,,,,
kalos-route-4,597,kalos,Route 4,,Route 4,,Route 4,,４ばんどうろ,,4번도로,,Ruta 4,,Percorso 4,,４番道路,,Ruta 4,,,,,
parterre-way,598,kalos,Route Fleurie,,Parterre-Weg,,Parterre Way,,パルテールかいどう,,파르테르 가도,,Senda del Parterre,,Viale Parterre,,パルテール街道,,Senda del Parterre,,,,,
lumiose-city,599,kalos,Illumis,,Illumina City,,Lumiose City,,ミアレシティ,,미르시티,,Ciudad Luminalia,,Luminopoli,,ミアレシティ,,Ciudad Luminalia,,,,,
prism-tower,600,kalos,Tour Prismatique,,Prismaturm,,Prism Tower,,プリズムタワー,,프리즘타워,,Torre Prisma,,Torre Prisma,,プリズムタワー,,Torre Prisma,,,,,
lysandre-labs,601,kalos,Labos Lysandre,,Labor von Flordelis,,Lysandre Labs,,フラダリラボ,,플라드리 래버러토리,,Laboratorios Lysson,,Laboratori Elisio,,フラダリラボ,,Laboratorios Lysson,,,,,
kalos-route-5,602,kalos,Route 5,,Route 5,,Route 5,,５ばんどうろ,,5번도로,,Ruta 5,,Percorso 5,,５番道路,,Ruta 5,,,,,
versant-road,603,kalos,Chemin du Versant,,Coteau-Weg,,Versant Road,,ベルサンどおり,,베르성 도로,,Vía Repecho,,Via Versante,,ベルサン通り,,Vía Repecho,,,,,
camphrier-town,604,kalos,Fort-Vanitas,,Vanitéa,,Camphrier Town,,コボクタウン,,고목내마을,,Pueblo Vánitas,,Castel Vanità,,コボクタウン,,Pueblo Vánitas,,,,,
shabboneau-castle,605,kalos,Fort de Vanitas,,Château Tristesse,,Shabboneau Castle,,ショボンヌじょう,,침울한 성,,Castillo Caduco,,Maniero Sottotono,,ショボンヌ城,,Castillo Caduco,,,,,
kalos-route-6,606,kalos,Route 6,,Route 6,,Route 6,,６ばんどうろ,,6번도로,,Ruta 6,,Percorso 6,,６番道路,,Ruta 6,,,,,
palais-lane,607,kalos,Allée du Palais,,Palais-Allee,,Palais Lane,,パレのなみきみち,,팔레 가로수 길,,Alameda del Palacio,,Boulevard Palazzo,,パレの並木道,,Alameda del Palacio,,,,,
parfum-palace,608,kalos,Palais Chaydeuvre,,Magnum-Opus-Palast,,Parfum Palace,,パルファムきゅうでん,,파르팽 궁전,,Palacio Cénit,,Reggia Aurea,,パルファム宮殿,,Palacio Cénit,,,,,
kalos-route-7,609,kalos,Route 7,,Route 7,,Route 7,,７ばんどうろ,,7번도로,,Ruta 7,,Percorso 7,,７番道路,,Ruta 7,,,,,
riviere-walk,610,kalos,Chemin des Berges,,Rivière-Promenade,,Rivière Walk,,リビエールライン,,리비에르 라인,,Paseo de la Ribera,,Via Fiume,,リビエールライン,,Paseo de la Ribera,,,,,
cyllage-city,611,kalos,Relifac-le-Haut,,Relievera City,,Cyllage City,,ショウヨウシティ,,삼채시티,,Ciudad Relieve,,Altoripoli,,ショウヨウシティ,,Ciudad Relieve,,,,,
kalos-route-8,612,kalos,Route 8,,Route 8,,Route 8,,８ばんどうろ,,8번도로,,Ruta 8,,Percorso 8,,８番道路,,Ruta 8,,,,,
muraille-coast,613,kalos,Falaise Muraille,,Muraille-Küstenpfad,,Muraille Coast,,ミュライユかいがん,,미라유 해안,,Muralla Costera,,Muraglia Costiera,,ミュライユ海岸,,Muralla Costera,,,,,
ambrette-town,614,kalos,Roche-sur-Gliffe,,Petrophia,,Ambrette Town,,コウジンタウン,,가라마을,,Pueblo Petroglifo,,Petroglifari,,コウジンタウン,,Pueblo Petroglifo,,,,,
kalos-route-9,615,kalos,Route 9,,Route 9,,Route 9,,９ばんどうろ,,9번도로,,Ruta 9,,Percorso 9,,９番道路,,Ruta 9,,,,,
spikes-passage,616,kalos,Piste Piquante,,Rihorn-Pass,,Spikes Passage,,トゲトゲさんどう,,뿔 산길,,Paso de Rhyhorn,,Sentiero Punzoni,,トゲトゲ山道,,Paso de Rhyhorn,,,,,
battle-chateau,617,kalos,Château de Combat,,Kampfschloss,,Battle Chateau,,バトルシャトー,,배틀샤토,,Bastión Batalla,,Castello Lotta,,バトルシャトー,,Bastión Batalla,,,,,
kalos-route-10,618,kalos,Route 10,,Route 10,,Route 10,,１０ばんどうろ,,10번도로,,Ruta 10,,Percorso 10,,１０番道路,,Ruta 10,,,,,
menhir-trail,619,kalos,Route Menhir,,Menhir-Weg,,Menhir Trail,,メンヒルロード,,멘히르로드,,Camino Menhires,,Strada dei Menhir,,メンヒルロード,,Camino Menhires,,,,,
geosenge-town,620,kalos,Cromlac’h,,Cromlexia,,Geosenge Town,,セキタイタウン,,옥유마을,,Pueblo Crómlech,,Cromleburgo,,セキタイタウン,,Pueblo Crómlech,,,,,
kalos-route-11,621,kalos,Route 11,,Route 11,,Route 11,,１１ばんどうろ,,11번도로,,Ruta 11,,Percorso 11,,１１番道路,,Ruta 11,,,,,
miroir-way,622,kalos,Chemin Miroir,,Miroir-Weg,,Miroir Way,,ミロワールどおり,,미르와르 도로,,Senda Reflejos,,Via dei Riflessi,,ミロワール通り,,Senda Reflejos,,,,,
reflection-cave,623,kalos,Grotte Miroitante,,Spiegelhöhle,,Reflection Cave,,うつしみのどうくつ,,비춤의 동굴,,Cueva Reflejos,,Grotta dei Riflessi,,映し身の洞窟,,Cueva Reflejos,,,,,
shalour-city,624,kalos,Yantreizh,,Yantara City,,Shalour City,,シャラシティ,,사라시티,,Ciudad Yantra,,Yantaropoli,,シャラシティ,,Ciudad Yantra,,,,,
tower-of-mastery,625,kalos,Tour Maîtrise,,Turm der Erkenntnis,,Tower of Mastery,,マスタータワー,,마스터타워,,Torre Maestra,,Torre Maestra,,マスタータワー,,Torre Maestra,,,,,
kalos-route-12,626,kalos,Route 12,,Route 12,,Route 12,,１２ばんどうろ,,12번도로,,Ruta 12,,Percorso 12,,１２番道路,,Ruta 12,,,,,
fourrage-road,627,kalos,Chemin Fourrage,,Fourrage-Weg,,Fourrage Road,,フラージュどおり,,프라주 도로,,Vereda del Heno,,Via dei Pascoli,,フラージュ通り,,Vereda del Heno,,,,,
coumarine-city,628,kalos,Port Tempères,,Tempera City,,Coumarine City,,ヒヨクシティ,,비익시티,,Ciudad Témpera,,Temperopoli,,ヒヨクシティ,,Ciudad Témpera,,,,,
kalos-route-13,629,kalos,Route 13,,Route 13,,Route 13,,１３ばんどうろ,,13번도로,,Ruta 13,,Percorso 13,,１３番道路,,Ruta 13,,,,,
lumiose-badlands,630,kalos,Steppe d’Illumis,,Illumina-Steppe,,Lumiose Badlands,,ミアレのこうや,,미르 황야,,Páramo de Luminalia,,Landa di Luminopoli,,ミアレの荒野,,Páramo de Luminalia,,,,,
kalos-route-14,631,kalos,Route 14,,Route 14,,Route 14,,１４ばんどうろ,,14번도로,,Ruta 14,,Percorso 14,,１４番道路,,Ruta 14,,,,,
laverre-nature-trail,632,kalos,Laie Romant-ss-Bois,,Romantia-Waldweg,,Laverre Nature Trail,,クノエのりんどう,,후늬 임도,,Arboleda Romantis,,Sentiero Romantopoli,,クノエの林道,,Arboleda Romantis,,,,,
laverre-city,633,kalos,Romant-sous-Bois,,Romantia City,,Laverre City,,クノエシティ,,후늬시티,,Ciudad Romantis,,Romantopoli,,クノエシティ,,Ciudad Romantis,,,,,
poke-ball-factory,634,kalos,Usine de Poké Balls,,Pokéball-Fabrik,,Poké Ball Factory,,ボールこうじょう,,볼 공장,,Fábrica Poké Balls,,Fabbrica Poké Ball,,ボール工場,,Fábrica Poké Balls,,,,,
kalos-route-15,635,kalos,Route 15,,Route 15,,Route 15,,１５ばんどうろ,,15번도로,,Ruta 15,,Percorso 15,,１５番道路,,Ruta 15,,,,,
brun-way,636,kalos,Chemin Brun,,Brun-Weg,,Brun Way,,ブランどおり,,브렁 도로,,Sendero Hojarasca,,Via Fogliebrune,,ブラン通り,,Sendero Hojarasca,,,,,
dendemille-town,637,kalos,La Frescale,,Frescora,,Dendemille Town,,フウジョタウン,,버들비마을,,Pueblo Fresco,,Frescovilla,,フウジョタウン,,Pueblo Fresco,,,,,
kalos-route-16,638,kalos,Route 16,,Route 16,,Route 16,,１６ばんどうろ,,16번도로,,Ruta 16,,Percorso 16,,１６番道路,,Ruta 16,,,,,
melancolie-path,639,kalos,Chemin Tristesse,,Tristesse-Weg,,Mélancolie Path,,トリストどおり,,트리스트 도로,,Senda Melancolía,,Via Malinconia,,トリスト通り,,Senda Melancolía,,,,,
frost-cavern,640,kalos,Caverne Gelée,,Frosthöhle,,Frost Cavern,,フロストケイブ,,프로스트케이브,,Gruta Helada,,Caverna Gelata,,フロストケイブ,,Gruta Helada,,,,,
kalos-route-17,641,kalos,Route 17,,Route 17,,Route 17,,１７ばんどうろ,,17번도로,,Ruta 17,,Percorso 17,,１７番道路,,Ruta 17,,,,,
mamoswine-road,642,kalos,Route Mammochon,,Mamutel-Weg,,Mamoswine Road,,マンムーロード,,맘모꾸리로드,,Sendero Mamoswine,,Passo Mamoswine,,マンムーロード,,Sendero Mamoswine,,,,,
anistar-city,643,kalos,Flusselles,,Fluxia City,,Anistar City,,ヒャッコクシティ,,향전시티,,Ciudad Fluxus,,Fluxopoli,,ヒャッコクシティ,,Ciudad Fluxus,,,,,
kalos-route-18,644,kalos,Route 18,,Route 18,,Route 18,,１８ばんどうろ,,18번도로,,Ruta 18,,Percorso 18,,１８番道路,,Ruta 18,,,,,
vallee-etroite-way,645,kalos,Chemin des Gorges,,Vallée-Étroite-Weg,,Vallée Étroite Way,,エトロワ・バレどおり,,에뜨르와 발레 도로,,Senda Valle Angosto,,Via Valle Stretta,,エトロワ・バレ通り,,Senda Valle Angosto,,,,,
couriway-town,646,kalos,Mozheim,,Mosaia,,Couriway Town,,レンリタウン,,배롱마을,,Pueblo Mosaico,,Ponte Mosaico,,レンリタウン,,Pueblo Mosaico,,,,,
kalos-route-19,647,kalos,Route 19,,Route 19,,Route 19,,１９ばんどうろ,,19번도로,,Ruta 19,,Percorso 19,,１９番道路,,Ruta 19,,,,,
grande-vallee-way,648,kalos,Chemin du Val,,Vallée-Large-Weg,,Grande Vallée Way,,ラルジュ・バレどおり,,라주 발레 도로,,Senda del Gran Valle,,Via Valle Larga,,ラルジュ・バレ通り,,Senda del Gran Valle,,,,,
snowbelle-city,649,kalos,Auffrac-les-Congères,,Fractalia City,,Snowbelle City,,エイセツシティ,,이설시티,,Ciudad Fractal,,Fractalopoli,,エイセツシティ,,Ciudad Fractal,,,,,
kalos-route-20,650,kalos,Route 20,,Route 20,,Route 20,,２０ばんどうろ,,20번도로,,Ruta 20,,Percorso 20,,２０番道路,,Ruta 20,,,,,
winding-woods,651,kalos,Bois du Dédale,,Irrwald,,Winding Woods,,まよいのもり,,미혹의 숲,,Bosque Errantes,,Bosco Passoperso,,迷いの森,,Bosque Errantes,,,,,
pokemon-village,652,kalos,Village Pokémon,,Pokémon-Dorf,,Pokémon Village,,ポケモンのむら,,포켓몬마을,,Villa Pokémon,,Valle dei Pokémon,,ポケモンの村,,Villa Pokémon,,,,,
kalos-route-21,653,kalos,Route 21,,Route 21,,Route 21,,２１ばんどうろ,,21번도로,,Ruta 21,,Percorso 21,,２１番道路,,Ruta 21,,,,,
derniere-way,654,kalos,Chemin Final,,Dernier-Weg,,Dernière Way,,デルニエどおり,,데르니에 도로,,Vía Ultimia,,Via Ultima,,デルニエ通り,,Vía Ultimia,,,,,
kalos-route-22,655,kalos,Route 22,,Route 22,,Route 22,,２２ばんどうろ,,22번도로,,Ruta 22,,Percorso 22,,２２番道路,,Ruta 22,,,,,
detourner-way,656,kalos,Chemin Détour,,Détourné-Weg,,Détourner Way,,デトルネどおり,,데뚜르네 도로,,Vía Desvío,,Via Detour,,デトルネ通り,,Vía Desvío,,,,,
kalos-victory-road,657,kalos,Route Victoire,,Siegesstraße,,Victory Road,,チャンピオンロード,,챔피언로드,,Calle Victoria,,Via Vittoria,,チャンピオンロード,,Calle Victoria,,,,,
kalos-pokemon-league,658,kalos,Ligue Pokémon,,Pokémon Liga,,Pokémon League,,ポケモンリーグ,,포켓몬리그,,Liga Pokémon,,Lega Pokémon,,ポケモンリーグ,,Liga Pokémon,,,,,
kiloude-city,659,kalos,Batisques,,Batika City,,Kiloude City,,キナンシティ,,기남시티,,Ciudad Batik,,Batikopoli,,キナンシティ,,Ciudad Batik,,,,,
battle-maison,660,kalos,Maison de Combat,,Kampfhaus,,Battle Maison,,バトルハウス,,배틀하우스,,Mansión Batalla,,Villa Lotta,,バトルハウス,,Mansión Batalla,,,,,
azure-bay,661,kalos,Baie Azur,,Azurbucht,,Azure Bay,,アズールわん,,아쥐르만,,Bahía Azul,,Baia Azzurra,,アズール湾,,Bahía Azul,,,,,
dendemille-gate,662,kalos,Porte de La Frescale,,Frescora-Tor,,Dendemille Gate,,フウジョゲート,,버들비게이트,,Acceso a Fresco,,Varco Frescovilla,,フウジョゲート,,Acceso a Fresco,,,,,
couriway-gate,663,kalos,Porte de Mozheim,,Mosaia-Tor,,Couriway Gate,,レンリゲート,,배롱게이트,,Acceso a Mosaico,,Varco Ponte Mosaico,,レンリゲート,,Acceso a Mosaico,,,,,
ambrette-gate,664,kalos,Porte de R. s/Gliffe,,Petrophia-Tor,,Ambrette Gate,,コウジンゲート,,가라게이트,,Acceso a Petroglifo,,Varco Petroglifari,,コウジンゲート,,Acceso a Petroglifo,,,,,
lumiose-gate,665,kalos,Porte d’Illumis,,Illumina-Tor,,Lumiose Gate,,ミアレゲート,,미르게이트,,Acceso a Luminalia,,Varco Luminopoli,,ミアレゲート,,Acceso a Luminalia,,,,,
shalour-gate,666,kalos,Porte de Yantreizh,,Yantara-Tor,,Shalour Gate,,シャラゲート,,사라게이트,,Acceso a Yantra,,Varco Yantaropoli,,シャラゲート,,Acceso a Yantra,,,,,
coumarine-gate,667,kalos,Porte de P. Tempères,,Tempera-Tor,,Coumarine Gate,,ヒヨクゲート,,비익게이트,,Acceso a Témpera,,Varco Temperopoli,,ヒヨクゲート,,Acceso a Témpera,,,,,
laverre-gate,668,kalos,Porte de Romant,,Romantia-Tor,,Laverre Gate,,クノエゲート,,후늬게이트,,Acceso a Romantis,,Varco Romantopoli,,クノエゲート,,Acceso a Romantis,,,,,
anistar-gate,669,kalos,Porte de Flusselles,,Fluxia-Tor,,Anistar Gate,,ヒャッコクゲート,,향전게이트,,Acceso a Fluxus,,Varco Fluxopoli,,ヒャッコクゲート,,Acceso a Fluxus,,,,,
snowbelle-gate,670,kalos,Porte d’Auffrac,,Fractalia-Tor,,Snowbelle Gate,,エイセツゲート,,이설게이트,,Acceso a Fractal,,Varco Fractalopoli,,エイセツゲート,,Acceso a Fractal,,,,,
glittering-cave,671,kalos,Grotte Étincelante,,Leuchthöhle,,Glittering Cave,,かがやきのどうくつ,,반짝임의 동굴,,Cueva Brillante,,Grotta dei Bagliori,,輝きの洞窟,,Cueva Brillante,,,,,
connecting-cave,672,kalos,Cave Connecterre,,Geolinkhöhle,,Connecting Cave,,じつなぎのどうけつ,,땅이음의 동굴,,Gruta Tierraunida,,Grotta Trait d’Union,,地つなぎの洞穴,,Gruta Tierraunida,,,,,
zubat-roost,673,kalos,Antre Nosferapti,,Zubat-Nest,,Zubat Roost,,ズバットたちのすみか,,주뱃들의 소굴,,Escondrijo Zubat,,Tana degli Zubat,,ズバットたちのすみか,,Escondrijo Zubat,,,,,
kalos-power-plant,674,kalos,Centrale de Kalos,,Kalos-Kraftwerk,,Kalos Power Plant,,カロスはつでんしょ,,칼로스발전소,,Central de Kalos,,Centrale di Kalos,,カロス発電所,,Central de Kalos,,,,,
team-flare-secret-hq,675,kalos,Repaire Team Flare,,Flare-Geheimbasis,,Team Flare Secret HQ,,フレアだんひみつきち,,플레어단 비밀기지,,Guarida Team Flare,,Covo del Team Flare,,フレア団秘密基地,,Guarida Team Flare,,,,,
terminus-cave,676,kalos,Grotte Coda,,Omega-Höhle,,Terminus Cave,,ついのどうくつ,,끝의 동굴,,Cueva Desenlace,,Grotta Climax,,終の洞窟,,Cueva Desenlace,,,,,
lost-hotel,677,kalos,Hôtel Désolation,,Hotelruine,,Lost Hotel,,あれはてホテル,,황폐해진 호텔,,Hotel Desolación,,Albergo Diroccato,,荒れ果てホテル,,Hotel Desolación,,,,,
chamber-of-emptiness,678,kalos,Chambre Néant,,Kammer der Leere,,Chamber of Emptiness,,うつろのま,,공허의 방,,Estancia Vacua,,Stanza Vacua,,空ろの間,,Estancia Vacua,,,,,
sea-spirits-den,679,kalos,Antre Néréen,,Meerestitanenhöhle,,Sea Spirit’s Den,,わだつみのあな,,해신의 굴,,Cueva Talasia,,Antro Talassico,,海神の穴,,Cueva Talasia,,,,,
friend-safari,680,kalos,Safari des Amis,,Kontaktsafari,,Friend Safari,,フレンドサファリ,,프렌드사파리,,Safari Amistad,,Safari Amici,,フレンドサファリ,,Safari Amistad,,,,,
blazing-chamber,681,kalos,Chambre du Brasier,,Flammen-Saal,,Blazing Chamber,,かえんのま,,화염의 방,,Sala de las Llamas,,Sala delle Fiamme,,火炎の間,,Sala de las Llamas,,,,,
flood-chamber,682,kalos,Chambre du Barrage,,Schleusen-Saal,,Flood Chamber,,すいもんのま,,수문의 방,,Sala de la Esclusa,,Sala delle Chiuse,,水門の間,,Sala de la Esclusa,,,,,
ironworks-chamber,683,kalos,Chambre de l’Alliage,,Rüstungs-Saal,,Ironworks Chamber,,こうてつのま,,무쇠의 방,,Sala del Metal,,Sala del Metallo,,鋼鉄の間,,Sala del Metal,,,,,
dragonmark-chamber,684,kalos,Chambre de la Guivre,,Draco-Saal,,Dragonmark Chamber,,りゅうしょうのま,,용문양의 방,,Sala del Draco,,Sala del Dragone,,竜章の間,,Sala del Draco,,,,,
radiant-chamber,685,kalos,Chambre de l’Éclat,,Licht-Saal,,Radiant Chamber,,ひかりのま,,빛의 방,,Sala de la Luz,,Sala della Luce,,光の間,,Sala de la Luz,,,,,
pokemon-league-gate,686,kalos,Porte de la Ligue,,Tor zur Pokémon Liga,,Pokémon League Gate,,ポケモンリーグゲート,,포켓몬리그 게이트,,Acceso Liga Pokémon,,Varco Lega Pokémon,,ポケモンリーグゲート,,Acceso Liga Pokémon,,,,,
lumiose-station,687,kalos,Gare d’Illumis,,Bahnhof von Illumina,,Lumiose Station,,ミアレステーション,,미르 스테이션,,Estación Luminalia,,Stazione Luminopoli,,ミアレステーション,,Estación Luminalia,,,,,
kiloude-station,688,kalos,Gare de Batisques,,Bahnhof von Batika,,Kiloude Station,,キナンステーション,,기남 스테이션,,Estación Batik,,Stazione Batikopoli,,キナンステーション,,Estación Batik,,,,,
ambrette-aquarium,689,kalos,Aquarium R. s/Gliffe,,Petrophia-Aquarium,,Ambrette Aquarium,,コウジンすいぞくかん,,가라 수족관,,Acuario Petroglifo,,Acquario,,コウジン水族館,,Acuario Petroglifo,,,,,
unknown-dungeon,690,kalos,Grotte Inconnue,,Geheimdungeon,,Unknown Dungeon,,ななしのどうくつ,,이름없는 동굴,,Mazmorra Rara,,Grotta Ignota,,ななしの洞窟,,Mazmorra Rara,,,,,
hoenn-pokemon-league,691,hoenn,Ligue Pokémon,,Pokémon Liga,,Pokémon League,,ポケモンリーグ,,포켓몬리그,,Liga Pokémon,,Lega Pokémon,,ポケモンリーグ,,Liga Pokémon,,,,,
team-aqua-hideout,692,hoenn,Planque Aqua,,Team Aquas Versteck,,Team Aqua Hideout,,アクアだんアジト,,아쿠아단아지트,,Guarida Aqua,,Rifugio Idro,,アクア団アジト,,Guarida Aqua,,,,,
sea-mauville,693,hoenn,Lavandia Sea,,Seewoge Malvenfroh,,Sea Mauville,,シーキンセツ,,씨보라,,Malvamar,,Ciclamare,,シーキンセツ,,Malvamar,,,,,
team-magma-hideout,694,hoenn,Planque Magma,,Team Magmas Versteck,,Team Magma Hideout,,マグマだんアジト,,마그마단아지트,,Guarida Magma,,Rifugio Magma,,マグマ団アジト,,Guarida Magma,,,,,
battle-resort,695,hoenn,Atoll de Combat,,Kampfresort,,Battle Resort,,バトルリゾート,,배틀리조트,,Resort Batalla,,Resort Lotta,,バトルリゾート,,Resort Batalla,,,,,
ss-tidal,696,hoenn,Le Marina,,MS Tide,,S.S. Tidal,,タイドリップごう,,타이드립호,,S.S. Marea,,Motonave Marea,,タイドリップ号,,S.S. Marea,,,,,
mirage-spot-forest,697,hoenn,Forêt Mirage,,Wunderwald,,Mirage Forest,,マボロシもり,,환상숲,,Bosque Espejismo,,Selva Miraggio,,マボロシ森,,Bosque Espejismo,,,,,
mirage-spot-cave,698,hoenn,Grotte Mirage,,Wunderhöhle,,Mirage Cave,,マボロシどうくつ,,환상동굴,,Cueva Espejismo,,Grotta Miraggio,,マボロシ洞窟,,Cueva Espejismo,,,,,
mirage-spot-mountain,699,hoenn,Mont Mirage,,Wunderberg,,Mirage Mountain,,マボロシやま,,환상산,,Monte Espejismo,,Monte Miraggio,,マボロシ山,,Monte Espejismo,,,,,
trackless-forest,700,hoenn,Forêt Impénétrable,,Wilder Wald,,Trackless Forest,,みかいのもり,,미개척의 숲,,Bosque Virgen,,Foresta Vergine,,未開の森,,Bosque Virgen,,,,,
pathless-plain,701,hoenn,Plaine Sans Nom,,Namenlose Ebene,,Pathless Plain,,なもなきへいげん,,이름없는 평원,,Llanura Sinnombre,,Piana Senza Nome,,名もなき平原,,Llanura Sinnombre,,,,,
nameless-cavern,702,hoenn,Grotte Oubliée,,Unerforschte Höhle,,Nameless Cavern,,みちのどうくつ,,미지의 동굴,,Cueva Ignota,,Caverna Ignota,,未知の洞窟,,Cueva Ignota,,,,,
fabled-cave,703,hoenn,Grotte Évanescente,,Rätselhafte Höhle,,Fabled Cave,,おぼろのどうくつ,,희미한 동굴,,Cueva Incierta,,Grotta Sfuggente,,おぼろの洞窟,,Cueva Incierta,,,,,
gnarled-den,704,hoenn,Gouffre Informe,,Höhle der Spaltung,,Gnarled Den,,いびつなあな,,비틀린 굴,,Boquete Irregular,,Fossa Informe,,いびつな穴,,Boquete Irregular,,,,,
crescent-isle,705,hoenn,Île de l’Arc,,Sichelinsel,,Crescent Isle,,ゆみなりのしま,,궁형의 섬,,Isla Creciente,,Isola Arcodiluna,,弓形の島,,Isla Creciente,,,,,
secret-islet,706,hoenn,Îlot Secret,,Geheiminsel,,Secret Islet,,ひみつのこじま,,비밀의 작은 섬,,Islote Secreto,,Isolotto Segreto,,ひみつの小島,,Islote Secreto,,,,,
soaring-in-the-sky,707,hoenn,Grand Ciel,,Luftraum,,Soaring in the sky,,おおぞら,,창공,,Firmamento,,Ipersfera,,大空,,Firmamento,,,,,
secret-shore,708,hoenn,Plage Secrète,,Geheime Küste,,Secret Shore,,ひみつのいそべ,,비밀의 바위해변,,Costa Secreta,,Baia Segreta,,ひみつのいそべ,,Costa Secreta,,,,,
secret-meadow,709,hoenn,Champ Fleuri Secret,,Geheime Blumenwiese,,Secret Meadow,,ひみつのはなばたけ,,비밀의 꽃밭,,Prado Secreto,,Valle Segreta,,ひみつの花畑,,Prado Secreto,,,,,
alola-route-1--hauoli-outskirts,710,alola,Route 1,Abords d’Ekaeka,Route 1,Hauholi-Stadtrand,Route 1,Hau’oli Outskirts,１ばんどうろ,ハウオリシティはずれ,1번도로,하우올리시티 변두리,Ruta 1,Afueras de Hauoli,Percorso 1,Periferia di Hau’oli,１番道路,ハウオリシティはずれ,Ruta 1,Afueras de Hauoli,１號道路,好奧樂市郊,１号道路,好奥乐市郊
alola-route-1,711,alola,Route 1,,Route 1,,Route 1,,１ばんどうろ,,1번도로,,Ruta 1,,Percorso 1,,１番道路,,Ruta 1,,１號道路,,１号道路,
alola-route-3,712,alola,Route 3,,Route 3,,Route 3,,３ばんどうろ,,3번도로,,Ruta 3,,Percorso 3,,３番道路,,Ruta 3,,３號道路,,３号道路,
alola-route-2,713,alola,Route 2,,Route 2,,Route 2,,２ばんどうろ,,2번도로,,Ruta 2,,Percorso 2,,２番道路,,Ruta 2,,２號道路,,２号道路,
kalae-bay,714,alola,Baie de Kala’e,,Kala’e-Bucht,,Kala’e Bay,,カーラエわん,,칼라에만,,Bahía Kalae,,Baia Kala’e,,カーラエ湾,,Bahía Kalae,,卡拉蔚灣,,卡拉蔚湾,
melemele-sea,715,alola,Mer de Mele-Mele,,Meer von Mele-Mele,,Melemele Sea,,メレメレかい,,멜레멜레해,,Mar de Melemele,,Mare di Mele Mele,,メレメレ海,,Mar de Melemele,,美樂美樂海,,美乐美乐海,
hauoli-city--beachfront,716,alola,Ekaeka,Plage,Hauholi City,Strandpromenade,Hau’oli City,Beachfront,ハウオリシティ,ビーチサイドエリア,하우올리시티,비치사이드에리어,Ciudad Hauoli,Paseo Marítimo,Hau’oli,Lungomare,ハウオリシティ,ビーチサイドエリア,Ciudad Hauoli,Paseo Marítimo,好奧樂市,海灘區,好奥乐市,海滩区
hauoli-city--shopping-district,717,alola,Ekaeka,Zone commerciale,Hauholi City,Einkaufsviertel,Hau’oli City,Shopping District,ハウオリシティ,ショッピングエリア,하우올리시티,쇼핑에리어,Ciudad Hauoli,Zona Comercial,Hau’oli,Zona Commerciale,ハウオリシティ,ショッピングエリア,Ciudad Hauoli,Zona Comercial,好奧樂市,商業區,好奥乐市,商业区
hauoli-city--marina,718,alola,Ekaeka,Port,Hauholi City,Hafen,Hau’oli City,Marina,ハウオリシティ,ポートエリア,하우올리시티,포트에리어,Ciudad Hauoli,Puerto,Hau’oli,Porto,ハウオリシティ,ポートエリア,Ciudad Hauoli,Puerto,好奧樂市,港口區,好奥乐市,港口区
iki-town,719,alola,Lili’i,,Lili’i,,Iki Town,,リリィタウン,,릴리마을,,Pueblo Lilii,,Lili,,リリィタウン,,Pueblo Lilii,,利利小鎮,,利利小镇,
mahalo-trail,720,alola,Sentier de Mahalo,,Mahalo-Bergpfad,,Mahalo Trail,,マハロさんどう,,마할로 산길,,Senda Mahalo,,Sentiero Mahalo,,マハロ山道,,Senda Mahalo,,馬哈羅山路,,马哈罗山路,
mahalo-trail--plank-bridge,721,alola,Sentier de Mahalo,Pont suspendu,Mahalo-Bergpfad,Hängebrücke,Mahalo Trail,Plank Bridge,マハロさんどう,つりばし,마할로 산길,현수교,Senda Mahalo,Puente Colgante,Sentiero Mahalo,Ponte Sospeso,マハロ山道,吊り橋,Senda Mahalo,Puente Colgante,馬哈羅山路,吊橋,马哈罗山路,吊桥
ruins-of-conflict,722,alola,Ruines du Conflit,,Ruinen des Krieges,,Ruins of Conflict,,いくさのいせき,,전쟁의 유적,,Ruinas de la Guerra,,Tempio del Conflitto,,戦の遺跡,,Ruinas de la Guerra,,戰爭遺跡,,战争遗迹,
ten-carat-hill,723,alola,Colline Dicarat,,Tenkarat-Hügel,,Ten Carat Hill,,テンカラットヒル,,텐캐럿힐,,Colina Dequilate,,Collina Diecicarati,,テンカラットヒル,,Colina Dequilate,,十克拉山丘,,十克拉山丘,
ten-carat-hill--farthest-hollow,724,alola,Colline Dicarat,Caldeira Toutofon,Tenkarat-Hügel,Zentraler Felskessel,Ten Carat Hill,Farthest Hollow,テンカラットヒル,さいおうくうどう,텐캐럿힐,가장 깊은 공동,Colina Dequilate,Caldera Remota,Collina Diecicarati,Caldera Recondita,テンカラットヒル,最奥空洞,Colina Dequilate,Caldera Remota,十克拉山丘,最深處的空洞,十克拉山丘,最深处的空洞
hauoli-cemetery,725,alola,Cimetière d’Ekaeka,,Hauholi-Friedhof,,Hau’oli Cemetery,,ハウオリれいえん,,하우올리 묘원,,Cementerio de Hauoli,,Cimitero di Hau’oli,,ハウオリ霊園,,Cementerio de Hauoli,,好奧樂墓園,,好奥乐墓园,
melemele-meadow,726,alola,Jardin de Mele-Mele,,Mele-Mele-Blumenmeer,,Melemele Meadow,,メレメレのはなぞの,,멜레멜레 화원,,Jardines de Melemele,,Prato Mele Mele,,メレメレの花園,,Jardines de Melemele,,美樂美樂花園,,美乐美乐花园,
seaward-cave,727,alola,Grotte Verlamer,,Meereshöhle,,Seaward Cave,,うみつなぎのどうけつ,,바다연결동굴,,Gruta Unemar,,Grotta Pratomare,,海繋ぎの洞穴,,Gruta Unemar,,通海洞穴,,通海洞穴,
alola-berry-fields,728,alola,Champ de Baies d'Alola,,Alola-Beerenfelder,,Alola Berry Fields,,きのみばたけ,,나무열매 밭,,Huerto de Bayas de Alola,,Orto delle Bacche di Alola,,きのみ畑,,Huerto de Bayas,,樹果園,,树果园,
verdant-cavern--trial-site,729,alola,Grotte Verdoyante,Zone de l’Épreuve,Vegetationshöhle,Prüfungsbereich,Verdant Cavern,Trial Site,しげみのどうくつ,しれんのま,우거진 동굴,시련의 방,Cueva Sotobosque,Sala de la Prueba,Grotta Sottobosco,Luogo della Prova,茂みの洞窟,試練の間,Cueva Sotobosque,Sala de la Prueba,蔥鬱洞窟,考驗之地,葱郁洞窟,考验之地
verdant-cavern--totems-den,730,alola,Grotte Verdoyante,Repaire du Dominant,Vegetationshöhle,Herrscherbereich,Verdant Cavern,Totem’s Den,しげみのどうくつ,ぬしのま,우거진 동굴,주인의 방,Cueva Sotobosque,Sala del Dominante,Grotta Sottobosco,Arena del Dominante,茂みの洞窟,ぬしの間,Cueva Sotobosque,Sala del Dominante,蔥鬱洞窟,霸主居處,葱郁洞窟,霸主居处
alola-route-4,731,alola,Route 4,,Route 4,,Route 4,,４ばんどうろ,,4번도로,,Ruta 4,,Percorso 4,,４番道路,,Ruta 4,,４號道路,,４号道路,
alola-route-5,732,alola,Route 5,,Route 5,,Route 5,,５ばんどうろ,,5번도로,,Ruta 5,,Percorso 5,,５番道路,,Ruta 5,,５號道路,,５号道路,
alola-route-6,733,alola,Route 6,,Route 6,,Route 6,,６ばんどうろ,,6번도로,,Ruta 6,,Percorso 6,,６番道路,,Ruta 6,,６號道路,,６号道路,
alola-route-7,734,alola,Route 7,,Route 7,,Route 7,,７ばんどうろ,,7번도로,,Ruta 7,,Percorso 7,,７番道路,,Ruta 7,,７號道路,,７号道路,
alola-route-8,735,alola,Route 8,,Route 8,,Route 8,,８ばんどうろ,,8번도로,,Ruta 8,,Percorso 8,,８番道路,,Ruta 8,,８號道路,,８号道路,
alola-route-9,736,alola,Route 9,,Route 9,,Route 9,,９ばんどうろ,,9번도로,,Ruta 9,,Percorso 9,,９番道路,,Ruta 9,,９號道路,,９号道路,
hano-grand-resort,737,alola,Club Hano-Hano,,Hanohano-Resort,,Hano Grand Resort,,ハノハノリゾート,,하노하노리조트,,Resort Hanohano,,Resort Hanu Hanu,,ハノハノリゾート,,Resort Hanohano,,豪諾豪諾度假地,,豪诺豪诺度假地,
hano-beach,738,alola,Plage Hano-Hano,,Hanohano-Strand,,Hano Beach,,ハノハノビーチ,,하노하노비치,,Playa de Hanohano,,Spiaggia Hanu Hanu,,ハノハノビーチ,,Playa de Hanohano,,豪諾豪諾海灘,,豪诺豪诺海滩,
akala-meadow,739,alola,Jardin d’Akala,,Akala-Blumenmeer,,Akala Meadow,,アーカラのはなぞの,,아칼라 화원,,Jardines de Akala,,Prato Akala,,アーカラの花園,,Jardines de Akala,,阿卡拉花園,,阿卡拉花园,
paniola-town,740,alola,Ohana,,Ohana,,Paniola Town,,オハナタウン,,오하나마을,,Pueblo Ohana,,Ohana,,オハナタウン,,Pueblo Ohana,,歐哈納鎮,,欧哈纳镇,
heahea-city,741,alola,Ho’ohale,,Kantai City,,Heahea City,,カンタイシティ,,환대시티,,Ciudad Kantai,,Kantai,,カンタイシティ,,Ciudad Kantai,,慷待市,,慷待市,
konikoni-city,742,alola,Konikoni,,Konikoni City,,Konikoni City,,コニコシティ,,코니코니시티,,Ciudad Konikoni,,Konikoni,,コニコシティ,,Ciudad Konikoni,,可霓可市,,可霓可市,
royal-avenue,743,alola,Rue du Dôme Royal,,Avenue Royale,,Royal Avenue,,ロイヤルアベニュー,,로열 애버뉴,,Avenida Royale,,Viale Royale,,ロイヤルアベニュー,,Avenida Royale,,皇家大道,,皇家大道,
memorial-hill,744,alola,Colline Memento,,Hügel des Gedenkens,,Memorial Hill,,メモリアルヒル,,메모리얼힐,,Colina del Recuerdo,,Colle della Memoria,,メモリアルヒル,,Colina del Recuerdo,,回憶之丘,,回忆之丘,
paniola-ranch,745,alola,Ranch Ohana,,Ohana-Farm,,Paniola Ranch,,オハナぼくじょう,,오하나목장,,Rancho Ohana,,Fattoria Ohana,,オハナ牧場,,Rancho Ohana,,歐哈納牧場,,欧哈纳牧场,
wela-volcano-park,746,alola,Parc Volcanique,,Wela-Vulkanpark,,Wela Volcano Park,,ヴェラかざんこうえん,,벨라화산공원,,Área Volcánica Wela,,Parco Vulcano Wela,,ヴェラ火山公園,,Área Volcánica Wela,,維拉火山公園,,维拉火山公园,
wela-volcano-park--totems-den,747,alola,Parc Volcanique,Repaire du Dominant,Wela-Vulkanpark,Herrscherbereich,Wela Volcano Park,Totem’s Den,ヴェラかざんこうえん,ぬしのま,벨라화산공원,주인의 방,Área Volcánica Wela,Sala del Dominante,Parco Vulcano Wela,Arena del Dominante,ヴェラ火山公園,ぬしの間,Área Volcánica Wela,Sala del Dominante,維拉火山公園,霸主居處,维拉火山公园,霸主居处
brooklet-hill,748,alola,Colline Clapotis,,Plätscherhügel,,Brooklet Hill,,せせらぎのおか,,잔잔한물가언덕,,Colina Saltagua,,Collina Scrosciante,,せせらぎの丘,,Colina Saltagua,,潺潺之丘,,潺潺之丘,
brooklet-hill--totems-den,749,alola,Colline Clapotis,Repaire du Dominant,Plätscherhügel,Herrscherbereich,Brooklet Hill,Totem’s Den,せせらぎのおか,ぬしのま,잔잔한물가언덕,주인의 방,Colina Saltagua,Sala del Dominante,Collina Scrosciante,Arena del Dominante,せせらぎの丘,ぬしの間,Colina Saltagua,Sala del Dominante,潺潺之丘,霸主居處,潺潺之丘,霸主居处
lush-jungle,750,alola,Jungle Sombrefeuille,,Schattendschungel,,Lush Jungle,,シェードジャングル,,셰이드정글,,Jungla Umbría,,Giungla Ombrosa,,シェードジャングル,,Jungla Umbría,,樹蔭叢林,,树荫丛林,
ruins-of-life,751,alola,Ruines de l’Éveil,,Ruinen des Lebens,,Ruins of Life,,いのちのいせき,,생명의 유적,,Ruinas de la Vida,,Tempio della Vita,,命の遺跡,,Ruinas de la Vida,,生命遺跡,,生命遗迹,
akala-outskirts,752,alola,Côte Reculée d’Akala,,Akala-Küstenstreifen,,Akala Outskirts,,アーカラじまはずれ,,아칼라외곽,,Afueras de Akala,,Punta Akala,,アーカラ島はずれ,,Afueras de Akala,,阿卡拉島郊外,,阿卡拉岛郊外,
digletts-tunnel,753,alola,Tunnel Taupiqueur,,Digda-Tunnel,,Diglett’s Tunnel,,ディグダトンネル,,디그다터널,,Túnel Diglett,,Tunnel Diglett,,ディグダトンネル,,Túnel Diglett,,地鼠隧道,,地鼠隧道,
battle-royal-dome,754,alola,Dôme Royal,,Dome Royale,,Battle Royal Dome,,ロイヤルドーム,,로열돔,,Estadio Royale,,Stadio Royale,,ロイヤルドーム,,Estadio Royale,,皇家巨蛋,,皇家巨蛋,
alola-route-10,755,alola,Route 10,,Route 10,,Route 10,,１０ばんどうろ,,10번도로,,Ruta 10,,Percorso 10,,１０番道路,,Ruta 10,,１０號道路,,１０号道路,
alola-route-11,756,alola,Route 11,,Route 11,,Route 11,,１１ばんどうろ,,11번도로,,Ruta 11,,Percorso 11,,１１番道路,,Ruta 11,,１１號道路,,１１号道路,
secluded-shore,757,alola,Côte Sauvage,,Küste von Ula-Ula,,Secluded Shore,,ウラウラうらかいがん,,울라울라 뒤쪽 해안,,Playa Menor,,Lido di Ula Ula,,ウラウラ裏海岸,,Playa Menor,,烏拉烏拉後海岸,,乌拉乌拉后海岸,
alola-route-13,758,alola,Route 13,,Route 13,,Route 13,,１３ばんどうろ,,13번도로,,Ruta 13,,Percorso 13,,１３番道路,,Ruta 13,,１３號道路,,１３号道路,
tapu-village,759,alola,Village Toko,,Dorf der Kapu,,Tapu Village,,カプのむら,,카푸마을,,Aldea Tapu,,Villaggio Tapu,,カプの村,,Aldea Tapu,,卡璞村,,卡璞村,
alola-route-15,760,alola,Route 15,,Route 15 (Wasserweg),,Route 15,,１５ばんすいどう,,15번수로,,Ruta 15,,Percorso 15,,１５番水道,,Ruta 15,,１５號水路,,１５号水路,
alola-route-16,761,alola,Route 16,,Route 16,,Route 16,,１６ばんどうろ,,16번도로,,Ruta 16,,Percorso 16,,１６番道路,,Ruta 16,,１６號道路,,１６号道路,
alola-route-17,762,alola,Route 17,,Route 17,,Route 17,,１７ばんどうろ,,17번도로,,Ruta 17,,Percorso 17,,１７番道路,,Ruta 17,,１７號道路,,１７号道路,
alola-route-12,763,alola,Route 12,,Route 12,,Route 12,,１２ばんどうろ,,12번도로,,Ruta 12,,Percorso 12,,１２番道路,,Ruta 12,,１２號道路,,１２号道路,
haina-desert,764,alola,Désert Haina,,Haina-Wüste,,Haina Desert,,ハイナさばく,,하이나사막,,Desierto de Haina,,Deserto Haina,,ハイナ砂漠,,Desierto de Haina,,哈伊納沙漠,,哈伊纳沙漠,
alola-route-14,765,alola,Route 14,,Route 14,,Route 14,,１４ばんどうろ,,14번도로,,Ruta 14,,Percorso 14,,１４番道路,,Ruta 14,,１４號道路,,１４号道路,
ulaula-meadow,766,alola,Jardin d’Ula-Ula,,Ula-Ula-Blumenmeer,,Ula’ula Meadow,,ウラウラのはなぞの,,울라울라 화원,,Jardines de Ula-Ula,,Prato Ula Ula,,ウラウラの花園,,Jardines de Ula-Ula,,烏拉烏拉花園,,乌拉乌拉花园,
po-town,767,alola,Kokohio,,Po’u,,Po Town,,ポータウン,,포마을,,Pueblo Po,,Poh,,ポータウン,,Pueblo Po,,魄鎮,,魄镇,
malie-city-proper,768,alola,Malié,,Malihe City,,Malie City,,マリエシティ,,말리에시티,,Ciudad Malíe,,Malie,,マリエシティ,,Ciudad Malíe,,馬利埃靜市,,马利埃静市,
malie-garden,769,alola,Parc de Malié,,Malihe-Ziergarten,,Malie Garden,,マリエていえん,,말리에 정원,,Parque de Malíe,,Giardino di Malie,,マリエ庭園,,Parque de Malíe,,馬利埃庭園,,马利埃庭园,
mount-hokulani,770,alola,Mont Hokulani,,Hokulani-Berg,,Mount Hokulani,,ホクラニだけ,,호쿠라니큰산,,Pico Hokulani,,Picco Hokulani,,ホクラニ岳,,Pico Hokulani,,輝克拉尼山,,辉克拉尼山,
blush-mountain,771,alola,Mont Ardent,,Glühberg,,Blush Mountain,,ホテリやま,,화끈산,,Monte Rubor,,Monte Tepore,,ホテリ山,,Monte Rubor,,火特力山,,火特力山,
ruins-of-abundance,772,alola,Ruines de l’Essor,,Ruinen des Gedeihens,,Ruins of Abundance,,みのりのいせき,,결실의 유적,,Ruinas de la Cosecha,,Tempio del Raccolto,,実りの遺跡,,Ruinas de la Cosecha,,豐收遺跡,,丰收遗迹,
lake-of-the-sunne,773,alola,Lac du Halo Solaire,,Sonnenkreis-See,,Lake of the Sunne,,にちりんのみずうみ,,일륜의 호수,,Lago Corosol,,Lago Solare,,日輪の湖,,Lago Corosol,,日輪湖,,日轮湖,
lake-of-the-moone,774,alola,Lac du Halo Lunaire,,Mondscheiben-See,,Lake of the Moone,,がちりんのみずうみ,,월륜의 호수,,Lago Coroluna,,Lago Lunare,,月輪の湖,,Lago Coroluna,,月輪湖,,月轮湖,
mount-lanakila,775,alola,Mont Lanakila,,Mount Lanakila,,Mount Lanakila,,ラナキラマウンテン,,라나키라마운틴,,Monte Lanakila,,Monte Lanakila,,ラナキラマウンテン,,Monte Lanakila,,拉納基拉山,,拉纳基拉山,
shady-house,776,alola,Manoir Chelou,,Lottervilla,,Shady House,,いかがわしきやしき,,수상한 저택,,Mansión Misteriosa,,Villa Losca,,いかがわしき屋敷,,Mansión Misteriosa,,可疑宅邸,,可疑宅邸,
thrifty-megamart--abandoned-site,777,alola,Bradley Prix,Site désaffecté,Schnäppchenparadies,Verlassener Laden,Thrifty Megamart,Abandoned Site,スーパー・メガやす,あとち,슈퍼・메가싸네,철거지,Súper Ultraganga,Local Abandonado,Supermarket Affaroni,Edificio Abbandonato,スーパー・メガやす,跡地,Súper Ultraganga,Local Abandonado,超值超市,舊址,超值超市,旧址
hokulani-observatory,778,alola,Observatoire,,Hokulani-Sternwarte,,Hokulani Observatory,,ホクラニてんもんだい,,호쿠라니천문대,,Observ. de Hokulani,,Osservatorio,,ホクラニ天文台,,Observ. de Hokulani,,輝克拉尼天文台,,辉克拉尼天文台,
alola-pokemon-league,779,alola,Ligue Pokémon,,Pokémon-Liga,,Pokémon League,,ポケモンリーグ,,포켓몬리그,,Liga Pokémon,,Lega Pokémon,,ポケモンリーグ,,Liga Pokémon,,寶可夢聯盟,,宝可梦联盟,
poni-meadow,780,alola,Jardin de Poni,,Poni-Blumenmeer,,Poni Meadow,,ポニのはなぞの,,포니 화원,,Jardines de Poni,,Prato Poni,,ポニの花園,,Jardines de Poni,,波尼花園,,波尼花园,
poni-wilds,781,alola,Prairie de Poni,,Wildnis von Poni,,Poni Wilds,,ポニのげんや,,포니들판,,Prado de Poni,,Piana di Poni,,ポニの原野,,Prado de Poni,,波尼原野,,波尼原野,
ancient-poni-path,782,alola,Vieille Route,,Alter Pfad von Poni,,Ancient Poni Path,,ポニのこどう,,포니옛길,,Antiguo Paso de Poni,,Via Antica di Poni,,ポニの古道,,Antiguo Paso de Poni,,波尼古道,,波尼古道,
poni-breaker-coast,783,alola,Récif de Poni,,Felsenküste von Poni,,Poni Breaker Coast,,ポニのあらいそ,,포니의 거친 해안,,Arrecife de Poni,,Scogliera di Poni,,ポニの荒磯,,Arrecife de Poni,,波尼鼓浪岩岸,,波尼鼓浪岩岸,
poni-grove,784,alola,Forêt de Poni,,Wald von Poni,,Poni Grove,,ポニのじゅりん,,포니수림,,Bosque de Poni,,Foresta di Poni,,ポニの樹林,,Bosque de Poni,,波尼樹林,,波尼树林,
poni-plains,785,alola,Plaine de Poni,,Ebene von Poni,,Poni Plains,,ポニのこうや,,포니광야,,Llanura de Poni,,Prateria di Poni,,ポニの広野,,Llanura de Poni,,波尼曠野,,波尼旷野,
poni-coast,786,alola,Côte de Poni,,Küste von Poni,,Poni Coast,,ポニのかいがん,,포니해안,,Costa de Poni,,Costa di Poni,,ポニの海岸,,Costa de Poni,,波尼海岸,,波尼海岸,
poni-gauntlet,787,alola,Chemin du Défi,,Beschwerlicher Pfad,,Poni Gauntlet,,ポニのけんろ,,포니험로,,Pendiente de Poni,,Erta di Poni,,ポニの険路,,Pendiente de Poni,,波尼險路,,波尼险路,
seafolk-village,788,alola,Village Flottant,,Dorf des Seevolkes,,Seafolk Village,,うみのたみのむら,,바다민족의 마을,,Aldea Marina,,Villaggio del Mare,,海の民の村,,Aldea Marina,,海洋居民之村,,海洋居民之村,
vast-poni-canyon,789,alola,Grand Canyon de Poni,,Canyon von Poni,,Vast Poni Canyon,,ポニのだいきょうこく,,포니대협곡,,Cañón de Poni,,Canyon di Poni,,ポニの大峡谷,,Cañón de Poni,,波尼大峽谷,,波尼大峡谷,
altar-of-the-sunne,790,alola,Autel du Soleil,,Sonnenkreis-Podium,,Altar of the Sunne,,にちりんのさいだん,,일륜의 제단,,Altar del Sol,,Altare Solare,,日輪の祭壇,,Altar del Sol,,日輪祭壇,,日轮祭坛,
altar-of-the-moone,791,alola,Autel de la Lune,,Mondscheiben-Podium,,Altar of the Moone,,がちりんのさいだん,,월륜의 제단,,Altar de la Luna,,Altare Lunare,,月輪の祭壇,,Altar de la Luna,,月輪祭壇,,月轮祭坛,
ruins-of-hope,792,alola,Ruines de l’Au-Delà,,Ruinen der Heimkehr,,Ruins of Hope,,ひがんのいせき,,피안의 유적,,Ruinas del Tránsito,,Tempio del Passaggio,,彼岸の遺跡,,Ruinas del Tránsito,,彼岸遺跡,,彼岸遗迹,
resolution-cave,793,alola,Caverne Coda,,Finalhöhle,,Resolution Cave,,エンドケイブ,,엔드케이브,,Gruta Desenlace,,Caverna Climax,,エンドケイブ,,Gruta Desenlace,,終結洞窟,,终结洞窟,
exeggutor-island,794,alola,Île Noadkoko,,Kokowei-Eiland,,Exeggutor Island,,ナッシー・アイランド,,나시・아일랜드,,Isla Exeggutor,,Isola Exeggutor,,ナッシー・アイランド,,Isla Exeggutor,,椰蛋樹島,,椰蛋树岛,
battle-tree,795,alola,Arbre de Combat,,Kampfbaum,,Battle Tree,,バトルツリー,,배틀트리,,Árbol de Combate,,Albero della Lotta,,バトルツリー,,Árbol de Combate,,對戰樹,,对战树,
aether-paradise,796,alola,Paradis Æther,,Æther-Paradies,,Aether Paradise,,エーテルパラダイス,,에테르파라다이스,,Paraíso Æther,,Æther Paradise,,エーテルパラダイス,,Paraíso Æther,,以太樂園,,以太乐园,
ultra-space,797,alola,Ultra-Dimension,,Ultradimension,,Ultra Space,,ウルトラスペース,,울트라스페이스,,Ultraespacio,,Ultramondo,,ウルトラスペース,,Ultraespacio,,究極空間,,究极空间,
malie-city--outer-cape,798,alola,Malié,Cap Passiloin,Malihe City,Kap am Stadtrand,Malie City,Outer Cape,マリエシティ,はずれのみさき,말리에시티,외곽해안가,Ciudad Malíe,Cabo de las Afueras,Malie,Promontorio di Malie,マリエシティ,はずれの岬,Ciudad Malíe,Cabo de las Afueras,馬利埃靜市,市郊海角,马利埃静市,市郊海角
roaming-kanto,799,kanto,Sillonnant Kanto,,Wandert durch Kanto,,Roaming Kanto,,,,,,,,,,,,,,,,,
roaming-johto,800,johto,Sillonnant Johto,,Wandert durch Johto,,Roaming Johto,,,,,,,,,,,,,,,,,
roaming-hoenn,801,hoenn,Sillonnant Hoenn,,Wandert durch Hoenn,,Roaming Hoenn,,,,,,,,,,,,,,,,,
roaming-sinnoh,802,sinnoh,Sillonnant Sinnoh,,Wandert durch Sinnoh,,Roaming Sinnoh,,,,,,,,,,,,,,,,,
terra-cave,803,hoenn,Grotte Terra,,Terrahöhle,,Terra Cave,,,,,,,,,,,,,,,,,
marine-cave,804,hoenn,Grotte Marine,,Ozeanhöhle,,Marine Cave,,,,,,,,,,,,,,,,,
two-island,805,kanto,Île 2,,Eiland Zwei,,Two Island,,,,,,,,,,,,,,,,,
three-island,806,kanto,Île 3,,Eiland Drei,,Three Island,,,,,,,,,,,,,,,,,
three-isle-path,807,kanto,Route Île 3,,Tri-Eiland-Pfad,,Three Isle Path,,,,,,,,,,,,,,,,,
six-island,808,kanto,Île 6,,Eiland Sechs,,Six Island,,,,,,,,,,,,,,,,,
seven-island,809,kanto,Île 7,,Eiland Sieben,,Seven Island,,,,,,,,,,,,,,,,,
birth-island,810,kanto,Île Aurore,,Entstehungsinsel,,Birth Island,,,,,,,,,,,,,,,,,
navel-rock,811,kanto,Roc Nombri,,Nabelfels,,Navel Rock,,,,,,,,,,,,,,,,,
faraway-island,812,hoenn,Île lointaine,,Ferneiland,,Faraway Island,,,,,,,,,,,,,,,,,
hoenn-battle-frontier,813,hoenn,Zone de Combat,,Kampfzone (Hoenn),,Hoenn Battle Frontier,,,,,,,,,,,,,,,,,
johto-safari-zone,814,johto,Parc Safari,,Safari-Zone (Johto),,Johto Safari Zone,,,,,,,,,,,,,,,,,
cabo-poco,815,paldea,Cuchalaga,,Cucharico,,Cabo Poco,,,,,,,,,,,,,,,,,
los-platos,816,paldea,Plato Real,,Pratolido,,Los Platos,,,,,,,,,,,,,,,,,
mesagoza,817,paldea,Mesaledo,,Mesalona City,,Mesagoza,,,,,,,,,,,,,,,,,
cortondo,818,paldea,Sevaro,,Moldrid,,Cortondo,,,,,,,,,,,,,,,,,
alfornada,819,paldea,Alforneira,,Asarilla,,Alfornada,,,,,,,,,,,,,,,,,
pokemon-league,820,paldea,Ligue Pokémon,,Pokémon-Liga,,Pokémon League,,,,,,,,,,,,,,,,,
artazon,821,paldea,Cuencia,,Bolardin,,Artazon,,,,,,,,,,,,,,,,,
levincia,822,paldea,Levalendura,,Fermanca City,,Levincia,,,,,,,,,,,,,,,,,
zapapico,823,paldea,Pinchoria,,Pinchores,,Zapapico,,,,,,,,,,,,,,,,,
cascarrafa,824,paldea,Jarramanca,,Garrafosa City,,Cascarrafa,,,,,,,,,,,,,,,,,
porto-marinada,825,paldea,Porto Marinada,,Puerto Marinedo,,Porto Marinada,,,,,,,,,,,,,,,,,
medali,826,paldea,Mezclamora,,Mesclarra,,Medali,,,,,,,,,,,,,,,,,
montenevera,827,paldea,Frigao,,Frigomonta,,Montenevera,,,,,,,,,,,,,,,,,
paldea-south-province-area-one,828,paldea,Zone Sud n° 1,,Südliche Zone 1,,South Province (Area One),,,,,,,,,,,,,,,,,
paldea-south-province-area-two,829,paldea,Zone Sud n° 2,,Südliche Zone 2,,South Province (Area Two),,,,,,,,,,,,,,,,,
paldea-south-province-area-three,830,paldea,Zone Sud n° 3,,Südliche Zone 3,,South Province (Area Three),,,,,,,,,,,,,,,,,
paldea-south-province-area-four,831,paldea,Zone Sud n° 4,,Südliche Zone 4,,South Province (Area Four),,,,,,,,,,,,,,,,,
paldea-south-province-area-five,832,paldea,Zone Sud n° 5,,Südliche Zone 5,,South Province (Area Five),,,,,,,,,,,,,,,,,
paldea-south-province-area-six,833,paldea,Zone Sud n°6,,Südliche Zone 6,,South Province (Area Six),,,,,,,,,,,,,,,,,
south-paldean-sea,834,paldea,Mer du Sud de Paldea,,Südliches Meer von Paldea,,South Paldean Sea,,,,,,,,,,,,,,,,,
poco-path,835,paldea,Route de Cuchalaga,,Cucharico-Pfad,,Poco Path,,,,,,,,,,,,,,,,,
inlet-grotto,836,paldea,Caverne de la Crique,,Meeresbuchthöhle,,Inlet Grotto,,,,,,,,,,,,,,,,,
naranja-academy,837,paldea,Académie Orange,,Orangen-Akademie,,Naranja Academy,,,,,,,,,,,,,,,,,
alfornada-cavern,838,paldea,Grotte d'Alforneira,,Asarilla-Grotte,,Alfornada Cavern,,,,,,,,,,,,,,,,,
grasswither-shrine,839,paldea,Sanctuaire du Bois Mourant,,Schrein des modrigen Holzes,,Grasswither Shrine,,,,,,,,,,,,,,,,,
paldea-east-province-area-one,840,paldea,Zone Est n° 1,,Östliche Zone 1,,East Province (Area One),,,,,,,,,,,,,,,,,
paldea-east-province-area-two,841,paldea,Zone Est n° 2,,Östliche Zone 2,,East Province (Area Two),,,,,,,,,,,,,,,,,
paldea-east-province-area-three,842,paldea,Zone Est n° 3,,Östliche Zone 3,,East Province (Area Three),,,,,,,,,,,,,,,,,
east-paldean-sea,843,paldea,Mer de l'Est de Paldea,,Östliches Meer von Paldea,,East Paldean Sea,,,,,,,,,,,,,,,,,
tagtree-thicket,844,paldea,Bosquet Tagué,,Schmierhain,,Tagtree Thicket,,,,,,,,,,,,,,,,,
schedar-squads-base,845,paldea,Repaire du Groupe Schedar,,Versteck der Schedir-Bande,,Schedar Squad's Base,,,,,,,,,,,,,,,,,
navi-squads-base,846,paldea,Repaire du Groupe Tsih,,Versteck der Tsih-Bande,,Navi Squad's Base,,,,,,,,,,,,,,,,,
paldea-west-province-area-one,847,paldea,Zone Ouest n° 1,,Westliche Zone 1,,West Province (Area One),,,,,,,,,,,,,,,,,
paldea-west-province-area-two,848,paldea,Zone Ouest n° 2,,Westliche Zone 2,,West Province (Area Two),,,,,,,,,,,,,,,,,
paldea-west-province-area-three,849,paldea,Zone Ouest n° 3,,Westliche Zone 3,,West Province (Area Three),,,,,,,,,,,,,,,,,
asado-desert,850,paldea,Désert Rôtissable,,Brutzelwüste,,Asado Desert,,,,,,,,,,,,,,,,,
west-paldean-sea,851,paldea,Mer de l'Ouest de Paldea,,Westliches Meer von Paldea,,West Paldean Sea,,,,,,,,,,,,,,,,,
segin-squads-base,852,paldea,Repaire du Groupe Segin,,Versteck der Segin-Bande,,Segin Squad's Base,,,,,,,,,,,,,,,,,
icerend-shrine,853,paldea,Sanctuaire du Froid Cruel,,Schrein des entzweiten Eises,,Icerend Shrine,,,,,,,,,,,,,,,,,
paldea-north-province-area-one,854,paldea,Zone Nord n° 1,,Nördliche Zone 1,,North Province (Area One),,,,,,,,,,,,,,,,,
paldea-north-province-area-two,855,paldea,Zone Nord n° 2,,Nördliche Zone 2,,North Province (Area Two),,,,,,,,,,,,,,,,,
paldea-north-province-area-three,856,paldea,Zone Nord n° 3,,Nördliche Zone 3,,North Province (Area Three),,,,,,,,,,,,,,,,,
casseroya-lake,857,paldea,Lac Asrol,,Caldero-See,,Casseroya Lake,,,,,,,,,,,,,,,,,
dalizapa-passage,858,paldea,Tunnel Mezcla-Pincho,,Mesclores-Passage,,Dalizapa Passage,,,,,,,,,,,,,,,,,
glaseado-mountain,859,paldea,Mont Nappé,,Montanata,,Glaseado Mountain,,,,,,,,,,,,,,,,,
socarrat-trail,860,paldea,Forêt Toastée,,Knusperwaldweg,,Socarrat Trail,,,,,,,,,,,,,,,,,
groundblight-shrine,861,paldea,Sanctuaire du Sol Corrompu,,Schrein der unreinen Erde,,Groundblight Shrine,,,,,,,,,,,,,,,,,
firescourge-shrine,862,paldea,Sanctuaire du Feu Ravageur,,Schrein der finsteren Flamme,,Firescourge Shrine,,,,,,,,,,,,,,,,,
north-paldean-sea,863,paldea,Mer du Nord de Paldea,,Nördliches Meer von Paldea,,North Paldean Sea,,,,,,,,,,,,,,,,,
ruchbah-squads-base,864,paldea,Repaire du Groupe Ruchbah,,Versteck der Rukbat-Bande,,Ruchbah Squad's Base,,,,,,,,,,,,,,,,,
caph-squads-base,865,paldea,Repaire du Groupe Caph,,Versteck der Caph-Bamde,,Caph Squad's Base,,,,,,,,,,,,,,,,,
area-zero,866,paldea,Zone Zéro,,Zone Null,,Area Zero,,,,,,,,,,,,,,,,,
zero-lab,867,paldea,Laboratoire Zéro,,Labor Null,,Zero Lab,,,,,,,,,,,,,,,,,
galar-route-1,868,galar,Route 1,,Route 1,,Route 1,,,,,,,,,,,,,,,,,
galar-route-2,869,galar,Route 2,,Route 2,,Route 2,,,,,,,,,,,,,,,,,
galar-route-3,870,galar,Route 3,,Route 3,,Route 3,,,,,,,,,,,,,,,,,
galar-route-4,871,galar,Route 4,,Route 4,,Route 4,,,,,,,,,,,,,,,,,
galar-route-5,872,galar,Route 5,,Route 5,,Route 5,,,,,,,,,,,,,,,,,
galar-route-6,873,galar,Route 6,,Route 6,,Route 6,,,,,,,,,,,,,,,,,
galar-route-7,874,galar,Route 7,,Route 7,,Route 7,,,,,,,,,,,,,,,,,
galar-route-8,875,galar,Route 8,,Route 8,,Route 8,,,,,,,,,,,,,,,,,
galar-route-9,876,galar,Route 9,,Route 9,,Route 9,,,,,,,,,,,,,,,,,
galar-route-10,877,galar,Route 10,,Route 10,,Route 10,,,,,,,,,,,,,,,,,
axews-eye,878,galar,Œil du Lac,,Milza-See (Auge),,Axew's Eye,,,,,,,,,,,,,,,,,
ballimere-lake,879,galar,Lac Poké Ball,,Ballsee-Ufer,,Ballimere Lake,,,,,,,,,,,,,,,,,
ballonlea,880,galar,Corrifey,,Fairballey,,Ballonlea,,,,,,,,,,,,,,,,,
galar-battle-tower,881,galar,Tour de Combat,,Duellturm,,Battle Tower,,,,,,,,,,,,,,,,,
brawlers-cave,882,galar,Grotte du Pugilat,,Kämpfergrotte,,Brawlers' Cave,,,,,,,,,,,,,,,,,
bridge-field,883,galar,Prairie Entre-Ponts,,Brückental,,Bridge Field,,,,,,,,,,,,,,,,,
challenge-beach,884,galar,Plage de l'Épreuve,,Strand der Prüfung,,Challenge Beach,,,,,,,,,,,,,,,,,
challenge-road,885,galar,Route de l'Épreuve,,Pfad der Prüfung,,Challenge Road,,,,,,,,,,,,,,,,,
circhester,886,galar,Ludester,,Circhester,,Circhester,,,,,,,,,,,,,,,,,
courageous-cavern,887,galar,Caverne Pugnacité,,Tapferkeitshöhle,,Courageous Cavern,,,,,,,,,,,,,,,,,
crown-shrine,888,galar,Temple Couronne,,Kronentempel,,Crown Shrine,,,,,,,,,,,,,,,,,
dappled-grove,889,galar,Bois de Clairjour,,Wipfelscheinwald,,Dappled Grove,,,,,,,,,,,,,,,,,
dusty-bowl,890,galar,Fosse des Sables,,Sandsturmkessel,,Dusty Bowl,,,,,,,,,,,,,,,,,
dyna-tree-hill,891,galar,Butte du Dynarbre,,Hügel des Dyna-Baums,,Dyna Tree Hill,,,,,,,,,,,,,,,,,
east-lake-axewell,892,galar,Lac Coupenotte Est,,Milza-See (Osten),,East Lake Axewell,,,,,,,,,,,,,,,,,
fields-of-honor,893,galar,Plaine Salutation,,Grußgefilde,,Fields of Honor,,,,,,,,,,,,,,,,,
forest-of-focus,894,galar,Forêt Flexion,,Fokusforst,,Forest of Focus,,,,,,,,,,,,,,,,,
freezington,895,galar,Hameau Gelé,,Freezedale,,Freezington,,,,,,,,,,,,,,,,,
frigid-sea,896,galar,Mer Banquise,,Schollenmeer,,Frigid Sea,,,,,,,,,,,,,,,,,
frostpoint-field,897,galar,Plaine Granfroy,,Frostfeld,,Frostpoint Field,,,,,,,,,,,,,,,,,
galar-mine,898,galar,Mine de Galar,,Galar-Mine,,Galar Mine,,,,,,,,,,,,,,,,,
galar-mine-no-2,899,galar,Mine de Galar n° 2,,Galar-Mine 2,,Galar Mine No. 2,,,,,,,,,,,,,,,,,
giants-bed,900,galar,Repos du Géant,,Bett des Giganten,,Giant's Bed,,,,,,,,,,,,,,,,,
giants-foot,901,galar,Empreinte du Géant,,Sohle des Giganten,,Giant's Foot,,,,,,,,,,,,,,,,,
giants-mirror,902,galar,Miroir du Géant,,Spiegel des Giganten,,Giant's Mirror,,,,,,,,,,,,,,,,,
giants-seat,903,galar,Siège du Géant,,Sitz des Giganten,,Giant's Seat,,,,,,,,,,,,,,,,,
glimwood-tangle,904,galar,Forêt de Lumirinth,,Wirrschein-Wald,,Glimwood Tangle,,,,,,,,,,,,,,,,,
hammerlocke,905,galar,Kickenham,,Claw City,,Hammerlocke,,,,,,,,,,,,,,,,,
hammerlocke-hills,906,galar,Plateau de Kickenham,,Claw-Plateau,,Hammerlocke Hills,,,,,,,,,,,,,,,,,
honeycalm-island,907,galar,Îlot Calméole,,Wabeninsel,,Honeycalm Island,,,,,,,,,,,,,,,,,
honeycalm-sea,908,galar,Mer Calméole,,Wabenmeer,,Honeycalm Sea,,,,,,,,,,,,,,,,,
hulbury,909,galar,Skifford,,Keelton,,Hulbury,,,,,,,,,,,,,,,,,
galar-iceberg-ruins,910,galar,Ruines Iceberg,,Eisberg-Ruinen,,Iceberg Ruins,,,,,,,,,,,,,,,,,
insular-sea,911,galar,Mer Isol'Îlots,,Fernarchipel,,Insular Sea,,,,,,,,,,,,,,,,,
galar-iron-ruins,912,galar,Ruines de Fer,,Eisen-Ruinen,,Iron Ruins,,,,,,,,,,,,,,,,,
lake-of-outrage,913,galar,Lac Ouragan,,Wutanfall-See,,Lake of Outrage,,,,,,,,,,,,,,,,,
lakeside-cave,914,galar,Grotte du Lac,,Ballsee-Höhle,,Lakeside Cave,,,,,,,,,,,,,,,,,
loop-lagoon,915,galar,Lagune Circulaire,,Ringbucht,,Loop Lagoon,,,,,,,,,,,,,,,,,
master-dojo,916,galar,Dojo de la Maîtrise,,Master-Dojo,,Master Dojo,,,,,,,,,,,,,,,,,
max-lair,917,galar,Grand Antre Dynamax,,Dyna-Riesennest,,Max Lair,,,,,,,,,,,,,,,,,
motostoke,918,galar,Motorby,,Engine City,,Motostoke,,,,,,,,,,,,,,,,,
motostoke-outskirts,919,galar,Abords de Motorby,,Engine-Ortsrand,,Motostoke Outskirts,,,,,,,,,,,,,,,,,
motostoke-riverbank,920,galar,Berges de Motorby,,Engine-Flussufer,,Motostoke Riverbank,,,,,,,,,,,,,,,,,
north-lake-miloch,921,galar,Lac Milobellus Nord,,Milotic-See (Norden),,North Lake Miloch,,,,,,,,,,,,,,,,,
old-cemetery,922,galar,Cimetière Ancien,,Uralter Friedhof,,Old Cemetery,,,,,,,,,,,,,,,,,
path-to-the-peak,923,galar,Sentier Blanche-Cime,,Schneegipfelpfad,,Path to the Peak,,,,,,,,,,,,,,,,,
postwick,924,galar,Paddoxton,,Furlongham,,Postwick,,,,,,,,,,,,,,,,,
potbottom-desert,925,galar,Sables de Kudsac,,Wüstensenke,,Potbottom Desert,,,,,,,,,,,,,,,,,
roaring-sea-caves,926,galar,Cavernes Gronde-Mer,,Rauschende Höhlen,,Roaring-Sea Caves,,,,,,,,,,,,,,,,,
galar-rock-peak-ruins,927,galar,Ruines Pic Roche,,Gipfelruinen,,Rock Peak Ruins,,,,,,,,,,,,,,,,,
rolling-fields,928,galar,Plaine Verdoyante,,Wonnewiesen,,Rolling Fields,,,,,,,,,,,,,,,,,
slippery-slope,929,galar,Plateau Beau-Gant,,Schlitterfeld,,Slippery Slope,,,,,,,,,,,,,,,,,
slumbering-weald,930,galar,Forêt de Sleepwood,,Schlummerwald,,Slumbering Weald,,,,,,,,,,,,,,,,,
snowslide-slope,931,galar,Pente Enneigée,,Schneeschlucht,,Snowslide Slope,,,,,,,,,,,,,,,,,
soothing-wetlands,932,galar,Lande Boldair,,Balsamsumpf,,Soothing Wetlands,,,,,,,,,,,,,,,,,
south-lake-miloch,933,galar,Lac Milobellus Sud,,Milotic-See (Süden),,South Lake Miloch,,,,,,,,,,,,,,,,,
spikemuth,934,galar,Smashings,,Spikeford,,Spikemuth,,,,,,,,,,,,,,,,,
split-decision-ruins,935,galar,Ruines du Choix,,Zwiespaltruinen,,Split-Decision Ruins,,,,,,,,,,,,,,,,,
steamdrift-way,936,galar,Route 8,,Route 8,,Route 8,,,,,,,,,,,,,,,,,
stepping-stone-sea,937,galar,Mer Align'Îlots,,Inselkettenmeer,,Stepping-Stone Sea,,,,,,,,,,,,,,,,,
stony-wilderness,938,galar,Plaine Rocheuse,,Megalithen-Ebene,,Stony Wilderness,,,,,,,,,,,,,,,,,
stow-on-side,939,galar,Old Chister,,Passbeck,,Stow-on-Side,,,,,,,,,,,,,,,,,
three-point-pass,940,galar,Croisée Trois-Voies,,Dreiwegpass,,Three-Point Pass,,,,,,,,,,,,,,,,,
tower-of-darkness,941,galar,Tour des Ténèbres,,Turm des Unlichts,,Tower of Darkness,,,,,,,,,,,,,,,,,
tower-of-waters,942,galar,Tour de l'Eau,,Turm des Wassers,,Tower of Waters,,,,,,,,,,,,,,,,,
training-lowlands,943,galar,Plaine des Efforts,,Fleißebene,,Training Lowlands,,,,,,,,,,,,,,,,,
tunnel-to-the-top,944,galar,Galeries Monte-Pic,,Aufstiegstunnel,,Tunnel to the Top,,,,,,,,,,,,,,,,,
turffield,945,galar,Greenbury,,Turffield,,Turffield,,,,,,,,,,,,,,,,,
warm-up-tunnel,946,galar,Voie des Étirements,,Aufwärmtunnel,,Warm-Up Tunnel,,,,,,,,,,,,,,,,,
watchtower-ruins,947,galar,Tour en ruines,,Wachturmruine,,Watchtower Ruins,,,,,,,,,,,,,,,,,
wedgehurst,948,galar,Brasswick,,Brassbury,,Wedgehurst,,,,,,,,,,,,,,,,,
west-lake-axewell,949,galar,Lac Coupenotte Ouest,,Milza-See (Westen),,West Lake Axewell,,,,,,,,,,,,,,,,,
workout-sea,950,galar,Mer Eau-Hisse,,Fitnessmeer,,Workout Sea,,,,,,,,,,,,,,,,,
wyndon,951,galar,Winscor,,Score City,,Wyndon,,,,,,,,,,,,,,,,,
aipom-hill,952,hisui,Mont des Capumain,,Griffel-Hügel,,Aipom Hill,,,,,,,,,,,,,,,,,
ancient-quarry,953,hisui,Ancienne Carrière,,Uralter Steinbruch,,Ancient Quarry,,,,,,,,,,,,,,,,,
arenas-approach,954,hisui,Sentier de l'Arène,,Pfad zum Kampffeld,,Arena's Approach,,,,,,,,,,,,,,,,,
aspiration-hill,955,hisui,Colline Ambition,,Ambitionshügel,,Aspiration Hill,,,,,,,,,,,,,,,,,
avalanche-slopes,956,hisui,Pente de l'Avalanche,,Lawinenhügel,,Avalanche Slopes,,,,,,,,,,,,,,,,,
avaluggs-legacy,957,hisui,Glacier Séracrawl,,Arktilas-Eisblock,,Avalugg's Legacy,,,,,,,,,,,,,,,,,
bathers-lagoon,958,hisui,Lagune des Bains,,Badelagune,,Bathers' Lagoon,,,,,,,,,,,,,,,,,
bolderoll-ravine,959,hisui,Mont des Gringoles,,Geröllberge,,Bolderoll Ravine,,,,,,,,,,,,,,,,,
bolderoll-slope,960,hisui,Pente des Gringoles,,Geröllhügel,,Bolderoll Slope,,,,,,,,,,,,,,,,,
bonechill-wastes,961,hisui,Étendue Polaire,,Eisige Ödnis,,Bonechill Wastes,,,,,,,,,,,,,,,,,
brava-arena,962,hisui,Arène du Théâtre,,Bühnenkampffeld,,Brava Arena,,,,,,,,,,,,,,,,,
castaway-shore,963,hisui,Plage de l'Errance,,Küste der Verirrten,,Castaway Shore,,,,,,,,,,,,,,,,,
celestica-ruins,964,hisui,Temple Céleste,,Elysien-Tempelruinen,,Celestica Ruins,,,,,,,,,,,,,,,,,
celestica-trail,965,hisui,Sentier Céleste,,Elysien-Bergpfad,,Celestica Trail,,,,,,,,,,,,,,,,,
clamberclaw-cliffs,966,hisui,Falaise Cascade,,Kletterklippe,,Clamberclaw Cliffs,,,,,,,,,,,,,,,,,
cloudcap-pass,967,hisui,Passage des Nuages,,Gipfelschwadentunnel,,Cloudcap Pass,,,,,,,,,,,,,,,,,
cloudpool-ridge,968,hisui,Col Mer-de-Nuages,,Wolkenmeerkamm,,Cloudpool Ridge,,,,,,,,,,,,,,,,,
coastlands-camp,969,hisui,Bivouac Côtier,,Küstenlandbasis,,Coastlands Base Camp,,,,,,,,,,,,,,,,,
cottonsedge-prairie,970,hisui,Lande Herbacoton,,Wollgraswiese,,Cottonsedge Prairie,,,,,,,,,,,,,,,,,
crossing-slope,971,hisui,Coteau du Passage,,Übergangshang,,Crossing Slope,,,,,,,,,,,,,,,,,
deadwood-haunt,972,hisui,Rive des Revenants,,Schauriger Welkwald,,Deadwood Haunt,,,,,,,,,,,,,,,,,
deertrack-heights,973,hisui,Plateau Cer-Mont,,Geweihanhöhe,,Deertrack Heights,,,,,,,,,,,,,,,,,
deertrack-path,974,hisui,Sentier Cer-Mont,,Geweihbergweg,,Deertrack Path,,,,,,,,,,,,,,,,,
diamond-heath,975,hisui,Lisière du Hameau,,Diamant-Ebene,,Diamond Heath,,,,,,,,,,,,,,,,,
diamond-settlement,976,hisui,Hameau Diamant,,Diamant-Siedlung,,Diamond Settlement,,,,,,,,,,,,,,,,,
droning-meadow,977,hisui,Champ Bourdonne,,Surrende Felder,,Droning Meadow,,,,,,,,,,,,,,,,,
fabled-spring,978,hisui,Source Féérique,,Feenweiher,,Fabled Spring,,,,,,,,,,,,,,,,,
firespit-island,979,hisui,Île Crache-Feu,,Feuerspei-Insel,,Firespit Island,,,,,,,,,,,,,,,,,
floaro-gardens,980,hisui,Champ Flora,,Flora-Rodefläche,,Floaro Gardens,,,,,,,,,,,,,,,,,
gapejaw-bog,981,hisui,Marais Bouchebée,,Großmaulmoor,,Gapejaw Bog,,,,,,,,,,,,,,,,,
ginkgo-landing,982,hisui,Place Ginkgo,,Ginkgo-Strand,,Ginkgo Landing,,,,,,,,,,,,,,,,,
glacier-terrace,983,hisui,Terrasse du Glacier,,Gletscherstufen,,Glacier Terrace,,,,,,,,,,,,,,,,,
golden-lowlands,984,hisui,Plaine d'Or,,Güldene Felder,,Golden Lowlands,,,,,,,,,,,,,,,,,
grandtree-arena,985,hisui,Arène du Grand Arbre,,Baumriesenkampffeld,,Grandtree Arena,,,,,,,,,,,,,,,,,
grueling-grove,986,hisui,Bocage Agité,,Strapazenhain,,Grueling Grove,,,,,,,,,,,,,,,,,
hearts-crag,987,hisui,Rocher Esprit,,Geistesfelsen,,Heart's Crag,,,,,,,,,,,,,,,,,
heavenward-lookout,988,hisui,Hauts de l'Humilité,,Sakralplateau,,Heavenward Lookout,,,,,,,,,,,,,,,,,
heights-camp,989,hisui,Bivouac de la Friche,,Anhöhenbasis,,Heights Base Camp,,,,,,,,,,,,,,,,,
hideaway-bay,990,hisui,Crique Paisible,,Versteckte Bucht,,Hideaway Bay,,,,,,,,,,,,,,,,,
holm-of-trials,991,hisui,Île de l’Épreuve,,Prüfungsbarre,,Holm of Trials,,,,,,,,,,,,,,,,,
horseshoe-plains,992,hisui,Val Ferrache,,Hufeisenwiesen,,Horseshoe Plains,,,,,,,,,,,,,,,,,
ice-column-chamber,993,hisui,Chambre des Piliers,,Eissäulenkammer,,Ice Column Chamber,,,,,,,,,,,,,,,,,
icebound-falls,994,hisui,Chute d'Oglacé,,Firnfälle,,Icebound Falls,,,,,,,,,,,,,,,,,
icepeak-arena,995,hisui,Arène de l'Iceberg,,Eisgipfelkampffeld,,Icepeak Arena,,,,,,,,,,,,,,,,,
icepeak-cavern,996,hisui,Souterrain de Givre,,Eisgipfelhöhle,,Icepeak Cavern,,,,,,,,,,,,,,,,,
islespy-shore,997,hisui,Plage Long-des-Îles,,Inselblickufer,,Islespy Shore,,,,,,,,,,,,,,,,,
jubilife-village,998,hisui,Rusti-Cité,,Jubeldorf,,Jubilife Village,,,,,,,,,,,,,,,,,
hisui-lake-acuity,999,hisui,Lac Savoir,,See der Stärke,,Lake Acuity,,,,,,,,,,,,,,,,,
hisui-lake-valor,1000,hisui,Lac Courage,,See der Kühnheit,,Lake Valor,,,,,,,,,,,,,,,,,
hisui-lake-verity,1001,hisui,Lac Vérité,,See der Wahrheit,,Lake Verity,,,,,,,,,,,,,,,,,
lonely-spring,1002,hisui,Source Reculée,,Einsame Quelle,,Lonely Spring,,,,,,,,,,,,,,,,,
lunkers-lair,1003,hisui,Arche Poissigrand,,Großfischfelsen,,Lunker's Lair,,,,,,,,,,,,,,,,,
molten-arena,1004,hisui,Arène de la Lave,,Lavakampffeld,,Molten Arena,,,,,,,,,,,,,,,,,
moonview-arena,1005,hisui,Arène de la Lune,,Mondgrußkampffeld,,Moonview Arena,,,,,,,,,,,,,,,,,
natures-pantry,1006,hisui,Cellier Champêtre,,Waldesküche,,Nature's Pantry,,,,,,,,,,,,,,,,,
obsidian-falls,1007,hisui,Chute d'Obsidienne,,Obsidian-Wasserfall,,Obsidian Falls,,,,,,,,,,,,,,,,,
oreburrow-tunnel,1008,hisui,Tunnel de Fer,,Erztunnel,,Oreburrow Tunnel,,,,,,,,,,,,,,,,,
pearl-settlement,1009,hisui,Hameau Perle,,Perl-Siedlung,,Pearl Settlement,,,,,,,,,,,,,,,,,
primeval-grotto,1010,hisui,Grotte Préhistorique,,Urzeitliche Höhle,,Primeval Grotto,,,,,,,,,,,,,,,,,
ramanas-island,1011,hisui,Île Rosa Rugosa,,Hamanasu-Insel,,Ramanas Island,,,,,,,,,,,,,,,,,
sacred-plaza,1012,hisui,Parvis des Prières,,Platz der Huldigung,,Sacred Plaza,,,,,,,,,,,,,,,,,
sands-reach,1013,hisui,Main de Sable,,Sandfinger,,Sand's Reach,,,,,,,,,,,,,,,,,
sandgem-flats,1014,hisui,Plaine Littorella,,Sandgemmenheide,,Sandgem Flats,,,,,,,,,,,,,,,,,
scarlet-bog,1015,hisui,Marais Carlate,,Purpurrotes Moor,,Scarlet Bog,,,,,,,,,,,,,,,,,
seagrass-haven,1016,hisui,Havre des Algues,,Seegrasidyll,,Seagrass Haven,,,,,,,,,,,,,,,,,
seaside-hollow,1017,hisui,Creux du Cap,,Kleine Meeresgrotte,,Seaside Hollow,,,,,,,,,,,,,,,,,
shrouded-ruins,1018,hisui,Ruines Brumeuses,,Nebelruinen,,Shrouded Ruins,,,,,,,,,,,,,,,,,
sludge-mound,1019,hisui,Plateau Tourbeux,,Schlammplateau,,Sludge Mound,,,,,,,,,,,,,,,,,
snowfall-hot-spring,1020,hisui,Source Panora-Neige,,Schneeblicktherme,,Snowfall Hot Spring,,,,,,,,,,,,,,,,,
hisui-snowpoint-temple,1021,hisui,Temple de Frimapic,,Blizzach-Tempel,,Snowpoint Temple,,,,,,,,,,,,,,,,,
hisui-solaceon-ruins,1022,hisui,Ruines de Bonville,,Trostu-Ruinen,,Solaceon Ruins,,,,,,,,,,,,,,,,,
sonorous-path,1023,hisui,Sentier des Pèlerins,,Pilgerpfad,,Sonorous Path,,,,,,,,,,,,,,,,,
space-time-distortion,1024,hisui,Distorsion Spatio-Temporelle,,Raum-Zeit-Verzerrung,,Space-time distortion,,,,,,,,,,,,,,,,,
hisui-spring-path,1025,hisui,Chemin de la Source,,Quellenpfad,,Spring Path,,,,,,,,,,,,,,,,,
stonetooth-rows,1026,hisui,Col Pierlevé,,Steinplattenpass,,Stonetooth Rows,,,,,,,,,,,,,,,,,
temple-of-sinnoh,1027,hisui,Temple de Sinnoh,,Sinnoh-Tempel,,Temple of Sinnoh,,,,,,,,,,,,,,,,,
the-heartwood,1028,hisui,Forêt Lointaine,,Innerwald,,The Heartwood,,,,,,,,,,,,,,,,,
tidewater-dam,1029,hisui,Digue de l'Estuaire,,Mündungsdamm,,Tidewater Dam,,,,,,,,,,,,,,,,,
tombolo-walk,1030,hisui,Presqu'île Tombolo,,Tombolo-Weg,,Tombolo Walk,,,,,,,,,,,,,,,,,
tranquility-cove,1031,hisui,Baie Sérénité,,Stilles Binnenmeer,,Tranquility Cove,,,,,,,,,,,,,,,,,
hisui-turnback-cave,1032,hisui,Grotte du Retour,,Höhle der Umkehr,,Turnback Cave,,,,,,,,,,,,,,,,,
ursas-ring,1033,hisui,Arène Ursa,,Prankenplatz,,Ursa's Ring,,,,,,,,,,,,,,,,,
veilstone-cape,1034,hisui,Cap du Voile,,Schleierkap,,Veilstone Cape,,,,,,,,,,,,,,,,,
hisui-wayward-cave,1035,hisui,Grotte des Égarés,,Bizarre Höhle,,Wayward Cave,,,,,,,,,,,,,,,,,
wayward-wood,1036,hisui,Forêt des Égarés,,Wirrwald,,Wayward Wood,,,,,,,,,,,,,,,,,
whiteout-valley,1037,hisui,Vallée Enneigée,,Blizzardtal,,Whiteout Valley,,,,,,,,,,,,,,,,,
windbreak-stand,1038,hisui,Bois Brise-Vent,,Windbruchwald,,Windbreak Stand,,,,,,,,,,,,,,,,,
windswept-run,1039,hisui,Rive Filevent,,Windpassage,,Windswept Run,,,,,,,,,,,,,,,,,
worn-bridge,1040,hisui,Pont Rocheux,,Felsenbrücke,,Worn Bridge,,,,,,,,,,,,,,,,,
giants-cap,1041,galar,Coiffe du Géant,,Hut des Giganten,,Giant's Cap,,,,,,,,,,,,,,,,,
hauoli-city,1042,alola,Ekaeka,,Hauholi City,,Hau'oli City,,,,,,,,,,,,,,,,,
verdant-cavern,1043,alola,Grotte Verdoyante,,Vegetationshöhle,,Verdant Cavern,,,,,,,,,,,,,,,,,
thrifty-megamart,1044,alola,Rue du Dôme Royal,,Avenue Royale,,Royal Avenue,,,,,,,,,,,,,,,,,
malie-city,1045,alola,Malié,,Malihe City,,Malie City,,,,,,,,,,,,,,,,,
dividing-peak-tunnel,1046,alola,Tunnel Perce-Mont,,Spaltberg-Tunnel,,Dividing Peak Tunnel,,,,,,,,,,,,,,,,,
heahea-beach,1047,alola,Plage d'Ho'ohale,,Kantai-Strand,,Heahea Beach,,,,,,,,,,,,,,,,,
sandy-cave,1048,alola,Grotte de la Plage,,Sandhöhle,,Sandy Cave,,,,,,,,,,,,,,,,,
ulaula-beach,1049,alola,Plage d'Ula-Ula,,Strand von Ula-Ula,,Ula'ula Beach,,,,,,,,,,,,,,,,,
ultra-megalopolis,1050,alola,Ultra-Mégalopole,,Ultrametropolis,,Ultra Megalopolis,,,,,,,,,,,,,,,,,
ultra-space-wilds,1051,alola,Ultra-Dimension Zéro,,Ultradimension Zero,,Ultra Space Wilds,,,,,,,,,,,,,,,,,
poke-pelago,1052,alola,Poké Loisir,,Pokémon-Resort,,Poké Pelago,,,,,,,,,,,,,,,,,
team-rockets-castle,1053,alola,Château Rocket,,Rocket-Schloss,,Team Rocket's Castle,,,,,,,,,,,,,,,,,
roaming-unova,1054,unova,Unys (Sillonnant),,Einall (wandernd),,Unova (Roaming),,,,,,,,,,,,,,,,,
mossdeep-space-center,1055,hoenn,Centre Spatial d'Algatia,,Moosbach City Raumfahrtzentrum,,Mossdeep Space Center,,,,,,,,,,,,,,,,,
roaming-kalos,1056,kalos,Kalos (Sillonnant),,Kalos (wandernd),,Kalos (Roaming),,,,,,,,,,,,,,,,,
uva-academy,1057,paldea,Académie Raisin,,Trauben-Akademie,,Uva Academy,,,,,,,,,,,,,,,,,
apple-hills,1058,paldea,Coteau Pommes,,Apfelhügel,,Apple Hills,,,,,,,,,,,,,,,,,
chilling-waterhead,1059,paldea,Grotte Douche Froide,,Kaltwasserkarst,,Chilling Waterhead,,,,,,,,,,,,,,,,,
crystal-pool,1060,paldea,Lac Cristallin,,Kristallsee,,Crystal Pool,,,,,,,,,,,,,,,,,
dreaded-den,1061,paldea,Antre Interdit,,Schreckenshöhle,,Dreaded Den,,,,,,,,,,,,,,,,,
fellhorn-gorge,1062,paldea,Gorge de la Corne,,Hornschlucht,,Fellhorn Gorge,,,,,,,,,,,,,,,,,
infernal-pass,1063,paldea,Val Infernal,,Infernopass,,Infernal Pass,,,,,,,,,,,,,,,,,
kitakami-hall,1064,paldea,Septemplion,,Kitakami-Kulturzentrum,,Kitakami Hall,,,,,,,,,,,,,,,,,
kitakami-road,1065,paldea,Route de Septentria,,Kitakami-Straße,,Kitakami Road,,,,,,,,,,,,,,,,,
kitakami-wilds,1066,paldea,Terres Vierges de Septentria,,Wildnis von Kitakami,,Kitakami Wilds,,,,,,,,,,,,,,,,,
loyalty-plaza,1067,paldea,Parc Adorami,,Gefährten-Platz,,Loyalty Plaza,,,,,,,,,,,,,,,,,
mossfell-confluence,1068,paldea,Rives du Confluent,,Mündungsufer,,Mossfell Confluence,,,,,,,,,,,,,,,,,
mossui-town,1069,paldea,Jaderaude,,Midoriya,,Mossui Town,,,,,,,,,,,,,,,,,
oni-mountain,1070,paldea,Mont Strueux,,Oniyama,,Oni Mountain,,,,,,,,,,,,,,,,,
onis-maw,1071,paldea,Gueule du Monstre,,Rachen des Oni,,Oni's Maw,,,,,,,,,,,,,,,,,
paradise-barrens,1072,paldea,Lande de la Quiétude,,Paradiesebene,,Paradise Barrens,,,,,,,,,,,,,,,,,
revelers-road,1073,paldea,Sentier de la Liesse,,Pfad des Tanzes,,Reveler's Road,,,,,,,,,,,,,,,,,
timeless-woods,1074,paldea,Forêt Ternelle,,Immerwald,,Timeless Woods,,,,,,,,,,,,,,,,,
wistful-fields,1075,paldea,Plaine des Glycines,,Wisterienfelder,,Wistful Fields,,,,,,,,,,,,,,,,,
canyon-biome,1076,paldea,Zone Canyon,,Canyon-Areal,,Canyon Biome,,,,,,,,,,,,,,,,,
canyon-plaza,1077,paldea,Poste Canyon,,Canyon-Platz,,Canyon Plaza,,,,,,,,,,,,,,,,,
central-plaza,1078,paldea,Poste Central,,Zentralplatz,,Central Plaza,,,,,,,,,,,,,,,,,
chargestone-cavern,1079,paldea,Caverne Électrolithe,,Elektrolithgrotte,,Chargestone Cavern,,,,,,,,,,,,,,,,,
coastal-biome,1080,paldea,Zone Côtière,,Küsten-Areal,,Coastal Biome,,,,,,,,,,,,,,,,,
coastal-plaza,1081,paldea,Poste Côtier,,Küsten-Platz,,Coastal Plaza,,,,,,,,,,,,,,,,,
league-club-room,1082,paldea,Club de la Ligue,,Liga-AG Raum,,League Club Room,,,,,,,,,,,,,,,,,
polar-biome,1083,paldea,Zone Polaire,,Polar-Areal,,Polar Biome,,,,,,,,,,,,,,,,,
polar-plaza,1084,paldea,Poste Polaire,,Polar-Platz,,Polar Plaza,,,,,,,,,,,,,,,,,
savanna-biome,1085,paldea,Zone Savane,,Savannen-Areal,,Savanna Biome,,,,,,,,,,,,,,,,,
savanna-plaza,1086,paldea,Poste Savane,,Savannen-Platz,,Savanna Plaza,,,,,,,,,,,,,,,,,
torchlit-labyrinth,1087,paldea,Dédale des Torches,,Fackellabyrinth,,Torchlit Labyrinth,,,,,,,,,,,,,,,,,
hoenn-pokemart,1088,hoenn,,,,,,,,,,,,,,,,,,,,,,
hoenn-pokecenter,1089,hoenn,,,,,,,,,,,,,,,,,,,,,,
kanto-pokemart,1090,kanto,,,,,,,,,,,,,,,,,,,,,,
kanto-pokecenter,1091,kanto,,,,,,,,,,,,,,,,,,,,,,
sinnoh-pokemart,1092,sinnoh,,,,,,,,,,,,,,,,,,,,,,
johto-pokemart,1093,johto,,,,,,,,,,,,,,,,,,,,,,
mirage-island,1094,hoenn,,,,,,,,,,,,,,,,,,,,,,
outskirt-stand,1095,orre,,,,,Outskirt Stand,,,,,,,,,,,,,,,,,
phenac-city,1096,orre,,,,,Phenac City,,,,,,,,,,,,,,,,,
snagem-hideout,1097,orre,,,,,Snagem Hideout,,,,,,,,,,,,,,,,,
shadow-pokemon-lab,1098,orre,,,,,Shadow Pokémon Lab,,,,,,,,,,,,,,,,,
pyrite-town,1099,orre,,,,,Pyrite Town,,,,,,,,,,,,,,,,,
pyrite-bldg,1100,orre,,,,,Pyrite Bldg,,,,,,,,,,,,,,,,,
pyrite-cave,1101,orre,,,,,Pyrite Cave,,,,,,,,,,,,,,,,,
realgam-tower,1102,orre,,,,,Realgam Tower,,,,,,,,,,,,,,,,,
agate-village,1103,orre,,,,,Agate Village,,,,,,,,,,,,,,,,,
the-under,1104,orre,,,,,The Under,,,,,,,,,,,,,,,,,
mt-battle,1105,orre,,,,,Mt. Battle,,,,,,,,,,,,,,,,,
pokemon-hq-lab,1106,orre,,,,,Pokemon Hq Lab,,,,,,,,,,,,,,,,,
gateon-port,1107,orre,,,,,Gateon Port,,,,,,,,,,,,,,,,,
cipher-lab,1108,orre,,,,,Cipher Lab,,,,,,,,,,,,,,,,,
pokespot,1109,orre,,,,,Pokespot,,,,,,,,,,,,,,,,,
onbs,1110,orre,,,,,ONBS,,,,,,,,,,,,,,,,,
cipher-key-lair,1111,orre,,,,,Cipher Key Lair,,,,,,,,,,,,,,,,,
citadark-isle,1112,orre,,,,,Citadark Isle,,,,,,,,,,,,,,,,,
kanto-underground-path,1113,kanto,,,,,Kanto Underground Path,,,,,,,,,,,,,,,,,
energy-plant,1114,galar,,,,,Energy Plant,,,,,,,,,,,,,,,,,
meetup-spot,1115,galar,,,,,Meetup Spot,,,,,,,,,,,,,,,,,
isle-of-armor-caves,1116,galar,,,,,Random caves across the Isle of Armor,,,,,,,,,,,,,,,,,
roaming-galar-wild-area,1117,galar,,,,,Roaming Galar Wild Areas,,,,,,,,,,,,,,,,,
roaming-isle-of-armor,1118,galar,,,,,Roaming the Isle of Armor,,,,,,,,,,,,,,,,,
roaming-crown-tundra,1119,galar,,,,,Roaming the Crown Tundra,,,,,,,,,,,,,,,,,
galar-wild-area-max-dens,1120,galar,,,,,Max Dens in the Galar Wild Area,,,,,,,,,,,,,,,,,
kalos-berry-fields,1121,kalos,,,Kalos Berry Fields,,,,,,,,,,,,,,,,,,,
