identifier,location,name
abandoned-ship,abandoned-ship,Abandoned Ship
abundant-shrine,abundant-shrine,Abundant Shrine
abyssal-ruins,undella-bay,Abyssal Ruins
accumula-town,accumula-town,Accumula Town
acuity-cavern-hisui,lake-acuity-hisui,Acuity Cavern (Hisui)
acuity-lakefront,acuity-lakefront,Acuity Lakefront
aether-house,aether-house,Aether House
aether-paradise,aether-paradise,Aether Paradise
aipom-hill,aipom-hill,Aipom Hill
akala-outskirts,akala-outskirts,Akala Outskirts
alabaster-icelands,alabaster-icelands,Alabaster Icelands
alfornada-cavern,alfornada-cavern,Alfornada Cavern
alola-route-01,alola-route-01,Alola Route 1
alola-route-01-field-overlooking-bay,alola-route-01,Alola Route 1 (Patch of grass overlooking the bay)
alola-route-01-first-two-patches-east-of-players-house,alola-route-01,Alola Route 1 (First two fields east of the player’s house)
alola-route-01-hauoli-outskirts,alola-route-01,Alola Route 1 (Hau'oli Outskirts)
alola-route-01-path-south-of-iki-town-blocked-by-rocks,alola-route-01,Alola Route 1 (Path south of Iki Town blocked by rocks)
alola-route-01-two-fields-nearest-iki-town,alola-route-01,Alola Route 1 (Two fields nearest Iki Town)
alola-route-01-two-fields-nearest-iki-town-plus-western-path,alola-route-01,Alola Route 1 (Two fields nearest Iki Town + western path)
alola-route-02,alola-route-02,Alola Route 2
alola-route-02-four-southernmost-patches,alola-route-02,Alola Route 2 (Four southernmost patches of grass)
alola-route-02-northernmost-patch,alola-route-02,Alola Route 2 (Northernmost patch of grass)
alola-route-02-three-northermost-patches,alola-route-02,Alola Route 2 (Three northernmost patches of grass)
alola-route-02-two-patches-southwest-of-pkmn-center,alola-route-02,Alola Route 2 (Two patches of grass southwest of the Pokémon Center)
alola-route-03,alola-route-03,Alola Route 3
alola-route-03-patch-south-of-bridge,alola-route-03,Alola Route 3 (Patch of grass south of bridge)
alola-route-03-two-patches-north-of-bridge,alola-route-03,Alola Route 3 (Two patches of grass north of the bridge)
alola-route-04,alola-route-04,Alola Route 4
alola-route-05,alola-route-05,Alola Route 5
alola-route-05-northern-half,alola-route-05,Alola Route 5 (Northern half)
alola-route-05-southern-half,alola-route-05,Alola Route 5 (Southern half)
alola-route-06,alola-route-06,Alola Route 6
alola-route-06-northern-patch,alola-route-06,Alola Route 6 (Northern patch of grass)
alola-route-06-two-southern-patches,alola-route-06,Alola Route 6 (Two southern patches of grass)
alola-route-07,alola-route-07,Alola Route 7
alola-route-08,alola-route-08,Alola Route 8
alola-route-09,alola-route-09,Alola Route 9
alola-route-10,alola-route-10,Alola Route 10
alola-route-11,alola-route-11,Alola Route 11
alola-route-12,alola-route-12,Alola Route 12
alola-route-12-first-ten-patches-from-north,alola-route-12,Alola Route 12 (First ten patches of grass from the north)
alola-route-12-southernmost-patch,alola-route-12,Alola Route 12 (Southernmost patch of grass)
alola-route-13,alola-route-13,Alola Route 13
alola-route-14,alola-route-14,Alola Route 14
alola-route-15,alola-route-15,Alola Route 15
alola-route-16,alola-route-16,Alola Route 16
alola-route-17,alola-route-17,Alola Route 17
altar-of-the-moone,altar-of-the-moone,Altar of the Moone
altar-of-the-sunne,altar-of-the-sunne,Altar of the Sunne
altering-cave-sevii-islands,altering-cave-sevii-islands,Altering Cave (Sevii Islands)
ambrette-town,ambrette-town,Ambrette Town
amity-square,hearthome-city,Amity Square
ancient-poni-path,ancient-poni-path,Ancient Poni Path
ancient-quarry,ancient-quarry,Ancient Quarry
ancient-retreat,ancient-retreat,Ancient Retreat
ancient-tomb,ancient-tomb,Ancient Tomb
apple-hills,apple-hills,Apple Hills
apple-hills-cave,apple-hills,Apple Hills (Cave)
apple-hills-prairie,apple-hills,Apple Hills (Prairie)
apple-hills-rocky-area,apple-hills,Apple Hills (Rocky Area)
aquacorde-town,aquacorde-town,Aquacorde Town
aquiesta-supermarket,levincia,Aquiesta Supermarket
area-zero,area-zero,Area Zero
area-zero-depths,area-zero,Area Zero (Depths)
area-zero-grassy-cave-cave,area-zero,Area Zero (Grassy Cave - Cave Area)
area-zero-grassy-cave-prairie,area-zero,Area Zero (Grassy Cave - Prairie)
area-zero-grassy-cave-riverside,area-zero,Area Zero (Grassy Cave - Riverside)
area-zero-lower-field-prairie,area-zero,Area Zero (Lower Field - Prairie)
area-zero-lower-field-riverside,area-zero,Area Zero (Lower Field - Riverside)
area-zero-lower-field-rocky-area,area-zero,Area Zero (Lower Field - Rocky Area)
area-zero-outside-research-station-no-1,area-zero,Area Zero (Outside Research Station No. 1)
area-zero-outside-research-station-no-2,area-zero,Area Zero (Outside Research Station No. 2)
area-zero-outside-research-station-no-3,area-zero,Area Zero (Outside Research Station No. 3)
area-zero-outside-zero-lab,area-zero,Area Zero (Outside Zero Lab)
area-zero-ruins,area-zero,Area Zero (Ruins)
area-zero-small-cave-cave,area-zero,Area Zero (Small Cave - Cave)
area-zero-small-cave-prairie,area-zero,Area Zero (Small Cave - Prairie)
area-zero-station-no-3-cave-cave,area-zero,Area Zero (Station No. 3 Cave - Cave)
area-zero-station-no-3-cave-prairie,area-zero,Area Zero (Station No. 3 Cave - Prairie)
area-zero-station-no-3-cave-riverside,area-zero,Area Zero (Station No. 3 Cave - Riverside)
area-zero-underdepths,area-zero-underdepths,Area Zero Underdepths
area-zero-upper-field-prairie,area-zero,Area Zero (Upper Field - Prairie)
area-zero-upper-field-riverside,area-zero,Area Zero (Upper Field - Riverside)
area-zero-upper-field-rocky-area,area-zero,Area Zero (Upper Field - Rocky Area)
area-zero-waterfall-cave-cave,area-zero,Area Zero (Waterfall Cave - Cave)
area-zero-waterfall-cave-prairie,area-zero,Area Zero (Waterfall Cave - Prairie)
arenas-approach,arenas-approach,Arena’s Approach
armor-station,fields-of-honor,Armor Station
artisan-cave,artisan-cave,Artisan Cave
asado-desert,asado-desert,Asado Desert
asado-desert-desert,asado-desert,Asado Desert (Desert Area)
asado-desert-flower,asado-desert,Asado Desert (Flower)
asado-desert-prairie,asado-desert,Asado Desert (Prairie)
asado-desert-riverside,asado-desert,Asado Desert (Riverside)
asado-desert-rocky-area,asado-desert,Asado Desert (Rocky Area)
asado-desert-ruins,asado-desert,Asado Desert (Ruins)
aspertia-city,aspertia-city,Aspertia City
aspiration-hill,aspiration-hill,Aspiration Hill
avalanche-slopes,avalanche-slopes,Avalanche Slopes
avaluggs-legacy,avaluggs-lagacy,Avalugg’s Legacy
axews-eye,axews-eye,Axew’s Eye
axews-eye-den-common,axews-eye,Axew’s Eye (Den A - Common)
axews-eye-den-rare,axews-eye,Axew’s Eye (Den A - Rare)
axews-eye-northeast-of-big-tree,axews-eye,Axew’s Eye (Northeast of the Big Tree)
axews-eye-southeast-of-big-tree,axews-eye,Axew’s Eye (Southeast of the Big Tree)
azalea-town,azalea-town,Azalea Town
azure-bay,azure-bay,Azure Bay
ballimere-lake,ballimere-lake,Ballimere Lake
ballimere-lake-den-along-path-southeast-of-ruins-common,ballimere-lake,Ballimere Lake (Den A - along the path southeast of ruins - Common)
ballimere-lake-den-along-path-southeast-of-ruins-rare,ballimere-lake,Ballimere Lake (Den A - along the path southeast of ruins - Rare)
ballimere-lake-den-at-high-point-between-cliffs-northwest-common,ballimere-lake,Ballimere Lake (Den B - at the high point between cliffs in the northwest - Common)
ballimere-lake-den-at-high-point-between-cliffs-northwest-rare,ballimere-lake,Ballimere Lake (Den B - at the high point between cliffs in the northwest - Rare)
ballimere-lake-den-eastern-ruins-near-path-common,ballimere-lake,Ballimere Lake (Den C - eastern ruins near the path - Common)
ballimere-lake-den-eastern-ruins-near-path-rare,ballimere-lake,Ballimere Lake (Den C - eastern ruins near the path - Rare)
ballimere-lake-den-eastern-shore-of-lake-near-cliffs-common,ballimere-lake,Ballimere Lake (Den D - eastern shore of the lake near cliffs - Common)
ballimere-lake-den-eastern-shore-of-lake-near-cliffs-rare,ballimere-lake,Ballimere Lake (Den D - eastern shore of the lake near cliffs - Rare)
ballimere-lake-den-easternmost-edge-near-giants-bed-common,ballimere-lake,Ballimere Lake (Den E - easternmost edge near Giant's Bed - Common)
ballimere-lake-den-easternmost-edge-near-giants-bed-rare,ballimere-lake,Ballimere Lake (Den E - easternmost edge near Giant's Bed - Rare)
ballimere-lake-den-far-west-ridge-overlooking-lakeside-cave-common,ballimere-lake,Ballimere Lake (Den F - far west ridge overlooking Lakeside Cave - Common)
ballimere-lake-den-far-west-ridge-overlooking-lakeside-cave-rare,ballimere-lake,Ballimere Lake (Den F - far west ridge overlooking Lakeside Cave - Rare)
ballimere-lake-den-near-central-ruins-north-of-lake-common,ballimere-lake,Ballimere Lake (Den G - near central ruins north of lake - Common)
ballimere-lake-den-near-central-ruins-north-of-lake-rare,ballimere-lake,Ballimere Lake (Den G - near central ruins north of lake - Rare)
ballimere-lake-den-near-central-ruins-on-small-island-common,ballimere-lake,Ballimere Lake (Den H - near central ruins on small island - Common)
ballimere-lake-den-near-central-ruins-on-small-island-rare,ballimere-lake,Ballimere Lake (Den H - near central ruins on small island - Rare)
ballimere-lake-den-northeast-near-ruins-on-ridge-common,ballimere-lake,Ballimere Lake (Den I - northeast near ruins on ridge - Common)
ballimere-lake-den-northeast-near-ruins-on-ridge-rare,ballimere-lake,Ballimere Lake (Den I - northeast near ruins on ridge - Rare)
ballimere-lake-den-northernmost-point-of-ridge-common,ballimere-lake,Ballimere Lake (Den J - northernmost point of ridge - Common)
ballimere-lake-den-northernmost-point-of-ridge-rare,ballimere-lake,Ballimere Lake (Den J - northernmost point of ridge - Rare)
ballimere-lake-den-southeast-edge-above-path-near-ruins-common,ballimere-lake,Ballimere Lake (Den K - southeast edge above path near ruins - Common)
ballimere-lake-den-southeast-edge-above-path-near-ruins-rare,ballimere-lake,Ballimere Lake (Den K - southeast edge above path near ruins - Rare)
ballimere-lake-den-southeast-lake-shore-near-path-common,ballimere-lake,Ballimere Lake (Den L - southeast lake shore near path - Common)
ballimere-lake-den-southeast-lake-shore-near-path-rare,ballimere-lake,Ballimere Lake (Den L - southeast lake shore near path - Rare)
ballimere-lake-den-southern-shore-west-of-central-path-common,ballimere-lake,Ballimere Lake (Den M - southern shore west of central path - Common)
ballimere-lake-den-southern-shore-west-of-central-path-rare,ballimere-lake,Ballimere Lake (Den M - southern shore west of central path - Rare)
ballimere-lake-den-southwest-along-path-above-lakeside-cave-common,ballimere-lake,Ballimere Lake (Den N - southwest along path above Lakeside Cave - Common)
ballimere-lake-den-southwest-along-path-above-lakeside-cave-rare,ballimere-lake,Ballimere Lake (Den N - southwest along path above Lakeside Cave - Rare)
ballimere-lake-den-southwest-near-lakeside-cave-common,ballimere-lake,Ballimere Lake (Den O - southwest near Lakeside Cave - Common)
ballimere-lake-den-southwest-near-lakeside-cave-rare,ballimere-lake,Ballimere Lake (Den O - southwest near Lakeside Cave - Rare)
ballimere-lake-den-western-shore-of-lake-close-to-cliff-common,ballimere-lake,Ballimere Lake (Den P - western shore of lake close to cliff - Common)
ballimere-lake-den-western-shore-of-lake-close-to-cliff-rare,ballimere-lake,Ballimere Lake (Den P - western shore of lake close to cliff - Rare)
ballimere-lake-den-western-side-near-lakeside-cave-common,ballimere-lake,Ballimere Lake (Den Q - western side near Lakeside Cave - Common)
ballimere-lake-den-western-side-near-lakeside-cave-rare,ballimere-lake,Ballimere Lake (Den Q - western side near Lakeside Cave - Rare)
ballimere-lake-in-front-of-tombstone-on-east-side,ballimere-lake,Ballimere Lake (In front of the tombstone on the east side)
ballimere-lake-southeast-island,ballimere-lake,Ballimere Lake (Southeast Island)
ballimere-lake-southwest-of-lake,ballimere-lake,Ballimere Lake (Southwest of lake)
ballimere-lake-west-of-lake,ballimere-lake,Ballimere Lake (West of lake)
ballonlea,ballonlea,Ballonlea
ballonlea-stadium,ballonlea,Ballonlea Stadium
bathers-lagoon,bathers-lagoon,Bathers’ Lagoon
battle-frontier-hoenn,battle-frontier-hoenn,Battle Frontier (Hoenn)
battle-frontier-johto,battle-frontier-johto,Battle Frontier (Johto)
battle-frontier-sinnoh,battle-frontier-sinnoh,Battle Frontier (Sinnoh)
battle-maison,kiloude-city,Battle Maison
battle-park-sinnoh,battle-park-sinnoh,Battle Park (Sinnoh)
battle-resort,battle-resort,Battle Resort
battle-royal-dome,royal-avenue,Battle Royal Dome
battle-subway,nimbasa-city,Battle Subway
battle-tower-galar,battle-tower-galar,Battle Tower (Galar)
battle-tower-hoenn,battle-tower-hoenn,Battle Tower (Hoenn)
battle-tower-sinnoh,battle-tower-sinnoh,Battle Tower (Sinnoh)
battle-tree,battle-tree,Battle Tree
bell-tower,bell-tower,Bell Tower
bell-tower-10f,bell-tower,Bell Tower (10F)
bell-tower-1f,bell-tower,Bell Tower (1F)
bell-tower-2f,bell-tower,Bell Tower (2F)
bell-tower-3f,bell-tower,Bell Tower (3F)
bell-tower-4f,bell-tower,Bell Tower (4F)
bell-tower-5f,bell-tower,Bell Tower (5F)
bell-tower-6f,bell-tower,Bell Tower (6F)
bell-tower-7f,bell-tower,Bell Tower (7F)
bell-tower-8f,bell-tower,Bell Tower (8F)
bell-tower-9f,bell-tower,Bell Tower (9F)
bell-tower-roof,bell-tower,Bell Tower (Roof)
berry-fields-kalos,berry-fields-kalos,Berry Fields (Kalos)
berry-fields-kalos-blue-tree,berry-fields-kalos,Berry Fields (Kalos - Blue Tree)
berry-fields-kalos-green-tree,berry-fields-kalos,Berry Fields (Kalos - Green Tree)
berry-fields-kalos-pink-tree,berry-fields-kalos,Berry Fields (Kalos - Pink Tree)
berry-fields-kalos-purple-tree,berry-fields-kalos,Berry Fields (Kalos - Purple Tree)
berry-fields-kalos-red-tree,berry-fields-kalos,Berry Fields (Kalos - Red Tree)
berry-fields-kalos-yellow-tree,berry-fields-kalos,Berry Fields (Kalos - Yellow Tree)
berry-forest,berry-forest,Berry Forest
big-bluff-cavern,big-bluff-cavern,Big Bluff Cavern
birth-island,birth-island,Birth Island
black-city,black-city,Black City
blackthorn-city,blackthorn-city,Blackthorn City
blueberry-academy,blueberry-academy,Blueberry Academy
blueberry-academy-entrance,blueberry-academy,Blueberry Academy (Entrance)
blueberry-academy-store,blueberry-academy,Blueberry Academy (Store)
blush-mountain,blush-mountain,Blush Mountain
blush-mountain-eastern-patch,blush-mountain,Blush Mountain (Eastern Patch of grass)
blush-mountain-western-patch,blush-mountain,Blush Mountain (Western Patch of grass)
bogsunk-cavern,bogsunk-cavern,Bogsunk Cavern
bolderoll-ravine,bolderoll-ravine,Bolderoll Ravine
bolderoll-slope,bolderoll-slope,Bolderoll Slope
bond-bridge,bond-bridge,Bond Bridge
bonechill-wastes,bonechill-wastes,Bonechill Wastes
brava-arena,brava-arena,Brava Arena
brawlers-cave,brawlers-cave,Brawler's Cave
brawlers-cave-along-path-between-water-and-top,brawlers-cave,Brawler's Cave (Along the path between the water and the top)
brawlers-cave-at-bottom-of-path-between-water-and-top,brawlers-cave,Brawler's Cave (At the bottom of the path between the water and the top)
brawlers-cave-at-dead-end-of-stream,brawlers-cave,Brawler's Cave (At the dead-end of the stream)
brawlers-cave-by-first-pillar-up-path-near-water-and-top,brawlers-cave,Brawler's Cave (By the first pillar up the path between the water and the top)
brawlers-cave-by-pillar-near-top-of-path,brawlers-cave,Brawler's Cave (By the pillar near the top of the path between the water and the top)
brawlers-cave-den-common,brawlers-cave,Brawler's Cave (Den A - Common)
brawlers-cave-den-rare,brawlers-cave,Brawler's Cave (Den A - Rare)
brawlers-cave-in-front-of-den-near-midpoint,brawlers-cave,Brawler's Cave (In front of the den near the midpoint of the path between the water and the top)
brawlers-cave-near-bottom-of-path-between-water-and-top,brawlers-cave,Brawler's Cave (Near the bottom of the path between the water and the top)
brawlers-cave-near-challenge-road-exit,brawlers-cave,Brawler's Cave (Near the exit to Challenge Road)
brawlers-cave-on-soothing-wetlands-near-entrance,brawlers-cave,"Brawler's Cave (On the Soothing Wetlands side, near the entrance)"
brawlers-cave-on-soothing-wetlands-near-stream,brawlers-cave,"Brawler's Cave (On the Soothing Wetlands side, near the stream)"
brawlers-cave-on-soothing-wetlands-near-stream-exit,brawlers-cave,"Brawler's Cave (On the Soothing Wetlands side, near the stream's exit)"
bridge-field,bridge-field,Bridge Field
bridge-field-between-north-bridge-supports,bridge-field,Bridge Field (Between two of the north bridge's supports)
bridge-field-den-center-of-bridge-field-common,bridge-field,Bridge Field (Den A - Center - Common)
bridge-field-den-center-of-bridge-field-rare,bridge-field,Bridge Field (Den A - Center - Rare)
bridge-field-den-east-end-of-bridge-field-near-path-common,bridge-field,Bridge Field (Den B - East end near the path - Common)
bridge-field-den-east-end-of-bridge-field-near-path-rare,bridge-field,Bridge Field (Den B - East end near the path - Rare)
bridge-field-den-north-of-bridge-field-near-trees-common,bridge-field,Bridge Field (Den C - north of Bridge Field near trees - Common)
bridge-field-den-north-of-bridge-field-near-trees-rare,bridge-field,Bridge Field (Den C - north of Bridge Field near trees - Rare)
bridge-field-den-northeast-end-of-bridge-field-near-pokemon-nursery-common,bridge-field,Bridge Field (Den D - northeast end of Bridge Field near Pokémon Nursery - Common)
bridge-field-den-northeast-end-of-bridge-field-near-pokemon-nursery-rare,bridge-field,Bridge Field (Den D - northeast end of Bridge Field near Pokémon Nursery - Rare)
bridge-field-den-south-end-of-bridge-field-near-cliff-common,bridge-field,Bridge Field (Den E - south end of Bridge Field near the cliff - Common)
bridge-field-den-south-end-of-bridge-field-near-cliff-rare,bridge-field,Bridge Field (Den E - south end of Bridge Field near the cliff - Rare)
bridge-field-den-southeast-of-bridge-field-near-lake-common,bridge-field,Bridge Field (Den F - southeast of Bridge Field near the lake - Common)
bridge-field-den-southeast-of-bridge-field-near-lake-rare,bridge-field,Bridge Field (Den F - southeast of Bridge Field near the lake - Rare)
bridge-field-den-southwest-of-bridge-field-near-bridge-common,bridge-field,Bridge Field (Den G - southwest of Bridge Field near the bridge - Common)
bridge-field-den-southwest-of-bridge-field-near-bridge-rare,bridge-field,Bridge Field (Den G - southwest of Bridge Field near the bridge - Rare)
bridge-field-den-west-end-of-bridge-field-near-cliff-common,bridge-field,Bridge Field (Den H - west end of Bridge Field near the cliff - Common)
bridge-field-den-west-end-of-bridge-field-near-cliff-rare,bridge-field,Bridge Field (Den H - west end of Bridge Field near the cliff - Rare)
bridge-field-den-west-of-bridge-field-near-bridge-common,bridge-field,Bridge Field (Den I - west of Bridge Field near the bridge - Common)
bridge-field-den-west-of-bridge-field-near-bridge-rare,bridge-field,Bridge Field (Den I - west of Bridge Field near the bridge - Rare)
bridge-field-large-patch-northwest-of-pond,bridge-field,Bridge Field (Large patch of grass northwest of the pond)
bridge-field-nook-south-of-northwest-corner,bridge-field,Bridge Field (Nook south of the northwest corner)
bridge-field-north-of-island,bridge-field,Bridge Field (North of the island)
bridge-field-northeast-of-den,bridge-field,Bridge Field (Northeast of the den)
bridge-field-on-island,bridge-field,Bridge Field (On the island)
bridge-field-on-north-side-of-pond,bridge-field,Bridge Field (On the north side of the pond)
bridge-field-on-west-shore-of-pond,bridge-field,Bridge Field (On the west shore of the pond)
bridge-field-southwest-of-island,bridge-field,Bridge Field (Southwest of the island)
bridge-field-under-east-end-of-south-bridge,bridge-field,Bridge Field (Under the east end of the south bridge)
bridge-field-under-middle-of-large-patch-west-of-pond,bridge-field,Bridge Field (Under the middle of the large patch west of the pond)
bridge-field-under-north-bridge-south-of-berry-trees,bridge-field,Bridge Field (Under the north bridge south of the berry trees)
bridge-field-under-west-end-of-south-bridge,bridge-field,Bridge Field (Under the west end of the south bridge)
bridge-field-west-cliff-opposite-of-pond,bridge-field,Bridge Field (West cliff opposite of the pond)
brooklet-hill,brooklet-hill,Brooklet Hill
brooklet-hill-first-patch,brooklet-hill,Brooklet Hill (First patch of grass)
brooklet-hill-patches-across-second-lake,brooklet-hill,Brooklet Hill (Patches of grass across the second lake)
brooklet-hill-totems-den,brooklet-hill,Brooklet Hill (Totem's Den)
burned-tower-1f,burned-tower,Burned Tower (1F)
burned-tower-b1f,burned-tower,Burned Tower (B1F)
cabo-poco,cabo-poco,Cabo Poco
cafe-gallant,lumiose-city,Café Gallant
camphrier-town,camphrier-town,Camphrier Town
canalave-city,canalave-city,Canalave City
canyon-biome,canyon-biome,Canyon Biome
canyon-biome-bamboo-forest,canyon-biome,Canyon Biome (Bamboo Forest)
canyon-biome-cave,canyon-biome,Canyon Biome (Cave)
canyon-biome-cliffside-cave,canyon-biome,Canyon Biome (Cliffside Cave)
canyon-biome-craggy-cliffs-cave,canyon-biome,Canyon Biome (Craggy Cliffs - Cave)
canyon-biome-craggy-cliffs-prairie,canyon-biome,Canyon Biome (Craggy Cliffs - Prairie)
canyon-biome-craggy-cliffs-riverside,canyon-biome,Canyon Biome (Craggy Cliffs - Riverside)
canyon-biome-craggy-cliffs-rocky-area,canyon-biome,Canyon Biome (Craggy Cliffs - Rocky Area)
canyon-biome-east-bridge-cave,canyon-biome,Canyon Biome (East Bridge Cave)
canyon-biome-lake,canyon-biome,Canyon Biome (Lake)
canyon-biome-lower-west-bridge-cave,canyon-biome,Canyon Biome (Lower West Bridge Cave)
canyon-biome-nature-preserve-cave,canyon-biome,Canyon Biome (Nature Preserve - Cave)
canyon-biome-nature-preserve-lake,canyon-biome,Canyon Biome (Nature Preserve - Lake)
canyon-biome-nature-preserve-prairie,canyon-biome,Canyon Biome (Nature Preserve - Prairie)
canyon-biome-nature-preserve-riverside,canyon-biome,Canyon Biome (Nature Preserve - Riverside)
canyon-biome-nature-preserve-rocky-area,canyon-biome,Canyon Biome (Nature Preserve - Rocky Area)
canyon-biome-outdoor-classroom-cave,canyon-biome,Canyon Biome (Outdoor Classroom - Cave)
canyon-biome-prairie,canyon-biome,Canyon Biome (Prairie)
canyon-biome-riverside,canyon-biome,Canyon Biome (Riverside)
canyon-biome-rocky-area,canyon-biome,Canyon Biome (Rocky Area)
canyon-biome-waterfall-cave,canyon-biome,Canyon Biome (Waterfall - Cave)
canyon-entrance,canyon-entrance,Canyon Entrance
cape-brink,cape-brink,Cape Brink
cascarrafa,cascarrafa,Cascarrafa
casseroya-lake,casseroya-lake,Casseroya Lake
casseroya-lake-lake,casseroya-lake,Casseroya Lake (Lake)
casseroya-lake-ocean,casseroya-lake,Casseroya Lake (Ocean)
casseroya-lake-riverside,casseroya-lake,Casseroya Lake (Riverside)
casseroya-lake-rocky-area,casseroya-lake,Casseroya Lake (Rocky Area)
casseroya-lake-rocky-beach,casseroya-lake,Casseroya Lake (Rocky Beach)
casseroya-lake-rocky-ruins,casseroya-lake,Casseroya Lake (Rocky Ruins)
casseroya-lake-snowfield,casseroya-lake,Casseroya Lake (Snowfield)
castaway-shore,castaway-shore,Castaway Shore
castelia-city,castelia-city,Castelia City
castelia-city-park,castelia-city,Castelia City (Park)
castelia-sewers,castelia-sewers,Castelia Sewers
cave-of-origin,cave-of-origin,Cave of Origin
cave-of-origin-1f,cave-of-origin,Cave of Origin (1F)
cave-of-origin-2f,cave-of-origin,Cave of Origin (2F)
cave-of-origin-3f,cave-of-origin,Cave of Origin (3F)
cave-of-origin-b4f,cave-of-origin,Cave of Origin (B4F)
cave-of-origin-b5f,cave-of-origin,Cave of Origin (B5F)
cave-of-origin-entrance,cave-of-origin,Cave of Origin (Entrance)
celadon-city,celadon-city,Celadon City
celadon-condominiums,celadon-city,Celadon Condominiums
celadon-game-corner,celadon-city,Celadon Game Corner
celestial-tower,celestial-tower,Celestial Tower
celestial-tower-2f,celestial-tower,Celestial Tower (2F)
celestial-tower-3f,celestial-tower,Celestial Tower (3F)
celestial-tower-4f,celestial-tower,Celestial Tower (4F)
celestial-tower-5f,celestial-tower,Celestial Tower (5F)
celestic-town,celestic-town,Celestic Town
celestica-ruins,celestica-ruins,Celestica Ruins
celestica-trail,celestica-trail,Celestica Trail
central-plaza,central-plaza,Central Plaza
cerulean-cave,cerulean-cave,Cerulean Cave
cerulean-cave-1f,cerulean-cave,Cerulean Cave (1F)
cerulean-cave-2f,cerulean-cave,Cerulean Cave (2F)
cerulean-cave-b1f,cerulean-cave,Cerulean Cave (B1F)
cerulean-cave-b2f,cerulean-cave,Cerulean Cave (B2F)
cerulean-city,cerulean-city,Cerulean City
cerulean-gym,cerulean-city,Cerulean Gym
challenge-beach,challenge-beach,Challenge Beach
challenge-beach-den-along-shoreline-past-sandbar-to-tower-of-waters-from-forest-of-focus-common,challenge-beach,Challenge Beach (Den A - Along the shoreline past the sandbar to Tower of Waters from Forest of Focus - Common)
challenge-beach-den-along-shoreline-past-sandbar-to-tower-of-waters-from-forest-of-focus-rare,challenge-beach,Challenge Beach (Den A - Along the shoreline past the sandbar to Tower of Waters from Forest of Focus - Rare)
challenge-beach-den-behind-tower-of-waters-common,challenge-beach,Challenge Beach (Den B - Behind the Tower of Waters - Common)
challenge-beach-den-behind-tower-of-waters-rare,challenge-beach,Challenge Beach (Den B - Behind the Tower of Waters - Rare)
challenge-beach-den-halfway-across-zone-where-shore-meets-grassy-part-common,challenge-beach,Challenge Beach (Den C - Halfway across the zone where the shore meets the grassy part - Common)
challenge-beach-den-halfway-across-zone-where-shore-meets-grassy-part-rare,challenge-beach,Challenge Beach (Den C - Halfway across the zone where the shore meets the grassy part - Rare)
challenge-beach-den-in-water-near-den-c-common,challenge-beach,Challenge Beach (Den D - In the water near Den C - Common)
challenge-beach-den-in-water-near-den-c-rare,challenge-beach,Challenge Beach (Den D - In the water near Den C - Rare)
challenge-beach-den-just-before-berry-tree-at-end-of-shore-common,challenge-beach,Challenge Beach (Den E - Just before the berry tree at the end of the shore - Common)
challenge-beach-den-just-before-berry-tree-at-end-of-shore-rare,challenge-beach,Challenge Beach (Den E - Just before the berry tree at the end of the shore - Rare)
challenge-beach-den-right-from-forest-of-focus-at-end-of-raised-path-near-tree-common,challenge-beach,Challenge Beach (Den F - Right from the Forest of Focus at the end of the raised path near a tree - Common)
challenge-beach-den-right-from-forest-of-focus-at-end-of-raised-path-near-tree-rare,challenge-beach,Challenge Beach (Den F - Right from the Forest of Focus at the end of the raised path near a tree - Rare)
challenge-beach-den-right-of-courageous-cavern-entrance-past-tall-grass-common,challenge-beach,"Challenge Beach (Den G - Right of Courageous Cavern entrance, past tall grass - Common)"
challenge-beach-den-right-of-courageous-cavern-entrance-past-tall-grass-rare,challenge-beach,"Challenge Beach (Den G - Right of Courageous Cavern entrance, past tall grass - Rare)"
challenge-beach-den-straight-ahead-from-forest-of-focus-entrance-surrounded-by-tall-grass-common,challenge-beach,"Challenge Beach (Den H - Straight ahead from the Forest of Focus entrance, surrounded by tall grass - Common)"
challenge-beach-den-straight-ahead-from-forest-of-focus-entrance-surrounded-by-tall-grass-rare,challenge-beach,"Challenge Beach (Den H - Straight ahead from the Forest of Focus entrance, surrounded by tall grass - Rare)"
challenge-beach-in-front-of-beach-near-berry-tree,challenge-beach,Challenge Beach (In front of the beach near the berry tree)
challenge-beach-in-river-near-courageous-cavern,challenge-beach,Challenge Beach (In the river near Courageous Cavern)
challenge-beach-in-river-west-part,challenge-beach,Challenge Beach (In the river west part)
challenge-beach-in-water-east-of-beach-near-coast,challenge-beach,Challenge Beach (In the water east of the beach near the coast)
challenge-beach-in-water-east-of-path-to-tower-of-waters,challenge-beach,Challenge Beach (In the water east of the path to Tower of Waters)
challenge-beach-in-water-north-of-west-beach-near-stepping-stone-sea,challenge-beach,Challenge Beach (In the water north of the west beach near Stepping Stone Sea)
challenge-beach-in-water-northeast-of-beach-near-honeycalm-sea,challenge-beach,Challenge Beach (In the water northeast of the beach near Honeycalm Sea)
challenge-beach-in-water-northeast-of-tower-of-waters,challenge-beach,Challenge Beach (In the water northeast of Tower of Waters)
challenge-beach-in-water-northwest-of-tower-of-waters,challenge-beach,Challenge Beach (In the water northwest of Tower of Waters)
challenge-beach-in-water-northwest-of-west-end-of-beach,challenge-beach,Challenge Beach (In the water northwest of the west end of the beach)
challenge-beach-in-water-west-of-path-to-tower-of-waters,challenge-beach,Challenge Beach (In the water west of the path to Tower of Waters)
challenge-beach-near-beach-east-of-den,challenge-beach,Challenge Beach (Near the beach east of the Den)
challenge-beach-near-beach-north-of-berry-tree,challenge-beach,Challenge Beach (Near the beach north of the berry tree)
challenge-beach-near-beach-north-of-berry-tree-next-to-den,challenge-beach,"Challenge Beach (Near the beach north of the berry tree, next to the Den)"
challenge-beach-near-beach-southwest-of-path-to-tower-of-waters,challenge-beach,Challenge Beach (Near the beach southwest of the path to Tower of Waters)
challenge-beach-near-den-west-beach,challenge-beach,Challenge Beach (Near the Den at the west beach)
challenge-beach-near-river-west-of-berry-tree,challenge-beach,Challenge Beach (Near the river west of the berry tree)
challenge-beach-north-end-of-path-to-tower-of-waters,challenge-beach,Challenge Beach (At the north end of the path to Tower of Waters)
challenge-beach-on-beach-between-two-dens,challenge-beach,Challenge Beach (On the beach between two Dens)
challenge-beach-on-beach-north-of-berry-tree-east-of-den,challenge-beach,Challenge Beach (On the beach north of the berry tree east of the Den)
challenge-beach-on-beach-north-of-den,challenge-beach,Challenge Beach (On the beach north of the Den)
challenge-beach-on-beach-south-of-path-to-tower-of-waters-near-forest-of-focus,challenge-beach,Challenge Beach (On the beach south of the path to Tower of Waters near the Forest of Focus)
challenge-beach-on-cliff-east-of-beach,challenge-beach,Challenge Beach (On the cliff east of the beach)
challenge-beach-on-path-to-tower-of-waters-above-halfway-near-water,challenge-beach,"Challenge Beach (On the path to Tower of Waters, above halfway near the water)"
challenge-beach-on-path-to-tower-of-waters-near-south-end,challenge-beach,Challenge Beach (On the path to Tower of Waters near the south end)
challenge-beach-on-path-to-tower-of-waters-near-tower-near-water,challenge-beach,"Challenge Beach (On the path to Tower of Waters near the tower, near the water)"
challenge-beach-on-path-to-tower-of-waters-southern-part,challenge-beach,"Challenge Beach (On the path to Tower of Waters, southern part)"
challenge-beach-open-field-southwest-of-path-to-tower-of-waters,challenge-beach,Challenge Beach (Open field southwest of the path to Tower of Waters)
challenge-beach-south-of-path-to-tower-of-waters-near-forest-of-focus-border,challenge-beach,Challenge Beach (South of the path to Tower of Waters near the Forest of Focus border)
challenge-beach-south-of-tower-of-waters-at-path-start,challenge-beach,Challenge Beach (South of Tower of Waters at the path start)
challenge-beach-south-of-tower-of-waters-near-path-start,challenge-beach,Challenge Beach (South of Tower of Waters near the path start)
challenge-beach-south-of-tower-of-waters-west-of-grass-around-den,challenge-beach,Challenge Beach (South of Tower of Waters west of the grass around the Den)
challenge-beach-south-part-west-of-berry-tree,challenge-beach,Challenge Beach (South part west of the berry tree)
challenge-beach-south-part-west-of-berry-tree-near-river,challenge-beach,Challenge Beach (South part west of the berry tree near the river)
challenge-beach-southwest-near-river-from-courageous-cavern-to-patch-of-grass,challenge-beach,Challenge Beach (Southwest near the river from Courageous Cavern to a patch of grass)
challenge-beach-west-beach-west-of-den,challenge-beach,Challenge Beach (West beach west of the Den)
challenge-beach-west-end-of-beach-above-water,challenge-beach,Challenge Beach (West end of the beach above the water)
challenge-beach-west-near-beach-edge,challenge-beach,Challenge Beach (West near the beach edge)
challenge-beach-west-of-forest-of-focus-border,challenge-beach,Challenge Beach (West of the Forest of Focus border)
challenge-road,challenge-road,Challenge Road
challenge-road-bottom-of-third-staircase,challenge-road,Challenge Road (Bottom of the third staircase)
challenge-road-den-behind-tower-of-darkness-common,challenge-road,Challenge Road (Den A - Behind the Tower of Darkness - Common)
challenge-road-den-behind-tower-of-darkness-rare,challenge-road,Challenge Road (Den A - Behind the Tower of Darkness - Rare)
challenge-road-den-edge-of-plateau-overlooking-ocean-right-at-second-crossroad-facing-tower-of-darkness-common,challenge-road,"Challenge Road (Den B - At the edge of the plateau overlooking the ocean, right at the second crossroad facing the Tower of Darkness - Common)"
challenge-road-den-edge-of-plateau-overlooking-ocean-right-at-second-crossroad-facing-tower-of-darkness-rare,challenge-road,"Challenge Road (Den B - At the edge of the plateau overlooking the ocean, right at the second crossroad facing the Tower of Darkness - Rare)"
challenge-road-den-end-of-path-right-at-first-crossroad-facing-tower-of-darkness-through-tall-grass-behind-boulder-common,challenge-road,"Challenge Road (Den C - At the end of the path, right at the first crossroad facing the Tower of Darkness, through tall grass behind a boulder - Common)"
challenge-road-den-end-of-path-right-at-first-crossroad-facing-tower-of-darkness-through-tall-grass-behind-boulder-rare,challenge-road,"Challenge Road (Den C - At the end of the path, right at the first crossroad facing the Tower of Darkness, through tall grass behind a boulder - Rare)"
challenge-road-den-right-from-brawlers-cave-entrance-at-end-of-path-past-tall-grass-common,challenge-road,"Challenge Road (Den D - Right from Brawler's Cave entrance at the end of the path, past tall grass - Common)"
challenge-road-den-right-from-brawlers-cave-entrance-at-end-of-path-past-tall-grass-rare,challenge-road,"Challenge Road (Den D - Right from Brawler's Cave entrance at the end of the path, past tall grass - Rare)"
challenge-road-far-east-towards-den,challenge-road,Challenge Road (Far east towards Den)
challenge-road-near-brawlers-cave-entrance,challenge-road,Challenge Road (Near Brawler's Cave entrance)
challenge-road-top-of-first-staircase,challenge-road,Challenge Road (Top of the first staircase)
challenge-road-top-of-second-staircase,challenge-road,Challenge Road (Top of the second staircase)
challengers-cave,challengers-cave,Challengers Cave
challengers-cave-1f,challengers-cave,Challengers Cave (1F)
challengers-cave-b1f,challengers-cave,Challengers Cave (B1F)
challengers-cave-b2f,challengers-cave,Challengers Cave (B2F)
chamber-of-emptiness,kalos-route-22,Chamber of Emptiness
chargestone-cave,chargestone-cave,Chargestone Cave
chargestone-cave-1f,chargestone-cave,Chargestone Cave (1F)
chargestone-cave-b1f,chargestone-cave,Chargestone Cave (B1F)
chargestone-cave-b2f,chargestone-cave,Chargestone Cave (B2F)
chargestone-cavern,chargestone-cavern,Chargestone Cavern
chargestone-cavern-cave,chargestone-cavern,Chargestone Cavern (Cave)
chargestone-cavern-chargestone,chargestone-cavern,Chargestone Cavern (Chargestone)
chargestone-cavern-volcano,chargestone-cavern,Chargestone Cavern (Volcano)
chargestone-cavern-wasteland,chargestone-cavern,Chargestone Cavern (Wasteland)
cherrygrove-city,cherrygrove-city,Cherrygrove City
chilling-waterhead-cave,chilling-waterhead,Chilling Waterhead (Cave)
chilling-waterhead-cave-water,chilling-waterhead,Chilling Waterhead (Cave - Water)
cianwood-city,cianwood-city,Cianwood City
cinnabar-island,cinnabar-island,Cinnabar Island
cinnabar-lab,cinnabar-lab,Cinnabar Lab
circhester,circhester,Circhester
clamberclaw-cliffs,clamberclaw-cliffs,Clamberclaw Cliffs
clay-tunnel,clay-tunnel,Clay Tunnel
cliff-cave,cliff-cave,Cliff Cave
cliff-edge-gate,cliff-edge-gate,Cliff Edge Gate
cloudcap-pass,cloudcap-pass,Cloudcap Pass
cloudpool-ridge,cloudpool-ridge,Cloudpool Ridge
coastal-biome,coastal-biome,Coastal Biome
coastal-biome-bridgeside-cave,coastal-biome,Coastal Biome (Bridgeside Cave)
coastal-biome-cave,coastal-biome,Coastal Biome (Cave)
coastal-biome-coastal-plaza-island-bamboo-forest,coastal-biome,Coastal Biome (Coastal Plaza Island - Bamboo Forest)
coastal-biome-coastal-plaza-island-desert,coastal-biome,Coastal Biome (Coastal Plaza Island - Desert)
coastal-biome-coastal-plaza-island-ocean,coastal-biome,Coastal Biome (Coastal Plaza Island - Ocean)
coastal-biome-coastal-plaza-island-prairie,coastal-biome,Coastal Biome (Coastal Plaza Island - Prairie)
coastal-biome-coastal-plaza-island-rocky-area,coastal-biome,Coastal Biome (Coastal Plaza Island - Rocky Area)
coastal-biome-desert,coastal-biome,Coastal Biome (Desert)
coastal-biome-ocean,coastal-biome,Coastal Biome (Ocean)
coastal-biome-prairie,coastal-biome,Coastal Biome (Prairie)
coastal-biome-rest-area-cave,coastal-biome,Coastal Biome (Rest Area Cave)
coastal-biome-rocky-area,coastal-biome,Coastal Biome (Rocky Area)
coastal-biome-southeast-beach-desert,coastal-biome,Coastal Biome (Southeast Beach - Desert)
coastal-biome-southeast-beach-flower,coastal-biome,Coastal Biome (Southeast Beach - Flower)
coastal-biome-southeast-beach-ocean,coastal-biome,Coastal Biome (Southeast Beach - Ocean)
coastal-biome-southeast-beach-prairie,coastal-biome,Coastal Biome (Southeast Beach - Prairie)
coastal-biome-southeast-beach-rocky-area,coastal-biome,Coastal Biome (Southeast Beach - Rocky Area)
coastal-biome-torchlit-mountain-flower,coastal-biome,Coastal Biome (Torchlit Mountain - Flower)
coastal-biome-torchlit-mountain-prairie,coastal-biome,Coastal Biome (Torchlit Mountain - Prairie)
coastal-biome-torchlit-mountain-riverside,coastal-biome,Coastal Biome (Torchlit Mountain - Riverside)
coastal-biome-torchlit-mountain-rocky-area,coastal-biome,Coastal Biome (Torchlit Mountain - Rocky Area)
coastal-plaza,coastal-biome,Coastal Plaza
cobalt-coastlands,cobalt-coastlands,Cobalt Coastlands
cold-storage,cold-storage,Cold Storage
cold-storage-outside,cold-storage,Cold Storage (Outside)
colonnade-hollow,colonnade-hollow,Colonnade Hollow
connecting-cave,connecting-cave,Connecting Cave
contest-hall,contest-hall,Contest Hall
coronet-highlands,coronet-highlands,Coronet Highlands
cortondo,cortondo,Cortondo
cottonsedge-prairie,cottonsedge-prairie,Cottonsedge Prairie
coumarine-city,coumarine-city,Coumarine City
courageous-cavern,courageous-cavern,Courageous Cavern
courageous-cavern-den-along-path-right-of-split-from-challenge-beach-turn-left-before-exit-common,courageous-cavern,"Courageous Cavern (Den A - Along the path right of the split from Challenge Beach, turn left before exit - Common)"
courageous-cavern-den-along-path-right-of-split-from-challenge-beach-turn-left-before-exit-rare,courageous-cavern,"Courageous Cavern (Den A - Along the path right of the split from Challenge Beach, turn left before exit - Rare)"
courageous-cavern-den-directly-ahead-from-challenge-beach-entrance-in-alcove-along-right-side-common,courageous-cavern,Courageous Cavern (Den B - Directly ahead from Challenge Beach entrance in alcove along the right side - Common)
courageous-cavern-den-directly-ahead-from-challenge-beach-entrance-in-alcove-along-right-side-rare,courageous-cavern,Courageous Cavern (Den B - Directly ahead from Challenge Beach entrance in alcove along the right side - Rare)
courageous-cavern-den-down-slope-left-side-from-challenge-beach-behind-middle-rock-common,courageous-cavern,"Courageous Cavern (Den C - Down the slope on the left side from Challenge Beach, behind the middle rock - Common)"
courageous-cavern-den-down-slope-left-side-from-challenge-beach-behind-middle-rock-rare,courageous-cavern,"Courageous Cavern (Den C - Down own the slope on the left side from Challenge Beach, behind the middle rock - Rare)"
courageous-cavern-den-down-slope-left-side-from-challenge-beach-left-of-middle-rock-common,courageous-cavern,"Courageous Cavern (Den D - Down the slope on the left side from Challenge Beach, left of the middle rock - Common)"
courageous-cavern-den-down-slope-left-side-from-challenge-beach-left-of-middle-rock-rare,courageous-cavern,"Courageous Cavern (Den D - Down the slope on the left side from Challenge Beach, left of the middle rock - Rare)"
courageous-cavern-den-down-slope-left-side-from-challenge-beach-right-of-middle-rock-common,courageous-cavern,"Courageous Cavern (Den E - Down the slope on the left side from Challenge Beach, right of the middle rock - Common)"
courageous-cavern-den-down-slope-left-side-from-challenge-beach-right-of-middle-rock-rare,courageous-cavern,"Courageous Cavern (Den E - Down the slope on the left side from Challenge Beach, right of the middle rock - Rare)"
courageous-cavern-den-on-land-left-after-heading-down-underground-stream-up-slope-from-split-path-from-challenge-beach-common,courageous-cavern,"Courageous Cavern (Den F - On land to the left after heading down the underground stream, up the slope from the split path from Challenge Beach - Common)"
courageous-cavern-den-on-land-left-after-heading-down-underground-stream-up-slope-from-split-path-from-challenge-beach-rare,courageous-cavern,"Courageous Cavern (Den F - On land to the left after heading down the underground stream, up the slope from the split path from Challenge Beach - Rare)"
courageuos-cavern-along-long-path-to-from-loop-lagoon,courageous-cavern,Courageous Cavern (Along the long path to/from Loop Lagoon)
courageuos-cavern-beside-long-path-to-from-loop-lagoon,courageous-cavern,Courageous Cavern (Beside the long path to/from Loop Lagoon)
courageuos-cavern-between-challenge-beach-and-loop-lagoon,courageous-cavern,Courageous Cavern (Between Challenge Beach and Loop Lagoon)
courageuos-cavern-dead-end-of-stream-on-top-level,courageous-cavern,Courageous Cavern (Dead end of the stream on the top level)
courageuos-cavern-down-descending-path-from-intersection,courageous-cavern,Courageous Cavern (Down the descending path from the intersection)
courageuos-cavern-east-of-den-near-challenge-beach-entrance,courageous-cavern,Courageous Cavern (East of Den near Challenge Beach entrance)
courageuos-cavern-end-of-stream,courageous-cavern,Courageous Cavern (End of the stream)
courageuos-cavern-in-stream-from-loop-lagoon,courageous-cavern,Courageous Cavern (In the stream from Loop Lagoon)
courageuos-cavern-intersection-near-den,courageous-cavern,Courageous Cavern (Intersection near Den)
courageuos-cavern-intersection-near-path-up,courageous-cavern,Courageous Cavern (Intersection near the path up)
courageuos-cavern-midpoint-of-stream,courageous-cavern,Courageous Cavern (Midpoint of the stream)
courageuos-cavern-near-loop-lagoon-entrance,courageous-cavern,Courageous Cavern (Near Loop Lagoon entrance)
courageuos-cavern-on-top-level,courageous-cavern,Courageous Cavern (On the top level)
couriway-town,couriway-town,Couriway Town
crescent-isle,crescent-isle,Crescent Isle
crevasse-passage,crevasse-passage,Crevasse Passage
crimson-mirelands,crimson-mirelands,Crimson Mirelands
crossing-slope,crossing-slope,Crossing Slope
crown-shrine,crown-shrine,Crown Shrine
crown-shrine-den-common,crown-shrine,Crown Shrine (Den A - Common)
crown-shrine-den-rare,crown-shrine,Crown Shrine (Den A - Rare)
crystal-pool,crystal-pool,Crystal Pool
crystal-pool-cave,crystal-pool,Crystal Pool (Cave)
crystal-pool-lake,crystal-pool,Crystal Pool (Lake)
crystal-pool-lake-caves-cave,crystal-pool,Crystal Pool (Lake Caves Cave)
crystal-pool-lake-caves-cave-water,crystal-pool,Crystal Pool (Lake Caves Cave Water)
crystal-pool-rocky-area,crystal-pool,Crystal Pool (Rocky Area)
cyllage-city,cyllage-city,Cyllage City
cyllage-gym,cyllage-city,Cyllage Gym
dalizapa-passage,dalizapa-passage,Dalizapa Passage
dalizapa-passage-northern-passage-cave,dalizapa-passage,Dalizapa Passage (Northern Passage - Cave)
dalizapa-passage-northern-passage-mountain,dalizapa-passage,Dalizapa Passage (Northern Passage - Mountain)
dalizapa-passage-northern-passage-rocky-area,dalizapa-passage,Dalizapa Passage (Northern Passage - Rocky Area)
dalizapa-passage-western-passage-prairie,dalizapa-passage,Dalizapa Passage (Western Passage - Prairie)
dalizapa-passage-western-passage-town,dalizapa-passage,Dalizapa Passage (Western Passage - Town)
dappled-grove,dappled-grove,Dappled Grove
dappled-grove-between-two-berry-trees-in-north,dappled-grove,Dappled Grove (Between two berry trees in the north)
dappled-grove-by-lakeshore-west-of-southeast-field-of-grass,dappled-grove,Dappled Grove (By the lakeshore west of the southeast field of grass)
dappled-grove-den-along-eastern-border-with-lake-axewell-just-south-of-berry-tree-common,dappled-grove,"Dappled Grove (Den A - Along the eastern border with Lake Axewell, just south of a berry tree - Common)"
dappled-grove-den-along-eastern-border-with-lake-axewell-just-south-of-berry-tree-rare,dappled-grove,"Dappled Grove (Den A - Along the eastern border with Lake Axewell, just south of a berry tree - Rare)"
dappled-grove-den-encircled-by-field-of-grass-in-southern-end-of-dappled-grove-west-of-pair-of-berry-trees-common,dappled-grove,"Dappled Grove (Den B - Encircled by a field of grass in the southern end of Dappled Grove, west of a pair of berry trees - Common)"
dappled-grove-den-encircled-by-field-of-grass-in-southern-end-of-dappled-grove-west-of-pair-of-berry-trees-rare,dappled-grove,"Dappled Grove (Den B - Encircled by a field of grass in the southern end of Dappled Grove, west of a pair of berry trees - Rare)"
dappled-grove-den-near-middle-of-dappled-grove-northeast-of-pair-of-berry-trees-on-western-cliff-wall-common,dappled-grove,"Dappled Grove (Den C - Near the middle of Dappled Grove, northeast of a pair of berry trees on the western cliff wall - Common)"
dappled-grove-den-near-middle-of-dappled-grove-northeast-of-pair-of-berry-trees-on-western-cliff-wall-rare,dappled-grove,"Dappled Grove (Den C - Near the middle of Dappled Grove, northeast of a pair of berry trees on the western cliff wall - Rare)"
dappled-grove-den-northern-of-pair-of-dens-in-northwest-against-cliff-wall-common,dappled-grove,"Dappled Grove (Den D - Northern of a pair of dens in the northwest, against the cliff wall - Common)"
dappled-grove-den-northern-of-pair-of-dens-in-northwest-against-cliff-wall-rare,dappled-grove,"Dappled Grove (Den D - Northern of a pair of dens in the northwest, against the cliff wall - Rare)"
dappled-grove-den-southern-of-pair-of-dens-in-northwest-against-cliff-wall-common,dappled-grove,"Dappled Grove (Den E - Southern of a pair of dens in the northwest, against the cliff wall - Common)"
dappled-grove-den-southern-of-pair-of-dens-in-northwest-against-cliff-wall-rare,dappled-grove,"Dappled Grove (Den E - Southern of a pair of dens in the northwest, against the cliff wall - Rare)"
dappled-grove-north-of-den-northeast-of-pair-of-berry-trees,dappled-grove,Dappled Grove (North of the den northeast of the pair of berry trees)
dappled-grove-south-near-western-cliff-wall,dappled-grove,Dappled Grove (South near the western cliff wall)
dark-cave,dark-cave,Dark Cave
dark-cave-route-31-side,dark-cave,Dark Cave (Route 31 side)
dark-cave-route-45-side,dark-cave,Dark Cave (Route 45 side)
dazzling-cave,dazzling-cave,Dazzling Cave
deadwood-haunt,deadwood-haunt,Deadwood Haunt
deertrack-heights,deertrack-heights,Deertrack Heights
deertrack-path,deertrack-path,Deertrack Path
desert-resort,desert-resort,Desert Resort
desert-resort-desert,desert-resort,Desert Resort (Desert)
desert-resort-entrance,desert-resort,Desert Resort (Entrance)
desert-ruins,desert-ruins,Desert Ruins
desert-underpass,desert-underpass,Desert Underpass
devon-corporation,devon-corporation,Devon Corporation
dewford-town,dewford-town,Dewford Town
diamond-heath,diamond-heath,Diamond Heath
diamond-settlement,diamond-settlement,Diamond Settlement
digletts-cave,digletts-cave,Diglett's Cave
digletts-tunnel,digletts-tunnel,Diglett's Tunnel
dimensional-research-lab,heahea-city,Dimensional Research Lab
distortion-world,distortion-world,Distortion World
dividing-peak-tunnel,dividing-peak-tunnel,Dividing Peak Tunnel
dragons-den,dragons-den,Dragon's Den
dragonspiral-tower,dragonspiral-tower,Dragonspiral Tower
dragonspiral-tower-1f,dragonspiral-tower,Dragonspiral Tower (1F)
dragonspiral-tower-2f,dragonspiral-tower,Dragonspiral Tower (2F)
dragonspiral-tower-entrance,dragonspiral-tower,Dragonspiral Tower (Entrance)
dragonspiral-tower-outside,dragonspiral-tower,Dragonspiral Tower (Outside)
dreaded-den,oni-mountain,Dreaded Den
dreamyard,dreamyard,Dreamyard
dreamyard-basement,dreamyard,Dreamyard (Basement)
dreamyard-ruins,dreamyard,Dreamyard (Ruins)
driftveil-city,driftveil-city,Driftveil City
driftveil-drawbridge,driftveil-drawbridge,Driftveil Drawbridge
droning-meadow,droning-meadow,Droning Meadow
dusty-bowl,dusty-bowl,Dusty Bowl
dusty-bowl-den-center-of-dusty-bowl-near-large-rock-formation-common,dusty-bowl,Dusty Bowl (Den A - At the center of Dusty Bowl near a large rock formation - Common)
dusty-bowl-den-center-of-dusty-bowl-near-large-rock-formation-rare,dusty-bowl,Dusty Bowl (Den A - At the center of Dusty Bowl near a large rock formation - Rare)
dusty-bowl-den-east-of-dusty-bowl-near-large-rock-formation-common,dusty-bowl,Dusty Bowl (Den B - East of Dusty Bowl near a large rock formation - Common)
dusty-bowl-den-east-of-dusty-bowl-near-large-rock-formation-rare,dusty-bowl,Dusty Bowl (Den B - East of Dusty Bowl near a large rock formation - Rare)
dusty-bowl-den-northeast-end-of-dusty-bowl-common,dusty-bowl,Dusty Bowl (Den C - At the northeast end of Dusty Bowl - Common)
dusty-bowl-den-northeast-end-of-dusty-bowl-near-rock-common,dusty-bowl,Dusty Bowl (Den C - At the northeast end of Dusty Bowl near a rock - Common)
dusty-bowl-den-northeast-end-of-dusty-bowl-near-rock-rare,dusty-bowl,Dusty Bowl (Den D - At the northeast end of Dusty Bowl near a rock - Rare)
dusty-bowl-den-northeast-end-of-dusty-bowl-rare,dusty-bowl,Dusty Bowl (Den D - At the northeast end of Dusty Bowl - Rare)
dusty-bowl-den-northwest-of-dusty-bowl-common,dusty-bowl,Dusty Bowl (Den E - Northwest of Dusty Bowl - Common)
dusty-bowl-den-northwest-of-dusty-bowl-rare,dusty-bowl,Dusty Bowl (Den E - Northwest of Dusty Bowl - Rare)
dusty-bowl-den-south-end-of-dusty-bowl-common,dusty-bowl,Dusty Bowl (Den F - At the south end of Dusty Bowl - Common)
dusty-bowl-den-south-end-of-dusty-bowl-rare,dusty-bowl,Dusty Bowl (Den F - At the south end of Dusty Bowl - Rare)
dusty-bowl-den-southeast-of-dusty-bowl-common,dusty-bowl,Dusty Bowl (Den G - Southeast of Dusty Bowl - Common)
dusty-bowl-den-southeast-of-dusty-bowl-rare,dusty-bowl,Dusty Bowl (Den G - Southeast of Dusty Bowl - Rare)
dusty-bowl-den-southwest-end-of-dusty-bowl-common,dusty-bowl,Dusty Bowl (Den H - At the southwest end of Dusty Bowl - Common)
dusty-bowl-den-southwest-end-of-dusty-bowl-rare,dusty-bowl,Dusty Bowl (Den H - At the southwest end of Dusty Bowl - Rare)
dusty-bowl-den-west-end-of-dusty-bowl-near-lake-common,dusty-bowl,Dusty Bowl (Den I - At the west end of Dusty Bowl near the lake - Common)
dusty-bowl-den-west-end-of-dusty-bowl-near-lake-rare,dusty-bowl,Dusty Bowl (Den I - at the west end of Dusty Bowl near the lake - Rare)
dusty-bowl-east-den-lying-along-west-wall,dusty-bowl,Dusty Bowl (East den lying along the west wall)
dusty-bowl-east-end-giant-bridge-rock,dusty-bowl,Dusty Bowl (East end of Giant Bridge Rock)
dusty-bowl-east-northern-field-grass-along-west-wall,dusty-bowl,Dusty Bowl (East northern field grass along the west wall)
dusty-bowl-large-pond-northwest,dusty-bowl,Dusty Bowl (Large pond northwest)
dusty-bowl-northwest-giant-bridge-rock,dusty-bowl,Dusty Bowl (Northwest Giant Bridge Rock)
dusty-bowl-small-pond-northwest,dusty-bowl,Dusty Bowl (Small pond northwest)
dusty-bowl-south-giant-bridge-rock,dusty-bowl,Dusty Bowl (South Giant Bridge Rock)
dusty-bowl-south-northern-field-grass-along-west-wall,dusty-bowl,Dusty Bowl (South northern field grass along the west wall)
dusty-bowl-southwest-side-large-spine-of-rock-stony-wilderness-northeast,dusty-bowl,"Dusty Bowl (Southwest side large spine of rock, Stony Wilderness northeast)"
dusty-bowl-west-giants-mirror-pond-near-border,dusty-bowl,Dusty Bowl (West Giant's Mirror pond near the border)
dyna-tree-hill,dyna-tree-hill,Dyna Tree Hill
dyna-tree-hill-den-common,dyna-tree-hill,Dyna Tree Hill (Den - Common)
dyna-tree-hill-den-rare,dyna-tree-hill,Dyna Tree Hill (Den - Rare)
east-lake-axewell,east-lake-axewell,East Lake Axewell
east-lake-axewell-by-bridge-in-west,east-lake-axewell,East Lake Axewell (By the bridge in the west)
east-lake-axewell-by-east-shore,east-lake-axewell,East Lake Axewell (By the east shore)
east-lake-axewell-den-north-of-east-lake-axewell-near-entrance-to-motostoke-common,east-lake-axewell,East Lake Axewell (Den A - North of East Lake Axewell near the entrance to Motostoke - Common)
east-lake-axewell-den-north-of-east-lake-axewell-near-entrance-to-motostoke-rare,east-lake-axewell,East Lake Axewell (Den A - North of East Lake Axewell near the entrance to Motostoke - Rare)
east-lake-axewell-den-northeast-coast-of-east-lake-axewell-common,east-lake-axewell,East Lake Axewell (Den B - On the northeast coast of East Lake Axewell - Common)
east-lake-axewell-den-northeast-coast-of-east-lake-axewell-rare,east-lake-axewell,East Lake Axewell (Den B - On the northeast coast of East Lake Axewell - Rare)
east-lake-axewell-den-northwest-of-east-lake-axewell-near-cliff-common,east-lake-axewell,East Lake Axewell (Den C - Northwest of East Lake Axewell near the cliff - Common)
east-lake-axewell-den-northwest-of-east-lake-axewell-near-cliff-rare,east-lake-axewell,East Lake Axewell (Den C - Northwest of East Lake Axewell near the cliff - Rare)
east-lake-axewell-den-south-of-east-lake-axewell-common,east-lake-axewell,East Lake Axewell (Den D - South of East Lake Axewell - Common)
east-lake-axewell-den-south-of-east-lake-axewell-rare,east-lake-axewell,East Lake Axewell (Den D - South of East Lake Axewell - Rare)
east-lake-axewell-den-southeast-coast-of-east-lake-axewell-common,east-lake-axewell,East Lake Axewell (Den E - On the southeast coast of East Lake Axewell - Common)
east-lake-axewell-den-southeast-coast-of-east-lake-axewell-rare,east-lake-axewell,East Lake Axewell (Den E - On the southeast coast of East Lake Axewell - Rare)
east-lake-axewell-flying-north-of-rolling-fields-border,east-lake-axewell,East Lake Axewell (Flying north of Rolling Fields border)
east-lake-axewell-in-southeast-corner,east-lake-axewell,East Lake Axewell (In the southeast corner)
east-lake-axewell-north-of-axews-eye,east-lake-axewell,East Lake Axewell (North of Axew's Eye)
east-lake-axewell-northeast-of-axews-eye,east-lake-axewell,East Lake Axewell (Northeast of Axew's Eye)
east-lake-axewell-northwest-of-axews-eye,east-lake-axewell,East Lake Axewell (Northwest of Axew's Eye)
east-lake-axewell-south-of-axews-eye,east-lake-axewell,East Lake Axewell (South of Axew's Eye)
east-lake-axewell-south-of-motostoke-entrance-near-den,east-lake-axewell,East Lake Axewell (South of Motostoke entrance near Den)
east-lake-axewell-southeast-of-axews-eye,east-lake-axewell,East Lake Axewell (Southeast of Axew's Eye)
east-lake-axewell-southwest-of-axews-eye,east-lake-axewell,East Lake Axewell (Southwest of Axew's Eye)
east-lake-axewell-west-northwest-of-axews-eye,east-lake-axewell,East Lake Axewell (West-northwest of Axew's Eye)
east-lake-axewell-west-of-north-lake-miloch-border,east-lake-axewell,East Lake Axewell (West of North Lake Miloch border)
east-paldean-sea,east-paldean-sea,East Paldean Sea
east-paldean-sea-beach,east-paldean-sea,East Paldean Sea (Beach)
east-paldean-sea-flower,east-paldean-sea,East Paldean Sea (Flower)
east-paldean-sea-ocean,east-paldean-sea,East Paldean Sea (Ocean)
east-province-area-one,east-province-area-one,East Province (Area One)
east-province-area-one-beach,east-province-area-one,East Province (Area One - Beach)
east-province-area-one-forest,east-province-area-one,East Province (Area One - Forest)
east-province-area-one-mountain,east-province-area-one,East Province (Area One - Mountain)
east-province-area-one-ocean,east-province-area-one,East Province (Area One - Ocean)
east-province-area-one-prairie,east-province-area-one,East Province (Area One - Prairie)
east-province-area-one-riverside,east-province-area-one,East Province (Area One - Riverside)
east-province-area-one-rocky-area,east-province-area-one,East Province (Area One - Rocky Area)
east-province-area-one-town,east-province-area-one,East Province (Area One - Town)
east-province-area-three,east-province-area-three,East Province (Area Three)
east-province-area-three-cave,east-province-area-three,East Province (Area Three - Cave)
east-province-area-three-lake,east-province-area-three,East Province (Area Three - Lake)
east-province-area-three-mine,east-province-area-three,East Province (Area Three - Mine)
east-province-area-three-ocean,east-province-area-three,East Province (Area Three - Ocean)
east-province-area-three-prairie,east-province-area-three,East Province (Area Three - Prairie)
east-province-area-three-riverside,east-province-area-three,East Province (Area Three - Riverside)
east-province-area-three-town,east-province-area-three,East Province (Area Three - Town)
east-province-area-two,east-province-area-two,East Province (Area Two)
east-province-area-two-beach,east-province-area-two,East Province (Area Two - Beach)
east-province-area-two-forest,east-province-area-two,East Province (Area Two - Forest)
east-province-area-two-ocean,east-province-area-two,East Province (Area Two - Ocean)
east-province-area-two-prairie,east-province-area-two,East Province (Area Two - Prairie)
east-province-area-two-riverside,east-province-area-two,East Province (Area Two - Riverside)
east-province-area-two-rocky-area,east-province-area-two,East Province (Area Two - Rocky Area)
east-province-area-two-ruins,east-province-area-two,East Province (Area Two - Ruins)
east-province-area-two-town,east-province-area-two,East Province (Area Two - Town)
ecruteak-city,ecruteak-city,Ecruteak City
embedded-tower,embedded-tower,Embedded Tower
ember-spa,kindle-road,Ember Spa
entralink,entralink,Entralink
entree-forest,entralink,Entree Forest
eterna-city,eterna-city,Eterna City
eterna-condominiums,eterna-condominiums,Eterna Condominiums
eterna-forest,eterna-forest,Eterna Forest
ever-grande-city,ever-grande-city,Ever Grande City
exeggutor-island,exeggutor-island,Exeggutor Island
fabled-cave,fabled-cave,Fabled Cave
fabled-spring,fabled-spring,Fabled Spring
fallarbor-town,fallarbor-town,Fallarbor Town
faraway-island,faraway-island,Faraway Island
fellhorn-gorge,fellhorn-gorge,Fellhorn Gorge
fellhorn-gorge-lake,fellhorn-gorge,Fellhorn Gorge (Lake)
fellhorn-gorge-prairie,fellhorn-gorge,Fellhorn Gorge (Prairie)
fellhorn-gorge-riverside,fellhorn-gorge,Fellhorn Gorge (Riverside)
fellhorn-gorge-rocky-area,fellhorn-gorge,Fellhorn Gorge (Rocky Area)
festival-plaza,festival-plaza,Festival Plaza
fields-of-honor,fields-of-honor,Fields of Honor
fields-of-honor-at-beach-east-of-armor-station-south-of-berry-tree,fields-of-honor,"Fields of Honor (At beach east of Armor Station, south of berry tree)"
fields-of-honor-at-beach-near-armor-station,fields-of-honor,Fields of Honor (At beach near Armor Station)
fields-of-honor-at-beach-south-of-bridge,fields-of-honor,Fields of Honor (At beach south of bridge)
fields-of-honor-center-of-beach-south-of-den,fields-of-honor,Fields of Honor (Center of beach south of Den)
fields-of-honor-den-east-end-of-soothing-wetlands-common,fields-of-honor,Fields of Honor (Den A - At the east end of Soothing Wetlands - Common)
fields-of-honor-den-east-end-of-soothing-wetlands-near-lake-common,fields-of-honor,Fields of Honor (Den A - At the east end of Soothing Wetlands - Rare)
fields-of-honor-den-east-end-of-soothing-wetlands-near-lake-rare,fields-of-honor,Fields of Honor (Den B - At the east end of Soothing Wetlands near lake - Common)
fields-of-honor-den-east-end-of-soothing-wetlands-rare,fields-of-honor,Fields of Honor (Den B - At the east end of Soothing Wetlands near lake - Rare)
fields-of-honor-den-northeast-end-of-soothing-wetlands-common,fields-of-honor,Fields of Honor (Den C - At the northeast end of Soothing Wetlands - Common)
fields-of-honor-den-northeast-end-of-soothing-wetlands-rare,fields-of-honor,Fields of Honor (Den C - At the northeast end of Soothing Wetlands - Rare)
fields-of-honor-den-northeast-of-soothing-wetlands-near-path-common,fields-of-honor,Fields of Honor (Den D - Northeast of Soothing Wetlands near path - Common)
fields-of-honor-den-northeast-of-soothing-wetlands-near-path-rare,fields-of-honor,Fields of Honor (Den D - Northeast of Soothing Wetlands near path - Rare)
fields-of-honor-den-northwest-of-soothing-wetlands-near-path-common,fields-of-honor,Fields of Honor (Den E - Northwest of Soothing Wetlands near path - Common)
fields-of-honor-den-northwest-of-soothing-wetlands-near-path-rare,fields-of-honor,Fields of Honor (Den E - Northwest of Soothing Wetlands near path - Rare)
fields-of-honor-den-south-of-soothing-wetlands-near-path-common,fields-of-honor,Fields of Honor (Den F - South of Soothing Wetlands near path - Common)
fields-of-honor-den-south-of-soothing-wetlands-near-path-rare,fields-of-honor,Fields of Honor (Den F - South of Soothing Wetlands near path - Rare)
fields-of-honor-den-southeast-end-of-soothing-wetlands-near-lake-common,fields-of-honor,Fields of Honor (Den G - Southeast end of Soothing Wetlands near lake - Common)
fields-of-honor-den-southeast-end-of-soothing-wetlands-near-lake-rare,fields-of-honor,Fields of Honor (Den G - Southeast end of Soothing Wetlands near lake - Rare)
fields-of-honor-den-southeast-of-soothing-wetlands-near-bridge-common,fields-of-honor,Fields of Honor (Den H - Southeast of Soothing Wetlands near bridge - Common)
fields-of-honor-den-southeast-of-soothing-wetlands-near-bridge-rare,fields-of-honor,Fields of Honor (Den H - Southeast of Soothing Wetlands near bridge - Rare)
fields-of-honor-den-southwest-end-of-soothing-wetlands-common,fields-of-honor,Fields of Honor (Den I - Southwest end of Soothing Wetlands - Common)
fields-of-honor-den-southwest-end-of-soothing-wetlands-rare,fields-of-honor,Fields of Honor (Den I- Southwest end of Soothing Wetlands - Rare)
fields-of-honor-den-west-of-soothing-wetlands-near-bridge-common,fields-of-honor,Fields of Honor (Den J - West of Soothing Wetlands near bridge - Common)
fields-of-honor-den-west-of-soothing-wetlands-near-bridge-rare,fields-of-honor,Fields of Honor (Den J - West of Soothing Wetlands near bridge - Rare)
fields-of-honor-east-of-armor-station-near-berry-tree,fields-of-honor,Fields of Honor (East of Armor Station near berry tree)
fields-of-honor-near-beach-south-of-bridge,fields-of-honor,Fields of Honor (Near beach south of bridge)
fields-of-honor-near-eastern-cliff-north-of-bridge,fields-of-honor,Fields of Honor (Near eastern cliff north of bridge)
fiery-path,fiery-path,Fiery Path
fight-area,fight-area,Fight Area
fighting-dojo,fighting-dojo,Fighting Dojo
firescourge-shrine,firescourge-shrine,Firescourge Shrine
firespit-island,firespit-island,Firespit Island
five-island,five-island,Five Island
five-isle-meadow,five-isle-meadow,Five Isle Meadow
floaro-gardens,floaro-gardens,Floaro Gardens
floaroma-meadow,floaroma-town,Floaroma Meadow
floaroma-town,floaroma-town,Floaroma Town
floccesy-ranch,floccesy-ranch,Floccesy Ranch
floccesy-town,floccesy-town,Floccesy Town
flower-paradise,flower-paradise,Flower Paradise
forest-of-focus,forest-of-focus,Forest of Focus
forest-of-focus-across-second-bridge-north,forest-of-focus,Forest of Focus (Across second bridge north)
forest-of-focus-across-second-bridge-northwest,forest-of-focus,Forest of Focus (Across second bridge northwest)
forest-of-focus-across-second-bridge-west-near-berry-tree-dead-end,forest-of-focus,"Forest of Focus (Across second bridge west near berry tree, dead end)"
forest-of-focus-by-entrance-to-river-across-first-bridge-east-of-berry-tree-and-den,forest-of-focus,"Forest of Focus (By entrance to river, across first bridge east of berry tree and Den)"
forest-of-focus-den-down-river-from-den-e-on-riverbank-near-first-bridge-surrounded-by-tall-grass-common,forest-of-focus,"Forest of Focus (Den A - Down river from Den E on riverbank near first bridge, surrounded by tall grass - Common)"
forest-of-focus-den-down-river-from-den-e-on-riverbank-near-first-bridge-surrounded-by-tall-grass-rare,forest-of-focus,"Forest of Focus (Den A - Down river from Den E on riverbank near first bridge, surrounded by tall grass - Rare)"
forest-of-focus-den-down-river-opposite-of-den-d-halfway-to-first-bridge-common,forest-of-focus,"Forest of Focus (Den B - Down river, opposite of Den D, halfway to first bridge - Common)"
forest-of-focus-den-down-river-opposite-of-den-d-halfway-to-first-bridge-rare,forest-of-focus,"Forest of Focus (Den B - Down river, opposite of Den D, halfway to first bridge - Rare)"
forest-of-focus-den-east-side-of-forest-before-bridges-at-end-of-water-common,forest-of-focus,"Forest of Focus (Den C - On the east side of forest before bridges, at the end of water - Common)"
forest-of-focus-den-east-side-of-forest-before-bridges-at-end-of-water-rare,forest-of-focus,"Forest of Focus (Den C - On the east side of forest before bridges, at the end of water - Rare)"
forest-of-focus-den-right-after-second-bridge-from-soothing-wetlands-near-lands-edge-common,forest-of-focus,"Forest of Focus (Den D - Right after second bridge from Soothing Wetlands, near land's edge - Common)"
forest-of-focus-den-right-after-second-bridge-from-soothing-wetlands-near-lands-edge-rare,forest-of-focus,"Forest of Focus (Den D - Right after second bridge from Soothing Wetlands, near land's edge - Rare)"
forest-of-focus-den-right-of-second-bridge-from-soothing-wetlands-in-river-common,forest-of-focus,Forest of Focus (Den E - Right of second bridge from Soothing Wetlands in river - Common)
forest-of-focus-den-right-of-second-bridge-from-soothing-wetlands-in-river-rare,forest-of-focus,Forest of Focus (Den E - Right of second bridge from Soothing Wetlands in river - Rare)
forest-of-focus-den-right-of-second-bridge-on-soothing-wetlands-side-common,forest-of-focus,Forest of Focus (Den F - Right of second bridge on Soothing Wetlands side - Common)
forest-of-focus-den-right-of-second-bridge-on-soothing-wetlands-side-rare,forest-of-focus,Forest of Focus (Den F - Right of second bridge on Soothing Wetlands side - Rare)
forest-of-focus-east-of-bridge-near-soothing-wetlands-border,forest-of-focus,Forest of Focus (East of bridge near Soothing Wetlands border)
forest-of-focus-east-of-pool-in-forest,forest-of-focus,Forest of Focus (East of pool in forest)
forest-of-focus-flying-between-trees,forest-of-focus,Forest of Focus (Flying between trees)
forest-of-focus-north-of-berry-tree-across-first-bridge,forest-of-focus,Forest of Focus (North of berry tree across first bridge)
forest-of-focus-north-of-pool-in-forest-west-of-second-bridge,forest-of-focus,"Forest of Focus (North of pool in forest, west of second bridge)"
forest-of-focus-northeast-of-pool-in-forest-east-of-second-bridge,forest-of-focus,"Forest of Focus (Northeast of pool in forest, east of second bridge)"
forest-of-focus-northeastern-end-of-forest-near-berry-tree-dead-end,forest-of-focus,"Forest of Focus (Northeastern end of forest near berry tree, dead end)"
forest-of-focus-northwest-of-pool-in-forest-south-of-berry-tree-dead-end,forest-of-focus,"Forest of Focus (Northwest of pool in forest, south of berry tree, dead end)"
forest-of-focus-slightly-north-of-challenge-beach-border,forest-of-focus,Forest of Focus (Slightly north of Challenge Beach border)
forest-of-focus-slightly-north-of-soothing-wetlands-border,forest-of-focus,Forest of Focus (Slightly north of Soothing Wetlands border)
forest-of-focus-southeast-of-berry-tree-near-soothing-wetlands-border,forest-of-focus,Forest of Focus (Southeast of berry tree near Soothing Wetlands border)
fortree-city,fortree-city,Fortree City
fountainspring-cave,fountainspring-cave,Fountainspring Cave
four-island,four-island,Four Island
freezington,freezington,Freezington
friend-safari-bug-slot-1,friend-safari,Friend Safari (Bug Slot 1)
friend-safari-bug-slot-2,friend-safari,Friend Safari (Bug Slot 2)
friend-safari-bug-slot-3,friend-safari,Friend Safari (Bug Slot 3)
friend-safari-dark-slot-1,friend-safari,Friend Safari (Dark Slot 1)
friend-safari-dark-slot-2,friend-safari,Friend Safari (Dark Slot 2)
friend-safari-dark-slot-3,friend-safari,Friend Safari (Dark Slot 3)
friend-safari-dragon-slot-1,friend-safari,Friend Safari (Dragon Slot 1)
friend-safari-dragon-slot-2,friend-safari,Friend Safari (Dragon Slot 2)
friend-safari-dragon-slot-3,friend-safari,Friend Safari (Dragon Slot 3)
friend-safari-electric-slot-1,friend-safari,Friend Safari (Electric Slot 1)
friend-safari-electric-slot-2,friend-safari,Friend Safari (Electric Slot 2)
friend-safari-electric-slot-3,friend-safari,Friend Safari (Electric Slot 3)
friend-safari-fairy-slot-1,friend-safari,Friend Safari (Fairy Slot 1)
friend-safari-fairy-slot-2,friend-safari,Friend Safari (Fairy Slot 2)
friend-safari-fairy-slot-3,friend-safari,Friend Safari (Fairy Slot 3)
friend-safari-fighting-slot-1,friend-safari,Friend Safari (Fighting Slot 1)
friend-safari-fighting-slot-2,friend-safari,Friend Safari (Fighting Slot 2)
friend-safari-fighting-slot-3,friend-safari,Friend Safari (Fighting Slot 3)
friend-safari-fire-slot-1,friend-safari,Friend Safari (Fire Slot 1)
friend-safari-fire-slot-2,friend-safari,Friend Safari (Fire Slot 2)
friend-safari-fire-slot-3,friend-safari,Friend Safari (Fire Slot 3)
friend-safari-flying-slot-1,friend-safari,Friend Safari (Flying Slot 1)
friend-safari-flying-slot-2,friend-safari,Friend Safari (Flying Slot 2)
friend-safari-flying-slot-3,friend-safari,Friend Safari (Flying Slot 3)
friend-safari-ghost-slot-1,friend-safari,Friend Safari (Ghost Slot 1)
friend-safari-ghost-slot-2,friend-safari,Friend Safari (Ghost Slot 2)
friend-safari-ghost-slot-3,friend-safari,Friend Safari (Ghost Slot 3)
friend-safari-grass-slot-1,friend-safari,Friend Safari (Grass Slot 1)
friend-safari-grass-slot-2,friend-safari,Friend Safari (Grass Slot 2)
friend-safari-grass-slot-3,friend-safari,Friend Safari (Grass Slot 3)
friend-safari-ground-slot-1,friend-safari,Friend Safari (Ground Slot 1)
friend-safari-ground-slot-2,friend-safari,Friend Safari (Ground Slot 2)
friend-safari-ground-slot-3,friend-safari,Friend Safari (Ground Slot 3)
friend-safari-ice-slot-1,friend-safari,Friend Safari (Ice Slot 1)
friend-safari-ice-slot-2,friend-safari,Friend Safari (Ice Slot 2)
friend-safari-ice-slot-3,friend-safari,Friend Safari (Ice Slot 3)
friend-safari-normal-slot-1,friend-safari,Friend Safari (Normal Slot 1)
friend-safari-normal-slot-2,friend-safari,Friend Safari (Normal Slot 2)
friend-safari-normal-slot-3,friend-safari,Friend Safari (Normal Slot 3)
friend-safari-poison-slot-1,friend-safari,Friend Safari (Poison Slot 1)
friend-safari-poison-slot-2,friend-safari,Friend Safari (Poison Slot 2)
friend-safari-poison-slot-3,friend-safari,Friend Safari (Poison Slot 3)
friend-safari-psychic-slot-1,friend-safari,Friend Safari (Psychic Slot 1)
friend-safari-psychic-slot-2,friend-safari,Friend Safari (Psychic Slot 2)
friend-safari-psychic-slot-3,friend-safari,Friend Safari (Psychic Slot 3)
friend-safari-rock-slot-1,friend-safari,Friend Safari (Rock Slot 1)
friend-safari-rock-slot-2,friend-safari,Friend Safari (Rock Slot 2)
friend-safari-rock-slot-3,friend-safari,Friend Safari (Rock Slot 3)
friend-safari-steel-slot-1,friend-safari,Friend Safari (Steel Slot 1)
friend-safari-steel-slot-2,friend-safari,Friend Safari (Steel Slot 2)
friend-safari-steel-slot-3,friend-safari,Friend Safari (Steel Slot 3)
friend-safari-water-slot-1,friend-safari,Friend Safari (Water Slot 1)
friend-safari-water-slot-2,friend-safari,Friend Safari (Water Slot 2)
friend-safari-water-slot-3,friend-safari,Friend Safari (Water Slot 3)
frigid-sea,frigid-sea,Frigid Sea
frigid-sea-den-at-northern-tip-on-ice-sheets-common,frigid-sea,Frigid Sea (Den A - At the northern tip on ice sheets - Common)
frigid-sea-den-at-northern-tip-on-ice-sheets-rare,frigid-sea,Frigid Sea (Den A - At the northern tip on ice sheets - Rare)
frigid-sea-den-central-north-ice-sheet-near-split-common,frigid-sea,Frigid Sea (Den B - On the central north ice sheet near split - Common)
frigid-sea-den-central-north-ice-sheet-near-split-rare,frigid-sea,Frigid Sea (Den B - On the central north ice sheet near split - Rare)
frigid-sea-den-central-south-inland-area-common,frigid-sea,Frigid Sea (Den C - In the central south inland area - Common)
frigid-sea-den-central-south-inland-area-rare,frigid-sea,Frigid Sea (Den C - In the central south inland area - Rare)
frigid-sea-den-central-southern-ice-sheet-near-inland-common,frigid-sea,Frigid Sea (Den D - On the central southern ice sheet near inland - Common)
frigid-sea-den-central-southern-ice-sheet-near-inland-rare,frigid-sea,Frigid Sea (Den D - On the central southern ice sheet near inland - Rare)
frigid-sea-den-near-southwest-edge-on-ice-sheet-common,frigid-sea,Frigid Sea (Den E - Near the southwest edge on ice sheet - Common)
frigid-sea-den-near-southwest-edge-on-ice-sheet-rare,frigid-sea,Frigid Sea (Den E - Near the southwest edge on ice sheet - Rare)
frigid-sea-den-near-three-point-pass-close-to-roaring-sea-caves-common,frigid-sea,"Frigid Sea (Den F - Near Three-Point Pass, close to Roaring Sea Caves - Common)"
frigid-sea-den-near-three-point-pass-close-to-roaring-sea-caves-rare,frigid-sea,"Frigid Sea (Den F - Near Three-Point Pass, close to Roaring Sea Caves - Rare)"
frigid-sea-den-near-western-ice-sheet-close-to-ocean-common,frigid-sea,"Frigid Sea (Den G - Near the western ice sheet, close to the ocean - Common)"
frigid-sea-den-near-western-ice-sheet-close-to-ocean-rare,frigid-sea,"Frigid Sea (Den G - Near the western ice sheet, close to the ocean - Rare)"
frigid-sea-den-on-eastern-coastline-above-ice-sheet-common,frigid-sea,Frigid Sea (Den H - On the eastern coastline above the ice sheet - Common)
frigid-sea-den-on-eastern-coastline-above-ice-sheet-rare,frigid-sea,Frigid Sea (Den H - On the eastern coastline above the ice sheet - Rare)
frigid-sea-den-on-easternmost-ice-sheet-edge-common,frigid-sea,Frigid Sea (Den I - On the easternmost ice sheet edge - Common)
frigid-sea-den-on-easternmost-ice-sheet-edge-rare,frigid-sea,Frigid Sea (Den I - On the easternmost ice sheet edge - Rare)
frigid-sea-den-on-island-center-of-large-mountainous-area-common,frigid-sea,Frigid Sea (Den J - On the island in the center of a large mountainous area - Common)
frigid-sea-den-on-island-center-of-large-mountainous-area-rare,frigid-sea,Frigid Sea (Den J - On the island in the center of a large mountainous area - Rare)
frigid-sea-den-on-northeast-ice-sheet-near-ocean-common,frigid-sea,Frigid Sea (Den K - On the northeast ice sheet near the ocean - Common)
frigid-sea-den-on-northeast-ice-sheet-near-ocean-rare,frigid-sea,Frigid Sea (Den K - On the northeast ice sheet near the ocean - Rare)
frigid-sea-den-southeast-ice-sheet-edge-close-to-land-common,frigid-sea,"Frigid Sea (Den L - On the southeast ice sheet edge, close to land - Common)"
frigid-sea-den-southeast-ice-sheet-edge-close-to-land-rare,frigid-sea,"Frigid Sea (Den L - On the southeast ice sheet edge, close to land - Rare)"
frigid-sea-den-southeastern-ice-sheet-southern-edge-common,frigid-sea,Frigid Sea (Den M - On the southeastern ice sheet southern edge - Common)
frigid-sea-den-southeastern-ice-sheet-southern-edge-rare,frigid-sea,Frigid Sea (Den M - On the southeastern ice sheet southern edge - Rare)
frigid-sea-den-southern-tip-on-ocean-near-three-point-pass-common,frigid-sea,Frigid Sea (Den N - At the southern tip on the ocean near Three-Point Pass - Common)
frigid-sea-den-southern-tip-on-ocean-near-three-point-pass-rare,frigid-sea,Frigid Sea (Den N - At the southern tip on the ocean near Three-Point Pass - Rare)
frost-cavern,frost-cavern,Frost Cavern
frost-cavern-1f,frost-cavern,Frost Cavern (1F)
frost-cavern-3f,frost-cavern,Frost Cavern (3F)
frost-cavern-ice-rock-room,frost-cavern,Frost Cavern (Ice Rock Room)
frost-cavern-main,frost-cavern,Frost Cavern (Main)
frost-cavern-main-2f-area,frost-cavern,Frost Cavern (Main 2F Area)
frostpoint-field,frostpoint-field,Frostpoint Field
frostpoint-field-den-east-common,frostpoint-field,Frostpoint Field (Den A - East - Common)
frostpoint-field-den-east-rare,frostpoint-field,Frostpoint Field (Den A - East - Rare)
frostpoint-field-den-northeast-of-rocks-common,frostpoint-field,Frostpoint Field (Den B - Northeast of rocks - Common)
frostpoint-field-den-northeast-of-rocks-rare,frostpoint-field,Frostpoint Field (Den B - Northeast of rocks - Rare)
frostpoint-field-den-southeast-of-rocks-common,frostpoint-field,Frostpoint Field (Den C - Southeast of rocks - Common)
frostpoint-field-den-southeast-of-rocks-rare,frostpoint-field,Frostpoint Field (Den C - Southeast of rocks - Rare)
frostpoint-field-den-west-common,frostpoint-field,Frostpoint Field (Den D - West - Common)
frostpoint-field-den-west-of-rocks-common,frostpoint-field,Frostpoint Field (Den D - West of rocks - Common)
frostpoint-field-den-west-of-rocks-rare,frostpoint-field,Frostpoint Field (Den E - West of rocks - Rare)
frostpoint-field-den-west-rare,frostpoint-field,Frostpoint Field (Den E - West - Rare)
fuchsia-city,fuchsia-city,Fuchsia City
fuego-ironworks,fuego-ironworks,Fuego Ironworks
fullmoon-island,fullmoon-island,Fullmoon Island
galactic-warehouse,veilstone-city,Galactic Warehouse
galar-mine,galar-mine,Galar Mine
galar-mine-no-2,galar-mine-no-2,Galar Mine No. 2
galar-mine-no-2-large-open-area-near-mine-cart,galar-mine-no-2,Galar Mine No. 2 (Large open area near mine cart)
galar-mine-no-2-next-to-northwest-edge-of-second-pool,galar-mine-no-2,Galar Mine No. 2 (Next to northwest edge of second pool)
galar-mine-no-2-next-to-south-edge-of-second-pool,galar-mine-no-2,Galar Mine No. 2 (Next to south edge of second pool)
galar-mine-no-2-pool-in-northeast-of-cave,galar-mine-no-2,Galar Mine No. 2 (Pool in northeast of cave)
galar-mine-no-2-short-passageway-south-of-large-open-area-near-mine-cart,galar-mine-no-2,Galar Mine No. 2 (Short passageway south of large open area near mine cart)
galar-mine-no-2-south-of-southeastern-most-pool,galar-mine-no-2,Galar Mine No. 2 (South of southeastern-most pool)
galar-mine-no-2-southeast-of-southeast-corner-of-second-pool,galar-mine-no-2,Galar Mine No. 2 (Southeast of southeast corner of second pool)
galar-mine-no-2-southeast-of-southeastern-most-pool,galar-mine-no-2,Galar Mine No. 2 (Southeast of southeastern-most pool)
galar-mine-no-2-where-path-turns-from-south-to-southwest,galar-mine-no-2,Galar Mine No. 2 (Where path turns from south to southwest)
galar-route-01,galar-route-01,Route 1 - Galar
galar-route-02,galar-route-02,Route 2 - Galar
galar-route-02-across-lake,galar-route-02,Route 2 - Galar (Across lake)
galar-route-02-in-water-north-section-lake,galar-route-02,"Route 2 - Galar (In water, north section lake)"
galar-route-02-middle-of-route-open-path-after-trainer-tips-sign,galar-route-02,"Route 2 - Galar (Middle of route, open path after Trainer Tips sign)"
galar-route-02-middle-of-route-open-path-before-trainer-tips-sign,galar-route-02,"Route 2 - Galar (Middle of route, open path before Trainer Tips sign)"
galar-route-02-northwest-corner-of-lake,galar-route-02,Route 2 - Galar (Northwest corner of lake)
galar-route-02-on-island-in-lake,galar-route-02,Route 2 - Galar (On island in lake)
galar-route-02-wedgehurst-side,galar-route-02,Route 2 - Galar (Wedgehurst side)
galar-route-03,galar-route-03,Route 3 - Galar
galar-route-03-eastern-patch,galar-route-03,Route 3 - Galar (Eastern patch)
galar-route-03-perched-on-rock-next-to-fenced-path-to-factory,galar-route-03,Route 3 - Galar (Perched on rock next to fenced path to factory)
galar-route-03-western-patch,galar-route-03,Route 3 - Galar (Western patch)
galar-route-04,galar-route-04,Route 4 - Galar
galar-route-04-northwest-paddock,galar-route-04,Route 4 - Galar (Northwest paddock)
galar-route-05,galar-route-05,Route 5 - Galar
galar-route-05-east-end-of-bridge,galar-route-05,Route 5 - Galar (East end of bridge)
galar-route-06,galar-route-06,Route 6 - Galar
galar-route-07,galar-route-07,Route 7 - Galar
galar-route-08,galar-route-08,Route 8 - Galar
galar-route-08-northwest-blocking-narrow-path-leading-to-tm43,galar-route-08,Route 8 - Galar (Northwest blocking narrow path leading to TM43)
galar-route-08-steamdrift-way,galar-route-08,Route 8 - Galar (Steamdrift Way)
galar-route-08-various-holes-around-ruins,galar-route-08,Route 8 - Galar (Various holes around ruins)
galar-route-09,galar-route-09,Route 9 - Galar
galar-route-09-circhester-bay,galar-route-09,Route 9 - Galar (Circhester Bay)
galar-route-09-circhester-bay-around-iceberg-between-trainer-tips-signpost-and-circhester-bay-signpost,galar-route-09,Route 9 - Galar (Circhester Bay around iceberg between Trainer Tips signpost and Circhester Bay signpost)
galar-route-09-circhester-bay-around-icebergs-northwest-of-pokemon-camp,galar-route-09,Route 9 - Galar (Circhester Bay around icebergs northwest of Pokémon camp)
galar-route-09-circhester-bay-around-rock-west-of-berry-tree,galar-route-09,Route 9 - Galar (Circhester Bay around rock west of berry tree)
galar-route-09-circhester-bay-east-of-northern-entrance-to-circhester-bay,galar-route-09,Route 9 - Galar (Circhester Bay east of northern entrance to Circhester Bay)
galar-route-09-circhester-bay-in-canal-southwest-of-pokemon-camp,galar-route-09,Route 9 - Galar (Circhester Bay in canal southwest of Pokémon camp)
galar-route-09-end-of-stream-west-of-bridge-by-circhester,galar-route-09,Route 9 - Galar (End of stream west of bridge by Circhester)
galar-route-09-outer-spikemuth,galar-route-09,Route 9 - Galar (Outer Spikemuth)
galar-route-10,galar-route-10,Route 10 - Galar
galar-route-10-east-of-pokemon-camp,galar-route-10,Route 10 - Galar (East of Pokémon camp)
galar-route-10-near-station,galar-route-10,Route 10 - Galar (Near station)
galar-route-10-north,galar-route-10,Route 10 - Galar (North)
galar-route-10-south-of-trainer-tips-sign,galar-route-10,Route 10 - Galar (South of Trainer Tips sign)
galaxy-hall,jubilife-village,Galaxy Hall
gapejaw-bog,gapejaw-bog,Gapejaw Bog
geosenge-town,geosenge-town,Geosenge Town
giant-chasm,giant-chasm,Giant Chasm
giant-chasm-cave,giant-chasm,Giant Chasm (Cave)
giant-chasm-cave-depths,giant-chasm,Giant Chasm (Cave depths)
giant-chasm-crater-forest,giant-chasm,Giant Chasm (Crater forest)
giant-chasm-entrance,giant-chasm,Giant Chasm (Entrance)
giants-bed,giants-bed,Giant's Bed
giants-bed-den-on-curve-near-river-to-ballimere-lake-common,giants-bed,Giant's Bed (Den A - On curve near river to Ballimere Lake - Common)
giants-bed-den-on-curve-near-river-to-ballimere-lake-rare,giants-bed,Giant's Bed (Den A - On curve near river to Ballimere Lake - Rare)
giants-bed-den-on-edge-eastern-cliff-overlooking-pond-common,giants-bed,"Giant's Bed (Den B - On edge, eastern cliff overlooking pond - Common)"
giants-bed-den-on-edge-eastern-cliff-overlooking-pond-rare,giants-bed,"Giant's Bed (Den B - On edge, eastern cliff overlooking pond - Rare)"
giants-bed-den-on-edge-southernmost-tip-of-peninsula-common,giants-bed,"Giant's Bed (Den C - On edge, southernmost tip of peninsula - Common)"
giants-bed-den-on-edge-southernmost-tip-of-peninsula-rare,giants-bed,"Giant's Bed (Den C - On edge, southernmost tip of peninsula - Rare)"
giants-bed-den-on-edge-western-cliff-overlooking-cemetery-common,giants-bed,"Giant's Bed (Den D - On edge, western cliff overlooking cemetery - Common)"
giants-bed-den-on-edge-western-cliff-overlooking-cemetery-rare,giants-bed,"Giant's Bed (Den D - On edge, western cliff overlooking cemetery - Rare)"
giants-bed-den-on-path-eastern-route-to-giants-foot-common,giants-bed,"Giant's Bed (Den E - On path, eastern route to Giant's Foot - Common)"
giants-bed-den-on-path-eastern-route-to-giants-foot-rare,giants-bed,"Giant's Bed (Den E - On path, eastern route to Giant's Foot - Rare)"
giants-bed-den-on-path-leading-into-giants-foot-common,giants-bed,Giant's Bed (Den F - On path leading into Giant's Foot - Common)
giants-bed-den-on-path-leading-into-giants-foot-rare,giants-bed,Giant's Bed (Den F - On path leading into Giant's Foot - Rare)
giants-bed-den-on-ridge-southern-side-of-ballimere-lake-common,giants-bed,"Giant's Bed (Den G - On ridge, southern side of Ballimere Lake - Common)"
giants-bed-den-on-ridge-southern-side-of-ballimere-lake-rare,giants-bed,"Giant's Bed (Den G - On ridge, southern side of Ballimere Lake - Rare)"
giants-bed-den-on-ridge-southwest-of-frostpoint-field-common,giants-bed,"Giant's Bed (Den H - On ridge, southwest of Frostpoint Field - Common)"
giants-bed-den-on-ridge-southwest-of-frostpoint-field-rare,giants-bed,"Giant's Bed (Den H - On ridge, southwest of Frostpoint Field - Rare)"
giants-bed-den-on-ridge-western-cliff-near-frostpoint-field-common,giants-bed,"Giant's Bed (Den I - On ridge, western cliff near Frostpoint Field - Common)"
giants-bed-den-on-ridge-western-cliff-near-frostpoint-field-rare,giants-bed,"Giant's Bed (Den I - On ridge, western cliff near Frostpoint Field - Rare)"
giants-bed-den-on-ruins-north-of-central-monument-common,giants-bed,"Giant's Bed (Den J - On ruins, north of central monument - Common)"
giants-bed-den-on-ruins-north-of-central-monument-rare,giants-bed,"Giant's Bed (Den J - On ruins, north of central monument - Rare)"
giants-bed-den-on-ruins-north-of-old-cemetery-common,giants-bed,"Giant's Bed (Den K - On ruins, north of Old Cemetery - Common)"
giants-bed-den-on-ruins-north-of-old-cemetery-rare,giants-bed,"Giant's Bed (Den K - On ruins, north of Old Cemetery - Rare)"
giants-bed-den-on-ruins-southeast-of-central-monument-common,giants-bed,"Giant's Bed (Den L - On ruins, southeast of central monument - Common)"
giants-bed-den-on-ruins-southeast-of-central-monument-rare,giants-bed,"Giant's Bed (Den L - On ruins, southeast of central monument - Rare)"
giants-bed-den-on-ruins-southern-side-near-monuments-common,giants-bed,"Giant's Bed (Den M - On ruins, southern side near monuments - Common)"
giants-bed-den-on-ruins-southern-side-near-monuments-rare,giants-bed,"Giant's Bed (Den M - On ruins, southern side near monuments - Rare)"
giants-bed-den-on-ruins-western-side-near-buildings-common,giants-bed,"Giant's Bed (Den N - On ruins, western side near buildings - Common)"
giants-bed-den-on-ruins-western-side-near-buildings-rare,giants-bed,"Giant's Bed (Den N - On ruins, western side near buildings - Rare)"
giants-bed-den-on-shore-eastern-cliffside-above-ballimere-lake-common,giants-bed,"Giant's Bed (Den O - On shore, eastern cliffside above Ballimere Lake - Common)"
giants-bed-den-on-shore-eastern-cliffside-above-ballimere-lake-rare,giants-bed,"Giant's Bed (Den O - On shore, eastern cliffside above Ballimere Lake - Rare)"
giants-bed-den-on-shore-west-side-of-ballimere-lake-common,giants-bed,"Giant's Bed (Den P - On shore, west side of Ballimere Lake - Common)"
giants-bed-den-on-shore-west-side-of-ballimere-lake-rare,giants-bed,"Giant's Bed (Den P - On shore, west side of Ballimere Lake - Rare)"
giants-bed-den-on-slope-eastern-ridge-snowslide-slope-common,giants-bed,"Giant's Bed (Den Q - On slope, eastern ridge of Snowslide Slope - Common)"
giants-bed-den-on-slope-eastern-ridge-snowslide-slope-rare,giants-bed,"Giant's Bed (Den Q - On slope, eastern ridge of Snowslide Slope - Rare)"
giants-bed-den-on-slope-midpoint-snowslide-slope-above-pond-common,giants-bed,"Giant's Bed (Den R - On slope, midpoint of Snowslide Slope above pond - Common)"
giants-bed-den-on-slope-midpoint-snowslide-slope-above-pond-rare,giants-bed,"Giant's Bed (Den R - On slope, midpoint of Snowslide Slope above pond - Rare)"
giants-bed-den-on-slope-near-pond-east-of-snowslide-slope-common,giants-bed,"Giant's Bed (Den S - On slope, near pond east of Snowslide Slope - Common)"
giants-bed-den-on-slope-near-pond-east-of-snowslide-slope-rare,giants-bed,"Giant's Bed (Den S - On slope, near pond east of Snowslide Slope - Rare)"
giants-bed-den-on-slope-northernmost-tip-snowslide-slope-common,giants-bed,"Giant's Bed (Den T - On slope, northernmost tip of Snowslide Slope - Common)"
giants-bed-den-on-slope-northernmost-tip-snowslide-slope-rare,giants-bed,"Giant's Bed (Den T - On slope, northernmost tip of Snowslide Slope - Rare)"
giants-bed-den-on-tip-end-of-southern-peninsula-common,giants-bed,Giant's Bed (Den U - On tip end of southern peninsula - Common)
giants-bed-den-on-tip-end-of-southern-peninsula-rare,giants-bed,Giant's Bed (Den U - On tip end of southern peninsula - Rare)
giants-bed-den-special-den,giants-bed,Giant's Bed (Special den)
giants-cap,giants-cap,Giant's Cap
giants-cap-clifftop-patch,giants-cap,Giant's Cap (Clifftop patch of grass)
giants-cap-den-center-of-giants-cap-common,giants-cap,Giant's Cap (Den A - Center of Giant's Cap - Common)
giants-cap-den-center-of-giants-cap-rare,giants-cap,Giant's Cap (Den A - Center of Giant's Cap - Rare)
giants-cap-den-northeast-end-of-giants-cap-common,giants-cap,Giant's Cap (Den B - Northeast end of Giant's Cap - Common)
giants-cap-den-northeast-end-of-giants-cap-rare,giants-cap,Giant's Cap (Den B - Northeast end of Giant's Cap - Rare)
giants-cap-den-northwest-of-giants-cap-near-path-common,giants-cap,Giant's Cap (Den C - Northwest of Giant's Cap near path - Common)
giants-cap-den-northwest-of-giants-cap-near-path-rare,giants-cap,Giant's Cap (Den C - Northwest of Giant's Cap near path - Rare)
giants-cap-den-south-end-of-giants-cap-common,giants-cap,Giant's Cap (Den D - South end of Giant's Cap - Common)
giants-cap-den-south-end-of-giants-cap-rare,giants-cap,Giant's Cap (Den D - South end of Giant's Cap - Rare)
giants-cap-den-southeast-of-giants-cap-common,giants-cap,Giant's Cap (Den E - Southeast of Giant's Cap - Common)
giants-cap-den-southeast-of-giants-cap-rare,giants-cap,Giant's Cap (Den E - Southeast of Giant's Cap - Rare)
giants-cap-first-field-north-along-west-wall,giants-cap,Giant's Cap (First field north along west wall)
giants-cap-most-patches,giants-cap,Giant's Cap (Most patches of grass)
giants-cap-mouth-of-western-branch-up-slope,giants-cap,Giant's Cap (Mouth of western branch up slope)
giants-cap-near-lakeshore-on-top-of-cliff-in-west,giants-cap,Giant's Cap (Near lakeshore on top of cliff in west)
giants-cap-north-between-dusty-bowl-cliff-and-large-brown-rock,giants-cap,Giant's Cap (North between Dusty Bowl cliff and large brown rock)
giants-cap-north-near-hammerlocke-hills-border,giants-cap,Giant's Cap (North near Hammerlocke Hills border)
giants-cap-northwestern-patch,giants-cap,Giant's Cap (Northwestern patch)
giants-cap-south-end-of-v-shaped-field-along-east,giants-cap,Giant's Cap (South end of V-shaped field along east)
giants-cap-south-near-border-to-stony-wilderness,giants-cap,Giant's Cap (South near border to Stony Wilderness)
giants-cap-southwest-corner-near-stony-wilderness-border,giants-cap,Giant's Cap (Southwest corner near Stony Wilderness border)
giants-cap-top-of-middle-branch-up-slope,giants-cap,Giant's Cap (Top of middle branch up slope)
giants-foot,giants-foot,Giant's Foot
giants-foot-den-by-pedestal-common,giants-foot,Giant's Foot (Den A - By pedestal - Common)
giants-foot-den-by-pedestal-rare,giants-foot,Giant's Foot (Den A - By pedestal - Rare)
giants-foot-den-in-eastern-ruin-common,giants-foot,Giant's Foot (Den B - In eastern ruin - Common)
giants-foot-den-in-eastern-ruin-rare,giants-foot,Giant's Foot (Den B - In eastern ruin - Rare)
giants-foot-den-near-giants-bed-entrance-common,giants-foot,Giant's Foot (Den C - Near Giant's Bed entrance - Common)
giants-foot-den-near-giants-bed-entrance-rare,giants-foot,Giant's Foot (Den C - Near Giant's Bed entrance - Rare)
giants-foot-den-southwest-of-western-ruin-common,giants-foot,Giant's Foot (Den D - Southwest of western ruin - Common)
giants-foot-den-southwest-of-western-ruin-rare,giants-foot,Giant's Foot (Den D - Southwest of western ruin - Rare)
giants-foot-den-west-of-roaring-sea-caves-entrance-common,giants-foot,Giant's Foot (Den E - West of Roaring Sea Caves entrance - Common)
giants-foot-den-west-of-roaring-sea-caves-entrance-rare,giants-foot,Giant's Foot (Den E - West of Roaring Sea Caves entrance - Rare)
giants-mirror,giants-mirror,Giant's Mirror
giants-mirror-den-central-area-of-giants-mirror-common,giants-mirror,Giant's Mirror (Den A - Central area of Giant's Mirror - Common)
giants-mirror-den-central-area-of-giants-mirror-rare,giants-mirror,Giant's Mirror (Den A - Central area of Giant's Mirror - Rare)
giants-mirror-den-central-area-of-hammerlocke-hills-common,giants-mirror,Giant's Mirror (Den B - Central area of Hammerlocke Hills - Common)
giants-mirror-den-central-area-of-hammerlocke-hills-rare,giants-mirror,Giant's Mirror (Den B - Central area of Hammerlocke Hills - Rare)
giants-mirror-den-north-of-hammerlocke-hills-near-entrance-to-hammerlocke-common,giants-mirror,Giant's Mirror (Den C - North of Hammerlocke Hills near entrance to Hammerlocke - Common)
giants-mirror-den-north-of-hammerlocke-hills-near-entrance-to-hammerlocke-rare,giants-mirror,Giant's Mirror (Den C - North of Hammerlocke Hills near entrance to Hammerlocke - Rare)
giants-mirror-den-northeast-end-of-giants-mirror-near-cliff-common,giants-mirror,Giant's Mirror (Den D - Northeast end of Giant's Mirror near cliff - Common)
giants-mirror-den-northeast-end-of-giants-mirror-near-cliff-rare,giants-mirror,Giant's Mirror (Den D - Northeast end of Giant's Mirror near cliff - Rare)
giants-mirror-den-northeast-end-of-hammerlocke-hills-near-bridge-common,giants-mirror,Giant's Mirror (Den E - Northeast end of Hammerlocke Hills near bridge - Common)
giants-mirror-den-northeast-end-of-hammerlocke-hills-near-bridge-rare,giants-mirror,Giant's Mirror (Den E - Northeast end of Hammerlocke Hills near bridge - Rare)
giants-mirror-den-northeast-of-giants-mirror-common,giants-mirror,Giant's Mirror (Den F - Northeast of Giant's Mirror - Common)
giants-mirror-den-northeast-of-giants-mirror-rare,giants-mirror,Giant's Mirror (Den F - Northeast of Giant's Mirror - Rare)
giants-mirror-den-northwest-of-hammerlocke-hills-near-path-common,giants-mirror,Giant's Mirror (Den G - Northwest of Hammerlocke Hills near path - Common)
giants-mirror-den-northwest-of-hammerlocke-hills-near-path-rare,giants-mirror,Giant's Mirror (Den G - Northwest of Hammerlocke Hills near path - Rare)
giants-mirror-den-south-end-of-hammerlocke-hills-common,giants-mirror,Giant's Mirror (Den H - South end of Hammerlocke Hills - Common)
giants-mirror-den-south-end-of-hammerlocke-hills-rare,giants-mirror,Giant's Mirror (Den H - South end of Hammerlocke Hills - Rare)
giants-mirror-den-south-of-giants-mirror-near-lake-common,giants-mirror,Giant's Mirror (Den I - South of Giant's Mirror near lake - Common)
giants-mirror-den-south-of-giants-mirror-near-lake-rare,giants-mirror,Giant's Mirror (Den I - South of Giant's Mirror near lake - Rare)
giants-mirror-den-southeast-end-of-hammerlocke-hills-common,giants-mirror,Giant's Mirror (Den J - Southeast end of Hammerlocke Hills - Common)
giants-mirror-den-southeast-end-of-hammerlocke-hills-rare,giants-mirror,Giant's Mirror (Den J - Southeast end of Hammerlocke Hills - Rare)
giants-mirror-den-southwest-end-of-giants-mirror-common,giants-mirror,Giant's Mirror (Den K - Southwest end of Giant's Mirror - Common)
giants-mirror-den-southwest-end-of-giants-mirror-rare,giants-mirror,Giant's Mirror (Den K - Southwest end of Giant's Mirror - Rare)
giants-mirror-den-west-end-of-hammerlocke-hills-common,giants-mirror,Giant's Mirror (Den L - West end of Hammerlocke Hills - Common)
giants-mirror-den-west-end-of-hammerlocke-hills-rare,giants-mirror,Giant's Mirror (Den L - West end of Hammerlocke Hills - Rare)
giants-mirror-in-pond,giants-mirror,Giant's Mirror (In pond)
giants-mirror-northeast-corner-near-den,giants-mirror,Giant's Mirror (Northeast corner near Den)
giants-mirror-northeast-field-of-grass,giants-mirror,Giant's Mirror (Northeast field of grass)
giants-mirror-northeast-of-pond-near-large-rocks,giants-mirror,Giant's Mirror (Northeast of pond near large rocks)
giants-mirror-northwest-of-pond,giants-mirror,Giant's Mirror (Northwest of pond)
giants-mirror-south-of-pond,giants-mirror,Giant's Mirror (South of pond)
giants-seat,giants-seat,Giant's Seat
giants-seat-by-den-in-northeast-corner,giants-seat,Giant's Seat (By Den in the northeast corner)
giants-seat-den-east-of-giants-seat-near-cliff-wall-common,giants-seat,Giant's Seat (Den A - East of Giant's Seat near cliff wall - Common)
giants-seat-den-east-of-giants-seat-near-cliff-wall-rare,giants-seat,Giant's Seat (Den A - East of Giant's Seat near cliff wall - Rare)
giants-seat-den-northeast-of-giants-seat-common,giants-seat,Giant's Seat (Den B - Northeast of Giant's Seat - Common)
giants-seat-den-northeast-of-giants-seat-rare,giants-seat,Giant's Seat (Den B - Northeast of Giant's Seat - Rare)
giants-seat-den-southeast-of-giants-seat-near-cliff-common,giants-seat,Giant's Seat (Den C - Southeast of Giant's Seat near cliff - Common)
giants-seat-den-southeast-of-giants-seat-near-cliff-rare,giants-seat,Giant's Seat (Den C - Southeast of Giant's Seat near cliff - Rare)
giants-seat-den-southwest-of-giants-seat-near-lake-common,giants-seat,Giant's Seat (Den D - Southwest of Giant's Seat near lake - Common)
giants-seat-den-southwest-of-giants-seat-near-lake-rare,giants-seat,Giant's Seat (Den D - Southwest of Giant's Seat near lake - Rare)
giants-seat-den-west-of-giants-seat-near-cliff-common,giants-seat,Giant's Seat (Den E - West of Giant's Seat near cliff - Common)
giants-seat-den-west-of-giants-seat-near-cliff-rare,giants-seat,Giant's Seat (Den E - West of Giant's Seat near cliff - Rare)
giants-seat-north-of-rock-spire,giants-seat,Giant's Seat (North of Rock Spire)
giants-seat-southwest-of-rock-spire,giants-seat,Giant's Seat (Southwest of Rock Spire)
giants-seat-west-of-rock-spire,giants-seat,Giant's Seat (West of Rock Spire)
ginkgo-guild,jubilife-village,Ginkgo Guild
ginkgo-guild-cart,jubilife-village,Ginkgo Guild Cart
ginkgo-landing,ginkgo-landing,Ginkgo Landing
glacial-cavern,glacial-cavern,Glacial Cavern
glacier-terrace,glacier-terrace,Glacier Terrace
glaseado-mountain,glaseado-mountain,Glaseado Mountain
glaseado-mountain-northern-mountain-cave,glaseado-mountain,Glaseado Mountain (Northern Mountain - Cave)
glaseado-mountain-northern-mountain-flower,glaseado-mountain,Glaseado Mountain (Northern Mountain - Flower)
glaseado-mountain-northern-mountain-lake,glaseado-mountain,Glaseado Mountain (Northern Mountain - Lake)
glaseado-mountain-northern-mountain-mountain,glaseado-mountain,Glaseado Mountain (Northern Mountain)
glaseado-mountain-northern-mountain-ocean,glaseado-mountain,Glaseado Mountain (Northern Mountain - Ocean)
glaseado-mountain-northern-mountain-riverside,glaseado-mountain,Glaseado Mountain (Northern Mountain - Riverside)
glaseado-mountain-northern-mountain-rocky-area,glaseado-mountain,Glaseado Mountain (Northern Mountain - Rocky Area)
glaseado-mountain-northern-mountain-ruins,glaseado-mountain,Glaseado Mountain (Northern Mountain - Ruins)
glaseado-mountain-northern-mountain-snowfield,glaseado-mountain,Glaseado Mountain (Northern Mountain - Snowfield)
glaseado-mountain-northern-mountain-town,glaseado-mountain,Glaseado Mountain (Northern Mountain - Town)
glaseado-mountain-southern-mountain-mountain,glaseado-mountain,Glaseado Mountain (Southern Mountain)
glaseado-mountain-southern-mountain-rocky-area,glaseado-mountain,Glaseado Mountain (Southern Mountain - Rocky Area)
glaseado-mountain-southern-mountain-ruins,glaseado-mountain,Glaseado Mountain (Southern Mountain - Ruins)
glaseado-mountain-southern-mountain-snowfield,glaseado-mountain,Glaseado Mountain (Southern Mountain - Snowfield)
glimwood-tangle,glimwood-tangle,Glimwood Tangle
glimwood-tangle-east-dead-end-luminescent-mushroom,glimwood-tangle,"Glimwood Tangle (East dead end, Luminescent Mushroom)"
glimwood-tangle-left-of-madame-judy-large-tree,glimwood-tangle,Glimwood Tangle (Left of Madame Judy's large tree)
glimwood-tangle-near-entrance-luminescent-mushroom,glimwood-tangle,"Glimwood Tangle (Near entrance, Luminescent Mushroom)"
glittering-cave,glittering-cave,Glittering Cave
gnarled-den,gnarled-den,Gnaled Den
go-park,fuchsia-city,GO Park
golden-lowlands,golden-lowlands,Golden Lowlands
goldenrod-city,goldenrod-city,Goldenrod City
goldenrod-department-store,goldenrod-city,Goldenrod Department Store
goldenrod-department-store-basement,goldenrod-city,Goldenrod Department Store (Basement)
goldenrod-radio-tower,goldenrod-city,Goldenrod Radio Tower
goldenrod-tunnel,goldenrod-city,Goldenrod Tunnel
goldenrod-tunnel-warehouse,goldenrod-city,Goldenrod Tunnel Warehouse
grand-meteor-delta,grand-meteor-delta,Grand Meteor Delta
grandtree-arena,grandtree-arena,Grandtree Arena
granite-cave,granite-cave,Granite Cave
granite-cave-1f,granite-cave,Granite Cave (1F)
granite-cave-b1f,granite-cave,Granite Cave (B1F)
granite-cave-b2f,granite-cave,Granite Cave (B2F)
granite-cave-stevens-room,granite-cave,Granite Cave (Steven's Room)
grassland-cave,grassland-cave,Grassland Cave
grasswither-shrine,grasswither-shrine,Grasswither Shrine
great-crater-of-paldea,great-crater-of-paldea,Great Crater of Paldea
great-marsh,great-marsh,Great Marsh
great-marsh-area-1,great-marsh,Great Marsh (Area 1)
great-marsh-area-2,great-marsh,Great Marsh (Area 2)
great-marsh-area-3,great-marsh,Great Marsh (Area 3)
great-marsh-area-4,great-marsh,Great Marsh (Area 4)
great-marsh-area-5,great-marsh,Great Marsh (Area 5)
great-marsh-area-6,great-marsh,Great Marsh (Area 6)
green-path,green-path,Green Path
groundblight-shrine,groundblight-shrine,Groundblight Shrine
grueling-grove,grueling-grove,Grueling Grove
haina-desert,haina-desert,Haina Desert
hall-of-origin,hall-of-origin,Hall of Origin
hammerlocke,hammerlocke,Hammerlocke
hammerlocke-hills,hammerlocke-hills,Hammerlocke Hills
hammerlocke-hills-corner-wall-east-hammerlocke,hammerlocke-hills,"Hammerlocke Hills (Corner wall, east Hammerlocke)"
hammerlocke-hills-east-end-dusty-bowl-wall,hammerlocke-hills,Hammerlocke Hills (East end Dusty Bowl wall)
hammerlocke-hills-northwest-corner,hammerlocke-hills,Hammerlocke Hills (Northwest corner)
hammerlocke-hills-south-hammerlocke-entrance,hammerlocke-hills,Hammerlocke Hills (South Hammerlocke entrance)
hammerlocke-hills-west-of-easternmost-grass-field,hammerlocke-hills,Hammerlocke Hills (West of easternmost grass field)
hammerlocke-hills-west-southwest-den-west-hammerlocke,hammerlocke-hills,"Hammerlocke Hills (West-southwest Den, west Hammerlocke)"
hano-beach,hano-beach,Hano Beach
hano-grand-resort,hano-grand-resort,Hano Grand Resort
hauoli-cemetery,hauoli-cemetery,Hau'oli Cemetery
hauoli-city,hauoli-city,Hau'oli City
hauoli-city-beachfront,hauoli-city,Hau'oli City Beachfront
hauoli-city-shopping-district,hauoli-city,Hau'oli City (Shopping District)
hauoli-city-shopping-district-two-patches-near-city-hall,hauoli-city,"Hau'oli City (Shopping District, two patches near City Hall)"
hauoli-city-shopping-district-two-patches-near-marina,hauoli-city,"Hau'oli City (Shopping District, two patches near Marina)"
heahea-beach,heahea-beach,Heahea Beach
heahea-city,heahea-city,Heahea City
hearthome-city,hearthome-city,Hearthome City
hearts-crag,hearts-crag,Heart's Crag
heavenward-lookout,heavenward-lookout,Heavenward Lookout
hideaway-bay,hideaway-bay,Hideaway Bay
hoenn-route-101,hoenn-route-101,Hoenn Route 101
hoenn-route-102,hoenn-route-102,Hoenn Route 102
hoenn-route-103,hoenn-route-103,Hoenn Route 103
hoenn-route-104,hoenn-route-104,Hoenn Route 104
hoenn-route-104-north-section,hoenn-route-104,Hoenn Route 104 (North section)
hoenn-route-104-south-section,hoenn-route-104,Hoenn Route 104 (South section)
hoenn-route-105,hoenn-route-105,Hoenn Route 105
hoenn-route-106,hoenn-route-106,Hoenn Route 106
hoenn-route-107,hoenn-route-107,Hoenn Route 107
hoenn-route-108,hoenn-route-108,Hoenn Route 108
hoenn-route-109,hoenn-route-109,Hoenn Route 109
hoenn-route-110,hoenn-route-110,Hoenn Route 110
hoenn-route-111,hoenn-route-111,Hoenn Route 111
hoenn-route-111-desert,hoenn-route-111,Hoenn Route 111 (Desert)
hoenn-route-111-south-section,hoenn-route-111,Hoenn Route 111 (South section)
hoenn-route-112,hoenn-route-112,Hoenn Route 112
hoenn-route-112-north-section,hoenn-route-112,Hoenn Route 112 (North section)
hoenn-route-112-south-section,hoenn-route-112,Hoenn Route 112 (South section)
hoenn-route-113,hoenn-route-113,Hoenn Route 113
hoenn-route-114,hoenn-route-114,Hoenn Route 114
hoenn-route-115,hoenn-route-115,Hoenn Route 115
hoenn-route-116,hoenn-route-116,Hoenn Route 116
hoenn-route-117,hoenn-route-117,Hoenn Route 117
hoenn-route-118,hoenn-route-118,Hoenn Route 118
hoenn-route-119,hoenn-route-119,Hoenn Route 119
hoenn-route-120,hoenn-route-120,Hoenn Route 120
hoenn-route-120-eastern-part,hoenn-route-120,Hoenn Route 120 (Eastern part)
hoenn-route-120-western-part,hoenn-route-120,Hoenn Route 120 (Western part)
hoenn-route-121,hoenn-route-121,Hoenn Route 121
hoenn-route-122,hoenn-route-122,Hoenn Route 122
hoenn-route-123,hoenn-route-123,Hoenn Route 123
hoenn-route-124,hoenn-route-124,Hoenn Route 124
hoenn-route-124-underwater,hoenn-route-124,Hoenn Route 124 (Underwater)
hoenn-route-125,hoenn-route-125,Hoenn Route 125
hoenn-route-126,hoenn-route-126,Hoenn Route 126
hoenn-route-126-underwater,hoenn-route-126,Hoenn Route 126 (Underwater)
hoenn-route-127,hoenn-route-127,Hoenn Route 127
hoenn-route-128,hoenn-route-128,Hoenn Route 128
hoenn-route-128-underwater,hoenn-route-128,Hoenn Route 128 (Underwater)
hoenn-route-129,hoenn-route-129,Hoenn Route 129
hoenn-route-129-underwater,hoenn-route-129,Hoenn Route 129 (Underwater)
hoenn-route-130,hoenn-route-130,Hoenn Route 130
hoenn-route-130-underwater,hoenn-route-130,Hoenn Route 130 (Underwater)
hoenn-route-131,hoenn-route-131,Hoenn Route 131
hoenn-route-132,hoenn-route-132,Hoenn Route 132
hoenn-route-133,hoenn-route-133,Hoenn Route 133
hoenn-route-134,hoenn-route-134,Hoenn Route 134
hokulani-observatory,mount-hokulani,Hokulani Observatory
holm-of-trials,holm-of-trials,Holm of Trials
honeycalm-island,honeycalm-island,Honeycalm Island
honeycalm-island-big-tree-in-middle,honeycalm-island,Honeycalm Island (Big tree in middle)
honeycalm-island-den-extreme-left-facing-center-island-common,honeycalm-island,Honeycalm Island (Den A - Extreme left facing center island - Common)
honeycalm-island-den-extreme-left-facing-center-island-rare,honeycalm-island,Honeycalm Island (Den A - Extreme left facing center island - Rare)
honeycalm-island-den-extreme-right-facing-center-island-common,honeycalm-island,Honeycalm Island (Den B - Extreme right facing center island - Common)
honeycalm-island-den-extreme-right-facing-center-island-rare,honeycalm-island,Honeycalm Island (Den B - Extreme right facing center island - Rare)
honeycalm-island-den-far-right-facing-center-island-common,honeycalm-island,Honeycalm Island (Den C - Far right facing center island - Common)
honeycalm-island-den-far-right-facing-center-island-rare,honeycalm-island,Honeycalm Island (Den C - Far right facing center island - Rare)
honeycalm-island-den-left-facing-center-island-common,honeycalm-island,Honeycalm Island (Den D - Left facing center island - Common)
honeycalm-island-den-left-facing-center-island-rare,honeycalm-island,Honeycalm Island (Den D - Left facing center island - Rare)
honeycalm-island-den-on-petal-closest-tower-of-waters-common,honeycalm-island,Honeycalm Island (Den E - On petal closest to Tower of Waters - Common)
honeycalm-island-den-on-petal-closest-tower-of-waters-rare,honeycalm-island,Honeycalm Island (Den E - On petal closest to Tower of Waters - Rare)
honeycalm-island-den-right-facing-center-island-common,honeycalm-island,Honeycalm Island (Den F - Right facing center island - Common)
honeycalm-island-den-right-facing-center-island-rare,honeycalm-island,Honeycalm Island (Den F - Right facing center island - Rare)
honeycalm-island-northeastern-outcrop,honeycalm-island,Honeycalm Island (Northeastern outcrop)
honeycalm-island-northern-outcrop,honeycalm-island,Honeycalm Island (Northern outcrop)
honeycalm-island-northwestern-outcrop,honeycalm-island,Honeycalm Island (Northwestern outcrop)
honeycalm-island-south-petal,honeycalm-island,Honeycalm Island (South petal)
honeycalm-island-southeastern-outcrop,honeycalm-island,Honeycalm Island (Southeastern outcrop)
honeycalm-island-southern-outcrop,honeycalm-island,Honeycalm Island (Southern outcrop)
honeycalm-island-southwestern-outcrop,honeycalm-island,Honeycalm Island (Southwestern outcrop)
honeycalm-sea,honeycalm-sea,Honeycalm Sea
honeycalm-sea-den-on-middle-of-sea-straight-ahead-honeycalm-island-on-left-common,honeycalm-sea,"Honeycalm Sea (Den A - On middle of sea straight ahead, Honeycalm Island on left - Common)"
honeycalm-sea-den-on-middle-of-sea-straight-ahead-honeycalm-island-on-left-rare,honeycalm-sea,"Honeycalm Sea (Den A - On middle of sea straight ahead, Honeycalm Island on left - Rare)"
honeycalm-sea-den-on-middle-of-three-rocky-islands-common,honeycalm-sea,Honeycalm Sea (Den B - On middle of three rocky islands - Common)
honeycalm-sea-den-on-middle-of-three-rocky-islands-rare,honeycalm-sea,Honeycalm Sea (Den B - On middle of three rocky islands - Rare)
honeycalm-sea-den-on-near-trio-of-rocky-islands-opposite-training-lowlands-common,honeycalm-sea,Honeycalm Sea (Den C - Near trio of rocky islands opposite Training Lowlands - Common)
honeycalm-sea-den-on-near-trio-of-rocky-islands-opposite-training-lowlands-rare,honeycalm-sea,Honeycalm Sea (Den C - Near trio of rocky islands opposite Training Lowlands - Rare)
honeycalm-sea-den-on-sea-to-right-of-honeycalm-island-common,honeycalm-sea,Honeycalm Sea (Den D - On sea to the right of Honeycalm Island - Common)
honeycalm-sea-den-on-sea-to-right-of-honeycalm-island-rare,honeycalm-sea,Honeycalm Sea (Den D - On sea to the right of Honeycalm Island - Rare)
honeycalm-sea-den-on-start-of-narrow-land-opposite-honeycalm-island-mainland-side-common,honeycalm-sea,"Honeycalm Sea (Den E - At start of narrow land opposite Honeycalm Island, mainland side - Common)"
honeycalm-sea-den-on-start-of-narrow-land-opposite-honeycalm-island-mainland-side-rare,honeycalm-sea,"Honeycalm Sea (Den E - At start of narrow land opposite Honeycalm Island, mainland side - Rare)"
honeycalm-sea-northeast-of-honeycalm-island-in-rock-triangle,honeycalm-sea,Honeycalm Sea (Northeast of Honeycalm Island in rock triangle)
horseshoe-plains,horseshoe-plains,Horseshoe Plains
hotel-grand-lake,route-213-sinnoh,Hotel Grand Lake
hotel-z,lumiose-city,Hotel Z
hulbury,hulbury,Hulbury
humilau-city,humilau-city,Humilau City
hyperspace-disaster-arena,hyperspace-lumiose,Hyperspace Disaster Arena
hyperspace-hunting-grounds,hyperspace-lumiose,Hyperspace Hunting Grounds
hyperspace-infernal-arena,hyperspace-lumiose,Hyperspace Infernal Arena
hyperspace-lumiose,hyperspace-lumiose,Hyperspace Lumiose
hyperspace-second-sight-arena,hyperspace-lumiose,Hyperspace Second-Sight Arena
hyperspace-sushi-paradise,hyperspace-lumiose,Hyperspace Sushi Paradise
hyperspace-zone-4-star,hyperspace-lumiose,Hyperspace Zone (4★)
hyperspace-zone-5-star,hyperspace-lumiose,Hyperspace Zone (5★)
ice-column-chamber,ice-column-chamber,Ice Column Chamber
ice-path,ice-path,Ice Path
ice-path-1f,ice-path,Ice Path (1F)
ice-path-b1f,ice-path,Ice Path (B1F)
ice-path-b2f,ice-path,Ice Path (B2F)
ice-path-b3f,ice-path,Ice Path (B3F)
iceberg-ruins-galar,iceberg-ruins-galar,Iceberg Ruins (Galar)
iceberg-ruins-sinnoh,iceberg-ruins-sinnoh,Iceberg Ruins (Sinnoh)
icebound-falls,icebound-falls,Icebound Falls
icefall-cave,icefall-cave,Icefall Cave
icefall-cave-back-cave,icefall-cave,Icefall Cave (Back cave)
icefall-cave-entrance,icefall-cave,Icefall Cave (Entrance)
icefall-cave-inner-cave,icefall-cave,Icefall Cave (Inner cave)
icepeak-arena,icepeak-arena,Icepeak Arena
icepeak-cavern,icepeak-cavern,Icepeak Cavern
icerend-shrine,icerend-shrine,Icerend Shrine
icirrus-city,icirrus-city,Icirrus City
icy-cave,icy-cave,Icy Cave
iki-town,iki-town,Iki Town
ilex-forest,ilex-forest,Ilex Forest
indigo-plateau,indigo-plateau,Indigo Plateau
infernal-pass,infernal-pass,Infernal Pass
infernal-pass-north-cave,infernal-pass,Infernal Pass (North Cave)
infernal-pass-riverside,infernal-pass,Infernal Pass (Riverside)
infernal-pass-rocky-area,infernal-pass,Infernal Pass (Rocky Area)
infernal-pass-west-cave,infernal-pass,Infernal Pass (West Cave)
inlet-grotto,inlet-grotto,Inlet Grotto
inlet-grotto-cave,inlet-grotto,Inlet Grotto (Cave)
insular-sea,insular-sea,Insular Sea
insular-sea-big-island,insular-sea,Insular Sea (Big Island)
insular-sea-den-directly-ahead-after-slight-left-from-islet-facing-island-with-tree-common,insular-sea,"Insular Sea (Den A - Directly ahead after slight left from islet, facing island with tree - Common)"
insular-sea-den-directly-ahead-after-slight-left-from-islet-facing-island-with-tree-rare,insular-sea,"Insular Sea (Den A - Directly ahead after slight left from islet, facing island with tree - Rare)"
insular-sea-den-in-sea-moderate-distance-left-of-tower-of-waters-common,insular-sea,"Insular Sea (Den B - In sea, moderate distance left of Tower of Waters - Common)"
insular-sea-den-in-sea-moderate-distance-left-of-tower-of-waters-rare,insular-sea,"Insular Sea (Den B - In sea, moderate distance left of Tower of Waters - Rare)"
insular-sea-den-near-rocky-island-towards-island-with-single-tree-behind-tower-of-waters-common,insular-sea,"Insular Sea (Den C - Near rocky island towards island with single tree, behind Tower of Waters - Common)"
insular-sea-den-near-rocky-island-towards-island-with-single-tree-behind-tower-of-waters-rare,insular-sea,"Insular Sea (Den C - Near rocky island towards island with single tree, behind Tower of Waters - Rare)"
insular-sea-den-on-circle-shaped-islet-opposite-direction-of-island-with-single-tree-common,insular-sea,"Insular Sea (Den D - On circle-shaped islet, opposite direction of island with single tree - Common)"
insular-sea-den-on-circle-shaped-islet-opposite-direction-of-island-with-single-tree-rare,insular-sea,"Insular Sea (Den D - On circle-shaped islet, opposite direction of island with single tree - Rare)"
insular-sea-den-on-island-with-single-tree-next-to-tall-grass-facing-mainland-common,insular-sea,"Insular Sea (Den E - On island with single tree next to tall grass, facing mainland - Common)"
insular-sea-den-on-island-with-single-tree-next-to-tall-grass-facing-mainland-rare,insular-sea,"Insular Sea (Den E - On island with single tree next to tall grass, facing mainland - Rare)"
iron-island,iron-island,Iron Island
iron-island-1f,iron-island,Iron Island (1F)
iron-island-b1f,iron-island,Iron Island (B1F)
iron-island-b2f-left,iron-island,Iron Island (B2F Left)
iron-island-b2f-right,iron-island,Iron Island (B2F Right)
iron-island-b3f,iron-island,Iron Island (B3F)
iron-island-outside,iron-island,Iron Island (Outside)
iron-ruins-galar,iron-ruins-galar,Iron Ruins (Galar)
iron-ruins-sinnoh,iron-ruins-sinnoh,Iron Ruins (Sinnoh)
island-cave,island-cave,Island Cave
islespy-shore,islespy-shore,Islespy Shore
jagged-pass,jagged-pass,Jagged Pass
jaune-sector-10,lumiose-city,Jaune Sector 10
jaune-sector-7,lumiose-city,Jaune Sector 7
join-avenue,join-avenue,Join Avenue
jubilife-city,jubilife-city,Jubilife City
jubilife-village,jubilife-village,Jubilife Village
jubilife-village-farm,jubilife-village,Jubilife Village (Farm)
juniper-pokemon-lab,nuvema-town,Juniper Pokémon Lab
kalae-bay,kalae-bay,Kala'e Bay
kalos-route-02,kalos-route-02,Kalos Route 02
kalos-route-03,kalos-route-03,Kalos Route 03
kalos-route-04,kalos-route-04,Kalos Route 04
kalos-route-05,kalos-route-05,Kalos Route 05
kalos-route-06,kalos-route-06,Kalos Route 06
kalos-route-07,kalos-route-07,Kalos Route 07
kalos-route-08,kalos-route-08,Kalos Route 08
kalos-route-09,kalos-route-09,Kalos Route 09
kalos-route-10,kalos-route-10,Kalos Route 10
kalos-route-11,kalos-route-11,Kalos Route 11
kalos-route-12,kalos-route-12,Kalos Route 12
kalos-route-13,kalos-route-13,Kalos Route 13
kalos-route-14,kalos-route-14,Kalos Route 14
kalos-route-15,kalos-route-15,Kalos Route 15
kalos-route-16,kalos-route-16,Kalos Route 16
kalos-route-17,kalos-route-17,Kalos Route 17
kalos-route-18,kalos-route-18,Kalos Route 18
kalos-route-19,kalos-route-19,Kalos Route 19
kalos-route-20,kalos-route-20,Kalos Route 20
kalos-route-21,kalos-route-21,Kalos Route 21
kalos-route-22,kalos-route-22,Kalos Route 22
kiloude-city,kiloude-city,Kiloude City
kindle-road,kindle-road,Kindle Road
kitakami-hall,kitakami-hall,Kitakami Hall
kitakami-road,kitakami-road,Kitakami Road
kitakami-road-cave,kitakami-road,Kitakami Road (Cave)
kitakami-road-prairie,kitakami-road,Kitakami Road (Prairie)
kitakami-road-riverside,kitakami-road,Kitakami Road (Riverside)
kitakami-road-swamp,kitakami-road,Kitakami Road (Swamp)
kitakami-wilds,kitakami-wilds,Kitakami Wilds
kitakami-wilds-lake,kitakami-wilds,Kitakami Wilds (Lake)
kitakami-wilds-prairie,kitakami-wilds,Kitakami Wilds (Prairie)
kitakami-wilds-riverside,kitakami-wilds,Kitakami Wilds (Riverside)
kitakami-wilds-rocky-area,kitakami-wilds,Kitakami Wilds (Rocky Area)
konikoni-city,konikoni-city,Konikoni City
lacunosa-town,lacunosa-town,Lacunosa Town
lake-acuity-hisui,lake-acuity-hisui,Lake Acuity
lake-acuity-sinnoh,lake-acuity-sinnoh,Lake Acuity
lake-of-outrage,lake-of-outrage,Lake of Outrage
lake-of-outrage-den-northeast-end-of-lake-of-outrage-common,lake-of-outrage,Lake of Outrage (Den A - Northeast end of Lake of Outrage - Common)
lake-of-outrage-den-northeast-end-of-lake-of-outrage-rare,lake-of-outrage,Lake of Outrage (Den A - Northeast end of Lake of Outrage - Rare)
lake-of-outrage-den-northwest-of-lake-of-outrage-common,lake-of-outrage,Lake of Outrage (Den B - Northwest of Lake of Outrage - Common)
lake-of-outrage-den-northwest-of-lake-of-outrage-rare,lake-of-outrage,Lake of Outrage (Den B - Northwest of Lake of Outrage - Rare)
lake-of-outrage-den-south-end-of-lake-of-outrage-common,lake-of-outrage,Lake of Outrage (Den C - South end of Lake of Outrage - Common)
lake-of-outrage-den-south-end-of-lake-of-outrage-rare,lake-of-outrage,Lake of Outrage (Den C - South end of Lake of Outrage - Rare)
lake-of-outrage-den-west-end-of-lake-of-outrage-common,lake-of-outrage,Lake of Outrage (Den D - West end of Lake of Outrage - Common)
lake-of-outrage-den-west-end-of-lake-of-outrage-rare,lake-of-outrage,Lake of Outrage (Den D - West end of Lake of Outrage - Rare)
lake-of-outrage-east-of-den-by-shore-with-giants-cap,lake-of-outrage,Lake of Outrage (East of Den by shore with Giant's Cap)
lake-of-outrage-in-north-end-by-shelf-of-land,lake-of-outrage,Lake of Outrage (In north end by shelf of land)
lake-of-outrage-in-south-end-by-shore-with-giants-cap,lake-of-outrage,Lake of Outrage (In south end by shore with Giant's Cap)
lake-of-outrage-in-west-end-by-island,lake-of-outrage,Lake of Outrage (In west end by island)
lake-of-outrage-on-island-east-of-stone-ring,lake-of-outrage,Lake of Outrage (On island east of stone ring)
lake-of-outrage-on-island-on-east-end,lake-of-outrage,Lake of Outrage (On island on east end)
lake-of-outrage-on-island-on-slope-up-from-lake,lake-of-outrage,Lake of Outrage (On island on slope up from lake)
lake-of-outrage-on-island-south-of-stone-ring,lake-of-outrage,Lake of Outrage (On island south of stone ring)
lake-of-rage,lake-of-rage,Lake of Rage
lake-of-the-moone,lake-of-the-moone,Lake of the Moone
lake-of-the-sunne,lake-of-the-sunne,Lake of the Sunne
lake-valor-hisui,lake-valor-hisui,Lake Valor
lake-valor-sinnoh,lake-valor-sinnoh,Lake Valor
lake-verity-hisui,lake-verity-hisui,Lake Verity
lake-verity-sinnoh,lake-verity-sinnoh,Lake Verity
lakeside-cave,lakeside-cave,Lakeside Cave
lakeside-cave-above-junction-of-two-entrances,lakeside-cave,Lakeside Cave (Above junction of two entrances)
lakeside-cave-between-two-rocks,lakeside-cave,Lakeside Cave (Between two rocks)
lakeside-cave-depth-of-cave-next-to-left-rock,lakeside-cave,Lakeside Cave (Depth of cave next to left rock)
lakeside-cave-left-of-cave,lakeside-cave,Lakeside Cave (Left of cave)
lakeside-cave-next-to-lower-entrance-to-ballimere-lake,lakeside-cave,Lakeside Cave (Next to lower entrance to Ballimere Lake)
lakeside-cave-next-to-right-rock,lakeside-cave,Lakeside Cave (Next to right rock)
lava-dome-sanctum,lava-dome-sanctum,Lava Dome Sanctum
lavaridge-town,lavaridge-town,Lavaridge Town
lavender-town,lavender-town,Lavender Town
laverre-city,laverre-city,Laverre City
league-club-room,blueberry-academy,League Club Room
levincia,levincia,Levincia
liberty-garden,liberty-garden,Liberty Garden
lilycove-city,lilycove-city,Lilycove City
littleroot-town,littleroot-town,Littleroot Town
lonely-spring,lonely-spring,Lonely Spring
loop-lagoon,loop-lagoon,Loop Lagoon
loop-lagoon-den-before-gap-in-cliffs-to-ocean-straight-from-shoreline-opposite-courageous-cavern-common,loop-lagoon,"Loop Lagoon (Den A - Before gap in cliffs to ocean, straight from shoreline opposite Courageous Cavern - Common)"
loop-lagoon-den-before-gap-in-cliffs-to-ocean-straight-from-shoreline-opposite-courageous-cavern-rare,loop-lagoon,"Loop Lagoon (Den A - Before gap in cliffs to ocean, straight from shoreline opposite Courageous Cavern - Rare)"
loop-lagoon-den-far-right-of-shoreline-on-island-in-centre-of-lagoon-common,loop-lagoon,"Loop Lagoon (Den B - Far right of shoreline, on island in center of lagoon - Common)"
loop-lagoon-den-far-right-of-shoreline-on-island-in-centre-of-lagoon-rare,loop-lagoon,"Loop Lagoon (Den B - Far right of shoreline, on island in center of lagoon - Rare)"
loop-lagoon-den-halfway-along-rocky-island-left-after-heading-right-at-gap-common,loop-lagoon,"Loop Lagoon (Den C - Halfway along rocky island, left after heading right at gap - Common)"
loop-lagoon-den-halfway-along-rocky-island-left-after-heading-right-at-gap-rare,loop-lagoon,"Loop Lagoon (Den C - Halfway along rocky island, left after heading right at gap - Rare)"
loop-lagoon-den-inner-grassy-part-of-central-island-facing-isolated-shore-common,loop-lagoon,"Loop Lagoon (Den D - Inner grassy part of central island, facing isolated shore - Common)"
loop-lagoon-den-inner-grassy-part-of-central-island-facing-isolated-shore-rare,loop-lagoon,"Loop Lagoon (Den D - Inner grassy part of central island, facing isolated shore - Rare)"
loop-lagoon-east-of-arch-on-central-island-south-of-den,loop-lagoon,"Loop Lagoon (East of arch on central island, south of Den)"
loop-lagoon-eastern-part-of-beach-south-of-entrance-to-courageous-cavern,loop-lagoon,"Loop Lagoon (Eastern part of beach, south of entrance to Courageous Cavern)"
loop-lagoon-in-clearing-south-of-entrance-to-courageous-cavern,loop-lagoon,Loop Lagoon (In clearing south of entrance to Courageous Cavern)
loop-lagoon-northern-beach-east-of-fallen-tree-trunks,loop-lagoon,"Loop Lagoon (Northern beach, east of fallen tree trunks)"
loop-lagoon-northern-beach-northwest-of-fallen-tree-trunks,loop-lagoon,"Loop Lagoon (Northern beach, northwest of fallen tree trunks)"
loop-lagoon-northern-beach-west-of-fallen-tree-trunks,loop-lagoon,"Loop Lagoon (Northern beach, west of fallen tree trunks)"
loop-lagoon-northern-part-of-beach-south-of-entrance-to-courageous-cavern,loop-lagoon,"Loop Lagoon (Northern part of beach, south of entrance to Courageous Cavern)"
loop-lagoon-south-of-arch-on-central-island,loop-lagoon,Loop Lagoon (South of arch on central island)
loop-lagoon-southeastern-part-of-beach-south-of-entrance-to-courageous-cavern,loop-lagoon,"Loop Lagoon (Southeastern part of beach, south of entrance to Courageous Cavern)"
loop-lagoon-western-coast-of-central-island,loop-lagoon,Loop Lagoon (Western coast of central island)
lost-cave,lost-cave,Lost Cave
lost-cave-item-room,lost-cave,Lost Cave (Item room)
lost-hotel,lost-hotel,Lost Hotel
lost-hotel-b1f,lost-hotel,Lost Hotel (B1F)
lost-tower,lost-tower,Lost Tower
lost-tower-1f,lost-tower,Lost Tower (1F)
lost-tower-2f,lost-tower,Lost Tower (2F)
lost-tower-3f,lost-tower,Lost Tower (3F)
lost-tower-4f,lost-tower,Lost Tower (4F)
lost-tower-5f,lost-tower,Lost Tower (5F)
lostlorn-forest,lostlorn-forest,Lostlorn Forest
loyalty-plaza,loyalty-plaza,Loyalty Plaza
lumiose-city,lumiose-city,Lumiose City
lunkers-lair,lunkers-lair,Lunker's Lair
lush-jungle,lush-jungle,Lush Jungle
lush-jungle-cave,lush-jungle,Lush Jungle (Cave)
lush-jungle-central-area,lush-jungle,Lush Jungle (Central area)
lush-jungle-north-area,lush-jungle,Lush Jungle (North area)
lush-jungle-northwest-area,lush-jungle,Lush Jungle (Northwest area)
lysandre-labs,lumiose-city,Lysandre Labs
magenta-sector-6,lumiose-city,Magenta Sector 6
magma-hideout-jagged-pass,magma-hideout-jagged-pass,Magma Hideout (Jagged Pass)
mahalo-trail,mahalo-trail,Mahalo Trail
mahogany-town,mahogany-town,Mahogany Town
mahogany-town-gym,mahogany-town,Mahogany Town Gym
malie-city,malie-city,Malie City
malie-city-outer-cape,malie-city,Malie City (Outer Cape)
malie-garden,malie-garden,Malie Garden
maniac-tunnel,maniac-tunnel,Maniac Tunnel
marine-cave,marine-cave,Marine Cave
marvelous-bridge,marvelous-bridge,Marvelous Bridge
master-dojo,master-dojo,Master Dojo
mauville-city,mauville-city,Mauville City
max-lair,max-lair,Max Lair
medali,medali,Medali
meetup-spot,meetup-spot,Meetup Spot
megalo-tower,megalo-tower,Megalo Tower
melemele-meadow,melemele-meadow,Melemele Meadow
melemele-sea,melemele-sea,Melemele Sea
melemele-sea-hauoli-city-side,melemele-sea,Melemele Sea (Hau'oli City side)
melemele-sea-route-01-side,melemele-sea,Melemele Sea (Route 1 side)
memorial-hill,memorial-hill,Memorial Hill
memorial-pillar,memorial-pillar,Memorial Pillar
mesagoza,mesagoza,Mesagoza
meteor-falls,meteor-falls,Meteor Falls
meteor-falls-1f-1r,meteor-falls,Meteor Falls (1F 1R)
meteor-falls-1f-2r,meteor-falls,Meteor Falls (1F 2R)
meteor-falls-b1f-1r,meteor-falls,Meteor Falls (B1F 1R)
meteor-falls-b1f-2r,meteor-falls,Meteor Falls (B1F 2R)
meteor-falls-stevens-cave,meteor-falls,Meteor Falls (Steven's Cave)
mirage-cave,mirage-cave,Mirage Cave
mirage-cave-north-fallarbor-town,mirage-cave,Mirage Cave (North Fallarbor Town)
mirage-cave-north-fortree-city,mirage-cave,Mirage Cave (North Fortree City)
mirage-cave-north-route-107,mirage-cave,Mirage Cave (North Route 107)
mirage-cave-north-route-124,mirage-cave,Mirage Cave (North Route 124)
mirage-cave-north-route-131,mirage-cave,Mirage Cave (North Route 131)
mirage-cave-north-route-132,mirage-cave,Mirage Cave (North Route 132)
mirage-cave-southeast-route-129,mirage-cave,Mirage Cave (Southeast Route 129)
mirage-cave-west-route-115,mirage-cave,Mirage Cave (West Route 115)
mirage-forest-east-mossdeep-city,mirage-forest,Mirage Forest (East Mossdeep City)
mirage-forest-north-lilycove-city,mirage-forest,Mirage Forest (North Lilycove City)
mirage-forest-north-route-111,mirage-forest,Mirage Forest (North Route 111)
mirage-forest-north-route-124,mirage-forest,Mirage Forest (North Route 124)
mirage-forest-south-route-109,mirage-forest,Mirage Forest (South Route 109)
mirage-forest-south-route-132,mirage-forest,Mirage Forest (South Route 132)
mirage-forest-west-route-105,mirage-forest,Mirage Forest (West Route 105)
mirage-forest-west-route-114,mirage-forest,Mirage Forest (West Route 114)
mirage-island,mirage-island,Mirage Island
mirage-island-north-route-113,mirage-island,Mirage Island (North Route 113)
mirage-island-north-route-124,mirage-island,Mirage Island (North Route 124)
mirage-island-north-route-125,mirage-island,Mirage Island (North Route 125)
mirage-island-south-pacifidlog-town,mirage-island,Mirage Island (South Pacifidlog Town)
mirage-island-south-route-132,mirage-island,Mirage Island (South Route 132)
mirage-island-south-route-134,mirage-island,Mirage Island (South Route 134)
mirage-island-west-dewford-town,mirage-island,Mirage Island (West Dewford Town)
mirage-island-west-route-104,mirage-island,Mirage Island (West Route 104)
mirage-mountain-east-route-125,mirage-mountain,Mirage Mountain (East Route 125)
mirage-mountain-north-lilycove-city,mirage-mountain,Mirage Mountain (North Lilycove City)
mirage-mountain-north-route-125,mirage-mountain,Mirage Mountain (North Route 125)
mirage-mountain-northeast-route-125,mirage-mountain,Mirage Mountain (Northeast Route 125)
mirage-mountain-south-route-129,mirage-mountain,Mirage Mountain (South Route 129)
mirage-mountain-south-route-131,mirage-mountain,Mirage Mountain (South Route 131)
mirage-mountain-southeast-route-129,mirage-mountain,Mirage Mountain (Southeast Route 129)
mirage-mountain-west-route-104,mirage-mountain,Mirage Mountain (West Route 104)
mirage-tower,mirage-tower,Mirage Tower
mirage-tower-1f,mirage-tower,Mirage Tower (1F)
mirage-tower-2f,mirage-tower,Mirage Tower (2F)
mirage-tower-3f,mirage-tower,Mirage Tower (3F)
mirage-tower-4f,mirage-tower,Mirage Tower (4F)
mistralton-cave,mistralton-cave,Mistralton Cave
mistralton-cave-1f,mistralton-cave,Mistralton Cave (1F)
mistralton-cave-2f,mistralton-cave,Mistralton Cave (2F)
mistralton-cave-guidance-chamber,mistralton-cave,Mistralton Cave (Guidance Chamber)
mistralton-city,mistralton-city,Mistralton City
molten-arena,molten-arena,Molten Arena
montenevera,montenevera,Montenevera
moomoo-farm,moomoo-farm,Moomoo Farm
moonview-arena,moonview-arena,Moonview Arena
moor-of-icirrus,moor-of-icirrus,Moor of Icirrus
mossdeep-city,mossdeep-city,Mossdeep City
mossdeep-space-center,mossdeep-space-center,Mossdeep Space Center
mossfell-confluence,mossfell-confluence,Mossfell Confluence
mossfell-confluence-bamboo-forest,mossfell-confluence,Mossfell Confluence (Bamboo Forest)
mossfell-confluence-lake,mossfell-confluence,Mossfell Confluence (Lake)
mossfell-confluence-prairie,mossfell-confluence,Mossfell Confluence (Prairie)
mossfell-confluence-riverside,mossfell-confluence,Mossfell Confluence (Riverside)
mossfell-confluence-rocky-area,mossfell-confluence,Mossfell Confluence (Rocky Area)
mossui-town,mossui-town,Mossui Town
motostoke,motostoke,Motostoke
motostoke-outskirts,motostoke-outskirts,Motostoke Outskirts
motostoke-riverbank,motostoke-riverbank,Motostoke Riverbank
motostoke-riverbank-by-east-end-of-riverbank,motostoke-riverbank,Motostoke Riverbank (By east end of riverbank)
motostoke-riverbank-by-west-end-of-riverbank,motostoke-riverbank,Motostoke Riverbank (By west end of riverbank)
motostoke-riverbank-den-northeast-of-motostoke-riverbank-near-bridge-common,motostoke-riverbank,Motostoke Riverbank (Den A - Northeast of Motostoke Riverbank near bridge - Common)
motostoke-riverbank-den-northeast-of-motostoke-riverbank-near-bridge-rare,motostoke-riverbank,Motostoke Riverbank (Den A - Northeast of Motostoke Riverbank near bridge - Rare)
motostoke-riverbank-den-northwest-of-motostoke-riverbank-near-cliff-common,motostoke-riverbank,Motostoke Riverbank (Den B - Northwest of Motostoke Riverbank near cliff - Common)
motostoke-riverbank-den-northwest-of-motostoke-riverbank-near-cliff-rare,motostoke-riverbank,Motostoke Riverbank (Den B - Northwest of Motostoke Riverbank near cliff - Rare)
motostoke-riverbank-den-south-of-motostoke-riverbank-near-path-common,motostoke-riverbank,Motostoke Riverbank (Den C - South of Motostoke Riverbank near path - Common)
motostoke-riverbank-den-south-of-motostoke-riverbank-near-path-rare,motostoke-riverbank,Motostoke Riverbank (Den C - South of Motostoke Riverbank near path - Rare)
motostoke-riverbank-den-southeast-of-motostoke-riverbank-near-cliff-common,motostoke-riverbank,Motostoke Riverbank (Den D - Southeast of Motostoke Riverbank near cliff - Common)
motostoke-riverbank-den-southeast-of-motostoke-riverbank-near-cliff-rare,motostoke-riverbank,Motostoke Riverbank (Den D - Southeast of Motostoke Riverbank near cliff - Rare)
motostoke-riverbank-east-of-pond,motostoke-riverbank,Motostoke Riverbank (East of pond)
motostoke-riverbank-in-front-of-bridge-over-river,motostoke-riverbank,Motostoke Riverbank (In front of bridge over river)
motostoke-riverbank-in-pond,motostoke-riverbank,Motostoke Riverbank (In pond)
motostoke-riverbank-west-of-pond,motostoke-riverbank,Motostoke Riverbank (West of pond)
motostoke-riverbank-west-of-pond-near-top-of-hill,motostoke-riverbank,Motostoke Riverbank (West of pond near top of hill)
mount-coronet,mount-coronet,Mount Coronet
mount-coronet-2f,mount-coronet,Mount Coronet (2F)
mount-coronet-3f,mount-coronet,Mount Coronet (3F)
mount-coronet-4f,mount-coronet,Mount Coronet (4F)
mount-coronet-4f-room-1,mount-coronet,Mount Coronet (4F Room 1)
mount-coronet-4f-room-2,mount-coronet,Mount Coronet (4F Room 2)
mount-coronet-4f-room-3,mount-coronet,Mount Coronet (4F Room 3)
mount-coronet-5f,mount-coronet,Mount Coronet (5F)
mount-coronet-6f,mount-coronet,Mount Coronet (6F)
mount-coronet-b1f,mount-coronet,Mount Coronet (B1F)
mount-coronet-b1f-feebas-lake,mount-coronet,Mount Coronet (B1F Feebas Lake)
mount-coronet-mountainside,mount-coronet,Mount Coronet (Mountainside)
mount-coronet-northern-1f-room-1-eterna-city-celestic-town-side,mount-coronet,"Mount Coronet (Northern 1F Room 1, Eterna City/Celestic Town Side)"
mount-coronet-northern-1f-room-2,mount-coronet,Mount Coronet (Northern 1F Room 2)
mount-coronet-southern-1f-oreburgh-city-hearthome-city-side,mount-coronet,Mount Coronet (Southern 1F Oreburgh City/Hearthome City Side)
mount-coronet-tunnel-room,mount-coronet,Mount Coronet (Tunnel Room)
mount-hokulani,mount-hokulani,Mount Hokulani
mount-hokulani-first-two-patches-at-foot-of-mountain,mount-hokulani,Mount Hokulani (First two patches of grass at the foot of the mountain)
mount-hokulani-patch-nearest-observatory,mount-hokulani,Mount Hokulani (Patch nearest Observatory)
mount-lanakila,mount-lanakila,Mount Lanakila
mount-lanakila-area-near-elevator-leading-to-base,mount-lanakila,Mount Lanakila (Area near elevator leading to base)
mount-lanakila-base,mount-lanakila,Mount Lanakila (Base)
mount-lanakila-icy-cave-left,mount-lanakila,Mount Lanakila (Icy Cave Left)
mount-lanakila-icy-cave-right,mount-lanakila,Mount Lanakila (Icy Cave Right)
mount-lanakila-northern-patch-near-base,mount-lanakila,Mount Lanakila (Northern patch near base)
mount-lanakila-southern-patch-near-base-and-patch-near-peak,mount-lanakila,Mount Lanakila (Southern patch near base and patch near peak)
mount-lanakila-upper-reaches-middle,mount-lanakila,Mount Lanakila (Upper Reaches Middle)
mount-lanakila-upper-reaches-upper,mount-lanakila,Mount Lanakila (Upper Reaches Upper)
mt-chimney,mt-chimney,Mt. Chimney
mt-ember,mt-ember,Mt. Ember
mt-ember-1f,mt-ember,Mt. Ember (1F)
mt-ember-2f,mt-ember,Mt. Ember (2F)
mt-ember-3f,mt-ember,Mt. Ember (3F)
mt-ember-base-area,mt-ember,Mt. Ember (Base Area)
mt-ember-ruby-path-1f,mt-ember,Mt. Ember (Ruby Path 1F)
mt-ember-ruby-path-b1f,mt-ember,Mt. Ember (Ruby Path B1F)
mt-ember-ruby-path-b2f,mt-ember,Mt. Ember (Ruby Path B2F)
mt-ember-ruby-path-b3f,mt-ember,Mt. Ember (Ruby Path B3F)
mt-ember-ruby-path-b4f,mt-ember,Mt. Ember (Ruby Path B4F)
mt-ember-ruby-path-b5f,mt-ember,Mt. Ember (Ruby Path B5F)
mt-ember-summit,mt-ember,Mt. Ember (Summit)
mt-moon,mt-moon,Mt. Moon
mt-moon-1f,mt-moon,Mt. Moon (1F)
mt-moon-b1f,mt-moon,Mt. Moon (B1F)
mt-moon-b2f,mt-moon,Mt. Moon (B2F)
mt-moon-square,mt-moon-square,Mt. Moon Square
mt-mortar,mt-mortar,Mt. Mortar
mt-mortar-1f-back,mt-mortar,Mt. Mortar (1F Back)
mt-mortar-1f-entrance,mt-mortar,Mt. Mortar (1F Entrance)
mt-mortar-2f,mt-mortar,Mt. Mortar (2F)
mt-mortar-b1f,mt-mortar,Mt. Mortar (B1F)
mt-pyre,mt-pyre,Mt. Pyre
mt-pyre-1f,mt-pyre,Mt. Pyre (1F)
mt-pyre-2f,mt-pyre,Mt. Pyre (2F)
mt-pyre-3f,mt-pyre,Mt. Pyre (3F)
mt-pyre-4f,mt-pyre,Mt. Pyre (4F)
mt-pyre-5f,mt-pyre,Mt. Pyre (5F)
mt-pyre-6f,mt-pyre,Mt. Pyre (6F)
mt-pyre-outside,mt-pyre,Mt. Pyre (Outside)
mt-pyre-summit,mt-pyre,Mt. Pyre (Summit)
mt-silver,mt-silver,Mt. Silver
mt-silver-cave,mt-silver-cave,Mt. Silver
mt-silver-cave-1f,mt-silver-cave,Mt. Silver (Cave 1F)
mt-silver-cave-2f,mt-silver-cave,Mt. Silver (Cave 2F)
mt-silver-cave-3f,mt-silver-cave,Mt. Silver (Cave 3F)
mt-silver-cave-expert-belt-chamber,mt-silver-cave,Mt. Silver (Cave Expert Belt Chamber)
mt-silver-cave-full-restore-chamber,mt-silver-cave,Mt. Silver (Cave Full Restore Chamber)
mt-silver-cave-lower-mountainside,mt-silver-cave,Mt. Silver (Cave Lower Mountainside)
mt-silver-cave-max-revive-chamber,mt-silver-cave,Mt. Silver (Cave Max Revive Chamber)
mt-silver-cave-moltres-chamber,mt-silver-cave,Mt. Silver (Cave Moltres Chamber)
mt-silver-cave-summit,mt-silver-cave,Mt. Silver (Cave Summit)
mt-silver-cave-upper-mountainside,mt-silver-cave,Mt. Silver (Cave Upper Mountainside)
nacrene-city,nacrene-city,Nacrene City
nameless-cavern,nameless-cavern,Nameless Cavern
naranja-academy,naranja-academy,Naranja Academy
national-park,national-park,National Park
national-park-bug-catching-post-natdex,national-park,National Park (Bug Catching - Post NatDex)
national-park-bug-catching-pre-natdex,national-park,National Park (Bug Catching - Pre NatDex)
nature-preserve,nature-preserve,Nature Preserve
natures-pantry,natures-pantry,Nature's Pantry
navel-rock-bottom,navel-rock,Navel Rock (Bottom)
navel-rock-top,navel-rock,Navel Rock (Top)
new-bark-town,new-bark-town,New Bark Town
new-mauville,new-mauville,New Mauville
new-mauville-basement,new-mauville,New Mauville (Basement)
new-mauville-entrance,new-mauville,New Mauville (Entrance)
newmoon-island,newmoon-island,Newmoon Island
nimbasa-city,nimbasa-city,Nimbasa City
north-lake-miloch,north-lake-miloch,North Lake Miloch
north-lake-miloch-by-border-with-giants-seat,north-lake-miloch,North Lake Miloch (By border with Giant's Seat)
north-lake-miloch-den-east-coast-of-north-lake-miloch-common,north-lake-miloch,North Lake Miloch (Den A - East coast of North Lake Miloch - Common)
north-lake-miloch-den-east-coast-of-north-lake-miloch-rare,north-lake-miloch,North Lake Miloch (Den A - East coast of North Lake Miloch - Rare)
north-lake-miloch-den-north-coast-of-north-lake-miloch-common,north-lake-miloch,North Lake Miloch (Den B - North coast of North Lake Miloch - Common)
north-lake-miloch-den-north-coast-of-north-lake-miloch-rare,north-lake-miloch,North Lake Miloch (Den B - North coast of North Lake Miloch - Rare)
north-lake-miloch-den-northeast-coast-of-north-lake-miloch-common,north-lake-miloch,North Lake Miloch (Den C - Northeast coast of North Lake Miloch - Common)
north-lake-miloch-den-northeast-coast-of-north-lake-miloch-rare,north-lake-miloch,North Lake Miloch (Den C - Northeast coast of North Lake Miloch - Rare)
north-lake-miloch-den-southeast-coast-of-north-lake-miloch-common,north-lake-miloch,North Lake Miloch (Den D - Southeast coast of North Lake Miloch - Common)
north-lake-miloch-den-southeast-coast-of-north-lake-miloch-rare,north-lake-miloch,North Lake Miloch (Den D - Southeast coast of North Lake Miloch - Rare)
north-lake-miloch-den-southwest-coast-of-north-lake-miloch-common,north-lake-miloch,North Lake Miloch (Den E - Southwest coast of North Lake Miloch - Common)
north-lake-miloch-den-southwest-coast-of-north-lake-miloch-rare,north-lake-miloch,North Lake Miloch (Den E - Southwest coast of North Lake Miloch - Rare)
north-lake-miloch-den-west-coast-of-north-lake-miloch-common,north-lake-miloch,North Lake Miloch (Den F - West coast of North Lake Miloch - Common)
north-lake-miloch-den-west-coast-of-north-lake-miloch-rare,north-lake-miloch,North Lake Miloch (Den F - West coast of North Lake Miloch - Rare)
north-lake-miloch-in-east-end-of-lake,north-lake-miloch,North Lake Miloch (In east end of lake)
north-lake-miloch-in-lake-by-shore-south-of-motostoke-river-bridge,north-lake-miloch,North Lake Miloch (In lake by shore south of Motostoke River Bridge)
north-lake-miloch-in-lake-north-of-south-den,north-lake-miloch,North Lake Miloch (In lake north of south Den)
north-lake-miloch-just-north-of-top-of-slope-up-from-giants-seat,north-lake-miloch,North Lake Miloch (Just north of top of slope up from Giant's Seat)
north-lake-miloch-just-southeast-of-motostoke-river-bridge,north-lake-miloch,North Lake Miloch (Just southeast of Motostoke River Bridge)
north-lake-miloch-near-den-in-northeast-corner,north-lake-miloch,North Lake Miloch (Near Den in northeast corner)
north-lake-miloch-near-west-end-of-lake,north-lake-miloch,North Lake Miloch (Near west end of lake)
north-lake-miloch-on-promontory-overlooking-giants-seat,north-lake-miloch,North Lake Miloch (On promontory overlooking Giant's Seat)
north-paldean-sea,north-paldean-sea,North Paldean Sea
north-paldean-sea-ocean,north-paldean-sea,North Paldean Sea (Ocean)
north-province-area-one,north-province-area-one,North Province (Area One)
north-province-area-one-bamboo-forest,north-province-area-one,North Province (Area One - Bamboo Forest)
north-province-area-one-beach,north-province-area-one,North Province (Area One - Beach)
north-province-area-one-cave,north-province-area-one,North Province (Area One - Cave)
north-province-area-one-flower,north-province-area-one,North Province (Area One - Flower)
north-province-area-one-lake,north-province-area-one,North Province (Area One - Lake)
north-province-area-one-mountain,north-province-area-one,North Province (Area One - Mountain)
north-province-area-one-ocean,north-province-area-one,North Province (Area One - Ocean)
north-province-area-one-riverside,north-province-area-one,North Province (Area One - Riverside)
north-province-area-one-rocky-area,north-province-area-one,North Province (Area One - Rocky Area)
north-province-area-one-ruins,north-province-area-one,North Province (Area Ruins)
north-province-area-one-snowfield,north-province-area-one,North Province (Area One - Snowfield)
north-province-area-three,north-province-area-three,North Province (Area Three)
north-province-area-three-beach,north-province-area-three,North Province (Area Three - Beach)
north-province-area-three-cave,north-province-area-three,North Province (Area Three - Cave)
north-province-area-three-flower,north-province-area-three,North Province (Area Three - Flower)
north-province-area-three-ocean,north-province-area-three,North Province (Area Three - Ocean)
north-province-area-three-prairie,north-province-area-three,North Province (Area Three - Prairie)
north-province-area-three-riverside,north-province-area-three,North Province (Area Three - Riverside)
north-province-area-three-rocky-area,north-province-area-three,North Province (Area Three - Rocky Area)
north-province-area-three-snowfield,north-province-area-three,North Province (Area Three - Snowfield)
north-province-area-two,north-province-area-two,North Province (Area Two)
north-province-area-two-cave,north-province-area-two,North Province (Area Two - Cave)
north-province-area-two-flower,north-province-area-two,North Province (Area Two - Flower)
north-province-area-two-lake,north-province-area-two,North Province (Area Two - Lake)
north-province-area-two-rocky-area,north-province-area-two,North Province (Area Two - Rocky Area)
nouveau-cafe,lumiose-city,Nouveau Café
ns-castle,ns-castle,N's Castle
nuvema-town,nuvema-town,Nuvema Town
obsidian-falls,obsidian-falls,Obsidian Falls
obsidian-fieldlands,obsidian-fieldlands,Obsidian Fieldlands
old-cemetery,old-cemetery,Old Cemetery
old-cemetery-den-east-common,old-cemetery,Old Cemetery (Den A - East - Common)
old-cemetery-den-east-rare,old-cemetery,Old Cemetery (Den A - East - Rare)
old-cemetery-den-west-common,old-cemetery,Old Cemetery (Den B - West - Common)
old-cemetery-den-west-rare,old-cemetery,Old Cemetery (Den B - West - Rare)
old-chateau,old-chateau,Old Chateau
old-chateau-2f,old-chateau,Old Chateau (2F)
old-chateau-all-rooms-except-eyes,old-chateau,Old Chateau (All Rooms except Eyes)
old-chateau-eye-room,old-chateau,Old Chateau (Eye Room)
olivine-city,olivine-city,Olivine City
olivine-city-port,olivine-city-port,Olivine City (Port)
one-island,one-island,One Island
oni-mountain,oni-mountain,Oni Mountain
oni-mountain-prairie,oni-mountain,Oni Mountain (Prairie)
oni-mountain-riverside,oni-mountain,Oni Mountain (Riverside)
oni-mountain-rocky-area,oni-mountain,Oni Mountain (Rocky Area)
oni-mountain-stream-cave,oni-mountain,Oni Mountain (Stream Cave)
onis-maw,onis-maw,Oni's Maw
onis-maw-cave,onis-maw,Oni's Maw (Cave)
onis-maw-riverside,onis-maw,Oni's Maw (Riverside)
onis-maw-rocky-area,onis-maw,Oni's Maw (Rocky Area)
opelucid-city,opelucid-city,Opelucid City
oreburgh-city,oreburgh-city,Oreburgh City
oreburgh-gate,oreburgh-gate,Oreburgh Gate
oreburgh-gate-1f,oreburgh-gate,Oreburgh Gate (1F)
oreburgh-gate-b1f,oreburgh-gate,Oreburgh Gate (B1F)
oreburgh-mine-b1f,oreburgh-mine,Oreburgh Mine (B1F)
oreburgh-mine-b2f,oreburgh-mine,Oreburgh Mine (B2F)
oreburgh-mining-museum,oreburgh-mining-museum,Oreburgh Mining Museum
oreburrow-tunnel,oreburrow-tunnel,Oreburrow Tunnel
outcast-island,outcast-island,Outcast Island
p2-laboratory,p2-laboratory,P2 Laboratory
pacifidlog-town,pacifidlog-town,Pacifidlog Town
pal-park,route-221-sinnoh,Pal Park
pallet-town,pallet-town,Pallet Town
paniola-ranch,paniola-ranch,Paniola Ranch
paniola-town,paniola-town,Paniola Town
paradise-barrens,paradise-barrens,Paradise Barrens
paradise-barrens-desert,paradise-barrens,Paradise Barrens (Desert)
paradise-barrens-prairie,paradise-barrens,Paradise Barrens (Prairie)
paradise-barrens-rocky-area,paradise-barrens,Paradise Barrens (Rocky Area)
parfum-palace,parfum-palace,Parfum Palace
parfume-palace,parfume-palace,Parfume Palace
pastoria-city,pastoria-city,Pastoria City
pastures,jubilife-village,Pastures
path-to-the-peak,path-to-the-peak,Path to the Peak
path-to-the-peak-den-lower-path-close-to-crown-shrine-common,path-to-the-peak,Path to the Peak (Den A - Lower Path close to Crown Shrine - Common)
path-to-the-peak-den-lower-path-close-to-crown-shrine-rare,path-to-the-peak,Path to the Peak (Den A - Lower Path close to Crown Shrine - Rare)
path-to-the-peak-den-midway-up-slope-towards-peak-common,path-to-the-peak,Path to the Peak (Den B - Midway up slope towards peak - Common)
path-to-the-peak-den-midway-up-slope-towards-peak-rare,path-to-the-peak,Path to the Peak (Den B - Midway up slope towards peak - Rare)
path-to-the-peak-den-uppermost-point-near-tunnel-entrance-common,path-to-the-peak,Path to the Peak (Den C - Uppermost Point near tunnel entrance - Common)
path-to-the-peak-den-uppermost-point-near-tunnel-entrance-rare,path-to-the-peak,Path to the Peak (Den C - Uppermost Point near tunnel entrance - Rare)
pathless-plain,pathless-plain,Pathless Plain
pattern-bush,pattern-bush,Pattern Bush
pearl-settlement,pearl-settlement,Pearl Settlement
petalburg-city,petalburg-city,Petalburg City
petalburg-gym,petalburg-city,Petalburg Gym
petalburg-woods,petalburg-woods,Petalburg Woods
pewter-city,pewter-city,Pewter City
pewter-museum-of-science,pewter-museum-of-science,Pewter Museum of Science
pikachu-valley,pikachu-valley,Pikachu Valley
pinwheel-forest,pinwheel-forest,Pinwheel Forest
pinwheel-forest-inner-area,pinwheel-forest,Pinwheel Forest (Inner Area)
pinwheel-forest-outer-area,pinwheel-forest,Pinwheel Forest (Outer Area)
plains-grotto,poni-plains,Plains Grotto
poco-path,poco-path,Poco Path
poco-path-beach,poco-path,Poco Path (Beach)
poco-path-ocean,poco-path,Poco Path (Ocean)
poco-path-prairie,poco-path,Poco Path (Prairie)
pokeathlon-dome,pokeathlon-dome,Pokéathlon Dome
pokecom-center,goldenrod-city,Pokémon Communication Center
pokemon-league-kalos,pokemon-league-kalos,Pokémon League (Kalos)
pokemon-league-paldea,pokemon-league-paldea,Pokémon League (Paldea)
pokemon-league-paldea-flower,pokemon-league-paldea,Pokémon League (Paldea - Flower)
pokemon-league-paldea-town,pokemon-league-paldea,Pokémon League (Paldea - Town)
pokemon-league-sinnoh,pokemon-league-sinnoh,Pokémon League (Sinnoh)
pokemon-mansion-kanto,pokemon-mansion-kanto,Pokémon Mansion (Kanto)
pokemon-mansion-kanto-1f,pokemon-mansion-kanto,Pokémon Mansion (Kanto - 1F)
pokemon-mansion-kanto-2f,pokemon-mansion-kanto,Pokémon Mansion (Kanto - 2F)
pokemon-mansion-kanto-3f,pokemon-mansion-kanto,Pokémon Mansion (Kanto - 3F)
pokemon-mansion-kanto-b1f,pokemon-mansion-kanto,Pokémon Mansion (Kanto - B1F)
pokemon-mansion-sinnoh,pokemon-mansion-sinnoh,Pokémon Mansion (Sinnoh)
pokemon-network-center,pokemon-network-center,Pokémon Network Center
pokemon-research-lab-kalos,lumiose-city,Pokémon Research Lab (Kalos)
pokemon-tower,pokemon-tower,Pokémon Tower
pokemon-tower-3f,pokemon-tower,Pokémon Tower (3F)
pokemon-tower-4f,pokemon-tower,Pokémon Tower (4F)
pokemon-tower-5f,pokemon-tower,Pokémon Tower (5F)
pokemon-tower-6f,pokemon-tower,Pokémon Tower (6F)
pokemon-tower-7f,pokemon-tower,Pokémon Tower (7F)
pokemon-village,pokemon-village,Pokémon Village
pokemon-world-tournament,pokemon-world-tournament,Pokémon World Tournament
pokestar-studios,pokestar-studios,Pokéstar Studios
polar-biome,polar-biome,Polar Biome
polar-biome-cave,polar-biome,Polar Biome (Cave)
polar-biome-east-mountain-cave,polar-biome,Polar Biome (East Mountain Cave)
polar-biome-iceberg-cave,polar-biome,Polar Biome (Iceberg Cave)
polar-biome-lake,polar-biome,Polar Biome (Lake)
polar-biome-mountain-ocean,polar-biome,Polar Biome (Mountain - Ocean)
polar-biome-mountain-snowfield,polar-biome,Polar Biome (Mountain - Snowfield)
polar-biome-north-mountain-cave,polar-biome,Polar Biome (North Mountain - Cave)
polar-biome-ocean,polar-biome,Polar Biome (Ocean)
polar-biome-polar-plaza-cave,polar-biome,Polar Biome (Polar Plaza Cave)
polar-biome-snowfield,polar-biome,Polar Biome (Snowfield)
poni-breaker-coast,poni-breaker-coast,Poni Breaker Coast
poni-coast,poni-coast,Poni Coast
poni-gauntlet,poni-gauntlet,Poni Gauntlet
poni-grove,poni-grove,Poni Grove
poni-meadow,poni-meadow,Poni Meadow
poni-plains,poni-plains,Poni Plains
poni-plains-seven-patches-in-middle,poni-plains,Poni Plains (Seven patches of grass in the middle)
poni-plains-three-patches-by-coastline,poni-plains,Poni Plains (Three patches of grass by the coastline)
poni-plains-three-patches-by-mountains,poni-plains,Poni Plains (Three patches of grass by the mountains)
poni-plains-two-big-patches-in-north-and-center,poni-plains,Poni Plains (Two big patches of grass in the north and center)
poni-wilds,poni-wilds,Poni Wilds
porto-marinada,porto-marinada,Porto Marinada
postwick,postwick,Postwick
potbottom-desert,potbottom-desert,Potbottom Desert
potbottom-desert-den-far-northeast-between-boulder-and-tree-common,potbottom-desert,Potbottom Desert (Den A - Far Northeast - between Boulder and Tree - Common)
potbottom-desert-den-far-northeast-between-boulder-and-tree-rare,potbottom-desert,Potbottom Desert (Den A - Far Northeast - between Boulder and Tree - Rare)
potbottom-desert-den-left-of-entrance-from-warm-up-tunnel-common,potbottom-desert,Potbottom Desert (Den B - Left of Entrance from Warm-Up Tunnel - Common)
potbottom-desert-den-left-of-entrance-from-warm-up-tunnel-rare,potbottom-desert,Potbottom Desert (Den B - Left of Entrance from Warm-Up Tunnel - Rare)
potbottom-desert-den-northwest-near-medium-sized-sand-dune-common,potbottom-desert,Potbottom Desert (Den C - Northwest - near Medium-Sized Sand Dune - Common)
potbottom-desert-den-northwest-near-medium-sized-sand-dune-rare,potbottom-desert,Potbottom Desert (Den C - Northwest - near Medium-Sized Sand Dune - Rare)
potbottom-desert-east-of-entrance-past-pair-of-rocks,potbottom-desert,Potbottom Desert (East of Entrance past Pair of Rocks)
potbottom-desert-near-top-of-tallest-hill-northeast-of-entrance,potbottom-desert,"Potbottom Desert (Near Top of Tallest Hill, Northeast of Entrance)"
potbottom-desert-north-of-east-den,potbottom-desert,Potbottom Desert (North of East Den)
potbottom-desert-north-of-entrance-east-of-small-tree,potbottom-desert,"Potbottom Desert (North of Entrance, East of Small Tree)"
potbottom-desert-north-of-entrance-past-small-tree,potbottom-desert,"Potbottom Desert (North of Entrance, past Small Tree)"
potbottom-desert-north-of-tallest-hill,potbottom-desert,Potbottom Desert (North of Tallest Hill)
potbottom-desert-northeast-of-den-northeast-of-entrance,potbottom-desert,"Potbottom Desert (Northeast of Den, Northeast of Entrance)"
potbottom-desert-on-east-side-of-hill-northeast-of-entrance,potbottom-desert,"Potbottom Desert (On East Side of Hill, Northeast of Entrance)"
potbottom-desert-west-of-den-northeast-of-entrance,potbottom-desert,"Potbottom Desert (West of Den, Northeast of Entrance)"
potbottom-desert-west-of-east-den,potbottom-desert,Potbottom Desert (West of East Den)
power-plant,power-plant,Power Plant
practice-field,jubilife-village,Practice Field
prelude-beach,jubilife-village,Prelude Beach
primeval-grotto,primeval-grotto,Primeval Grotto
professor-oaks-laboratory,professor-oaks-laboratory,Professor Oak's Laboratory
quasartico-inc-building,lumiose-city,Quesartico Inc. (Building)
racine-construction,lumiose-city,Racine Construction
ramanas-island,ramanas-island,Ramanas Island
ramanas-park,ramanas-park,Ramanas Park
ramanas-park-discovery-room,ramanas-park,Ramanas Park (Discovery Room)
ramanas-park-distortion-room,ramanas-park,Ramanas Park (Distortion Room)
ramanas-park-genome-room,ramanas-park,Ramanas Park (Genome Room)
ramanas-park-johto-room,ramanas-park,Ramanas Park (Johto Room)
ramanas-park-kanto-room,ramanas-park,Ramanas Park (Kanto Room)
ramanas-park-oceanic-room,ramanas-park,Ramanas Park (Oceanic Room)
ramanas-park-rainbow-room,ramanas-park,Ramanas Park (Rainbow Room)
ramanas-park-soul-room,ramanas-park,Ramanas Park (Soul Room)
ramanas-park-squall-room,ramanas-park,Ramanas Park (Squall Room)
ramanas-park-stratospheric-room,ramanas-park,Ramanas Park (Stratospheric Room)
ramanas-park-tectonic-room,ramanas-park,Ramanas Park (Tectonic Room)
random-around-kitakami,random-around-kitakami,Random (Around Kitakami)
random-around-paldea,random-around-paldea,Random (Around Paldea)
random-around-terrarium,random-around-terrarium,Random (Around Terrarium)
ravaged-path,ravaged-path,Ravaged Path
reflection-cave,reflection-cave,Reflection Cave
relic-castle,relic-castle,Relic Castle
relic-castle-1f,relic-castle,Relic Castle (1F)
relic-castle-b1f,relic-castle,Relic Castle (B1F)
relic-castle-b2f,relic-castle,Relic Castle (B2F)
relic-castle-b3f,relic-castle,Relic Castle (B3F)
relic-castle-b4f,relic-castle,Relic Castle (B4F)
relic-castle-b5f,relic-castle,Relic Castle (B5F)
relic-castle-b6f,relic-castle,Relic Castle (B6F)
relic-castle-lowest-floor,relic-castle,Relic Castle (Lowest Floor)
relic-castle-volcaronas-room,relic-castle,Relic Castle (Volcarona's Room)
relic-castle-volcarons-room-and-room-outside,relic-castle,Relic Castle (Volcarona’s Room and Room Outside)
relic-passage,relic-passage,Relic Passage
relic-passage-exit-to-castelia-city,relic-passage,Relic Passage (Exit to Castelia City)
relic-passage-exit-to-driftveil-city,relic-passage,Relic Passage (Exit to Driftveil City)
relic-passage-middle,relic-passage,Relic Passage (Middle)
resolution-cave,resolution-cave,Resolution Cave
resolution-cave-inside,resolution-cave,Resolution Cave (Inside)
resolution-cave-outside,resolution-cave,Resolution Cave (Outside)
resort-area,resort-area,Resort Area
resort-gorgeous,resort-gorgeous,Resort Gorgeous
revelers-road,revelers-road,Reveler's Road
revelers-road-bamboo-forest,revelers-road,Reveler's Road (Bamboo Forest)
revelers-road-crater-cave,revelers-road,Reveler's Road (Crater Cave)
revelers-road-crater-rocky-area,revelers-road,Reveler's Road (Crater Rocky Area)
revelers-road-prairie,revelers-road,Reveler's Road (Prairie)
revelers-road-riverside,revelers-road,Reveler's Road (Riverside)
revelers-road-rocky-area,revelers-road,Reveler's Road (Rocky Area)
reversal-mountain,reversal-mountain,Reversal Mountain
reversal-mountain-inside,reversal-mountain,Reversal Mountain (Inside)
reversal-mountain-outside,reversal-mountain,Reversal Mountain (Outside)
riverbank-cave,riverbank-cave,Riverbank Cave
roaring-sea-caves,roaring-sea-caves,Roaring Sea Caves
rock-peak-ruins-galar,rock-peak-ruins-galar,Rock Peak Ruins (Galar)
rock-peak-ruins-sinnoh,rock-peak-ruins-sinnoh,Rock Peak Ruins (Sinnoh)
rock-tunnel-1f,rock-tunnel,Rock Tunnel (1F)
rock-tunnel-b1f,rock-tunnel,Rock Tunnel (B1F)
rocket-warehouse,five-isle-meadow,Rocket Warehouse
rocky-cave,rocky-cave,Rocky Cave
rolling-fields,rolling-fields,Rolling Fields
rolling-fields-den-along-cliff-wall-south-of-circular-field-of-grass-northeast-of-meetup-spot-common,rolling-fields,Rolling Fields (Den A - Along Cliff Wall South of Circular Field of Grass - Northeast of Meetup Spot - Common)
rolling-fields-den-along-cliff-wall-south-of-circular-field-of-grass-northeast-of-meetup-spot-rare,rolling-fields,Rolling Fields (Den A - Along Cliff Wall South of Circular Field of Grass - Northeast of Meetup Spot - Rare)
rolling-fields-den-in-circular-field-of-grass-northeast-of-meetup-spot-common,rolling-fields,Rolling Fields (Den B - In Circular Field of Grass - Northeast of Meetup Spot - Common)
rolling-fields-den-in-circular-field-of-grass-northeast-of-meetup-spot-rare,rolling-fields,Rolling Fields (Den B - In Circular Field of Grass - Northeast of Meetup Spot - Rare)
rolling-fields-den-in-half-circle-field-of-grass-in-west-end-of-rolling-fields-common,rolling-fields,Rolling Fields (Den C - In Half-Circle Field of Grass - West End of Rolling Fields - Common)
rolling-fields-den-in-half-circle-field-of-grass-in-west-end-of-rolling-fields-rare,rolling-fields,Rolling Fields (Den C - In Half-Circle Field of Grass - West End of Rolling Fields - Rare)
rolling-fields-den-in-nook-in-southern-cliff-wall-west-of-meetup-spot-common,rolling-fields,Rolling Fields (Den D - In Nook in Southern Cliff Wall - West of Meetup Spot - Common)
rolling-fields-den-in-nook-in-southern-cliff-wall-west-of-meetup-spot-rare,rolling-fields,Rolling Fields (Den D - In Nook in Southern Cliff Wall - West of Meetup Spot - Rare)
rolling-fields-den-north-of-circular-field-of-grass-northeast-of-meetup-spot-common,rolling-fields,Rolling Fields (Den E - North of Circular Field of Grass - Northeast of Meetup Spot - Common)
rolling-fields-den-north-of-circular-field-of-grass-northeast-of-meetup-spot-rare,rolling-fields,Rolling Fields (Den E - North of Circular Field of Grass - Northeast of Meetup Spot - Rare)
rolling-fields-den-northwest-of-meetup-spot-close-to-border-with-west-lake-axewell-common,rolling-fields,Rolling Fields (Den F - Northwest of Meetup Spot - Close to Border with West Lake Axewell - Common)
rolling-fields-den-northwest-of-meetup-spot-close-to-border-with-west-lake-axewell-rare,rolling-fields,Rolling Fields (Den F - Northwest of Meetup Spot - Close to Border with West Lake Axewell - Rare)
rolling-fields-den-on-promontory-overlooking-lake-miloch-in-southeast-end-of-rolling-fields-common,rolling-fields,Rolling Fields (Den G - On Promontory Overlooking Lake Miloch - Southeast End of Rolling Fields - Common)
rolling-fields-den-on-promontory-overlooking-lake-miloch-in-southeast-end-of-rolling-fields-rare,rolling-fields,Rolling Fields (Den G - On Promontory Overlooking Lake Miloch - Southeast End of Rolling Fields - Rare)
rolling-fields-den-west-of-meetup-spot-between-grass-fields-near-southern-cliff-wall-common,rolling-fields,Rolling Fields (Den H - West of Meetup Spot - Between Grass Fields Near Southern Cliff Wall - Common)
rolling-fields-den-west-of-meetup-spot-between-grass-fields-near-southern-cliff-wall-rare,rolling-fields,Rolling Fields (Den H - West of Meetup Spot - Between Grass Fields Near Southern Cliff Wall - Rare)
rolling-fields-den-west-of-path-running-north-from-meetup-spot-common,rolling-fields,Rolling Fields (Den I - West of Path Running North from Meetup Spot - Common)
rolling-fields-den-west-of-path-running-north-from-meetup-spot-rare,rolling-fields,Rolling Fields (Den I - West of Path Running North from Meetup Spot - Rare)
rolling-fields-east-half-of-rolling-fields-north-of-field-of-grass-encircling-den,rolling-fields,"Rolling Fields (East Half of Rolling Fields, North of Field of Grass Encircling Den)"
rolling-fields-east-half-of-rolling-fields-southeast-of-field-of-grass-encircling-den,rolling-fields,"Rolling Fields (East Half of Rolling Fields, Southeast of Field of Grass Encircling Den)"
rolling-fields-east-half-of-rolling-fields-west-of-field-of-grass-encircling-den,rolling-fields,"Rolling Fields (East Half of Rolling Fields, West of Field of Grass Encircling Den)"
rolling-fields-most-patches,rolling-fields,Rolling Fields (Most Patches)
rolling-fields-south-of-west-lake-axewell-border,rolling-fields,Rolling Fields (South of West Lake Axewell Border)
rolling-fields-west-half-of-rolling-fields,rolling-fields,Rolling Fields (West Half of Rolling Fields)
rolling-fields-west-half-of-rolling-fields-in-cove-of-cliffs-in-south-containing-den,rolling-fields,"Rolling Fields (West Half of Rolling Fields, in Cove of Cliffs in South, Containing Den)"
rolling-fields-west-half-of-rolling-fields-in-dirt-patch-just-northwest-of-meetup-spot,rolling-fields,"Rolling Fields (West Half of Rolling Fields, in Dirt Patch Just Northwest of Meetup Spot)"
rolling-fields-west-half-of-rolling-fields-near-den-by-west-lake-axewell-border,rolling-fields,"Rolling Fields (West Half of Rolling Fields, Near Den by West Lake Axewell Border)"
rolling-fields-west-half-of-rolling-fields-on-path-near-dappled-grove-border,rolling-fields,"Rolling Fields (West Half of Rolling Fields, on Path Near Dappled Grove Border)"
rolling-fields-west-in-clearing-west-of-den-nearest-meetup-spot,rolling-fields,"Rolling Fields (West in Clearing, West of Den Nearest Meetup Spot)"
rolling-fields-west-just-west-of-end-of-path-from-meetup-spot,rolling-fields,"Rolling Fields (West, Just West of End of Path from Meetup Spot)"
rolling-fields-western-patch,rolling-fields,Rolling Fields (Western patch of grass)
rotoms-room,saffron-city,Rotom's Room
route-01-kanto,route-01-kanto,Route 01 (Kanto)
route-02-kanto,route-02-kanto,Route 02 (Kanto)
route-02-kanto-northern-section,route-02-kanto,Route 02 (Kanto - Northern Section)
route-02-kanto-southern-section,route-02-kanto,Route 02 (Kanto - Southern Section)
route-03-kanto,route-03-kanto,Route 03 (Kanto)
route-04-kanto,route-04-kanto,Route 04 (Kanto)
route-05-kanto,route-05-kanto,Route 05 (Kanto)
route-06-kanto,route-06-kanto,Route 06 (Kanto)
route-07-kanto,route-07-kanto,Route 07 (Kanto)
route-08-kanto,route-08-kanto,Route 08 (Kanto)
route-09-kanto,route-09-kanto,Route 09 (Kanto)
route-10-kanto,route-10-kanto,Route 10 (Kanto)
route-11-kanto,route-11-kanto,Route 11 (Kanto)
route-12-kanto,route-12-kanto,Route 12 (Kanto)
route-13-kanto,route-13-kanto,Route 13 (Kanto)
route-14-kanto,route-14-kanto,Route 14 (Kanto)
route-15-kanto,route-15-kanto,Route 15 (Kanto)
route-16-kanto,route-16-kanto,Route 16 (Kanto)
route-17-kanto,route-17-kanto,Route 17 (Kanto)
route-18-kanto,route-18-kanto,Route 18 (Kanto)
route-19-kanto,route-19-kanto,Route 19 (Kanto)
route-20-kanto,route-20-kanto,Route 20 (Kanto)
route-201-sinnoh,route-201-sinnoh,Route 201 (Sinnoh)
route-202-sinnoh,route-202-sinnoh,Route 202 (Sinnoh)
route-203-sinnoh,route-203-sinnoh,Route 203 (Sinnoh)
route-204-sinnoh,route-204-sinnoh,Route 204 (Sinnoh)
route-204-sinnoh-north,route-204-sinnoh,Route 204 (Sinnoh - North)
route-204-sinnoh-south,route-204-sinnoh,Route 204 (Sinnoh - South)
route-205-sinnoh-northern-part,route-205-sinnoh,Route 205 (Sinnoh - Northern Part)
route-205-sinnoh-southern-part,route-205-sinnoh,Route 205 (Sinnoh - Southern Part)
route-206-sinnoh,route-206-sinnoh,Route 206 (Sinnoh)
route-207-sinnoh,route-207-sinnoh,Route 207 (Sinnoh)
route-208-sinnoh,route-208-sinnoh,Route 208 (Sinnoh)
route-209-sinnoh,route-209-sinnoh,Route 209 (Sinnoh)
route-21-kanto,route-21-kanto,Route 21 (Kanto)
route-210-sinnoh,route-210-sinnoh,Route 210 (Sinnoh)
route-210-sinnoh-northern-foggy-part,route-210-sinnoh,Route 210 (Sinnoh - Northern Foggy Part)
route-210-sinnoh-southern-part,route-210-sinnoh,Route 210 (Sinnoh - Southern Part)
route-211-sinnoh,route-211-sinnoh,Route 211 (Sinnoh)
route-211-sinnoh-eastern-part,route-211-sinnoh,Route 211 (Sinnoh - Eastern Part)
route-211-sinnoh-western-part,route-211-sinnoh,Route 211 (Sinnoh - Western Part)
route-212-sinnoh,route-212-sinnoh,Route 212 (Sinnoh)
route-212-sinnoh-northern-area,route-212-sinnoh,Route 212 (Sinnoh - Northern Area)
route-212-sinnoh-southern-area,route-212-sinnoh,Route 212 (Sinnoh - Southern Area)
route-213-sinnoh,route-213-sinnoh,Route 213 (Sinnoh)
route-214-sinnoh,route-214-sinnoh,Route 214 (Sinnoh)
route-215-sinnoh,route-215-sinnoh,Route 215 (Sinnoh)
route-216-sinnoh,route-216-sinnoh,Route 216 (Sinnoh)
route-217-sinnoh,route-217-sinnoh,Route 217 (Sinnoh)
route-218-sinnoh,route-218-sinnoh,Route 218 (Sinnoh)
route-219-sinnoh,route-219-sinnoh,Route 219 (Sinnoh)
route-22-kanto,route-22-kanto,Route 22 (Kanto)
route-220-sinnoh,route-220-sinnoh,Route 220 (Sinnoh)
route-221-sinnoh,route-221-sinnoh,Route 221 (Sinnoh)
route-222-sinnoh,route-222-sinnoh,Route 222 (Sinnoh)
route-223-sinnoh,route-223-sinnoh,Route 223 (Sinnoh)
route-224-sinnoh,route-224-sinnoh,Route 224 (Sinnoh)
route-225-sinnoh,route-225-sinnoh,Route 225 (Sinnoh)
route-226-sinnoh,route-226-sinnoh,Route 226 (Sinnoh)
route-227-sinnoh,route-227-sinnoh,Route 227 (Sinnoh)
route-228-sinnoh,route-228-sinnoh,Route 228 (Sinnoh)
route-229-sinnoh,route-229-sinnoh,Route 229 (Sinnoh)
route-23-kanto,route-23-kanto,Route 23 (Kanto)
route-230-sinnoh,route-230-sinnoh,Route 230 (Sinnoh)
route-24-kanto,route-24-kanto,Route 24 (Kanto)
route-25-kanto,route-25-kanto,Route 25 (Kanto)
route-26-kanto,route-26-kanto,Route 26 (Kanto)
route-27-kanto,route-27-kanto,Route 27 (Kanto)
route-28-kanto,route-28-kanto,Route 28 (Kanto)
route-29-johto,route-29-johto,Route 29 (Johto)
route-30-johto,route-30-johto,Route 30 (Johto)
route-31-johto,route-31-johto,Route 31 (Johto)
route-32-johto,route-32-johto,Route 32 (Johto)
route-33-johto,route-33-johto,Route 33 (Johto)
route-34-johto,route-34-johto,Route 34 (Johto)
route-35-johto,route-35-johto,Route 35 (Johto)
route-36-johto,route-36-johto,Route 36 (Johto)
route-37-johto,route-37-johto,Route 37 (Johto)
route-38-johto,route-38-johto,Route 38 (Johto)
route-39-johto,route-39-johto,Route 39 (Johto)
route-40-johto,route-40-johto,Route 40 (Johto)
route-41-johto,route-41-johto,Route 41 (Johto)
route-42-johto,route-42-johto,Route 42 (Johto)
route-43-johto,route-43-johto,Route 43 (Johto)
route-44-johto,route-44-johto,Route 44 (Johto)
route-45-johto,route-45-johto,Route 45 (Johto)
route-46-johto,route-46-johto,Route 46 (Johto)
route-47-johto,route-47-johto,Route 47 (Johto)
route-48-johto,route-48-johto,Route 48 (Johto)
royal-avenue,royal-avenue,Royal Avenue
ruin-valley,ruin-valley,Ruin Valley
ruins-of-abundance,ruins-of-abundance,Ruins of Abundance
ruins-of-alph,ruins-of-alph,Ruins of Alph
ruins-of-alph-inside,ruins-of-alph,Ruins of Alph (Inside)
ruins-of-alph-inside-entrance,ruins-of-alph,Ruins of Alph (Inside - Entrance)
ruins-of-alph-inside-underground-hall,ruins-of-alph,Ruins of Alph (Inside - Underground Hall)
ruins-of-alph-outside,ruins-of-alph,Ruins of Alph (Outside)
ruins-of-conflict,ruins-of-conflict,Ruins of Conflict
ruins-of-hope,ruins-of-hope,Ruins of Hope
ruins-of-life,ruins-of-life,Ruins of Life
rustboro-city,rustboro-city,Rustboro City
rusturf-tunnel,rusturf-tunnel,Rusturf Tunnel
rydels-cycles,mauville-city,Rydel's Cycles
sacred-plaza,sacred-plaza,Sacred Plaza
safari-zone-gate,safari-zone-gate,Safari Zone Gate
safari-zone-hoenn,safari-zone-hoenn,Safari Zone (Hoenn)
safari-zone-hoenn-area-1,safari-zone-hoenn,Safari Zone (Hoenn - Area 1)
safari-zone-hoenn-area-2,safari-zone-hoenn,Safari Zone (Hoenn - Area 2)
safari-zone-hoenn-area-3,safari-zone-hoenn,Safari Zone (Hoenn - Area 3)
safari-zone-hoenn-area-4,safari-zone-hoenn,Safari Zone (Hoenn - Area 4)
safari-zone-hoenn-area-5,safari-zone-hoenn,Safari Zone (Hoenn - Area 5)
safari-zone-hoenn-area-6,safari-zone-hoenn,Safari Zone (Hoenn - Area 6)
safari-zone-johto-desert,safari-zone-johto,Safari Zone (Johto - Desert)
safari-zone-johto-forest,safari-zone-johto,Safari Zone (Johto - Forest)
safari-zone-johto-marshland,safari-zone-johto,Safari Zone (Johto - Marshland)
safari-zone-johto-meadow,safari-zone-johto,Safari Zone (Johto - Meadow)
safari-zone-johto-mountain,safari-zone-johto,Safari Zone (Johto - Mountain)
safari-zone-johto-peak,safari-zone-johto,Safari Zone (Johto - Peak)
safari-zone-johto-plains,safari-zone-johto,Safari Zone (Johto - Plains)
safari-zone-johto-rocky-beach,safari-zone-johto,Safari Zone (Johto - Rocky Beach)
safari-zone-johto-savannah,safari-zone-johto,Safari Zone (Johto - Savannah)
safari-zone-johto-swamp,safari-zone-johto,Safari Zone (Johto - Swamp)
safari-zone-johto-wasteland,safari-zone-johto,Safari Zone (Johto - Wasteland)
safari-zone-johto-wetland,safari-zone-johto,Safari Zone (Johto - Wetland)
safari-zone-kanto,safari-zone-kanto,Safari Zone (Kanto)
safari-zone-kanto-area-1,safari-zone-kanto,Safari Zone (Kanto - Area 1)
safari-zone-kanto-area-2,safari-zone-kanto,Safari Zone (Kanto - Area 2)
safari-zone-kanto-area-3,safari-zone-kanto,Safari Zone (Kanto - Area 3)
safari-zone-kanto-center-area,safari-zone-kanto,Safari Zone (Kanto - Center Area)
saffron-city,saffron-city,Saffron City
sandgem-flats,sandgem-flats,Sandgem Flats
sandgem-town,sandgem-town,Sandgem Town
sands-reach,sands-reach,Sands Reach
sandsear-cave,sandsear-cave,Sandsear Cave
sandy-cave,sandy-cave,Sandy Cave
santalune-city,santalune-city,Santalune City
santalune-forest,santalune-forest,Santalune Forest
savanna-biome,savanna-biome,Savanna Biome
savanna-biome-bamboo-forest,savanna-biome,Savanna Biome (Bamboo Forest)
savanna-biome-central-plaza-cave,savanna-biome,Savanna Biome (Central Plaza - Cave)
savanna-biome-midwest-savanna-bamboo-forest,savanna-biome,Savanna Biome (Midwest Savanna - Bamboo Forest)
savanna-biome-midwest-savanna-prairie,savanna-biome,Savanna Biome (Midwest Savanna - Prairie)
savanna-biome-midwest-savanna-rocky-area,savanna-biome,Savanna Biome (Midwest Savanna - Rocky Area)
savanna-biome-northeast-savanna-bamboo-forest,savanna-biome,Savanna Biome (Northeast Savanna - Bamboo Forest)
savanna-biome-northeast-savanna-prairie,savanna-biome,Savanna Biome (Northeast Savanna - Prairie)
savanna-biome-northeast-savanna-rocky-area,savanna-biome,Savanna Biome (Northeast Savanna - Rocky Area)
savanna-biome-northeast-savanna-volcano,savanna-biome,Savanna Biome (Northeast Savanna - Volcano)
savanna-biome-prairie,savanna-biome,Savanna Biome (Prairie)
savanna-biome-rocky-area,savanna-biome,Savanna Biome (Rocky Area)
savanna-biome-savanna-entrance-bamboo-forest,savanna-biome,Savanna Biome (Savanna Entrance - Bamboo Forest)
savanna-biome-savanna-entrance-cave,savanna-biome,Savanna Biome (Savanna Entrance - Cave)
savanna-biome-savanna-entrance-pairie,savanna-biome,Savanna Biome (Savanna Entrance - Prairie)
savanna-biome-savanna-entrance-rocky-area,savanna-biome,Savanna Biome (Savanna Entrance - Rocky Area)
savanna-biome-savanna-entrance-volcano,savanna-biome,Savanna Biome (Savanna Entrance - Volcano)
savanna-biome-savanna-plaza-cave,savanna-biome,Savanna Biome (Savanna Plaza Cave)
scarlet-bog,scarlet-bog,Scarlet Bog
schedar-squads-base,east-province-area-one,Schedar Squad's Base
scorched-slab-1f,scorched-slab,Scorched Slab (1F)
scorched-slab-b1f,scorched-slab,Scorched Slab (B1F)
scorched-slab-b2f,scorched-slab,Scorched Slab (B2F)
scorched-slab-b3f,scorched-slab,Scorched Slab (B3F)
sea-cottage,sea-cottage,Sea Cottage
sea-mauville,sea-mauville,Sea Mauville
sea-mauville-inside,sea-mauville,Sea Mauville (Inside)
sea-mauville-outside,sea-mauville,Sea Mauville (Outside)
sea-spirits-den,sea-spirits-den,Sea Spirits Den
seafloor-cavern,seafloor-cavern,Seafloor Cavern
seafloor-cavern-entrance,seafloor-cavern,Seafloor Cavern (Entrance)
seafloor-cavern-room-1,seafloor-cavern,Seafloor Cavern (Room 1)
seafloor-cavern-room-2,seafloor-cavern,Seafloor Cavern (Room 2)
seafloor-cavern-room-3,seafloor-cavern,Seafloor Cavern (Room 3)
seafloor-cavern-room-4,seafloor-cavern,Seafloor Cavern (Room 4)
seafloor-cavern-room-5,seafloor-cavern,Seafloor Cavern (Room 5)
seafloor-cavern-room-6,seafloor-cavern,Seafloor Cavern (Room 6)
seafloor-cavern-room-7,seafloor-cavern,Seafloor Cavern (Room 7)
seafloor-cavern-room-8,seafloor-cavern,Seafloor Cavern (Room 8)
seafloor-cavern-room-9,seafloor-cavern,Seafloor Cavern (Room 9)
seafoam-islands,seafoam-islands,Seafoam Islands
seafoam-islands-1f,seafoam-islands,Seafoam Islands (1F)
seafoam-islands-b1f,seafoam-islands,Seafoam Islands (B1F)
seafoam-islands-b2f,seafoam-islands,Seafoam Islands (B2F)
seafoam-islands-b3f,seafoam-islands,Seafoam Islands (B3F)
seafoam-islands-b4f,seafoam-islands,Seafoam Islands (B4F)
seafolk-village,seafolk-village,Seafolk Village
seagrass-haven,seagrass-haven,Seagrass Haven
sealed-chamber,sealed-chamber,Sealed Chamber
seaside-cave,seaside-cave,Seaside Cave
seaside-cave-1f,seaside-cave,Seaside Cave (1F)
seaside-cave-b1f,seaside-cave,Seaside Cave (B1F)
seaside-cycling-road,hoenn-route-110,Seaside Cycling Road
seaside-hollow,seaside-hollow,Seaside Hollow
seaward-cave,seaward-cave,Seaward Cave
secret-hollow,secret-hollow,Secret Hollow
sendoff-spring,sendoff-spring,Sendoff Spring
sevault-canyon,sevault-canyon,Sevault Canyon
shabboneau-castle,camphrier-town,Shabboneau Castle
shady-house,po-town,Shady House
shalour-city,shalour-city,Shalour City
shoal-cave,shoal-cave,Shoal Cave
shoal-cave-high-tide,shoal-cave,Shoal Cave (High Tide)
shoal-cave-ice-room,shoal-cave,Shoal Cave (Ice Room)
shoal-cave-low-tide,shoal-cave,Shoal Cave (Low Tide)
shoal-cave-main-cave,shoal-cave,Shoal Cave (Main Cave)
shopping-mall-nine,unova-route-09,Shopping Mall Nine
shrouded-ruins,shrouded-ruins,Shrouded Ruins
silph-co,silph-co,Silph Co.
sinjoh-ruins,sinjoh-ruins,Sinjoh Ruins
six-island,six-island,Six Island
sky-pillar,sky-pillar,Sky Pillar
sky-pillar-1f,sky-pillar,Sky Pillar (1F)
sky-pillar-2f,sky-pillar,Sky Pillar (2F)
sky-pillar-3f,sky-pillar,Sky Pillar (3F)
sky-pillar-4f,sky-pillar,Sky Pillar (4F)
sky-pillar-5f,sky-pillar,Sky Pillar (5F)
slateport-city,slateport-city,Slateport City
slippery-slope,slippery-slope,Slippery Slope
slippery-slope-den-center-area-east-of-lake-common,slippery-slope,Slippery Slope (Den A - Center Area East of Lake - Common)
slippery-slope-den-center-area-east-of-lake-rare,slippery-slope,Slippery Slope (Den A - Center Area East of Lake - Rare)
slippery-slope-den-furthest-east-common,slippery-slope,Slippery Slope (Den B - Furthest East - Common)
slippery-slope-den-furthest-east-rare,slippery-slope,Slippery Slope (Den B - Furthest East - Rare)
slippery-slope-den-south-between-rocks-common,slippery-slope,Slippery Slope (Den C - South Between Rocks - Common)
slippery-slope-den-south-between-rocks-rare,slippery-slope,Slippery Slope (Den C - South Between Rocks - Rare)
slippery-slope-den-southeast-of-center-lake-common,slippery-slope,Slippery Slope (Den D - Southeast of Center Lake - Common)
slippery-slope-den-southeast-of-center-lake-rare,slippery-slope,Slippery Slope (Den D - Southeast of Center Lake - Rare)
slippery-slope-den-southeast-of-station-common,slippery-slope,Slippery Slope (Den E - Southeast of Station - Common)
slippery-slope-den-southeast-of-station-rare,slippery-slope,Slippery Slope (Den E - Southeast of Station - Rare)
slippery-slope-den-southwest-of-station-common,slippery-slope,Slippery Slope (Den F - Southwest of Station - Common)
slippery-slope-den-southwest-of-station-rare,slippery-slope,Slippery Slope (Den F - Southwest of Station - Rare)
slowpoke-well,slowpoke-well,Slowpoke Well
slowpoke-well-b1f,slowpoke-well,Slowpoke Well (B1F)
slowpoke-well-b2f,slowpoke-well,Slowpoke Well (B2F)
sludge-mound,sludge-mound,Sludge Mound
slumbering-weald,slumbering-weald,Slumbering Weald
slumbering-weald-near-deepest-part-of-forest-just-south-of-smoke-ball,slumbering-weald,"Slumbering Weald (Near Deepest Part of Forest, Just South of Smoke Ball)"
slumbering-weald-north-area,slumbering-weald,Slumbering Weald (North Area)
slumbering-weald-south-area,slumbering-weald,Slumbering Weald (South Area)
snowbelle-city,snowbelle-city,Snowbelle City
snowfall-hot-spring,snowfall-hot-spring,Snowfall Hot Spring
snowpoint-city,snowpoint-city,Snowpoint City
snowpoint-temple,snowpoint-temple,Snowpoint Temple
snowpoint-temple-1f,snowpoint-temple,Snowpoint Temple (1F)
snowpoint-temple-b1f,snowpoint-temple,Snowpoint Temple (B1F)
snowpoint-temple-b2f,snowpoint-temple,Snowpoint Temple (B2F)
snowpoint-temple-b3f,snowpoint-temple,Snowpoint Temple (B3F)
snowpoint-temple-b4f,snowpoint-temple,Snowpoint Temple (B4F)
snowpoint-temple-b5f,snowpoint-temple,Snowpoint Temple (B5F)
snowslide-slope,snowslide-slope,Snowslide Slope
snowslide-slope-den-along-eastern-path-towards-tunnel-common,snowslide-slope,Snowslide Slope (Den A - Along Eastern Path Towards Tunnel - Common)
snowslide-slope-den-along-eastern-path-towards-tunnel-rare,snowslide-slope,Snowslide Slope (Den A - Along Eastern Path Towards Tunnel - Rare)
snowslide-slope-den-at-slope-entrance-leading-from-giants-bed-common,snowslide-slope,Snowslide Slope (Den B - At Slope Entrance Leading From Giant’s Bed - Common)
snowslide-slope-den-at-slope-entrance-leading-from-giants-bed-rare,snowslide-slope,Snowslide Slope (Den B - At Slope Entrance Leading From Giant’s Bed - Rare)
snowslide-slope-den-by-tunnel-entrance-near-east-side-common,snowslide-slope,Snowslide Slope (Den C - By Tunnel Entrance Near East Side - Common)
snowslide-slope-den-by-tunnel-entrance-near-east-side-rare,snowslide-slope,Snowslide Slope (Den C - By Tunnel Entrance Near East Side - Rare)
snowslide-slope-den-midway-up-slope-on-eastern-side-common,snowslide-slope,Snowslide Slope (Den D - Midway Up Slope on Eastern Side - Common)
snowslide-slope-den-midway-up-slope-on-eastern-side-rare,snowslide-slope,Snowslide Slope (Den D - Midway Up Slope on Eastern Side - Rare)
snowslide-slope-den-near-lower-western-path-close-to-fork-common,snowslide-slope,Snowslide Slope (Den E - Near Lower Western Path - Close to Fork - Common)
snowslide-slope-den-near-lower-western-path-close-to-fork-rare,snowslide-slope,Snowslide Slope (Den E - Near Lower Western Path - Close to Fork - Rare)
snowslide-slope-den-near-western-fork-of-slope-close-to-lake-common,snowslide-slope,Snowslide Slope (Den F - Near Western Fork of Slope - Close to Lake - Common)
snowslide-slope-den-near-western-fork-of-slope-close-to-lake-rare,snowslide-slope,Snowslide Slope (Den F - Near Western Fork of Slope - Close to Lake - Rare)
snowslide-slope-den-southern-exit-near-giants-bed-common,snowslide-slope,Snowslide Slope (Den G - Southern Exit Near Giant’s Bed - Common)
snowslide-slope-den-southern-exit-near-giants-bed-rare,snowslide-slope,Snowslide Slope (Den G - Southern Exit Near Giant’s Bed - Rare)
snowslide-slope-den-uppermost-slope-near-peak-common,snowslide-slope,Snowslide Slope (Den H - Uppermost Slope Near Peak - Common)
snowslide-slope-den-uppermost-slope-near-peak-rare,snowslide-slope,Snowslide Slope (Den H - Uppermost Slope Near Peak - Rare)
snowslide-slope-den-west-slope-near-split-common,snowslide-slope,Snowslide Slope (Den I - West Slope Near Split - Common)
snowslide-slope-den-west-slope-near-split-rare,snowslide-slope,Snowslide Slope (Den I - West Slope Near Split - Rare)
soaring-in-the-sky,soaring-in-the-sky,Soaring in the Sky
socarrat-trail,socarrat-trail,Socarrat Trail
socarrat-trail-forest,socarrat-trail,Socarrat Trail (Forest)
solaceon-ruins-hisui,solaceon-ruins-hisui,Solaceon Ruins
solaceon-ruins-sinnoh,solaceon-ruins-sinnoh,Solaceon Ruins
solaceon-ruins-sinnoh-dead-end-rooms,solaceon-ruins-sinnoh,Solaceon Ruins (Dead-End Rooms)
solaceon-ruins-sinnoh-fifth-big-room,solaceon-ruins-sinnoh,Solaceon Ruins (Fifth Big Room)
solaceon-ruins-sinnoh-fourth-big-room,solaceon-ruins-sinnoh,Solaceon Ruins (Fourth Big Room)
solaceon-ruins-sinnoh-room-through-maniac-tunnel,solaceon-ruins-sinnoh,Solaceon Ruins (Room Through Maniac Tunnel)
solaceon-ruins-sinnoh-second-big-room,solaceon-ruins-sinnoh,Solaceon Ruins (Second Big Room)
solaceon-ruins-sinnoh-seventh-big-room,solaceon-ruins-sinnoh,Solaceon Ruins (Seventh Big Room)
solaceon-ruins-sinnoh-sixth-big-room,solaceon-ruins-sinnoh,Solaceon Ruins (Sixth Big Room)
solaceon-ruins-sinnoh-third-big-room,solaceon-ruins-sinnoh,Solaceon Ruins (Third Big Room)
solaceon-town,solaceon-town,Solaceon Town
sonorous-path,sonorous-path,Sonorous Path
soothing-wetlands,soothing-wetlands,Soothing Wetlands
soothing-wetlands-den-behind-tall-grass-left-of-den-f-near-cliff-wall-common,soothing-wetlands,Soothing Wetlands (Den A - Behind Tall Grass Left of Den F - Near Cliff Wall - Common)
soothing-wetlands-den-behind-tall-grass-left-of-den-f-near-cliff-wall-rare,soothing-wetlands,Soothing Wetlands (Den A - Behind Tall Grass Left of Den F - Near Cliff Wall - Rare)
soothing-wetlands-den-directly-ahead-and-slightly-left-when-coming-from-fields-of-honor-common,soothing-wetlands,Soothing Wetlands (Den B - Directly Ahead and Slightly Left When Coming From Fields of Honor - Common)
soothing-wetlands-den-directly-ahead-and-slightly-left-when-coming-from-fields-of-honor-rare,soothing-wetlands,Soothing Wetlands (Den B - Directly Ahead and Slightly Left When Coming From Fields of Honor - Rare)
soothing-wetlands-den-near-log-past-arc-shaped-pool-towards-forest-of-focus-and-tower-of-waters-common,soothing-wetlands,Soothing Wetlands (Den C - Near Log Past Arc-Shaped Pool Towards Forest of Focus and Tower of Waters - Common)
soothing-wetlands-den-near-log-past-arc-shaped-pool-towards-forest-of-focus-and-tower-of-waters-rare,soothing-wetlands,Soothing Wetlands (Den C - Near Log Past Arc-Shaped Pool Towards Forest of Focus and Tower of Waters - Rare)
soothing-wetlands-den-next-to-cliff-wall-opposite-entrance-halfway-along-wetlands-near-pile-of-rocks-and-logs-common,soothing-wetlands,Soothing Wetlands (Den D - Next to Cliff Wall Opposite Entrance - Halfway Along Wetlands Near Pile of Rocks and Logs - Common)
soothing-wetlands-den-next-to-cliff-wall-opposite-entrance-halfway-along-wetlands-near-pile-of-rocks-and-logs-rare,soothing-wetlands,Soothing Wetlands (Den D - Next to Cliff Wall Opposite Entrance - Halfway Along Wetlands Near Pile of Rocks and Logs - Rare)
soothing-wetlands-den-opposite-forest-of-focus-entrance-inside-shallow-pool-common,soothing-wetlands,Soothing Wetlands (Den E - Opposite Forest of Focus Entrance - Inside Shallow Pool - Common)
soothing-wetlands-den-opposite-forest-of-focus-entrance-inside-shallow-pool-rare,soothing-wetlands,Soothing Wetlands (Den E - Opposite Forest of Focus Entrance - Inside Shallow Pool - Rare)
soothing-wetlands-den-past-circular-shallow-pool-with-sunken-log-in-front-of-brawlers-cave-common,soothing-wetlands,Soothing Wetlands (Den F - Past Circular Shallow Pool with Sunken Log in Front of Brawler’s Cave - Common)
soothing-wetlands-den-past-circular-shallow-pool-with-sunken-log-in-front-of-brawlers-cave-rare,soothing-wetlands,Soothing Wetlands (Den F - Past Circular Shallow Pool with Sunken Log in Front of Brawler’s Cave - Rare)
soothing-wetlands-den-past-two-trees-and-tall-grass-after-heading-right-from-fields-of-honor-common,soothing-wetlands,Soothing Wetlands (Den G - Past Two Trees and Tall Grass After Heading Right From Fields of Honor - Common)
soothing-wetlands-den-past-two-trees-and-tall-grass-after-heading-right-from-fields-of-honor-rare,soothing-wetlands,Soothing Wetlands (Den G - Past Two Trees and Tall Grass After Heading Right From Fields of Honor - Rare)
soothing-wetlands-den-riverside-near-forest-of-focus-next-to-tree-and-tall-gras-common,soothing-wetlands,Soothing Wetlands (Den H - Riverside Near Forest of Focus - Next to Tree and Tall Grass - Common)
soothing-wetlands-den-riverside-near-forest-of-focus-next-to-tree-and-tall-gras-rare,soothing-wetlands,Soothing Wetlands (Den H - Riverside Near Forest of Focus - Next to Tree and Tall Grass - Rare)
soothing-wetlands-den-straight-ahead-from-fields-of-honor-near-big-shallow-pool-with-tall-vegetation-common,soothing-wetlands,Soothing Wetlands (Den I - Straight Ahead From Fields of Honor - Near Big Shallow Pool with Tall Vegetation - Common)
soothing-wetlands-den-straight-ahead-from-fields-of-honor-near-big-shallow-pool-with-tall-vegetation-rare,soothing-wetlands,Soothing Wetlands (Den I - Straight Ahead From Fields of Honor - Near Big Shallow Pool with Tall Vegetation - Rare)
soothing-wetlands-east-of-fields-of-honor-border-near-den,soothing-wetlands,"Soothing Wetlands (East of Fields of Honor Border, Near Den)"
soothing-wetlands-east-of-great-puddle-enclosing-single-tree,soothing-wetlands,Soothing Wetlands (East of Great Puddle Enclosing Single Tree)
soothing-wetlands-in-easternmost-puddle-enclosing-tree-and-patch-of-grass-in-north,soothing-wetlands,Soothing Wetlands (In Easternmost Puddle Enclosing Tree and Patch of Grass in North)
soothing-wetlands-in-easternmost-puddle-enclosing-tree-and-patch-of-grass-in-south,soothing-wetlands,Soothing Wetlands (In Easternmost Puddle Enclosing Tree and Patch of Grass in South)
soothing-wetlands-in-great-puddle-enclosing-single-tree-in-east,soothing-wetlands,Soothing Wetlands (In Great Puddle Enclosing Single Tree in East)
soothing-wetlands-in-great-puddle-enclosing-single-tree-in-northwest,soothing-wetlands,Soothing Wetlands (In Great Puddle Enclosing Single Tree in Northwest)
soothing-wetlands-in-great-puddle-enclosing-single-tree-in-south,soothing-wetlands,Soothing Wetlands (In Great Puddle Enclosing Single Tree in South)
soothing-wetlands-in-great-puddle-with-trunk-in-it-east-of-trunk,soothing-wetlands,"Soothing Wetlands (In Great Puddle with Trunk in It, East of Trunk)"
soothing-wetlands-in-great-puddle-with-trunk-in-it-west-of-trunk,soothing-wetlands,"Soothing Wetlands (In Great Puddle with Trunk in It, West of Trunk)"
soothing-wetlands-in-open-area-just-north-of-forest-of-focus-border,soothing-wetlands,Soothing Wetlands (In Open Area Just North of Forest of Focus Border)
soothing-wetlands-in-open-area-just-south-of-forest-of-focus-border,soothing-wetlands,Soothing Wetlands (In Open Area Just South of Forest of Focus Border)
soothing-wetlands-in-open-area-south-of-great-puddle-with-trunk-in-it,soothing-wetlands,Soothing Wetlands (In Open Area South of Great Puddle with Trunk in It)
soothing-wetlands-in-puddle-near-brawlers-cave-entrance,soothing-wetlands,Soothing Wetlands (In Puddle Near Brawler’s Cave Entrance)
soothing-wetlands-in-puddle-west-of-great-puddle-with-trunk-in-it-near-berry-tree,soothing-wetlands,"Soothing Wetlands (In Puddle West of Great Puddle with Trunk in It, Near Berry Tree)"
soothing-wetlands-in-puddle-with-den-in-it,soothing-wetlands,Soothing Wetlands (In Puddle with Den in It)
soothing-wetlands-in-southernmost-puddle-northeast-of-fields-of-honor-border,soothing-wetlands,Soothing Wetlands (In Southernmost Puddle Northeast of Fields of Honor Border)
soothing-wetlands-near-center-in-patch-of-brown-flowers,soothing-wetlands,Soothing Wetlands (Near Center in Patch of Brown Flowers)
soothing-wetlands-north-northwest-of-fields-of-honor-border,soothing-wetlands,Soothing Wetlands (North-Northwest of Fields of Honor Border)
soothing-wetlands-northwest-of-great-puddle-enclosing-single-tree,soothing-wetlands,Soothing Wetlands (Northwest of Great Puddle Enclosing Single Tree)
soothing-wetlands-southwest-of-brawlers-cave-entrance-in-open-area-near-den,soothing-wetlands,Soothing Wetlands (Southwest of Brawler’s Cave Entrance in Open Area Near Den)
soothing-wetlands-southwest-of-great-puddle-enclosing-single-tree,soothing-wetlands,Soothing Wetlands (Southwest of Great Puddle Enclosing Single Tree)
sootopolis-city,sootopolis-city,Sootopolis City
south-boulevard,south-boulevard,South Boulevard
south-lake-miloch,south-lake-miloch,South Lake Miloch
south-lake-miloch-at-north-end-of-northwest-leg-of-lake,south-lake-miloch,South Lake Miloch (At North End of Northwest Leg of Lake)
south-lake-miloch-by-giants-seat-fishing-spot-north-of-bridge,south-lake-miloch,"South Lake Miloch (By Giant’s Seat, Fishing Spot North of Bridge)"
south-lake-miloch-central-and-northern-patches,south-lake-miloch,South Lake Miloch (Central and Northern Patches)
south-lake-miloch-den-northeast-coast-of-south-lake-miloch-common,south-lake-miloch,South Lake Miloch (Den A - Northeast Coast of South Lake Miloch - Common)
south-lake-miloch-den-northeast-coast-of-south-lake-miloch-rare,south-lake-miloch,South Lake Miloch (Den A - Northeast Coast of South Lake Miloch - Rare)
south-lake-miloch-den-northwest-coast-of-south-lake-miloch-common,south-lake-miloch,South Lake Miloch (Den B - Northwest Coast of South Lake Miloch - Common)
south-lake-miloch-den-northwest-coast-of-south-lake-miloch-rare,south-lake-miloch,South Lake Miloch (Den B - Northwest Coast of South Lake Miloch - Rare)
south-lake-miloch-den-southeast-coast-of-south-lake-miloch-common,south-lake-miloch,South Lake Miloch (Den C - Southeast Coast of South Lake Miloch - Common)
south-lake-miloch-den-southeast-coast-of-south-lake-miloch-rare,south-lake-miloch,South Lake Miloch (Den C - Southeast Coast of South Lake Miloch - Rare)
south-lake-miloch-den-southwest-coast-of-south-lake-miloch-common,south-lake-miloch,South Lake Miloch (Den D - Southwest Coast of South Lake Miloch - Common)
south-lake-miloch-den-southwest-coast-of-south-lake-miloch-rare,south-lake-miloch,South Lake Miloch (Den D - Southwest Coast of South Lake Miloch - Rare)
south-lake-miloch-den-west-coast-of-south-lake-miloch-common,south-lake-miloch,South Lake Miloch (Den E - West Coast of South Lake Miloch - Common)
south-lake-miloch-den-west-coast-of-south-lake-miloch-rare,south-lake-miloch,South Lake Miloch (Den E - West Coast of South Lake Miloch - Rare)
south-lake-miloch-east-of-den-nearest-rolling-hills,south-lake-miloch,South Lake Miloch (East of Den Nearest Rolling Hills)
south-lake-miloch-near-neck-of-northwest-leg-of-lake,south-lake-miloch,South Lake Miloch (Near Neck of Northwest Leg of Lake)
south-lake-miloch-near-top-of-slope-down-from-rolling-hills,south-lake-miloch,South Lake Miloch (Near Top of Slope Down From Rolling Hills)
south-lake-miloch-north-of-border-with-rolling-hills,south-lake-miloch,South Lake Miloch (North of Border With Rolling Hills)
south-lake-miloch-northwest-of-bridge-to-giants-seat,south-lake-miloch,South Lake Miloch (Northwest of Bridge to Giant’s Seat)
south-lake-miloch-on-south-side-of-bridge,south-lake-miloch,South Lake Miloch (On South Side of Bridge)
south-lake-miloch-south-of-east-end-of-bridge,south-lake-miloch,South Lake Miloch (South of East End of Bridge)
south-lake-miloch-south-of-neck-of-northwest-leg-of-lake,south-lake-miloch,South Lake Miloch (South of Neck of Northwest Leg of Lake)
south-lake-miloch-south-of-northeast-field-of-grass,south-lake-miloch,South Lake Miloch (South of Northeast Field of Grass)
south-lake-miloch-southern-patch,south-lake-miloch,South Lake Miloch (Southern Patch)
south-lake-miloch-west-of-bridge-to-giants-seat,south-lake-miloch,South Lake Miloch (West of Bridge to Giant’s Seat)
south-paldean-sea-ocean,south-paldean-sea,South Paldean Sea (Ocean)
south-province-area-five,south-province-area-five,South Province Area Five
south-province-area-five-beach,south-province-area-five,South Province Area Five (Beach)
south-province-area-five-flower,south-province-area-five,South Province Area Five (Flower)
south-province-area-five-lake,south-province-area-five,South Province Area Five (Lake)
south-province-area-five-mountain,south-province-area-five,South Province Area Five (Mountain)
south-province-area-five-ocean,south-province-area-five,South Province Area Five (Ocean)
south-province-area-five-prairie,south-province-area-five,South Province Area Five (Prairie)
south-province-area-five-riverside,south-province-area-five,South Province Area Five (Riverside)
south-province-area-five-rocky-area,south-province-area-five,South Province Area Five (Rocky Area)
south-province-area-five-ruins,south-province-area-five,South Province Area Five (Ruins)
south-province-area-five-swamp,south-province-area-five,South Province Area Five (Swamp)
south-province-area-four,south-province-area-four,South Province Area Four
south-province-area-four-flower,south-province-area-four,South Province Area Four (Flower)
south-province-area-four-forest,south-province-area-four,South Province Area Four (Forest)
south-province-area-four-lake,south-province-area-four,South Province Area Four (Lake)
south-province-area-four-mountain,south-province-area-four,South Province Area Four (Mountain)
south-province-area-four-ocean,south-province-area-four,South Province Area Four (Ocean)
south-province-area-four-prairie,south-province-area-four,South Province Area Four (Prairie)
south-province-area-four-riverside,south-province-area-four,South Province Area Four (Riverside)
south-province-area-four-rocky-area,south-province-area-four,South Province Area Four (Rocky Area)
south-province-area-four-ruins,south-province-area-four,South Province Area Four (Ruins)
south-province-area-one,south-province-area-one,South Province Area One
south-province-area-one-beach,south-province-area-one,South Province Area One (Beach)
south-province-area-one-flower,south-province-area-one,South Province Area One (Flower)
south-province-area-one-forest,south-province-area-one,South Province Area One (Forest)
south-province-area-one-lake,south-province-area-one,South Province Area One (Lake)
south-province-area-one-ocean,south-province-area-one,South Province Area One (Ocean)
south-province-area-one-prairie,south-province-area-one,South Province Area One (Prairie)
south-province-area-one-riverside,south-province-area-one,South Province Area One (Riverside)
south-province-area-one-ruins,south-province-area-one,South Province Area One (Ruins)
south-province-area-one-town,south-province-area-one,South Province Area One (Town)
south-province-area-six,south-province-area-six,South Province Area Six
south-province-area-six-cave,south-province-area-six,South Province Area Six (Cave)
south-province-area-six-flower,south-province-area-six,South Province Area Six (Flower)
south-province-area-six-lake,south-province-area-six,South Province Area Six (Lake)
south-province-area-six-mountain,south-province-area-six,South Province Area Six (Mountain)
south-province-area-six-ocean,south-province-area-six,South Province Area Six (Ocean)
south-province-area-six-riverside,south-province-area-six,South Province Area Six (Riverside)
south-province-area-six-rocky-area,south-province-area-six,South Province Area Six (Rocky Area)
south-province-area-six-ruins,south-province-area-six,South Province Area Six (Ruins)
south-province-area-six-town,south-province-area-six,South Province Area Six (Town)
south-province-area-three,south-province-area-three,South Province Area Three
south-province-area-three-prairie,south-province-area-three,South Province Area Three (Prairie)
south-province-area-three-rocky-area,south-province-area-three,South Province Area Three (Rocky Area)
south-province-area-three-ruins,south-province-area-three,South Province Area Three (Ruins)
south-province-area-three-town,south-province-area-three,South Province Area Three (Town)
south-province-area-two,south-province-area-two,South Province Area Two
south-province-area-two-flower,south-province-area-two,South Province Area Two (Flower)
south-province-area-two-forest,south-province-area-two,South Province Area Two (Forest)
south-province-area-two-mountain,south-province-area-two,South Province Area Two (Mountain)
south-province-area-two-olive-orchard,south-province-area-two,South Province Area Two (Olive Orchard)
south-province-area-two-prairie,south-province-area-two,South Province Area Two (Prairie)
south-province-area-two-riverside,south-province-area-two,South Province Area Two (Riverside)
south-province-area-two-rocky-area,south-province-area-two,South Province Area Two (Rocky Area)
south-province-area-two-ruins,south-province-area-two,South Province Area Two (Ruins)
south-province-area-two-town,south-province-area-two,South Province Area Two (Town)
southern-island,southern-island,Southern Island
spacious-cave,spacious-cave,Spacious Cave
spear-pillar,spear-pillar,Spear Pillar
spikemuth,spikemuth,Spikemuth
split-decision-ruins,split-decision-ruins,Split-Decision Ruins
spring-path-hisui,spring-path-hisui,Spring Path
sprout-tower-1f,sprout-tower,Sprout Tower (1F)
sprout-tower-2f,sprout-tower,Sprout Tower (2F)
sprout-tower-3f,sprout-tower,Sprout Tower (3F)
ss-anne,vermilion-city,S.S. Anne
ss-aqua,vermilion-city,S.S. Aqua
ss-tidal,slateport-city,S.S. Tidal
stargleam-cavern,stargleam-cavern,Stargleam Cavern
stark-mountain,stark-mountain,Stark Mountain
stark-mountain-inside-1,stark-mountain,Stark Mountain (Inside 1)
stark-mountain-inside-2,stark-mountain,Stark Mountain (Inside 2)
stark-mountain-outside,stark-mountain,Stark Mountain (Outside)
stepping-stone-sea,stepping-stone-sea,Stepping-Stone Sea
stepping-stone-sea-den-between-two-islands-of-exclamation-mark-shaped-island-common,stepping-stone-sea,Stepping-Stone Sea (Den A - Between Two Islands of Exclamation-Mark Shaped Island - Common)
stepping-stone-sea-den-between-two-islands-of-exclamation-mark-shaped-island-rare,stepping-stone-sea,Stepping-Stone Sea (Den A - Between Two Islands of Exclamation-Mark Shaped Island - Rare)
stepping-stone-sea-den-first-in-string-of-three-dens-closest-to-tower-of-waters-towards-loop-lagoon-common,stepping-stone-sea,Stepping-Stone Sea (Den B - First in String of Three Dens Closest to Tower of Waters - Towards Loop Lagoon - Common)
stepping-stone-sea-den-first-in-string-of-three-dens-closest-to-tower-of-waters-towards-loop-lagoon-rare,stepping-stone-sea,Stepping-Stone Sea (Den B - First in String of Three Dens Closest to Tower of Waters - Towards Loop Lagoon - Rare)
stepping-stone-sea-den-halfway-between-tower-of-waters-and-elongated-pair-of-islands-common,stepping-stone-sea,Stepping-Stone Sea (Den C - Halfway Between Tower of Waters and Elongated Pair of Islands - Common)
stepping-stone-sea-den-halfway-between-tower-of-waters-and-elongated-pair-of-islands-rare,stepping-stone-sea,Stepping-Stone Sea (Den C - Halfway Between Tower of Waters and Elongated Pair of Islands - Rare)
stepping-stone-sea-den-last-den-in-string-of-three-dens-straight-past-islet-common,stepping-stone-sea,Stepping-Stone Sea (Den D - Last Den in String of Three Dens - Straight Past Islet - Common)
stepping-stone-sea-den-last-den-in-string-of-three-dens-straight-past-islet-rare,stepping-stone-sea,Stepping-Stone Sea (Den D - Last Den in String of Three Dens - Straight Past Islet - Rare)
stepping-stone-sea-den-middle-den-in-string-of-three-dens-straight-past-islet-common,stepping-stone-sea,Stepping-Stone Sea (Den E - Middle Den in String of Three Dens - Straight Past Islet - Common)
stepping-stone-sea-den-middle-den-in-string-of-three-dens-straight-past-islet-rare,stepping-stone-sea,Stepping-Stone Sea (Den E - Middle Den in String of Three Dens - Straight Past Islet - Rare)
stepping-stone-sea-den-near-tree-through-tall-grass-on-island-with-two-trees-before-elongated-islands-common,stepping-stone-sea,Stepping-Stone Sea (Den F - Near Tree Through Tall Grass on Island With Two Trees Before Elongated Islands - Common)
stepping-stone-sea-den-near-tree-through-tall-grass-on-island-with-two-trees-before-elongated-islands-rare,stepping-stone-sea,Stepping-Stone Sea (Den F - Near Tree Through Tall Grass on Island With Two Trees Before Elongated Islands - Rare)
stepping-stone-sea-den-on-smaller-shore-right-of-main-shore-of-island-with-archway-common,stepping-stone-sea,Stepping-Stone Sea (Den G - On Smaller Shore Right of Main Shore of Island With Archway - Common)
stepping-stone-sea-den-on-smaller-shore-right-of-main-shore-of-island-with-archway-rare,stepping-stone-sea,Stepping-Stone Sea (Den G - On Smaller Shore Right of Main Shore of Island With Archway - Rare)
stepping-stone-sea-den-opposite-far-end-of-challenge-beach-on-courageous-cavern-side-past-circular-islet-common,stepping-stone-sea,Stepping-Stone Sea (Den H - Opposite Far End of Challenge Beach on Courageous Cavern Side - Past Circular Islet - Common)
stepping-stone-sea-den-opposite-far-end-of-challenge-beach-on-courageous-cavern-side-past-circular-islet-rare,stepping-stone-sea,Stepping-Stone Sea (Den H - Opposite Far End of Challenge Beach on Courageous Cavern Side - Past Circular Islet - Rare)
stepping-stone-sea-den-tip-nearest-to-tower-of-waters-on-long-sandy-island-right-of-islet-common,stepping-stone-sea,Stepping-Stone Sea (Den I - Tip Nearest to Tower of Waters on Long Sandy Island - Right of Islet - Common)
stepping-stone-sea-den-tip-nearest-to-tower-of-waters-on-long-sandy-island-right-of-islet-rare,stepping-stone-sea,Stepping-Stone Sea (Den I - Tip Nearest to Tower of Waters on Long Sandy Island - Right of Islet - Rare)
still-water-cavern,still-water-cavern,Still-Water Cavern
stone-emporium,lumiose-city,Stone Emporium
stonetooth-rows,stonetooth-rows,Stonetooth Rows
stony-wilderness,stony-wilderness,Stony Wilderness
stony-wilderness-brown-patch,stony-wilderness,Stony Wilderness (Brown patch of grass)
stony-wilderness-den-central-area-of-stony-wilderness-common,stony-wilderness,Stony Wilderness (Den A - Central Area of Stony Wilderness - Common)
stony-wilderness-den-central-area-of-stony-wilderness-rare,stony-wilderness,Stony Wilderness (Den A - Central Area of Stony Wilderness - Rare)
stony-wilderness-den-east-end-of-stony-wilderness-common,stony-wilderness,Stony Wilderness (Den B - East End of Stony Wilderness - Common)
stony-wilderness-den-east-end-of-stony-wilderness-rare,stony-wilderness,Stony Wilderness (Den B - East End of Stony Wilderness - Rare)
stony-wilderness-den-east-of-stony-wilderness-near-cliff-common,stony-wilderness,Stony Wilderness (Den E - East of Stony Wilderness Near Cliff - Common)
stony-wilderness-den-east-of-stony-wilderness-near-cliff-rare,stony-wilderness,Stony Wilderness (Den E - East of Stony Wilderness Near Cliff - Rare)
stony-wilderness-den-north-end-of-stony-wilderness-near-cliff-common,stony-wilderness,Stony Wilderness (Den D - North End of Stony Wilderness Near Cliff - Common)
stony-wilderness-den-north-end-of-stony-wilderness-near-cliff-rare,stony-wilderness,Stony Wilderness (Den D - North End of Stony Wilderness Near Cliff - Rare)
stony-wilderness-den-north-of-stony-wilderness-near-tree-common,stony-wilderness,Stony Wilderness (Den E - North of Stony Wilderness Near Tree - Common)
stony-wilderness-den-north-of-stony-wilderness-near-tree-rare,stony-wilderness,Stony Wilderness (Den E - North of Stony Wilderness Near Tree - Rare)
stony-wilderness-den-northeast-end-of-stony-wilderness-common,stony-wilderness,Stony Wilderness (Den F - Northeast End of Stony Wilderness - Common)
stony-wilderness-den-northeast-end-of-stony-wilderness-near-cliff-common,stony-wilderness,Stony Wilderness (Den F - Northeast End of Stony Wilderness - Rare)
stony-wilderness-den-northeast-end-of-stony-wilderness-near-cliff-rare,stony-wilderness,Stony Wilderness (Den G - Northeast End of Stony Wilderness Near Cliff - Common)
stony-wilderness-den-northeast-end-of-stony-wilderness-rare,stony-wilderness,Stony Wilderness (Den G - Northeast End of Stony Wilderness Near Cliff - Rare)
stony-wilderness-den-northwest-end-of-stony-wilderness-common,stony-wilderness,Stony Wilderness (Den H - Northwest End of Stony Wilderness - Common)
stony-wilderness-den-northwest-end-of-stony-wilderness-rare,stony-wilderness,Stony Wilderness (Den H - Northwest End of Stony Wilderness - Rare)
stony-wilderness-den-south-of-stony-wilderness-near-bridge-common,stony-wilderness,Stony Wilderness (Den I - South of Stony Wilderness Near Bridge - Common)
stony-wilderness-den-south-of-stony-wilderness-near-bridge-rare,stony-wilderness,Stony Wilderness (Den I - South of Stony Wilderness Near Bridge - Rare)
stony-wilderness-den-southeast-end-of-stony-wilderness-near-cliff-common,stony-wilderness,Stony Wilderness (Den J - Southeast End of Stony Wilderness Near Cliff - Common)
stony-wilderness-den-southeast-end-of-stony-wilderness-near-cliff-rare,stony-wilderness,Stony Wilderness (Den J - Southeast End of Stony Wilderness Near Cliff - Rare)
stony-wilderness-den-southeast-of-stony-wilderness-near-path-common,stony-wilderness,Stony Wilderness (Den K - Southeast of Stony Wilderness Near Path - Common)
stony-wilderness-den-southeast-of-stony-wilderness-near-path-rare,stony-wilderness,Stony Wilderness (Den K - Southeast of Stony Wilderness Near Path - Rare)
stony-wilderness-den-west-end-of-stony-wilderness-near-bridge-common,stony-wilderness,Stony Wilderness (Den L - West End of Stony Wilderness Near Bridge - Common)
stony-wilderness-den-west-end-of-stony-wilderness-near-bridge-rare,stony-wilderness,Stony Wilderness (Den L - West End of Stony Wilderness Near Bridge - Rare)
stony-wilderness-in-northeast-southwest-of-field-of-brown-grass,stony-wilderness,"Stony Wilderness (In Northeast, Southwest of Field of Brown Grass)"
stony-wilderness-in-northwest-south-of-hall-of-leaning-rocks-in-dusty-bowl,stony-wilderness,"Stony Wilderness (In Northwest, South of Hall of Leaning Rocks in Dusty Bowl)"
stony-wilderness-in-northwest-west-of-den,stony-wilderness,"Stony Wilderness (In Northwest, West of Den)"
stony-wilderness-in-south-north-of-bridge-near-its-center,stony-wilderness,"Stony Wilderness (In South, North of Bridge Near Its Center)"
stony-wilderness-in-southeast-east-of-group-of-large-rocks,stony-wilderness,"Stony Wilderness (In Southeast, East of Group of Large Rocks)"
stony-wilderness-in-southeast-on-north-side-of-group-of-large-rocks,stony-wilderness,"Stony Wilderness (In Southeast, on North Side of Group of Large Rocks)"
stony-wilderness-in-southwest-just-north-of-bridge,stony-wilderness,"Stony Wilderness (In Southwest, Just North of Bridge)"
stony-wilderness-most-patches,stony-wilderness,Stony Wilderness (Most Patches)
stony-wilderness-near-east-wall-north-of-group-of-large-rocks-in-southeast,stony-wilderness,Stony Wilderness (Near East Wall North of Group of Large Rocks in Southeast)
stony-wilderness-two-northwestern-patches,stony-wilderness,Stony Wilderness (Two Northwestern Patches)
stow-on-side,stow-on-side,Stow-on-Side
strange-house,strange-house,Strange House
striaton-city,striaton-city,Striaton City
sunlit-cavern,sunlit-cavern,Sunlit Cavern
sunyshore-city,sunyshore-city,Sunyshore City
swampy-cave,swampy-cave,Swampy Cave
tagtree-thicket,tagtree-thicket,Tagtree Thicket
tagtree-thicket-flower,tagtree-thicket,Tagtree Thicket (Flower)
tagtree-thicket-forest,tagtree-thicket,Tagtree Thicket (Forest)
tagtree-thicket-lake,tagtree-thicket,Tagtree Thicket (Lake)
tagtree-thicket-riverside,tagtree-thicket,Tagtree Thicket (Riverside)
tagtree-thicket-rocky-area,tagtree-thicket,Tagtree Thicket (Rocky Area)
tanoby-chambers-dilford-chamber,tanoby-chambers,Tanoby Chambers (Dilford Chamber)
tanoby-chambers-liptoo-chamber,tanoby-chambers,Tanoby Chambers (Liptoo Chamber)
tanoby-chambers-monean-chamber,tanoby-chambers,Tanoby Chambers (Monean Chamber)
tanoby-chambers-rixy-chamber,tanoby-chambers,Tanoby Chambers (Rixy Chamber)
tanoby-chambers-scufib-chamber,tanoby-chambers,Tanoby Chambers (Scufib Chamber)
tanoby-chambers-viapois-chamber,tanoby-chambers,Tanoby Chambers (Viapois Chamber)
tanoby-chambers-weepth-chamber,tanoby-chambers,Tanoby Chambers (Weepth Chamber)
tanoby-ruins,tanoby-ruins,Tanoby Ruins
tapu-village,tapu-village,Tapu Village
team-aqua-hideout,team-aqua-hideout,Team Aqua Hideout
team-flare-secret-hq,team-flare-secret-hq,Team Flare Secret HQ
team-magma-hideout,team-magma-hideout,Team Magma Hideout
team-rocket-hideout,celadon-city,Team Rocket Hideout
team-rocket-hq-b1f,team-rocket-hq,Team Rocket HQ (B1F)
team-rocket-hq-b2f,team-rocket-hq,Team Rocket HQ (B2F)
team-rockets-castle,team-rockets-castle,Team Rocket’s Castle
temple-of-sinnoh,temple-of-sinnoh,Temple of Sinnoh
ten-carat-hill,ten-carat-hill,Ten Carat Hill
ten-carat-hill-cave-and-ocean-cave,ten-carat-hill,Ten Carat Hill (Cave and Ocean Cave)
ten-carat-hill-farthest-hollow,ten-carat-hill,Ten Carat Hill (Farthest Hollow)
terarium,terarium,Terarium
terminus-cave,terminus-cave,Terminus Cave
terra-cave,terra-cave,Terra Cave
the-heartwood,the-heartwood,The Heartwood
three-isle-port,three-isle-port,Three-Isle Port
three-point-pass,three-point-pass,Three-Point Pass
three-point-pass-between-frigid-sea-and-pillars-of-rock,three-point-pass,Three-Point Pass (Between Frigid Sea and Pillars of Rock)
three-point-pass-den-near-frigid-sea-common,three-point-pass,Three-Point Pass (Den A - Near Frigid Sea - Common)
three-point-pass-den-near-frigid-sea-rare,three-point-pass,Three-Point Pass (Den A - Near Frigid Sea - Rare)
three-point-pass-den-near-roaring-sea-caves-common,three-point-pass,Three-Point Pass (Den B - Near Roaring Sea Caves - Common)
three-point-pass-den-near-roaring-sea-caves-rare,three-point-pass,Three-Point Pass (Den B - Near Roaring Sea Caves - Rare)
three-point-pass-in-middle-of-pillars-of-rock,three-point-pass,Three-Point Pass (In Middle of Pillars of Rock)
thrifty-megamart,royal-avenue,Thrifty Megamart
thrifty-megamart-abandoned-site,thrifty-megamart-abandoned-site,Thrifty Megamart (Abandoned Site)
tide-song-hotel,heahea-city,Tide Song Hotel
tidewater-dam,tidewater-dam,Tidewater Dam
timeless-woods,timeless-woods,Timeless Woods
tohjo-falls,tohjo-falls,Tohjo Falls
tombolo-walk,tombolo-walk,Tombolo Walk
torchlit-labyrinth,torchlit-labyrinth,Torchlit Labyrinth
torchlit-labyrinth-cave,torchlit-labyrinth,Torchlit Labyrinth (Cave)
tower-of-mastery,tower-of-mastery,Tower of Mastery
tower-summit-first-visit,tower-summit,Tower Summit (First Visit)
tower-summit-second-visit,tower-summit,Tower Summit (Second Visit)
trackless-forest,trackless-forest,Trackless Forest
trading-post,jubilife-village,Trading Post
trainer-tower,trainer-tower,Trainer Tower
trainers-school-alola,trainers-school-alola,Trainer’s School (Alola)
training-grounds,jubilife-village,Training Grounds
training-lowlands,training-lowlands,Training Lowlands
training-lowlands-den-ahead-in-front-of-rocky-terrain-after-slope-turn-right-through-tall-grass-common,training-lowlands,Training Lowlands (Den A - Ahead in Front of Rocky Terrain After Slope - Turn Right Through Tall Grass - Common)
training-lowlands-den-ahead-in-front-of-rocky-terrain-after-slope-turn-right-through-tall-grass-rare,training-lowlands,Training Lowlands (Den A - Ahead in Front of Rocky Terrain After Slope - Turn Right Through Tall Grass - Rare)
training-lowlands-den-between-rocky-hill-near-shoreline-and-cliff-wall-common,training-lowlands,Training Lowlands (Den B - Between Rocky Hill Near Shoreline and Cliff Wall - Common)
training-lowlands-den-between-rocky-hill-near-shoreline-and-cliff-wall-rare,training-lowlands,Training Lowlands (Den B - Between Rocky Hill Near Shoreline and Cliff Wall - Rare)
training-lowlands-den-far-end-of-path-left-of-stairs-to-challenge-road-common,training-lowlands,Training Lowlands (Den C - Far End of Path Left of Stairs to Challenge Road - Common)
training-lowlands-den-far-end-of-path-left-of-stairs-to-challenge-road-rare,training-lowlands,Training Lowlands (Den C - Far End of Path Left of Stairs to Challenge Road - Rare)
training-lowlands-den-immediately-right-behind-slope-after-turning-left-from-forest-of-focus-entrance-common,training-lowlands,Training Lowlands (Den D - Immediately Right Behind Slope After Turning Left From Forest of Focus Entrance - Common)
training-lowlands-den-immediately-right-behind-slope-after-turning-left-from-forest-of-focus-entrance-rare,training-lowlands,Training Lowlands (Den D - Immediately Right Behind Slope After Turning Left From Forest of Focus Entrance - Rare)
training-lowlands-den-inside-tall-grass-left-after-turning-right-from-forest-of-focus-entrance-common,training-lowlands,Training Lowlands (Den E - Inside Tall Grass Left After Turning Right From Forest of Focus Entrance - Common)
training-lowlands-den-inside-tall-grass-left-after-turning-right-from-forest-of-focus-entrance-rare,training-lowlands,Training Lowlands (Den E - Inside Tall Grass Left After Turning Right From Forest of Focus Entrance - Rare)
training-lowlands-den-near-entrance-to-warm-up-tunnel-common,training-lowlands,Training Lowlands (Den F - Near Entrance to Warm-Up Tunnel - Common)
training-lowlands-den-near-entrance-to-warm-up-tunnel-rare,training-lowlands,Training Lowlands (Den F - Near Entrance to Warm-Up Tunnel - Rare)
training-lowlands-den-on-island-in-middle-of-lake-common,training-lowlands,Training Lowlands (Den G - on Island in Middle of Lake - Common)
training-lowlands-den-on-island-in-middle-of-lake-rare,training-lowlands,Training Lowlands (Den G - on Island in Middle of Lake - Rare)
training-lowlands-in-big-clearing-near-beach-and-pond,training-lowlands,Training Lowlands (In Big Clearing Near Beach and Pond)
training-lowlands-in-clearing-near-den,training-lowlands,Training Lowlands (In Clearing Near Den)
training-lowlands-on-beach-shore,training-lowlands,Training Lowlands (On Beach Shore)
training-lowlands-south-of-warm-up-tunnel-entrance,training-lowlands,Training Lowlands (South of Warm-Up Tunnel Entrance)
training-lowlands-up-ramp-towards-challenge-road,training-lowlands,Training Lowlands (Up Ramp Towards Challenge Road)
training-lowlands-up-small-river-connected-to-pond,training-lowlands,Training Lowlands (Up Small River Connected to Pond)
tranquility-cove,tranquility-cove,Tranquility Cove
treasure-beach,treasure-beach,Treasure Beach
trick-house,trick-house,Trick House
trophy-garden,trophy-garden,Trophy Garden
tunnel-to-the-top,tunnel-to-the-top,Tunnel to the Top
turffield,turffield,Turffield
turnback-cave,turnback-cave,Turnback Cave
turnback-cave-before-encountering-pillar,turnback-cave,Turnback Cave (Before Encountering Pillar)
turnback-cave-between-first-and-second-pillar,turnback-cave,Turnback Cave (Between First and Second Pillar)
turnback-cave-between-second-and-third-pillar,turnback-cave,Turnback Cave (Between Second and Third Pillar)
twinleaf-town,twinleaf-town,Twinleaf Town
twist-mountain,twist-mountain,Twist Mountain
twist-mountain-1f,twist-mountain,Twist Mountain (1F)
twist-mountain-2f,twist-mountain,Twist Mountain (2F)
twist-mountain-3f,twist-mountain,Twist Mountain (3F)
twist-mountain-b1f,twist-mountain,Twist Mountain (B1F)
two-island,two-island,Two Island
typhlo-cavern,typhlo-cavern,Typhlo Cavern
ulaula-beach,ulaula-beach,Ula'ula Beach
ulaula-meadow,ulaula-meadow,Ula'ula Meadow
ultra-crater,ultra-crater,Ultra Crater
ultra-deep-sea,ultra-deep-sea,Ultra Deep-Sea
ultra-forest,ultra-forest,Ultra Forest
ultra-megalopolis,ultra-megalopolis,Ultra Megalopolis
ultra-plant,ultra-plant,Ultra Plant
ultra-ruin,ultra-ruin,Ultra Ruin
ultra-space-wilds,ultra-space-wilds,Ultra Space Wilds
ultra-space-wilds-cave-world,ultra-space-wilds,Ultra Space Wilds (Cave World)
ultra-space-wilds-rocky-world,ultra-space-wilds,Ultra Space Wilds (Rocky World)
ultra-space-wilds-water-world,ultra-space-wilds,Ultra Space Wilds (Water World)
undella-bay,undella-bay,Undella Bay
undella-town,undella-town,Undella Town
underground,underground,Underground
underground-path-kanto-routes-5-6,underground-path-kanto-routes-5-6,Underground Path (Kanto - Routes 5-6)
underground-path-kanto-routes-7-8,underground-path-kanto-routes-7-8,Underground Path (Kanto - Routes 7-8)
underground-ruins,underground-ruins,Underground Ruins
union-cave-1f,union-cave,Union Cave (1F)
union-cave-b1f,union-cave,Union Cave (B1F)
union-cave-b2f,union-cave,Union Cave (B2F)
unknown-dungeon-kalos,unknown-dungeon-kalos,Unknown Dungeon (Kalos)
unova-route-01,unova-route-01,Unova Route 1
unova-route-02,unova-route-02,Unova Route 2
unova-route-03,unova-route-03,Unova Route 3
unova-route-04,unova-route-04,Unova Route 4
unova-route-05,unova-route-05,Unova Route 5
unova-route-06,unova-route-06,Unova Route 6
unova-route-06-hidden-grotto-north-of-breeder,unova-route-06,Unova Route 6 (Hidden Grotto - North of Breeder)
unova-route-06-hidden-grotto-outside-mistralton-cave,unova-route-06,Unova Route 6 (Hidden Grotto - Outside Mistralton Cave)
unova-route-07,unova-route-07,Unova Route 7
unova-route-08,unova-route-08,Unova Route 8
unova-route-09,unova-route-09,Unova Route 9
unova-route-10,unova-route-10,Unova Route 10
unova-route-11,unova-route-11,Unova Route 11
unova-route-12,unova-route-12,Unova Route 12
unova-route-13,unova-route-13,Unova Route 13
unova-route-13-hidden-grotto-giant-chasm,unova-route-13,Unova Route 13 (Hidden Grotto - Giant Chasm)
unova-route-13-hidden-grotto-lacunosa-town,unova-route-13,Unova Route 13 (Hidden Grotto - Lacunosa Town)
unova-route-14,unova-route-14,Unova Route 14
unova-route-15,unova-route-15,Unova Route 15
unova-route-16,unova-route-16,Unova Route 16
unova-route-17,unova-route-17,Unova Route 17
unova-route-18,unova-route-18,Unova Route 18
unova-route-19,unova-route-19,Unova Route 19
unova-route-20,unova-route-20,Unova Route 20
unova-route-21,unova-route-21,Unova Route 21
unova-route-22,unova-route-22,Unova Route 22
unova-route-23,unova-route-23,Unova Route 23
ursas-ring,ursas-ring,Ursa's Ring
uva-academy,uva-academy,Uva Academy
valley-windworks,valley-windworks,Valley Windworks
valor-cavern-hisui,lake-valor-hisui,Valor Cavern
valor-lakefront,valor-lakefront,Valor Lakefront
vaniville-town,vaniville-town,Vaniville Town
vast-poni-canyon,vast-poni-canyon,Vast Poni Canyon
vast-poni-canyon-canyon,vast-poni-canyon,Vast Poni Canyon (Canyon)
vast-poni-canyon-caves,vast-poni-canyon,Vast Poni Canyon (Caves)
veilstone-cape,veilstone-cape,Veilstone Cape
veilstone-city,veilstone-city,Veilstone City
veilstone-game-corner,veilstone-city,Veilstone Game Corner
verdant-cavern,verdant-cavern,Verdant Cavern
verdanturf-town,verdanturf-town,Verdanturf Town
verity-cavern-hisui,lake-verity-hisui,Verity Cavern
vermilion-city,vermilion-city,Vermilion City
vermilion-city-port,vermilion-city-port,Vermilion City (Port)
vermilion-gym,vermilion-city,Vermillion Gym
vert-sector-3,lumiose-city,Vert Sector 3
vert-sector-7,lumiose-city,Vert Sector 7
vert-sector-8,lumiose-city,Vert Sector 8
vert-sector-9,lumiose-city,Vert Sector 9
victory-road-hoenn-1f,victory-road-hoenn,Victory Road (Hoenn 1F)
victory-road-hoenn-2f,victory-road-hoenn,Victory Road (Hoenn 2F)
victory-road-hoenn-b1f,victory-road-hoenn,Victory Road (Hoenn B1F)
victory-road-hoenn-b2f,victory-road-hoenn,Victory Road (Hoenn B2F)
victory-road-hoenn-entrance,victory-road-hoenn,Victory Road (Hoenn Entrance)
victory-road-kalos,victory-road-kalos,Victory Road (Kalos)
victory-road-kalos-inside,victory-road-kalos,Victory Road (Kalos Inside)
victory-road-kalos-inside-1,victory-road-kalos,Victory Road (Kalos Inside 1)
victory-road-kalos-inside-2,victory-road-kalos,Victory Road (Kalos Inside 2)
victory-road-kalos-inside-3,victory-road-kalos,Victory Road (Kalos Inside 3)
victory-road-kalos-inside-4,victory-road-kalos,Victory Road (Kalos Inside 4)
victory-road-kalos-outside,victory-road-kalos,Victory Road (Kalos Outside)
victory-road-kanto,victory-road-kanto,Victory Road (Kanto)
victory-road-kanto-1f,victory-road-kanto,Victory Road (Kanto 1F)
victory-road-kanto-2f,victory-road-kanto,Victory Road (Kanto 2F)
victory-road-kanto-3f,victory-road-kanto,Victory Road (Kanto 3F)
victory-road-sinnoh,victory-road-sinnoh,Victory Road (Sinnoh)
victory-road-sinnoh-1f,victory-road-sinnoh,Victory Road (Sinnoh 1F)
victory-road-sinnoh-1f-back-1,victory-road-sinnoh,Victory Road (Sinnoh 1F - Back 1)
victory-road-sinnoh-1f-back-2,victory-road-sinnoh,Victory Road (Sinnoh 1F - Back 2)
victory-road-sinnoh-1f-back-3,victory-road-sinnoh,Victory Road (Sinnoh 1F - Back 3)
victory-road-sinnoh-2f,victory-road-sinnoh,Victory Road (Sinnoh 2F)
victory-road-sinnoh-b1f,victory-road-sinnoh,Victory Road (Sinnoh B1F)
victory-road-unova-b2w2,victory-road-unova-b2w2,Victory Road (Unova B2W2)
victory-road-unova-b2w2-1f,victory-road-unova-b2w2,Victory Road (Unova B2W2 1F)
victory-road-unova-b2w2-2f,victory-road-unova-b2w2,Victory Road (Unova B2W2 2F)
victory-road-unova-b2w2-2f-back,victory-road-unova-b2w2,Victory Road (Unova B2W2 2F - Back)
victory-road-unova-b2w2-3f,victory-road-unova-b2w2,Victory Road (Unova B2W2 3F)
victory-road-unova-b2w2-3f-back,victory-road-unova-b2w2,Victory Road (Unova B2W2 3F - Back)
victory-road-unova-b2w2-4f,victory-road-unova-b2w2,Victory Road (Unova B2W2 4F)
victory-road-unova-b2w2-grove,victory-road-unova-b2w2,Victory Road (Unova B2W2 Grove)
victory-road-unova-b2w2-outside-1,victory-road-unova-b2w2,Victory Road (Unova B2W2 Outside 1)
victory-road-unova-b2w2-outside-2,victory-road-unova-b2w2,Victory Road (Unova B2W2 Outside 2)
victory-road-unova-bw,victory-road-unova-bw,Victory Road (Unova BW)
victory-road-unova-bw-1f-left-room,victory-road-unova-bw,Victory Road (Unova BW 1F - Left Room)
victory-road-unova-bw-1f-middle-and-right-room,victory-road-unova-bw,Victory Road (Unova BW 1F - Middle and Right Room)
victory-road-unova-bw-2f,victory-road-unova-bw,Victory Road (Unova BW 2F)
victory-road-unova-bw-3f,victory-road-unova-bw,Victory Road (Unova BW 3F)
victory-road-unova-bw-4f-left-and-right-room,victory-road-unova-bw,Victory Road (Unova BW 4F - Left and Right Room)
victory-road-unova-bw-4f-middle-room,victory-road-unova-bw,Victory Road (Unova BW 4F - Middle Room)
victory-road-unova-bw-5f,victory-road-unova-bw,Victory Road (Unova BW 5F)
victory-road-unova-bw-6f,victory-road-unova-bw,Victory Road (Unova BW 6F)
victory-road-unova-bw-7f,victory-road-unova-bw,Victory Road (Unova BW 7F)
victory-road-unova-bw-outside,victory-road-unova-bw,Victory Road (Unova BW Outside)
victory-road-unova-bw-trial-chamber,victory-road-unova-bw,Victory Road (Unova BW Trial Chamber)
village-bridge,village-bridge,Village Bridge
violet-city,violet-city,Violet City
violet-city-gym,violet-city,Violet City Gym
virbank-city,virbank-city,Virbank City
virbank-complex,virbank-complex,Virbank Complex
virbank-complex-entrance,virbank-complex,Virbank Complex (Entrance)
virbank-complex-inside,virbank-complex,Virbank Complex (Inside)
viridian-city,viridian-city,Viridian City
viridian-forest,viridian-forest,Viridian Forest
viridian-gym,viridian-city,Viridian Gym
volcanic-cave,volcanic-cave,Volcanic Cave
warm-up-tunnel,warm-up-tunnel,Warm-Up Tunnel
watchtower-ruins,watchtower-ruins,Watchtower Ruins
watchtower-ruins-den-in-north-of-watchtower-ruins-on-north-side-of-tower-common,watchtower-ruins,Watchtower Ruins (Den in North of Watchtower Ruins on North Side of Tower - Common)
watchtower-ruins-den-in-north-of-watchtower-ruins-on-north-side-of-tower-rare,watchtower-ruins,Watchtower Ruins (Den in North of Watchtower Ruins on North Side of Tower - Rare)
watchtower-ruins-den-in-southeast-of-watchtower-ruins-along-cliff-with-lake-axewell-common,watchtower-ruins,Watchtower Ruins (Den in Southeast of Watchtower Ruins Along Cliff With Lake Axewell - Common)
watchtower-ruins-den-in-southeast-of-watchtower-ruins-along-cliff-with-lake-axewell-rare,watchtower-ruins,Watchtower Ruins (Den in Southeast of Watchtower Ruins Along Cliff With Lake Axewell - Rare)
watchtower-ruins-den-inside-ruined-tower-of-watchtower-ruins-activated-by-dynamax-crystal-and15,watchtower-ruins,Watchtower Ruins (Den Inside Ruined Tower of Watchtower Ruins - Activated by Dynamax Crystal and15)
watchtower-ruins-den-inside-ruined-tower-of-watchtower-ruins-activated-by-dynamax-crystal-and337,watchtower-ruins,Watchtower Ruins (Den Inside Ruined Tower of Watchtower Ruins - Activated by Dynamax Crystal and337)
watchtower-ruins-den-inside-ruined-tower-of-watchtower-ruins-activated-by-dynamax-crystal-and390,watchtower-ruins,Watchtower Ruins (Den Inside Ruined Tower of Watchtower Ruins - Activated by Dynamax Crystal and390)
watchtower-ruins-den-inside-ruined-tower-of-watchtower-ruins-activated-by-dynamax-crystal-and458,watchtower-ruins,Watchtower Ruins (Den Inside Ruined Tower of Watchtower Ruins - Activated by Dynamax Crystal and458)
watchtower-ruins-den-inside-ruined-tower-of-watchtower-ruins-activated-by-dynamax-crystal-and603,watchtower-ruins,Watchtower Ruins (Den Inside Ruined Tower of Watchtower Ruins - Activated by Dynamax Crystal and603)
watchtower-ruins-den-inside-ruined-tower-of-watchtower-ruins-activated-by-dynamax-crystal-sgr6746,watchtower-ruins,Watchtower Ruins (Den Inside Ruined Tower of Watchtower Ruins - Activated by Dynamax Crystal sgr6746)
watchtower-ruins-den-inside-ruined-tower-of-watchtower-ruins-activated-by-dynamax-crystal-sgr6859,watchtower-ruins,Watchtower Ruins (Den Inside Ruined Tower of Watchtower Ruins - Activated by Dynamax Crystal sgr6859)
watchtower-ruins-den-inside-ruined-tower-of-watchtower-ruins-activated-by-dynamax-crystal-sgr6879,watchtower-ruins,Watchtower Ruins (Den Inside Ruined Tower of Watchtower Ruins - Activated by Dynamax Crystal sgr6879)
watchtower-ruins-den-inside-ruined-tower-of-watchtower-ruins-activated-by-dynamax-crystal-sgr6913,watchtower-ruins,Watchtower Ruins (Den Inside Ruined Tower of Watchtower Ruins - Activated by Dynamax Crystal sgr6913)
watchtower-ruins-den-inside-ruined-tower-of-watchtower-ruins-activated-by-dynamax-crystal-sgr7121,watchtower-ruins,Watchtower Ruins (Den Inside Ruined Tower of Watchtower Ruins - Activated by Dynamax Crystal sgr7121)
watchtower-ruins-den-inside-ruined-tower-of-watchtower-ruins-activated-by-dynamax-crystal-sgr7194,watchtower-ruins,Watchtower Ruins (Den Inside Ruined Tower of Watchtower Ruins - Activated by Dynamax Crystal sgr7194)
watchtower-ruins-den-inside-ruined-tower-of-watchtower-ruins-activated-by-dynamax-crystal-sgr7348,watchtower-ruins,"Watchtower Ruins (Den Inside Ruined Tower of Watchtower Ruins, Activated by Dynamax Crystal sgr7348)"
watchtower-ruins-east-of-tower-on-west-lake-axewell-border,watchtower-ruins,Watchtower Ruins (East of Tower on West Lake Axewell Border)
watchtower-ruins-northwest-of-southern-den,watchtower-ruins,Watchtower Ruins (Northwest of Southern Den)
watchtower-ruins-west-of-tower,watchtower-ruins,Watchtower Ruins (West of Tower)
water-labyrinth,water-labyrinth,Water Labyrinth
water-path,water-path,Water Path
wayward-cave,wayward-cave,Wayward Cave
wayward-cave-1f,wayward-cave,Wayward Cave (1F)
wayward-cave-b1f,wayward-cave,Wayward Cave (B1F)
wayward-wood,wayward-wood,Wayward Wood
weather-institute,weather-institute,Weather Institute
wedgehurst,wedgehurst,Wedgehurst
wela-volcano-park,wela-volcano-park,Wela Volcano Park
wellspring-cave,wellspring-cave,Wellspring Cave
wellspring-cave-1f,wellspring-cave,Wellspring Cave (1F)
wellspring-cave-b1f,wellspring-cave,Wellspring Cave (B1F)
west-lake-axewell,west-lake-axewell,West Lake Axewell
west-lake-axewell-by-bridge,west-lake-axewell,West Lake Axewell (By Bridge)
west-lake-axewell-by-northeast-shoreline,west-lake-axewell,West Lake Axewell (By Northeast Shoreline)
west-lake-axewell-by-southeast-shore,west-lake-axewell,West Lake Axewell (By Southeast Shore)
west-lake-axewell-den-east-of-west-lake-axewell-near-bridge-common,west-lake-axewell,West Lake Axewell (Den East of West Lake Axewell Near Bridge - Common)
west-lake-axewell-den-east-of-west-lake-axewell-near-bridge-rare,west-lake-axewell,West Lake Axewell (Den East of West Lake Axewell Near Bridge - Rare)
west-lake-axewell-den-north-of-west-lake-axewell-near-cliff-wall-common,west-lake-axewell,West Lake Axewell (Den North of West Lake Axewell Near Cliff Wall - Common)
west-lake-axewell-den-north-of-west-lake-axewell-near-cliff-wall-rare,west-lake-axewell,West Lake Axewell (Den North of West Lake Axewell Near Cliff Wall - Rare)
west-lake-axewell-den-northeast-of-west-lake-axewell-near-cliff-common,west-lake-axewell,West Lake Axewell (Den Northeast of West Lake Axewell Near Cliff - Common)
west-lake-axewell-den-northeast-of-west-lake-axewell-near-cliff-rare,west-lake-axewell,West Lake Axewell (Den Northeast of West Lake Axewell Near Cliff - Rare)
west-lake-axewell-den-southeast-coast-of-west-lake-axewell-common,west-lake-axewell,West Lake Axewell (Den Southeast Coast of West Lake Axewell - Common)
west-lake-axewell-den-southeast-coast-of-west-lake-axewell-rare,west-lake-axewell,West Lake Axewell (Den Southeast Coast of West Lake Axewell - Rare)
west-lake-axewell-den-southwest-coast-of-west-lake-axewell-common,west-lake-axewell,West Lake Axewell (Den Southwest Coast of West Lake Axewell - Common)
west-lake-axewell-den-southwest-coast-of-west-lake-axewell-rare,west-lake-axewell,West Lake Axewell (Den Southwest Coast of West Lake Axewell - Rare)
west-lake-axewell-den-west-of-bridge-at-west-lake-axewell-common,west-lake-axewell,West Lake Axewell (Den West of Bridge at West Lake Axewell - Common)
west-lake-axewell-den-west-of-bridge-at-west-lake-axewell-rare,west-lake-axewell,West Lake Axewell (Den West of Bridge at West Lake Axewell - Rare)
west-lake-axewell-east-of-den-on-west-shore,west-lake-axewell,West Lake Axewell (East of Den on West Shore)
west-lake-axewell-in-center,west-lake-axewell,West Lake Axewell (In Center)
west-lake-axewell-in-northwest-slightly-down-hill-from-watchtower-ruins,west-lake-axewell,West Lake Axewell (In Northwest Slightly Down Hill From Watchtower Ruins)
west-lake-axewell-near-southwest-shore,west-lake-axewell,West Lake Axewell (Near Southwest Shore)
west-lake-axewell-northeast-of-north-end-of-bridge,west-lake-axewell,West Lake Axewell (Northeast of North End of Bridge)
west-lake-axewell-south-of-bridge,west-lake-axewell,West Lake Axewell (South of Bridge)
west-paldean-sea-ocean,west-paldean-sea,West Paldean Sea (Ocean)
west-province-area-one,west-province-area-one,West Province (Area One)
west-province-area-one-beach,west-province-area-one,West Province (Area One - Beach)
west-province-area-one-cave,west-province-area-one,West Province (Area One - Cave)
west-province-area-one-flower,west-province-area-one,West Province (Area One - Flower)
west-province-area-one-mountain,west-province-area-one,West Province (Area One - Mountain)
west-province-area-one-ocean,west-province-area-one,West Province (Area One - Ocean)
west-province-area-one-riverside,west-province-area-one,West Province (Area One - Riverside)
west-province-area-one-rocky-area,west-province-area-one,West Province (Area One - Rocky Area)
west-province-area-one-ruins,west-province-area-one,West Province (Area One - Ruins)
west-province-area-three,west-province-area-three,West Province (Area Three)
west-province-area-three-forest,west-province-area-three,West Province (Area Three - Forest)
west-province-area-three-lake,west-province-area-three,West Province (Area Three - Lake)
west-province-area-three-prairie,west-province-area-three,West Province (Area Three - Prairie)
west-province-area-three-riverside,west-province-area-three,West Province (Area Three - Riverside)
west-province-area-three-rocky-area,west-province-area-three,West Province (Area Three - Rocky Area)
west-province-area-three-ruins,west-province-area-three,West Province (Area Three - Ruins)
west-province-area-three-town,west-province-area-three,West Province (Area Three - Town)
west-province-area-two,west-province-area-two,West Province (Area Two)
west-province-area-two-beach,west-province-area-two,West Province (Area Two - Beach)
west-province-area-two-cave,west-province-area-two,West Province (Area Two - Cave)
west-province-area-two-ocean,west-province-area-two,West Province (Area Two - Ocean)
west-province-area-two-prairie,west-province-area-two,West Province (Area Two - Prairie)
west-province-area-two-riverside,west-province-area-two,West Province (Area Two - Riverside)
west-province-area-two-rocky-area,west-province-area-two,West Province (Area Two - Rocky Area)
west-province-area-two-town,west-province-area-two,West Province (Area Two - Town)
whirl-islands-1f,whirl-islands,Whirl Islands (1F)
whirl-islands-b1f,whirl-islands,Whirl Islands (B1F)
whirl-islands-b2f,whirl-islands,Whirl Islands (B2F)
whirl-islands-b2f-inner-cave,whirl-islands,Whirl Islands (B2F - Inner Cave)
whirl-islands-b3f,whirl-islands,Whirl Islands (B3F)
whirl-islands-b3f-lugias-cave,whirl-islands,Whirl Islands (B3F - Lugia's Cave)
white-forest,white-forest,White Forest
whiteout-cave,whiteout-cave,Whiteout Cave
whiteout-valley,whiteout-valley,Whiteout Valley
wild-zone-5,lumiose-city,Wild Zone 5
windbreak-stand,windbreak-stand,Windbreak Stand
windswept-run,windswept-run,Windswept Run
wistful-fields,wistful-fields,Wistful Fields
wistful-fields-cave,wistful-fields,Wistful Fields (Cave)
wistful-fields-patchy-field-cave,wistful-fields,Wistful Fields (Patchy Field - Cave)
wistful-fields-patchy-field-flower,wistful-fields,Wistful Fields (Patchy Field - Flower)
wistful-fields-patchy-field-prairie,wistful-fields,Wistful Fields (Patchy Field - Prairie)
wistful-fields-patchy-field-rocky-area,wistful-fields,Wistful Fields (Patchy Field - Rocky Area)
wistful-fields-prairie,wistful-fields,Wistful Fields (Prairie)
wistful-fields-rocky-area,wistful-fields,Wistful Fields (Rocky Area)
wistful-fields-wisteria-pond-flower,wistful-fields,Wistful Fields (Wisteria Pond - Flower)
wistful-fields-wisteria-pond-lake,wistful-fields,Wistful Fields (Wisteria Pond - Lake)
wistful-fields-wisteria-pond-prairie,wistful-fields,Wistful Fields (Wisteria Pond - Prairie)
wistful-fields-wisteria-pond-rocky-area,wistful-fields,Wistful Fields (Wisteria Pond - Rocky Area)
workout-sea,workout-sea,Workout Sea
workout-sea-den-behind-rocky-island-on-mainland-side-near-closest-rocky-island-common,workout-sea,Workout Sea (Den Behind Rocky Island on Mainland Side Near Closest Rocky Island - Common)
workout-sea-den-behind-rocky-island-on-mainland-side-near-closest-rocky-island-rare,workout-sea,Workout Sea (Den Behind Rocky Island on Mainland Side Near Closest Rocky Island - Rare)
workout-sea-den-left-of-island-with-three-trees-reached-via-small-circle-shaped-islet-common,workout-sea,Workout Sea (Den Left of Island With Three Trees Reached via Small Circle-Shaped Islet - Common)
workout-sea-den-left-of-island-with-three-trees-reached-via-small-circle-shaped-islet-rare,workout-sea,Workout Sea (Den Left of Island With Three Trees Reached via Small Circle-Shaped Islet - Rare)
workout-sea-den-near-centre-of-island-with-archway-common,workout-sea,Workout Sea (Den Near Centre of Island With Archway - Common)
workout-sea-den-near-centre-of-island-with-archway-rare,workout-sea,Workout Sea (Den Near Centre of Island With Archway - Rare)
workout-sea-den-near-centre-of-island-with-three-trees-past-tall-grass-common,workout-sea,Workout Sea (Den Near Centre of Island With Three Trees Past Tall Grass - Common)
workout-sea-den-near-centre-of-island-with-three-trees-past-tall-grass-rare,workout-sea,Workout Sea (Den Near Centre of Island With Three Trees Past Tall Grass - Rare)
workout-sea-den-near-islet-with-boulder-straight-ahead-from-armor-station-common,workout-sea,Workout Sea (Den Near Islet With Boulder Straight Ahead From Armor Station - Common)
workout-sea-den-near-islet-with-boulder-straight-ahead-from-armor-station-rare,workout-sea,Workout Sea (Den Near Islet With Boulder Straight Ahead From Armor Station - Rare)
workout-sea-den-near-two-rocky-islands-between-islet-with-boulder-common,workout-sea,Workout Sea (Den Near Two Rocky Islands Between Islet With Boulder - Common)
workout-sea-den-near-two-rocky-islands-between-islet-with-boulder-rare,workout-sea,Workout Sea (Den Near Two Rocky Islands Between Islet With Boulder - Rare)
workout-sea-den-top-half-of-islet-reached-by-swimming-left-from-armor-station-common,workout-sea,Workout Sea (Den Top Half of Islet Reached by Swimming Left From Armor Station - Common)
workout-sea-den-top-half-of-islet-reached-by-swimming-left-from-armor-station-rare,workout-sea,Workout Sea (Den Top Half of Islet Reached by Swimming Left From Armor Station - Rare)
workout-sea-in-ocean-south-of-fields-of-honor-coastline,workout-sea,Workout Sea (In Ocean South of Fields of Honor Coastline)
workout-sea-on-island-near-stepping-stone-sea-border-behind-woman,workout-sea,Workout Sea (On Island Near Stepping Stone Sea Border Behind Woman)
workout-sea-on-major-island-in-northeast-near-eastern-coastline-near-den,workout-sea,Workout Sea (On Major Island in Northeast Near Eastern Coastline Near Den)
workout-sea-on-major-island-in-northeast-near-southeastern-coastline,workout-sea,Workout Sea (On Major Island in Northeast Near Southeastern Coastline)
workout-sea-on-major-island-in-northeast-near-southern-coastline-near-berry-tree,workout-sea,Workout Sea (On Major Island in Northeast Near Southern Coastline Near Berry Tree)
workout-sea-on-major-island-in-northeast-near-western-coastline,workout-sea,Workout Sea (On Major Island in Northeast Near Western Coastline)
worn-bridge,worn-bridge,Worn Bridge
wyndon,wyndon,Wyndon
zapapico,zapapico,Zapapico
zero-lab,zero-lab,Zero Lab
