pokemon,version_group,version,item,rarity
butterfree,ruby-sapphire,ruby,silver-powder,5
butterfree,ruby-sapphire,sapphire,silver-powder,5
butterfree,emerald,emerald,silver-powder,5
butterfree,firered-leafgreen,firered,silver-powder,5
butterfree,firered-leafgreen,leafgreen,silver-powder,5
butterfree,diamond-pearl,diamond,silver-powder,5
butterfree,diamond-pearl,pearl,silver-powder,5
butterfree,platinum,platinum,silver-powder,5
butterfree,heartgold-soulsilver,heartgold,silver-powder,5
butterfree,heartgold-soulsilver,soulsilver,silver-powder,5
butterfree,black-white,black,silver-powder,5
butterfree,black-white,white,silver-powder,5
butterfree,black-2-white-2,black-2,silver-powder,5
butterfree,black-2-white-2,white-2,silver-powder,5
butterfree,x-y,x,silver-powder,5
butterfree,x-y,y,silver-powder,5
butterfree,omega-ruby-alpha-sapphire,omega-ruby,silver-powder,5
butterfree,omega-ruby-alpha-sapphire,alpha-sapphire,silver-powder,5
butterfree,sun-moon,sun,silver-powder,5
butterfree,sun-moon,moon,silver-powder,5
butterfree,ultra-sun-ultra-moon,ultra-sun,silver-powder,5
butterfree,ultra-sun-ultra-moon,ultra-moon,silver-powder,5
beedrill,ruby-sapphire,ruby,poison-barb,5
beedrill,ruby-sapphire,sapphire,poison-barb,5
beedrill,emerald,emerald,poison-barb,5
beedrill,firered-leafgreen,firered,poison-barb,5
beedrill,firered-leafgreen,leafgreen,poison-barb,5
beedrill,diamond-pearl,diamond,poison-barb,5
beedrill,diamond-pearl,pearl,poison-barb,5
beedrill,platinum,platinum,poison-barb,5
beedrill,heartgold-soulsilver,heartgold,poison-barb,5
beedrill,heartgold-soulsilver,soulsilver,poison-barb,5
beedrill,black-white,black,poison-barb,5
beedrill,black-white,white,poison-barb,5
beedrill,black-2-white-2,black-2,poison-barb,5
beedrill,black-2-white-2,white-2,poison-barb,5
beedrill,x-y,x,poison-barb,5
beedrill,x-y,y,poison-barb,5
beedrill,omega-ruby-alpha-sapphire,omega-ruby,poison-barb,5
beedrill,omega-ruby-alpha-sapphire,alpha-sapphire,poison-barb,5
beedrill,sun-moon,sun,poison-barb,5
beedrill,sun-moon,moon,poison-barb,5
beedrill,ultra-sun-ultra-moon,ultra-sun,poison-barb,5
beedrill,ultra-sun-ultra-moon,ultra-moon,poison-barb,5
rattata,diamond-pearl,diamond,chilan-berry,5
rattata,diamond-pearl,pearl,chilan-berry,5
rattata,platinum,platinum,chilan-berry,5
rattata,heartgold-soulsilver,heartgold,chilan-berry,5
rattata,heartgold-soulsilver,soulsilver,chilan-berry,5
rattata,black-white,black,chilan-berry,5
rattata,black-white,white,chilan-berry,5
raticate,firered-leafgreen,firered,oran-berry,50
raticate,firered-leafgreen,firered,sitrus-berry,5
raticate,firered-leafgreen,leafgreen,oran-berry,50
raticate,firered-leafgreen,leafgreen,sitrus-berry,5
raticate,diamond-pearl,diamond,chilan-berry,5
raticate,diamond-pearl,pearl,chilan-berry,5
raticate,platinum,platinum,chilan-berry,5
raticate,heartgold-soulsilver,heartgold,chilan-berry,5
raticate,heartgold-soulsilver,soulsilver,chilan-berry,5
raticate,black-white,black,chilan-berry,5
raticate,black-white,white,chilan-berry,5
spearow,sun-moon,sun,sharp-beak,5
spearow,sun-moon,moon,sharp-beak,5
spearow,ultra-sun-ultra-moon,ultra-sun,sharp-beak,5
spearow,ultra-sun-ultra-moon,ultra-moon,sharp-beak,5
fearow,ruby-sapphire,ruby,sharp-beak,5
fearow,ruby-sapphire,sapphire,sharp-beak,5
fearow,emerald,emerald,sharp-beak,5
fearow,firered-leafgreen,firered,sharp-beak,5
fearow,firered-leafgreen,leafgreen,sharp-beak,5
fearow,diamond-pearl,diamond,sharp-beak,5
fearow,diamond-pearl,pearl,sharp-beak,5
fearow,platinum,platinum,sharp-beak,5
fearow,heartgold-soulsilver,heartgold,sharp-beak,5
fearow,heartgold-soulsilver,soulsilver,sharp-beak,5
fearow,black-white,black,sharp-beak,5
fearow,black-white,white,sharp-beak,5
fearow,black-2-white-2,black-2,sharp-beak,5
fearow,black-2-white-2,white-2,sharp-beak,5
fearow,x-y,x,sharp-beak,5
fearow,x-y,y,sharp-beak,5
fearow,omega-ruby-alpha-sapphire,omega-ruby,sharp-beak,5
fearow,omega-ruby-alpha-sapphire,alpha-sapphire,sharp-beak,5
fearow,sun-moon,sun,sharp-beak,5
fearow,sun-moon,moon,sharp-beak,5
fearow,ultra-sun-ultra-moon,ultra-sun,sharp-beak,5
fearow,ultra-sun-ultra-moon,ultra-moon,sharp-beak,5
arbok,firered-leafgreen,firered,poison-barb,5
arbok,firered-leafgreen,leafgreen,poison-barb,5
pikachu,ruby-sapphire,ruby,oran-berry,50
pikachu,ruby-sapphire,ruby,light-ball,5
pikachu,ruby-sapphire,sapphire,oran-berry,50
pikachu,ruby-sapphire,sapphire,light-ball,5
pikachu,emerald,emerald,oran-berry,50
pikachu,emerald,emerald,light-ball,5
pikachu,diamond-pearl,diamond,oran-berry,50
pikachu,diamond-pearl,diamond,light-ball,5
pikachu,diamond-pearl,pearl,oran-berry,50
pikachu,diamond-pearl,pearl,light-ball,5
pikachu,platinum,platinum,oran-berry,50
pikachu,platinum,platinum,light-ball,5
pikachu,heartgold-soulsilver,heartgold,oran-berry,50
pikachu,heartgold-soulsilver,heartgold,light-ball,5
pikachu,heartgold-soulsilver,soulsilver,oran-berry,50
pikachu,heartgold-soulsilver,soulsilver,light-ball,5
pikachu,black-white,black,oran-berry,50
pikachu,black-white,black,light-ball,1
pikachu,black-white,white,oran-berry,50
pikachu,black-white,white,light-ball,1
pikachu,black-2-white-2,black-2,light-ball,5
pikachu,black-2-white-2,white-2,light-ball,5
pikachu,x-y,x,light-ball,5
pikachu,x-y,y,light-ball,5
pikachu,omega-ruby-alpha-sapphire,omega-ruby,light-ball,5
pikachu,omega-ruby-alpha-sapphire,alpha-sapphire,light-ball,5
pikachu,sun-moon,sun,light-ball,5
pikachu,sun-moon,moon,light-ball,5
pikachu,ultra-sun-ultra-moon,ultra-sun,light-ball,5
pikachu,ultra-sun-ultra-moon,ultra-moon,light-ball,5
raichu,ruby-sapphire,ruby,oran-berry,5
raichu,ruby-sapphire,sapphire,oran-berry,5
raichu,emerald,emerald,oran-berry,5
raichu,diamond-pearl,diamond,oran-berry,5
raichu,diamond-pearl,pearl,oran-berry,5
raichu,platinum,platinum,oran-berry,5
raichu,heartgold-soulsilver,heartgold,oran-berry,5
raichu,heartgold-soulsilver,soulsilver,oran-berry,5
raichu,black-white,black,oran-berry,50
raichu,black-white,white,oran-berry,50
sandshrew,ruby-sapphire,ruby,quick-claw,5
sandshrew,ruby-sapphire,sapphire,quick-claw,5
sandshrew,emerald,emerald,quick-claw,5
sandshrew,diamond-pearl,diamond,quick-claw,5
sandshrew,diamond-pearl,pearl,quick-claw,5
sandshrew,platinum,platinum,quick-claw,5
sandshrew,heartgold-soulsilver,heartgold,quick-claw,5
sandshrew,heartgold-soulsilver,soulsilver,quick-claw,5
sandshrew,black-white,black,quick-claw,5
sandshrew,black-white,white,quick-claw,5
sandshrew,black-2-white-2,black-2,quick-claw,5
sandshrew,black-2-white-2,white-2,quick-claw,5
sandshrew,x-y,x,quick-claw,5
sandshrew,x-y,y,quick-claw,5
sandshrew,omega-ruby-alpha-sapphire,omega-ruby,grip-claw,5
sandshrew,omega-ruby-alpha-sapphire,alpha-sapphire,grip-claw,5
sandshrew,sun-moon,sun,grip-claw,5
sandshrew,sun-moon,moon,grip-claw,5
sandshrew,ultra-sun-ultra-moon,ultra-sun,grip-claw,5
sandshrew,ultra-sun-ultra-moon,ultra-moon,grip-claw,5
sandslash,ruby-sapphire,ruby,quick-claw,5
sandslash,ruby-sapphire,sapphire,quick-claw,5
sandslash,emerald,emerald,quick-claw,5
sandslash,firered-leafgreen,firered,soft-sand,5
sandslash,firered-leafgreen,leafgreen,soft-sand,5
sandslash,diamond-pearl,diamond,quick-claw,5
sandslash,diamond-pearl,pearl,quick-claw,5
sandslash,platinum,platinum,quick-claw,5
sandslash,heartgold-soulsilver,heartgold,quick-claw,5
sandslash,heartgold-soulsilver,soulsilver,quick-claw,5
sandslash,black-white,black,quick-claw,5
sandslash,black-white,white,quick-claw,5
sandslash,black-2-white-2,black-2,quick-claw,5
sandslash,black-2-white-2,white-2,quick-claw,5
sandslash,x-y,x,quick-claw,5
sandslash,x-y,y,quick-claw,5
sandslash,omega-ruby-alpha-sapphire,omega-ruby,grip-claw,5
sandslash,omega-ruby-alpha-sapphire,alpha-sapphire,grip-claw,5
sandslash,sun-moon,sun,grip-claw,5
sandslash,sun-moon,moon,grip-claw,5
sandslash,ultra-sun-ultra-moon,ultra-sun,grip-claw,5
sandslash,ultra-sun-ultra-moon,ultra-moon,grip-claw,5
clefairy,ruby-sapphire,ruby,moon-stone,5
clefairy,ruby-sapphire,ruby,leppa-berry,50
clefairy,ruby-sapphire,sapphire,moon-stone,5
clefairy,ruby-sapphire,sapphire,leppa-berry,50
clefairy,emerald,emerald,moon-stone,5
clefairy,emerald,emerald,leppa-berry,50
clefairy,firered-leafgreen,firered,moon-stone,5
clefairy,firered-leafgreen,leafgreen,moon-stone,5
clefairy,diamond-pearl,diamond,moon-stone,5
clefairy,diamond-pearl,diamond,leppa-berry,50
clefairy,diamond-pearl,pearl,moon-stone,5
clefairy,diamond-pearl,pearl,leppa-berry,50
clefairy,platinum,platinum,moon-stone,5
clefairy,platinum,platinum,leppa-berry,50
clefairy,heartgold-soulsilver,heartgold,moon-stone,5
clefairy,heartgold-soulsilver,heartgold,leppa-berry,50
clefairy,heartgold-soulsilver,soulsilver,moon-stone,5
clefairy,heartgold-soulsilver,soulsilver,leppa-berry,50
clefairy,black-white,black,moon-stone,5
clefairy,black-white,black,leppa-berry,50
clefairy,black-white,black,comet-shard,1
clefairy,black-white,white,moon-stone,5
clefairy,black-white,white,leppa-berry,50
clefairy,black-white,white,comet-shard,1
clefairy,black-2-white-2,black-2,moon-stone,5
clefairy,black-2-white-2,black-2,leppa-berry,50
clefairy,black-2-white-2,black-2,comet-shard,1
clefairy,black-2-white-2,white-2,moon-stone,5
clefairy,black-2-white-2,white-2,leppa-berry,50
clefairy,black-2-white-2,white-2,comet-shard,1
clefairy,x-y,x,moon-stone,5
clefairy,x-y,y,moon-stone,5
clefairy,omega-ruby-alpha-sapphire,omega-ruby,moon-stone,5
clefairy,omega-ruby-alpha-sapphire,alpha-sapphire,moon-stone,5
clefairy,sun-moon,sun,moon-stone,5
clefairy,sun-moon,moon,moon-stone,5
clefairy,ultra-sun-ultra-moon,ultra-sun,moon-stone,5
clefairy,ultra-sun-ultra-moon,ultra-moon,moon-stone,5
clefable,ruby-sapphire,ruby,moon-stone,5
clefable,ruby-sapphire,ruby,leppa-berry,50
clefable,ruby-sapphire,sapphire,moon-stone,5
clefable,ruby-sapphire,sapphire,leppa-berry,50
clefable,emerald,emerald,moon-stone,5
clefable,emerald,emerald,leppa-berry,50
clefable,firered-leafgreen,firered,moon-stone,5
clefable,firered-leafgreen,leafgreen,moon-stone,5
clefable,diamond-pearl,diamond,moon-stone,5
clefable,diamond-pearl,diamond,leppa-berry,50
clefable,diamond-pearl,pearl,moon-stone,5
clefable,diamond-pearl,pearl,leppa-berry,50
clefable,platinum,platinum,moon-stone,5
clefable,platinum,platinum,leppa-berry,50
clefable,heartgold-soulsilver,heartgold,moon-stone,5
clefable,heartgold-soulsilver,heartgold,leppa-berry,50
clefable,heartgold-soulsilver,soulsilver,moon-stone,5
clefable,heartgold-soulsilver,soulsilver,leppa-berry,50
clefable,black-white,black,moon-stone,5
clefable,black-white,black,leppa-berry,50
clefable,black-white,black,comet-shard,1
clefable,black-white,white,moon-stone,5
clefable,black-white,white,leppa-berry,50
clefable,black-white,white,comet-shard,1
clefable,black-2-white-2,black-2,moon-stone,5
clefable,black-2-white-2,black-2,leppa-berry,50
clefable,black-2-white-2,black-2,comet-shard,1
clefable,black-2-white-2,white-2,moon-stone,5
clefable,black-2-white-2,white-2,leppa-berry,50
clefable,black-2-white-2,white-2,comet-shard,1
clefable,x-y,x,moon-stone,5
clefable,x-y,y,moon-stone,5
clefable,omega-ruby-alpha-sapphire,omega-ruby,moon-stone,5
clefable,omega-ruby-alpha-sapphire,alpha-sapphire,moon-stone,5
clefable,sun-moon,sun,moon-stone,5
clefable,sun-moon,moon,moon-stone,5
clefable,ultra-sun-ultra-moon,ultra-sun,moon-stone,5
clefable,ultra-sun-ultra-moon,ultra-moon,moon-stone,5
vulpix,ruby-sapphire,ruby,rawst-berry,100
vulpix,ruby-sapphire,sapphire,rawst-berry,100
vulpix,emerald,emerald,rawst-berry,100
vulpix,firered-leafgreen,firered,rawst-berry,50
vulpix,firered-leafgreen,leafgreen,rawst-berry,50
vulpix,diamond-pearl,diamond,rawst-berry,100
vulpix,diamond-pearl,pearl,rawst-berry,100
vulpix,platinum,platinum,rawst-berry,100
vulpix,heartgold-soulsilver,heartgold,rawst-berry,100
vulpix,heartgold-soulsilver,soulsilver,rawst-berry,100
vulpix,black-white,black,rawst-berry,100
vulpix,black-white,white,rawst-berry,100
vulpix,black-2-white-2,black-2,rawst-berry,100
vulpix,black-2-white-2,white-2,rawst-berry,100
vulpix,omega-ruby-alpha-sapphire,omega-ruby,charcoal,5
vulpix,omega-ruby-alpha-sapphire,alpha-sapphire,charcoal,5
vulpix,sun-moon,sun,charcoal,5
vulpix,sun-moon,moon,charcoal,5
vulpix,ultra-sun-ultra-moon,ultra-sun,charcoal,5
vulpix,ultra-sun-ultra-moon,ultra-moon,charcoal,5
ninetales,ruby-sapphire,ruby,rawst-berry,100
ninetales,ruby-sapphire,sapphire,rawst-berry,100
ninetales,emerald,emerald,rawst-berry,100
ninetales,firered-leafgreen,firered,rawst-berry,50
ninetales,firered-leafgreen,leafgreen,rawst-berry,50
ninetales,diamond-pearl,diamond,rawst-berry,100
ninetales,diamond-pearl,pearl,rawst-berry,100
ninetales,platinum,platinum,rawst-berry,100
ninetales,heartgold-soulsilver,heartgold,rawst-berry,100
ninetales,heartgold-soulsilver,soulsilver,rawst-berry,100
ninetales,black-white,black,rawst-berry,100
ninetales,black-white,white,rawst-berry,100
ninetales,black-2-white-2,black-2,rawst-berry,100
ninetales,black-2-white-2,white-2,rawst-berry,100
ninetales,omega-ruby-alpha-sapphire,omega-ruby,charcoal,5
ninetales,omega-ruby-alpha-sapphire,alpha-sapphire,charcoal,5
ninetales,sun-moon,sun,charcoal,5
ninetales,sun-moon,moon,charcoal,5
ninetales,ultra-sun-ultra-moon,ultra-sun,charcoal,5
ninetales,ultra-sun-ultra-moon,ultra-moon,charcoal,5
jigglypuff,firered-leafgreen,firered,oran-berry,50
jigglypuff,firered-leafgreen,leafgreen,oran-berry,50
jigglypuff,sun-moon,sun,moon-stone,5
jigglypuff,sun-moon,moon,moon-stone,5
jigglypuff,ultra-sun-ultra-moon,ultra-sun,moon-stone,5
jigglypuff,ultra-sun-ultra-moon,ultra-moon,moon-stone,5
wigglytuff,firered-leafgreen,firered,oran-berry,50
wigglytuff,firered-leafgreen,leafgreen,oran-berry,50
wigglytuff,sun-moon,sun,moon-stone,5
wigglytuff,sun-moon,moon,moon-stone,5
wigglytuff,ultra-sun-ultra-moon,ultra-sun,moon-stone,5
wigglytuff,ultra-sun-ultra-moon,ultra-moon,moon-stone,5
oddish,omega-ruby-alpha-sapphire,omega-ruby,absorb-bulb,5
oddish,omega-ruby-alpha-sapphire,alpha-sapphire,absorb-bulb,5
oddish,sun-moon,sun,absorb-bulb,5
oddish,sun-moon,moon,absorb-bulb,5
oddish,ultra-sun-ultra-moon,ultra-sun,absorb-bulb,5
oddish,ultra-sun-ultra-moon,ultra-moon,absorb-bulb,5
gloom,omega-ruby-alpha-sapphire,omega-ruby,absorb-bulb,5
gloom,omega-ruby-alpha-sapphire,alpha-sapphire,absorb-bulb,5
gloom,sun-moon,sun,absorb-bulb,5
gloom,sun-moon,moon,absorb-bulb,5
gloom,ultra-sun-ultra-moon,ultra-sun,absorb-bulb,5
gloom,ultra-sun-ultra-moon,ultra-moon,absorb-bulb,5
vileplume,omega-ruby-alpha-sapphire,omega-ruby,absorb-bulb,5
vileplume,omega-ruby-alpha-sapphire,alpha-sapphire,absorb-bulb,5
vileplume,sun-moon,sun,absorb-bulb,5
vileplume,sun-moon,moon,absorb-bulb,5
vileplume,ultra-sun-ultra-moon,ultra-sun,absorb-bulb,5
vileplume,ultra-sun-ultra-moon,ultra-moon,absorb-bulb,5
paras,ruby-sapphire,ruby,tiny-mushroom,50
paras,ruby-sapphire,ruby,big-mushroom,5
paras,ruby-sapphire,sapphire,tiny-mushroom,50
paras,ruby-sapphire,sapphire,big-mushroom,5
paras,emerald,emerald,tiny-mushroom,50
paras,emerald,emerald,big-mushroom,5
paras,firered-leafgreen,firered,tiny-mushroom,50
paras,firered-leafgreen,firered,big-mushroom,5
paras,firered-leafgreen,leafgreen,tiny-mushroom,50
paras,firered-leafgreen,leafgreen,big-mushroom,5
paras,diamond-pearl,diamond,tiny-mushroom,50
paras,diamond-pearl,diamond,big-mushroom,5
paras,diamond-pearl,pearl,tiny-mushroom,50
paras,diamond-pearl,pearl,big-mushroom,5
paras,platinum,platinum,tiny-mushroom,50
paras,platinum,platinum,big-mushroom,5
paras,heartgold-soulsilver,heartgold,tiny-mushroom,50
paras,heartgold-soulsilver,heartgold,big-mushroom,5
paras,heartgold-soulsilver,soulsilver,tiny-mushroom,50
paras,heartgold-soulsilver,soulsilver,big-mushroom,5
paras,black-white,black,tiny-mushroom,50
paras,black-white,black,big-mushroom,5
paras,black-white,black,balm-mushroom,1
paras,black-white,white,tiny-mushroom,50
paras,black-white,white,big-mushroom,5
paras,black-white,white,balm-mushroom,1
paras,black-2-white-2,black-2,tiny-mushroom,50
paras,black-2-white-2,black-2,big-mushroom,5
paras,black-2-white-2,black-2,balm-mushroom,1
paras,black-2-white-2,white-2,tiny-mushroom,50
paras,black-2-white-2,white-2,big-mushroom,5
paras,black-2-white-2,white-2,balm-mushroom,1
paras,x-y,x,tiny-mushroom,50
paras,x-y,x,big-mushroom,5
paras,x-y,y,tiny-mushroom,50
paras,x-y,y,big-mushroom,5
paras,omega-ruby-alpha-sapphire,omega-ruby,tiny-mushroom,50
paras,omega-ruby-alpha-sapphire,omega-ruby,big-mushroom,5
paras,omega-ruby-alpha-sapphire,alpha-sapphire,tiny-mushroom,50
paras,omega-ruby-alpha-sapphire,alpha-sapphire,big-mushroom,5
paras,sun-moon,sun,tiny-mushroom,50
paras,sun-moon,sun,big-mushroom,5
paras,sun-moon,moon,tiny-mushroom,50
paras,sun-moon,moon,big-mushroom,5
paras,ultra-sun-ultra-moon,ultra-sun,tiny-mushroom,50
paras,ultra-sun-ultra-moon,ultra-sun,big-mushroom,5
paras,ultra-sun-ultra-moon,ultra-moon,tiny-mushroom,50
paras,ultra-sun-ultra-moon,ultra-moon,big-mushroom,5
parasect,ruby-sapphire,ruby,tiny-mushroom,50
parasect,ruby-sapphire,ruby,big-mushroom,5
parasect,ruby-sapphire,sapphire,tiny-mushroom,50
parasect,ruby-sapphire,sapphire,big-mushroom,5
parasect,emerald,emerald,tiny-mushroom,50
parasect,emerald,emerald,big-mushroom,5
parasect,firered-leafgreen,firered,tiny-mushroom,50
parasect,firered-leafgreen,firered,big-mushroom,5
parasect,firered-leafgreen,leafgreen,tiny-mushroom,50
parasect,firered-leafgreen,leafgreen,big-mushroom,5
parasect,diamond-pearl,diamond,tiny-mushroom,50
parasect,diamond-pearl,diamond,big-mushroom,5
parasect,diamond-pearl,pearl,tiny-mushroom,50
parasect,diamond-pearl,pearl,big-mushroom,5
parasect,platinum,platinum,tiny-mushroom,50
parasect,platinum,platinum,big-mushroom,5
parasect,heartgold-soulsilver,heartgold,tiny-mushroom,50
parasect,heartgold-soulsilver,heartgold,big-mushroom,5
parasect,heartgold-soulsilver,soulsilver,tiny-mushroom,50
parasect,heartgold-soulsilver,soulsilver,big-mushroom,5
parasect,black-white,black,tiny-mushroom,50
parasect,black-white,black,big-mushroom,5
parasect,black-white,black,balm-mushroom,1
parasect,black-white,white,tiny-mushroom,50
parasect,black-white,white,big-mushroom,5
parasect,black-white,white,balm-mushroom,1
parasect,black-2-white-2,black-2,tiny-mushroom,50
parasect,black-2-white-2,black-2,big-mushroom,5
parasect,black-2-white-2,black-2,balm-mushroom,1
parasect,black-2-white-2,white-2,tiny-mushroom,50
parasect,black-2-white-2,white-2,big-mushroom,5
parasect,black-2-white-2,white-2,balm-mushroom,1
parasect,x-y,x,tiny-mushroom,50
parasect,x-y,x,big-mushroom,5
parasect,x-y,y,tiny-mushroom,50
parasect,x-y,y,big-mushroom,5
parasect,omega-ruby-alpha-sapphire,omega-ruby,tiny-mushroom,50
parasect,omega-ruby-alpha-sapphire,omega-ruby,big-mushroom,5
parasect,omega-ruby-alpha-sapphire,alpha-sapphire,tiny-mushroom,50
parasect,omega-ruby-alpha-sapphire,alpha-sapphire,big-mushroom,5
parasect,sun-moon,sun,tiny-mushroom,50
parasect,sun-moon,sun,big-mushroom,5
parasect,sun-moon,moon,tiny-mushroom,50
parasect,sun-moon,moon,big-mushroom,5
parasect,ultra-sun-ultra-moon,ultra-sun,tiny-mushroom,50
parasect,ultra-sun-ultra-moon,ultra-sun,big-mushroom,5
parasect,ultra-sun-ultra-moon,ultra-moon,tiny-mushroom,50
parasect,ultra-sun-ultra-moon,ultra-moon,big-mushroom,5
venomoth,firered-leafgreen,firered,silver-powder,5
venomoth,firered-leafgreen,leafgreen,silver-powder,5
venomoth,diamond-pearl,diamond,shed-shell,5
venomoth,diamond-pearl,pearl,shed-shell,5
venomoth,platinum,platinum,shed-shell,5
venomoth,heartgold-soulsilver,heartgold,shed-shell,5
venomoth,heartgold-soulsilver,soulsilver,shed-shell,5
venomoth,black-white,black,shed-shell,5
venomoth,black-white,white,shed-shell,5
venomoth,black-2-white-2,black-2,shed-shell,5
venomoth,black-2-white-2,white-2,shed-shell,5
venomoth,x-y,x,shed-shell,5
venomoth,x-y,y,shed-shell,5
venomoth,omega-ruby-alpha-sapphire,omega-ruby,shed-shell,5
venomoth,omega-ruby-alpha-sapphire,alpha-sapphire,shed-shell,5
venomoth,sun-moon,sun,shed-shell,5
venomoth,sun-moon,moon,shed-shell,5
venomoth,ultra-sun-ultra-moon,ultra-sun,shed-shell,5
venomoth,ultra-sun-ultra-moon,ultra-moon,shed-shell,5
diglett,diamond-pearl,diamond,soft-sand,5
diglett,diamond-pearl,pearl,soft-sand,5
diglett,platinum,platinum,soft-sand,5
diglett,heartgold-soulsilver,heartgold,soft-sand,5
diglett,heartgold-soulsilver,soulsilver,soft-sand,5
diglett,black-white,black,soft-sand,5
diglett,black-white,white,soft-sand,5
diglett,black-2-white-2,black-2,soft-sand,5
diglett,black-2-white-2,white-2,soft-sand,5
diglett,x-y,x,soft-sand,5
diglett,x-y,y,soft-sand,5
diglett,omega-ruby-alpha-sapphire,omega-ruby,soft-sand,5
diglett,omega-ruby-alpha-sapphire,alpha-sapphire,soft-sand,5
diglett,sun-moon,sun,soft-sand,5
diglett,sun-moon,moon,soft-sand,5
diglett,ultra-sun-ultra-moon,ultra-sun,soft-sand,5
diglett,ultra-sun-ultra-moon,ultra-moon,soft-sand,5
dugtrio,diamond-pearl,diamond,soft-sand,5
dugtrio,diamond-pearl,pearl,soft-sand,5
dugtrio,platinum,platinum,soft-sand,5
dugtrio,heartgold-soulsilver,heartgold,soft-sand,5
dugtrio,heartgold-soulsilver,soulsilver,soft-sand,5
dugtrio,black-white,black,soft-sand,5
dugtrio,black-white,white,soft-sand,5
dugtrio,black-2-white-2,black-2,soft-sand,5
dugtrio,black-2-white-2,white-2,soft-sand,5
dugtrio,x-y,x,soft-sand,5
dugtrio,x-y,y,soft-sand,5
dugtrio,omega-ruby-alpha-sapphire,omega-ruby,soft-sand,5
dugtrio,omega-ruby-alpha-sapphire,alpha-sapphire,soft-sand,5
dugtrio,sun-moon,sun,soft-sand,5
dugtrio,sun-moon,moon,soft-sand,5
dugtrio,ultra-sun-ultra-moon,ultra-sun,soft-sand,5
dugtrio,ultra-sun-ultra-moon,ultra-moon,soft-sand,5
meowth,firered-leafgreen,firered,nugget,5
meowth,firered-leafgreen,leafgreen,nugget,5
meowth,diamond-pearl,diamond,quick-claw,5
meowth,diamond-pearl,pearl,quick-claw,5
meowth,platinum,platinum,quick-claw,5
meowth,heartgold-soulsilver,heartgold,quick-claw,5
meowth,heartgold-soulsilver,soulsilver,quick-claw,5
meowth,black-white,black,quick-claw,5
meowth,black-white,white,quick-claw,5
meowth,black-2-white-2,black-2,quick-claw,5
meowth,black-2-white-2,white-2,quick-claw,5
meowth,x-y,x,quick-claw,5
meowth,x-y,y,quick-claw,5
meowth,omega-ruby-alpha-sapphire,omega-ruby,quick-claw,5
meowth,omega-ruby-alpha-sapphire,alpha-sapphire,quick-claw,5
meowth,sun-moon,sun,quick-claw,5
meowth,sun-moon,moon,quick-claw,5
meowth,ultra-sun-ultra-moon,ultra-sun,quick-claw,5
meowth,ultra-sun-ultra-moon,ultra-moon,quick-claw,5
persian,diamond-pearl,diamond,quick-claw,5
persian,diamond-pearl,pearl,quick-claw,5
persian,platinum,platinum,quick-claw,5
persian,heartgold-soulsilver,heartgold,quick-claw,5
persian,heartgold-soulsilver,soulsilver,quick-claw,5
persian,black-white,black,quick-claw,5
persian,black-white,white,quick-claw,5
persian,black-2-white-2,black-2,quick-claw,5
persian,black-2-white-2,white-2,quick-claw,5
persian,x-y,x,quick-claw,5
persian,x-y,y,quick-claw,5
persian,omega-ruby-alpha-sapphire,omega-ruby,quick-claw,5
persian,omega-ruby-alpha-sapphire,alpha-sapphire,quick-claw,5
persian,sun-moon,sun,quick-claw,5
persian,sun-moon,moon,quick-claw,5
persian,ultra-sun-ultra-moon,ultra-sun,quick-claw,5
persian,ultra-sun-ultra-moon,ultra-moon,quick-claw,5
mankey,diamond-pearl,diamond,payapa-berry,5
mankey,diamond-pearl,pearl,payapa-berry,5
mankey,platinum,platinum,payapa-berry,5
mankey,heartgold-soulsilver,heartgold,payapa-berry,5
mankey,heartgold-soulsilver,soulsilver,payapa-berry,5
mankey,black-white,black,payapa-berry,5
mankey,black-white,white,payapa-berry,5
mankey,black-2-white-2,black-2,payapa-berry,5
mankey,black-2-white-2,white-2,payapa-berry,5
primeape,diamond-pearl,diamond,payapa-berry,5
primeape,diamond-pearl,pearl,payapa-berry,5
primeape,platinum,platinum,payapa-berry,5
primeape,heartgold-soulsilver,heartgold,payapa-berry,5
primeape,heartgold-soulsilver,soulsilver,payapa-berry,5
primeape,black-white,black,payapa-berry,5
primeape,black-white,white,payapa-berry,5
primeape,black-2-white-2,black-2,payapa-berry,5
primeape,black-2-white-2,white-2,payapa-berry,5
growlithe,ruby-sapphire,ruby,rawst-berry,100
growlithe,ruby-sapphire,sapphire,rawst-berry,100
growlithe,emerald,emerald,rawst-berry,100
growlithe,firered-leafgreen,firered,rawst-berry,50
growlithe,firered-leafgreen,leafgreen,rawst-berry,50
growlithe,diamond-pearl,diamond,rawst-berry,100
growlithe,diamond-pearl,pearl,rawst-berry,100
growlithe,platinum,platinum,rawst-berry,100
growlithe,heartgold-soulsilver,heartgold,rawst-berry,100
growlithe,heartgold-soulsilver,soulsilver,rawst-berry,100
growlithe,black-white,black,rawst-berry,100
growlithe,black-white,white,rawst-berry,100
growlithe,black-2-white-2,black-2,rawst-berry,50
growlithe,black-2-white-2,white-2,rawst-berry,50
arcanine,ruby-sapphire,ruby,rawst-berry,100
arcanine,ruby-sapphire,sapphire,rawst-berry,100
arcanine,emerald,emerald,rawst-berry,100
arcanine,firered-leafgreen,firered,rawst-berry,50
arcanine,firered-leafgreen,leafgreen,rawst-berry,50
arcanine,diamond-pearl,diamond,rawst-berry,100
arcanine,diamond-pearl,pearl,rawst-berry,100
arcanine,platinum,platinum,rawst-berry,100
arcanine,heartgold-soulsilver,heartgold,rawst-berry,100
arcanine,heartgold-soulsilver,soulsilver,rawst-berry,100
arcanine,black-white,black,rawst-berry,100
arcanine,black-white,white,rawst-berry,100
arcanine,black-2-white-2,black-2,rawst-berry,50
arcanine,black-2-white-2,white-2,rawst-berry,50
poliwhirl,ruby-sapphire,ruby,kings-rock,5
poliwhirl,ruby-sapphire,sapphire,kings-rock,5
poliwhirl,emerald,emerald,kings-rock,5
poliwhirl,diamond-pearl,diamond,kings-rock,5
poliwhirl,diamond-pearl,pearl,kings-rock,5
poliwhirl,platinum,platinum,kings-rock,5
poliwhirl,heartgold-soulsilver,heartgold,kings-rock,5
poliwhirl,heartgold-soulsilver,soulsilver,kings-rock,5
poliwhirl,black-white,black,kings-rock,5
poliwhirl,black-white,white,kings-rock,5
poliwhirl,black-2-white-2,black-2,kings-rock,5
poliwhirl,black-2-white-2,white-2,kings-rock,5
poliwhirl,x-y,x,kings-rock,5
poliwhirl,x-y,y,kings-rock,5
poliwhirl,omega-ruby-alpha-sapphire,omega-ruby,kings-rock,5
poliwhirl,omega-ruby-alpha-sapphire,alpha-sapphire,kings-rock,5
poliwhirl,sun-moon,sun,kings-rock,5
poliwhirl,sun-moon,moon,kings-rock,5
poliwhirl,ultra-sun-ultra-moon,ultra-sun,kings-rock,5
poliwhirl,ultra-sun-ultra-moon,ultra-moon,kings-rock,5
poliwrath,ruby-sapphire,ruby,kings-rock,5
poliwrath,ruby-sapphire,sapphire,kings-rock,5
poliwrath,emerald,emerald,kings-rock,5
poliwrath,diamond-pearl,diamond,kings-rock,5
poliwrath,diamond-pearl,pearl,kings-rock,5
poliwrath,platinum,platinum,kings-rock,5
poliwrath,heartgold-soulsilver,heartgold,kings-rock,5
poliwrath,heartgold-soulsilver,soulsilver,kings-rock,5
poliwrath,black-white,black,kings-rock,5
poliwrath,black-white,white,kings-rock,5
poliwrath,black-2-white-2,black-2,kings-rock,5
poliwrath,black-2-white-2,white-2,kings-rock,5
poliwrath,x-y,x,kings-rock,5
poliwrath,x-y,y,kings-rock,5
poliwrath,omega-ruby-alpha-sapphire,omega-ruby,kings-rock,5
poliwrath,omega-ruby-alpha-sapphire,alpha-sapphire,kings-rock,5
poliwrath,sun-moon,sun,kings-rock,5
poliwrath,sun-moon,moon,kings-rock,5
poliwrath,ultra-sun-ultra-moon,ultra-sun,kings-rock,5
poliwrath,ultra-sun-ultra-moon,ultra-moon,kings-rock,5
abra,ruby-sapphire,ruby,twisted-spoon,5
abra,ruby-sapphire,sapphire,twisted-spoon,5
abra,emerald,emerald,twisted-spoon,5
abra,firered-leafgreen,firered,twisted-spoon,5
abra,firered-leafgreen,leafgreen,twisted-spoon,5
abra,diamond-pearl,diamond,twisted-spoon,5
abra,diamond-pearl,pearl,twisted-spoon,5
abra,platinum,platinum,twisted-spoon,5
abra,heartgold-soulsilver,heartgold,twisted-spoon,5
abra,heartgold-soulsilver,soulsilver,twisted-spoon,5
abra,black-white,black,twisted-spoon,5
abra,black-white,white,twisted-spoon,5
abra,black-2-white-2,black-2,twisted-spoon,5
abra,black-2-white-2,white-2,twisted-spoon,5
abra,x-y,x,twisted-spoon,5
abra,x-y,y,twisted-spoon,5
abra,omega-ruby-alpha-sapphire,omega-ruby,twisted-spoon,5
abra,omega-ruby-alpha-sapphire,alpha-sapphire,twisted-spoon,5
abra,sun-moon,sun,twisted-spoon,5
abra,sun-moon,moon,twisted-spoon,5
abra,ultra-sun-ultra-moon,ultra-sun,twisted-spoon,5
abra,ultra-sun-ultra-moon,ultra-moon,twisted-spoon,5
kadabra,ruby-sapphire,ruby,twisted-spoon,5
kadabra,ruby-sapphire,sapphire,twisted-spoon,5
kadabra,emerald,emerald,twisted-spoon,5
kadabra,firered-leafgreen,firered,twisted-spoon,5
kadabra,firered-leafgreen,leafgreen,twisted-spoon,5
kadabra,diamond-pearl,diamond,twisted-spoon,5
kadabra,diamond-pearl,pearl,twisted-spoon,5
kadabra,platinum,platinum,twisted-spoon,5
kadabra,heartgold-soulsilver,heartgold,twisted-spoon,5
kadabra,heartgold-soulsilver,soulsilver,twisted-spoon,5
kadabra,black-white,black,twisted-spoon,5
kadabra,black-white,white,twisted-spoon,5
kadabra,black-2-white-2,black-2,twisted-spoon,5
kadabra,black-2-white-2,white-2,twisted-spoon,5
kadabra,x-y,x,twisted-spoon,5
kadabra,x-y,y,twisted-spoon,5
kadabra,omega-ruby-alpha-sapphire,omega-ruby,twisted-spoon,5
kadabra,omega-ruby-alpha-sapphire,alpha-sapphire,twisted-spoon,5
kadabra,sun-moon,sun,twisted-spoon,5
kadabra,sun-moon,moon,twisted-spoon,5
kadabra,ultra-sun-ultra-moon,ultra-sun,twisted-spoon,5
kadabra,ultra-sun-ultra-moon,ultra-moon,twisted-spoon,5
alakazam,ruby-sapphire,ruby,twisted-spoon,5
alakazam,ruby-sapphire,sapphire,twisted-spoon,5
alakazam,emerald,emerald,twisted-spoon,5
alakazam,firered-leafgreen,firered,twisted-spoon,5
alakazam,firered-leafgreen,leafgreen,twisted-spoon,5
alakazam,diamond-pearl,diamond,twisted-spoon,5
alakazam,diamond-pearl,pearl,twisted-spoon,5
alakazam,platinum,platinum,twisted-spoon,5
alakazam,heartgold-soulsilver,heartgold,twisted-spoon,5
alakazam,heartgold-soulsilver,soulsilver,twisted-spoon,5
alakazam,black-white,black,twisted-spoon,5
alakazam,black-white,white,twisted-spoon,5
alakazam,black-2-white-2,black-2,twisted-spoon,5
alakazam,black-2-white-2,white-2,twisted-spoon,5
alakazam,x-y,x,twisted-spoon,5
alakazam,x-y,y,twisted-spoon,5
alakazam,omega-ruby-alpha-sapphire,omega-ruby,twisted-spoon,5
alakazam,omega-ruby-alpha-sapphire,alpha-sapphire,twisted-spoon,5
alakazam,sun-moon,sun,twisted-spoon,5
alakazam,sun-moon,moon,twisted-spoon,5
alakazam,ultra-sun-ultra-moon,ultra-sun,twisted-spoon,5
alakazam,ultra-sun-ultra-moon,ultra-moon,twisted-spoon,5
machop,omega-ruby-alpha-sapphire,omega-ruby,focus-band,5
machop,omega-ruby-alpha-sapphire,alpha-sapphire,focus-band,5
machop,sun-moon,sun,focus-band,5
machop,sun-moon,moon,focus-band,5
machop,ultra-sun-ultra-moon,ultra-sun,focus-band,5
machop,ultra-sun-ultra-moon,ultra-moon,focus-band,5
machoke,firered-leafgreen,firered,focus-band,5
machoke,firered-leafgreen,leafgreen,focus-band,5
machoke,omega-ruby-alpha-sapphire,omega-ruby,focus-band,5
machoke,omega-ruby-alpha-sapphire,alpha-sapphire,focus-band,5
machoke,sun-moon,sun,focus-band,5
machoke,sun-moon,moon,focus-band,5
machoke,ultra-sun-ultra-moon,ultra-sun,focus-band,5
machoke,ultra-sun-ultra-moon,ultra-moon,focus-band,5
machamp,firered-leafgreen,firered,focus-band,5
machamp,firered-leafgreen,leafgreen,focus-band,5
machamp,omega-ruby-alpha-sapphire,omega-ruby,focus-band,5
machamp,omega-ruby-alpha-sapphire,alpha-sapphire,focus-band,5
machamp,sun-moon,sun,focus-band,5
machamp,sun-moon,moon,focus-band,5
machamp,ultra-sun-ultra-moon,ultra-sun,focus-band,5
machamp,ultra-sun-ultra-moon,ultra-moon,focus-band,5
tentacool,diamond-pearl,diamond,poison-barb,5
tentacool,diamond-pearl,pearl,poison-barb,5
tentacool,platinum,platinum,poison-barb,5
tentacool,heartgold-soulsilver,heartgold,poison-barb,5
tentacool,heartgold-soulsilver,soulsilver,poison-barb,5
tentacool,black-white,black,poison-barb,5
tentacool,black-white,white,poison-barb,5
tentacool,black-2-white-2,black-2,poison-barb,5
tentacool,black-2-white-2,white-2,poison-barb,5
tentacool,x-y,x,poison-barb,5
tentacool,x-y,y,poison-barb,5
tentacool,omega-ruby-alpha-sapphire,omega-ruby,poison-barb,5
tentacool,omega-ruby-alpha-sapphire,alpha-sapphire,poison-barb,5
tentacool,sun-moon,sun,poison-barb,5
tentacool,sun-moon,moon,poison-barb,5
tentacool,ultra-sun-ultra-moon,ultra-sun,poison-barb,5
tentacool,ultra-sun-ultra-moon,ultra-moon,poison-barb,5
tentacruel,diamond-pearl,diamond,poison-barb,5
tentacruel,diamond-pearl,pearl,poison-barb,5
tentacruel,platinum,platinum,poison-barb,5
tentacruel,heartgold-soulsilver,heartgold,poison-barb,5
tentacruel,heartgold-soulsilver,soulsilver,poison-barb,5
tentacruel,black-white,black,poison-barb,5
tentacruel,black-white,white,poison-barb,5
tentacruel,black-2-white-2,black-2,poison-barb,5
tentacruel,black-2-white-2,white-2,poison-barb,5
tentacruel,x-y,x,poison-barb,5
tentacruel,x-y,y,poison-barb,5
tentacruel,omega-ruby-alpha-sapphire,omega-ruby,poison-barb,5
tentacruel,omega-ruby-alpha-sapphire,alpha-sapphire,poison-barb,5
tentacruel,sun-moon,sun,poison-barb,5
tentacruel,sun-moon,moon,poison-barb,5
tentacruel,ultra-sun-ultra-moon,ultra-sun,poison-barb,5
tentacruel,ultra-sun-ultra-moon,ultra-moon,poison-barb,5
geodude,ruby-sapphire,ruby,everstone,5
geodude,ruby-sapphire,sapphire,everstone,5
geodude,emerald,emerald,everstone,5
geodude,diamond-pearl,diamond,everstone,5
geodude,diamond-pearl,pearl,everstone,5
geodude,platinum,platinum,everstone,5
geodude,heartgold-soulsilver,heartgold,everstone,5
geodude,heartgold-soulsilver,soulsilver,everstone,5
geodude,black-white,black,everstone,5
geodude,black-white,white,everstone,5
geodude,black-2-white-2,black-2,everstone,5
geodude,black-2-white-2,white-2,everstone,5
geodude,x-y,x,everstone,5
geodude,x-y,y,everstone,5
geodude,omega-ruby-alpha-sapphire,omega-ruby,everstone,5
geodude,omega-ruby-alpha-sapphire,alpha-sapphire,everstone,5
geodude,sun-moon,sun,everstone,5
geodude,sun-moon,moon,everstone,5
geodude,ultra-sun-ultra-moon,ultra-sun,everstone,5
geodude,ultra-sun-ultra-moon,ultra-moon,everstone,5
graveler,ruby-sapphire,ruby,everstone,5
graveler,ruby-sapphire,sapphire,everstone,5
graveler,emerald,emerald,everstone,5
graveler,firered-leafgreen,firered,hard-stone,5
graveler,firered-leafgreen,leafgreen,hard-stone,5
graveler,diamond-pearl,diamond,everstone,5
graveler,diamond-pearl,pearl,everstone,5
graveler,platinum,platinum,everstone,5
graveler,heartgold-soulsilver,heartgold,everstone,5
graveler,heartgold-soulsilver,soulsilver,everstone,5
graveler,black-white,black,everstone,5
graveler,black-white,white,everstone,5
graveler,black-2-white-2,black-2,everstone,5
graveler,black-2-white-2,white-2,everstone,5
graveler,x-y,x,everstone,5
graveler,x-y,y,everstone,5
graveler,omega-ruby-alpha-sapphire,omega-ruby,everstone,5
graveler,omega-ruby-alpha-sapphire,alpha-sapphire,everstone,5
graveler,sun-moon,sun,everstone,5
graveler,sun-moon,moon,everstone,5
graveler,ultra-sun-ultra-moon,ultra-sun,everstone,5
graveler,ultra-sun-ultra-moon,ultra-moon,everstone,5
golem,ruby-sapphire,ruby,everstone,5
golem,ruby-sapphire,sapphire,everstone,5
golem,emerald,emerald,everstone,5
golem,firered-leafgreen,firered,hard-stone,5
golem,firered-leafgreen,leafgreen,hard-stone,5
golem,diamond-pearl,diamond,everstone,5
golem,diamond-pearl,pearl,everstone,5
golem,platinum,platinum,everstone,5
golem,heartgold-soulsilver,heartgold,everstone,5
golem,heartgold-soulsilver,soulsilver,everstone,5
golem,black-white,black,everstone,5
golem,black-white,white,everstone,5
golem,black-2-white-2,black-2,everstone,5
golem,black-2-white-2,white-2,everstone,5
golem,x-y,x,everstone,5
golem,x-y,y,everstone,5
golem,omega-ruby-alpha-sapphire,omega-ruby,everstone,5
golem,omega-ruby-alpha-sapphire,alpha-sapphire,everstone,5
golem,sun-moon,sun,everstone,5
golem,sun-moon,moon,everstone,5
golem,ultra-sun-ultra-moon,ultra-sun,everstone,5
golem,ultra-sun-ultra-moon,ultra-moon,everstone,5
ponyta,diamond-pearl,diamond,shuca-berry,5
ponyta,diamond-pearl,pearl,shuca-berry,5
ponyta,platinum,platinum,shuca-berry,5
ponyta,heartgold-soulsilver,heartgold,shuca-berry,5
ponyta,heartgold-soulsilver,soulsilver,shuca-berry,5
ponyta,black-white,black,shuca-berry,5
ponyta,black-white,white,shuca-berry,5
ponyta,black-2-white-2,black-2,shuca-berry,5
ponyta,black-2-white-2,white-2,shuca-berry,5
rapidash,diamond-pearl,diamond,shuca-berry,5
rapidash,diamond-pearl,pearl,shuca-berry,5
rapidash,platinum,platinum,shuca-berry,5
rapidash,heartgold-soulsilver,heartgold,shuca-berry,5
rapidash,heartgold-soulsilver,soulsilver,shuca-berry,5
rapidash,black-white,black,shuca-berry,5
rapidash,black-white,white,shuca-berry,5
rapidash,black-2-white-2,black-2,shuca-berry,5
rapidash,black-2-white-2,white-2,shuca-berry,5
slowpoke,ruby-sapphire,ruby,kings-rock,5
slowpoke,ruby-sapphire,sapphire,kings-rock,5
slowpoke,emerald,emerald,kings-rock,5
slowpoke,diamond-pearl,diamond,lagging-tail,5
slowpoke,diamond-pearl,pearl,lagging-tail,5
slowpoke,platinum,platinum,lagging-tail,5
slowpoke,heartgold-soulsilver,heartgold,lagging-tail,5
slowpoke,heartgold-soulsilver,soulsilver,lagging-tail,5
slowpoke,black-white,black,lagging-tail,5
slowpoke,black-white,white,lagging-tail,5
slowpoke,black-2-white-2,black-2,lagging-tail,5
slowpoke,black-2-white-2,white-2,lagging-tail,5
slowpoke,x-y,x,lagging-tail,5
slowpoke,x-y,y,lagging-tail,5
slowpoke,omega-ruby-alpha-sapphire,omega-ruby,lagging-tail,5
slowpoke,omega-ruby-alpha-sapphire,alpha-sapphire,lagging-tail,5
slowpoke,sun-moon,sun,lagging-tail,5
slowpoke,sun-moon,moon,lagging-tail,5
slowpoke,ultra-sun-ultra-moon,ultra-sun,lagging-tail,5
slowpoke,ultra-sun-ultra-moon,ultra-moon,lagging-tail,5
slowbro,ruby-sapphire,ruby,kings-rock,5
slowbro,ruby-sapphire,sapphire,kings-rock,5
slowbro,emerald,emerald,kings-rock,5
slowbro,diamond-pearl,diamond,kings-rock,5
slowbro,diamond-pearl,pearl,kings-rock,5
slowbro,platinum,platinum,kings-rock,5
slowbro,heartgold-soulsilver,heartgold,kings-rock,5
slowbro,heartgold-soulsilver,soulsilver,kings-rock,5
slowbro,black-white,black,kings-rock,5
slowbro,black-white,white,kings-rock,5
slowbro,black-2-white-2,black-2,kings-rock,5
slowbro,black-2-white-2,white-2,kings-rock,5
slowbro,x-y,x,kings-rock,5
slowbro,x-y,y,kings-rock,5
slowbro,omega-ruby-alpha-sapphire,omega-ruby,kings-rock,5
slowbro,omega-ruby-alpha-sapphire,alpha-sapphire,kings-rock,5
slowbro,sun-moon,sun,kings-rock,5
slowbro,sun-moon,moon,kings-rock,5
slowbro,ultra-sun-ultra-moon,ultra-sun,kings-rock,5
slowbro,ultra-sun-ultra-moon,ultra-moon,kings-rock,5
magnemite,ruby-sapphire,ruby,metal-coat,5
magnemite,ruby-sapphire,sapphire,metal-coat,5
magnemite,emerald,emerald,metal-coat,5
magnemite,diamond-pearl,diamond,metal-coat,5
magnemite,diamond-pearl,pearl,metal-coat,5
magnemite,platinum,platinum,metal-coat,5
magnemite,heartgold-soulsilver,heartgold,metal-coat,5
magnemite,heartgold-soulsilver,soulsilver,metal-coat,5
magnemite,black-white,black,metal-coat,5
magnemite,black-white,white,metal-coat,5
magnemite,black-2-white-2,black-2,metal-coat,5
magnemite,black-2-white-2,white-2,metal-coat,5
magnemite,x-y,x,metal-coat,5
magnemite,x-y,y,metal-coat,5
magnemite,omega-ruby-alpha-sapphire,omega-ruby,metal-coat,5
magnemite,omega-ruby-alpha-sapphire,alpha-sapphire,metal-coat,5
magnemite,sun-moon,sun,metal-coat,5
magnemite,sun-moon,moon,metal-coat,5
magnemite,ultra-sun-ultra-moon,ultra-sun,metal-coat,5
magnemite,ultra-sun-ultra-moon,ultra-moon,metal-coat,5
magneton,ruby-sapphire,ruby,metal-coat,5
magneton,ruby-sapphire,sapphire,metal-coat,5
magneton,emerald,emerald,metal-coat,5
magneton,firered-leafgreen,firered,magnet,5
magneton,firered-leafgreen,leafgreen,magnet,5
magneton,diamond-pearl,diamond,metal-coat,5
magneton,diamond-pearl,pearl,metal-coat,5
magneton,platinum,platinum,metal-coat,5
magneton,heartgold-soulsilver,heartgold,metal-coat,5
magneton,heartgold-soulsilver,soulsilver,metal-coat,5
magneton,black-white,black,metal-coat,5
magneton,black-white,white,metal-coat,5
magneton,black-2-white-2,black-2,metal-coat,5
magneton,black-2-white-2,white-2,metal-coat,5
magneton,x-y,x,metal-coat,5
magneton,x-y,y,metal-coat,5
magneton,omega-ruby-alpha-sapphire,omega-ruby,metal-coat,5
magneton,omega-ruby-alpha-sapphire,alpha-sapphire,metal-coat,5
magneton,sun-moon,sun,metal-coat,5
magneton,sun-moon,moon,metal-coat,5
magneton,ultra-sun-ultra-moon,ultra-sun,metal-coat,5
magneton,ultra-sun-ultra-moon,ultra-moon,metal-coat,5
farfetchd,ruby-sapphire,ruby,stick,5
farfetchd,ruby-sapphire,sapphire,stick,5
farfetchd,emerald,emerald,stick,5
farfetchd,firered-leafgreen,firered,stick,5
farfetchd,firered-leafgreen,leafgreen,stick,5
farfetchd,diamond-pearl,diamond,stick,5
farfetchd,diamond-pearl,pearl,stick,5
farfetchd,platinum,platinum,stick,5
farfetchd,heartgold-soulsilver,heartgold,stick,5
farfetchd,heartgold-soulsilver,soulsilver,stick,5
farfetchd,black-white,black,stick,5
farfetchd,black-white,white,stick,5
farfetchd,black-2-white-2,black-2,stick,5
farfetchd,black-2-white-2,white-2,stick,5
farfetchd,x-y,x,stick,5
farfetchd,x-y,y,stick,5
farfetchd,omega-ruby-alpha-sapphire,omega-ruby,stick,5
farfetchd,omega-ruby-alpha-sapphire,alpha-sapphire,stick,5
farfetchd,sun-moon,sun,stick,5
farfetchd,sun-moon,moon,stick,5
farfetchd,ultra-sun-ultra-moon,ultra-sun,stick,5
farfetchd,ultra-sun-ultra-moon,ultra-moon,stick,5
doduo,ruby-sapphire,ruby,sharp-beak,5
doduo,ruby-sapphire,sapphire,sharp-beak,5
doduo,emerald,emerald,sharp-beak,5
doduo,diamond-pearl,diamond,sharp-beak,5
doduo,diamond-pearl,pearl,sharp-beak,5
doduo,platinum,platinum,sharp-beak,5
doduo,heartgold-soulsilver,heartgold,sharp-beak,5
doduo,heartgold-soulsilver,soulsilver,sharp-beak,5
doduo,black-white,black,sharp-beak,5
doduo,black-white,white,sharp-beak,5
doduo,black-2-white-2,black-2,sharp-beak,5
doduo,black-2-white-2,white-2,sharp-beak,5
doduo,x-y,x,sharp-beak,5
doduo,x-y,y,sharp-beak,5
doduo,omega-ruby-alpha-sapphire,omega-ruby,sharp-beak,5
doduo,omega-ruby-alpha-sapphire,alpha-sapphire,sharp-beak,5
doduo,sun-moon,sun,sharp-beak,5
doduo,sun-moon,moon,sharp-beak,5
doduo,ultra-sun-ultra-moon,ultra-sun,sharp-beak,5
doduo,ultra-sun-ultra-moon,ultra-moon,sharp-beak,5
dodrio,ruby-sapphire,ruby,sharp-beak,5
dodrio,ruby-sapphire,sapphire,sharp-beak,5
dodrio,emerald,emerald,sharp-beak,5
dodrio,firered-leafgreen,firered,sharp-beak,5
dodrio,firered-leafgreen,leafgreen,sharp-beak,5
dodrio,diamond-pearl,diamond,sharp-beak,5
dodrio,diamond-pearl,pearl,sharp-beak,5
dodrio,platinum,platinum,sharp-beak,5
dodrio,heartgold-soulsilver,heartgold,sharp-beak,5
dodrio,heartgold-soulsilver,soulsilver,sharp-beak,5
dodrio,black-white,black,sharp-beak,5
dodrio,black-white,white,sharp-beak,5
dodrio,black-2-white-2,black-2,sharp-beak,5
dodrio,black-2-white-2,white-2,sharp-beak,5
dodrio,x-y,x,sharp-beak,5
dodrio,x-y,y,sharp-beak,5
dodrio,omega-ruby-alpha-sapphire,omega-ruby,sharp-beak,5
dodrio,omega-ruby-alpha-sapphire,alpha-sapphire,sharp-beak,5
dodrio,sun-moon,sun,sharp-beak,5
dodrio,sun-moon,moon,sharp-beak,5
dodrio,ultra-sun-ultra-moon,ultra-sun,sharp-beak,5
dodrio,ultra-sun-ultra-moon,ultra-moon,sharp-beak,5
seel,firered-leafgreen,firered,aspear-berry,50
seel,firered-leafgreen,leafgreen,aspear-berry,50
dewgong,firered-leafgreen,firered,aspear-berry,50
dewgong,firered-leafgreen,firered,never-melt-ice,5
dewgong,firered-leafgreen,leafgreen,aspear-berry,50
dewgong,firered-leafgreen,leafgreen,never-melt-ice,5
grimer,ruby-sapphire,ruby,nugget,5
grimer,ruby-sapphire,sapphire,nugget,5
grimer,emerald,emerald,nugget,5
grimer,diamond-pearl,diamond,nugget,5
grimer,diamond-pearl,pearl,nugget,5
grimer,platinum,platinum,nugget,5
grimer,heartgold-soulsilver,heartgold,nugget,5
grimer,heartgold-soulsilver,soulsilver,nugget,5
grimer,black-white,black,nugget,5
grimer,black-white,white,nugget,5
grimer,black-2-white-2,black-2,black-sludge,5
grimer,black-2-white-2,white-2,black-sludge,5
grimer,x-y,x,black-sludge,5
grimer,x-y,y,black-sludge,5
grimer,omega-ruby-alpha-sapphire,omega-ruby,black-sludge,5
grimer,omega-ruby-alpha-sapphire,alpha-sapphire,black-sludge,5
grimer,sun-moon,sun,black-sludge,5
grimer,sun-moon,moon,black-sludge,5
grimer,ultra-sun-ultra-moon,ultra-sun,black-sludge,5
grimer,ultra-sun-ultra-moon,ultra-moon,black-sludge,5
muk,ruby-sapphire,ruby,nugget,5
muk,ruby-sapphire,sapphire,nugget,5
muk,emerald,emerald,nugget,5
muk,diamond-pearl,diamond,nugget,5
muk,diamond-pearl,pearl,nugget,5
muk,platinum,platinum,nugget,5
muk,heartgold-soulsilver,heartgold,nugget,5
muk,heartgold-soulsilver,soulsilver,nugget,5
muk,black-white,black,nugget,5
muk,black-white,white,nugget,5
muk,black-2-white-2,black-2,toxic-orb,1
muk,black-2-white-2,black-2,black-sludge,50
muk,black-2-white-2,white-2,toxic-orb,1
muk,black-2-white-2,white-2,black-sludge,50
muk,x-y,x,black-sludge,50
muk,x-y,y,black-sludge,50
muk,omega-ruby-alpha-sapphire,omega-ruby,black-sludge,50
muk,omega-ruby-alpha-sapphire,alpha-sapphire,black-sludge,50
muk,sun-moon,sun,black-sludge,50
muk,sun-moon,moon,black-sludge,50
muk,ultra-sun-ultra-moon,ultra-sun,black-sludge,50
muk,ultra-sun-ultra-moon,ultra-moon,black-sludge,50
shellder,ruby-sapphire,ruby,pearl,50
shellder,ruby-sapphire,ruby,big-pearl,5
shellder,ruby-sapphire,sapphire,pearl,50
shellder,ruby-sapphire,sapphire,big-pearl,5
shellder,emerald,emerald,pearl,50
shellder,emerald,emerald,big-pearl,5
shellder,firered-leafgreen,firered,pearl,50
shellder,firered-leafgreen,firered,big-pearl,5
shellder,firered-leafgreen,leafgreen,pearl,50
shellder,firered-leafgreen,leafgreen,big-pearl,5
shellder,diamond-pearl,diamond,pearl,50
shellder,diamond-pearl,diamond,big-pearl,5
shellder,diamond-pearl,pearl,pearl,50
shellder,diamond-pearl,pearl,big-pearl,5
shellder,platinum,platinum,pearl,50
shellder,platinum,platinum,big-pearl,5
shellder,heartgold-soulsilver,heartgold,pearl,50
shellder,heartgold-soulsilver,heartgold,big-pearl,5
shellder,heartgold-soulsilver,soulsilver,pearl,50
shellder,heartgold-soulsilver,soulsilver,big-pearl,5
shellder,black-white,black,pearl,50
shellder,black-white,black,big-pearl,5
shellder,black-white,white,pearl,50
shellder,black-white,white,big-pearl,5
shellder,black-2-white-2,black-2,pearl,50
shellder,black-2-white-2,black-2,big-pearl,5
shellder,black-2-white-2,white-2,pearl,50
shellder,black-2-white-2,white-2,big-pearl,5
shellder,x-y,x,pearl,50
shellder,x-y,x,big-pearl,5
shellder,x-y,y,pearl,50
shellder,x-y,y,big-pearl,5
shellder,omega-ruby-alpha-sapphire,omega-ruby,pearl,50
shellder,omega-ruby-alpha-sapphire,omega-ruby,big-pearl,5
shellder,omega-ruby-alpha-sapphire,alpha-sapphire,pearl,50
shellder,omega-ruby-alpha-sapphire,alpha-sapphire,big-pearl,5
shellder,sun-moon,sun,pearl,50
shellder,sun-moon,sun,big-pearl,5
shellder,sun-moon,moon,pearl,50
shellder,sun-moon,moon,big-pearl,5
shellder,ultra-sun-ultra-moon,ultra-sun,pearl,50
shellder,ultra-sun-ultra-moon,ultra-sun,big-pearl,5
shellder,ultra-sun-ultra-moon,ultra-moon,pearl,50
shellder,ultra-sun-ultra-moon,ultra-moon,big-pearl,5
cloyster,ruby-sapphire,ruby,pearl,50
cloyster,ruby-sapphire,ruby,big-pearl,5
cloyster,ruby-sapphire,sapphire,pearl,50
cloyster,ruby-sapphire,sapphire,big-pearl,5
cloyster,emerald,emerald,pearl,50
cloyster,emerald,emerald,big-pearl,5
cloyster,firered-leafgreen,firered,pearl,50
cloyster,firered-leafgreen,firered,big-pearl,5
cloyster,firered-leafgreen,leafgreen,pearl,50
cloyster,firered-leafgreen,leafgreen,big-pearl,5
cloyster,diamond-pearl,diamond,pearl,50
cloyster,diamond-pearl,diamond,big-pearl,5
cloyster,diamond-pearl,pearl,pearl,50
cloyster,diamond-pearl,pearl,big-pearl,5
cloyster,platinum,platinum,pearl,50
cloyster,platinum,platinum,big-pearl,5
cloyster,heartgold-soulsilver,heartgold,pearl,50
cloyster,heartgold-soulsilver,heartgold,big-pearl,5
cloyster,heartgold-soulsilver,soulsilver,pearl,50
cloyster,heartgold-soulsilver,soulsilver,big-pearl,5
cloyster,black-white,black,pearl,50
cloyster,black-white,black,big-pearl,5
cloyster,black-white,white,pearl,50
cloyster,black-white,white,big-pearl,5
cloyster,black-2-white-2,black-2,pearl,50
cloyster,black-2-white-2,black-2,big-pearl,5
cloyster,black-2-white-2,white-2,pearl,50
cloyster,black-2-white-2,white-2,big-pearl,5
cloyster,x-y,x,pearl,50
cloyster,x-y,x,big-pearl,5
cloyster,x-y,y,pearl,50
cloyster,x-y,y,big-pearl,5
cloyster,omega-ruby-alpha-sapphire,omega-ruby,pearl,50
cloyster,omega-ruby-alpha-sapphire,omega-ruby,big-pearl,5
cloyster,omega-ruby-alpha-sapphire,alpha-sapphire,pearl,50
cloyster,omega-ruby-alpha-sapphire,alpha-sapphire,big-pearl,5
cloyster,sun-moon,sun,pearl,50
cloyster,sun-moon,sun,big-pearl,5
cloyster,sun-moon,moon,pearl,50
cloyster,sun-moon,moon,big-pearl,5
cloyster,ultra-sun-ultra-moon,ultra-sun,pearl,50
cloyster,ultra-sun-ultra-moon,ultra-sun,big-pearl,5
cloyster,ultra-sun-ultra-moon,ultra-moon,pearl,50
cloyster,ultra-sun-ultra-moon,ultra-moon,big-pearl,5
haunter,firered-leafgreen,firered,spell-tag,5
haunter,firered-leafgreen,leafgreen,spell-tag,5
gengar,firered-leafgreen,firered,spell-tag,5
gengar,firered-leafgreen,leafgreen,spell-tag,5
onix,firered-leafgreen,firered,hard-stone,5
onix,firered-leafgreen,leafgreen,hard-stone,5
exeggcute,sun-moon,sun,psychic-seed,5
exeggcute,sun-moon,moon,psychic-seed,5
exeggcute,ultra-sun-ultra-moon,ultra-sun,psychic-seed,5
exeggcute,ultra-sun-ultra-moon,ultra-moon,psychic-seed,5
cubone,ruby-sapphire,ruby,thick-club,5
cubone,ruby-sapphire,sapphire,thick-club,5
cubone,emerald,emerald,thick-club,5
cubone,firered-leafgreen,firered,thick-club,5
cubone,firered-leafgreen,leafgreen,thick-club,5
cubone,diamond-pearl,diamond,thick-club,5
cubone,diamond-pearl,pearl,thick-club,5
cubone,platinum,platinum,thick-club,5
cubone,heartgold-soulsilver,heartgold,thick-club,5
cubone,heartgold-soulsilver,soulsilver,thick-club,5
cubone,black-white,black,thick-club,5
cubone,black-white,white,thick-club,5
cubone,black-2-white-2,black-2,thick-club,5
cubone,black-2-white-2,white-2,thick-club,5
cubone,x-y,x,thick-club,5
cubone,x-y,y,thick-club,5
cubone,omega-ruby-alpha-sapphire,omega-ruby,thick-club,5
cubone,omega-ruby-alpha-sapphire,alpha-sapphire,thick-club,5
cubone,sun-moon,sun,thick-club,5
cubone,sun-moon,moon,thick-club,5
cubone,ultra-sun-ultra-moon,ultra-sun,thick-club,5
cubone,ultra-sun-ultra-moon,ultra-moon,thick-club,5
marowak,ruby-sapphire,ruby,thick-club,5
marowak,ruby-sapphire,sapphire,thick-club,5
marowak,emerald,emerald,thick-club,5
marowak,firered-leafgreen,firered,thick-club,5
marowak,firered-leafgreen,leafgreen,thick-club,5
marowak,diamond-pearl,diamond,thick-club,5
marowak,diamond-pearl,pearl,thick-club,5
marowak,platinum,platinum,thick-club,5
marowak,heartgold-soulsilver,heartgold,thick-club,5
marowak,heartgold-soulsilver,soulsilver,thick-club,5
marowak,black-white,black,thick-club,5
marowak,black-white,white,thick-club,5
marowak,black-2-white-2,black-2,thick-club,5
marowak,black-2-white-2,white-2,thick-club,5
marowak,x-y,x,thick-club,5
marowak,x-y,y,thick-club,5
marowak,omega-ruby-alpha-sapphire,omega-ruby,thick-club,5
marowak,omega-ruby-alpha-sapphire,alpha-sapphire,thick-club,5
marowak,sun-moon,sun,thick-club,5
marowak,sun-moon,moon,thick-club,5
marowak,ultra-sun-ultra-moon,ultra-sun,thick-club,5
marowak,ultra-sun-ultra-moon,ultra-moon,thick-club,5
lickitung,diamond-pearl,diamond,lagging-tail,5
lickitung,diamond-pearl,pearl,lagging-tail,5
lickitung,platinum,platinum,lagging-tail,5
lickitung,heartgold-soulsilver,heartgold,lagging-tail,5
lickitung,heartgold-soulsilver,soulsilver,lagging-tail,5
lickitung,black-white,black,lagging-tail,5
lickitung,black-white,white,lagging-tail,5
lickitung,black-2-white-2,black-2,lagging-tail,5
lickitung,black-2-white-2,white-2,lagging-tail,5
lickitung,x-y,x,lagging-tail,5
lickitung,x-y,y,lagging-tail,5
lickitung,omega-ruby-alpha-sapphire,omega-ruby,lagging-tail,5
lickitung,omega-ruby-alpha-sapphire,alpha-sapphire,lagging-tail,5
lickitung,sun-moon,sun,lagging-tail,5
lickitung,sun-moon,moon,lagging-tail,5
lickitung,ultra-sun-ultra-moon,ultra-sun,lagging-tail,5
lickitung,ultra-sun-ultra-moon,ultra-moon,lagging-tail,5
koffing,ruby-sapphire,ruby,smoke-ball,5
koffing,ruby-sapphire,sapphire,smoke-ball,5
koffing,emerald,emerald,smoke-ball,5
koffing,diamond-pearl,diamond,smoke-ball,5
koffing,diamond-pearl,pearl,smoke-ball,5
koffing,platinum,platinum,smoke-ball,5
koffing,heartgold-soulsilver,heartgold,smoke-ball,5
koffing,heartgold-soulsilver,soulsilver,smoke-ball,5
koffing,black-white,black,smoke-ball,5
koffing,black-white,white,smoke-ball,5
koffing,black-2-white-2,black-2,smoke-ball,5
koffing,black-2-white-2,white-2,smoke-ball,5
koffing,x-y,x,smoke-ball,5
koffing,x-y,y,smoke-ball,5
koffing,omega-ruby-alpha-sapphire,omega-ruby,smoke-ball,5
koffing,omega-ruby-alpha-sapphire,alpha-sapphire,smoke-ball,5
koffing,sun-moon,sun,smoke-ball,5
koffing,sun-moon,moon,smoke-ball,5
koffing,ultra-sun-ultra-moon,ultra-sun,smoke-ball,5
koffing,ultra-sun-ultra-moon,ultra-moon,smoke-ball,5
weezing,ruby-sapphire,ruby,smoke-ball,5
weezing,ruby-sapphire,sapphire,smoke-ball,5
weezing,emerald,emerald,smoke-ball,5
weezing,diamond-pearl,diamond,smoke-ball,5
weezing,diamond-pearl,pearl,smoke-ball,5
weezing,platinum,platinum,smoke-ball,5
weezing,heartgold-soulsilver,heartgold,smoke-ball,5
weezing,heartgold-soulsilver,soulsilver,smoke-ball,5
weezing,black-white,black,smoke-ball,5
weezing,black-white,white,smoke-ball,5
weezing,black-2-white-2,black-2,smoke-ball,5
weezing,black-2-white-2,white-2,smoke-ball,5
weezing,x-y,x,smoke-ball,5
weezing,x-y,y,smoke-ball,5
weezing,omega-ruby-alpha-sapphire,omega-ruby,smoke-ball,5
weezing,omega-ruby-alpha-sapphire,alpha-sapphire,smoke-ball,5
weezing,sun-moon,sun,smoke-ball,5
weezing,sun-moon,moon,smoke-ball,5
weezing,ultra-sun-ultra-moon,ultra-sun,smoke-ball,5
weezing,ultra-sun-ultra-moon,ultra-moon,smoke-ball,5
chansey,ruby-sapphire,ruby,lucky-egg,5
chansey,ruby-sapphire,sapphire,lucky-egg,5
chansey,emerald,emerald,lucky-egg,5
chansey,firered-leafgreen,firered,lucky-egg,5
chansey,firered-leafgreen,leafgreen,lucky-egg,5
chansey,diamond-pearl,diamond,oval-stone,50
chansey,diamond-pearl,diamond,lucky-egg,5
chansey,diamond-pearl,pearl,oval-stone,50
chansey,diamond-pearl,pearl,lucky-egg,5
chansey,platinum,platinum,oval-stone,50
chansey,platinum,platinum,lucky-egg,5
chansey,heartgold-soulsilver,heartgold,oval-stone,50
chansey,heartgold-soulsilver,heartgold,lucky-egg,5
chansey,heartgold-soulsilver,soulsilver,oval-stone,50
chansey,heartgold-soulsilver,soulsilver,lucky-egg,5
chansey,black-white,black,lucky-egg,5
chansey,black-white,black,lucky-punch,50
chansey,black-white,white,lucky-egg,5
chansey,black-white,white,lucky-punch,50
chansey,black-2-white-2,black-2,lucky-egg,5
chansey,black-2-white-2,black-2,lucky-punch,50
chansey,black-2-white-2,white-2,lucky-egg,5
chansey,black-2-white-2,white-2,lucky-punch,50
chansey,x-y,x,lucky-egg,5
chansey,x-y,x,lucky-punch,50
chansey,x-y,y,lucky-egg,5
chansey,x-y,y,lucky-punch,50
chansey,omega-ruby-alpha-sapphire,omega-ruby,lucky-egg,5
chansey,omega-ruby-alpha-sapphire,omega-ruby,lucky-punch,50
chansey,omega-ruby-alpha-sapphire,alpha-sapphire,lucky-egg,5
chansey,omega-ruby-alpha-sapphire,alpha-sapphire,lucky-punch,50
chansey,sun-moon,sun,lucky-punch,50
chansey,sun-moon,moon,lucky-punch,50
chansey,ultra-sun-ultra-moon,ultra-sun,lucky-punch,50
chansey,ultra-sun-ultra-moon,ultra-moon,lucky-punch,50
horsea,ruby-sapphire,ruby,dragon-scale,5
horsea,ruby-sapphire,sapphire,dragon-scale,5
horsea,emerald,emerald,dragon-scale,5
horsea,diamond-pearl,diamond,dragon-scale,5
horsea,diamond-pearl,pearl,dragon-scale,5
horsea,platinum,platinum,dragon-scale,5
horsea,heartgold-soulsilver,heartgold,dragon-scale,5
horsea,heartgold-soulsilver,soulsilver,dragon-scale,5
horsea,black-white,black,dragon-scale,5
horsea,black-white,white,dragon-scale,5
horsea,black-2-white-2,black-2,dragon-scale,5
horsea,black-2-white-2,white-2,dragon-scale,5
horsea,x-y,x,dragon-scale,5
horsea,x-y,y,dragon-scale,5
horsea,omega-ruby-alpha-sapphire,omega-ruby,dragon-scale,5
horsea,omega-ruby-alpha-sapphire,alpha-sapphire,dragon-scale,5
horsea,sun-moon,sun,dragon-scale,5
horsea,sun-moon,moon,dragon-scale,5
horsea,ultra-sun-ultra-moon,ultra-sun,dragon-scale,5
horsea,ultra-sun-ultra-moon,ultra-moon,dragon-scale,5
seadra,ruby-sapphire,ruby,dragon-scale,5
seadra,ruby-sapphire,sapphire,dragon-scale,5
seadra,emerald,emerald,dragon-scale,5
seadra,diamond-pearl,diamond,dragon-scale,5
seadra,diamond-pearl,pearl,dragon-scale,5
seadra,platinum,platinum,dragon-scale,5
seadra,heartgold-soulsilver,heartgold,dragon-scale,5
seadra,heartgold-soulsilver,soulsilver,dragon-scale,5
seadra,black-white,black,dragon-scale,5
seadra,black-white,white,dragon-scale,5
seadra,black-2-white-2,black-2,dragon-scale,5
seadra,black-2-white-2,white-2,dragon-scale,5
seadra,x-y,x,dragon-scale,5
seadra,x-y,y,dragon-scale,5
seadra,omega-ruby-alpha-sapphire,omega-ruby,dragon-scale,5
seadra,omega-ruby-alpha-sapphire,alpha-sapphire,dragon-scale,5
seadra,sun-moon,sun,dragon-scale,5
seadra,sun-moon,moon,dragon-scale,5
seadra,ultra-sun-ultra-moon,ultra-sun,dragon-scale,5
seadra,ultra-sun-ultra-moon,ultra-moon,dragon-scale,5
goldeen,omega-ruby-alpha-sapphire,omega-ruby,mystic-water,5
goldeen,omega-ruby-alpha-sapphire,alpha-sapphire,mystic-water,5
goldeen,sun-moon,sun,mystic-water,5
goldeen,sun-moon,moon,mystic-water,5
goldeen,ultra-sun-ultra-moon,ultra-sun,mystic-water,5
goldeen,ultra-sun-ultra-moon,ultra-moon,mystic-water,5
seaking,omega-ruby-alpha-sapphire,omega-ruby,mystic-water,5
seaking,omega-ruby-alpha-sapphire,alpha-sapphire,mystic-water,5
seaking,sun-moon,sun,mystic-water,5
seaking,sun-moon,moon,mystic-water,5
seaking,ultra-sun-ultra-moon,ultra-sun,mystic-water,5
seaking,ultra-sun-ultra-moon,ultra-moon,mystic-water,5
staryu,ruby-sapphire,ruby,stardust,50
staryu,ruby-sapphire,ruby,star-piece,5
staryu,ruby-sapphire,sapphire,stardust,50
staryu,ruby-sapphire,sapphire,star-piece,5
staryu,emerald,emerald,stardust,50
staryu,emerald,emerald,star-piece,5
staryu,firered-leafgreen,firered,stardust,50
staryu,firered-leafgreen,firered,star-piece,5
staryu,firered-leafgreen,leafgreen,stardust,50
staryu,firered-leafgreen,leafgreen,star-piece,5
staryu,diamond-pearl,diamond,stardust,50
staryu,diamond-pearl,diamond,star-piece,5
staryu,diamond-pearl,pearl,stardust,50
staryu,diamond-pearl,pearl,star-piece,5
staryu,platinum,platinum,stardust,50
staryu,platinum,platinum,star-piece,5
staryu,heartgold-soulsilver,heartgold,stardust,50
staryu,heartgold-soulsilver,heartgold,star-piece,5
staryu,heartgold-soulsilver,soulsilver,stardust,50
staryu,heartgold-soulsilver,soulsilver,star-piece,5
staryu,black-white,black,stardust,50
staryu,black-white,black,star-piece,5
staryu,black-white,white,stardust,50
staryu,black-white,white,star-piece,5
staryu,black-2-white-2,black-2,stardust,50
staryu,black-2-white-2,black-2,star-piece,5
staryu,black-2-white-2,white-2,stardust,50
staryu,black-2-white-2,white-2,star-piece,5
staryu,x-y,x,stardust,50
staryu,x-y,x,star-piece,5
staryu,x-y,y,stardust,50
staryu,x-y,y,star-piece,5
staryu,omega-ruby-alpha-sapphire,omega-ruby,stardust,50
staryu,omega-ruby-alpha-sapphire,omega-ruby,star-piece,5
staryu,omega-ruby-alpha-sapphire,alpha-sapphire,stardust,50
staryu,omega-ruby-alpha-sapphire,alpha-sapphire,star-piece,5
staryu,sun-moon,sun,stardust,50
staryu,sun-moon,sun,star-piece,5
staryu,sun-moon,moon,stardust,50
staryu,sun-moon,moon,star-piece,5
staryu,ultra-sun-ultra-moon,ultra-sun,stardust,50
staryu,ultra-sun-ultra-moon,ultra-sun,star-piece,5
staryu,ultra-sun-ultra-moon,ultra-moon,stardust,50
staryu,ultra-sun-ultra-moon,ultra-moon,star-piece,5
starmie,ruby-sapphire,ruby,stardust,50
starmie,ruby-sapphire,ruby,star-piece,5
starmie,ruby-sapphire,sapphire,stardust,50
starmie,ruby-sapphire,sapphire,star-piece,5
starmie,emerald,emerald,stardust,50
starmie,emerald,emerald,star-piece,5
starmie,firered-leafgreen,firered,stardust,50
starmie,firered-leafgreen,firered,star-piece,5
starmie,firered-leafgreen,leafgreen,stardust,50
starmie,firered-leafgreen,leafgreen,star-piece,5
starmie,diamond-pearl,diamond,stardust,50
starmie,diamond-pearl,diamond,star-piece,5
starmie,diamond-pearl,pearl,stardust,50
starmie,diamond-pearl,pearl,star-piece,5
starmie,platinum,platinum,stardust,50
starmie,platinum,platinum,star-piece,5
starmie,heartgold-soulsilver,heartgold,stardust,50
starmie,heartgold-soulsilver,heartgold,star-piece,5
starmie,heartgold-soulsilver,soulsilver,stardust,50
starmie,heartgold-soulsilver,soulsilver,star-piece,5
starmie,black-white,black,stardust,50
starmie,black-white,black,star-piece,5
starmie,black-white,white,stardust,50
starmie,black-white,white,star-piece,5
starmie,black-2-white-2,black-2,stardust,50
starmie,black-2-white-2,black-2,star-piece,5
starmie,black-2-white-2,white-2,stardust,50
starmie,black-2-white-2,white-2,star-piece,5
starmie,x-y,x,stardust,50
starmie,x-y,x,star-piece,5
starmie,x-y,y,stardust,50
starmie,x-y,y,star-piece,5
starmie,omega-ruby-alpha-sapphire,omega-ruby,stardust,50
starmie,omega-ruby-alpha-sapphire,omega-ruby,star-piece,5
starmie,omega-ruby-alpha-sapphire,alpha-sapphire,stardust,50
starmie,omega-ruby-alpha-sapphire,alpha-sapphire,star-piece,5
starmie,sun-moon,sun,stardust,50
starmie,sun-moon,sun,star-piece,5
starmie,sun-moon,moon,stardust,50
starmie,sun-moon,moon,star-piece,5
starmie,ultra-sun-ultra-moon,ultra-sun,stardust,50
starmie,ultra-sun-ultra-moon,ultra-sun,star-piece,5
starmie,ultra-sun-ultra-moon,ultra-moon,stardust,50
starmie,ultra-sun-ultra-moon,ultra-moon,star-piece,5
mr-mime,ruby-sapphire,ruby,leppa-berry,5
mr-mime,ruby-sapphire,sapphire,leppa-berry,5
mr-mime,emerald,emerald,leppa-berry,5
mr-mime,diamond-pearl,diamond,leppa-berry,5
mr-mime,diamond-pearl,pearl,leppa-berry,5
mr-mime,platinum,platinum,leppa-berry,5
mr-mime,heartgold-soulsilver,heartgold,leppa-berry,5
mr-mime,heartgold-soulsilver,soulsilver,leppa-berry,5
mr-mime,black-white,black,leppa-berry,5
mr-mime,black-white,white,leppa-berry,5
jynx,ruby-sapphire,ruby,aspear-berry,100
jynx,ruby-sapphire,sapphire,aspear-berry,100
jynx,emerald,emerald,aspear-berry,100
jynx,diamond-pearl,diamond,aspear-berry,100
jynx,diamond-pearl,pearl,aspear-berry,100
jynx,platinum,platinum,aspear-berry,100
jynx,heartgold-soulsilver,heartgold,aspear-berry,100
jynx,heartgold-soulsilver,soulsilver,aspear-berry,100
jynx,black-white,black,aspear-berry,100
jynx,black-white,white,aspear-berry,100
jynx,black-2-white-2,black-2,aspear-berry,100
jynx,black-2-white-2,white-2,aspear-berry,100
electabuzz,diamond-pearl,diamond,electirizer,50
electabuzz,diamond-pearl,pearl,electirizer,5
electabuzz,platinum,platinum,electirizer,50
electabuzz,omega-ruby-alpha-sapphire,omega-ruby,electirizer,5
electabuzz,omega-ruby-alpha-sapphire,alpha-sapphire,electirizer,5
electabuzz,sun-moon,sun,electirizer,5
electabuzz,sun-moon,moon,electirizer,5
electabuzz,ultra-sun-ultra-moon,ultra-sun,electirizer,5
electabuzz,ultra-sun-ultra-moon,ultra-moon,electirizer,5
magmar,ruby-sapphire,ruby,rawst-berry,100
magmar,ruby-sapphire,sapphire,rawst-berry,100
magmar,emerald,emerald,rawst-berry,100
magmar,diamond-pearl,diamond,magmarizer,5
magmar,diamond-pearl,pearl,magmarizer,50
magmar,platinum,platinum,magmarizer,50
magmar,omega-ruby-alpha-sapphire,omega-ruby,magmarizer,5
magmar,omega-ruby-alpha-sapphire,alpha-sapphire,magmarizer,5
magmar,sun-moon,sun,magmarizer,5
magmar,sun-moon,moon,magmarizer,5
magmar,ultra-sun-ultra-moon,ultra-sun,magmarizer,5
magmar,ultra-sun-ultra-moon,ultra-moon,magmarizer,5
lapras,x-y,x,mystic-water,100
lapras,x-y,y,mystic-water,100
lapras,omega-ruby-alpha-sapphire,omega-ruby,mystic-water,100
lapras,omega-ruby-alpha-sapphire,alpha-sapphire,mystic-water,100
lapras,sun-moon,sun,mystic-water,5
lapras,sun-moon,moon,mystic-water,5
lapras,ultra-sun-ultra-moon,ultra-sun,mystic-water,5
lapras,ultra-sun-ultra-moon,ultra-moon,mystic-water,5
ditto,ruby-sapphire,ruby,metal-powder,5
ditto,ruby-sapphire,sapphire,metal-powder,5
ditto,emerald,emerald,metal-powder,5
ditto,firered-leafgreen,firered,metal-powder,5
ditto,firered-leafgreen,leafgreen,metal-powder,5
ditto,diamond-pearl,diamond,metal-powder,5
ditto,diamond-pearl,diamond,quick-powder,50
ditto,diamond-pearl,pearl,metal-powder,5
ditto,diamond-pearl,pearl,quick-powder,50
ditto,platinum,platinum,metal-powder,5
ditto,platinum,platinum,quick-powder,50
ditto,heartgold-soulsilver,heartgold,metal-powder,5
ditto,heartgold-soulsilver,heartgold,quick-powder,50
ditto,heartgold-soulsilver,soulsilver,metal-powder,5
ditto,heartgold-soulsilver,soulsilver,quick-powder,50
ditto,black-white,black,metal-powder,5
ditto,black-white,black,quick-powder,50
ditto,black-white,white,metal-powder,5
ditto,black-white,white,quick-powder,50
ditto,black-2-white-2,black-2,metal-powder,5
ditto,black-2-white-2,black-2,quick-powder,50
ditto,black-2-white-2,white-2,metal-powder,5
ditto,black-2-white-2,white-2,quick-powder,50
ditto,x-y,x,metal-powder,5
ditto,x-y,x,quick-powder,50
ditto,x-y,y,metal-powder,5
ditto,x-y,y,quick-powder,50
ditto,omega-ruby-alpha-sapphire,omega-ruby,metal-powder,5
ditto,omega-ruby-alpha-sapphire,omega-ruby,quick-powder,50
ditto,omega-ruby-alpha-sapphire,alpha-sapphire,metal-powder,5
ditto,omega-ruby-alpha-sapphire,alpha-sapphire,quick-powder,50
ditto,sun-moon,sun,metal-powder,5
ditto,sun-moon,sun,quick-powder,50
ditto,sun-moon,moon,metal-powder,5
ditto,sun-moon,moon,quick-powder,50
ditto,ultra-sun-ultra-moon,ultra-sun,metal-powder,5
ditto,ultra-sun-ultra-moon,ultra-sun,quick-powder,50
ditto,ultra-sun-ultra-moon,ultra-moon,metal-powder,5
ditto,ultra-sun-ultra-moon,ultra-moon,quick-powder,50
snorlax,ruby-sapphire,ruby,leftovers,100
snorlax,ruby-sapphire,sapphire,leftovers,100
snorlax,emerald,emerald,leftovers,100
snorlax,firered-leafgreen,firered,chesto-berry,100
snorlax,firered-leafgreen,leafgreen,chesto-berry,100
snorlax,diamond-pearl,diamond,leftovers,100
snorlax,diamond-pearl,pearl,leftovers,100
snorlax,platinum,platinum,leftovers,100
snorlax,heartgold-soulsilver,heartgold,leftovers,100
snorlax,heartgold-soulsilver,soulsilver,leftovers,100
snorlax,black-white,black,leftovers,100
snorlax,black-white,white,leftovers,100
snorlax,black-2-white-2,black-2,leftovers,100
snorlax,black-2-white-2,white-2,leftovers,100
snorlax,x-y,x,leftovers,100
snorlax,x-y,y,leftovers,100
snorlax,omega-ruby-alpha-sapphire,omega-ruby,leftovers,100
snorlax,omega-ruby-alpha-sapphire,alpha-sapphire,leftovers,100
snorlax,sun-moon,sun,leftovers,5
snorlax,sun-moon,moon,leftovers,5
snorlax,ultra-sun-ultra-moon,ultra-sun,leftovers,5
snorlax,ultra-sun-ultra-moon,ultra-moon,leftovers,5
dratini,ruby-sapphire,ruby,dragon-scale,5
dratini,ruby-sapphire,sapphire,dragon-scale,5
dratini,emerald,emerald,dragon-scale,5
dratini,diamond-pearl,diamond,dragon-scale,5
dratini,diamond-pearl,pearl,dragon-scale,5
dratini,platinum,platinum,dragon-scale,5
dratini,heartgold-soulsilver,heartgold,dragon-scale,5
dratini,heartgold-soulsilver,soulsilver,dragon-scale,5
dratini,black-white,black,dragon-scale,5
dratini,black-white,white,dragon-scale,5
dratini,black-2-white-2,black-2,dragon-scale,5
dratini,black-2-white-2,white-2,dragon-scale,5
dratini,x-y,x,dragon-scale,5
dratini,x-y,y,dragon-scale,5
dratini,omega-ruby-alpha-sapphire,omega-ruby,dragon-scale,5
dratini,omega-ruby-alpha-sapphire,alpha-sapphire,dragon-scale,5
dratini,sun-moon,sun,dragon-scale,5
dratini,sun-moon,moon,dragon-scale,5
dratini,ultra-sun-ultra-moon,ultra-sun,dragon-scale,5
dratini,ultra-sun-ultra-moon,ultra-moon,dragon-scale,5
dragonair,ruby-sapphire,ruby,dragon-scale,5
dragonair,ruby-sapphire,sapphire,dragon-scale,5
dragonair,emerald,emerald,dragon-scale,5
dragonair,firered-leafgreen,firered,dragon-fang,5
dragonair,firered-leafgreen,leafgreen,dragon-fang,5
dragonair,diamond-pearl,diamond,dragon-scale,5
dragonair,diamond-pearl,pearl,dragon-scale,5
dragonair,platinum,platinum,dragon-scale,5
dragonair,heartgold-soulsilver,heartgold,dragon-scale,5
dragonair,heartgold-soulsilver,soulsilver,dragon-scale,5
dragonair,black-white,black,dragon-scale,5
dragonair,black-white,white,dragon-scale,5
dragonair,black-2-white-2,black-2,dragon-scale,5
dragonair,black-2-white-2,white-2,dragon-scale,5
dragonair,x-y,x,dragon-scale,5
dragonair,x-y,y,dragon-scale,5
dragonair,omega-ruby-alpha-sapphire,omega-ruby,dragon-scale,5
dragonair,omega-ruby-alpha-sapphire,alpha-sapphire,dragon-scale,5
dragonair,sun-moon,sun,dragon-scale,5
dragonair,sun-moon,moon,dragon-scale,5
dragonair,ultra-sun-ultra-moon,ultra-sun,dragon-scale,5
dragonair,ultra-sun-ultra-moon,ultra-moon,dragon-scale,5
dragonite,ruby-sapphire,ruby,dragon-scale,5
dragonite,ruby-sapphire,sapphire,dragon-scale,5
dragonite,emerald,emerald,dragon-scale,5
dragonite,firered-leafgreen,firered,dragon-fang,5
dragonite,firered-leafgreen,leafgreen,dragon-fang,5
dragonite,diamond-pearl,diamond,dragon-scale,5
dragonite,diamond-pearl,pearl,dragon-scale,5
dragonite,platinum,platinum,dragon-scale,5
dragonite,heartgold-soulsilver,heartgold,dragon-scale,5
dragonite,heartgold-soulsilver,soulsilver,dragon-scale,5
dragonite,black-white,black,dragon-scale,5
dragonite,black-white,white,dragon-scale,5
dragonite,black-2-white-2,black-2,dragon-scale,5
dragonite,black-2-white-2,white-2,dragon-scale,5
dragonite,x-y,x,dragon-scale,5
dragonite,x-y,y,dragon-scale,5
dragonite,omega-ruby-alpha-sapphire,omega-ruby,dragon-scale,5
dragonite,omega-ruby-alpha-sapphire,alpha-sapphire,dragon-scale,5
dragonite,sun-moon,sun,dragon-scale,5
dragonite,sun-moon,moon,dragon-scale,5
dragonite,ultra-sun-ultra-moon,ultra-sun,dragon-scale,5
dragonite,ultra-sun-ultra-moon,ultra-moon,dragon-scale,5
mew,ruby-sapphire,ruby,lum-berry,100
mew,ruby-sapphire,sapphire,lum-berry,100
mew,emerald,emerald,lum-berry,100
mew,diamond-pearl,diamond,lum-berry,100
mew,diamond-pearl,pearl,lum-berry,100
mew,platinum,platinum,lum-berry,100
mew,heartgold-soulsilver,heartgold,lum-berry,100
mew,heartgold-soulsilver,soulsilver,lum-berry,100
mew,black-white,black,lum-berry,100
mew,black-white,white,lum-berry,100
mew,black-2-white-2,black-2,lum-berry,100
mew,black-2-white-2,white-2,lum-berry,100
mew,x-y,x,lum-berry,100
mew,x-y,y,lum-berry,100
mew,omega-ruby-alpha-sapphire,omega-ruby,lum-berry,100
mew,omega-ruby-alpha-sapphire,alpha-sapphire,lum-berry,100
mew,sun-moon,sun,lum-berry,5
mew,sun-moon,moon,lum-berry,5
mew,ultra-sun-ultra-moon,ultra-sun,lum-berry,5
mew,ultra-sun-ultra-moon,ultra-moon,lum-berry,5
chikorita,firered-leafgreen,firered,lum-berry,100
chikorita,firered-leafgreen,leafgreen,lum-berry,100
sentret,ruby-sapphire,ruby,oran-berry,5
sentret,ruby-sapphire,sapphire,oran-berry,5
sentret,emerald,emerald,oran-berry,5
sentret,firered-leafgreen,firered,oran-berry,5
sentret,firered-leafgreen,leafgreen,oran-berry,5
sentret,diamond-pearl,diamond,oran-berry,5
sentret,diamond-pearl,pearl,oran-berry,5
sentret,platinum,platinum,oran-berry,5
sentret,heartgold-soulsilver,heartgold,oran-berry,5
sentret,heartgold-soulsilver,soulsilver,oran-berry,5
sentret,black-white,black,oran-berry,5
sentret,black-white,white,oran-berry,5
sentret,black-2-white-2,black-2,oran-berry,5
sentret,black-2-white-2,white-2,oran-berry,5
furret,ruby-sapphire,ruby,oran-berry,50
furret,ruby-sapphire,ruby,sitrus-berry,5
furret,ruby-sapphire,sapphire,oran-berry,50
furret,ruby-sapphire,sapphire,sitrus-berry,5
furret,emerald,emerald,oran-berry,50
furret,emerald,emerald,sitrus-berry,5
furret,firered-leafgreen,firered,oran-berry,50
furret,firered-leafgreen,firered,sitrus-berry,5
furret,firered-leafgreen,leafgreen,oran-berry,50
furret,firered-leafgreen,leafgreen,sitrus-berry,5
furret,diamond-pearl,diamond,oran-berry,50
furret,diamond-pearl,diamond,sitrus-berry,5
furret,diamond-pearl,pearl,oran-berry,50
furret,diamond-pearl,pearl,sitrus-berry,5
furret,platinum,platinum,oran-berry,50
furret,platinum,platinum,sitrus-berry,5
furret,heartgold-soulsilver,heartgold,oran-berry,50
furret,heartgold-soulsilver,heartgold,sitrus-berry,5
furret,heartgold-soulsilver,soulsilver,oran-berry,50
furret,heartgold-soulsilver,soulsilver,sitrus-berry,5
furret,black-white,black,oran-berry,50
furret,black-white,black,sitrus-berry,5
furret,black-white,white,oran-berry,50
furret,black-white,white,sitrus-berry,5
furret,black-2-white-2,black-2,oran-berry,50
furret,black-2-white-2,black-2,sitrus-berry,5
furret,black-2-white-2,white-2,oran-berry,50
furret,black-2-white-2,white-2,sitrus-berry,5
chinchou,ruby-sapphire,ruby,yellow-shard,5
chinchou,ruby-sapphire,sapphire,yellow-shard,5
chinchou,emerald,emerald,yellow-shard,5
chinchou,firered-leafgreen,firered,yellow-shard,5
chinchou,firered-leafgreen,leafgreen,yellow-shard,5
chinchou,diamond-pearl,diamond,deep-sea-scale,5
chinchou,diamond-pearl,pearl,deep-sea-scale,5
chinchou,platinum,platinum,deep-sea-scale,5
chinchou,heartgold-soulsilver,heartgold,deep-sea-scale,5
chinchou,heartgold-soulsilver,soulsilver,deep-sea-scale,5
chinchou,black-white,black,deep-sea-scale,5
chinchou,black-white,white,deep-sea-scale,5
chinchou,black-2-white-2,black-2,deep-sea-scale,5
chinchou,black-2-white-2,white-2,deep-sea-scale,5
chinchou,x-y,x,deep-sea-scale,5
chinchou,x-y,y,deep-sea-scale,5
chinchou,omega-ruby-alpha-sapphire,omega-ruby,deep-sea-scale,5
chinchou,omega-ruby-alpha-sapphire,alpha-sapphire,deep-sea-scale,5
chinchou,sun-moon,sun,deep-sea-scale,5
chinchou,sun-moon,moon,deep-sea-scale,5
chinchou,ultra-sun-ultra-moon,ultra-sun,deep-sea-scale,5
chinchou,ultra-sun-ultra-moon,ultra-moon,deep-sea-scale,5
lanturn,ruby-sapphire,ruby,yellow-shard,5
lanturn,ruby-sapphire,sapphire,yellow-shard,5
lanturn,emerald,emerald,yellow-shard,5
lanturn,firered-leafgreen,firered,yellow-shard,5
lanturn,firered-leafgreen,leafgreen,yellow-shard,5
lanturn,diamond-pearl,diamond,deep-sea-scale,5
lanturn,diamond-pearl,pearl,deep-sea-scale,5
lanturn,platinum,platinum,deep-sea-scale,5
lanturn,heartgold-soulsilver,heartgold,deep-sea-scale,5
lanturn,heartgold-soulsilver,soulsilver,deep-sea-scale,5
lanturn,black-white,black,deep-sea-scale,5
lanturn,black-white,white,deep-sea-scale,5
lanturn,black-2-white-2,black-2,deep-sea-scale,5
lanturn,black-2-white-2,white-2,deep-sea-scale,5
lanturn,x-y,x,deep-sea-scale,5
lanturn,x-y,y,deep-sea-scale,5
lanturn,omega-ruby-alpha-sapphire,omega-ruby,deep-sea-scale,5
lanturn,omega-ruby-alpha-sapphire,alpha-sapphire,deep-sea-scale,5
lanturn,sun-moon,sun,deep-sea-scale,5
lanturn,sun-moon,moon,deep-sea-scale,5
lanturn,ultra-sun-ultra-moon,ultra-sun,deep-sea-scale,5
lanturn,ultra-sun-ultra-moon,ultra-moon,deep-sea-scale,5
pichu,ruby-sapphire,ruby,oran-berry,5
pichu,ruby-sapphire,sapphire,oran-berry,5
pichu,emerald,emerald,oran-berry,5
pichu,diamond-pearl,diamond,oran-berry,5
pichu,diamond-pearl,pearl,oran-berry,5
pichu,platinum,platinum,oran-berry,5
pichu,heartgold-soulsilver,heartgold,oran-berry,5
pichu,heartgold-soulsilver,soulsilver,oran-berry,5
pichu,black-white,black,oran-berry,50
pichu,black-white,white,oran-berry,50
cleffa,ruby-sapphire,ruby,moon-stone,5
cleffa,ruby-sapphire,ruby,leppa-berry,50
cleffa,ruby-sapphire,sapphire,moon-stone,5
cleffa,ruby-sapphire,sapphire,leppa-berry,50
cleffa,emerald,emerald,moon-stone,5
cleffa,emerald,emerald,leppa-berry,50
cleffa,firered-leafgreen,firered,moon-stone,5
cleffa,firered-leafgreen,leafgreen,moon-stone,5
cleffa,diamond-pearl,diamond,moon-stone,5
cleffa,diamond-pearl,diamond,leppa-berry,50
cleffa,diamond-pearl,pearl,moon-stone,5
cleffa,diamond-pearl,pearl,leppa-berry,50
cleffa,platinum,platinum,moon-stone,5
cleffa,platinum,platinum,leppa-berry,50
cleffa,heartgold-soulsilver,heartgold,moon-stone,5
cleffa,heartgold-soulsilver,heartgold,leppa-berry,50
cleffa,heartgold-soulsilver,soulsilver,moon-stone,5
cleffa,heartgold-soulsilver,soulsilver,leppa-berry,50
cleffa,black-white,black,moon-stone,5
cleffa,black-white,black,leppa-berry,50
cleffa,black-white,black,comet-shard,1
cleffa,black-white,white,moon-stone,5
cleffa,black-white,white,leppa-berry,50
cleffa,black-white,white,comet-shard,1
cleffa,black-2-white-2,black-2,moon-stone,5
cleffa,black-2-white-2,black-2,leppa-berry,50
cleffa,black-2-white-2,black-2,comet-shard,1
cleffa,black-2-white-2,white-2,moon-stone,5
cleffa,black-2-white-2,white-2,leppa-berry,50
cleffa,black-2-white-2,white-2,comet-shard,1
cleffa,x-y,x,moon-stone,5
cleffa,x-y,y,moon-stone,5
cleffa,omega-ruby-alpha-sapphire,omega-ruby,moon-stone,5
cleffa,omega-ruby-alpha-sapphire,alpha-sapphire,moon-stone,5
cleffa,sun-moon,sun,moon-stone,5
cleffa,sun-moon,moon,moon-stone,5
cleffa,ultra-sun-ultra-moon,ultra-sun,moon-stone,5
cleffa,ultra-sun-ultra-moon,ultra-moon,moon-stone,5
igglybuff,firered-leafgreen,firered,oran-berry,50
igglybuff,firered-leafgreen,leafgreen,oran-berry,50
bellossom,omega-ruby-alpha-sapphire,omega-ruby,absorb-bulb,5
bellossom,omega-ruby-alpha-sapphire,alpha-sapphire,absorb-bulb,5
bellossom,sun-moon,sun,absorb-bulb,5
bellossom,sun-moon,moon,absorb-bulb,5
bellossom,ultra-sun-ultra-moon,ultra-sun,absorb-bulb,5
bellossom,ultra-sun-ultra-moon,ultra-moon,absorb-bulb,5
politoed,ruby-sapphire,ruby,kings-rock,5
politoed,ruby-sapphire,sapphire,kings-rock,5
politoed,emerald,emerald,kings-rock,5
politoed,firered-leafgreen,firered,kings-rock,5
politoed,firered-leafgreen,leafgreen,kings-rock,5
politoed,diamond-pearl,diamond,kings-rock,5
politoed,diamond-pearl,pearl,kings-rock,5
politoed,platinum,platinum,kings-rock,5
politoed,heartgold-soulsilver,heartgold,kings-rock,5
politoed,heartgold-soulsilver,soulsilver,kings-rock,5
politoed,black-white,black,kings-rock,5
politoed,black-white,white,kings-rock,5
politoed,black-2-white-2,black-2,kings-rock,5
politoed,black-2-white-2,white-2,kings-rock,5
politoed,x-y,x,kings-rock,5
politoed,x-y,y,kings-rock,5
politoed,omega-ruby-alpha-sapphire,omega-ruby,kings-rock,5
politoed,omega-ruby-alpha-sapphire,alpha-sapphire,kings-rock,5
politoed,sun-moon,sun,kings-rock,5
politoed,sun-moon,moon,kings-rock,5
politoed,ultra-sun-ultra-moon,ultra-sun,kings-rock,5
politoed,ultra-sun-ultra-moon,ultra-moon,kings-rock,5
sunkern,diamond-pearl,diamond,coba-berry,5
sunkern,diamond-pearl,pearl,coba-berry,5
sunkern,platinum,platinum,coba-berry,5
sunkern,heartgold-soulsilver,heartgold,coba-berry,5
sunkern,heartgold-soulsilver,soulsilver,coba-berry,5
sunkern,black-white,black,coba-berry,5
sunkern,black-white,white,coba-berry,5
yanma,diamond-pearl,diamond,wide-lens,5
yanma,diamond-pearl,pearl,wide-lens,5
yanma,platinum,platinum,wide-lens,5
yanma,heartgold-soulsilver,heartgold,wide-lens,5
yanma,heartgold-soulsilver,soulsilver,wide-lens,5
yanma,black-white,black,wide-lens,5
yanma,black-white,white,wide-lens,5
yanma,black-2-white-2,black-2,wide-lens,5
yanma,black-2-white-2,white-2,wide-lens,5
yanma,x-y,x,wide-lens,5
yanma,x-y,y,wide-lens,5
yanma,omega-ruby-alpha-sapphire,omega-ruby,wide-lens,5
yanma,omega-ruby-alpha-sapphire,alpha-sapphire,wide-lens,5
yanma,sun-moon,sun,wide-lens,5
yanma,sun-moon,moon,wide-lens,5
yanma,ultra-sun-ultra-moon,ultra-sun,wide-lens,5
yanma,ultra-sun-ultra-moon,ultra-moon,wide-lens,5
slowking,ruby-sapphire,ruby,kings-rock,5
slowking,ruby-sapphire,sapphire,kings-rock,5
slowking,emerald,emerald,kings-rock,5
slowking,firered-leafgreen,firered,kings-rock,5
slowking,firered-leafgreen,leafgreen,kings-rock,5
slowking,diamond-pearl,diamond,kings-rock,5
slowking,diamond-pearl,pearl,kings-rock,5
slowking,platinum,platinum,kings-rock,5
slowking,heartgold-soulsilver,heartgold,kings-rock,5
slowking,heartgold-soulsilver,soulsilver,kings-rock,5
slowking,black-white,black,kings-rock,5
slowking,black-white,white,kings-rock,5
slowking,black-2-white-2,black-2,kings-rock,5
slowking,black-2-white-2,white-2,kings-rock,5
slowking,x-y,x,kings-rock,5
slowking,x-y,y,kings-rock,5
slowking,omega-ruby-alpha-sapphire,omega-ruby,kings-rock,5
slowking,omega-ruby-alpha-sapphire,alpha-sapphire,kings-rock,5
slowking,sun-moon,sun,kings-rock,5
slowking,sun-moon,moon,kings-rock,5
slowking,ultra-sun-ultra-moon,ultra-sun,kings-rock,5
slowking,ultra-sun-ultra-moon,ultra-moon,kings-rock,5
misdreavus,ruby-sapphire,ruby,spell-tag,5
misdreavus,ruby-sapphire,sapphire,spell-tag,5
misdreavus,emerald,emerald,spell-tag,5
misdreavus,firered-leafgreen,firered,spell-tag,5
misdreavus,firered-leafgreen,leafgreen,spell-tag,5
girafarig,ruby-sapphire,ruby,persim-berry,5
girafarig,ruby-sapphire,sapphire,persim-berry,5
girafarig,emerald,emerald,persim-berry,5
girafarig,firered-leafgreen,firered,persim-berry,5
girafarig,firered-leafgreen,leafgreen,persim-berry,5
girafarig,diamond-pearl,diamond,persim-berry,5
girafarig,diamond-pearl,pearl,persim-berry,5
girafarig,platinum,platinum,persim-berry,5
girafarig,heartgold-soulsilver,heartgold,persim-berry,5
girafarig,heartgold-soulsilver,soulsilver,persim-berry,5
girafarig,black-white,black,persim-berry,5
girafarig,black-white,white,persim-berry,5
girafarig,black-2-white-2,black-2,persim-berry,5
girafarig,black-2-white-2,white-2,persim-berry,5
steelix,ruby-sapphire,ruby,metal-coat,5
steelix,ruby-sapphire,sapphire,metal-coat,5
steelix,emerald,emerald,metal-coat,5
steelix,firered-leafgreen,firered,metal-coat,5
steelix,firered-leafgreen,leafgreen,metal-coat,5
steelix,diamond-pearl,diamond,metal-coat,5
steelix,diamond-pearl,pearl,metal-coat,5
steelix,platinum,platinum,metal-coat,5
steelix,heartgold-soulsilver,heartgold,metal-coat,5
steelix,heartgold-soulsilver,soulsilver,metal-coat,5
steelix,black-white,black,metal-coat,5
steelix,black-white,white,metal-coat,5
steelix,black-2-white-2,black-2,metal-coat,5
steelix,black-2-white-2,white-2,metal-coat,5
steelix,x-y,x,metal-coat,5
steelix,x-y,y,metal-coat,5
steelix,omega-ruby-alpha-sapphire,omega-ruby,metal-coat,5
steelix,omega-ruby-alpha-sapphire,alpha-sapphire,metal-coat,5
steelix,sun-moon,sun,metal-coat,5
steelix,sun-moon,moon,metal-coat,5
steelix,ultra-sun-ultra-moon,ultra-sun,metal-coat,5
steelix,ultra-sun-ultra-moon,ultra-moon,metal-coat,5
qwilfish,diamond-pearl,diamond,poison-barb,5
qwilfish,diamond-pearl,pearl,poison-barb,5
qwilfish,platinum,platinum,poison-barb,5
qwilfish,heartgold-soulsilver,heartgold,poison-barb,5
qwilfish,heartgold-soulsilver,soulsilver,poison-barb,5
qwilfish,black-white,black,poison-barb,5
qwilfish,black-white,white,poison-barb,5
qwilfish,black-2-white-2,black-2,poison-barb,5
qwilfish,black-2-white-2,white-2,poison-barb,5
qwilfish,x-y,x,poison-barb,5
qwilfish,x-y,y,poison-barb,5
qwilfish,omega-ruby-alpha-sapphire,omega-ruby,poison-barb,5
qwilfish,omega-ruby-alpha-sapphire,alpha-sapphire,poison-barb,5
qwilfish,sun-moon,sun,poison-barb,5
qwilfish,sun-moon,moon,poison-barb,5
qwilfish,ultra-sun-ultra-moon,ultra-sun,poison-barb,5
qwilfish,ultra-sun-ultra-moon,ultra-moon,poison-barb,5
shuckle,ruby-sapphire,ruby,oran-berry,100
shuckle,ruby-sapphire,sapphire,oran-berry,100
shuckle,emerald,emerald,oran-berry,100
shuckle,firered-leafgreen,firered,berry-juice,100
shuckle,firered-leafgreen,leafgreen,berry-juice,100
shuckle,diamond-pearl,diamond,oran-berry,100
shuckle,diamond-pearl,pearl,oran-berry,100
shuckle,platinum,platinum,oran-berry,100
shuckle,heartgold-soulsilver,heartgold,berry-juice,100
shuckle,heartgold-soulsilver,soulsilver,berry-juice,100
shuckle,black-white,black,berry-juice,100
shuckle,black-white,white,berry-juice,100
shuckle,black-2-white-2,black-2,berry-juice,100
shuckle,black-2-white-2,white-2,berry-juice,100
shuckle,x-y,x,berry-juice,100
shuckle,x-y,y,berry-juice,100
shuckle,omega-ruby-alpha-sapphire,omega-ruby,berry-juice,100
shuckle,omega-ruby-alpha-sapphire,alpha-sapphire,berry-juice,100
shuckle,sun-moon,sun,berry-juice,5
shuckle,sun-moon,moon,berry-juice,5
shuckle,ultra-sun-ultra-moon,ultra-sun,berry-juice,5
shuckle,ultra-sun-ultra-moon,ultra-moon,berry-juice,5
sneasel,ruby-sapphire,ruby,quick-claw,5
sneasel,ruby-sapphire,sapphire,quick-claw,5
sneasel,emerald,emerald,quick-claw,5
sneasel,diamond-pearl,diamond,quick-claw,5
sneasel,diamond-pearl,diamond,grip-claw,50
sneasel,diamond-pearl,pearl,quick-claw,5
sneasel,diamond-pearl,pearl,grip-claw,50
sneasel,platinum,platinum,quick-claw,5
sneasel,platinum,platinum,grip-claw,50
sneasel,heartgold-soulsilver,heartgold,quick-claw,5
sneasel,heartgold-soulsilver,heartgold,grip-claw,50
sneasel,heartgold-soulsilver,soulsilver,quick-claw,5
sneasel,heartgold-soulsilver,soulsilver,grip-claw,50
sneasel,black-white,black,quick-claw,5
sneasel,black-white,black,grip-claw,50
sneasel,black-white,white,quick-claw,5
sneasel,black-white,white,grip-claw,50
sneasel,black-2-white-2,black-2,quick-claw,5
sneasel,black-2-white-2,black-2,grip-claw,50
sneasel,black-2-white-2,white-2,quick-claw,5
sneasel,black-2-white-2,white-2,grip-claw,50
sneasel,x-y,x,quick-claw,5
sneasel,x-y,x,grip-claw,50
sneasel,x-y,y,quick-claw,5
sneasel,x-y,y,grip-claw,50
sneasel,omega-ruby-alpha-sapphire,omega-ruby,quick-claw,5
sneasel,omega-ruby-alpha-sapphire,alpha-sapphire,quick-claw,5
sneasel,sun-moon,sun,quick-claw,5
sneasel,sun-moon,moon,quick-claw,5
sneasel,ultra-sun-ultra-moon,ultra-sun,quick-claw,5
sneasel,ultra-sun-ultra-moon,ultra-moon,quick-claw,5
teddiursa,firered-leafgreen,firered,oran-berry,50
teddiursa,firered-leafgreen,firered,sitrus-berry,5
teddiursa,firered-leafgreen,leafgreen,oran-berry,50
teddiursa,firered-leafgreen,leafgreen,sitrus-berry,5
ursaring,firered-leafgreen,firered,oran-berry,50
ursaring,firered-leafgreen,firered,sitrus-berry,5
ursaring,firered-leafgreen,leafgreen,oran-berry,50
ursaring,firered-leafgreen,leafgreen,sitrus-berry,5
swinub,firered-leafgreen,firered,aspear-berry,50
swinub,firered-leafgreen,leafgreen,aspear-berry,50
piloswine,firered-leafgreen,firered,aspear-berry,50
piloswine,firered-leafgreen,firered,never-melt-ice,5
piloswine,firered-leafgreen,leafgreen,aspear-berry,50
piloswine,firered-leafgreen,leafgreen,never-melt-ice,5
corsola,ruby-sapphire,ruby,red-shard,5
corsola,ruby-sapphire,sapphire,red-shard,5
corsola,emerald,emerald,red-shard,5
corsola,firered-leafgreen,firered,red-shard,5
corsola,firered-leafgreen,leafgreen,red-shard,5
corsola,diamond-pearl,diamond,hard-stone,5
corsola,diamond-pearl,pearl,hard-stone,5
corsola,platinum,platinum,hard-stone,5
corsola,heartgold-soulsilver,heartgold,hard-stone,5
corsola,heartgold-soulsilver,soulsilver,hard-stone,5
corsola,black-white,black,hard-stone,5
corsola,black-white,white,hard-stone,5
corsola,black-2-white-2,black-2,hard-stone,5
corsola,black-2-white-2,white-2,hard-stone,5
corsola,x-y,x,hard-stone,5
corsola,x-y,y,hard-stone,5
corsola,omega-ruby-alpha-sapphire,omega-ruby,luminous-moss,5
corsola,omega-ruby-alpha-sapphire,alpha-sapphire,luminous-moss,5
corsola,sun-moon,sun,luminous-moss,5
corsola,sun-moon,moon,luminous-moss,5
corsola,ultra-sun-ultra-moon,ultra-sun,luminous-moss,5
corsola,ultra-sun-ultra-moon,ultra-moon,luminous-moss,5
skarmory,firered-leafgreen,firered,sharp-beak,5
skarmory,firered-leafgreen,leafgreen,sharp-beak,5
skarmory,omega-ruby-alpha-sapphire,omega-ruby,metal-coat,5
skarmory,omega-ruby-alpha-sapphire,alpha-sapphire,metal-coat,5
skarmory,sun-moon,sun,metal-coat,5
skarmory,sun-moon,moon,metal-coat,5
skarmory,ultra-sun-ultra-moon,ultra-sun,metal-coat,5
skarmory,ultra-sun-ultra-moon,ultra-moon,metal-coat,5
kingdra,ruby-sapphire,ruby,dragon-scale,5
kingdra,ruby-sapphire,sapphire,dragon-scale,5
kingdra,emerald,emerald,dragon-scale,5
kingdra,firered-leafgreen,firered,dragon-scale,5
kingdra,firered-leafgreen,leafgreen,dragon-scale,5
kingdra,diamond-pearl,diamond,dragon-scale,5
kingdra,diamond-pearl,pearl,dragon-scale,5
kingdra,platinum,platinum,dragon-scale,5
kingdra,heartgold-soulsilver,heartgold,dragon-scale,5
kingdra,heartgold-soulsilver,soulsilver,dragon-scale,5
kingdra,black-white,black,dragon-scale,5
kingdra,black-white,white,dragon-scale,5
kingdra,black-2-white-2,black-2,dragon-scale,5
kingdra,black-2-white-2,white-2,dragon-scale,5
kingdra,x-y,x,dragon-scale,5
kingdra,x-y,y,dragon-scale,5
kingdra,omega-ruby-alpha-sapphire,omega-ruby,dragon-scale,5
kingdra,omega-ruby-alpha-sapphire,alpha-sapphire,dragon-scale,5
kingdra,sun-moon,sun,dragon-scale,5
kingdra,sun-moon,moon,dragon-scale,5
kingdra,ultra-sun-ultra-moon,ultra-sun,dragon-scale,5
kingdra,ultra-sun-ultra-moon,ultra-moon,dragon-scale,5
phanpy,diamond-pearl,diamond,passho-berry,5
phanpy,diamond-pearl,pearl,passho-berry,5
phanpy,platinum,platinum,passho-berry,5
phanpy,heartgold-soulsilver,heartgold,passho-berry,5
phanpy,heartgold-soulsilver,soulsilver,passho-berry,5
phanpy,black-white,black,passho-berry,5
phanpy,black-white,white,passho-berry,5
phanpy,black-2-white-2,black-2,passho-berry,5
phanpy,black-2-white-2,white-2,passho-berry,5
donphan,diamond-pearl,diamond,passho-berry,5
donphan,diamond-pearl,pearl,passho-berry,5
donphan,platinum,platinum,passho-berry,5
donphan,heartgold-soulsilver,heartgold,passho-berry,5
donphan,heartgold-soulsilver,soulsilver,passho-berry,5
donphan,black-white,black,passho-berry,5
donphan,black-white,white,passho-berry,5
donphan,black-2-white-2,black-2,passho-berry,5
donphan,black-2-white-2,white-2,passho-berry,5
porygon2,firered-leafgreen,firered,up-grade,100
porygon2,firered-leafgreen,leafgreen,up-grade,100
smoochum,ruby-sapphire,ruby,aspear-berry,100
smoochum,ruby-sapphire,sapphire,aspear-berry,100
smoochum,emerald,emerald,aspear-berry,100
smoochum,diamond-pearl,diamond,aspear-berry,100
smoochum,diamond-pearl,pearl,aspear-berry,100
smoochum,platinum,platinum,aspear-berry,100
smoochum,heartgold-soulsilver,heartgold,aspear-berry,100
smoochum,heartgold-soulsilver,soulsilver,aspear-berry,100
smoochum,black-white,black,aspear-berry,100
smoochum,black-white,white,aspear-berry,100
smoochum,black-2-white-2,black-2,aspear-berry,100
smoochum,black-2-white-2,white-2,aspear-berry,100
elekid,diamond-pearl,diamond,electirizer,50
elekid,diamond-pearl,pearl,electirizer,5
elekid,platinum,platinum,electirizer,50
elekid,omega-ruby-alpha-sapphire,omega-ruby,electirizer,5
elekid,omega-ruby-alpha-sapphire,alpha-sapphire,electirizer,5
elekid,sun-moon,sun,electirizer,5
elekid,sun-moon,moon,electirizer,5
elekid,ultra-sun-ultra-moon,ultra-sun,electirizer,5
elekid,ultra-sun-ultra-moon,ultra-moon,electirizer,5
magby,ruby-sapphire,ruby,rawst-berry,100
magby,ruby-sapphire,sapphire,rawst-berry,100
magby,emerald,emerald,rawst-berry,100
magby,diamond-pearl,diamond,magmarizer,5
magby,diamond-pearl,pearl,magmarizer,50
magby,platinum,platinum,magmarizer,50
magby,omega-ruby-alpha-sapphire,omega-ruby,magmarizer,5
magby,omega-ruby-alpha-sapphire,alpha-sapphire,magmarizer,5
magby,sun-moon,sun,magmarizer,5
magby,sun-moon,moon,magmarizer,5
magby,ultra-sun-ultra-moon,ultra-sun,magmarizer,5
magby,ultra-sun-ultra-moon,ultra-moon,magmarizer,5
miltank,ruby-sapphire,ruby,moomoo-milk,100
miltank,ruby-sapphire,sapphire,moomoo-milk,100
miltank,emerald,emerald,moomoo-milk,100
miltank,firered-leafgreen,firered,moomoo-milk,100
miltank,firered-leafgreen,leafgreen,moomoo-milk,100
miltank,diamond-pearl,diamond,moomoo-milk,100
miltank,diamond-pearl,pearl,moomoo-milk,100
miltank,platinum,platinum,moomoo-milk,100
miltank,heartgold-soulsilver,heartgold,moomoo-milk,100
miltank,heartgold-soulsilver,soulsilver,moomoo-milk,100
miltank,black-white,black,moomoo-milk,100
miltank,black-white,white,moomoo-milk,100
miltank,black-2-white-2,black-2,moomoo-milk,100
miltank,black-2-white-2,white-2,moomoo-milk,100
miltank,x-y,x,moomoo-milk,100
miltank,x-y,y,moomoo-milk,100
miltank,omega-ruby-alpha-sapphire,omega-ruby,moomoo-milk,100
miltank,omega-ruby-alpha-sapphire,alpha-sapphire,moomoo-milk,100
miltank,sun-moon,sun,moomoo-milk,5
miltank,sun-moon,moon,moomoo-milk,5
miltank,ultra-sun-ultra-moon,ultra-sun,moomoo-milk,5
miltank,ultra-sun-ultra-moon,ultra-moon,moomoo-milk,5
blissey,ruby-sapphire,ruby,lucky-egg,5
blissey,ruby-sapphire,sapphire,lucky-egg,5
blissey,emerald,emerald,lucky-egg,5
blissey,firered-leafgreen,firered,lucky-egg,5
blissey,firered-leafgreen,leafgreen,lucky-egg,5
blissey,diamond-pearl,diamond,oval-stone,50
blissey,diamond-pearl,diamond,lucky-egg,5
blissey,diamond-pearl,pearl,oval-stone,50
blissey,diamond-pearl,pearl,lucky-egg,5
blissey,platinum,platinum,oval-stone,50
blissey,platinum,platinum,lucky-egg,5
blissey,heartgold-soulsilver,heartgold,oval-stone,50
blissey,heartgold-soulsilver,heartgold,lucky-egg,5
blissey,heartgold-soulsilver,soulsilver,oval-stone,50
blissey,heartgold-soulsilver,soulsilver,lucky-egg,5
blissey,black-white,black,lucky-egg,100
blissey,black-white,white,lucky-egg,100
blissey,black-2-white-2,black-2,lucky-egg,100
blissey,black-2-white-2,white-2,lucky-egg,100
blissey,x-y,x,lucky-egg,100
blissey,x-y,y,lucky-egg,100
blissey,omega-ruby-alpha-sapphire,omega-ruby,lucky-egg,100
blissey,omega-ruby-alpha-sapphire,alpha-sapphire,lucky-egg,100
blissey,ultra-sun-ultra-moon,ultra-sun,lucky-egg,5
blissey,ultra-sun-ultra-moon,ultra-moon,lucky-egg,5
ho-oh,ruby-sapphire,ruby,sacred-ash,100
ho-oh,ruby-sapphire,sapphire,sacred-ash,100
ho-oh,emerald,emerald,sacred-ash,100
ho-oh,diamond-pearl,diamond,sacred-ash,100
ho-oh,diamond-pearl,pearl,sacred-ash,100
ho-oh,platinum,platinum,sacred-ash,100
ho-oh,heartgold-soulsilver,heartgold,sacred-ash,100
ho-oh,heartgold-soulsilver,soulsilver,sacred-ash,100
ho-oh,black-white,black,sacred-ash,100
ho-oh,black-white,white,sacred-ash,100
ho-oh,black-2-white-2,black-2,sacred-ash,100
ho-oh,black-2-white-2,white-2,sacred-ash,100
ho-oh,x-y,x,sacred-ash,100
ho-oh,x-y,y,sacred-ash,100
ho-oh,omega-ruby-alpha-sapphire,omega-ruby,sacred-ash,100
ho-oh,omega-ruby-alpha-sapphire,alpha-sapphire,sacred-ash,100
ho-oh,sun-moon,sun,sacred-ash,5
ho-oh,sun-moon,moon,sacred-ash,5
ho-oh,ultra-sun-ultra-moon,ultra-sun,sacred-ash,5
ho-oh,ultra-sun-ultra-moon,ultra-moon,sacred-ash,5
celebi,ruby-sapphire,ruby,lum-berry,100
celebi,ruby-sapphire,sapphire,lum-berry,100
celebi,emerald,emerald,lum-berry,100
celebi,firered-leafgreen,firered,lum-berry,100
celebi,firered-leafgreen,leafgreen,lum-berry,100
celebi,diamond-pearl,diamond,lum-berry,100
celebi,diamond-pearl,pearl,lum-berry,100
celebi,platinum,platinum,lum-berry,100
celebi,heartgold-soulsilver,heartgold,lum-berry,100
celebi,heartgold-soulsilver,soulsilver,lum-berry,100
celebi,black-white,black,lum-berry,100
celebi,black-white,white,lum-berry,100
celebi,black-2-white-2,black-2,lum-berry,100
celebi,black-2-white-2,white-2,lum-berry,100
celebi,x-y,x,lum-berry,100
celebi,x-y,y,lum-berry,100
celebi,omega-ruby-alpha-sapphire,omega-ruby,lum-berry,100
celebi,omega-ruby-alpha-sapphire,alpha-sapphire,lum-berry,100
celebi,sun-moon,sun,lum-berry,5
celebi,sun-moon,moon,lum-berry,5
celebi,ultra-sun-ultra-moon,ultra-sun,lum-berry,5
celebi,ultra-sun-ultra-moon,ultra-moon,lum-berry,5
poochyena,ruby-sapphire,ruby,pecha-berry,5
poochyena,ruby-sapphire,sapphire,pecha-berry,5
poochyena,emerald,emerald,pecha-berry,5
poochyena,firered-leafgreen,firered,pecha-berry,5
poochyena,firered-leafgreen,leafgreen,pecha-berry,5
poochyena,diamond-pearl,diamond,pecha-berry,5
poochyena,diamond-pearl,pearl,pecha-berry,5
poochyena,platinum,platinum,pecha-berry,5
poochyena,heartgold-soulsilver,heartgold,pecha-berry,5
poochyena,heartgold-soulsilver,soulsilver,pecha-berry,5
poochyena,black-white,black,pecha-berry,5
poochyena,black-white,white,pecha-berry,5
poochyena,black-2-white-2,black-2,pecha-berry,5
poochyena,black-2-white-2,white-2,pecha-berry,5
mightyena,ruby-sapphire,ruby,pecha-berry,5
mightyena,ruby-sapphire,sapphire,pecha-berry,5
mightyena,emerald,emerald,pecha-berry,5
mightyena,firered-leafgreen,firered,pecha-berry,5
mightyena,firered-leafgreen,leafgreen,pecha-berry,5
mightyena,diamond-pearl,diamond,pecha-berry,5
mightyena,diamond-pearl,pearl,pecha-berry,5
mightyena,platinum,platinum,pecha-berry,5
mightyena,heartgold-soulsilver,heartgold,pecha-berry,5
mightyena,heartgold-soulsilver,soulsilver,pecha-berry,5
mightyena,black-white,black,pecha-berry,5
mightyena,black-white,white,pecha-berry,5
mightyena,black-2-white-2,black-2,pecha-berry,5
mightyena,black-2-white-2,white-2,pecha-berry,5
zigzagoon,ruby-sapphire,ruby,oran-berry,5
zigzagoon,ruby-sapphire,sapphire,oran-berry,5
zigzagoon,emerald,emerald,oran-berry,5
zigzagoon,firered-leafgreen,firered,oran-berry,5
zigzagoon,firered-leafgreen,leafgreen,oran-berry,5
zigzagoon,diamond-pearl,diamond,oran-berry,5
zigzagoon,diamond-pearl,pearl,oran-berry,5
zigzagoon,platinum,platinum,oran-berry,5
zigzagoon,heartgold-soulsilver,heartgold,oran-berry,5
zigzagoon,heartgold-soulsilver,soulsilver,oran-berry,5
zigzagoon,black-white,black,oran-berry,5
zigzagoon,black-white,white,oran-berry,5
zigzagoon,black-2-white-2,black-2,oran-berry,5
zigzagoon,black-2-white-2,white-2,oran-berry,5
zigzagoon,omega-ruby-alpha-sapphire,omega-ruby,potion,50
zigzagoon,omega-ruby-alpha-sapphire,omega-ruby,revive,5
zigzagoon,omega-ruby-alpha-sapphire,alpha-sapphire,potion,50
zigzagoon,omega-ruby-alpha-sapphire,alpha-sapphire,revive,5
zigzagoon,sun-moon,sun,potion,50
zigzagoon,sun-moon,sun,revive,5
zigzagoon,sun-moon,moon,potion,50
zigzagoon,sun-moon,moon,revive,5
zigzagoon,ultra-sun-ultra-moon,ultra-sun,potion,50
zigzagoon,ultra-sun-ultra-moon,ultra-sun,revive,5
zigzagoon,ultra-sun-ultra-moon,ultra-moon,potion,50
zigzagoon,ultra-sun-ultra-moon,ultra-moon,revive,5
linoone,ruby-sapphire,ruby,oran-berry,50
linoone,ruby-sapphire,ruby,sitrus-berry,5
linoone,ruby-sapphire,sapphire,oran-berry,50
linoone,ruby-sapphire,sapphire,sitrus-berry,5
linoone,emerald,emerald,oran-berry,50
linoone,emerald,emerald,sitrus-berry,5
linoone,firered-leafgreen,firered,oran-berry,50
linoone,firered-leafgreen,firered,sitrus-berry,5
linoone,firered-leafgreen,leafgreen,oran-berry,50
linoone,firered-leafgreen,leafgreen,sitrus-berry,5
linoone,diamond-pearl,diamond,oran-berry,50
linoone,diamond-pearl,diamond,sitrus-berry,5
linoone,diamond-pearl,pearl,oran-berry,50
linoone,diamond-pearl,pearl,sitrus-berry,5
linoone,platinum,platinum,oran-berry,50
linoone,platinum,platinum,sitrus-berry,5
linoone,heartgold-soulsilver,heartgold,oran-berry,50
linoone,heartgold-soulsilver,heartgold,sitrus-berry,5
linoone,heartgold-soulsilver,soulsilver,oran-berry,50
linoone,heartgold-soulsilver,soulsilver,sitrus-berry,5
linoone,black-white,black,oran-berry,50
linoone,black-white,black,sitrus-berry,5
linoone,black-white,white,oran-berry,50
linoone,black-white,white,sitrus-berry,5
linoone,black-2-white-2,black-2,oran-berry,50
linoone,black-2-white-2,black-2,sitrus-berry,5
linoone,black-2-white-2,white-2,oran-berry,50
linoone,black-2-white-2,white-2,sitrus-berry,5
linoone,omega-ruby-alpha-sapphire,omega-ruby,potion,50
linoone,omega-ruby-alpha-sapphire,omega-ruby,max-revive,5
linoone,omega-ruby-alpha-sapphire,alpha-sapphire,potion,50
linoone,omega-ruby-alpha-sapphire,alpha-sapphire,max-revive,5
linoone,sun-moon,sun,potion,50
linoone,sun-moon,sun,max-revive,5
linoone,sun-moon,moon,potion,50
linoone,sun-moon,moon,max-revive,5
linoone,ultra-sun-ultra-moon,ultra-sun,potion,50
linoone,ultra-sun-ultra-moon,ultra-sun,max-revive,5
linoone,ultra-sun-ultra-moon,ultra-moon,potion,50
linoone,ultra-sun-ultra-moon,ultra-moon,max-revive,5
wurmple,omega-ruby-alpha-sapphire,omega-ruby,pecha-berry,50
wurmple,omega-ruby-alpha-sapphire,omega-ruby,bright-powder,5
wurmple,omega-ruby-alpha-sapphire,alpha-sapphire,pecha-berry,50
wurmple,omega-ruby-alpha-sapphire,alpha-sapphire,bright-powder,5
wurmple,sun-moon,sun,pecha-berry,50
wurmple,sun-moon,sun,bright-powder,5
wurmple,sun-moon,moon,pecha-berry,50
wurmple,sun-moon,moon,bright-powder,5
wurmple,ultra-sun-ultra-moon,ultra-sun,pecha-berry,50
wurmple,ultra-sun-ultra-moon,ultra-sun,bright-powder,5
wurmple,ultra-sun-ultra-moon,ultra-moon,pecha-berry,50
wurmple,ultra-sun-ultra-moon,ultra-moon,bright-powder,5
beautifly,ruby-sapphire,ruby,silver-powder,5
beautifly,ruby-sapphire,sapphire,silver-powder,5
beautifly,emerald,emerald,silver-powder,5
beautifly,firered-leafgreen,firered,silver-powder,5
beautifly,firered-leafgreen,leafgreen,silver-powder,5
beautifly,diamond-pearl,diamond,shed-shell,5
beautifly,diamond-pearl,pearl,shed-shell,5
beautifly,platinum,platinum,shed-shell,5
beautifly,heartgold-soulsilver,heartgold,shed-shell,5
beautifly,heartgold-soulsilver,soulsilver,shed-shell,5
beautifly,black-white,black,shed-shell,5
beautifly,black-white,white,shed-shell,5
beautifly,black-2-white-2,black-2,shed-shell,5
beautifly,black-2-white-2,white-2,shed-shell,5
beautifly,x-y,x,shed-shell,5
beautifly,x-y,y,shed-shell,5
beautifly,omega-ruby-alpha-sapphire,omega-ruby,shed-shell,5
beautifly,omega-ruby-alpha-sapphire,alpha-sapphire,shed-shell,5
beautifly,sun-moon,sun,shed-shell,5
beautifly,sun-moon,moon,shed-shell,5
beautifly,ultra-sun-ultra-moon,ultra-sun,shed-shell,5
beautifly,ultra-sun-ultra-moon,ultra-moon,shed-shell,5
dustox,ruby-sapphire,ruby,silver-powder,5
dustox,ruby-sapphire,sapphire,silver-powder,5
dustox,emerald,emerald,silver-powder,5
dustox,firered-leafgreen,firered,silver-powder,5
dustox,firered-leafgreen,leafgreen,silver-powder,5
dustox,diamond-pearl,diamond,shed-shell,5
dustox,diamond-pearl,pearl,shed-shell,5
dustox,platinum,platinum,shed-shell,5
dustox,heartgold-soulsilver,heartgold,shed-shell,5
dustox,heartgold-soulsilver,soulsilver,shed-shell,5
dustox,black-white,black,shed-shell,5
dustox,black-white,white,shed-shell,5
dustox,black-2-white-2,black-2,shed-shell,5
dustox,black-2-white-2,white-2,shed-shell,5
dustox,x-y,x,shed-shell,5
dustox,x-y,y,shed-shell,5
dustox,omega-ruby-alpha-sapphire,omega-ruby,shed-shell,5
dustox,omega-ruby-alpha-sapphire,alpha-sapphire,shed-shell,5
dustox,sun-moon,sun,shed-shell,5
dustox,sun-moon,moon,shed-shell,5
dustox,ultra-sun-ultra-moon,ultra-sun,shed-shell,5
dustox,ultra-sun-ultra-moon,ultra-moon,shed-shell,5
lotad,omega-ruby-alpha-sapphire,omega-ruby,mental-herb,5
lotad,omega-ruby-alpha-sapphire,alpha-sapphire,mental-herb,5
lotad,sun-moon,sun,mental-herb,5
lotad,sun-moon,moon,mental-herb,5
lotad,ultra-sun-ultra-moon,ultra-sun,mental-herb,5
lotad,ultra-sun-ultra-moon,ultra-moon,mental-herb,5
lombre,omega-ruby-alpha-sapphire,omega-ruby,mental-herb,5
lombre,omega-ruby-alpha-sapphire,alpha-sapphire,mental-herb,5
lombre,sun-moon,sun,mental-herb,5
lombre,sun-moon,moon,mental-herb,5
lombre,ultra-sun-ultra-moon,ultra-sun,mental-herb,5
lombre,ultra-sun-ultra-moon,ultra-moon,mental-herb,5
ludicolo,omega-ruby-alpha-sapphire,omega-ruby,mental-herb,5
ludicolo,omega-ruby-alpha-sapphire,alpha-sapphire,mental-herb,5
ludicolo,sun-moon,sun,mental-herb,5
ludicolo,sun-moon,moon,mental-herb,5
ludicolo,ultra-sun-ultra-moon,ultra-sun,mental-herb,5
ludicolo,ultra-sun-ultra-moon,ultra-moon,mental-herb,5
seedot,omega-ruby-alpha-sapphire,omega-ruby,power-herb,5
seedot,omega-ruby-alpha-sapphire,alpha-sapphire,power-herb,5
seedot,sun-moon,sun,power-herb,5
seedot,sun-moon,moon,power-herb,5
seedot,ultra-sun-ultra-moon,ultra-sun,power-herb,5
seedot,ultra-sun-ultra-moon,ultra-moon,power-herb,5
nuzleaf,omega-ruby-alpha-sapphire,omega-ruby,power-herb,5
nuzleaf,omega-ruby-alpha-sapphire,alpha-sapphire,power-herb,5
nuzleaf,sun-moon,sun,power-herb,5
nuzleaf,sun-moon,moon,power-herb,5
nuzleaf,ultra-sun-ultra-moon,ultra-sun,power-herb,5
nuzleaf,ultra-sun-ultra-moon,ultra-moon,power-herb,5
shiftry,omega-ruby-alpha-sapphire,omega-ruby,power-herb,5
shiftry,omega-ruby-alpha-sapphire,alpha-sapphire,power-herb,5
shiftry,sun-moon,sun,power-herb,5
shiftry,sun-moon,moon,power-herb,5
shiftry,ultra-sun-ultra-moon,ultra-sun,power-herb,5
shiftry,ultra-sun-ultra-moon,ultra-moon,power-herb,5
taillow,diamond-pearl,diamond,charti-berry,5
taillow,diamond-pearl,pearl,charti-berry,5
taillow,platinum,platinum,charti-berry,5
taillow,heartgold-soulsilver,heartgold,charti-berry,5
taillow,heartgold-soulsilver,soulsilver,charti-berry,5
taillow,black-white,black,charti-berry,5
taillow,black-white,white,charti-berry,5
taillow,black-2-white-2,black-2,charti-berry,5
taillow,black-2-white-2,white-2,charti-berry,5
swellow,diamond-pearl,diamond,charti-berry,5
swellow,diamond-pearl,pearl,charti-berry,5
swellow,platinum,platinum,charti-berry,5
swellow,heartgold-soulsilver,heartgold,charti-berry,5
swellow,heartgold-soulsilver,soulsilver,charti-berry,5
swellow,black-white,black,charti-berry,5
swellow,black-white,white,charti-berry,5
swellow,black-2-white-2,black-2,charti-berry,5
swellow,black-2-white-2,white-2,charti-berry,5
wingull,omega-ruby-alpha-sapphire,omega-ruby,pretty-wing,50
wingull,omega-ruby-alpha-sapphire,alpha-sapphire,pretty-wing,50
wingull,sun-moon,sun,pretty-wing,50
wingull,sun-moon,moon,pretty-wing,50
wingull,ultra-sun-ultra-moon,ultra-sun,pretty-wing,50
wingull,ultra-sun-ultra-moon,ultra-moon,pretty-wing,50
pelipper,omega-ruby-alpha-sapphire,omega-ruby,lucky-egg,5
pelipper,omega-ruby-alpha-sapphire,omega-ruby,pretty-wing,50
pelipper,omega-ruby-alpha-sapphire,alpha-sapphire,lucky-egg,5
pelipper,omega-ruby-alpha-sapphire,alpha-sapphire,pretty-wing,50
pelipper,sun-moon,sun,pretty-wing,50
pelipper,sun-moon,moon,pretty-wing,50
pelipper,ultra-sun-ultra-moon,ultra-sun,pretty-wing,50
pelipper,ultra-sun-ultra-moon,ultra-moon,pretty-wing,50
surskit,omega-ruby-alpha-sapphire,omega-ruby,honey,50
surskit,omega-ruby-alpha-sapphire,alpha-sapphire,honey,50
surskit,sun-moon,sun,honey,50
surskit,sun-moon,moon,honey,50
surskit,ultra-sun-ultra-moon,ultra-sun,honey,50
surskit,ultra-sun-ultra-moon,ultra-moon,honey,50
masquerain,ruby-sapphire,ruby,silver-powder,5
masquerain,ruby-sapphire,sapphire,silver-powder,5
masquerain,emerald,emerald,silver-powder,5
masquerain,firered-leafgreen,firered,silver-powder,5
masquerain,firered-leafgreen,leafgreen,silver-powder,5
masquerain,diamond-pearl,diamond,silver-powder,5
masquerain,diamond-pearl,pearl,silver-powder,5
masquerain,platinum,platinum,silver-powder,5
masquerain,heartgold-soulsilver,heartgold,silver-powder,5
masquerain,heartgold-soulsilver,soulsilver,silver-powder,5
masquerain,black-white,black,silver-powder,5
masquerain,black-white,white,silver-powder,5
masquerain,black-2-white-2,black-2,silver-powder,5
masquerain,black-2-white-2,white-2,silver-powder,5
masquerain,x-y,x,silver-powder,5
masquerain,x-y,y,silver-powder,5
masquerain,omega-ruby-alpha-sapphire,omega-ruby,silver-powder,5
masquerain,omega-ruby-alpha-sapphire,alpha-sapphire,silver-powder,5
masquerain,sun-moon,sun,silver-powder,5
masquerain,sun-moon,moon,silver-powder,5
masquerain,ultra-sun-ultra-moon,ultra-sun,silver-powder,5
masquerain,ultra-sun-ultra-moon,ultra-moon,silver-powder,5
shroomish,diamond-pearl,diamond,kebia-berry,5
shroomish,diamond-pearl,pearl,kebia-berry,5
shroomish,platinum,platinum,kebia-berry,5
shroomish,heartgold-soulsilver,heartgold,kebia-berry,5
shroomish,heartgold-soulsilver,soulsilver,kebia-berry,5
shroomish,black-white,black,kebia-berry,5
shroomish,black-white,white,kebia-berry,5
shroomish,black-2-white-2,black-2,kebia-berry,5
shroomish,black-2-white-2,white-2,kebia-berry,5
shroomish,omega-ruby-alpha-sapphire,omega-ruby,tiny-mushroom,50
shroomish,omega-ruby-alpha-sapphire,omega-ruby,big-mushroom,5
shroomish,omega-ruby-alpha-sapphire,alpha-sapphire,tiny-mushroom,50
shroomish,omega-ruby-alpha-sapphire,alpha-sapphire,big-mushroom,5
shroomish,sun-moon,sun,tiny-mushroom,50
shroomish,sun-moon,sun,big-mushroom,5
shroomish,sun-moon,moon,tiny-mushroom,50
shroomish,sun-moon,moon,big-mushroom,5
shroomish,ultra-sun-ultra-moon,ultra-sun,tiny-mushroom,50
shroomish,ultra-sun-ultra-moon,ultra-sun,big-mushroom,5
shroomish,ultra-sun-ultra-moon,ultra-moon,tiny-mushroom,50
shroomish,ultra-sun-ultra-moon,ultra-moon,big-mushroom,5
breloom,diamond-pearl,diamond,kebia-berry,5
breloom,diamond-pearl,pearl,kebia-berry,5
breloom,platinum,platinum,kebia-berry,5
breloom,heartgold-soulsilver,heartgold,kebia-berry,5
breloom,heartgold-soulsilver,soulsilver,kebia-berry,5
breloom,black-white,black,kebia-berry,5
breloom,black-white,white,kebia-berry,5
breloom,black-2-white-2,black-2,kebia-berry,5
breloom,black-2-white-2,white-2,kebia-berry,5
breloom,omega-ruby-alpha-sapphire,omega-ruby,tiny-mushroom,50
breloom,omega-ruby-alpha-sapphire,omega-ruby,big-mushroom,5
breloom,omega-ruby-alpha-sapphire,alpha-sapphire,tiny-mushroom,50
breloom,omega-ruby-alpha-sapphire,alpha-sapphire,big-mushroom,5
breloom,sun-moon,sun,tiny-mushroom,50
breloom,sun-moon,sun,big-mushroom,5
breloom,sun-moon,moon,tiny-mushroom,50
breloom,sun-moon,moon,big-mushroom,5
breloom,ultra-sun-ultra-moon,ultra-sun,tiny-mushroom,50
breloom,ultra-sun-ultra-moon,ultra-sun,big-mushroom,5
breloom,ultra-sun-ultra-moon,ultra-moon,tiny-mushroom,50
breloom,ultra-sun-ultra-moon,ultra-moon,big-mushroom,5
nincada,omega-ruby-alpha-sapphire,omega-ruby,soft-sand,5
nincada,omega-ruby-alpha-sapphire,alpha-sapphire,soft-sand,5
nincada,sun-moon,sun,soft-sand,5
nincada,sun-moon,moon,soft-sand,5
nincada,ultra-sun-ultra-moon,ultra-sun,soft-sand,5
nincada,ultra-sun-ultra-moon,ultra-moon,soft-sand,5
whismur,ruby-sapphire,ruby,chesto-berry,5
whismur,ruby-sapphire,sapphire,chesto-berry,5
whismur,emerald,emerald,chesto-berry,5
whismur,firered-leafgreen,firered,chesto-berry,5
whismur,firered-leafgreen,leafgreen,chesto-berry,5
whismur,diamond-pearl,diamond,chesto-berry,5
whismur,diamond-pearl,pearl,chesto-berry,5
whismur,platinum,platinum,chesto-berry,5
whismur,heartgold-soulsilver,heartgold,chesto-berry,5
whismur,heartgold-soulsilver,soulsilver,chesto-berry,5
whismur,black-white,black,chesto-berry,5
whismur,black-white,white,chesto-berry,5
whismur,black-2-white-2,black-2,chesto-berry,5
whismur,black-2-white-2,white-2,chesto-berry,5
loudred,ruby-sapphire,ruby,chesto-berry,5
loudred,ruby-sapphire,sapphire,chesto-berry,5
loudred,emerald,emerald,chesto-berry,5
loudred,firered-leafgreen,firered,chesto-berry,5
loudred,firered-leafgreen,leafgreen,chesto-berry,5
loudred,diamond-pearl,diamond,chesto-berry,5
loudred,diamond-pearl,pearl,chesto-berry,5
loudred,platinum,platinum,chesto-berry,5
loudred,heartgold-soulsilver,heartgold,chesto-berry,5
loudred,heartgold-soulsilver,soulsilver,chesto-berry,5
loudred,black-white,black,chesto-berry,5
loudred,black-white,white,chesto-berry,5
loudred,black-2-white-2,black-2,chesto-berry,5
loudred,black-2-white-2,white-2,chesto-berry,5
exploud,ruby-sapphire,ruby,chesto-berry,5
exploud,ruby-sapphire,sapphire,chesto-berry,5
exploud,emerald,emerald,chesto-berry,5
exploud,firered-leafgreen,firered,chesto-berry,5
exploud,firered-leafgreen,leafgreen,chesto-berry,5
exploud,diamond-pearl,diamond,chesto-berry,5
exploud,diamond-pearl,pearl,chesto-berry,5
exploud,platinum,platinum,chesto-berry,5
exploud,heartgold-soulsilver,heartgold,chesto-berry,5
exploud,heartgold-soulsilver,soulsilver,chesto-berry,5
exploud,black-white,black,chesto-berry,5
exploud,black-white,white,chesto-berry,5
exploud,black-2-white-2,black-2,chesto-berry,5
exploud,black-2-white-2,white-2,chesto-berry,5
makuhita,omega-ruby-alpha-sapphire,omega-ruby,black-belt,5
makuhita,omega-ruby-alpha-sapphire,alpha-sapphire,black-belt,5
makuhita,sun-moon,sun,black-belt,5
makuhita,sun-moon,moon,black-belt,5
makuhita,ultra-sun-ultra-moon,ultra-sun,black-belt,5
makuhita,ultra-sun-ultra-moon,ultra-moon,black-belt,5
hariyama,ruby-sapphire,ruby,kings-rock,5
hariyama,ruby-sapphire,sapphire,kings-rock,5
hariyama,emerald,emerald,kings-rock,5
hariyama,firered-leafgreen,firered,kings-rock,5
hariyama,firered-leafgreen,leafgreen,kings-rock,5
hariyama,diamond-pearl,diamond,kings-rock,5
hariyama,diamond-pearl,pearl,kings-rock,5
hariyama,platinum,platinum,kings-rock,5
hariyama,heartgold-soulsilver,heartgold,kings-rock,5
hariyama,heartgold-soulsilver,soulsilver,kings-rock,5
hariyama,black-white,black,kings-rock,5
hariyama,black-white,white,kings-rock,5
hariyama,black-2-white-2,black-2,kings-rock,5
hariyama,black-2-white-2,white-2,kings-rock,5
hariyama,x-y,x,kings-rock,5
hariyama,x-y,y,kings-rock,5
hariyama,omega-ruby-alpha-sapphire,omega-ruby,kings-rock,5
hariyama,omega-ruby-alpha-sapphire,alpha-sapphire,kings-rock,5
hariyama,sun-moon,sun,kings-rock,5
hariyama,sun-moon,moon,kings-rock,5
hariyama,ultra-sun-ultra-moon,ultra-sun,kings-rock,5
hariyama,ultra-sun-ultra-moon,ultra-moon,kings-rock,5
nosepass,diamond-pearl,diamond,hard-stone,5
nosepass,diamond-pearl,pearl,hard-stone,5
nosepass,platinum,platinum,hard-stone,5
nosepass,heartgold-soulsilver,heartgold,hard-stone,5
nosepass,heartgold-soulsilver,soulsilver,hard-stone,5
nosepass,black-white,black,hard-stone,5
nosepass,black-white,white,hard-stone,5
nosepass,black-2-white-2,black-2,hard-stone,5
nosepass,black-2-white-2,white-2,hard-stone,5
nosepass,x-y,x,hard-stone,5
nosepass,x-y,y,hard-stone,5
nosepass,omega-ruby-alpha-sapphire,omega-ruby,hard-stone,5
nosepass,omega-ruby-alpha-sapphire,alpha-sapphire,hard-stone,5
nosepass,sun-moon,sun,magnet,5
nosepass,sun-moon,moon,magnet,5
nosepass,ultra-sun-ultra-moon,ultra-sun,magnet,5
nosepass,ultra-sun-ultra-moon,ultra-moon,magnet,5
skitty,ruby-sapphire,ruby,leppa-berry,5
skitty,ruby-sapphire,sapphire,leppa-berry,5
skitty,emerald,emerald,leppa-berry,5
skitty,firered-leafgreen,firered,leppa-berry,5
skitty,firered-leafgreen,leafgreen,leppa-berry,5
skitty,diamond-pearl,diamond,leppa-berry,5
skitty,diamond-pearl,pearl,leppa-berry,5
skitty,platinum,platinum,leppa-berry,5
skitty,heartgold-soulsilver,heartgold,leppa-berry,5
skitty,heartgold-soulsilver,soulsilver,leppa-berry,5
skitty,black-white,black,leppa-berry,5
skitty,black-white,white,leppa-berry,5
skitty,black-2-white-2,black-2,pecha-berry,50
skitty,black-2-white-2,white-2,pecha-berry,50
delcatty,ruby-sapphire,ruby,leppa-berry,5
delcatty,ruby-sapphire,sapphire,leppa-berry,5
delcatty,emerald,emerald,leppa-berry,5
delcatty,firered-leafgreen,firered,leppa-berry,5
delcatty,firered-leafgreen,leafgreen,leppa-berry,5
delcatty,diamond-pearl,diamond,leppa-berry,5
delcatty,diamond-pearl,pearl,leppa-berry,5
delcatty,platinum,platinum,leppa-berry,5
delcatty,heartgold-soulsilver,heartgold,leppa-berry,5
delcatty,heartgold-soulsilver,soulsilver,leppa-berry,5
delcatty,black-white,black,leppa-berry,5
delcatty,black-white,white,leppa-berry,5
delcatty,black-2-white-2,black-2,pecha-berry,50
delcatty,black-2-white-2,white-2,pecha-berry,50
sableye,omega-ruby-alpha-sapphire,omega-ruby,wide-lens,5
sableye,omega-ruby-alpha-sapphire,alpha-sapphire,wide-lens,5
sableye,sun-moon,sun,wide-lens,5
sableye,sun-moon,moon,wide-lens,5
sableye,ultra-sun-ultra-moon,ultra-sun,wide-lens,5
sableye,ultra-sun-ultra-moon,ultra-moon,wide-lens,5
mawile,diamond-pearl,diamond,occa-berry,5
mawile,diamond-pearl,pearl,occa-berry,5
mawile,platinum,platinum,occa-berry,5
mawile,heartgold-soulsilver,heartgold,occa-berry,5
mawile,heartgold-soulsilver,soulsilver,occa-berry,5
mawile,black-white,black,occa-berry,5
mawile,black-white,white,occa-berry,5
mawile,black-2-white-2,black-2,occa-berry,5
mawile,black-2-white-2,white-2,occa-berry,5
mawile,omega-ruby-alpha-sapphire,omega-ruby,iron-ball,5
mawile,omega-ruby-alpha-sapphire,alpha-sapphire,iron-ball,5
mawile,sun-moon,sun,iron-ball,5
mawile,sun-moon,moon,iron-ball,5
mawile,ultra-sun-ultra-moon,ultra-sun,iron-ball,5
mawile,ultra-sun-ultra-moon,ultra-moon,iron-ball,5
aron,ruby-sapphire,ruby,hard-stone,5
aron,ruby-sapphire,sapphire,hard-stone,5
aron,emerald,emerald,hard-stone,5
aron,firered-leafgreen,firered,hard-stone,5
aron,firered-leafgreen,leafgreen,hard-stone,5
aron,diamond-pearl,diamond,hard-stone,5
aron,diamond-pearl,pearl,hard-stone,5
aron,platinum,platinum,hard-stone,5
aron,heartgold-soulsilver,heartgold,hard-stone,5
aron,heartgold-soulsilver,soulsilver,hard-stone,5
aron,black-white,black,hard-stone,5
aron,black-white,white,hard-stone,5
aron,black-2-white-2,black-2,hard-stone,5
aron,black-2-white-2,white-2,hard-stone,5
aron,x-y,x,hard-stone,5
aron,x-y,y,hard-stone,5
aron,omega-ruby-alpha-sapphire,omega-ruby,hard-stone,5
aron,omega-ruby-alpha-sapphire,alpha-sapphire,hard-stone,5
aron,sun-moon,sun,hard-stone,5
aron,sun-moon,moon,hard-stone,5
aron,ultra-sun-ultra-moon,ultra-sun,hard-stone,5
aron,ultra-sun-ultra-moon,ultra-moon,hard-stone,5
lairon,ruby-sapphire,ruby,hard-stone,5
lairon,ruby-sapphire,sapphire,hard-stone,5
lairon,emerald,emerald,hard-stone,5
lairon,firered-leafgreen,firered,hard-stone,5
lairon,firered-leafgreen,leafgreen,hard-stone,5
lairon,diamond-pearl,diamond,hard-stone,5
lairon,diamond-pearl,pearl,hard-stone,5
lairon,platinum,platinum,hard-stone,5
lairon,heartgold-soulsilver,heartgold,hard-stone,5
lairon,heartgold-soulsilver,soulsilver,hard-stone,5
lairon,black-white,black,hard-stone,5
lairon,black-white,white,hard-stone,5
lairon,black-2-white-2,black-2,hard-stone,5
lairon,black-2-white-2,white-2,hard-stone,5
lairon,x-y,x,hard-stone,5
lairon,x-y,y,hard-stone,5
lairon,omega-ruby-alpha-sapphire,omega-ruby,hard-stone,5
lairon,omega-ruby-alpha-sapphire,alpha-sapphire,hard-stone,5
lairon,sun-moon,sun,hard-stone,5
lairon,sun-moon,moon,hard-stone,5
lairon,ultra-sun-ultra-moon,ultra-sun,hard-stone,5
lairon,ultra-sun-ultra-moon,ultra-moon,hard-stone,5
aggron,ruby-sapphire,ruby,hard-stone,5
aggron,ruby-sapphire,sapphire,hard-stone,5
aggron,emerald,emerald,hard-stone,5
aggron,firered-leafgreen,firered,hard-stone,5
aggron,firered-leafgreen,leafgreen,hard-stone,5
aggron,diamond-pearl,diamond,hard-stone,5
aggron,diamond-pearl,pearl,hard-stone,5
aggron,platinum,platinum,hard-stone,5
aggron,heartgold-soulsilver,heartgold,hard-stone,5
aggron,heartgold-soulsilver,soulsilver,hard-stone,5
aggron,black-white,black,hard-stone,5
aggron,black-white,white,hard-stone,5
aggron,black-2-white-2,black-2,hard-stone,5
aggron,black-2-white-2,white-2,hard-stone,5
aggron,x-y,x,hard-stone,5
aggron,x-y,y,hard-stone,5
aggron,omega-ruby-alpha-sapphire,omega-ruby,hard-stone,5
aggron,omega-ruby-alpha-sapphire,alpha-sapphire,hard-stone,5
aggron,sun-moon,sun,hard-stone,5
aggron,sun-moon,moon,hard-stone,5
aggron,ultra-sun-ultra-moon,ultra-sun,hard-stone,5
aggron,ultra-sun-ultra-moon,ultra-moon,hard-stone,5
plusle,omega-ruby-alpha-sapphire,omega-ruby,cell-battery,5
plusle,omega-ruby-alpha-sapphire,alpha-sapphire,cell-battery,5
plusle,sun-moon,sun,cell-battery,5
plusle,sun-moon,moon,cell-battery,5
plusle,ultra-sun-ultra-moon,ultra-sun,cell-battery,5
plusle,ultra-sun-ultra-moon,ultra-moon,cell-battery,5
minun,omega-ruby-alpha-sapphire,omega-ruby,cell-battery,5
minun,omega-ruby-alpha-sapphire,alpha-sapphire,cell-battery,5
minun,sun-moon,sun,cell-battery,5
minun,sun-moon,moon,cell-battery,5
minun,ultra-sun-ultra-moon,ultra-sun,cell-battery,5
minun,ultra-sun-ultra-moon,ultra-moon,cell-battery,5
volbeat,omega-ruby-alpha-sapphire,omega-ruby,bright-powder,5
volbeat,omega-ruby-alpha-sapphire,alpha-sapphire,bright-powder,5
volbeat,sun-moon,sun,bright-powder,5
volbeat,sun-moon,moon,bright-powder,5
volbeat,ultra-sun-ultra-moon,ultra-sun,bright-powder,5
volbeat,ultra-sun-ultra-moon,ultra-moon,bright-powder,5
illumise,omega-ruby-alpha-sapphire,omega-ruby,bright-powder,5
illumise,omega-ruby-alpha-sapphire,alpha-sapphire,bright-powder,5
illumise,sun-moon,sun,bright-powder,5
illumise,sun-moon,moon,bright-powder,5
illumise,ultra-sun-ultra-moon,ultra-sun,bright-powder,5
illumise,ultra-sun-ultra-moon,ultra-moon,bright-powder,5
roselia,ruby-sapphire,ruby,poison-barb,5
roselia,ruby-sapphire,sapphire,poison-barb,5
roselia,emerald,emerald,poison-barb,5
roselia,firered-leafgreen,firered,poison-barb,5
roselia,firered-leafgreen,leafgreen,poison-barb,5
roselia,diamond-pearl,diamond,poison-barb,5
roselia,diamond-pearl,pearl,poison-barb,5
roselia,platinum,platinum,poison-barb,5
roselia,heartgold-soulsilver,heartgold,poison-barb,5
roselia,heartgold-soulsilver,soulsilver,poison-barb,5
roselia,black-white,black,poison-barb,5
roselia,black-white,white,poison-barb,5
roselia,black-2-white-2,black-2,poison-barb,5
roselia,black-2-white-2,black-2,absorb-bulb,1
roselia,black-2-white-2,white-2,poison-barb,5
roselia,black-2-white-2,white-2,absorb-bulb,1
roselia,x-y,x,poison-barb,5
roselia,x-y,y,poison-barb,5
roselia,omega-ruby-alpha-sapphire,omega-ruby,poison-barb,5
roselia,omega-ruby-alpha-sapphire,alpha-sapphire,poison-barb,5
roselia,sun-moon,sun,poison-barb,5
roselia,sun-moon,moon,poison-barb,5
roselia,ultra-sun-ultra-moon,ultra-sun,poison-barb,5
roselia,ultra-sun-ultra-moon,ultra-moon,poison-barb,5
gulpin,ruby-sapphire,ruby,big-pearl,5
gulpin,ruby-sapphire,sapphire,big-pearl,5
gulpin,emerald,emerald,big-pearl,5
gulpin,firered-leafgreen,firered,big-pearl,5
gulpin,firered-leafgreen,leafgreen,big-pearl,5
gulpin,diamond-pearl,diamond,big-pearl,5
gulpin,diamond-pearl,pearl,big-pearl,5
gulpin,platinum,platinum,big-pearl,5
gulpin,heartgold-soulsilver,heartgold,big-pearl,5
gulpin,heartgold-soulsilver,soulsilver,big-pearl,5
gulpin,black-white,black,big-pearl,5
gulpin,black-white,white,big-pearl,5
gulpin,black-2-white-2,black-2,big-pearl,5
gulpin,black-2-white-2,white-2,big-pearl,5
gulpin,x-y,x,oran-berry,5
gulpin,x-y,y,oran-berry,5
gulpin,omega-ruby-alpha-sapphire,omega-ruby,oran-berry,50
gulpin,omega-ruby-alpha-sapphire,omega-ruby,sitrus-berry,5
gulpin,omega-ruby-alpha-sapphire,alpha-sapphire,oran-berry,50
gulpin,omega-ruby-alpha-sapphire,alpha-sapphire,sitrus-berry,5
gulpin,sun-moon,sun,oran-berry,50
gulpin,sun-moon,sun,sitrus-berry,5
gulpin,sun-moon,moon,oran-berry,50
gulpin,sun-moon,moon,sitrus-berry,5
gulpin,ultra-sun-ultra-moon,ultra-sun,oran-berry,50
gulpin,ultra-sun-ultra-moon,ultra-sun,sitrus-berry,5
gulpin,ultra-sun-ultra-moon,ultra-moon,oran-berry,50
gulpin,ultra-sun-ultra-moon,ultra-moon,sitrus-berry,5
swalot,ruby-sapphire,ruby,big-pearl,5
swalot,ruby-sapphire,sapphire,big-pearl,5
swalot,emerald,emerald,big-pearl,5
swalot,firered-leafgreen,firered,big-pearl,5
swalot,firered-leafgreen,leafgreen,big-pearl,5
swalot,diamond-pearl,diamond,big-pearl,5
swalot,diamond-pearl,pearl,big-pearl,5
swalot,platinum,platinum,big-pearl,5
swalot,heartgold-soulsilver,heartgold,big-pearl,5
swalot,heartgold-soulsilver,soulsilver,big-pearl,5
swalot,black-white,black,big-pearl,5
swalot,black-white,white,big-pearl,5
swalot,black-2-white-2,black-2,big-pearl,5
swalot,black-2-white-2,white-2,big-pearl,5
swalot,x-y,x,oran-berry,5
swalot,x-y,y,oran-berry,5
swalot,omega-ruby-alpha-sapphire,omega-ruby,oran-berry,50
swalot,omega-ruby-alpha-sapphire,omega-ruby,sitrus-berry,5
swalot,omega-ruby-alpha-sapphire,alpha-sapphire,oran-berry,50
swalot,omega-ruby-alpha-sapphire,alpha-sapphire,sitrus-berry,5
swalot,sun-moon,sun,oran-berry,50
swalot,sun-moon,sun,sitrus-berry,5
swalot,sun-moon,moon,oran-berry,50
swalot,sun-moon,moon,sitrus-berry,5
swalot,ultra-sun-ultra-moon,ultra-sun,oran-berry,50
swalot,ultra-sun-ultra-moon,ultra-sun,sitrus-berry,5
swalot,ultra-sun-ultra-moon,ultra-moon,oran-berry,50
swalot,ultra-sun-ultra-moon,ultra-moon,sitrus-berry,5
carvanha,diamond-pearl,diamond,deep-sea-tooth,5
carvanha,diamond-pearl,pearl,deep-sea-tooth,5
carvanha,platinum,platinum,deep-sea-tooth,5
carvanha,heartgold-soulsilver,heartgold,deep-sea-tooth,5
carvanha,heartgold-soulsilver,soulsilver,deep-sea-tooth,5
carvanha,black-white,black,deep-sea-tooth,5
carvanha,black-white,white,deep-sea-tooth,5
carvanha,black-2-white-2,black-2,deep-sea-tooth,5
carvanha,black-2-white-2,white-2,deep-sea-tooth,5
carvanha,x-y,x,deep-sea-tooth,5
carvanha,x-y,y,deep-sea-tooth,5
carvanha,omega-ruby-alpha-sapphire,omega-ruby,deep-sea-tooth,5
carvanha,omega-ruby-alpha-sapphire,alpha-sapphire,deep-sea-tooth,5
carvanha,sun-moon,sun,deep-sea-tooth,5
carvanha,sun-moon,moon,deep-sea-tooth,5
carvanha,ultra-sun-ultra-moon,ultra-sun,deep-sea-tooth,5
carvanha,ultra-sun-ultra-moon,ultra-moon,deep-sea-tooth,5
sharpedo,diamond-pearl,diamond,deep-sea-tooth,5
sharpedo,diamond-pearl,pearl,deep-sea-tooth,5
sharpedo,platinum,platinum,deep-sea-tooth,5
sharpedo,heartgold-soulsilver,heartgold,deep-sea-tooth,5
sharpedo,heartgold-soulsilver,soulsilver,deep-sea-tooth,5
sharpedo,black-white,black,deep-sea-tooth,5
sharpedo,black-white,white,deep-sea-tooth,5
sharpedo,black-2-white-2,black-2,deep-sea-tooth,5
sharpedo,black-2-white-2,white-2,deep-sea-tooth,5
sharpedo,x-y,x,deep-sea-tooth,5
sharpedo,x-y,y,deep-sea-tooth,5
sharpedo,omega-ruby-alpha-sapphire,omega-ruby,deep-sea-tooth,5
sharpedo,omega-ruby-alpha-sapphire,alpha-sapphire,deep-sea-tooth,5
sharpedo,sun-moon,sun,deep-sea-tooth,5
sharpedo,sun-moon,moon,deep-sea-tooth,5
sharpedo,ultra-sun-ultra-moon,ultra-sun,deep-sea-tooth,5
sharpedo,ultra-sun-ultra-moon,ultra-moon,deep-sea-tooth,5
numel,ruby-sapphire,ruby,rawst-berry,100
numel,ruby-sapphire,sapphire,rawst-berry,100
numel,emerald,emerald,rawst-berry,100
numel,firered-leafgreen,firered,rawst-berry,100
numel,firered-leafgreen,leafgreen,rawst-berry,100
numel,diamond-pearl,diamond,rawst-berry,100
numel,diamond-pearl,pearl,rawst-berry,100
numel,platinum,platinum,rawst-berry,100
numel,heartgold-soulsilver,heartgold,rawst-berry,100
numel,heartgold-soulsilver,soulsilver,rawst-berry,100
numel,black-white,black,rawst-berry,100
numel,black-white,white,rawst-berry,100
numel,black-2-white-2,black-2,rawst-berry,100
numel,black-2-white-2,white-2,rawst-berry,100
camerupt,ruby-sapphire,ruby,rawst-berry,100
camerupt,ruby-sapphire,sapphire,rawst-berry,100
camerupt,emerald,emerald,rawst-berry,100
camerupt,firered-leafgreen,firered,rawst-berry,100
camerupt,firered-leafgreen,leafgreen,rawst-berry,100
camerupt,diamond-pearl,diamond,rawst-berry,100
camerupt,diamond-pearl,pearl,rawst-berry,100
camerupt,platinum,platinum,rawst-berry,100
camerupt,heartgold-soulsilver,heartgold,rawst-berry,100
camerupt,heartgold-soulsilver,soulsilver,rawst-berry,100
camerupt,black-white,black,rawst-berry,100
camerupt,black-white,white,rawst-berry,100
camerupt,black-2-white-2,black-2,rawst-berry,100
camerupt,black-2-white-2,white-2,rawst-berry,100
torkoal,x-y,x,charcoal,5
torkoal,x-y,y,charcoal,5
torkoal,omega-ruby-alpha-sapphire,omega-ruby,charcoal,5
torkoal,omega-ruby-alpha-sapphire,alpha-sapphire,charcoal,5
torkoal,sun-moon,sun,charcoal,5
torkoal,sun-moon,moon,charcoal,5
torkoal,ultra-sun-ultra-moon,ultra-sun,charcoal,5
torkoal,ultra-sun-ultra-moon,ultra-moon,charcoal,5
spoink,diamond-pearl,diamond,tanga-berry,5
spoink,diamond-pearl,pearl,tanga-berry,5
spoink,platinum,platinum,tanga-berry,5
spoink,heartgold-soulsilver,heartgold,tanga-berry,5
spoink,heartgold-soulsilver,soulsilver,tanga-berry,5
spoink,black-white,black,tanga-berry,5
spoink,black-white,white,tanga-berry,5
spoink,black-2-white-2,black-2,persim-berry,50
spoink,black-2-white-2,white-2,persim-berry,50
grumpig,diamond-pearl,diamond,tanga-berry,5
grumpig,diamond-pearl,pearl,tanga-berry,5
grumpig,platinum,platinum,tanga-berry,5
grumpig,heartgold-soulsilver,heartgold,tanga-berry,5
grumpig,heartgold-soulsilver,soulsilver,tanga-berry,5
grumpig,black-white,black,tanga-berry,5
grumpig,black-white,white,tanga-berry,5
grumpig,black-2-white-2,black-2,persim-berry,50
grumpig,black-2-white-2,white-2,persim-berry,50
spinda,ruby-sapphire,ruby,chesto-berry,5
spinda,ruby-sapphire,sapphire,chesto-berry,5
spinda,emerald,emerald,chesto-berry,5
spinda,firered-leafgreen,firered,chesto-berry,5
spinda,firered-leafgreen,leafgreen,chesto-berry,5
spinda,diamond-pearl,diamond,chesto-berry,5
spinda,diamond-pearl,pearl,chesto-berry,5
spinda,platinum,platinum,chesto-berry,5
spinda,heartgold-soulsilver,heartgold,chesto-berry,5
spinda,heartgold-soulsilver,soulsilver,chesto-berry,5
spinda,black-white,black,chesto-berry,5
spinda,black-white,white,chesto-berry,5
spinda,black-2-white-2,black-2,chesto-berry,5
spinda,black-2-white-2,white-2,chesto-berry,5
trapinch,ruby-sapphire,ruby,soft-sand,5
trapinch,ruby-sapphire,sapphire,soft-sand,5
trapinch,emerald,emerald,soft-sand,5
trapinch,firered-leafgreen,firered,soft-sand,5
trapinch,firered-leafgreen,leafgreen,soft-sand,5
trapinch,diamond-pearl,diamond,soft-sand,5
trapinch,diamond-pearl,pearl,soft-sand,5
trapinch,platinum,platinum,soft-sand,5
trapinch,heartgold-soulsilver,heartgold,soft-sand,5
trapinch,heartgold-soulsilver,soulsilver,soft-sand,5
trapinch,black-white,black,soft-sand,5
trapinch,black-white,white,soft-sand,5
trapinch,black-2-white-2,black-2,soft-sand,5
trapinch,black-2-white-2,white-2,soft-sand,5
trapinch,x-y,x,soft-sand,5
trapinch,x-y,y,soft-sand,5
trapinch,omega-ruby-alpha-sapphire,omega-ruby,soft-sand,5
trapinch,omega-ruby-alpha-sapphire,alpha-sapphire,soft-sand,5
trapinch,sun-moon,sun,soft-sand,5
trapinch,sun-moon,moon,soft-sand,5
trapinch,ultra-sun-ultra-moon,ultra-sun,soft-sand,5
trapinch,ultra-sun-ultra-moon,ultra-moon,soft-sand,5
cacnea,ruby-sapphire,ruby,poison-barb,5
cacnea,ruby-sapphire,sapphire,poison-barb,5
cacnea,emerald,emerald,poison-barb,5
cacnea,firered-leafgreen,firered,poison-barb,5
cacnea,firered-leafgreen,leafgreen,poison-barb,5
cacnea,diamond-pearl,diamond,sticky-barb,5
cacnea,diamond-pearl,pearl,sticky-barb,5
cacnea,platinum,platinum,sticky-barb,5
cacnea,heartgold-soulsilver,heartgold,sticky-barb,5
cacnea,heartgold-soulsilver,soulsilver,sticky-barb,5
cacnea,black-white,black,sticky-barb,5
cacnea,black-white,white,sticky-barb,5
cacnea,black-2-white-2,black-2,sticky-barb,5
cacnea,black-2-white-2,white-2,sticky-barb,5
cacnea,x-y,x,sticky-barb,5
cacnea,x-y,y,sticky-barb,5
cacnea,omega-ruby-alpha-sapphire,omega-ruby,sticky-barb,5
cacnea,omega-ruby-alpha-sapphire,alpha-sapphire,sticky-barb,5
cacnea,sun-moon,sun,sticky-barb,5
cacnea,sun-moon,moon,sticky-barb,5
cacnea,ultra-sun-ultra-moon,ultra-sun,sticky-barb,5
cacnea,ultra-sun-ultra-moon,ultra-moon,sticky-barb,5
cacturne,ruby-sapphire,ruby,poison-barb,5
cacturne,ruby-sapphire,sapphire,poison-barb,5
cacturne,emerald,emerald,poison-barb,5
cacturne,firered-leafgreen,firered,poison-barb,5
cacturne,firered-leafgreen,leafgreen,poison-barb,5
cacturne,diamond-pearl,diamond,sticky-barb,5
cacturne,diamond-pearl,pearl,sticky-barb,5
cacturne,platinum,platinum,sticky-barb,5
cacturne,heartgold-soulsilver,heartgold,sticky-barb,5
cacturne,heartgold-soulsilver,soulsilver,sticky-barb,5
cacturne,black-white,black,sticky-barb,5
cacturne,black-white,white,sticky-barb,5
cacturne,black-2-white-2,black-2,sticky-barb,5
cacturne,black-2-white-2,white-2,sticky-barb,5
cacturne,x-y,x,sticky-barb,5
cacturne,x-y,y,sticky-barb,5
cacturne,omega-ruby-alpha-sapphire,omega-ruby,sticky-barb,5
cacturne,omega-ruby-alpha-sapphire,alpha-sapphire,sticky-barb,5
cacturne,sun-moon,sun,sticky-barb,5
cacturne,sun-moon,moon,sticky-barb,5
cacturne,ultra-sun-ultra-moon,ultra-sun,sticky-barb,5
cacturne,ultra-sun-ultra-moon,ultra-moon,sticky-barb,5
zangoose,diamond-pearl,diamond,quick-claw,5
zangoose,diamond-pearl,pearl,quick-claw,5
zangoose,platinum,platinum,quick-claw,5
zangoose,heartgold-soulsilver,heartgold,quick-claw,5
zangoose,heartgold-soulsilver,soulsilver,quick-claw,5
zangoose,black-white,black,quick-claw,5
zangoose,black-white,white,quick-claw,5
zangoose,black-2-white-2,black-2,quick-claw,5
zangoose,black-2-white-2,white-2,quick-claw,5
zangoose,x-y,x,quick-claw,5
zangoose,x-y,y,quick-claw,5
zangoose,omega-ruby-alpha-sapphire,omega-ruby,quick-claw,5
zangoose,omega-ruby-alpha-sapphire,alpha-sapphire,quick-claw,5
zangoose,sun-moon,sun,quick-claw,5
zangoose,sun-moon,moon,quick-claw,5
zangoose,ultra-sun-ultra-moon,ultra-sun,quick-claw,5
zangoose,ultra-sun-ultra-moon,ultra-moon,quick-claw,5
seviper,x-y,x,persim-berry,100
seviper,x-y,y,persim-berry,100
seviper,omega-ruby-alpha-sapphire,omega-ruby,shed-shell,5
seviper,omega-ruby-alpha-sapphire,alpha-sapphire,shed-shell,5
seviper,sun-moon,sun,shed-shell,5
seviper,sun-moon,moon,shed-shell,5
seviper,ultra-sun-ultra-moon,ultra-sun,shed-shell,5
seviper,ultra-sun-ultra-moon,ultra-moon,shed-shell,5
lunatone,ruby-sapphire,ruby,moon-stone,5
lunatone,ruby-sapphire,sapphire,moon-stone,5
lunatone,emerald,emerald,moon-stone,5
lunatone,firered-leafgreen,firered,moon-stone,5
lunatone,firered-leafgreen,leafgreen,moon-stone,5
lunatone,diamond-pearl,diamond,moon-stone,5
lunatone,diamond-pearl,pearl,moon-stone,5
lunatone,platinum,platinum,moon-stone,5
lunatone,heartgold-soulsilver,heartgold,moon-stone,5
lunatone,heartgold-soulsilver,soulsilver,moon-stone,5
lunatone,black-white,black,moon-stone,5
lunatone,black-white,black,comet-shard,1
lunatone,black-white,white,moon-stone,5
lunatone,black-white,white,comet-shard,1
lunatone,black-2-white-2,black-2,moon-stone,5
lunatone,black-2-white-2,black-2,comet-shard,1
lunatone,black-2-white-2,white-2,moon-stone,5
lunatone,black-2-white-2,white-2,comet-shard,1
lunatone,x-y,x,moon-stone,5
lunatone,x-y,y,moon-stone,5
lunatone,omega-ruby-alpha-sapphire,omega-ruby,moon-stone,5
lunatone,omega-ruby-alpha-sapphire,omega-ruby,stardust,50
lunatone,omega-ruby-alpha-sapphire,alpha-sapphire,moon-stone,5
lunatone,omega-ruby-alpha-sapphire,alpha-sapphire,stardust,50
lunatone,sun-moon,sun,moon-stone,5
lunatone,sun-moon,sun,stardust,50
lunatone,sun-moon,moon,moon-stone,5
lunatone,sun-moon,moon,stardust,50
lunatone,ultra-sun-ultra-moon,ultra-sun,moon-stone,5
lunatone,ultra-sun-ultra-moon,ultra-sun,stardust,50
lunatone,ultra-sun-ultra-moon,ultra-moon,moon-stone,5
lunatone,ultra-sun-ultra-moon,ultra-moon,stardust,50
solrock,ruby-sapphire,ruby,sun-stone,5
solrock,ruby-sapphire,sapphire,sun-stone,5
solrock,emerald,emerald,sun-stone,5
solrock,firered-leafgreen,firered,sun-stone,5
solrock,firered-leafgreen,leafgreen,sun-stone,5
solrock,diamond-pearl,diamond,sun-stone,5
solrock,diamond-pearl,pearl,sun-stone,5
solrock,platinum,platinum,sun-stone,5
solrock,heartgold-soulsilver,heartgold,sun-stone,5
solrock,heartgold-soulsilver,soulsilver,sun-stone,5
solrock,black-white,black,sun-stone,5
solrock,black-white,black,comet-shard,1
solrock,black-white,white,sun-stone,5
solrock,black-white,white,comet-shard,1
solrock,black-2-white-2,black-2,sun-stone,5
solrock,black-2-white-2,black-2,comet-shard,1
solrock,black-2-white-2,white-2,sun-stone,5
solrock,black-2-white-2,white-2,comet-shard,1
solrock,x-y,x,sun-stone,5
solrock,x-y,y,sun-stone,5
solrock,omega-ruby-alpha-sapphire,omega-ruby,sun-stone,5
solrock,omega-ruby-alpha-sapphire,omega-ruby,stardust,50
solrock,omega-ruby-alpha-sapphire,alpha-sapphire,sun-stone,5
solrock,omega-ruby-alpha-sapphire,alpha-sapphire,stardust,50
solrock,sun-moon,sun,sun-stone,5
solrock,sun-moon,sun,stardust,50
solrock,sun-moon,moon,sun-stone,5
solrock,sun-moon,moon,stardust,50
solrock,ultra-sun-ultra-moon,ultra-sun,sun-stone,5
solrock,ultra-sun-ultra-moon,ultra-sun,stardust,50
solrock,ultra-sun-ultra-moon,ultra-moon,sun-stone,5
solrock,ultra-sun-ultra-moon,ultra-moon,stardust,50
baltoy,omega-ruby-alpha-sapphire,omega-ruby,light-clay,5
baltoy,omega-ruby-alpha-sapphire,alpha-sapphire,light-clay,5
baltoy,sun-moon,sun,light-clay,5
baltoy,sun-moon,moon,light-clay,5
baltoy,ultra-sun-ultra-moon,ultra-sun,light-clay,5
baltoy,ultra-sun-ultra-moon,ultra-moon,light-clay,5
claydol,omega-ruby-alpha-sapphire,omega-ruby,light-clay,5
claydol,omega-ruby-alpha-sapphire,alpha-sapphire,light-clay,5
claydol,sun-moon,sun,light-clay,5
claydol,sun-moon,moon,light-clay,5
claydol,ultra-sun-ultra-moon,ultra-sun,light-clay,5
claydol,ultra-sun-ultra-moon,ultra-moon,light-clay,5
lileep,diamond-pearl,diamond,big-root,5
lileep,diamond-pearl,pearl,big-root,5
lileep,platinum,platinum,big-root,5
lileep,heartgold-soulsilver,heartgold,big-root,5
lileep,heartgold-soulsilver,soulsilver,big-root,5
lileep,black-white,black,big-root,5
lileep,black-white,white,big-root,5
lileep,black-2-white-2,black-2,big-root,5
lileep,black-2-white-2,white-2,big-root,5
lileep,x-y,x,big-root,5
lileep,x-y,y,big-root,5
lileep,omega-ruby-alpha-sapphire,omega-ruby,big-root,5
lileep,omega-ruby-alpha-sapphire,alpha-sapphire,big-root,5
lileep,sun-moon,sun,big-root,5
lileep,sun-moon,moon,big-root,5
lileep,ultra-sun-ultra-moon,ultra-sun,big-root,5
lileep,ultra-sun-ultra-moon,ultra-moon,big-root,5
cradily,diamond-pearl,diamond,big-root,5
cradily,diamond-pearl,pearl,big-root,5
cradily,platinum,platinum,big-root,5
cradily,heartgold-soulsilver,heartgold,big-root,5
cradily,heartgold-soulsilver,soulsilver,big-root,5
cradily,black-white,black,big-root,5
cradily,black-white,white,big-root,5
cradily,black-2-white-2,black-2,big-root,5
cradily,black-2-white-2,white-2,big-root,5
cradily,x-y,x,big-root,5
cradily,x-y,y,big-root,5
cradily,omega-ruby-alpha-sapphire,omega-ruby,big-root,5
cradily,omega-ruby-alpha-sapphire,alpha-sapphire,big-root,5
cradily,sun-moon,sun,big-root,5
cradily,sun-moon,moon,big-root,5
cradily,ultra-sun-ultra-moon,ultra-sun,big-root,5
cradily,ultra-sun-ultra-moon,ultra-moon,big-root,5
castform,ruby-sapphire,ruby,mystic-water,100
castform,ruby-sapphire,sapphire,mystic-water,100
castform,emerald,emerald,mystic-water,100
castform,firered-leafgreen,firered,mystic-water,100
castform,firered-leafgreen,leafgreen,mystic-water,100
castform,diamond-pearl,diamond,mystic-water,100
castform,diamond-pearl,pearl,mystic-water,100
castform,platinum,platinum,mystic-water,100
castform,heartgold-soulsilver,heartgold,mystic-water,100
castform,heartgold-soulsilver,soulsilver,mystic-water,100
castform,black-white,black,mystic-water,100
castform,black-white,white,mystic-water,100
castform,black-2-white-2,black-2,mystic-water,100
castform,black-2-white-2,white-2,mystic-water,100
castform,x-y,x,mystic-water,100
castform,x-y,y,mystic-water,100
castform,omega-ruby-alpha-sapphire,omega-ruby,mystic-water,100
castform,omega-ruby-alpha-sapphire,alpha-sapphire,mystic-water,100
castform,sun-moon,sun,mystic-water,5
castform,sun-moon,moon,mystic-water,5
castform,ultra-sun-ultra-moon,ultra-sun,mystic-water,5
castform,ultra-sun-ultra-moon,ultra-moon,mystic-water,5
kecleon,ruby-sapphire,ruby,persim-berry,5
kecleon,ruby-sapphire,sapphire,persim-berry,5
kecleon,emerald,emerald,persim-berry,5
kecleon,firered-leafgreen,firered,persim-berry,5
kecleon,firered-leafgreen,leafgreen,persim-berry,5
kecleon,diamond-pearl,diamond,persim-berry,5
kecleon,diamond-pearl,pearl,persim-berry,5
kecleon,platinum,platinum,persim-berry,5
kecleon,heartgold-soulsilver,heartgold,persim-berry,5
kecleon,heartgold-soulsilver,soulsilver,persim-berry,5
kecleon,black-white,black,persim-berry,5
kecleon,black-white,white,persim-berry,5
kecleon,black-2-white-2,black-2,persim-berry,5
kecleon,black-2-white-2,white-2,persim-berry,5
shuppet,ruby-sapphire,ruby,spell-tag,5
shuppet,ruby-sapphire,sapphire,spell-tag,5
shuppet,emerald,emerald,spell-tag,5
shuppet,firered-leafgreen,firered,spell-tag,5
shuppet,firered-leafgreen,leafgreen,spell-tag,5
shuppet,diamond-pearl,diamond,spell-tag,5
shuppet,diamond-pearl,pearl,spell-tag,5
shuppet,platinum,platinum,spell-tag,5
shuppet,heartgold-soulsilver,heartgold,spell-tag,5
shuppet,heartgold-soulsilver,soulsilver,spell-tag,5
shuppet,black-white,black,spell-tag,5
shuppet,black-white,white,spell-tag,5
shuppet,black-2-white-2,black-2,spell-tag,5
shuppet,black-2-white-2,white-2,spell-tag,5
shuppet,x-y,x,spell-tag,5
shuppet,x-y,y,spell-tag,5
shuppet,omega-ruby-alpha-sapphire,omega-ruby,spell-tag,5
shuppet,omega-ruby-alpha-sapphire,alpha-sapphire,spell-tag,5
shuppet,sun-moon,sun,spell-tag,5
shuppet,sun-moon,moon,spell-tag,5
shuppet,ultra-sun-ultra-moon,ultra-sun,spell-tag,5
shuppet,ultra-sun-ultra-moon,ultra-moon,spell-tag,5
banette,ruby-sapphire,ruby,spell-tag,5
banette,ruby-sapphire,sapphire,spell-tag,5
banette,emerald,emerald,spell-tag,5
banette,firered-leafgreen,firered,spell-tag,5
banette,firered-leafgreen,leafgreen,spell-tag,5
banette,diamond-pearl,diamond,spell-tag,5
banette,diamond-pearl,pearl,spell-tag,5
banette,platinum,platinum,spell-tag,5
banette,heartgold-soulsilver,heartgold,spell-tag,5
banette,heartgold-soulsilver,soulsilver,spell-tag,5
banette,black-white,black,spell-tag,5
banette,black-white,white,spell-tag,5
banette,black-2-white-2,black-2,spell-tag,5
banette,black-2-white-2,white-2,spell-tag,5
banette,x-y,x,spell-tag,5
banette,x-y,y,spell-tag,5
banette,omega-ruby-alpha-sapphire,omega-ruby,spell-tag,5
banette,omega-ruby-alpha-sapphire,alpha-sapphire,spell-tag,5
banette,sun-moon,sun,spell-tag,5
banette,sun-moon,moon,spell-tag,5
banette,ultra-sun-ultra-moon,ultra-sun,spell-tag,5
banette,ultra-sun-ultra-moon,ultra-moon,spell-tag,5
duskull,ruby-sapphire,ruby,spell-tag,5
duskull,ruby-sapphire,sapphire,spell-tag,5
duskull,emerald,emerald,spell-tag,5
duskull,firered-leafgreen,firered,spell-tag,5
duskull,firered-leafgreen,leafgreen,spell-tag,5
duskull,diamond-pearl,diamond,kasib-berry,5
duskull,diamond-pearl,pearl,kasib-berry,5
duskull,platinum,platinum,kasib-berry,5
duskull,heartgold-soulsilver,heartgold,kasib-berry,5
duskull,heartgold-soulsilver,soulsilver,kasib-berry,5
duskull,black-white,black,kasib-berry,5
duskull,black-white,white,kasib-berry,5
duskull,black-2-white-2,black-2,kasib-berry,5
duskull,black-2-white-2,white-2,kasib-berry,5
duskull,omega-ruby-alpha-sapphire,omega-ruby,spell-tag,5
duskull,omega-ruby-alpha-sapphire,alpha-sapphire,spell-tag,5
duskull,sun-moon,sun,spell-tag,5
duskull,sun-moon,moon,spell-tag,5
duskull,ultra-sun-ultra-moon,ultra-sun,spell-tag,5
duskull,ultra-sun-ultra-moon,ultra-moon,spell-tag,5
dusclops,ruby-sapphire,ruby,spell-tag,5
dusclops,ruby-sapphire,sapphire,spell-tag,5
dusclops,emerald,emerald,spell-tag,5
dusclops,firered-leafgreen,firered,spell-tag,5
dusclops,firered-leafgreen,leafgreen,spell-tag,5
dusclops,diamond-pearl,diamond,kasib-berry,5
dusclops,diamond-pearl,pearl,kasib-berry,5
dusclops,platinum,platinum,kasib-berry,5
dusclops,heartgold-soulsilver,heartgold,kasib-berry,5
dusclops,heartgold-soulsilver,soulsilver,kasib-berry,5
dusclops,black-white,black,kasib-berry,5
dusclops,black-white,white,kasib-berry,5
dusclops,black-2-white-2,black-2,kasib-berry,5
dusclops,black-2-white-2,white-2,kasib-berry,5
dusclops,omega-ruby-alpha-sapphire,omega-ruby,spell-tag,5
dusclops,omega-ruby-alpha-sapphire,alpha-sapphire,spell-tag,5
dusclops,sun-moon,sun,spell-tag,5
dusclops,sun-moon,moon,spell-tag,5
dusclops,ultra-sun-ultra-moon,ultra-sun,spell-tag,5
dusclops,ultra-sun-ultra-moon,ultra-moon,spell-tag,5
chimecho,diamond-pearl,diamond,colbur-berry,5
chimecho,diamond-pearl,pearl,colbur-berry,5
chimecho,platinum,platinum,colbur-berry,5
chimecho,heartgold-soulsilver,heartgold,colbur-berry,5
chimecho,heartgold-soulsilver,soulsilver,colbur-berry,5
chimecho,black-white,black,colbur-berry,5
chimecho,black-white,white,colbur-berry,5
chimecho,black-2-white-2,black-2,colbur-berry,5
chimecho,black-2-white-2,white-2,colbur-berry,5
chimecho,omega-ruby-alpha-sapphire,omega-ruby,cleanse-tag,5
chimecho,omega-ruby-alpha-sapphire,alpha-sapphire,cleanse-tag,5
chimecho,sun-moon,sun,cleanse-tag,5
chimecho,sun-moon,moon,cleanse-tag,5
chimecho,ultra-sun-ultra-moon,ultra-sun,cleanse-tag,5
chimecho,ultra-sun-ultra-moon,ultra-moon,cleanse-tag,5
absol,omega-ruby-alpha-sapphire,omega-ruby,life-orb,5
absol,omega-ruby-alpha-sapphire,alpha-sapphire,life-orb,5
snorunt,diamond-pearl,diamond,babiri-berry,5
snorunt,diamond-pearl,pearl,babiri-berry,5
snorunt,platinum,platinum,babiri-berry,5
snorunt,heartgold-soulsilver,heartgold,babiri-berry,5
snorunt,heartgold-soulsilver,soulsilver,babiri-berry,5
snorunt,black-white,black,babiri-berry,5
snorunt,black-white,white,babiri-berry,5
snorunt,black-2-white-2,black-2,babiri-berry,5
snorunt,black-2-white-2,white-2,babiri-berry,5
snorunt,omega-ruby-alpha-sapphire,omega-ruby,snowball,5
snorunt,omega-ruby-alpha-sapphire,alpha-sapphire,snowball,5
snorunt,sun-moon,sun,snowball,5
snorunt,sun-moon,moon,snowball,5
snorunt,ultra-sun-ultra-moon,ultra-sun,snowball,5
snorunt,ultra-sun-ultra-moon,ultra-moon,snowball,5
glalie,ruby-sapphire,ruby,never-melt-ice,5
glalie,ruby-sapphire,sapphire,never-melt-ice,5
glalie,emerald,emerald,never-melt-ice,5
glalie,firered-leafgreen,firered,never-melt-ice,5
glalie,firered-leafgreen,leafgreen,never-melt-ice,5
glalie,diamond-pearl,diamond,babiri-berry,5
glalie,diamond-pearl,pearl,babiri-berry,5
glalie,platinum,platinum,babiri-berry,5
glalie,heartgold-soulsilver,heartgold,babiri-berry,5
glalie,heartgold-soulsilver,soulsilver,babiri-berry,5
glalie,black-white,black,babiri-berry,5
glalie,black-white,white,babiri-berry,5
glalie,black-2-white-2,black-2,babiri-berry,5
glalie,black-2-white-2,white-2,babiri-berry,5
clamperl,ruby-sapphire,ruby,blue-shard,5
clamperl,ruby-sapphire,sapphire,blue-shard,5
clamperl,emerald,emerald,blue-shard,5
clamperl,firered-leafgreen,firered,blue-shard,5
clamperl,firered-leafgreen,leafgreen,blue-shard,5
clamperl,diamond-pearl,diamond,big-pearl,5
clamperl,diamond-pearl,pearl,big-pearl,5
clamperl,platinum,platinum,big-pearl,5
clamperl,heartgold-soulsilver,heartgold,big-pearl,5
clamperl,heartgold-soulsilver,soulsilver,big-pearl,5
clamperl,black-white,black,big-pearl,5
clamperl,black-white,white,big-pearl,5
clamperl,black-2-white-2,black-2,big-pearl,5
clamperl,black-2-white-2,white-2,big-pearl,5
clamperl,x-y,x,big-pearl,5
clamperl,x-y,y,big-pearl,5
clamperl,omega-ruby-alpha-sapphire,omega-ruby,pearl,50
clamperl,omega-ruby-alpha-sapphire,omega-ruby,big-pearl,5
clamperl,omega-ruby-alpha-sapphire,alpha-sapphire,pearl,50
clamperl,omega-ruby-alpha-sapphire,alpha-sapphire,big-pearl,5
clamperl,sun-moon,sun,pearl,50
clamperl,sun-moon,sun,big-pearl,5
clamperl,sun-moon,moon,pearl,50
clamperl,sun-moon,moon,big-pearl,5
clamperl,ultra-sun-ultra-moon,ultra-sun,pearl,50
clamperl,ultra-sun-ultra-moon,ultra-sun,big-pearl,5
clamperl,ultra-sun-ultra-moon,ultra-moon,pearl,50
clamperl,ultra-sun-ultra-moon,ultra-moon,big-pearl,5
huntail,diamond-pearl,diamond,deep-sea-tooth,5
huntail,diamond-pearl,pearl,deep-sea-tooth,5
huntail,platinum,platinum,deep-sea-tooth,5
huntail,heartgold-soulsilver,heartgold,deep-sea-tooth,5
huntail,heartgold-soulsilver,soulsilver,deep-sea-tooth,5
huntail,black-white,black,deep-sea-tooth,5
huntail,black-white,white,deep-sea-tooth,5
huntail,black-2-white-2,black-2,deep-sea-tooth,5
huntail,black-2-white-2,white-2,deep-sea-tooth,5
huntail,x-y,x,deep-sea-tooth,5
huntail,x-y,y,deep-sea-tooth,5
huntail,omega-ruby-alpha-sapphire,omega-ruby,deep-sea-tooth,5
huntail,omega-ruby-alpha-sapphire,alpha-sapphire,deep-sea-tooth,5
huntail,sun-moon,sun,deep-sea-tooth,5
huntail,sun-moon,moon,deep-sea-tooth,5
huntail,ultra-sun-ultra-moon,ultra-sun,deep-sea-tooth,5
huntail,ultra-sun-ultra-moon,ultra-moon,deep-sea-tooth,5
gorebyss,diamond-pearl,diamond,deep-sea-scale,5
gorebyss,diamond-pearl,pearl,deep-sea-scale,5
gorebyss,platinum,platinum,deep-sea-scale,5
gorebyss,heartgold-soulsilver,heartgold,deep-sea-scale,5
gorebyss,heartgold-soulsilver,soulsilver,deep-sea-scale,5
gorebyss,black-white,black,deep-sea-scale,5
gorebyss,black-white,white,deep-sea-scale,5
gorebyss,black-2-white-2,black-2,deep-sea-scale,5
gorebyss,black-2-white-2,white-2,deep-sea-scale,5
gorebyss,x-y,x,deep-sea-scale,5
gorebyss,x-y,y,deep-sea-scale,5
gorebyss,omega-ruby-alpha-sapphire,omega-ruby,deep-sea-scale,5
gorebyss,omega-ruby-alpha-sapphire,alpha-sapphire,deep-sea-scale,5
gorebyss,sun-moon,sun,deep-sea-scale,5
gorebyss,sun-moon,moon,deep-sea-scale,5
gorebyss,ultra-sun-ultra-moon,ultra-sun,deep-sea-scale,5
gorebyss,ultra-sun-ultra-moon,ultra-moon,deep-sea-scale,5
relicanth,ruby-sapphire,ruby,green-shard,5
relicanth,ruby-sapphire,sapphire,green-shard,5
relicanth,emerald,emerald,green-shard,5
relicanth,firered-leafgreen,firered,green-shard,5
relicanth,firered-leafgreen,leafgreen,green-shard,5
relicanth,diamond-pearl,diamond,deep-sea-scale,5
relicanth,diamond-pearl,pearl,deep-sea-scale,5
relicanth,platinum,platinum,deep-sea-scale,5
relicanth,heartgold-soulsilver,heartgold,deep-sea-scale,5
relicanth,heartgold-soulsilver,soulsilver,deep-sea-scale,5
relicanth,black-white,black,deep-sea-scale,5
relicanth,black-white,white,deep-sea-scale,5
relicanth,black-2-white-2,black-2,deep-sea-scale,5
relicanth,black-2-white-2,white-2,deep-sea-scale,5
relicanth,x-y,x,deep-sea-scale,5
relicanth,x-y,y,deep-sea-scale,5
relicanth,omega-ruby-alpha-sapphire,omega-ruby,deep-sea-scale,5
relicanth,omega-ruby-alpha-sapphire,alpha-sapphire,deep-sea-scale,5
relicanth,sun-moon,sun,deep-sea-scale,5
relicanth,sun-moon,moon,deep-sea-scale,5
relicanth,ultra-sun-ultra-moon,ultra-sun,deep-sea-scale,5
relicanth,ultra-sun-ultra-moon,ultra-moon,deep-sea-scale,5
luvdisc,ruby-sapphire,ruby,heart-scale,50
luvdisc,ruby-sapphire,sapphire,heart-scale,50
luvdisc,emerald,emerald,heart-scale,50
luvdisc,firered-leafgreen,firered,heart-scale,50
luvdisc,firered-leafgreen,leafgreen,heart-scale,50
luvdisc,diamond-pearl,diamond,heart-scale,50
luvdisc,diamond-pearl,pearl,heart-scale,50
luvdisc,platinum,platinum,heart-scale,50
luvdisc,heartgold-soulsilver,heartgold,heart-scale,50
luvdisc,heartgold-soulsilver,soulsilver,heart-scale,50
luvdisc,black-white,black,heart-scale,50
luvdisc,black-white,white,heart-scale,50
luvdisc,black-2-white-2,black-2,heart-scale,50
luvdisc,black-2-white-2,white-2,heart-scale,50
luvdisc,x-y,x,heart-scale,50
luvdisc,x-y,y,heart-scale,50
luvdisc,omega-ruby-alpha-sapphire,omega-ruby,heart-scale,50
luvdisc,omega-ruby-alpha-sapphire,alpha-sapphire,heart-scale,50
luvdisc,sun-moon,sun,heart-scale,50
luvdisc,sun-moon,moon,heart-scale,50
luvdisc,ultra-sun-ultra-moon,ultra-sun,heart-scale,50
luvdisc,ultra-sun-ultra-moon,ultra-moon,heart-scale,50
bagon,ruby-sapphire,ruby,dragon-scale,5
bagon,ruby-sapphire,sapphire,dragon-scale,5
bagon,emerald,emerald,dragon-scale,5
bagon,firered-leafgreen,firered,dragon-scale,5
bagon,firered-leafgreen,leafgreen,dragon-scale,5
bagon,diamond-pearl,diamond,dragon-fang,5
bagon,diamond-pearl,pearl,dragon-fang,5
bagon,platinum,platinum,dragon-fang,5
bagon,heartgold-soulsilver,heartgold,dragon-fang,5
bagon,heartgold-soulsilver,soulsilver,dragon-fang,5
bagon,black-white,black,dragon-fang,5
bagon,black-white,white,dragon-fang,5
bagon,black-2-white-2,black-2,dragon-fang,5
bagon,black-2-white-2,white-2,dragon-fang,5
bagon,x-y,x,dragon-fang,5
bagon,x-y,y,dragon-fang,5
bagon,omega-ruby-alpha-sapphire,omega-ruby,dragon-fang,5
bagon,omega-ruby-alpha-sapphire,alpha-sapphire,dragon-fang,5
bagon,sun-moon,sun,dragon-fang,5
bagon,sun-moon,moon,dragon-fang,5
bagon,ultra-sun-ultra-moon,ultra-sun,dragon-fang,5
bagon,ultra-sun-ultra-moon,ultra-moon,dragon-fang,5
shelgon,ruby-sapphire,ruby,dragon-scale,5
shelgon,ruby-sapphire,sapphire,dragon-scale,5
shelgon,emerald,emerald,dragon-scale,5
shelgon,firered-leafgreen,firered,dragon-scale,5
shelgon,firered-leafgreen,leafgreen,dragon-scale,5
shelgon,diamond-pearl,diamond,dragon-fang,5
shelgon,diamond-pearl,pearl,dragon-fang,5
shelgon,platinum,platinum,dragon-fang,5
shelgon,heartgold-soulsilver,heartgold,dragon-fang,5
shelgon,heartgold-soulsilver,soulsilver,dragon-fang,5
shelgon,black-white,black,dragon-fang,5
shelgon,black-white,white,dragon-fang,5
shelgon,black-2-white-2,black-2,dragon-fang,5
shelgon,black-2-white-2,white-2,dragon-fang,5
shelgon,x-y,x,dragon-fang,5
shelgon,x-y,y,dragon-fang,5
shelgon,omega-ruby-alpha-sapphire,omega-ruby,dragon-fang,5
shelgon,omega-ruby-alpha-sapphire,alpha-sapphire,dragon-fang,5
shelgon,sun-moon,sun,dragon-fang,5
shelgon,sun-moon,moon,dragon-fang,5
shelgon,ultra-sun-ultra-moon,ultra-sun,dragon-fang,5
shelgon,ultra-sun-ultra-moon,ultra-moon,dragon-fang,5
salamence,ruby-sapphire,ruby,dragon-scale,5
salamence,ruby-sapphire,sapphire,dragon-scale,5
salamence,emerald,emerald,dragon-scale,5
salamence,firered-leafgreen,firered,dragon-scale,5
salamence,firered-leafgreen,leafgreen,dragon-scale,5
salamence,diamond-pearl,diamond,dragon-fang,5
salamence,diamond-pearl,pearl,dragon-fang,5
salamence,platinum,platinum,dragon-fang,5
salamence,heartgold-soulsilver,heartgold,dragon-fang,5
salamence,heartgold-soulsilver,soulsilver,dragon-fang,5
salamence,black-white,black,dragon-fang,5
salamence,black-white,white,dragon-fang,5
salamence,black-2-white-2,black-2,dragon-fang,5
salamence,black-2-white-2,white-2,dragon-fang,5
salamence,x-y,x,dragon-fang,5
salamence,x-y,y,dragon-fang,5
salamence,omega-ruby-alpha-sapphire,omega-ruby,dragon-fang,5
salamence,omega-ruby-alpha-sapphire,alpha-sapphire,dragon-fang,5
salamence,sun-moon,sun,dragon-fang,5
salamence,sun-moon,moon,dragon-fang,5
salamence,ultra-sun-ultra-moon,ultra-sun,dragon-fang,5
salamence,ultra-sun-ultra-moon,ultra-moon,dragon-fang,5
beldum,ruby-sapphire,ruby,metal-coat,5
beldum,ruby-sapphire,sapphire,metal-coat,5
beldum,emerald,emerald,metal-coat,5
beldum,firered-leafgreen,firered,metal-coat,5
beldum,firered-leafgreen,leafgreen,metal-coat,5
beldum,diamond-pearl,diamond,metal-coat,5
beldum,diamond-pearl,pearl,metal-coat,5
beldum,platinum,platinum,metal-coat,5
beldum,heartgold-soulsilver,heartgold,metal-coat,5
beldum,heartgold-soulsilver,soulsilver,metal-coat,5
beldum,black-white,black,metal-coat,5
beldum,black-white,white,metal-coat,5
beldum,black-2-white-2,black-2,metal-coat,5
beldum,black-2-white-2,white-2,metal-coat,5
beldum,x-y,x,metal-coat,5
beldum,x-y,y,metal-coat,5
beldum,omega-ruby-alpha-sapphire,omega-ruby,metal-coat,5
beldum,omega-ruby-alpha-sapphire,alpha-sapphire,metal-coat,5
beldum,sun-moon,sun,metal-coat,5
beldum,sun-moon,moon,metal-coat,5
beldum,ultra-sun-ultra-moon,ultra-sun,metal-coat,5
beldum,ultra-sun-ultra-moon,ultra-moon,metal-coat,5
metang,ruby-sapphire,ruby,metal-coat,5
metang,ruby-sapphire,sapphire,metal-coat,5
metang,emerald,emerald,metal-coat,5
metang,firered-leafgreen,firered,metal-coat,5
metang,firered-leafgreen,leafgreen,metal-coat,5
metang,diamond-pearl,diamond,metal-coat,5
metang,diamond-pearl,pearl,metal-coat,5
metang,platinum,platinum,metal-coat,5
metang,heartgold-soulsilver,heartgold,metal-coat,5
metang,heartgold-soulsilver,soulsilver,metal-coat,5
metang,black-white,black,metal-coat,5
metang,black-white,white,metal-coat,5
metang,black-2-white-2,black-2,metal-coat,5
metang,black-2-white-2,white-2,metal-coat,5
metang,x-y,x,metal-coat,5
metang,x-y,y,metal-coat,5
metang,omega-ruby-alpha-sapphire,omega-ruby,metal-coat,5
metang,omega-ruby-alpha-sapphire,alpha-sapphire,metal-coat,5
metang,sun-moon,sun,metal-coat,5
metang,sun-moon,moon,metal-coat,5
metang,ultra-sun-ultra-moon,ultra-sun,metal-coat,5
metang,ultra-sun-ultra-moon,ultra-moon,metal-coat,5
metagross,ruby-sapphire,ruby,metal-coat,5
metagross,ruby-sapphire,sapphire,metal-coat,5
metagross,emerald,emerald,metal-coat,5
metagross,firered-leafgreen,firered,metal-coat,5
metagross,firered-leafgreen,leafgreen,metal-coat,5
metagross,diamond-pearl,diamond,metal-coat,5
metagross,diamond-pearl,pearl,metal-coat,5
metagross,platinum,platinum,metal-coat,5
metagross,heartgold-soulsilver,heartgold,metal-coat,5
metagross,heartgold-soulsilver,soulsilver,metal-coat,5
metagross,black-white,black,metal-coat,5
metagross,black-white,white,metal-coat,5
metagross,black-2-white-2,black-2,metal-coat,5
metagross,black-2-white-2,white-2,metal-coat,5
metagross,x-y,x,metal-coat,5
metagross,x-y,y,metal-coat,5
metagross,omega-ruby-alpha-sapphire,omega-ruby,metal-coat,5
metagross,omega-ruby-alpha-sapphire,alpha-sapphire,metal-coat,5
metagross,sun-moon,sun,metal-coat,5
metagross,sun-moon,moon,metal-coat,5
metagross,ultra-sun-ultra-moon,ultra-sun,metal-coat,5
metagross,ultra-sun-ultra-moon,ultra-moon,metal-coat,5
jirachi,ruby-sapphire,ruby,star-piece,100
jirachi,ruby-sapphire,sapphire,star-piece,100
jirachi,emerald,emerald,star-piece,100
jirachi,firered-leafgreen,firered,star-piece,100
jirachi,firered-leafgreen,leafgreen,star-piece,100
jirachi,diamond-pearl,diamond,star-piece,100
jirachi,diamond-pearl,pearl,star-piece,100
jirachi,platinum,platinum,star-piece,100
jirachi,heartgold-soulsilver,heartgold,star-piece,100
jirachi,heartgold-soulsilver,soulsilver,star-piece,100
jirachi,black-white,black,star-piece,100
jirachi,black-white,white,star-piece,100
jirachi,black-2-white-2,black-2,star-piece,100
jirachi,black-2-white-2,white-2,star-piece,100
jirachi,x-y,x,star-piece,100
jirachi,x-y,y,star-piece,100
jirachi,omega-ruby-alpha-sapphire,omega-ruby,star-piece,100
jirachi,omega-ruby-alpha-sapphire,alpha-sapphire,star-piece,100
jirachi,sun-moon,sun,star-piece,5
jirachi,sun-moon,moon,star-piece,5
jirachi,ultra-sun-ultra-moon,ultra-sun,star-piece,5
jirachi,ultra-sun-ultra-moon,ultra-moon,star-piece,5
starly,diamond-pearl,diamond,yache-berry,5
starly,diamond-pearl,pearl,yache-berry,5
starly,platinum,platinum,yache-berry,5
starly,heartgold-soulsilver,heartgold,yache-berry,5
starly,heartgold-soulsilver,soulsilver,yache-berry,5
starly,black-white,black,yache-berry,5
starly,black-white,white,yache-berry,5
starly,black-2-white-2,black-2,yache-berry,5
starly,black-2-white-2,white-2,yache-berry,5
staravia,diamond-pearl,diamond,yache-berry,5
staravia,diamond-pearl,pearl,yache-berry,5
staravia,platinum,platinum,yache-berry,5
staravia,heartgold-soulsilver,heartgold,yache-berry,5
staravia,heartgold-soulsilver,soulsilver,yache-berry,5
staravia,black-white,black,yache-berry,5
staravia,black-white,white,yache-berry,5
staravia,black-2-white-2,black-2,yache-berry,5
staravia,black-2-white-2,white-2,yache-berry,5
staraptor,diamond-pearl,diamond,yache-berry,5
staraptor,diamond-pearl,pearl,yache-berry,5
staraptor,platinum,platinum,yache-berry,5
staraptor,heartgold-soulsilver,heartgold,yache-berry,5
staraptor,heartgold-soulsilver,soulsilver,yache-berry,5
staraptor,black-white,black,yache-berry,5
staraptor,black-white,white,yache-berry,5
staraptor,black-2-white-2,black-2,yache-berry,5
staraptor,black-2-white-2,white-2,yache-berry,5
bibarel,diamond-pearl,diamond,oran-berry,50
bibarel,diamond-pearl,diamond,sitrus-berry,5
bibarel,diamond-pearl,pearl,oran-berry,50
bibarel,diamond-pearl,pearl,sitrus-berry,5
bibarel,platinum,platinum,oran-berry,50
bibarel,platinum,platinum,sitrus-berry,5
bibarel,heartgold-soulsilver,heartgold,oran-berry,50
bibarel,heartgold-soulsilver,heartgold,sitrus-berry,5
bibarel,heartgold-soulsilver,soulsilver,oran-berry,50
bibarel,heartgold-soulsilver,soulsilver,sitrus-berry,5
bibarel,black-white,black,oran-berry,50
bibarel,black-white,black,sitrus-berry,5
bibarel,black-white,white,oran-berry,50
bibarel,black-white,white,sitrus-berry,5
bibarel,black-2-white-2,black-2,oran-berry,50
bibarel,black-2-white-2,black-2,sitrus-berry,5
bibarel,black-2-white-2,white-2,oran-berry,50
bibarel,black-2-white-2,white-2,sitrus-berry,5
kricketot,diamond-pearl,diamond,metronome,5
kricketot,diamond-pearl,pearl,metronome,5
kricketot,platinum,platinum,metronome,5
kricketot,heartgold-soulsilver,heartgold,metronome,5
kricketot,heartgold-soulsilver,soulsilver,metronome,5
kricketot,black-white,black,metronome,5
kricketot,black-white,white,metronome,5
kricketot,black-2-white-2,black-2,metronome,5
kricketot,black-2-white-2,white-2,metronome,5
kricketot,x-y,x,metronome,5
kricketot,x-y,y,metronome,5
kricketot,omega-ruby-alpha-sapphire,omega-ruby,metronome,5
kricketot,omega-ruby-alpha-sapphire,alpha-sapphire,metronome,5
kricketot,sun-moon,sun,metronome,5
kricketot,sun-moon,moon,metronome,5
kricketot,ultra-sun-ultra-moon,ultra-sun,metronome,5
kricketot,ultra-sun-ultra-moon,ultra-moon,metronome,5
kricketune,diamond-pearl,diamond,metronome,5
kricketune,diamond-pearl,pearl,metronome,5
kricketune,platinum,platinum,metronome,5
kricketune,heartgold-soulsilver,heartgold,metronome,5
kricketune,heartgold-soulsilver,soulsilver,metronome,5
kricketune,black-white,black,metronome,5
kricketune,black-white,white,metronome,5
kricketune,black-2-white-2,black-2,metronome,5
kricketune,black-2-white-2,white-2,metronome,5
kricketune,x-y,x,metronome,5
kricketune,x-y,y,metronome,5
kricketune,omega-ruby-alpha-sapphire,omega-ruby,metronome,5
kricketune,omega-ruby-alpha-sapphire,alpha-sapphire,metronome,5
kricketune,sun-moon,sun,metronome,5
kricketune,sun-moon,moon,metronome,5
kricketune,ultra-sun-ultra-moon,ultra-sun,metronome,5
kricketune,ultra-sun-ultra-moon,ultra-moon,metronome,5
budew,diamond-pearl,diamond,poison-barb,5
budew,diamond-pearl,pearl,poison-barb,5
budew,platinum,platinum,poison-barb,5
budew,heartgold-soulsilver,heartgold,poison-barb,5
budew,heartgold-soulsilver,soulsilver,poison-barb,5
budew,black-white,black,poison-barb,5
budew,black-white,white,poison-barb,5
budew,black-2-white-2,black-2,poison-barb,5
budew,black-2-white-2,white-2,poison-barb,5
budew,x-y,x,poison-barb,5
budew,x-y,y,poison-barb,5
budew,omega-ruby-alpha-sapphire,omega-ruby,poison-barb,5
budew,omega-ruby-alpha-sapphire,alpha-sapphire,poison-barb,5
budew,sun-moon,sun,poison-barb,5
budew,sun-moon,moon,poison-barb,5
budew,ultra-sun-ultra-moon,ultra-sun,poison-barb,5
budew,ultra-sun-ultra-moon,ultra-moon,poison-barb,5
roserade,diamond-pearl,diamond,poison-barb,5
roserade,diamond-pearl,pearl,poison-barb,5
roserade,platinum,platinum,poison-barb,5
roserade,heartgold-soulsilver,heartgold,poison-barb,5
roserade,heartgold-soulsilver,soulsilver,poison-barb,5
roserade,black-white,black,poison-barb,5
roserade,black-white,white,poison-barb,5
roserade,black-2-white-2,black-2,poison-barb,5
roserade,black-2-white-2,black-2,absorb-bulb,1
roserade,black-2-white-2,white-2,poison-barb,5
roserade,black-2-white-2,white-2,absorb-bulb,1
roserade,x-y,x,poison-barb,5
roserade,x-y,y,poison-barb,5
roserade,omega-ruby-alpha-sapphire,omega-ruby,poison-barb,5
roserade,omega-ruby-alpha-sapphire,alpha-sapphire,poison-barb,5
roserade,sun-moon,sun,poison-barb,5
roserade,sun-moon,moon,poison-barb,5
roserade,ultra-sun-ultra-moon,ultra-sun,poison-barb,5
roserade,ultra-sun-ultra-moon,ultra-moon,poison-barb,5
wormadam-plant,diamond-pearl,diamond,silver-powder,5
wormadam-plant,diamond-pearl,pearl,silver-powder,5
wormadam-plant,platinum,platinum,silver-powder,5
wormadam-plant,heartgold-soulsilver,heartgold,silver-powder,5
wormadam-plant,heartgold-soulsilver,soulsilver,silver-powder,5
wormadam-plant,black-white,black,silver-powder,5
wormadam-plant,black-white,white,silver-powder,5
wormadam-plant,black-2-white-2,black-2,silver-powder,5
wormadam-plant,black-2-white-2,white-2,silver-powder,5
wormadam-plant,x-y,x,silver-powder,5
wormadam-plant,x-y,y,silver-powder,5
wormadam-plant,omega-ruby-alpha-sapphire,omega-ruby,silver-powder,5
wormadam-plant,omega-ruby-alpha-sapphire,alpha-sapphire,silver-powder,5
wormadam-plant,sun-moon,sun,silver-powder,5
wormadam-plant,sun-moon,moon,silver-powder,5
wormadam-plant,ultra-sun-ultra-moon,ultra-sun,silver-powder,5
wormadam-plant,ultra-sun-ultra-moon,ultra-moon,silver-powder,5
mothim,diamond-pearl,diamond,silver-powder,5
mothim,diamond-pearl,pearl,silver-powder,5
mothim,platinum,platinum,silver-powder,5
mothim,heartgold-soulsilver,heartgold,silver-powder,5
mothim,heartgold-soulsilver,soulsilver,silver-powder,5
mothim,black-white,black,silver-powder,5
mothim,black-white,white,silver-powder,5
mothim,black-2-white-2,black-2,silver-powder,5
mothim,black-2-white-2,white-2,silver-powder,5
mothim,x-y,x,silver-powder,5
mothim,x-y,y,silver-powder,5
mothim,omega-ruby-alpha-sapphire,omega-ruby,silver-powder,5
mothim,omega-ruby-alpha-sapphire,alpha-sapphire,silver-powder,5
mothim,sun-moon,sun,silver-powder,5
mothim,sun-moon,moon,silver-powder,5
mothim,ultra-sun-ultra-moon,ultra-sun,silver-powder,5
mothim,ultra-sun-ultra-moon,ultra-moon,silver-powder,5
combee,diamond-pearl,diamond,honey,100
combee,diamond-pearl,pearl,honey,100
combee,platinum,platinum,honey,100
combee,heartgold-soulsilver,heartgold,honey,100
combee,heartgold-soulsilver,soulsilver,honey,100
combee,black-white,black,honey,100
combee,black-white,white,honey,100
combee,black-2-white-2,black-2,honey,5
combee,black-2-white-2,white-2,honey,5
combee,x-y,x,honey,5
combee,x-y,y,honey,5
combee,omega-ruby-alpha-sapphire,omega-ruby,honey,5
combee,omega-ruby-alpha-sapphire,alpha-sapphire,honey,5
combee,sun-moon,sun,honey,5
combee,sun-moon,moon,honey,5
combee,ultra-sun-ultra-moon,ultra-sun,honey,5
combee,ultra-sun-ultra-moon,ultra-moon,honey,5
vespiquen,diamond-pearl,diamond,poison-barb,5
vespiquen,diamond-pearl,pearl,poison-barb,5
vespiquen,platinum,platinum,poison-barb,5
vespiquen,heartgold-soulsilver,heartgold,poison-barb,5
vespiquen,heartgold-soulsilver,soulsilver,poison-barb,5
vespiquen,black-white,black,poison-barb,5
vespiquen,black-white,white,poison-barb,5
vespiquen,black-2-white-2,black-2,poison-barb,5
vespiquen,black-2-white-2,white-2,poison-barb,5
vespiquen,x-y,x,poison-barb,5
vespiquen,x-y,y,poison-barb,5
vespiquen,omega-ruby-alpha-sapphire,omega-ruby,poison-barb,5
vespiquen,omega-ruby-alpha-sapphire,alpha-sapphire,poison-barb,5
vespiquen,sun-moon,sun,poison-barb,5
vespiquen,sun-moon,moon,poison-barb,5
vespiquen,ultra-sun-ultra-moon,ultra-sun,poison-barb,5
vespiquen,ultra-sun-ultra-moon,ultra-moon,poison-barb,5
buizel,diamond-pearl,diamond,wacan-berry,5
buizel,diamond-pearl,pearl,wacan-berry,5
buizel,platinum,platinum,wacan-berry,5
buizel,heartgold-soulsilver,heartgold,wacan-berry,5
buizel,heartgold-soulsilver,soulsilver,wacan-berry,5
buizel,black-white,black,wacan-berry,5
buizel,black-white,white,wacan-berry,5
floatzel,diamond-pearl,diamond,wacan-berry,5
floatzel,diamond-pearl,pearl,wacan-berry,5
floatzel,platinum,platinum,wacan-berry,5
floatzel,heartgold-soulsilver,heartgold,wacan-berry,5
floatzel,heartgold-soulsilver,soulsilver,wacan-berry,5
floatzel,black-white,black,wacan-berry,5
floatzel,black-white,white,wacan-berry,5
cherubi,diamond-pearl,diamond,miracle-seed,5
cherubi,diamond-pearl,pearl,miracle-seed,5
cherubi,platinum,platinum,miracle-seed,5
cherubi,heartgold-soulsilver,heartgold,miracle-seed,5
cherubi,heartgold-soulsilver,soulsilver,miracle-seed,5
cherubi,black-white,black,miracle-seed,5
cherubi,black-white,white,miracle-seed,5
cherubi,black-2-white-2,black-2,miracle-seed,5
cherubi,black-2-white-2,white-2,miracle-seed,5
cherubi,x-y,x,miracle-seed,5
cherubi,x-y,y,miracle-seed,5
cherubi,omega-ruby-alpha-sapphire,omega-ruby,miracle-seed,5
cherubi,omega-ruby-alpha-sapphire,alpha-sapphire,miracle-seed,5
cherubi,sun-moon,sun,miracle-seed,5
cherubi,sun-moon,moon,miracle-seed,5
cherubi,ultra-sun-ultra-moon,ultra-sun,miracle-seed,5
cherubi,ultra-sun-ultra-moon,ultra-moon,miracle-seed,5
cherrim,diamond-pearl,diamond,miracle-seed,5
cherrim,diamond-pearl,pearl,miracle-seed,5
cherrim,platinum,platinum,miracle-seed,5
cherrim,heartgold-soulsilver,heartgold,miracle-seed,5
cherrim,heartgold-soulsilver,soulsilver,miracle-seed,5
cherrim,black-white,black,miracle-seed,5
cherrim,black-white,white,miracle-seed,5
cherrim,black-2-white-2,black-2,miracle-seed,5
cherrim,black-2-white-2,white-2,miracle-seed,5
cherrim,x-y,x,miracle-seed,5
cherrim,x-y,y,miracle-seed,5
cherrim,omega-ruby-alpha-sapphire,omega-ruby,miracle-seed,5
cherrim,omega-ruby-alpha-sapphire,alpha-sapphire,miracle-seed,5
cherrim,sun-moon,sun,miracle-seed,5
cherrim,sun-moon,moon,miracle-seed,5
cherrim,ultra-sun-ultra-moon,ultra-sun,miracle-seed,5
cherrim,ultra-sun-ultra-moon,ultra-moon,miracle-seed,5
drifblim,black-2-white-2,black-2,air-balloon,1
drifblim,black-2-white-2,white-2,air-balloon,1
buneary,diamond-pearl,diamond,chople-berry,5
buneary,diamond-pearl,pearl,chople-berry,5
buneary,platinum,platinum,chople-berry,5
buneary,heartgold-soulsilver,heartgold,chople-berry,5
buneary,heartgold-soulsilver,soulsilver,chople-berry,5
buneary,black-white,black,chople-berry,5
buneary,black-white,white,chople-berry,5
buneary,black-2-white-2,black-2,pecha-berry,50
buneary,black-2-white-2,white-2,pecha-berry,50
lopunny,diamond-pearl,diamond,chople-berry,5
lopunny,diamond-pearl,pearl,chople-berry,5
lopunny,platinum,platinum,chople-berry,5
lopunny,heartgold-soulsilver,heartgold,chople-berry,5
lopunny,heartgold-soulsilver,soulsilver,chople-berry,5
lopunny,black-white,black,chople-berry,5
lopunny,black-white,white,chople-berry,5
lopunny,black-2-white-2,black-2,pecha-berry,50
lopunny,black-2-white-2,white-2,pecha-berry,50
glameow,diamond-pearl,diamond,cheri-berry,5
glameow,diamond-pearl,pearl,cheri-berry,5
glameow,platinum,platinum,cheri-berry,5
glameow,heartgold-soulsilver,heartgold,cheri-berry,5
glameow,heartgold-soulsilver,soulsilver,cheri-berry,5
glameow,black-white,black,cheri-berry,5
glameow,black-white,white,cheri-berry,5
glameow,black-2-white-2,black-2,cheri-berry,5
glameow,black-2-white-2,white-2,cheri-berry,5
purugly,diamond-pearl,diamond,cheri-berry,5
purugly,diamond-pearl,pearl,cheri-berry,5
purugly,platinum,platinum,cheri-berry,5
purugly,heartgold-soulsilver,heartgold,cheri-berry,5
purugly,heartgold-soulsilver,soulsilver,cheri-berry,5
purugly,black-white,black,cheri-berry,5
purugly,black-white,white,cheri-berry,5
purugly,black-2-white-2,black-2,cheri-berry,5
purugly,black-2-white-2,white-2,cheri-berry,5
chingling,diamond-pearl,diamond,colbur-berry,5
chingling,diamond-pearl,pearl,colbur-berry,5
chingling,platinum,platinum,colbur-berry,5
chingling,heartgold-soulsilver,heartgold,colbur-berry,5
chingling,heartgold-soulsilver,soulsilver,colbur-berry,5
chingling,black-white,black,colbur-berry,5
chingling,black-white,white,colbur-berry,5
chingling,black-2-white-2,black-2,colbur-berry,5
chingling,black-2-white-2,white-2,colbur-berry,5
chingling,omega-ruby-alpha-sapphire,omega-ruby,cleanse-tag,5
chingling,omega-ruby-alpha-sapphire,alpha-sapphire,cleanse-tag,5
chingling,sun-moon,sun,cleanse-tag,5
chingling,sun-moon,moon,cleanse-tag,5
chingling,ultra-sun-ultra-moon,ultra-sun,cleanse-tag,5
chingling,ultra-sun-ultra-moon,ultra-moon,cleanse-tag,5
stunky,diamond-pearl,diamond,pecha-berry,5
stunky,diamond-pearl,pearl,pecha-berry,5
stunky,platinum,platinum,pecha-berry,5
stunky,heartgold-soulsilver,heartgold,pecha-berry,5
stunky,heartgold-soulsilver,soulsilver,pecha-berry,5
stunky,black-white,black,pecha-berry,5
stunky,black-white,white,pecha-berry,5
stunky,black-2-white-2,black-2,pecha-berry,5
stunky,black-2-white-2,white-2,pecha-berry,5
skuntank,diamond-pearl,diamond,pecha-berry,5
skuntank,diamond-pearl,pearl,pecha-berry,5
skuntank,platinum,platinum,pecha-berry,5
skuntank,heartgold-soulsilver,heartgold,pecha-berry,5
skuntank,heartgold-soulsilver,soulsilver,pecha-berry,5
skuntank,black-white,black,pecha-berry,5
skuntank,black-white,white,pecha-berry,5
skuntank,black-2-white-2,black-2,pecha-berry,5
skuntank,black-2-white-2,white-2,pecha-berry,5
bronzor,diamond-pearl,diamond,metal-coat,5
bronzor,diamond-pearl,pearl,metal-coat,5
bronzor,platinum,platinum,metal-coat,5
bronzor,heartgold-soulsilver,heartgold,metal-coat,5
bronzor,heartgold-soulsilver,soulsilver,metal-coat,5
bronzor,black-white,black,metal-coat,5
bronzor,black-white,white,metal-coat,5
bronzor,black-2-white-2,black-2,metal-coat,5
bronzor,black-2-white-2,white-2,metal-coat,5
bronzor,x-y,x,metal-coat,5
bronzor,x-y,y,metal-coat,5
bronzor,omega-ruby-alpha-sapphire,omega-ruby,metal-coat,5
bronzor,omega-ruby-alpha-sapphire,alpha-sapphire,metal-coat,5
bronzor,sun-moon,sun,metal-coat,5
bronzor,sun-moon,moon,metal-coat,5
bronzor,ultra-sun-ultra-moon,ultra-sun,metal-coat,5
bronzor,ultra-sun-ultra-moon,ultra-moon,metal-coat,5
bronzong,diamond-pearl,diamond,metal-coat,5
bronzong,diamond-pearl,pearl,metal-coat,5
bronzong,platinum,platinum,metal-coat,5
bronzong,heartgold-soulsilver,heartgold,metal-coat,5
bronzong,heartgold-soulsilver,soulsilver,metal-coat,5
bronzong,black-white,black,metal-coat,5
bronzong,black-white,white,metal-coat,5
bronzong,black-2-white-2,black-2,metal-coat,5
bronzong,black-2-white-2,white-2,metal-coat,5
bronzong,x-y,x,metal-coat,5
bronzong,x-y,y,metal-coat,5
bronzong,omega-ruby-alpha-sapphire,omega-ruby,metal-coat,5
bronzong,omega-ruby-alpha-sapphire,alpha-sapphire,metal-coat,5
bronzong,sun-moon,sun,metal-coat,5
bronzong,sun-moon,moon,metal-coat,5
bronzong,ultra-sun-ultra-moon,ultra-sun,metal-coat,5
bronzong,ultra-sun-ultra-moon,ultra-moon,metal-coat,5
mime-jr,diamond-pearl,diamond,leppa-berry,5
mime-jr,diamond-pearl,pearl,leppa-berry,5
mime-jr,platinum,platinum,leppa-berry,5
mime-jr,heartgold-soulsilver,heartgold,leppa-berry,5
mime-jr,heartgold-soulsilver,soulsilver,leppa-berry,5
mime-jr,black-white,black,leppa-berry,5
mime-jr,black-white,white,leppa-berry,5
happiny,diamond-pearl,diamond,oval-stone,50
happiny,diamond-pearl,diamond,lucky-punch,5
happiny,diamond-pearl,pearl,oval-stone,50
happiny,diamond-pearl,pearl,lucky-punch,5
happiny,platinum,platinum,oval-stone,50
happiny,platinum,platinum,lucky-punch,5
happiny,heartgold-soulsilver,heartgold,oval-stone,50
happiny,heartgold-soulsilver,heartgold,lucky-punch,5
happiny,heartgold-soulsilver,soulsilver,oval-stone,50
happiny,heartgold-soulsilver,soulsilver,lucky-punch,5
happiny,black-white,black,oval-stone,50
happiny,black-white,black,lucky-egg,5
happiny,black-white,white,oval-stone,50
happiny,black-white,white,lucky-egg,5
happiny,black-2-white-2,black-2,oval-stone,50
happiny,black-2-white-2,black-2,lucky-egg,5
happiny,black-2-white-2,white-2,oval-stone,50
happiny,black-2-white-2,white-2,lucky-egg,5
happiny,x-y,x,oval-stone,50
happiny,x-y,x,lucky-egg,5
happiny,x-y,y,oval-stone,50
happiny,x-y,y,lucky-egg,5
happiny,omega-ruby-alpha-sapphire,omega-ruby,oval-stone,50
happiny,omega-ruby-alpha-sapphire,omega-ruby,lucky-egg,5
happiny,omega-ruby-alpha-sapphire,alpha-sapphire,oval-stone,50
happiny,omega-ruby-alpha-sapphire,alpha-sapphire,lucky-egg,5
happiny,sun-moon,sun,oval-stone,50
happiny,sun-moon,moon,oval-stone,50
happiny,ultra-sun-ultra-moon,ultra-sun,oval-stone,50
happiny,ultra-sun-ultra-moon,ultra-moon,oval-stone,50
chatot,diamond-pearl,diamond,metronome,5
chatot,diamond-pearl,pearl,metronome,5
chatot,platinum,platinum,metronome,5
chatot,heartgold-soulsilver,heartgold,metronome,5
chatot,heartgold-soulsilver,soulsilver,metronome,5
chatot,black-white,black,metronome,5
chatot,black-white,white,metronome,5
chatot,black-2-white-2,black-2,metronome,5
chatot,black-2-white-2,white-2,metronome,5
chatot,x-y,x,metronome,5
chatot,x-y,y,metronome,5
chatot,omega-ruby-alpha-sapphire,omega-ruby,metronome,5
chatot,omega-ruby-alpha-sapphire,alpha-sapphire,metronome,5
chatot,sun-moon,sun,metronome,5
chatot,sun-moon,moon,metronome,5
chatot,ultra-sun-ultra-moon,ultra-sun,metronome,5
chatot,ultra-sun-ultra-moon,ultra-moon,metronome,5
gible,diamond-pearl,diamond,haban-berry,5
gible,diamond-pearl,pearl,haban-berry,5
gible,platinum,platinum,haban-berry,5
gible,heartgold-soulsilver,heartgold,haban-berry,5
gible,heartgold-soulsilver,soulsilver,haban-berry,5
gible,black-white,black,haban-berry,5
gible,black-white,white,haban-berry,5
gible,black-2-white-2,black-2,haban-berry,5
gible,black-2-white-2,white-2,haban-berry,5
gabite,diamond-pearl,diamond,haban-berry,5
gabite,diamond-pearl,pearl,haban-berry,5
gabite,platinum,platinum,haban-berry,5
gabite,heartgold-soulsilver,heartgold,haban-berry,5
gabite,heartgold-soulsilver,soulsilver,haban-berry,5
gabite,black-white,black,haban-berry,5
gabite,black-white,white,haban-berry,5
gabite,black-2-white-2,black-2,haban-berry,5
gabite,black-2-white-2,white-2,haban-berry,5
garchomp,diamond-pearl,diamond,haban-berry,5
garchomp,diamond-pearl,pearl,haban-berry,5
garchomp,platinum,platinum,haban-berry,5
garchomp,heartgold-soulsilver,heartgold,haban-berry,5
garchomp,heartgold-soulsilver,soulsilver,haban-berry,5
garchomp,black-white,black,haban-berry,5
garchomp,black-white,white,haban-berry,5
garchomp,black-2-white-2,black-2,haban-berry,5
garchomp,black-2-white-2,white-2,haban-berry,5
munchlax,diamond-pearl,diamond,leftovers,100
munchlax,diamond-pearl,pearl,leftovers,100
munchlax,platinum,platinum,leftovers,100
munchlax,heartgold-soulsilver,heartgold,leftovers,100
munchlax,heartgold-soulsilver,soulsilver,leftovers,100
munchlax,black-white,black,leftovers,100
munchlax,black-white,white,leftovers,100
munchlax,black-2-white-2,black-2,leftovers,100
munchlax,black-2-white-2,white-2,leftovers,100
munchlax,x-y,x,leftovers,100
munchlax,x-y,y,leftovers,100
munchlax,omega-ruby-alpha-sapphire,omega-ruby,leftovers,100
munchlax,omega-ruby-alpha-sapphire,alpha-sapphire,leftovers,100
munchlax,sun-moon,sun,leftovers,5
munchlax,sun-moon,moon,leftovers,5
munchlax,ultra-sun-ultra-moon,ultra-sun,leftovers,5
munchlax,ultra-sun-ultra-moon,ultra-moon,leftovers,5
skorupi,diamond-pearl,diamond,poison-barb,5
skorupi,diamond-pearl,pearl,poison-barb,5
skorupi,platinum,platinum,poison-barb,5
skorupi,heartgold-soulsilver,heartgold,poison-barb,5
skorupi,heartgold-soulsilver,soulsilver,poison-barb,5
skorupi,black-white,black,poison-barb,5
skorupi,black-white,white,poison-barb,5
skorupi,black-2-white-2,black-2,poison-barb,5
skorupi,black-2-white-2,white-2,poison-barb,5
skorupi,x-y,x,poison-barb,5
skorupi,x-y,y,poison-barb,5
skorupi,omega-ruby-alpha-sapphire,omega-ruby,poison-barb,5
skorupi,omega-ruby-alpha-sapphire,alpha-sapphire,poison-barb,5
skorupi,sun-moon,sun,poison-barb,5
skorupi,sun-moon,moon,poison-barb,5
skorupi,ultra-sun-ultra-moon,ultra-sun,poison-barb,5
skorupi,ultra-sun-ultra-moon,ultra-moon,poison-barb,5
drapion,diamond-pearl,diamond,poison-barb,5
drapion,diamond-pearl,pearl,poison-barb,5
drapion,platinum,platinum,poison-barb,5
drapion,heartgold-soulsilver,heartgold,poison-barb,5
drapion,heartgold-soulsilver,soulsilver,poison-barb,5
drapion,black-white,black,poison-barb,5
drapion,black-white,white,poison-barb,5
drapion,black-2-white-2,black-2,poison-barb,5
drapion,black-2-white-2,white-2,poison-barb,5
drapion,x-y,x,poison-barb,5
drapion,x-y,y,poison-barb,5
drapion,omega-ruby-alpha-sapphire,omega-ruby,poison-barb,5
drapion,omega-ruby-alpha-sapphire,alpha-sapphire,poison-barb,5
drapion,sun-moon,sun,poison-barb,5
drapion,sun-moon,moon,poison-barb,5
drapion,ultra-sun-ultra-moon,ultra-sun,poison-barb,5
drapion,ultra-sun-ultra-moon,ultra-moon,poison-barb,5
croagunk,diamond-pearl,diamond,black-sludge,5
croagunk,diamond-pearl,pearl,black-sludge,5
croagunk,platinum,platinum,black-sludge,5
croagunk,heartgold-soulsilver,heartgold,black-sludge,5
croagunk,heartgold-soulsilver,soulsilver,black-sludge,5
croagunk,black-white,black,black-sludge,5
croagunk,black-white,white,black-sludge,5
croagunk,black-2-white-2,black-2,black-sludge,5
croagunk,black-2-white-2,white-2,black-sludge,5
croagunk,x-y,x,black-sludge,5
croagunk,x-y,y,black-sludge,5
croagunk,omega-ruby-alpha-sapphire,omega-ruby,black-sludge,5
croagunk,omega-ruby-alpha-sapphire,alpha-sapphire,black-sludge,5
croagunk,sun-moon,sun,black-sludge,5
croagunk,sun-moon,moon,black-sludge,5
croagunk,ultra-sun-ultra-moon,ultra-sun,black-sludge,5
croagunk,ultra-sun-ultra-moon,ultra-moon,black-sludge,5
toxicroak,diamond-pearl,diamond,black-sludge,5
toxicroak,diamond-pearl,pearl,black-sludge,5
toxicroak,platinum,platinum,black-sludge,5
toxicroak,heartgold-soulsilver,heartgold,black-sludge,5
toxicroak,heartgold-soulsilver,soulsilver,black-sludge,5
toxicroak,black-white,black,black-sludge,5
toxicroak,black-white,white,black-sludge,5
toxicroak,black-2-white-2,black-2,black-sludge,5
toxicroak,black-2-white-2,white-2,black-sludge,5
toxicroak,x-y,x,black-sludge,5
toxicroak,x-y,y,black-sludge,5
toxicroak,omega-ruby-alpha-sapphire,omega-ruby,black-sludge,5
toxicroak,omega-ruby-alpha-sapphire,alpha-sapphire,black-sludge,5
toxicroak,sun-moon,sun,black-sludge,5
toxicroak,sun-moon,moon,black-sludge,5
toxicroak,ultra-sun-ultra-moon,ultra-sun,black-sludge,5
toxicroak,ultra-sun-ultra-moon,ultra-moon,black-sludge,5
finneon,diamond-pearl,diamond,rindo-berry,5
finneon,diamond-pearl,pearl,rindo-berry,5
finneon,platinum,platinum,rindo-berry,5
finneon,heartgold-soulsilver,heartgold,rindo-berry,5
finneon,heartgold-soulsilver,soulsilver,rindo-berry,5
finneon,black-white,black,rindo-berry,5
finneon,black-white,white,rindo-berry,5
finneon,black-2-white-2,black-2,rindo-berry,5
finneon,black-2-white-2,white-2,rindo-berry,5
lumineon,diamond-pearl,diamond,rindo-berry,5
lumineon,diamond-pearl,pearl,rindo-berry,5
lumineon,platinum,platinum,rindo-berry,5
lumineon,heartgold-soulsilver,heartgold,rindo-berry,5
lumineon,heartgold-soulsilver,soulsilver,rindo-berry,5
lumineon,black-white,black,rindo-berry,5
lumineon,black-white,white,rindo-berry,5
lumineon,black-2-white-2,black-2,rindo-berry,5
lumineon,black-2-white-2,white-2,rindo-berry,5
snover,diamond-pearl,diamond,never-melt-ice,5
snover,diamond-pearl,pearl,never-melt-ice,5
snover,platinum,platinum,never-melt-ice,5
snover,heartgold-soulsilver,heartgold,never-melt-ice,5
snover,heartgold-soulsilver,soulsilver,never-melt-ice,5
snover,black-white,black,never-melt-ice,5
snover,black-white,white,never-melt-ice,5
snover,black-2-white-2,black-2,never-melt-ice,5
snover,black-2-white-2,white-2,never-melt-ice,5
snover,x-y,x,never-melt-ice,5
snover,x-y,y,never-melt-ice,5
snover,omega-ruby-alpha-sapphire,omega-ruby,never-melt-ice,5
snover,omega-ruby-alpha-sapphire,alpha-sapphire,never-melt-ice,5
snover,sun-moon,sun,never-melt-ice,5
snover,sun-moon,moon,never-melt-ice,5
snover,ultra-sun-ultra-moon,ultra-sun,never-melt-ice,5
snover,ultra-sun-ultra-moon,ultra-moon,never-melt-ice,5
abomasnow,diamond-pearl,diamond,never-melt-ice,5
abomasnow,diamond-pearl,pearl,never-melt-ice,5
abomasnow,platinum,platinum,never-melt-ice,5
abomasnow,heartgold-soulsilver,heartgold,never-melt-ice,5
abomasnow,heartgold-soulsilver,soulsilver,never-melt-ice,5
abomasnow,black-white,black,never-melt-ice,5
abomasnow,black-white,white,never-melt-ice,5
abomasnow,black-2-white-2,black-2,never-melt-ice,5
abomasnow,black-2-white-2,white-2,never-melt-ice,5
abomasnow,x-y,x,never-melt-ice,5
abomasnow,x-y,y,never-melt-ice,5
abomasnow,omega-ruby-alpha-sapphire,omega-ruby,never-melt-ice,5
abomasnow,omega-ruby-alpha-sapphire,alpha-sapphire,never-melt-ice,5
abomasnow,sun-moon,sun,never-melt-ice,5
abomasnow,sun-moon,moon,never-melt-ice,5
abomasnow,ultra-sun-ultra-moon,ultra-sun,never-melt-ice,5
abomasnow,ultra-sun-ultra-moon,ultra-moon,never-melt-ice,5
weavile,diamond-pearl,diamond,quick-claw,5
weavile,diamond-pearl,diamond,grip-claw,50
weavile,diamond-pearl,pearl,quick-claw,5
weavile,diamond-pearl,pearl,grip-claw,50
weavile,platinum,platinum,quick-claw,5
weavile,platinum,platinum,grip-claw,50
weavile,heartgold-soulsilver,heartgold,quick-claw,5
weavile,heartgold-soulsilver,heartgold,grip-claw,50
weavile,heartgold-soulsilver,soulsilver,quick-claw,5
weavile,heartgold-soulsilver,soulsilver,grip-claw,50
weavile,black-white,black,quick-claw,5
weavile,black-white,black,grip-claw,50
weavile,black-white,white,quick-claw,5
weavile,black-white,white,grip-claw,50
weavile,black-2-white-2,black-2,quick-claw,5
weavile,black-2-white-2,black-2,grip-claw,50
weavile,black-2-white-2,white-2,quick-claw,5
weavile,black-2-white-2,white-2,grip-claw,50
weavile,x-y,x,quick-claw,5
weavile,x-y,x,grip-claw,50
weavile,x-y,y,quick-claw,5
weavile,x-y,y,grip-claw,50
weavile,omega-ruby-alpha-sapphire,omega-ruby,quick-claw,5
weavile,omega-ruby-alpha-sapphire,alpha-sapphire,quick-claw,5
weavile,sun-moon,sun,quick-claw,5
weavile,sun-moon,moon,quick-claw,5
weavile,ultra-sun-ultra-moon,ultra-sun,quick-claw,5
weavile,ultra-sun-ultra-moon,ultra-moon,quick-claw,5
magnezone,diamond-pearl,diamond,metal-coat,5
magnezone,diamond-pearl,pearl,metal-coat,5
magnezone,platinum,platinum,metal-coat,5
magnezone,heartgold-soulsilver,heartgold,metal-coat,5
magnezone,heartgold-soulsilver,soulsilver,metal-coat,5
magnezone,black-white,black,metal-coat,5
magnezone,black-white,white,metal-coat,5
magnezone,black-2-white-2,black-2,metal-coat,5
magnezone,black-2-white-2,white-2,metal-coat,5
magnezone,x-y,x,metal-coat,5
magnezone,x-y,y,metal-coat,5
magnezone,omega-ruby-alpha-sapphire,omega-ruby,metal-coat,5
magnezone,omega-ruby-alpha-sapphire,alpha-sapphire,metal-coat,5
magnezone,sun-moon,sun,metal-coat,5
magnezone,sun-moon,moon,metal-coat,5
magnezone,ultra-sun-ultra-moon,ultra-sun,metal-coat,5
magnezone,ultra-sun-ultra-moon,ultra-moon,metal-coat,5
lickilicky,diamond-pearl,diamond,lagging-tail,5
lickilicky,diamond-pearl,pearl,lagging-tail,5
lickilicky,platinum,platinum,lagging-tail,5
lickilicky,heartgold-soulsilver,heartgold,lagging-tail,5
lickilicky,heartgold-soulsilver,soulsilver,lagging-tail,5
lickilicky,black-white,black,lagging-tail,5
lickilicky,black-white,white,lagging-tail,5
lickilicky,black-2-white-2,black-2,lagging-tail,5
lickilicky,black-2-white-2,white-2,lagging-tail,5
lickilicky,x-y,x,lagging-tail,5
lickilicky,x-y,y,lagging-tail,5
lickilicky,omega-ruby-alpha-sapphire,omega-ruby,lagging-tail,5
lickilicky,omega-ruby-alpha-sapphire,alpha-sapphire,lagging-tail,5
lickilicky,sun-moon,sun,lagging-tail,5
lickilicky,sun-moon,moon,lagging-tail,5
lickilicky,ultra-sun-ultra-moon,ultra-sun,lagging-tail,5
lickilicky,ultra-sun-ultra-moon,ultra-moon,lagging-tail,5
electivire,diamond-pearl,diamond,electirizer,50
electivire,diamond-pearl,pearl,electirizer,5
electivire,platinum,platinum,electirizer,50
electivire,heartgold-soulsilver,heartgold,electirizer,5
electivire,heartgold-soulsilver,soulsilver,electirizer,5
electivire,black-white,black,electirizer,5
electivire,black-white,white,electirizer,5
electivire,black-2-white-2,black-2,electirizer,5
electivire,black-2-white-2,white-2,electirizer,5
electivire,x-y,x,electirizer,5
electivire,x-y,y,electirizer,5
electivire,omega-ruby-alpha-sapphire,omega-ruby,electirizer,5
electivire,omega-ruby-alpha-sapphire,alpha-sapphire,electirizer,5
electivire,sun-moon,sun,electirizer,5
electivire,sun-moon,moon,electirizer,5
electivire,ultra-sun-ultra-moon,ultra-sun,electirizer,5
electivire,ultra-sun-ultra-moon,ultra-moon,electirizer,5
magmortar,diamond-pearl,diamond,magmarizer,5
magmortar,diamond-pearl,pearl,magmarizer,50
magmortar,platinum,platinum,magmarizer,50
magmortar,heartgold-soulsilver,heartgold,magmarizer,5
magmortar,heartgold-soulsilver,soulsilver,magmarizer,5
magmortar,black-white,black,magmarizer,5
magmortar,black-white,white,magmarizer,5
magmortar,black-2-white-2,black-2,magmarizer,5
magmortar,black-2-white-2,white-2,magmarizer,5
magmortar,x-y,x,magmarizer,5
magmortar,x-y,y,magmarizer,5
magmortar,omega-ruby-alpha-sapphire,omega-ruby,magmarizer,5
magmortar,omega-ruby-alpha-sapphire,alpha-sapphire,magmarizer,5
magmortar,sun-moon,sun,magmarizer,5
magmortar,sun-moon,moon,magmarizer,5
magmortar,ultra-sun-ultra-moon,ultra-sun,magmarizer,5
magmortar,ultra-sun-ultra-moon,ultra-moon,magmarizer,5
yanmega,diamond-pearl,diamond,wide-lens,5
yanmega,diamond-pearl,pearl,wide-lens,5
yanmega,platinum,platinum,wide-lens,5
yanmega,heartgold-soulsilver,heartgold,wide-lens,5
yanmega,heartgold-soulsilver,soulsilver,wide-lens,5
yanmega,black-white,black,wide-lens,5
yanmega,black-white,white,wide-lens,5
yanmega,black-2-white-2,black-2,wide-lens,5
yanmega,black-2-white-2,white-2,wide-lens,5
yanmega,x-y,x,wide-lens,5
yanmega,x-y,y,wide-lens,5
yanmega,omega-ruby-alpha-sapphire,omega-ruby,wide-lens,5
yanmega,omega-ruby-alpha-sapphire,alpha-sapphire,wide-lens,5
yanmega,sun-moon,sun,wide-lens,5
yanmega,sun-moon,moon,wide-lens,5
yanmega,ultra-sun-ultra-moon,ultra-sun,wide-lens,5
yanmega,ultra-sun-ultra-moon,ultra-moon,wide-lens,5
probopass,diamond-pearl,diamond,hard-stone,5
probopass,diamond-pearl,pearl,hard-stone,5
probopass,platinum,platinum,hard-stone,5
probopass,heartgold-soulsilver,heartgold,hard-stone,5
probopass,heartgold-soulsilver,soulsilver,hard-stone,5
probopass,black-white,black,hard-stone,5
probopass,black-white,white,hard-stone,5
probopass,black-2-white-2,black-2,hard-stone,5
probopass,black-2-white-2,white-2,hard-stone,5
probopass,x-y,x,hard-stone,5
probopass,x-y,y,hard-stone,5
probopass,omega-ruby-alpha-sapphire,omega-ruby,hard-stone,5
probopass,omega-ruby-alpha-sapphire,alpha-sapphire,hard-stone,5
probopass,sun-moon,sun,magnet,5
probopass,sun-moon,moon,magnet,5
probopass,ultra-sun-ultra-moon,ultra-sun,magnet,5
probopass,ultra-sun-ultra-moon,ultra-moon,magnet,5
dusknoir,diamond-pearl,diamond,kasib-berry,5
dusknoir,diamond-pearl,pearl,kasib-berry,5
dusknoir,platinum,platinum,kasib-berry,5
dusknoir,heartgold-soulsilver,heartgold,kasib-berry,5
dusknoir,heartgold-soulsilver,soulsilver,kasib-berry,5
dusknoir,black-white,black,kasib-berry,5
dusknoir,black-white,white,kasib-berry,5
dusknoir,black-2-white-2,black-2,kasib-berry,5
dusknoir,black-2-white-2,white-2,kasib-berry,5
dusknoir,omega-ruby-alpha-sapphire,omega-ruby,spell-tag,5
dusknoir,omega-ruby-alpha-sapphire,alpha-sapphire,spell-tag,5
dusknoir,sun-moon,sun,spell-tag,5
dusknoir,sun-moon,moon,spell-tag,5
dusknoir,ultra-sun-ultra-moon,ultra-sun,spell-tag,5
dusknoir,ultra-sun-ultra-moon,ultra-moon,spell-tag,5
froslass,diamond-pearl,diamond,babiri-berry,5
froslass,diamond-pearl,pearl,babiri-berry,5
froslass,platinum,platinum,babiri-berry,5
froslass,heartgold-soulsilver,heartgold,babiri-berry,5
froslass,heartgold-soulsilver,soulsilver,babiri-berry,5
froslass,black-white,black,babiri-berry,5
froslass,black-white,white,babiri-berry,5
froslass,black-2-white-2,black-2,babiri-berry,5
froslass,black-2-white-2,white-2,babiri-berry,5
shaymin-land,diamond-pearl,diamond,lum-berry,100
shaymin-land,diamond-pearl,pearl,lum-berry,100
shaymin-land,platinum,platinum,lum-berry,100
shaymin-land,heartgold-soulsilver,heartgold,lum-berry,100
shaymin-land,heartgold-soulsilver,soulsilver,lum-berry,100
shaymin-land,black-white,black,lum-berry,100
shaymin-land,black-white,white,lum-berry,100
shaymin-land,black-2-white-2,black-2,lum-berry,100
shaymin-land,black-2-white-2,white-2,lum-berry,100
shaymin-land,x-y,x,lum-berry,100
shaymin-land,x-y,y,lum-berry,100
shaymin-land,omega-ruby-alpha-sapphire,omega-ruby,lum-berry,100
shaymin-land,omega-ruby-alpha-sapphire,alpha-sapphire,lum-berry,100
shaymin-land,sun-moon,sun,lum-berry,5
shaymin-land,sun-moon,moon,lum-berry,5
shaymin-land,ultra-sun-ultra-moon,ultra-sun,lum-berry,5
shaymin-land,ultra-sun-ultra-moon,ultra-moon,lum-berry,5
pansage,black-white,black,oran-berry,50
pansage,black-white,black,occa-berry,5
pansage,black-white,white,oran-berry,50
pansage,black-white,white,occa-berry,5
pansage,black-2-white-2,black-2,oran-berry,50
pansage,black-2-white-2,black-2,occa-berry,5
pansage,black-2-white-2,white-2,oran-berry,50
pansage,black-2-white-2,white-2,occa-berry,5
simisage,black-white,black,oran-berry,50
simisage,black-white,black,occa-berry,5
simisage,black-white,white,oran-berry,50
simisage,black-white,white,occa-berry,5
simisage,black-2-white-2,black-2,oran-berry,50
simisage,black-2-white-2,black-2,occa-berry,5
simisage,black-2-white-2,white-2,oran-berry,50
simisage,black-2-white-2,white-2,occa-berry,5
pansear,black-white,black,oran-berry,50
pansear,black-white,black,passho-berry,5
pansear,black-white,white,oran-berry,50
pansear,black-white,white,passho-berry,5
pansear,black-2-white-2,black-2,oran-berry,50
pansear,black-2-white-2,black-2,passho-berry,5
pansear,black-2-white-2,white-2,oran-berry,50
pansear,black-2-white-2,white-2,passho-berry,5
simisear,black-white,black,oran-berry,50
simisear,black-white,black,passho-berry,5
simisear,black-white,white,oran-berry,50
simisear,black-white,white,passho-berry,5
simisear,black-2-white-2,black-2,oran-berry,50
simisear,black-2-white-2,black-2,passho-berry,5
simisear,black-2-white-2,white-2,oran-berry,50
simisear,black-2-white-2,white-2,passho-berry,5
panpour,black-white,black,oran-berry,50
panpour,black-white,black,rindo-berry,5
panpour,black-white,white,oran-berry,50
panpour,black-white,white,rindo-berry,5
panpour,black-2-white-2,black-2,oran-berry,50
panpour,black-2-white-2,black-2,rindo-berry,5
panpour,black-2-white-2,white-2,oran-berry,50
panpour,black-2-white-2,white-2,rindo-berry,5
simipour,black-white,black,oran-berry,50
simipour,black-white,black,rindo-berry,5
simipour,black-white,white,oran-berry,50
simipour,black-white,white,rindo-berry,5
simipour,black-2-white-2,black-2,oran-berry,50
simipour,black-2-white-2,black-2,rindo-berry,5
simipour,black-2-white-2,white-2,oran-berry,50
simipour,black-2-white-2,white-2,rindo-berry,5
blitzle,black-white,black,cheri-berry,50
blitzle,black-white,white,cheri-berry,50
blitzle,black-2-white-2,black-2,cheri-berry,50
blitzle,black-2-white-2,white-2,cheri-berry,50
zebstrika,black-white,black,cheri-berry,50
zebstrika,black-white,white,cheri-berry,50
zebstrika,black-2-white-2,black-2,cheri-berry,50
zebstrika,black-2-white-2,white-2,cheri-berry,50
roggenrola,black-white,black,everstone,50
roggenrola,black-white,black,hard-stone,5
roggenrola,black-white,white,everstone,50
roggenrola,black-white,white,hard-stone,5
roggenrola,black-2-white-2,black-2,everstone,50
roggenrola,black-2-white-2,black-2,hard-stone,5
roggenrola,black-2-white-2,white-2,everstone,50
roggenrola,black-2-white-2,white-2,hard-stone,5
roggenrola,x-y,x,everstone,50
roggenrola,x-y,x,hard-stone,5
roggenrola,x-y,y,everstone,50
roggenrola,x-y,y,hard-stone,5
roggenrola,omega-ruby-alpha-sapphire,omega-ruby,everstone,50
roggenrola,omega-ruby-alpha-sapphire,omega-ruby,hard-stone,5
roggenrola,omega-ruby-alpha-sapphire,alpha-sapphire,everstone,50
roggenrola,omega-ruby-alpha-sapphire,alpha-sapphire,hard-stone,5
roggenrola,sun-moon,sun,everstone,50
roggenrola,sun-moon,sun,hard-stone,5
roggenrola,sun-moon,moon,everstone,50
roggenrola,sun-moon,moon,hard-stone,5
roggenrola,ultra-sun-ultra-moon,ultra-sun,everstone,50
roggenrola,ultra-sun-ultra-moon,ultra-sun,hard-stone,5
roggenrola,ultra-sun-ultra-moon,ultra-moon,everstone,50
roggenrola,ultra-sun-ultra-moon,ultra-moon,hard-stone,5
boldore,black-white,black,everstone,50
boldore,black-white,black,hard-stone,5
boldore,black-white,white,everstone,50
boldore,black-white,white,hard-stone,5
boldore,black-2-white-2,black-2,everstone,50
boldore,black-2-white-2,black-2,hard-stone,5
boldore,black-2-white-2,white-2,everstone,50
boldore,black-2-white-2,white-2,hard-stone,5
boldore,x-y,x,everstone,50
boldore,x-y,x,hard-stone,5
boldore,x-y,y,everstone,50
boldore,x-y,y,hard-stone,5
boldore,omega-ruby-alpha-sapphire,omega-ruby,everstone,50
boldore,omega-ruby-alpha-sapphire,omega-ruby,hard-stone,5
boldore,omega-ruby-alpha-sapphire,alpha-sapphire,everstone,50
boldore,omega-ruby-alpha-sapphire,alpha-sapphire,hard-stone,5
boldore,sun-moon,sun,everstone,50
boldore,sun-moon,sun,hard-stone,5
boldore,sun-moon,moon,everstone,50
boldore,sun-moon,moon,hard-stone,5
boldore,ultra-sun-ultra-moon,ultra-sun,everstone,50
boldore,ultra-sun-ultra-moon,ultra-sun,hard-stone,5
boldore,ultra-sun-ultra-moon,ultra-moon,everstone,50
boldore,ultra-sun-ultra-moon,ultra-moon,hard-stone,5
gigalith,black-white,black,everstone,50
gigalith,black-white,black,hard-stone,5
gigalith,black-white,white,everstone,50
gigalith,black-white,white,hard-stone,5
gigalith,black-2-white-2,black-2,everstone,50
gigalith,black-2-white-2,black-2,hard-stone,5
gigalith,black-2-white-2,white-2,everstone,50
gigalith,black-2-white-2,white-2,hard-stone,5
gigalith,x-y,x,everstone,50
gigalith,x-y,x,hard-stone,5
gigalith,x-y,y,everstone,50
gigalith,x-y,y,hard-stone,5
gigalith,omega-ruby-alpha-sapphire,omega-ruby,everstone,50
gigalith,omega-ruby-alpha-sapphire,omega-ruby,hard-stone,5
gigalith,omega-ruby-alpha-sapphire,alpha-sapphire,everstone,50
gigalith,omega-ruby-alpha-sapphire,alpha-sapphire,hard-stone,5
gigalith,sun-moon,sun,everstone,50
gigalith,sun-moon,sun,hard-stone,5
gigalith,sun-moon,moon,everstone,50
gigalith,sun-moon,moon,hard-stone,5
gigalith,ultra-sun-ultra-moon,ultra-sun,everstone,50
gigalith,ultra-sun-ultra-moon,ultra-sun,hard-stone,5
gigalith,ultra-sun-ultra-moon,ultra-moon,everstone,50
gigalith,ultra-sun-ultra-moon,ultra-moon,hard-stone,5
audino,black-white,black,oran-berry,50
audino,black-white,black,sitrus-berry,5
audino,black-white,white,oran-berry,50
audino,black-white,white,sitrus-berry,5
audino,black-2-white-2,black-2,oran-berry,50
audino,black-2-white-2,black-2,sitrus-berry,5
audino,black-2-white-2,white-2,oran-berry,50
audino,black-2-white-2,white-2,sitrus-berry,5
audino,x-y,x,oran-berry,50
audino,x-y,x,sitrus-berry,5
audino,x-y,y,oran-berry,50
audino,x-y,y,sitrus-berry,5
audino,omega-ruby-alpha-sapphire,omega-ruby,oran-berry,50
audino,omega-ruby-alpha-sapphire,omega-ruby,sitrus-berry,5
audino,omega-ruby-alpha-sapphire,alpha-sapphire,oran-berry,50
audino,omega-ruby-alpha-sapphire,alpha-sapphire,sitrus-berry,5
audino,sun-moon,sun,oran-berry,50
audino,sun-moon,sun,sitrus-berry,5
audino,sun-moon,moon,oran-berry,50
audino,sun-moon,moon,sitrus-berry,5
audino,ultra-sun-ultra-moon,ultra-sun,oran-berry,50
audino,ultra-sun-ultra-moon,ultra-sun,sitrus-berry,5
audino,ultra-sun-ultra-moon,ultra-moon,oran-berry,50
audino,ultra-sun-ultra-moon,ultra-moon,sitrus-berry,5
tympole,black-white,black,persim-berry,50
tympole,black-white,white,persim-berry,50
tympole,black-2-white-2,black-2,pecha-berry,50
tympole,black-2-white-2,white-2,pecha-berry,50
palpitoad,black-white,black,persim-berry,50
palpitoad,black-white,white,persim-berry,50
palpitoad,black-2-white-2,black-2,pecha-berry,50
palpitoad,black-2-white-2,white-2,pecha-berry,50
seismitoad,black-white,black,persim-berry,50
seismitoad,black-white,white,persim-berry,50
seismitoad,black-2-white-2,black-2,pecha-berry,50
seismitoad,black-2-white-2,white-2,pecha-berry,50
throh,black-white,black,black-belt,5
throh,black-white,black,expert-belt,1
throh,black-white,white,black-belt,5
throh,black-white,white,expert-belt,1
throh,black-2-white-2,black-2,black-belt,5
throh,black-2-white-2,black-2,expert-belt,1
throh,black-2-white-2,white-2,black-belt,5
throh,black-2-white-2,white-2,expert-belt,1
throh,x-y,x,black-belt,5
throh,x-y,y,black-belt,5
throh,omega-ruby-alpha-sapphire,omega-ruby,black-belt,5
throh,omega-ruby-alpha-sapphire,alpha-sapphire,black-belt,5
throh,sun-moon,sun,black-belt,5
throh,sun-moon,moon,black-belt,5
throh,ultra-sun-ultra-moon,ultra-sun,black-belt,5
throh,ultra-sun-ultra-moon,ultra-moon,black-belt,5
sawk,black-white,black,black-belt,5
sawk,black-white,black,expert-belt,1
sawk,black-white,white,black-belt,5
sawk,black-white,white,expert-belt,1
sawk,black-2-white-2,black-2,black-belt,5
sawk,black-2-white-2,black-2,expert-belt,1
sawk,black-2-white-2,white-2,black-belt,5
sawk,black-2-white-2,white-2,expert-belt,1
sawk,x-y,x,black-belt,5
sawk,x-y,y,black-belt,5
sawk,omega-ruby-alpha-sapphire,omega-ruby,black-belt,5
sawk,omega-ruby-alpha-sapphire,alpha-sapphire,black-belt,5
sawk,sun-moon,sun,black-belt,5
sawk,sun-moon,moon,black-belt,5
sawk,ultra-sun-ultra-moon,ultra-sun,black-belt,5
sawk,ultra-sun-ultra-moon,ultra-moon,black-belt,5
sewaddle,black-white,black,mental-herb,5
sewaddle,black-white,white,mental-herb,5
sewaddle,black-2-white-2,black-2,mental-herb,5
sewaddle,black-2-white-2,white-2,mental-herb,5
sewaddle,x-y,x,mental-herb,5
sewaddle,x-y,y,mental-herb,5
sewaddle,omega-ruby-alpha-sapphire,omega-ruby,mental-herb,5
sewaddle,omega-ruby-alpha-sapphire,alpha-sapphire,mental-herb,5
sewaddle,sun-moon,sun,mental-herb,5
sewaddle,sun-moon,moon,mental-herb,5
sewaddle,ultra-sun-ultra-moon,ultra-sun,mental-herb,5
sewaddle,ultra-sun-ultra-moon,ultra-moon,mental-herb,5
swadloon,black-white,black,mental-herb,5
swadloon,black-white,white,mental-herb,5
swadloon,black-2-white-2,black-2,mental-herb,5
swadloon,black-2-white-2,white-2,mental-herb,5
swadloon,x-y,x,mental-herb,5
swadloon,x-y,y,mental-herb,5
swadloon,omega-ruby-alpha-sapphire,omega-ruby,mental-herb,5
swadloon,omega-ruby-alpha-sapphire,alpha-sapphire,mental-herb,5
swadloon,sun-moon,sun,mental-herb,5
swadloon,sun-moon,moon,mental-herb,5
swadloon,ultra-sun-ultra-moon,ultra-sun,mental-herb,5
swadloon,ultra-sun-ultra-moon,ultra-moon,mental-herb,5
leavanny,black-white,black,mental-herb,5
leavanny,black-white,white,mental-herb,5
leavanny,black-2-white-2,black-2,mental-herb,5
leavanny,black-2-white-2,white-2,mental-herb,5
leavanny,x-y,x,mental-herb,5
leavanny,x-y,y,mental-herb,5
leavanny,omega-ruby-alpha-sapphire,omega-ruby,mental-herb,5
leavanny,omega-ruby-alpha-sapphire,alpha-sapphire,mental-herb,5
leavanny,sun-moon,sun,mental-herb,5
leavanny,sun-moon,moon,mental-herb,5
leavanny,ultra-sun-ultra-moon,ultra-sun,mental-herb,5
leavanny,ultra-sun-ultra-moon,ultra-moon,mental-herb,5
venipede,black-white,black,pecha-berry,50
venipede,black-white,black,poison-barb,5
venipede,black-white,white,pecha-berry,50
venipede,black-white,white,poison-barb,5
venipede,black-2-white-2,black-2,poison-barb,5
venipede,black-2-white-2,white-2,poison-barb,5
venipede,x-y,x,poison-barb,5
venipede,x-y,y,poison-barb,5
venipede,omega-ruby-alpha-sapphire,omega-ruby,poison-barb,5
venipede,omega-ruby-alpha-sapphire,alpha-sapphire,poison-barb,5
venipede,sun-moon,sun,poison-barb,5
venipede,sun-moon,moon,poison-barb,5
venipede,ultra-sun-ultra-moon,ultra-sun,poison-barb,5
venipede,ultra-sun-ultra-moon,ultra-moon,poison-barb,5
whirlipede,black-white,black,pecha-berry,50
whirlipede,black-white,black,poison-barb,5
whirlipede,black-white,white,pecha-berry,50
whirlipede,black-white,white,poison-barb,5
whirlipede,black-2-white-2,black-2,poison-barb,5
whirlipede,black-2-white-2,white-2,poison-barb,5
whirlipede,x-y,x,poison-barb,5
whirlipede,x-y,y,poison-barb,5
whirlipede,omega-ruby-alpha-sapphire,omega-ruby,poison-barb,5
whirlipede,omega-ruby-alpha-sapphire,alpha-sapphire,poison-barb,5
whirlipede,sun-moon,sun,poison-barb,5
whirlipede,sun-moon,moon,poison-barb,5
whirlipede,ultra-sun-ultra-moon,ultra-sun,poison-barb,5
whirlipede,ultra-sun-ultra-moon,ultra-moon,poison-barb,5
scolipede,black-white,black,pecha-berry,50
scolipede,black-white,black,poison-barb,5
scolipede,black-white,white,pecha-berry,50
scolipede,black-white,white,poison-barb,5
scolipede,black-2-white-2,black-2,poison-barb,5
scolipede,black-2-white-2,white-2,poison-barb,5
scolipede,x-y,x,poison-barb,5
scolipede,x-y,y,poison-barb,5
scolipede,omega-ruby-alpha-sapphire,omega-ruby,poison-barb,5
scolipede,omega-ruby-alpha-sapphire,alpha-sapphire,poison-barb,5
scolipede,sun-moon,sun,poison-barb,5
scolipede,sun-moon,moon,poison-barb,5
scolipede,ultra-sun-ultra-moon,ultra-sun,poison-barb,5
scolipede,ultra-sun-ultra-moon,ultra-moon,poison-barb,5
cottonee,sun-moon,sun,absorb-bulb,5
cottonee,sun-moon,moon,absorb-bulb,5
cottonee,ultra-sun-ultra-moon,ultra-sun,absorb-bulb,5
cottonee,ultra-sun-ultra-moon,ultra-moon,absorb-bulb,5
whimsicott,sun-moon,sun,absorb-bulb,5
whimsicott,sun-moon,moon,absorb-bulb,5
whimsicott,ultra-sun-ultra-moon,ultra-sun,absorb-bulb,5
whimsicott,ultra-sun-ultra-moon,ultra-moon,absorb-bulb,5
petilil,sun-moon,sun,absorb-bulb,5
petilil,sun-moon,moon,absorb-bulb,5
petilil,ultra-sun-ultra-moon,ultra-sun,absorb-bulb,5
petilil,ultra-sun-ultra-moon,ultra-moon,absorb-bulb,5
lilligant,sun-moon,sun,absorb-bulb,5
lilligant,sun-moon,moon,absorb-bulb,5
lilligant,ultra-sun-ultra-moon,ultra-sun,absorb-bulb,5
lilligant,ultra-sun-ultra-moon,ultra-moon,absorb-bulb,5
basculin-red-striped,black-white,black,deep-sea-tooth,5
basculin-red-striped,black-white,white,deep-sea-tooth,5
basculin-red-striped,black-2-white-2,black-2,deep-sea-tooth,5
basculin-red-striped,black-2-white-2,white-2,deep-sea-tooth,5
basculin-red-striped,x-y,x,deep-sea-tooth,5
basculin-red-striped,x-y,y,deep-sea-tooth,5
basculin-red-striped,omega-ruby-alpha-sapphire,omega-ruby,deep-sea-tooth,5
basculin-red-striped,omega-ruby-alpha-sapphire,alpha-sapphire,deep-sea-tooth,5
basculin-red-striped,sun-moon,sun,deep-sea-tooth,5
basculin-red-striped,sun-moon,moon,deep-sea-tooth,5
basculin-red-striped,ultra-sun-ultra-moon,ultra-sun,deep-sea-tooth,5
basculin-red-striped,ultra-sun-ultra-moon,ultra-moon,deep-sea-tooth,5
sandile,sun-moon,sun,black-glasses,5
sandile,sun-moon,moon,black-glasses,5
sandile,ultra-sun-ultra-moon,ultra-sun,black-glasses,5
sandile,ultra-sun-ultra-moon,ultra-moon,black-glasses,5
krokorok,sun-moon,sun,black-glasses,5
krokorok,sun-moon,moon,black-glasses,5
krokorok,ultra-sun-ultra-moon,ultra-sun,black-glasses,5
krokorok,ultra-sun-ultra-moon,ultra-moon,black-glasses,5
krookodile,sun-moon,sun,black-glasses,50
krookodile,sun-moon,moon,black-glasses,50
krookodile,ultra-sun-ultra-moon,ultra-sun,black-glasses,50
krookodile,ultra-sun-ultra-moon,ultra-moon,black-glasses,50
darumaka,black-white,black,rawst-berry,50
darumaka,black-white,white,rawst-berry,50
darumaka,black-2-white-2,black-2,rawst-berry,50
darumaka,black-2-white-2,white-2,rawst-berry,50
darmanitan-standard,black-white,black,rawst-berry,50
darmanitan-standard,black-white,white,rawst-berry,50
darmanitan-standard,black-2-white-2,black-2,rawst-berry,50
darmanitan-standard,black-2-white-2,white-2,rawst-berry,50
maractus,black-white,black,miracle-seed,5
maractus,black-white,white,miracle-seed,5
maractus,black-2-white-2,black-2,miracle-seed,5
maractus,black-2-white-2,white-2,miracle-seed,5
maractus,x-y,x,miracle-seed,5
maractus,x-y,y,miracle-seed,5
maractus,omega-ruby-alpha-sapphire,omega-ruby,miracle-seed,5
maractus,omega-ruby-alpha-sapphire,alpha-sapphire,miracle-seed,5
maractus,sun-moon,sun,miracle-seed,5
maractus,sun-moon,moon,miracle-seed,5
maractus,ultra-sun-ultra-moon,ultra-sun,miracle-seed,5
maractus,ultra-sun-ultra-moon,ultra-moon,miracle-seed,5
dwebble,black-white,black,rare-bone,1
dwebble,black-white,black,hard-stone,5
dwebble,black-white,white,rare-bone,1
dwebble,black-white,white,hard-stone,5
dwebble,black-2-white-2,black-2,rare-bone,1
dwebble,black-2-white-2,black-2,hard-stone,5
dwebble,black-2-white-2,white-2,rare-bone,1
dwebble,black-2-white-2,white-2,hard-stone,5
dwebble,x-y,x,hard-stone,5
dwebble,x-y,y,hard-stone,5
dwebble,omega-ruby-alpha-sapphire,omega-ruby,hard-stone,5
dwebble,omega-ruby-alpha-sapphire,alpha-sapphire,hard-stone,5
dwebble,sun-moon,sun,hard-stone,5
dwebble,sun-moon,moon,hard-stone,5
dwebble,ultra-sun-ultra-moon,ultra-sun,hard-stone,5
dwebble,ultra-sun-ultra-moon,ultra-moon,hard-stone,5
crustle,black-white,black,rare-bone,1
crustle,black-white,black,hard-stone,5
crustle,black-white,white,rare-bone,1
crustle,black-white,white,hard-stone,5
crustle,black-2-white-2,black-2,rare-bone,1
crustle,black-2-white-2,black-2,hard-stone,5
crustle,black-2-white-2,white-2,rare-bone,1
crustle,black-2-white-2,white-2,hard-stone,5
crustle,x-y,x,hard-stone,5
crustle,x-y,y,hard-stone,5
crustle,omega-ruby-alpha-sapphire,omega-ruby,hard-stone,5
crustle,omega-ruby-alpha-sapphire,alpha-sapphire,hard-stone,5
crustle,sun-moon,sun,hard-stone,5
crustle,sun-moon,moon,hard-stone,5
crustle,ultra-sun-ultra-moon,ultra-sun,hard-stone,5
crustle,ultra-sun-ultra-moon,ultra-moon,hard-stone,5
scraggy,black-white,black,shed-shell,5
scraggy,black-white,white,shed-shell,5
scraggy,black-2-white-2,black-2,shed-shell,5
scraggy,black-2-white-2,white-2,shed-shell,5
scraggy,x-y,x,shed-shell,5
scraggy,x-y,y,shed-shell,5
scraggy,omega-ruby-alpha-sapphire,omega-ruby,shed-shell,5
scraggy,omega-ruby-alpha-sapphire,alpha-sapphire,shed-shell,5
scraggy,sun-moon,sun,shed-shell,5
scraggy,sun-moon,moon,shed-shell,5
scraggy,ultra-sun-ultra-moon,ultra-sun,shed-shell,5
scraggy,ultra-sun-ultra-moon,ultra-moon,shed-shell,5
scrafty,black-white,black,shed-shell,5
scrafty,black-white,white,shed-shell,5
scrafty,black-2-white-2,black-2,shed-shell,5
scrafty,black-2-white-2,white-2,shed-shell,5
scrafty,x-y,x,shed-shell,5
scrafty,x-y,y,shed-shell,5
scrafty,omega-ruby-alpha-sapphire,omega-ruby,shed-shell,5
scrafty,omega-ruby-alpha-sapphire,alpha-sapphire,shed-shell,5
scrafty,sun-moon,sun,shed-shell,5
scrafty,sun-moon,moon,shed-shell,5
scrafty,ultra-sun-ultra-moon,ultra-sun,shed-shell,5
scrafty,ultra-sun-ultra-moon,ultra-moon,shed-shell,5
yamask,black-white,black,spell-tag,5
yamask,black-white,white,spell-tag,5
yamask,black-2-white-2,black-2,spell-tag,5
yamask,black-2-white-2,white-2,spell-tag,5
yamask,x-y,x,spell-tag,5
yamask,x-y,y,spell-tag,5
yamask,omega-ruby-alpha-sapphire,omega-ruby,spell-tag,5
yamask,omega-ruby-alpha-sapphire,alpha-sapphire,spell-tag,5
yamask,sun-moon,sun,spell-tag,5
yamask,sun-moon,moon,spell-tag,5
yamask,ultra-sun-ultra-moon,ultra-sun,spell-tag,5
yamask,ultra-sun-ultra-moon,ultra-moon,spell-tag,5
cofagrigus,black-white,black,spell-tag,5
cofagrigus,black-white,white,spell-tag,5
cofagrigus,black-2-white-2,black-2,spell-tag,5
cofagrigus,black-2-white-2,white-2,spell-tag,5
cofagrigus,x-y,x,spell-tag,5
cofagrigus,x-y,y,spell-tag,5
cofagrigus,omega-ruby-alpha-sapphire,omega-ruby,spell-tag,5
cofagrigus,omega-ruby-alpha-sapphire,alpha-sapphire,spell-tag,5
cofagrigus,sun-moon,sun,spell-tag,5
cofagrigus,sun-moon,moon,spell-tag,5
cofagrigus,ultra-sun-ultra-moon,ultra-sun,spell-tag,5
cofagrigus,ultra-sun-ultra-moon,ultra-moon,spell-tag,5
trubbish,black-white,black,nugget,1
trubbish,black-white,black,black-sludge,5
trubbish,black-white,white,nugget,1
trubbish,black-white,white,black-sludge,5
trubbish,black-2-white-2,black-2,nugget,1
trubbish,black-2-white-2,black-2,black-sludge,5
trubbish,black-2-white-2,white-2,nugget,1
trubbish,black-2-white-2,white-2,black-sludge,5
trubbish,x-y,x,black-sludge,5
trubbish,x-y,y,black-sludge,5
trubbish,omega-ruby-alpha-sapphire,omega-ruby,black-sludge,5
trubbish,omega-ruby-alpha-sapphire,alpha-sapphire,black-sludge,5
trubbish,sun-moon,sun,silk-scarf,5
trubbish,sun-moon,moon,silk-scarf,5
trubbish,ultra-sun-ultra-moon,ultra-sun,silk-scarf,5
trubbish,ultra-sun-ultra-moon,ultra-moon,silk-scarf,5
garbodor,black-white,black,nugget,5
garbodor,black-white,black,black-sludge,50
garbodor,black-white,black,big-nugget,1
garbodor,black-white,white,nugget,5
garbodor,black-white,white,black-sludge,50
garbodor,black-white,white,big-nugget,1
garbodor,black-2-white-2,black-2,nugget,5
garbodor,black-2-white-2,black-2,black-sludge,50
garbodor,black-2-white-2,black-2,big-nugget,1
garbodor,black-2-white-2,white-2,nugget,5
garbodor,black-2-white-2,white-2,black-sludge,50
garbodor,black-2-white-2,white-2,big-nugget,1
garbodor,x-y,x,nugget,5
garbodor,x-y,x,black-sludge,50
garbodor,x-y,y,nugget,5
garbodor,x-y,y,black-sludge,50
garbodor,omega-ruby-alpha-sapphire,omega-ruby,nugget,5
garbodor,omega-ruby-alpha-sapphire,omega-ruby,black-sludge,50
garbodor,omega-ruby-alpha-sapphire,alpha-sapphire,nugget,5
garbodor,omega-ruby-alpha-sapphire,alpha-sapphire,black-sludge,50
garbodor,sun-moon,sun,silk-scarf,50
garbodor,sun-moon,sun,black-sludge,5
garbodor,sun-moon,moon,silk-scarf,50
garbodor,sun-moon,moon,black-sludge,5
garbodor,ultra-sun-ultra-moon,ultra-sun,silk-scarf,50
garbodor,ultra-sun-ultra-moon,ultra-sun,black-sludge,5
garbodor,ultra-sun-ultra-moon,ultra-moon,silk-scarf,50
garbodor,ultra-sun-ultra-moon,ultra-moon,black-sludge,5
minccino,black-white,black,chesto-berry,50
minccino,black-white,white,chesto-berry,50
minccino,black-2-white-2,black-2,chesto-berry,50
minccino,black-2-white-2,white-2,chesto-berry,50
cinccino,black-white,black,chesto-berry,50
cinccino,black-white,white,chesto-berry,50
cinccino,black-2-white-2,black-2,chesto-berry,50
cinccino,black-2-white-2,white-2,chesto-berry,50
gothita,black-2-white-2,black-2,persim-berry,50
gothita,black-2-white-2,white-2,persim-berry,50
gothorita,black-2-white-2,black-2,persim-berry,50
gothorita,black-2-white-2,white-2,persim-berry,50
gothitelle,black-2-white-2,black-2,persim-berry,50
gothitelle,black-2-white-2,white-2,persim-berry,50
solosis,black-2-white-2,black-2,persim-berry,50
solosis,black-2-white-2,white-2,persim-berry,50
duosion,black-2-white-2,black-2,persim-berry,50
duosion,black-2-white-2,white-2,persim-berry,50
reuniclus,black-2-white-2,black-2,persim-berry,50
reuniclus,black-2-white-2,white-2,persim-berry,50
vanillite,sun-moon,sun,never-melt-ice,5
vanillite,sun-moon,moon,never-melt-ice,5
vanillite,ultra-sun-ultra-moon,ultra-sun,never-melt-ice,5
vanillite,ultra-sun-ultra-moon,ultra-moon,never-melt-ice,5
vanillish,sun-moon,sun,never-melt-ice,5
vanillish,sun-moon,moon,never-melt-ice,5
vanillish,ultra-sun-ultra-moon,ultra-sun,never-melt-ice,5
vanillish,ultra-sun-ultra-moon,ultra-moon,never-melt-ice,5
vanilluxe,sun-moon,sun,never-melt-ice,50
vanilluxe,sun-moon,moon,never-melt-ice,50
vanilluxe,ultra-sun-ultra-moon,ultra-sun,never-melt-ice,50
vanilluxe,ultra-sun-ultra-moon,ultra-moon,never-melt-ice,50
emolga,black-white,black,cheri-berry,100
emolga,black-white,white,cheri-berry,100
emolga,black-2-white-2,black-2,cheri-berry,100
emolga,black-2-white-2,white-2,cheri-berry,100
foongus,black-white,black,tiny-mushroom,50
foongus,black-white,black,big-mushroom,5
foongus,black-white,black,balm-mushroom,1
foongus,black-white,white,tiny-mushroom,50
foongus,black-white,white,big-mushroom,5
foongus,black-white,white,balm-mushroom,1
foongus,black-2-white-2,black-2,tiny-mushroom,50
foongus,black-2-white-2,black-2,big-mushroom,5
foongus,black-2-white-2,black-2,balm-mushroom,1
foongus,black-2-white-2,white-2,tiny-mushroom,50
foongus,black-2-white-2,white-2,big-mushroom,5
foongus,black-2-white-2,white-2,balm-mushroom,1
foongus,x-y,x,tiny-mushroom,50
foongus,x-y,x,big-mushroom,5
foongus,x-y,y,tiny-mushroom,50
foongus,x-y,y,big-mushroom,5
foongus,omega-ruby-alpha-sapphire,omega-ruby,tiny-mushroom,50
foongus,omega-ruby-alpha-sapphire,omega-ruby,big-mushroom,5
foongus,omega-ruby-alpha-sapphire,alpha-sapphire,tiny-mushroom,50
foongus,omega-ruby-alpha-sapphire,alpha-sapphire,big-mushroom,5
foongus,sun-moon,sun,tiny-mushroom,50
foongus,sun-moon,sun,big-mushroom,5
foongus,sun-moon,moon,tiny-mushroom,50
foongus,sun-moon,moon,big-mushroom,5
foongus,ultra-sun-ultra-moon,ultra-sun,tiny-mushroom,50
foongus,ultra-sun-ultra-moon,ultra-sun,big-mushroom,5
foongus,ultra-sun-ultra-moon,ultra-moon,tiny-mushroom,50
foongus,ultra-sun-ultra-moon,ultra-moon,big-mushroom,5
amoonguss,black-white,black,tiny-mushroom,50
amoonguss,black-white,black,big-mushroom,5
amoonguss,black-white,black,balm-mushroom,1
amoonguss,black-white,white,tiny-mushroom,50
amoonguss,black-white,white,big-mushroom,5
amoonguss,black-white,white,balm-mushroom,1
amoonguss,black-2-white-2,black-2,tiny-mushroom,50
amoonguss,black-2-white-2,black-2,big-mushroom,5
amoonguss,black-2-white-2,black-2,balm-mushroom,1
amoonguss,black-2-white-2,white-2,tiny-mushroom,50
amoonguss,black-2-white-2,white-2,big-mushroom,5
amoonguss,black-2-white-2,white-2,balm-mushroom,1
amoonguss,x-y,x,tiny-mushroom,50
amoonguss,x-y,x,big-mushroom,5
amoonguss,x-y,y,tiny-mushroom,50
amoonguss,x-y,y,big-mushroom,5
amoonguss,omega-ruby-alpha-sapphire,omega-ruby,tiny-mushroom,50
amoonguss,omega-ruby-alpha-sapphire,omega-ruby,big-mushroom,5
amoonguss,omega-ruby-alpha-sapphire,alpha-sapphire,tiny-mushroom,50
amoonguss,omega-ruby-alpha-sapphire,alpha-sapphire,big-mushroom,5
amoonguss,sun-moon,sun,tiny-mushroom,50
amoonguss,sun-moon,sun,big-mushroom,5
amoonguss,sun-moon,moon,tiny-mushroom,50
amoonguss,sun-moon,moon,big-mushroom,5
amoonguss,ultra-sun-ultra-moon,ultra-sun,tiny-mushroom,50
amoonguss,ultra-sun-ultra-moon,ultra-sun,big-mushroom,5
amoonguss,ultra-sun-ultra-moon,ultra-moon,tiny-mushroom,50
amoonguss,ultra-sun-ultra-moon,ultra-moon,big-mushroom,5
ferroseed,black-white,black,sticky-barb,5
ferroseed,black-white,white,sticky-barb,5
ferroseed,black-2-white-2,black-2,sticky-barb,5
ferroseed,black-2-white-2,white-2,sticky-barb,5
ferroseed,x-y,x,sticky-barb,5
ferroseed,x-y,y,sticky-barb,5
ferroseed,omega-ruby-alpha-sapphire,omega-ruby,sticky-barb,5
ferroseed,omega-ruby-alpha-sapphire,alpha-sapphire,sticky-barb,5
ferroseed,sun-moon,sun,sticky-barb,5
ferroseed,sun-moon,moon,sticky-barb,5
ferroseed,ultra-sun-ultra-moon,ultra-sun,sticky-barb,5
ferroseed,ultra-sun-ultra-moon,ultra-moon,sticky-barb,5
ferrothorn,black-white,black,sticky-barb,5
ferrothorn,black-white,white,sticky-barb,5
ferrothorn,black-2-white-2,black-2,sticky-barb,5
ferrothorn,black-2-white-2,white-2,sticky-barb,5
ferrothorn,x-y,x,sticky-barb,5
ferrothorn,x-y,y,sticky-barb,5
ferrothorn,omega-ruby-alpha-sapphire,omega-ruby,sticky-barb,5
ferrothorn,omega-ruby-alpha-sapphire,alpha-sapphire,sticky-barb,5
ferrothorn,sun-moon,sun,sticky-barb,5
ferrothorn,sun-moon,moon,sticky-barb,5
ferrothorn,ultra-sun-ultra-moon,ultra-sun,sticky-barb,5
ferrothorn,ultra-sun-ultra-moon,ultra-moon,sticky-barb,5
cubchoo,black-white,black,aspear-berry,50
cubchoo,black-white,white,aspear-berry,50
cubchoo,black-2-white-2,black-2,aspear-berry,50
cubchoo,black-2-white-2,white-2,aspear-berry,50
beartic,black-white,black,aspear-berry,50
beartic,black-white,white,aspear-berry,50
beartic,black-2-white-2,black-2,aspear-berry,50
beartic,black-2-white-2,white-2,aspear-berry,50
cryogonal,black-white,black,never-melt-ice,5
cryogonal,black-white,white,never-melt-ice,5
cryogonal,black-2-white-2,black-2,never-melt-ice,5
cryogonal,black-2-white-2,white-2,never-melt-ice,5
cryogonal,x-y,x,never-melt-ice,5
cryogonal,x-y,y,never-melt-ice,5
cryogonal,omega-ruby-alpha-sapphire,omega-ruby,never-melt-ice,5
cryogonal,omega-ruby-alpha-sapphire,alpha-sapphire,never-melt-ice,5
cryogonal,sun-moon,sun,never-melt-ice,5
cryogonal,sun-moon,moon,never-melt-ice,5
cryogonal,ultra-sun-ultra-moon,ultra-sun,never-melt-ice,5
cryogonal,ultra-sun-ultra-moon,ultra-moon,never-melt-ice,5
stunfisk,black-white,black,soft-sand,5
stunfisk,black-white,white,soft-sand,5
stunfisk,black-2-white-2,black-2,soft-sand,5
stunfisk,black-2-white-2,white-2,soft-sand,5
stunfisk,x-y,x,soft-sand,5
stunfisk,x-y,y,soft-sand,5
stunfisk,omega-ruby-alpha-sapphire,omega-ruby,soft-sand,5
stunfisk,omega-ruby-alpha-sapphire,alpha-sapphire,soft-sand,5
stunfisk,sun-moon,sun,soft-sand,5
stunfisk,sun-moon,moon,soft-sand,5
stunfisk,ultra-sun-ultra-moon,ultra-sun,soft-sand,5
stunfisk,ultra-sun-ultra-moon,ultra-moon,soft-sand,5
druddigon,black-white,black,dragon-fang,5
druddigon,black-white,white,dragon-fang,5
druddigon,black-2-white-2,black-2,dragon-fang,5
druddigon,black-2-white-2,white-2,dragon-fang,5
druddigon,x-y,x,dragon-fang,5
druddigon,x-y,y,dragon-fang,5
druddigon,omega-ruby-alpha-sapphire,omega-ruby,dragon-fang,5
druddigon,omega-ruby-alpha-sapphire,alpha-sapphire,dragon-fang,5
druddigon,sun-moon,sun,dragon-fang,5
druddigon,sun-moon,moon,dragon-fang,5
druddigon,ultra-sun-ultra-moon,ultra-sun,dragon-fang,5
druddigon,ultra-sun-ultra-moon,ultra-moon,dragon-fang,5
golett,black-white,black,light-clay,5
golett,black-white,white,light-clay,5
golett,black-2-white-2,black-2,light-clay,5
golett,black-2-white-2,white-2,light-clay,5
golett,x-y,x,light-clay,5
golett,x-y,y,light-clay,5
golett,omega-ruby-alpha-sapphire,omega-ruby,light-clay,5
golett,omega-ruby-alpha-sapphire,alpha-sapphire,light-clay,5
golett,sun-moon,sun,light-clay,5
golett,sun-moon,moon,light-clay,5
golett,ultra-sun-ultra-moon,ultra-sun,light-clay,5
golett,ultra-sun-ultra-moon,ultra-moon,light-clay,5
golurk,black-white,black,light-clay,5
golurk,black-white,white,light-clay,5
golurk,black-2-white-2,black-2,light-clay,5
golurk,black-2-white-2,white-2,light-clay,5
golurk,x-y,x,light-clay,5
golurk,x-y,y,light-clay,5
golurk,omega-ruby-alpha-sapphire,omega-ruby,light-clay,5
golurk,omega-ruby-alpha-sapphire,alpha-sapphire,light-clay,5
golurk,sun-moon,sun,light-clay,5
golurk,sun-moon,moon,light-clay,5
golurk,ultra-sun-ultra-moon,ultra-sun,light-clay,5
golurk,ultra-sun-ultra-moon,ultra-moon,light-clay,5
heatmor,black-2-white-2,black-2,flame-orb,1
heatmor,black-2-white-2,white-2,flame-orb,1
volcarona,black-white,black,silver-powder,100
volcarona,black-white,white,silver-powder,100
volcarona,black-2-white-2,black-2,silver-powder,100
volcarona,black-2-white-2,white-2,silver-powder,100
volcarona,x-y,x,silver-powder,100
volcarona,x-y,y,silver-powder,100
volcarona,omega-ruby-alpha-sapphire,omega-ruby,silver-powder,100
volcarona,omega-ruby-alpha-sapphire,alpha-sapphire,silver-powder,100
volcarona,sun-moon,sun,silver-powder,5
volcarona,sun-moon,moon,silver-powder,5
volcarona,ultra-sun-ultra-moon,ultra-sun,silver-powder,5
volcarona,ultra-sun-ultra-moon,ultra-moon,silver-powder,5
meloetta-aria,black-white,black,star-piece,100
meloetta-aria,black-white,white,star-piece,100
meloetta-aria,black-2-white-2,black-2,star-piece,100
meloetta-aria,black-2-white-2,white-2,star-piece,100
meloetta-aria,x-y,x,star-piece,100
meloetta-aria,x-y,y,star-piece,100
meloetta-aria,omega-ruby-alpha-sapphire,omega-ruby,star-piece,100
meloetta-aria,omega-ruby-alpha-sapphire,alpha-sapphire,star-piece,100
meloetta-aria,sun-moon,sun,star-piece,5
meloetta-aria,sun-moon,moon,star-piece,5
meloetta-aria,ultra-sun-ultra-moon,ultra-sun,star-piece,5
meloetta-aria,ultra-sun-ultra-moon,ultra-moon,star-piece,5
pancham,x-y,x,mental-herb,5
pancham,x-y,y,mental-herb,5
pancham,omega-ruby-alpha-sapphire,omega-ruby,mental-herb,5
pancham,omega-ruby-alpha-sapphire,alpha-sapphire,mental-herb,5
pancham,sun-moon,sun,mental-herb,5
pancham,sun-moon,moon,mental-herb,5
pancham,ultra-sun-ultra-moon,ultra-sun,mental-herb,5
pancham,ultra-sun-ultra-moon,ultra-moon,mental-herb,5
pangoro,x-y,x,mental-herb,5
pangoro,x-y,y,mental-herb,5
pangoro,omega-ruby-alpha-sapphire,omega-ruby,mental-herb,5
pangoro,omega-ruby-alpha-sapphire,alpha-sapphire,mental-herb,5
pangoro,sun-moon,sun,mental-herb,5
pangoro,sun-moon,moon,mental-herb,5
pangoro,ultra-sun-ultra-moon,ultra-sun,mental-herb,5
pangoro,ultra-sun-ultra-moon,ultra-moon,mental-herb,5
hawlucha,x-y,x,kings-rock,5
hawlucha,x-y,y,kings-rock,5
hawlucha,omega-ruby-alpha-sapphire,omega-ruby,kings-rock,5
hawlucha,omega-ruby-alpha-sapphire,alpha-sapphire,kings-rock,5
hawlucha,sun-moon,sun,kings-rock,5
hawlucha,sun-moon,moon,kings-rock,5
hawlucha,ultra-sun-ultra-moon,ultra-sun,kings-rock,5
hawlucha,ultra-sun-ultra-moon,ultra-moon,kings-rock,5
goomy,sun-moon,sun,shed-shell,5
goomy,sun-moon,moon,shed-shell,5
goomy,ultra-sun-ultra-moon,ultra-sun,shed-shell,5
goomy,ultra-sun-ultra-moon,ultra-moon,shed-shell,5
sliggoo,sun-moon,sun,shed-shell,5
sliggoo,sun-moon,moon,shed-shell,5
sliggoo,ultra-sun-ultra-moon,ultra-sun,shed-shell,5
sliggoo,ultra-sun-ultra-moon,ultra-moon,shed-shell,5
pikipek,sun-moon,sun,oran-berry,5
pikipek,sun-moon,moon,oran-berry,5
pikipek,ultra-sun-ultra-moon,ultra-sun,oran-berry,5
pikipek,ultra-sun-ultra-moon,ultra-moon,oran-berry,5
trumbeak,sun-moon,sun,sitrus-berry,5
trumbeak,sun-moon,moon,sitrus-berry,5
trumbeak,ultra-sun-ultra-moon,ultra-sun,sitrus-berry,5
trumbeak,ultra-sun-ultra-moon,ultra-moon,sitrus-berry,5
toucannon,sun-moon,sun,rawst-berry,5
toucannon,sun-moon,moon,rawst-berry,5
toucannon,ultra-sun-ultra-moon,ultra-sun,rawst-berry,5
toucannon,ultra-sun-ultra-moon,ultra-moon,rawst-berry,5
yungoos,sun-moon,sun,pecha-berry,5
yungoos,sun-moon,moon,pecha-berry,5
yungoos,ultra-sun-ultra-moon,ultra-sun,pecha-berry,5
yungoos,ultra-sun-ultra-moon,ultra-moon,pecha-berry,5
gumshoos,sun-moon,sun,pecha-berry,5
gumshoos,sun-moon,moon,pecha-berry,5
gumshoos,ultra-sun-ultra-moon,ultra-sun,pecha-berry,5
gumshoos,ultra-sun-ultra-moon,ultra-moon,pecha-berry,5
charjabug,sun-moon,sun,cell-battery,5
charjabug,sun-moon,moon,cell-battery,5
charjabug,ultra-sun-ultra-moon,ultra-sun,cell-battery,5
charjabug,ultra-sun-ultra-moon,ultra-moon,cell-battery,5
crabrawler,sun-moon,sun,aspear-berry,5
crabrawler,sun-moon,moon,aspear-berry,5
crabrawler,ultra-sun-ultra-moon,ultra-sun,aspear-berry,5
crabrawler,ultra-sun-ultra-moon,ultra-moon,aspear-berry,5
crabominable,sun-moon,sun,cheri-berry,5
crabominable,sun-moon,moon,cheri-berry,5
crabominable,ultra-sun-ultra-moon,ultra-sun,cheri-berry,5
crabominable,ultra-sun-ultra-moon,ultra-moon,cheri-berry,5
oricorio-baile,sun-moon,sun,honey,5
oricorio-baile,sun-moon,moon,honey,5
oricorio-baile,ultra-sun-ultra-moon,ultra-sun,honey,5
oricorio-baile,ultra-sun-ultra-moon,ultra-moon,honey,5
cutiefly,sun-moon,sun,honey,5
cutiefly,sun-moon,moon,honey,5
cutiefly,ultra-sun-ultra-moon,ultra-sun,honey,5
cutiefly,ultra-sun-ultra-moon,ultra-moon,honey,5
ribombee,sun-moon,sun,honey,5
ribombee,sun-moon,moon,honey,5
ribombee,ultra-sun-ultra-moon,ultra-sun,honey,5
ribombee,ultra-sun-ultra-moon,ultra-moon,honey,5
mareanie,sun-moon,sun,poison-barb,5
mareanie,sun-moon,moon,poison-barb,5
mareanie,ultra-sun-ultra-moon,ultra-sun,poison-barb,5
mareanie,ultra-sun-ultra-moon,ultra-moon,poison-barb,5
toxapex,sun-moon,sun,poison-barb,5
toxapex,sun-moon,moon,poison-barb,5
toxapex,ultra-sun-ultra-moon,ultra-sun,poison-barb,5
toxapex,ultra-sun-ultra-moon,ultra-moon,poison-barb,5
mudbray,sun-moon,sun,light-clay,5
mudbray,sun-moon,moon,light-clay,5
mudbray,ultra-sun-ultra-moon,ultra-sun,light-clay,5
mudbray,ultra-sun-ultra-moon,ultra-moon,light-clay,5
mudsdale,sun-moon,sun,light-clay,5
mudsdale,sun-moon,moon,light-clay,5
mudsdale,ultra-sun-ultra-moon,ultra-sun,light-clay,5
mudsdale,ultra-sun-ultra-moon,ultra-moon,light-clay,5
dewpider,sun-moon,sun,mystic-water,5
dewpider,sun-moon,moon,mystic-water,5
dewpider,ultra-sun-ultra-moon,ultra-sun,mystic-water,5
dewpider,ultra-sun-ultra-moon,ultra-moon,mystic-water,5
araquanid,sun-moon,sun,mystic-water,5
araquanid,sun-moon,moon,mystic-water,5
araquanid,ultra-sun-ultra-moon,ultra-sun,mystic-water,5
araquanid,ultra-sun-ultra-moon,ultra-moon,mystic-water,5
fomantis,sun-moon,sun,miracle-seed,5
fomantis,sun-moon,moon,miracle-seed,5
fomantis,ultra-sun-ultra-moon,ultra-sun,miracle-seed,5
fomantis,ultra-sun-ultra-moon,ultra-moon,miracle-seed,5
lurantis,sun-moon,sun,miracle-seed,5
lurantis,sun-moon,moon,miracle-seed,5
lurantis,ultra-sun-ultra-moon,ultra-sun,miracle-seed,5
lurantis,ultra-sun-ultra-moon,ultra-moon,miracle-seed,5
morelull,sun-moon,sun,tiny-mushroom,50
morelull,sun-moon,sun,big-mushroom,5
morelull,sun-moon,moon,tiny-mushroom,50
morelull,sun-moon,moon,big-mushroom,5
morelull,ultra-sun-ultra-moon,ultra-sun,tiny-mushroom,50
morelull,ultra-sun-ultra-moon,ultra-sun,big-mushroom,5
morelull,ultra-sun-ultra-moon,ultra-moon,tiny-mushroom,50
morelull,ultra-sun-ultra-moon,ultra-moon,big-mushroom,5
shiinotic,sun-moon,sun,tiny-mushroom,50
shiinotic,sun-moon,sun,big-mushroom,5
shiinotic,sun-moon,moon,tiny-mushroom,50
shiinotic,sun-moon,moon,big-mushroom,5
shiinotic,ultra-sun-ultra-moon,ultra-sun,tiny-mushroom,50
shiinotic,ultra-sun-ultra-moon,ultra-sun,big-mushroom,5
shiinotic,ultra-sun-ultra-moon,ultra-moon,tiny-mushroom,50
shiinotic,ultra-sun-ultra-moon,ultra-moon,big-mushroom,5
salandit,sun-moon,sun,smoke-ball,5
salandit,sun-moon,moon,smoke-ball,5
salandit,ultra-sun-ultra-moon,ultra-sun,smoke-ball,5
salandit,ultra-sun-ultra-moon,ultra-moon,smoke-ball,5
salazzle,sun-moon,sun,smoke-ball,5
salazzle,sun-moon,moon,smoke-ball,5
salazzle,ultra-sun-ultra-moon,ultra-sun,smoke-ball,5
salazzle,ultra-sun-ultra-moon,ultra-moon,smoke-ball,5
bounsweet,sun-moon,sun,grassy-seed,5
bounsweet,sun-moon,moon,grassy-seed,5
bounsweet,ultra-sun-ultra-moon,ultra-sun,grassy-seed,5
bounsweet,ultra-sun-ultra-moon,ultra-moon,grassy-seed,5
steenee,sun-moon,sun,grassy-seed,5
steenee,sun-moon,moon,grassy-seed,5
steenee,ultra-sun-ultra-moon,ultra-sun,grassy-seed,5
steenee,ultra-sun-ultra-moon,ultra-moon,grassy-seed,5
tsareena,sun-moon,sun,grassy-seed,50
tsareena,sun-moon,moon,grassy-seed,50
tsareena,ultra-sun-ultra-moon,ultra-sun,grassy-seed,50
tsareena,ultra-sun-ultra-moon,ultra-moon,grassy-seed,50
comfey,sun-moon,sun,misty-seed,5
comfey,sun-moon,moon,misty-seed,5
comfey,ultra-sun-ultra-moon,ultra-sun,misty-seed,5
comfey,ultra-sun-ultra-moon,ultra-moon,misty-seed,5
sandygast,sun-moon,sun,spell-tag,5
sandygast,sun-moon,moon,spell-tag,5
sandygast,ultra-sun-ultra-moon,ultra-sun,spell-tag,5
sandygast,ultra-sun-ultra-moon,ultra-moon,spell-tag,5
palossand,sun-moon,sun,spell-tag,5
palossand,sun-moon,moon,spell-tag,5
palossand,ultra-sun-ultra-moon,ultra-sun,spell-tag,5
palossand,ultra-sun-ultra-moon,ultra-moon,spell-tag,5
minior-red-meteor,sun-moon,sun,star-piece,5
minior-red-meteor,sun-moon,moon,star-piece,5
minior-red-meteor,ultra-sun-ultra-moon,ultra-sun,star-piece,5
minior-red-meteor,ultra-sun-ultra-moon,ultra-moon,star-piece,5
turtonator,sun-moon,sun,charcoal,5
turtonator,sun-moon,moon,charcoal,5
turtonator,ultra-sun-ultra-moon,ultra-sun,charcoal,5
turtonator,ultra-sun-ultra-moon,ultra-moon,charcoal,5
togedemaru,sun-moon,sun,electric-seed,5
togedemaru,sun-moon,moon,electric-seed,5
togedemaru,ultra-sun-ultra-moon,ultra-sun,electric-seed,5
togedemaru,ultra-sun-ultra-moon,ultra-moon,electric-seed,5
mimikyu-disguised,sun-moon,sun,chesto-berry,5
mimikyu-disguised,sun-moon,moon,chesto-berry,5
mimikyu-disguised,ultra-sun-ultra-moon,ultra-sun,chesto-berry,5
mimikyu-disguised,ultra-sun-ultra-moon,ultra-moon,chesto-berry,5
bruxish,sun-moon,sun,razor-fang,5
bruxish,sun-moon,moon,razor-fang,5
bruxish,ultra-sun-ultra-moon,ultra-sun,razor-fang,5
bruxish,ultra-sun-ultra-moon,ultra-moon,razor-fang,5
drampa,sun-moon,sun,persim-berry,5
drampa,sun-moon,moon,persim-berry,5
drampa,ultra-sun-ultra-moon,ultra-sun,persim-berry,5
drampa,ultra-sun-ultra-moon,ultra-moon,persim-berry,5
jangmo-o,sun-moon,sun,razor-claw,5
jangmo-o,sun-moon,moon,razor-claw,5
jangmo-o,ultra-sun-ultra-moon,ultra-sun,razor-claw,5
jangmo-o,ultra-sun-ultra-moon,ultra-moon,razor-claw,5
hakamo-o,sun-moon,sun,razor-claw,5
hakamo-o,sun-moon,moon,razor-claw,5
hakamo-o,ultra-sun-ultra-moon,ultra-sun,razor-claw,5
hakamo-o,ultra-sun-ultra-moon,ultra-moon,razor-claw,5
kommo-o,sun-moon,sun,razor-claw,50
kommo-o,sun-moon,moon,razor-claw,50
kommo-o,ultra-sun-ultra-moon,ultra-sun,razor-claw,50
kommo-o,ultra-sun-ultra-moon,ultra-moon,razor-claw,50
wormadam-sandy,diamond-pearl,diamond,silver-powder,5
wormadam-sandy,diamond-pearl,pearl,silver-powder,5
wormadam-sandy,platinum,platinum,silver-powder,5
wormadam-sandy,heartgold-soulsilver,heartgold,silver-powder,5
wormadam-sandy,heartgold-soulsilver,soulsilver,silver-powder,5
wormadam-sandy,black-white,black,silver-powder,5
wormadam-sandy,black-white,white,silver-powder,5
wormadam-sandy,black-2-white-2,black-2,silver-powder,5
wormadam-sandy,black-2-white-2,white-2,silver-powder,5
wormadam-sandy,x-y,x,silver-powder,5
wormadam-sandy,x-y,y,silver-powder,5
wormadam-sandy,omega-ruby-alpha-sapphire,omega-ruby,silver-powder,5
wormadam-sandy,omega-ruby-alpha-sapphire,alpha-sapphire,silver-powder,5
wormadam-sandy,sun-moon,sun,silver-powder,5
wormadam-sandy,sun-moon,moon,silver-powder,5
wormadam-sandy,ultra-sun-ultra-moon,ultra-sun,silver-powder,5
wormadam-sandy,ultra-sun-ultra-moon,ultra-moon,silver-powder,5
wormadam-trash,diamond-pearl,diamond,silver-powder,5
wormadam-trash,diamond-pearl,pearl,silver-powder,5
wormadam-trash,platinum,platinum,silver-powder,5
wormadam-trash,heartgold-soulsilver,heartgold,silver-powder,5
wormadam-trash,heartgold-soulsilver,soulsilver,silver-powder,5
wormadam-trash,black-white,black,silver-powder,5
wormadam-trash,black-white,white,silver-powder,5
wormadam-trash,black-2-white-2,black-2,silver-powder,5
wormadam-trash,black-2-white-2,white-2,silver-powder,5
wormadam-trash,x-y,x,silver-powder,5
wormadam-trash,x-y,y,silver-powder,5
wormadam-trash,omega-ruby-alpha-sapphire,omega-ruby,silver-powder,5
wormadam-trash,omega-ruby-alpha-sapphire,alpha-sapphire,silver-powder,5
wormadam-trash,sun-moon,sun,silver-powder,5
wormadam-trash,sun-moon,moon,silver-powder,5
wormadam-trash,ultra-sun-ultra-moon,ultra-sun,silver-powder,5
wormadam-trash,ultra-sun-ultra-moon,ultra-moon,silver-powder,5
shaymin-sky,platinum,platinum,lum-berry,100
shaymin-sky,heartgold-soulsilver,heartgold,lum-berry,100
shaymin-sky,heartgold-soulsilver,soulsilver,lum-berry,100
shaymin-sky,black-white,black,lum-berry,100
shaymin-sky,black-white,white,lum-berry,100
shaymin-sky,black-2-white-2,black-2,lum-berry,100
shaymin-sky,black-2-white-2,white-2,lum-berry,100
shaymin-sky,x-y,x,lum-berry,100
shaymin-sky,x-y,y,lum-berry,100
shaymin-sky,omega-ruby-alpha-sapphire,omega-ruby,lum-berry,100
shaymin-sky,omega-ruby-alpha-sapphire,alpha-sapphire,lum-berry,100
shaymin-sky,sun-moon,sun,lum-berry,5
shaymin-sky,sun-moon,moon,lum-berry,5
shaymin-sky,ultra-sun-ultra-moon,ultra-sun,lum-berry,5
shaymin-sky,ultra-sun-ultra-moon,ultra-moon,lum-berry,5
castform-sunny,ruby-sapphire,ruby,mystic-water,100
castform-sunny,ruby-sapphire,sapphire,mystic-water,100
castform-sunny,emerald,emerald,mystic-water,100
castform-sunny,firered-leafgreen,firered,mystic-water,100
castform-sunny,firered-leafgreen,leafgreen,mystic-water,100
castform-sunny,diamond-pearl,diamond,mystic-water,100
castform-sunny,diamond-pearl,pearl,mystic-water,100
castform-sunny,platinum,platinum,mystic-water,100
castform-sunny,heartgold-soulsilver,heartgold,mystic-water,100
castform-sunny,heartgold-soulsilver,soulsilver,mystic-water,100
castform-sunny,black-white,black,mystic-water,100
castform-sunny,black-white,white,mystic-water,100
castform-sunny,black-2-white-2,black-2,mystic-water,100
castform-sunny,black-2-white-2,white-2,mystic-water,100
castform-sunny,x-y,x,mystic-water,100
castform-sunny,x-y,y,mystic-water,100
castform-sunny,omega-ruby-alpha-sapphire,omega-ruby,mystic-water,100
castform-sunny,omega-ruby-alpha-sapphire,alpha-sapphire,mystic-water,100
castform-sunny,sun-moon,sun,mystic-water,5
castform-sunny,sun-moon,moon,mystic-water,5
castform-sunny,ultra-sun-ultra-moon,ultra-sun,mystic-water,5
castform-sunny,ultra-sun-ultra-moon,ultra-moon,mystic-water,5
castform-rainy,ruby-sapphire,ruby,mystic-water,100
castform-rainy,ruby-sapphire,sapphire,mystic-water,100
castform-rainy,emerald,emerald,mystic-water,100
castform-rainy,firered-leafgreen,firered,mystic-water,100
castform-rainy,firered-leafgreen,leafgreen,mystic-water,100
castform-rainy,diamond-pearl,diamond,mystic-water,100
castform-rainy,diamond-pearl,pearl,mystic-water,100
castform-rainy,platinum,platinum,mystic-water,100
castform-rainy,heartgold-soulsilver,heartgold,mystic-water,100
castform-rainy,heartgold-soulsilver,soulsilver,mystic-water,100
castform-rainy,black-white,black,mystic-water,100
castform-rainy,black-white,white,mystic-water,100
castform-rainy,black-2-white-2,black-2,mystic-water,100
castform-rainy,black-2-white-2,white-2,mystic-water,100
castform-rainy,x-y,x,mystic-water,100
castform-rainy,x-y,y,mystic-water,100
castform-rainy,omega-ruby-alpha-sapphire,omega-ruby,mystic-water,100
castform-rainy,omega-ruby-alpha-sapphire,alpha-sapphire,mystic-water,100
castform-rainy,sun-moon,sun,mystic-water,5
castform-rainy,sun-moon,moon,mystic-water,5
castform-rainy,ultra-sun-ultra-moon,ultra-sun,mystic-water,5
castform-rainy,ultra-sun-ultra-moon,ultra-moon,mystic-water,5
castform-snowy,ruby-sapphire,ruby,mystic-water,100
castform-snowy,ruby-sapphire,sapphire,mystic-water,100
castform-snowy,emerald,emerald,mystic-water,100
castform-snowy,firered-leafgreen,firered,mystic-water,100
castform-snowy,firered-leafgreen,leafgreen,mystic-water,100
castform-snowy,diamond-pearl,diamond,mystic-water,100
castform-snowy,diamond-pearl,pearl,mystic-water,100
castform-snowy,platinum,platinum,mystic-water,100
castform-snowy,heartgold-soulsilver,heartgold,mystic-water,100
castform-snowy,heartgold-soulsilver,soulsilver,mystic-water,100
castform-snowy,black-white,black,mystic-water,100
castform-snowy,black-white,white,mystic-water,100
castform-snowy,black-2-white-2,black-2,mystic-water,100
castform-snowy,black-2-white-2,white-2,mystic-water,100
castform-snowy,x-y,x,mystic-water,100
castform-snowy,x-y,y,mystic-water,100
castform-snowy,omega-ruby-alpha-sapphire,omega-ruby,mystic-water,100
castform-snowy,omega-ruby-alpha-sapphire,alpha-sapphire,mystic-water,100
castform-snowy,sun-moon,sun,mystic-water,5
castform-snowy,sun-moon,moon,mystic-water,5
castform-snowy,ultra-sun-ultra-moon,ultra-sun,mystic-water,5
castform-snowy,ultra-sun-ultra-moon,ultra-moon,mystic-water,5
basculin-blue-striped,black-white,black,deep-sea-scale,5
basculin-blue-striped,black-white,white,deep-sea-scale,5
basculin-blue-striped,black-2-white-2,black-2,deep-sea-scale,5
basculin-blue-striped,black-2-white-2,white-2,deep-sea-scale,5
basculin-blue-striped,x-y,x,deep-sea-scale,5
basculin-blue-striped,x-y,y,deep-sea-scale,5
basculin-blue-striped,omega-ruby-alpha-sapphire,omega-ruby,deep-sea-scale,5
basculin-blue-striped,omega-ruby-alpha-sapphire,alpha-sapphire,deep-sea-scale,5
basculin-blue-striped,sun-moon,sun,deep-sea-scale,5
basculin-blue-striped,sun-moon,moon,deep-sea-scale,5
basculin-blue-striped,ultra-sun-ultra-moon,ultra-sun,deep-sea-scale,5
basculin-blue-striped,ultra-sun-ultra-moon,ultra-moon,deep-sea-scale,5
darmanitan-zen,black-white,black,rawst-berry,50
darmanitan-zen,black-white,white,rawst-berry,50
darmanitan-zen,black-2-white-2,black-2,rawst-berry,50
darmanitan-zen,black-2-white-2,white-2,rawst-berry,50
meloetta-pirouette,black-white,black,star-piece,100
meloetta-pirouette,black-white,white,star-piece,100
meloetta-pirouette,black-2-white-2,black-2,star-piece,100
meloetta-pirouette,black-2-white-2,white-2,star-piece,100
meloetta-pirouette,x-y,x,star-piece,100
meloetta-pirouette,x-y,y,star-piece,100
meloetta-pirouette,omega-ruby-alpha-sapphire,omega-ruby,star-piece,100
meloetta-pirouette,omega-ruby-alpha-sapphire,alpha-sapphire,star-piece,100
meloetta-pirouette,sun-moon,sun,star-piece,5
meloetta-pirouette,sun-moon,moon,star-piece,5
meloetta-pirouette,ultra-sun-ultra-moon,ultra-sun,star-piece,5
meloetta-pirouette,ultra-sun-ultra-moon,ultra-moon,star-piece,5
pumpkaboo-super,x-y,x,miracle-seed,100
pumpkaboo-super,x-y,y,miracle-seed,100
pumpkaboo-super,omega-ruby-alpha-sapphire,omega-ruby,miracle-seed,100
pumpkaboo-super,omega-ruby-alpha-sapphire,alpha-sapphire,miracle-seed,100
pumpkaboo-super,sun-moon,sun,miracle-seed,5
pumpkaboo-super,sun-moon,moon,miracle-seed,5
pumpkaboo-super,ultra-sun-ultra-moon,ultra-sun,miracle-seed,5
pumpkaboo-super,ultra-sun-ultra-moon,ultra-moon,miracle-seed,5
gourgeist-super,x-y,x,miracle-seed,100
gourgeist-super,x-y,y,miracle-seed,100
gourgeist-super,omega-ruby-alpha-sapphire,omega-ruby,miracle-seed,100
gourgeist-super,omega-ruby-alpha-sapphire,alpha-sapphire,miracle-seed,100
gourgeist-super,sun-moon,sun,miracle-seed,5
gourgeist-super,sun-moon,moon,miracle-seed,5
gourgeist-super,ultra-sun-ultra-moon,ultra-sun,miracle-seed,5
gourgeist-super,ultra-sun-ultra-moon,ultra-moon,miracle-seed,5
alakazam-mega,x-y,x,twisted-spoon,5
alakazam-mega,x-y,y,twisted-spoon,5
alakazam-mega,omega-ruby-alpha-sapphire,omega-ruby,twisted-spoon,5
alakazam-mega,omega-ruby-alpha-sapphire,alpha-sapphire,twisted-spoon,5
alakazam-mega,sun-moon,sun,twisted-spoon,5
alakazam-mega,sun-moon,moon,twisted-spoon,5
alakazam-mega,ultra-sun-ultra-moon,ultra-sun,twisted-spoon,5
alakazam-mega,ultra-sun-ultra-moon,ultra-moon,twisted-spoon,5
aggron-mega,x-y,x,hard-stone,5
aggron-mega,x-y,y,hard-stone,5
aggron-mega,omega-ruby-alpha-sapphire,omega-ruby,hard-stone,5
aggron-mega,omega-ruby-alpha-sapphire,alpha-sapphire,hard-stone,5
aggron-mega,sun-moon,sun,hard-stone,5
aggron-mega,sun-moon,moon,hard-stone,5
aggron-mega,ultra-sun-ultra-moon,ultra-sun,hard-stone,5
aggron-mega,ultra-sun-ultra-moon,ultra-moon,hard-stone,5
banette-mega,x-y,x,spell-tag,5
banette-mega,x-y,y,spell-tag,5
banette-mega,omega-ruby-alpha-sapphire,omega-ruby,spell-tag,5
banette-mega,omega-ruby-alpha-sapphire,alpha-sapphire,spell-tag,5
banette-mega,sun-moon,sun,spell-tag,5
banette-mega,sun-moon,moon,spell-tag,5
banette-mega,ultra-sun-ultra-moon,ultra-sun,spell-tag,5
banette-mega,ultra-sun-ultra-moon,ultra-moon,spell-tag,5
absol-mega,omega-ruby-alpha-sapphire,omega-ruby,life-orb,5
absol-mega,omega-ruby-alpha-sapphire,alpha-sapphire,life-orb,5
abomasnow-mega,x-y,x,never-melt-ice,5
abomasnow-mega,x-y,y,never-melt-ice,5
abomasnow-mega,omega-ruby-alpha-sapphire,omega-ruby,never-melt-ice,5
abomasnow-mega,omega-ruby-alpha-sapphire,alpha-sapphire,never-melt-ice,5
abomasnow-mega,sun-moon,sun,never-melt-ice,5
abomasnow-mega,sun-moon,moon,never-melt-ice,5
abomasnow-mega,ultra-sun-ultra-moon,ultra-sun,never-melt-ice,5
abomasnow-mega,ultra-sun-ultra-moon,ultra-moon,never-melt-ice,5
audino-mega,omega-ruby-alpha-sapphire,omega-ruby,oran-berry,50
audino-mega,omega-ruby-alpha-sapphire,omega-ruby,sitrus-berry,5
audino-mega,omega-ruby-alpha-sapphire,alpha-sapphire,oran-berry,50
audino-mega,omega-ruby-alpha-sapphire,alpha-sapphire,sitrus-berry,5
audino-mega,sun-moon,sun,oran-berry,50
audino-mega,sun-moon,sun,sitrus-berry,5
audino-mega,sun-moon,moon,oran-berry,50
audino-mega,sun-moon,moon,sitrus-berry,5
audino-mega,ultra-sun-ultra-moon,ultra-sun,oran-berry,50
audino-mega,ultra-sun-ultra-moon,ultra-sun,sitrus-berry,5
audino-mega,ultra-sun-ultra-moon,ultra-moon,oran-berry,50
audino-mega,ultra-sun-ultra-moon,ultra-moon,sitrus-berry,5
sharpedo-mega,omega-ruby-alpha-sapphire,omega-ruby,deep-sea-tooth,5
sharpedo-mega,omega-ruby-alpha-sapphire,alpha-sapphire,deep-sea-tooth,5
sharpedo-mega,sun-moon,sun,deep-sea-tooth,5
sharpedo-mega,sun-moon,moon,deep-sea-tooth,5
sharpedo-mega,ultra-sun-ultra-moon,ultra-sun,deep-sea-tooth,5
sharpedo-mega,ultra-sun-ultra-moon,ultra-moon,deep-sea-tooth,5
slowbro-mega,omega-ruby-alpha-sapphire,omega-ruby,kings-rock,5
slowbro-mega,omega-ruby-alpha-sapphire,alpha-sapphire,kings-rock,5
slowbro-mega,sun-moon,sun,kings-rock,5
slowbro-mega,sun-moon,moon,kings-rock,5
slowbro-mega,ultra-sun-ultra-moon,ultra-sun,kings-rock,5
slowbro-mega,ultra-sun-ultra-moon,ultra-moon,kings-rock,5
steelix-mega,omega-ruby-alpha-sapphire,omega-ruby,metal-coat,5
steelix-mega,omega-ruby-alpha-sapphire,alpha-sapphire,metal-coat,5
steelix-mega,sun-moon,sun,metal-coat,5
steelix-mega,sun-moon,moon,metal-coat,5
steelix-mega,ultra-sun-ultra-moon,ultra-sun,metal-coat,5
steelix-mega,ultra-sun-ultra-moon,ultra-moon,metal-coat,5
metagross-mega,omega-ruby-alpha-sapphire,omega-ruby,metal-coat,5
metagross-mega,omega-ruby-alpha-sapphire,alpha-sapphire,metal-coat,5
metagross-mega,sun-moon,sun,metal-coat,5
metagross-mega,sun-moon,moon,metal-coat,5
metagross-mega,ultra-sun-ultra-moon,ultra-sun,metal-coat,5
metagross-mega,ultra-sun-ultra-moon,ultra-moon,metal-coat,5
pikachu-rock-star,omega-ruby-alpha-sapphire,omega-ruby,light-ball,5
pikachu-rock-star,omega-ruby-alpha-sapphire,alpha-sapphire,light-ball,5
pikachu-belle,omega-ruby-alpha-sapphire,omega-ruby,light-ball,5
pikachu-belle,omega-ruby-alpha-sapphire,alpha-sapphire,light-ball,5
pikachu-pop-star,omega-ruby-alpha-sapphire,omega-ruby,light-ball,5
pikachu-pop-star,omega-ruby-alpha-sapphire,alpha-sapphire,light-ball,5
pikachu-phd,omega-ruby-alpha-sapphire,omega-ruby,light-ball,5
pikachu-phd,omega-ruby-alpha-sapphire,alpha-sapphire,light-ball,5
pikachu-libre,omega-ruby-alpha-sapphire,omega-ruby,light-ball,5
pikachu-libre,omega-ruby-alpha-sapphire,alpha-sapphire,light-ball,5
pikachu-cosplay,omega-ruby-alpha-sapphire,omega-ruby,light-ball,5
pikachu-cosplay,omega-ruby-alpha-sapphire,alpha-sapphire,light-ball,5
salamence-mega,omega-ruby-alpha-sapphire,omega-ruby,dragon-fang,5
salamence-mega,omega-ruby-alpha-sapphire,alpha-sapphire,dragon-fang,5
salamence-mega,sun-moon,sun,dragon-fang,5
salamence-mega,sun-moon,moon,dragon-fang,5
salamence-mega,ultra-sun-ultra-moon,ultra-sun,dragon-fang,5
salamence-mega,ultra-sun-ultra-moon,ultra-moon,dragon-fang,5
beedrill-mega,omega-ruby-alpha-sapphire,omega-ruby,poison-barb,5
beedrill-mega,omega-ruby-alpha-sapphire,alpha-sapphire,poison-barb,5
beedrill-mega,sun-moon,sun,poison-barb,5
beedrill-mega,sun-moon,moon,poison-barb,5
beedrill-mega,ultra-sun-ultra-moon,ultra-sun,poison-barb,5
beedrill-mega,ultra-sun-ultra-moon,ultra-moon,poison-barb,5
rattata-alola,sun-moon,sun,pecha-berry,5
rattata-alola,sun-moon,moon,pecha-berry,5
rattata-alola,ultra-sun-ultra-moon,ultra-sun,pecha-berry,5
rattata-alola,ultra-sun-ultra-moon,ultra-moon,pecha-berry,5
raticate-alola,sun-moon,sun,pecha-berry,5
raticate-alola,sun-moon,moon,pecha-berry,5
raticate-alola,ultra-sun-ultra-moon,ultra-sun,pecha-berry,5
raticate-alola,ultra-sun-ultra-moon,ultra-moon,pecha-berry,5
raticate-totem-alola,sun-moon,sun,pecha-berry,5
raticate-totem-alola,sun-moon,moon,pecha-berry,5
raticate-totem-alola,ultra-sun-ultra-moon,ultra-sun,pecha-berry,5
raticate-totem-alola,ultra-sun-ultra-moon,ultra-moon,pecha-berry,5
pikachu-original-cap,sun-moon,sun,light-ball,5
pikachu-original-cap,sun-moon,moon,light-ball,5
pikachu-original-cap,ultra-sun-ultra-moon,ultra-sun,light-ball,5
pikachu-original-cap,ultra-sun-ultra-moon,ultra-moon,light-ball,5
pikachu-hoenn-cap,sun-moon,sun,light-ball,5
pikachu-hoenn-cap,sun-moon,moon,light-ball,5
pikachu-hoenn-cap,ultra-sun-ultra-moon,ultra-sun,light-ball,5
pikachu-hoenn-cap,ultra-sun-ultra-moon,ultra-moon,light-ball,5
pikachu-sinnoh-cap,sun-moon,sun,light-ball,5
pikachu-sinnoh-cap,sun-moon,moon,light-ball,5
pikachu-sinnoh-cap,ultra-sun-ultra-moon,ultra-sun,light-ball,5
pikachu-sinnoh-cap,ultra-sun-ultra-moon,ultra-moon,light-ball,5
pikachu-unova-cap,sun-moon,sun,light-ball,5
pikachu-unova-cap,sun-moon,moon,light-ball,5
pikachu-unova-cap,ultra-sun-ultra-moon,ultra-sun,light-ball,5
pikachu-unova-cap,ultra-sun-ultra-moon,ultra-moon,light-ball,5
pikachu-kalos-cap,sun-moon,sun,light-ball,5
pikachu-kalos-cap,sun-moon,moon,light-ball,5
pikachu-kalos-cap,ultra-sun-ultra-moon,ultra-sun,light-ball,5
pikachu-kalos-cap,ultra-sun-ultra-moon,ultra-moon,light-ball,5
pikachu-alola-cap,sun-moon,sun,light-ball,5
pikachu-alola-cap,sun-moon,moon,light-ball,5
pikachu-alola-cap,ultra-sun-ultra-moon,ultra-sun,light-ball,5
pikachu-alola-cap,ultra-sun-ultra-moon,ultra-moon,light-ball,5
sandshrew-alola,sun-moon,sun,grip-claw,5
sandshrew-alola,sun-moon,moon,grip-claw,5
sandshrew-alola,ultra-sun-ultra-moon,ultra-sun,grip-claw,5
sandshrew-alola,ultra-sun-ultra-moon,ultra-moon,grip-claw,5
sandslash-alola,sun-moon,sun,grip-claw,5
sandslash-alola,sun-moon,moon,grip-claw,5
sandslash-alola,ultra-sun-ultra-moon,ultra-sun,grip-claw,5
sandslash-alola,ultra-sun-ultra-moon,ultra-moon,grip-claw,5
vulpix-alola,sun-moon,sun,snowball,5
vulpix-alola,sun-moon,moon,snowball,5
vulpix-alola,ultra-sun-ultra-moon,ultra-sun,snowball,5
vulpix-alola,ultra-sun-ultra-moon,ultra-moon,snowball,5
ninetales-alola,sun-moon,sun,snowball,5
ninetales-alola,sun-moon,moon,snowball,5
ninetales-alola,ultra-sun-ultra-moon,ultra-sun,snowball,5
ninetales-alola,ultra-sun-ultra-moon,ultra-moon,snowball,5
diglett-alola,sun-moon,sun,soft-sand,5
diglett-alola,sun-moon,moon,soft-sand,5
diglett-alola,ultra-sun-ultra-moon,ultra-sun,soft-sand,5
diglett-alola,ultra-sun-ultra-moon,ultra-moon,soft-sand,5
dugtrio-alola,sun-moon,sun,soft-sand,5
dugtrio-alola,sun-moon,moon,soft-sand,5
dugtrio-alola,ultra-sun-ultra-moon,ultra-sun,soft-sand,5
dugtrio-alola,ultra-sun-ultra-moon,ultra-moon,soft-sand,5
meowth-alola,sun-moon,sun,quick-claw,5
meowth-alola,sun-moon,moon,quick-claw,5
meowth-alola,ultra-sun-ultra-moon,ultra-sun,quick-claw,5
meowth-alola,ultra-sun-ultra-moon,ultra-moon,quick-claw,5
persian-alola,sun-moon,sun,quick-claw,5
persian-alola,sun-moon,moon,quick-claw,5
persian-alola,ultra-sun-ultra-moon,ultra-sun,quick-claw,5
persian-alola,ultra-sun-ultra-moon,ultra-moon,quick-claw,5
geodude-alola,sun-moon,sun,cell-battery,5
geodude-alola,sun-moon,moon,cell-battery,5
geodude-alola,ultra-sun-ultra-moon,ultra-sun,cell-battery,5
geodude-alola,ultra-sun-ultra-moon,ultra-moon,cell-battery,5
graveler-alola,sun-moon,sun,cell-battery,5
graveler-alola,sun-moon,moon,cell-battery,5
graveler-alola,ultra-sun-ultra-moon,ultra-sun,cell-battery,5
graveler-alola,ultra-sun-ultra-moon,ultra-moon,cell-battery,5
golem-alola,sun-moon,sun,cell-battery,50
golem-alola,sun-moon,moon,cell-battery,50
golem-alola,ultra-sun-ultra-moon,ultra-sun,cell-battery,50
golem-alola,ultra-sun-ultra-moon,ultra-moon,cell-battery,50
grimer-alola,sun-moon,sun,black-sludge,5
grimer-alola,sun-moon,moon,black-sludge,5
grimer-alola,ultra-sun-ultra-moon,ultra-sun,black-sludge,5
grimer-alola,ultra-sun-ultra-moon,ultra-moon,black-sludge,5
muk-alola,sun-moon,sun,black-sludge,50
muk-alola,sun-moon,moon,black-sludge,50
muk-alola,ultra-sun-ultra-moon,ultra-sun,black-sludge,50
muk-alola,ultra-sun-ultra-moon,ultra-moon,black-sludge,50
marowak-alola,sun-moon,sun,thick-club,5
marowak-alola,sun-moon,moon,thick-club,5
marowak-alola,ultra-sun-ultra-moon,ultra-sun,thick-club,5
marowak-alola,ultra-sun-ultra-moon,ultra-moon,thick-club,5
gumshoos-totem,sun-moon,sun,pecha-berry,5
gumshoos-totem,sun-moon,moon,pecha-berry,5
gumshoos-totem,ultra-sun-ultra-moon,ultra-sun,pecha-berry,5
gumshoos-totem,ultra-sun-ultra-moon,ultra-moon,pecha-berry,5
oricorio-pom-pom,sun-moon,sun,honey,5
oricorio-pom-pom,sun-moon,moon,honey,5
oricorio-pom-pom,ultra-sun-ultra-moon,ultra-sun,honey,5
oricorio-pom-pom,ultra-sun-ultra-moon,ultra-moon,honey,5
oricorio-pau,sun-moon,sun,honey,5
oricorio-pau,sun-moon,moon,honey,5
oricorio-pau,ultra-sun-ultra-moon,ultra-sun,honey,5
oricorio-pau,ultra-sun-ultra-moon,ultra-moon,honey,5
oricorio-sensu,sun-moon,sun,honey,5
oricorio-sensu,sun-moon,moon,honey,5
oricorio-sensu,ultra-sun-ultra-moon,ultra-sun,honey,5
oricorio-sensu,ultra-sun-ultra-moon,ultra-moon,honey,5
lurantis-totem,sun-moon,sun,miracle-seed,5
lurantis-totem,sun-moon,moon,miracle-seed,5
lurantis-totem,ultra-sun-ultra-moon,ultra-sun,miracle-seed,5
lurantis-totem,ultra-sun-ultra-moon,ultra-moon,miracle-seed,5
salazzle-totem,sun-moon,sun,smoke-ball,5
salazzle-totem,sun-moon,moon,smoke-ball,5
salazzle-totem,ultra-sun-ultra-moon,ultra-sun,smoke-ball,5
salazzle-totem,ultra-sun-ultra-moon,ultra-moon,smoke-ball,5
minior-orange-meteor,sun-moon,sun,star-piece,5
minior-orange-meteor,sun-moon,moon,star-piece,5
minior-orange-meteor,ultra-sun-ultra-moon,ultra-sun,star-piece,5
minior-orange-meteor,ultra-sun-ultra-moon,ultra-moon,star-piece,5
minior-yellow-meteor,sun-moon,sun,star-piece,5
minior-yellow-meteor,sun-moon,moon,star-piece,5
minior-yellow-meteor,ultra-sun-ultra-moon,ultra-sun,star-piece,5
minior-yellow-meteor,ultra-sun-ultra-moon,ultra-moon,star-piece,5
minior-green-meteor,sun-moon,sun,star-piece,5
minior-green-meteor,sun-moon,moon,star-piece,5
minior-green-meteor,ultra-sun-ultra-moon,ultra-sun,star-piece,5
minior-green-meteor,ultra-sun-ultra-moon,ultra-moon,star-piece,5
minior-blue-meteor,sun-moon,sun,star-piece,5
minior-blue-meteor,sun-moon,moon,star-piece,5
minior-blue-meteor,ultra-sun-ultra-moon,ultra-sun,star-piece,5
minior-blue-meteor,ultra-sun-ultra-moon,ultra-moon,star-piece,5
minior-indigo-meteor,sun-moon,sun,star-piece,5
minior-indigo-meteor,sun-moon,moon,star-piece,5
minior-indigo-meteor,ultra-sun-ultra-moon,ultra-sun,star-piece,5
minior-indigo-meteor,ultra-sun-ultra-moon,ultra-moon,star-piece,5
minior-violet-meteor,sun-moon,sun,star-piece,5
minior-violet-meteor,sun-moon,moon,star-piece,5
minior-violet-meteor,ultra-sun-ultra-moon,ultra-sun,star-piece,5
minior-violet-meteor,ultra-sun-ultra-moon,ultra-moon,star-piece,5
mimikyu-totem-disguised,sun-moon,sun,chesto-berry,5
mimikyu-totem-disguised,sun-moon,moon,chesto-berry,5
mimikyu-totem-disguised,ultra-sun-ultra-moon,ultra-sun,chesto-berry,5
mimikyu-totem-disguised,ultra-sun-ultra-moon,ultra-moon,chesto-berry,5
kommo-o-totem,sun-moon,sun,razor-claw,50
kommo-o-totem,sun-moon,moon,razor-claw,50
kommo-o-totem,ultra-sun-ultra-moon,ultra-sun,razor-claw,50
kommo-o-totem,ultra-sun-ultra-moon,ultra-moon,razor-claw,50
pikachu-partner-cap,ultra-sun-ultra-moon,ultra-sun,light-ball,5
pikachu-partner-cap,ultra-sun-ultra-moon,ultra-moon,light-ball,5
marowak-totem,ultra-sun-ultra-moon,ultra-sun,thick-club,5
marowak-totem,ultra-sun-ultra-moon,ultra-moon,thick-club,5
ribombee-totem,ultra-sun-ultra-moon,ultra-sun,honey,5
ribombee-totem,ultra-sun-ultra-moon,ultra-moon,honey,5
araquanid-totem,ultra-sun-ultra-moon,ultra-sun,mystic-water,5
araquanid-totem,ultra-sun-ultra-moon,ultra-moon,mystic-water,5
togedemaru-totem,ultra-sun-ultra-moon,ultra-sun,electric-seed,5
togedemaru-totem,ultra-sun-ultra-moon,ultra-moon,electric-seed,5
