species,name_en,name_ja,name_ja_hrkt,name_ja_roma,name_fr,name_de,name_es,name_es_419,name_it,name_ko,name_ko_latn,name_zh_hant,name_zh_hans,name_zh_latn
1,Bulbasaur,フシギダネ,フシギダネ,Fushigidane,Bulbizarre,Bisasam,Bulbasaur,Bulbasaur,Bulbasaur,이상해씨,Isanghaessi,妙蛙種子,妙蛙种子,Miàowāzhǒngzǐ
2,Ivysaur,フシギソウ,フシギソウ,Fushigisou,Herbizarre,Bisaknosp,Ivysaur,Ivysaur,Ivysaur,이상해풀,Isanghaepul,妙蛙草,妙蛙草,Miàowācǎo
3,Venusaur,フシギバナ,フシギバナ,Fushigibana,Florizarre,Bisaflor,Venusaur,Venusaur,Venusaur,이상해꽃,Isanghaekkot,妙蛙花,妙蛙花,Miàowāhuā
4,Charmander,ヒトカゲ,ヒトカゲ,Hitokage,Salamèche,Glumanda,Charmander,Charmander,Charmander,파이리,Pairi,小火龍,小火龙,Xiǎohuǒlóng
5,Charmeleon,リザード,リザード,Lizardo,Reptincel,Glutexo,Charmeleon,Charmeleon,Charmeleon,리자드,Rijadeu,火恐龍,火恐龙,Huǒkǒnglóng
6,Charizard,リザードン,リザードン,Lizardon,Dracaufeu,Glurak,Charizard,Charizard,Charizard,리자몽,Rijamong,噴火龍,喷火龙,Pēnhuǒlóng
7,Squirtle,ゼニガメ,ゼニガメ,Zenigame,Carapuce,Schiggy,Squirtle,Squirtle,Squirtle,꼬부기,Kkobugi,傑尼龜,杰尼龟,Jiéníguī
8,Wartortle,カメール,カメール,Kameil,Carabaffe,Schillok,Wartortle,Wartortle,Wartortle,어니부기,Eonibugi,卡咪龜,卡咪龟,Kǎmīguī
9,Blastoise,カメックス,カメックス,Kamex,Tortank,Turtok,Blastoise,Blastoise,Blastoise,거북왕,Geobugwang,水箭龜,水箭龟,Shuǐjiànguī
10,Caterpie,キャタピー,キャタピー,Caterpie,Chenipan,Raupy,Caterpie,Caterpie,Caterpie,캐터피,Kaeteopi,綠毛蟲,绿毛虫,Lǜmáochóng
11,Metapod,トランセル,トランセル,Transel,Chrysacier,Safcon,Metapod,Metapod,Metapod,단데기,Dandegi,鐵甲蛹,铁甲蛹,Tiějiáyǒng
12,Butterfree,バタフリー,バタフリー,Butterfree,Papilusion,Smettbo,Butterfree,Butterfree,Butterfree,버터플,Beoteopeul,巴大蝶,巴大蝶,Bādàdié
13,Weedle,ビードル,ビードル,Beedle,Aspicot,Hornliu,Weedle,Weedle,Weedle,뿔충이,Ppulchungi,獨角蟲,独角虫,Dújiǎochóng
14,Kakuna,コクーン,コクーン,Cocoon,Coconfort,Kokuna,Kakuna,Kakuna,Kakuna,딱충이,Ttakchungi,鐵殼蛹,铁壳蛹,Tiěkéyǒng
15,Beedrill,スピアー,スピアー,Spear,Dardargnan,Bibor,Beedrill,Beedrill,Beedrill,독침붕,Dokchimbung,大針蜂,大针蜂,Dàzhēnfēng
16,Pidgey,ポッポ,ポッポ,Poppo,Roucool,Taubsi,Pidgey,Pidgey,Pidgey,구구,Gugu,波波,波波,Bōbō
17,Pidgeotto,ピジョン,ピジョン,Pigeon,Roucoups,Tauboga,Pidgeotto,Pidgeotto,Pidgeotto,피죤,Pijyon,比比鳥,比比鸟,Bǐbǐniǎo
18,Pidgeot,ピジョット,ピジョット,Pigeot,Roucarnage,Tauboss,Pidgeot,Pidgeot,Pidgeot,피죤투,Pijyontu,大比鳥,大比鸟,Dàbǐniǎo
19,Rattata,コラッタ,コラッタ,Koratta,Rattata,Rattfratz,Rattata,Rattata,Rattata,꼬렛,Kkoret,小拉達,小拉达,Xiǎolādá
20,Raticate,ラッタ,ラッタ,Ratta,Rattatac,Rattikarl,Raticate,Raticate,Raticate,레트라,Reteura,拉達,拉达,Lādá
21,Spearow,オニスズメ,オニスズメ,Onisuzume,Piafabec,Habitak,Spearow,Spearow,Spearow,깨비참,Kkaebicham,烈雀,烈雀,Lièquè
22,Fearow,オニドリル,オニドリル,Onidrill,Rapasdepic,Ibitak,Fearow,Fearow,Fearow,깨비드릴조,Kkaebideuriljo,大嘴雀,大嘴雀,Dàzuǐquè
23,Ekans,アーボ,アーボ,Arbo,Abo,Rettan,Ekans,Ekans,Ekans,아보,Abo,阿柏蛇,阿柏蛇,Ābóshé
24,Arbok,アーボック,アーボック,Arbok,Arbok,Arbok,Arbok,Arbok,Arbok,아보크,Abokeu,阿柏怪,阿柏怪,Ābóguài
25,Pikachu,ピカチュウ,ピカチュウ,Pikachu,Pikachu,Pikachu,Pikachu,Pikachu,Pikachu,피카츄,Pikachyu,皮卡丘,皮卡丘,Píkǎqiū
26,Raichu,ライチュウ,ライチュウ,Raichu,Raichu,Raichu,Raichu,Raichu,Raichu,라이츄,Raichyu,雷丘,雷丘,Léiqiū
27,Sandshrew,サンド,サンド,Sand,Sabelette,Sandan,Sandshrew,Sandshrew,Sandshrew,모래두지,Moraeduji,穿山鼠,穿山鼠,Chuānshānshǔ
28,Sandslash,サンドパン,サンドパン,Sandpan,Sablaireau,Sandamer,Sandslash,Sandslash,Sandslash,고지,Goji,穿山王,穿山王,Chuānshānwáng
29,Nidoran♀,ニドラン♀,ニドラン♀,Nidoran♀,Nidoran♀,Nidoran♀,Nidoran♀,Nidoran♀,Nidoran♀,니드런♀,Nideureonamkeot,尼多蘭,尼多兰,Níduōlán
30,Nidorina,ニドリーナ,ニドリーナ,Nidorina,Nidorina,Nidorina,Nidorina,Nidorina,Nidorina,니드리나,Nideurina,尼多娜,尼多娜,Níduōnà
31,Nidoqueen,ニドクイン,ニドクイン,Nidoqueen,Nidoqueen,Nidoqueen,Nidoqueen,Nidoqueen,Nidoqueen,니드퀸,Nideukwin,尼多后,尼多后,Níduōhòu
32,Nidoran♂,ニドラン♂,ニドラン♂,Nidoran♂,Nidoran♂,Nidoran♂,Nidoran♂,Nidoran♂,Nidoran♂,니드런♂,Nideureonsukeot,尼多朗,尼多朗,Níduōláng
33,Nidorino,ニドリーノ,ニドリーノ,Nidorino,Nidorino,Nidorino,Nidorino,Nidorino,Nidorino,니드리노,Nideurino,尼多力諾,尼多力诺,Níduōlìnuò
34,Nidoking,ニドキング,ニドキング,Nidoking,Nidoking,Nidoking,Nidoking,Nidoking,Nidoking,니드킹,Nideuking,尼多王,尼多王,Níduōwáng
35,Clefairy,ピッピ,ピッピ,Pippi,Mélofée,Piepi,Clefairy,Clefairy,Clefairy,삐삐,Ppippi,皮皮,皮皮,Pípí
36,Clefable,ピクシー,ピクシー,Pixy,Mélodelfe,Pixi,Clefable,Clefable,Clefable,픽시,Piksi,皮可西,皮可西,Píkěxī
37,Vulpix,ロコン,ロコン,Rokon,Goupix,Vulpix,Vulpix,Vulpix,Vulpix,식스테일,Sikseuteil,六尾,六尾,Liùwěi
38,Ninetales,キュウコン,キュウコン,Kyukon,Feunard,Vulnona,Ninetales,Ninetales,Ninetales,나인테일,Nainteil,九尾,九尾,Jiǔwěi
39,Jigglypuff,プリン,プリン,Purin,Rondoudou,Pummeluff,Jigglypuff,Jigglypuff,Jigglypuff,푸린,Purin,胖丁,胖丁,Pàngdīng
40,Wigglytuff,プクリン,プクリン,Pukurin,Grodoudou,Knuddeluff,Wigglytuff,Wigglytuff,Wigglytuff,푸크린,Pukeurin,胖可丁,胖可丁,Pàngkědīng
41,Zubat,ズバット,ズバット,Zubat,Nosferapti,Zubat,Zubat,Zubat,Zubat,주뱃,Jubaet,超音蝠,超音蝠,Chāoyīnfú
42,Golbat,ゴルバット,ゴルバット,Golbat,Nosferalto,Golbat,Golbat,Golbat,Golbat,골뱃,Golbaet,大嘴蝠,大嘴蝠,Dàzuǐfú
43,Oddish,ナゾノクサ,ナゾノクサ,Nazonokusa,Mystherbe,Myrapla,Oddish,Oddish,Oddish,뚜벅쵸,Ttubeokchyo,走路草,走路草,Zǒulùcǎo
44,Gloom,クサイハナ,クサイハナ,Kusaihana,Ortide,Duflor,Gloom,Gloom,Gloom,냄새꼬,Naemsaekko,臭臭花,臭臭花,Chòuchòuhuā
45,Vileplume,ラフレシア,ラフレシア,Ruffresia,Rafflesia,Giflor,Vileplume,Vileplume,Vileplume,라플레시아,Rapeullesia,霸王花,霸王花,Bàwánghuā
46,Paras,パラス,パラス,Paras,Paras,Paras,Paras,Paras,Paras,파라스,Paraseu,派拉斯,派拉斯,Pàilāsī
47,Parasect,パラセクト,パラセクト,Parasect,Parasect,Parasek,Parasect,Parasect,Parasect,파라섹트,Parasekteu,派拉斯特,派拉斯特,Pàilāsītè
48,Venonat,コンパン,コンパン,Kongpang,Mimitoss,Bluzuk,Venonat,Venonat,Venonat,콘팡,Konpang,毛球,毛球,Máoqiú
49,Venomoth,モルフォン,モルフォン,Morphon,Aéromite,Omot,Venomoth,Venomoth,Venomoth,도나리,Donari,摩魯蛾,摩鲁蛾,Mólǔ'é
50,Diglett,ディグダ,ディグダ,Digda,Taupiqueur,Digda,Diglett,Diglett,Diglett,디그다,Digeuda,地鼠,地鼠,Dìshǔ
51,Dugtrio,ダグトリオ,ダグトリオ,Dugtrio,Triopikeur,Digdri,Dugtrio,Dugtrio,Dugtrio,닥트리오,Dakteurio,三地鼠,三地鼠,Sāndìshǔ
52,Meowth,ニャース,ニャース,Nyarth,Miaouss,Mauzi,Meowth,Meowth,Meowth,나옹,Naong,喵喵,喵喵,Miāomiāo
53,Persian,ペルシアン,ペルシアン,Persian,Persian,Snobilikat,Persian,Persian,Persian,페르시온,Pereusion,貓老大,猫老大,Māolǎodà
54,Psyduck,コダック,コダック,Koduck,Psykokwak,Enton,Psyduck,Psyduck,Psyduck,고라파덕,Gorapadeok,可達鴨,可达鸭,Kědáyā
55,Golduck,ゴルダック,ゴルダック,Golduck,Akwakwak,Entoron,Golduck,Golduck,Golduck,골덕,Goldeok,哥達鴨,哥达鸭,Gēdáyā
56,Mankey,マンキー,マンキー,Mankey,Férosinge,Menki,Mankey,Mankey,Mankey,망키,Mangki,猴怪,猴怪,Hóuguài
57,Primeape,オコリザル,オコリザル,Okorizaru,Colossinge,Rasaff,Primeape,Primeape,Primeape,성원숭,Seongwonsung,火爆猴,火暴猴,Huǒbàohóu
58,Growlithe,ガーディ,ガーディ,Gardie,Caninos,Fukano,Growlithe,Growlithe,Growlithe,가디,Gadi,卡蒂狗,卡蒂狗,Kǎdìgǒu
59,Arcanine,ウインディ,ウインディ,Windie,Arcanin,Arkani,Arcanine,Arcanine,Arcanine,윈디,Windi,風速狗,风速狗,Fēngsùgǒu
60,Poliwag,ニョロモ,ニョロモ,Nyoromo,Ptitard,Quapsel,Poliwag,Poliwag,Poliwag,발챙이,Balchaengi,蚊香蝌蚪,蚊香蝌蚪,Wénxiāngkēdǒu
61,Poliwhirl,ニョロゾ,ニョロゾ,Nyorozo,Têtarte,Quaputzi,Poliwhirl,Poliwhirl,Poliwhirl,슈륙챙이,Syuryukchaengi,蚊香君,蚊香君,Wénxiāngjūn
62,Poliwrath,ニョロボン,ニョロボン,Nyorobon,Tartard,Quappo,Poliwrath,Poliwrath,Poliwrath,강챙이,Gangchaengi,蚊香泳士,蚊香泳士,Wénxiāngyǒngshì
63,Abra,ケーシィ,ケーシィ,Casey,Abra,Abra,Abra,Abra,Abra,캐이시,Kaeisi,凱西,凯西,Kǎixī
64,Kadabra,ユンゲラー,ユンゲラー,Yungerer,Kadabra,Kadabra,Kadabra,Kadabra,Kadabra,윤겔라,Yungella,勇基拉,勇基拉,Yǒngjīlā
65,Alakazam,フーディン,フーディン,Foodin,Alakazam,Simsala,Alakazam,Alakazam,Alakazam,후딘,Hudin,胡地,胡地,Húdì
66,Machop,ワンリキー,ワンリキー,Wanriky,Machoc,Machollo,Machop,Machop,Machop,알통몬,Altongmon,腕力,腕力,Wànlì
67,Machoke,ゴーリキー,ゴーリキー,Goriky,Machopeur,Maschock,Machoke,Machoke,Machoke,근육몬,Geunyungmon,豪力,豪力,Háolì
68,Machamp,カイリキー,カイリキー,Kairiky,Mackogneur,Machomei,Machamp,Machamp,Machamp,괴력몬,Goeryeongmon,怪力,怪力,Guàilì
69,Bellsprout,マダツボミ,マダツボミ,Madatsubomi,Chétiflor,Knofensa,Bellsprout,Bellsprout,Bellsprout,모다피,Modapi,喇叭芽,喇叭芽,Lǎbāyá
70,Weepinbell,ウツドン,ウツドン,Utsudon,Boustiflor,Ultrigaria,Weepinbell,Weepinbell,Weepinbell,우츠동,Ucheudong,口呆花,口呆花,Kǒudāihuā
71,Victreebel,ウツボット,ウツボット,Utsubot,Empiflor,Sarzenia,Victreebel,Victreebel,Victreebel,우츠보트,Ucheuboteu,大食花,大食花,Dàshíhuā
72,Tentacool,メノクラゲ,メノクラゲ,Menokurage,Tentacool,Tentacha,Tentacool,Tentacool,Tentacool,왕눈해,Wangnunhae,瑪瑙水母,玛瑙水母,Mǎnǎoshuǐmǔ
73,Tentacruel,ドククラゲ,ドククラゲ,Dokukurage,Tentacruel,Tentoxa,Tentacruel,Tentacruel,Tentacruel,독파리,Dokpari,毒刺水母,毒刺水母,Dúcìshuǐmǔ
74,Geodude,イシツブテ,イシツブテ,Isitsubute,Racaillou,Kleinstein,Geodude,Geodude,Geodude,꼬마돌,Kkomadol,小拳石,小拳石,Xiǎoquánshí
75,Graveler,ゴローン,ゴローン,Golone,Gravalanch,Georok,Graveler,Graveler,Graveler,데구리,Deguri,隆隆石,隆隆石,Lónglóngshí
76,Golem,ゴローニャ,ゴローニャ,Golonya,Grolem,Geowaz,Golem,Golem,Golem,딱구리,Ttakguri,隆隆岩,隆隆岩,Lónglóngyán
77,Ponyta,ポニータ,ポニータ,Ponyta,Ponyta,Ponita,Ponyta,Ponyta,Ponyta,포니타,Ponita,小火馬,小火马,Xiǎohuǒmǎ
78,Rapidash,ギャロップ,ギャロップ,Gallop,Galopa,Gallopa,Rapidash,Rapidash,Rapidash,날쌩마,Nalssaengma,烈焰馬,烈焰马,Lièyànmǎ
79,Slowpoke,ヤドン,ヤドン,Yadon,Ramoloss,Flegmon,Slowpoke,Slowpoke,Slowpoke,야돈,Yadon,呆呆獸,呆呆兽,Dāidāishòu
80,Slowbro,ヤドラン,ヤドラン,Yadoran,Flagadoss,Lahmus,Slowbro,Slowbro,Slowbro,야도란,Yadoran,呆殼獸,呆壳兽,Dāikéshòu
81,Magnemite,コイル,コイル,Coil,Magnéti,Magnetilo,Magnemite,Magnemite,Magnemite,코일,Koil,小磁怪,小磁怪,Xiǎocíguài
82,Magneton,レアコイル,レアコイル,Rarecoil,Magnéton,Magneton,Magneton,Magneton,Magneton,레어코일,Reeokoil,三合一磁怪,三合一磁怪,Sānhéyīcíguài
83,Farfetch’d,カモネギ,カモネギ,Kamonegi,Canarticho,Porenta,Farfetch’d,Farfetch’d,Farfetch’d,파오리,Paori,大蔥鴨,大葱鸭,Dàcōngyā
84,Doduo,ドードー,ドードー,Dodo,Doduo,Dodu,Doduo,Doduo,Doduo,두두,Dudu,嘟嘟,嘟嘟,Dūdū
85,Dodrio,ドードリオ,ドードリオ,Dodorio,Dodrio,Dodri,Dodrio,Dodrio,Dodrio,두트리오,Duteurio,嘟嘟利,嘟嘟利,Dūdūlì
86,Seel,パウワウ,パウワウ,Pawou,Otaria,Jurob,Seel,Seel,Seel,쥬쥬,Jyujyu,小海獅,小海狮,Xiǎohǎishī
87,Dewgong,ジュゴン,ジュゴン,Jugon,Lamantine,Jugong,Dewgong,Dewgong,Dewgong,쥬레곤,Jyuregon,白海獅,白海狮,Báihǎishī
88,Grimer,ベトベター,ベトベター,Betbeter,Tadmorv,Sleima,Grimer,Grimer,Grimer,질퍽이,Jilpeogi,臭泥,臭泥,Chòuní
89,Muk,ベトベトン,ベトベトン,Betbeton,Grotadmorv,Sleimok,Muk,Muk,Muk,질뻐기,Jilppeogi,臭臭泥,臭臭泥,Chòuchòuní
90,Shellder,シェルダー,シェルダー,Shellder,Kokiyas,Muschas,Shellder,Shellder,Shellder,셀러,Selleo,大舌貝,大舌贝,Dàshébèi
91,Cloyster,パルシェン,パルシェン,Parshen,Crustabri,Austos,Cloyster,Cloyster,Cloyster,파르셀,Pareusel,刺甲貝,刺甲贝,Cìjiǎbèi
92,Gastly,ゴース,ゴース,Ghos,Fantominus,Nebulak,Gastly,Gastly,Gastly,고오스,Gooseu,鬼斯,鬼斯,Guǐsī
93,Haunter,ゴースト,ゴースト,Ghost,Spectrum,Alpollo,Haunter,Haunter,Haunter,고우스트,Gouseuteu,鬼斯通,鬼斯通,Guǐsītōng
94,Gengar,ゲンガー,ゲンガー,Gangar,Ectoplasma,Gengar,Gengar,Gengar,Gengar,팬텀,Paenteom,耿鬼,耿鬼,Gěngguǐ
95,Onix,イワーク,イワーク,Iwark,Onix,Onix,Onix,Onix,Onix,롱스톤,Rongseuton,大岩蛇,大岩蛇,Dàyánshé
96,Drowzee,スリープ,スリープ,Sleepe,Soporifik,Traumato,Drowzee,Drowzee,Drowzee,슬리프,Seullipeu,催眠貘,催眠貘,Cuīmiánmò
97,Hypno,スリーパー,スリーパー,Sleeper,Hypnomade,Hypno,Hypno,Hypno,Hypno,슬리퍼,Seullipeo,引夢貘人,引梦貘人,Yǐnmèngmòrén
98,Krabby,クラブ,クラブ,Crab,Krabby,Krabby,Krabby,Krabby,Krabby,크랩,Keuraep,大鉗蟹,大钳蟹,Dàqiánxiè
99,Kingler,キングラー,キングラー,Kingler,Krabboss,Kingler,Kingler,Kingler,Kingler,킹크랩,Kingkeuraep,巨鉗蟹,巨钳蟹,Jùqiánxiè
100,Voltorb,ビリリダマ,ビリリダマ,Biriridama,Voltorbe,Voltobal,Voltorb,Voltorb,Voltorb,찌리리공,Jjiririgong,霹靂電球,霹雳电球,Pīlìdiànqiú
101,Electrode,マルマイン,マルマイン,Marumine,Électrode,Lektrobal,Electrode,Electrode,Electrode,붐볼,Bumbol,頑皮雷彈,顽皮雷弹,Wánpíléidàn
102,Exeggcute,タマタマ,タマタマ,Tamatama,Noeunoeuf,Owei,Exeggcute,Exeggcute,Exeggcute,아라리,Arari,蛋蛋,蛋蛋,Dàndàn
103,Exeggutor,ナッシー,ナッシー,Nassy,Noadkoko,Kokowei,Exeggutor,Exeggutor,Exeggutor,나시,Nasi,椰蛋樹,椰蛋树,Yédànshù
104,Cubone,カラカラ,カラカラ,Karakara,Osselait,Tragosso,Cubone,Cubone,Cubone,탕구리,Tangguri,卡拉卡拉,卡拉卡拉,Kǎlākǎlā
105,Marowak,ガラガラ,ガラガラ,Garagara,Ossatueur,Knogga,Marowak,Marowak,Marowak,텅구리,Teongguri,嘎啦嘎啦,嘎啦嘎啦,Gālagāla
106,Hitmonlee,サワムラー,サワムラー,Sawamular,Kicklee,Kicklee,Hitmonlee,Hitmonlee,Hitmonlee,시라소몬,Sirasomon,飛腿郎,飞腿郎,Fēituǐláng
107,Hitmonchan,エビワラー,エビワラー,Ebiwalar,Tygnon,Nockchan,Hitmonchan,Hitmonchan,Hitmonchan,홍수몬,Hongsumon,快拳郎,快拳郎,Kuàiquánláng
108,Lickitung,ベロリンガ,ベロリンガ,Beroringa,Excelangue,Schlurp,Lickitung,Lickitung,Lickitung,내루미,Naerumi,大舌頭,大舌头,Dàshétóu
109,Koffing,ドガース,ドガース,Dogars,Smogo,Smogon,Koffing,Koffing,Koffing,또가스,Ttogaseu,瓦斯彈,瓦斯弹,Wǎsīdàn
110,Weezing,マタドガス,マタドガス,Matadogas,Smogogo,Smogmog,Weezing,Weezing,Weezing,또도가스,Ttodogaseu,雙彈瓦斯,双弹瓦斯,Shuāngdànwǎsī
111,Rhyhorn,サイホーン,サイホーン,Sihorn,Rhinocorne,Rihorn,Rhyhorn,Rhyhorn,Rhyhorn,뿔카노,Ppulkano,獨角犀牛,独角犀牛,Dújiǎoxīniú
112,Rhydon,サイドン,サイドン,Sidon,Rhinoféros,Rizeros,Rhydon,Rhydon,Rhydon,코뿌리,Koppuri,鑽角犀獸,钻角犀兽,Zuànjiǎoxīshòu
113,Chansey,ラッキー,ラッキー,Lucky,Leveinard,Chaneira,Chansey,Chansey,Chansey,럭키,Reokki,吉利蛋,吉利蛋,Jílìdàn
114,Tangela,モンジャラ,モンジャラ,Monjara,Saquedeneu,Tangela,Tangela,Tangela,Tangela,덩쿠리,Deongkuri,蔓藤怪,蔓藤怪,Mànténgguài
115,Kangaskhan,ガルーラ,ガルーラ,Garura,Kangourex,Kangama,Kangaskhan,Kangaskhan,Kangaskhan,캥카,Kaengka,袋獸,袋兽,Dàishòu
116,Horsea,タッツー,タッツー,Tattu,Hypotrempe,Seeper,Horsea,Horsea,Horsea,쏘드라,Ssodeura,墨海馬,墨海马,Mòhǎimǎ
117,Seadra,シードラ,シードラ,Seadra,Hypocéan,Seemon,Seadra,Seadra,Seadra,시드라,Sideura,海刺龍,海刺龙,Hǎicìlóng
118,Goldeen,トサキント,トサキント,Tosakinto,Poissirène,Goldini,Goldeen,Goldeen,Goldeen,콘치,Konchi,角金魚,角金鱼,Jiǎojīnyú
119,Seaking,アズマオウ,アズマオウ,Azumao,Poissoroy,Golking,Seaking,Seaking,Seaking,왕콘치,Wangkonchi,金魚王,金鱼王,Jīnyúwáng
120,Staryu,ヒトデマン,ヒトデマン,Hitodeman,Stari,Sterndu,Staryu,Staryu,Staryu,별가사리,Byeolgasari,海星星,海星星,Hǎixīngxīng
121,Starmie,スターミー,スターミー,Starmie,Staross,Starmie,Starmie,Starmie,Starmie,아쿠스타,Akuseuta,寶石海星,宝石海星,Bǎoshíhǎixīng
122,Mr. Mime,バリヤード,バリヤード,Barrierd,M. Mime,Pantimos,Mr. Mime,Mr. Mime,Mr. Mime,마임맨,Maimmaen,魔牆人偶,魔墙人偶,Móqiángrénǒu
123,Scyther,ストライク,ストライク,Strike,Insécateur,Sichlor,Scyther,Scyther,Scyther,스라크,Seurakeu,飛天螳螂,飞天螳螂,Fēitiāntángláng
124,Jynx,ルージュラ,ルージュラ,Rougela,Lippoutou,Rossana,Jynx,Jynx,Jynx,루주라,Rujura,迷唇姐,迷唇姐,Míchúnjiě
125,Electabuzz,エレブー,エレブー,Eleboo,Élektek,Elektek,Electabuzz,Electabuzz,Electabuzz,에레브,Erebeu,電擊獸,电击兽,Diànjíshòu
126,Magmar,ブーバー,ブーバー,Boober,Magmar,Magmar,Magmar,Magmar,Magmar,마그마,Mageuma,鴨嘴火獸,鸭嘴火兽,Yāzuǐhuǒshòu
127,Pinsir,カイロス,カイロス,Kailios,Scarabrute,Pinsir,Pinsir,Pinsir,Pinsir,쁘사이저,Ppeusaijeo,凱羅斯,凯罗斯,Kǎiluósī
128,Tauros,ケンタロス,ケンタロス,Kentauros,Tauros,Tauros,Tauros,Tauros,Tauros,켄타로스,Kentaroseu,肯泰羅,肯泰罗,Kěntàiluó
129,Magikarp,コイキング,コイキング,Koiking,Magicarpe,Karpador,Magikarp,Magikarp,Magikarp,잉어킹,Ingeoking,鯉魚王,鲤鱼王,Lǐyúwáng
130,Gyarados,ギャラドス,ギャラドス,Gyarados,Léviator,Garados,Gyarados,Gyarados,Gyarados,갸라도스,Gyaradoseu,暴鯉龍,暴鲤龙,Bàolǐlóng
131,Lapras,ラプラス,ラプラス,Laplace,Lokhlass,Lapras,Lapras,Lapras,Lapras,라프라스,Rapeuraseu,拉普拉斯,拉普拉斯,Lāpǔlāsī
132,Ditto,メタモン,メタモン,Metamon,Métamorph,Ditto,Ditto,Ditto,Ditto,메타몽,Metamong,百變怪,百变怪,Bǎibiànguài
133,Eevee,イーブイ,イーブイ,Eievui,Évoli,Evoli,Eevee,Eevee,Eevee,이브이,Ibeui,伊布,伊布,Yībù
134,Vaporeon,シャワーズ,シャワーズ,Showers,Aquali,Aquana,Vaporeon,Vaporeon,Vaporeon,샤미드,Syamideu,水伊布,水伊布,Shuǐyībù
135,Jolteon,サンダース,サンダース,Thunders,Voltali,Blitza,Jolteon,Jolteon,Jolteon,쥬피썬더,Jyupisseondeo,雷伊布,雷伊布,Léiyībù
136,Flareon,ブースター,ブースター,Booster,Pyroli,Flamara,Flareon,Flareon,Flareon,부스터,Buseuteo,火伊布,火伊布,Huǒyībù
137,Porygon,ポリゴン,ポリゴン,Porygon,Porygon,Porygon,Porygon,Porygon,Porygon,폴리곤,Polligon,多邊獸,多边兽,Duōbiānshòu
138,Omanyte,オムナイト,オムナイト,Omnite,Amonita,Amonitas,Omanyte,Omanyte,Omanyte,암나이트,Amnaiteu,菊石獸,菊石兽,Júshíshòu
139,Omastar,オムスター,オムスター,Omstar,Amonistar,Amoroso,Omastar,Omastar,Omastar,암스타,Amseuta,多刺菊石獸,多刺菊石兽,Duōcìjúshíshòu
140,Kabuto,カブト,カブト,Kabuto,Kabuto,Kabuto,Kabuto,Kabuto,Kabuto,투구,Tugu,化石盔,化石盔,Huàshíkuī
141,Kabutops,カブトプス,カブトプス,Kabutops,Kabutops,Kabutops,Kabutops,Kabutops,Kabutops,투구푸스,Tugupuseu,鐮刀盔,镰刀盔,Liándāokuī
142,Aerodactyl,プテラ,プテラ,Ptera,Ptéra,Aerodactyl,Aerodactyl,Aerodactyl,Aerodactyl,프테라,Peutera,化石翼龍,化石翼龙,Huàshíyìlóng
143,Snorlax,カビゴン,カビゴン,Kabigon,Ronflex,Relaxo,Snorlax,Snorlax,Snorlax,잠만보,Jammanbo,卡比獸,卡比兽,Kǎbǐshòu
144,Articuno,フリーザー,フリーザー,Freezer,Artikodin,Arktos,Articuno,Articuno,Articuno,프리져,Peurijyeo,急凍鳥,急冻鸟,Jídòngniǎo
145,Zapdos,サンダー,サンダー,Thunder,Électhor,Zapdos,Zapdos,Zapdos,Zapdos,썬더,Sseondeo,閃電鳥,闪电鸟,Shǎndiànniǎo
146,Moltres,ファイヤー,ファイヤー,Fire,Sulfura,Lavados,Moltres,Moltres,Moltres,파이어,Paieo,火焰鳥,火焰鸟,Huǒyànniǎo
147,Dratini,ミニリュウ,ミニリュウ,Miniryu,Minidraco,Dratini,Dratini,Dratini,Dratini,미뇽,Minyong,迷你龍,迷你龙,Mínǐlóng
148,Dragonair,ハクリュー,ハクリュー,Hakuryu,Draco,Dragonir,Dragonair,Dragonair,Dragonair,신뇽,Sinnyong,哈克龍,哈克龙,Hākèlóng
149,Dragonite,カイリュー,カイリュー,Kairyu,Dracolosse,Dragoran,Dragonite,Dragonite,Dragonite,망나뇽,Mangnanyong,快龍,快龙,Kuàilóng
150,Mewtwo,ミュウツー,ミュウツー,Mewtwo,Mewtwo,Mewtu,Mewtwo,Mewtwo,Mewtwo,뮤츠,Myucheu,超夢,超梦,Chāomèng
151,Mew,ミュウ,ミュウ,Mew,Mew,Mew,Mew,Mew,Mew,뮤,Myu,夢幻,梦幻,Mènghuàn
152,Chikorita,チコリータ,チコリータ,Chicorita,Germignon,Endivie,Chikorita,Chikorita,Chikorita,치코리타,Chikorita,菊草葉,菊草叶,Júcǎoyè
153,Bayleef,ベイリーフ,ベイリーフ,Bayleaf,Macronium,Lorblatt,Bayleef,Bayleef,Bayleef,베이리프,Beiripeu,月桂葉,月桂叶,Yuèguìyè
154,Meganium,メガニウム,メガニウム,Meganium,Méganium,Meganie,Meganium,Meganium,Meganium,메가니움,Meganium,大竺葵,大竺葵,Dàzhúkuí
155,Cyndaquil,ヒノアラシ,ヒノアラシ,Hinoarashi,Héricendre,Feurigel,Cyndaquil,Cyndaquil,Cyndaquil,브케인,Beukein,火球鼠,火球鼠,Huǒqiúshǔ
156,Quilava,マグマラシ,マグマラシ,Magmarashi,Feurisson,Igelavar,Quilava,Quilava,Quilava,마그케인,Mageukein,火岩鼠,火岩鼠,Huǒyánshǔ
157,Typhlosion,バクフーン,バクフーン,Bakphoon,Typhlosion,Tornupto,Typhlosion,Typhlosion,Typhlosion,블레이범,Beulleibeom,火爆獸,火暴兽,Huǒbàoshòu
158,Totodile,ワニノコ,ワニノコ,Waninoko,Kaiminus,Karnimani,Totodile,Totodile,Totodile,리아코,Riako,小鋸鱷,小锯鳄,Xiǎojù'è
159,Croconaw,アリゲイツ,アリゲイツ,Alligates,Crocrodil,Tyracroc,Croconaw,Croconaw,Croconaw,엘리게이,Elligei,藍鱷,蓝鳄,Lán'è
160,Feraligatr,オーダイル,オーダイル,Ordile,Aligatueur,Impergator,Feraligatr,Feraligatr,Feraligatr,장크로다일,Jangkeurodail,大力鱷,大力鳄,Dàlì'è
161,Sentret,オタチ,オタチ,Otachi,Fouinette,Wiesor,Sentret,Sentret,Sentret,꼬리선,Kkoriseon,尾立,尾立,Wěilì
162,Furret,オオタチ,オオタチ,Ootachi,Fouinar,Wiesenior,Furret,Furret,Furret,다꼬리,Dakkori,大尾立,大尾立,Dàwěilì
163,Hoothoot,ホーホー,ホーホー,Hoho,Hoothoot,Hoothoot,Hoothoot,Hoothoot,Hoothoot,부우부,Buubu,咕咕,咕咕,Gūgū
164,Noctowl,ヨルノズク,ヨルノズク,Yorunozuku,Noarfang,Noctuh,Noctowl,Noctowl,Noctowl,야부엉,Yabueong,貓頭夜鷹,猫头夜鹰,Māotóuyèyīng
165,Ledyba,レディバ,レディバ,Rediba,Coxy,Ledyba,Ledyba,Ledyba,Ledyba,레디바,Rediba,芭瓢蟲,芭瓢虫,Bāpiáochóng
166,Ledian,レディアン,レディアン,Redian,Coxyclaque,Ledian,Ledian,Ledian,Ledian,레디안,Redian,安瓢蟲,安瓢虫,Ānpiáochóng
167,Spinarak,イトマル,イトマル,Itomaru,Mimigal,Webarak,Spinarak,Spinarak,Spinarak,페이검,Peigeom,圓絲蛛,圆丝蛛,Yuánsīzhū
168,Ariados,アリアドス,アリアドス,Ariados,Migalos,Ariados,Ariados,Ariados,Ariados,아리아도스,Ariadoseu,阿利多斯,阿利多斯,Ālìduōsī
169,Crobat,クロバット,クロバット,Crobat,Nostenfer,Iksbat,Crobat,Crobat,Crobat,크로뱃,Keurobaet,叉字蝠,叉字蝠,Chāzìfú
170,Chinchou,チョンチー,チョンチー,Chonchie,Loupio,Lampi,Chinchou,Chinchou,Chinchou,초라기,Choragi,燈籠魚,灯笼鱼,Dēnglóngyú
171,Lanturn,ランターン,ランターン,Lantern,Lanturn,Lanturn,Lanturn,Lanturn,Lanturn,랜턴,Raenteon,電燈怪,电灯怪,Diàndēngguài
172,Pichu,ピチュー,ピチュー,Pichu,Pichu,Pichu,Pichu,Pichu,Pichu,피츄,Pichyu,皮丘,皮丘,Píqiū
173,Cleffa,ピィ,ピィ,Py,Mélo,Pii,Cleffa,Cleffa,Cleffa,삐,Ppi,皮寶寶,皮宝宝,Píbǎobao
174,Igglybuff,ププリン,ププリン,Pupurin,Toudoudou,Fluffeluff,Igglybuff,Igglybuff,Igglybuff,푸푸린,Pupurin,寶寶丁,宝宝丁,Bǎobaodīng
175,Togepi,トゲピー,トゲピー,Togepy,Togepi,Togepi,Togepi,Togepi,Togepi,토게피,Togepi,波克比,波克比,Bōkèbǐ
176,Togetic,トゲチック,トゲチック,Togechick,Togetic,Togetic,Togetic,Togetic,Togetic,토게틱,Togetik,波克基古,波克基古,Bōkèjīgǔ
177,Natu,ネイティ,ネイティ,Naty,Natu,Natu,Natu,Natu,Natu,네이티,Neiti,天然雀,天然雀,Tiānránquè
178,Xatu,ネイティオ,ネイティオ,Natio,Xatu,Xatu,Xatu,Xatu,Xatu,네이티오,Neitio,天然鳥,天然鸟,Tiānránniǎo
179,Mareep,メリープ,メリープ,Merriep,Wattouat,Voltilamm,Mareep,Mareep,Mareep,메리프,Meripeu,咩利羊,咩利羊,Miēlìyáng
180,Flaaffy,モココ,モココ,Mokoko,Lainergie,Waaty,Flaaffy,Flaaffy,Flaaffy,보송송,Bosongsong,茸茸羊,茸茸羊,Róngróngyáng
181,Ampharos,デンリュウ,デンリュウ,Denryu,Pharamp,Ampharos,Ampharos,Ampharos,Ampharos,전룡,Jeonnyong,電龍,电龙,Diànlóng
182,Bellossom,キレイハナ,キレイハナ,Kireihana,Joliflor,Blubella,Bellossom,Bellossom,Bellossom,아르코,Areuko,美麗花,美丽花,Měilìhuā
183,Marill,マリル,マリル,Maril,Marill,Marill,Marill,Marill,Marill,마릴,Maril,瑪力露,玛力露,Mǎlìlù
184,Azumarill,マリルリ,マリルリ,Marilli,Azumarill,Azumarill,Azumarill,Azumarill,Azumarill,마릴리,Marilli,瑪力露麗,玛力露丽,Mǎlìlùlì
185,Sudowoodo,ウソッキー,ウソッキー,Usokkie,Simularbre,Mogelbaum,Sudowoodo,Sudowoodo,Sudowoodo,꼬지모,Kkojimo,樹才怪,树才怪,Shùcáiguài
186,Politoed,ニョロトノ,ニョロトノ,Nyorotono,Tarpaud,Quaxo,Politoed,Politoed,Politoed,왕구리,Wangguri,蚊香蛙皇,蚊香蛙皇,Wénxiāngwāhuáng
187,Hoppip,ハネッコ,ハネッコ,Hanecco,Granivol,Hoppspross,Hoppip,Hoppip,Hoppip,통통코,Tongtongko,毽子草,毽子草,Jiànzǐcǎo
188,Skiploom,ポポッコ,ポポッコ,Popocco,Floravol,Hubelupf,Skiploom,Skiploom,Skiploom,두코,Duko,毽子花,毽子花,Jiànzǐhuā
189,Jumpluff,ワタッコ,ワタッコ,Watacco,Cotovol,Papungha,Jumpluff,Jumpluff,Jumpluff,솜솜코,Somsomko,毽子棉,毽子棉,Jiànzǐmián
190,Aipom,エイパム,エイパム,Eipam,Capumain,Griffel,Aipom,Aipom,Aipom,에이팜,Eipam,長尾怪手,长尾怪手,Chángwěiguàishǒu
191,Sunkern,ヒマナッツ,ヒマナッツ,Himanuts,Tournegrin,Sonnkern,Sunkern,Sunkern,Sunkern,해너츠,Haeneocheu,向日種子,向日种子,Xiàngrìzhǒngzǐ
192,Sunflora,キマワリ,キマワリ,Kimawari,Héliatronc,Sonnflora,Sunflora,Sunflora,Sunflora,해루미,Haerumi,向日花怪,向日花怪,Xiàngrìhuāguài
193,Yanma,ヤンヤンマ,ヤンヤンマ,Yanyanma,Yanma,Yanma,Yanma,Yanma,Yanma,왕자리,Wangjari,蜻蜻蜓,蜻蜻蜓,Qīngqīngtíng
194,Wooper,ウパー,ウパー,Upah,Axoloto,Felino,Wooper,Wooper,Wooper,우파,Upa,烏波,乌波,Wūbō
195,Quagsire,ヌオー,ヌオー,Nuoh,Maraiste,Morlord,Quagsire,Quagsire,Quagsire,누오,Nuo,沼王,沼王,Zhǎowáng
196,Espeon,エーフィ,エーフィ,Eifie,Mentali,Psiana,Espeon,Espeon,Espeon,에브이,Ebeui,太陽伊布,太阳伊布,Tàiyángyībù
197,Umbreon,ブラッキー,ブラッキー,Bracky,Noctali,Nachtara,Umbreon,Umbreon,Umbreon,블래키,Beullaeki,月亮伊布,月亮伊布,Yuèliàngyībù
198,Murkrow,ヤミカラス,ヤミカラス,Yamikarasu,Cornèbre,Kramurx,Murkrow,Murkrow,Murkrow,니로우,Nirou,黑暗鴉,黑暗鸦,Hēi'ànyā
199,Slowking,ヤドキング,ヤドキング,Yadoking,Roigada,Laschoking,Slowking,Slowking,Slowking,야도킹,Yadoking,呆呆王,呆呆王,Dāidāiwáng
200,Misdreavus,ムウマ,ムウマ,Muma,Feuforêve,Traunfugil,Misdreavus,Misdreavus,Misdreavus,무우마,Muuma,夢妖,梦妖,Mèngyāo
201,Unown,アンノーン,アンノーン,Unknown,Zarbi,Icognito,Unown,Unown,Unown,안농,Annong,未知圖騰,未知图腾,Wèizhītúténg
202,Wobbuffet,ソーナンス,ソーナンス,Sonans,Qulbutoké,Woingenau,Wobbuffet,Wobbuffet,Wobbuffet,마자용,Majayong,果然翁,果然翁,Guǒránwēng
203,Girafarig,キリンリキ,キリンリキ,Kirinriki,Girafarig,Girafarig,Girafarig,Girafarig,Girafarig,키링키,Kiringki,麒麟奇,麒麟奇,Qílínqí
204,Pineco,クヌギダマ,クヌギダマ,Kunugidama,Pomdepik,Tannza,Pineco,Pineco,Pineco,피콘,Pikon,榛果球,榛果球,Zhēnguǒqiú
205,Forretress,フォレトス,フォレトス,Foretos,Foretress,Forstellka,Forretress,Forretress,Forretress,쏘콘,Ssokon,佛烈托斯,佛烈托斯,Fúliètuōsī
206,Dunsparce,ノコッチ,ノコッチ,Nokocchi,Insolourdo,Dummisel,Dunsparce,Dunsparce,Dunsparce,노고치,Nogochi,土龍弟弟,土龙弟弟,Tǔlóngdìdì
207,Gligar,グライガー,グライガー,Gliger,Scorplane,Skorgla,Gligar,Gligar,Gligar,글라이거,Geullaigeo,天蠍,天蝎,Tiānxiē
208,Steelix,ハガネール,ハガネール,Haganeil,Steelix,Stahlos,Steelix,Steelix,Steelix,강철톤,Gangcheolton,大鋼蛇,大钢蛇,Dàgāngshé
209,Snubbull,ブルー,ブルー,Bulu,Snubbull,Snubbull,Snubbull,Snubbull,Snubbull,블루,Beullu,布魯,布鲁,Bùlú
210,Granbull,グランブル,グランブル,Granbulu,Granbull,Granbull,Granbull,Granbull,Granbull,그랑블루,Geurangbeullu,布魯皇,布鲁皇,Bùlǔhuáng
211,Qwilfish,ハリーセン,ハリーセン,Harysen,Qwilfish,Baldorfish,Qwilfish,Qwilfish,Qwilfish,침바루,Chimbaru,千針魚,千针鱼,Qiānzhēnyú
212,Scizor,ハッサム,ハッサム,Hassam,Cizayox,Scherox,Scizor,Scizor,Scizor,핫삼,Hatsam,巨鉗螳螂,巨钳螳螂,Jùqiántángláng
213,Shuckle,ツボツボ,ツボツボ,Tsubotsubo,Caratroc,Pottrott,Shuckle,Shuckle,Shuckle,단단지,Dandanji,壺壺,壶壶,Húhú
214,Heracross,ヘラクロス,ヘラクロス,Heracros,Scarhino,Skaraborn,Heracross,Heracross,Heracross,헤라크로스,Herakeuroseu,赫拉克羅斯,赫拉克罗斯,Hèlākèluósī
215,Sneasel,ニューラ,ニューラ,Nyula,Farfuret,Sniebel,Sneasel,Sneasel,Sneasel,포푸니,Popuni,狃拉,狃拉,Niǔlā
216,Teddiursa,ヒメグマ,ヒメグマ,Himeguma,Teddiursa,Teddiursa,Teddiursa,Teddiursa,Teddiursa,깜지곰,Kkamjigom,熊寶寶,熊宝宝,Xióngbǎobao
217,Ursaring,リングマ,リングマ,Ringuma,Ursaring,Ursaring,Ursaring,Ursaring,Ursaring,링곰,Ringgom,圈圈熊,圈圈熊,Quānquānxióng
218,Slugma,マグマッグ,マグマッグ,Magmag,Limagma,Schneckmag,Slugma,Slugma,Slugma,마그마그,Mageumageu,熔岩蟲,熔岩虫,Róngyánchóng
219,Magcargo,マグカルゴ,マグカルゴ,Magcargot,Volcaropod,Magcargo,Magcargo,Magcargo,Magcargo,마그카르고,Mageukareugo,熔岩蝸牛,熔岩蜗牛,Róngyánguāniú
220,Swinub,ウリムー,ウリムー,Urimoo,Marcacrin,Quiekel,Swinub,Swinub,Swinub,꾸꾸리,Kkukkuri,小山豬,小山猪,Xiǎoshānzhū
221,Piloswine,イノムー,イノムー,Inomoo,Cochignon,Keifel,Piloswine,Piloswine,Piloswine,메꾸리,Mekkuri,長毛豬,长毛猪,Chángmáozhū
222,Corsola,サニーゴ,サニーゴ,Sunnygo,Corayon,Corasonn,Corsola,Corsola,Corsola,코산호,Kosanho,太陽珊瑚,太阳珊瑚,Tàiyángshānhú
223,Remoraid,テッポウオ,テッポウオ,Teppouo,Rémoraid,Remoraid,Remoraid,Remoraid,Remoraid,총어,Chongeo,鐵炮魚,铁炮鱼,Tiěpàoyú
224,Octillery,オクタン,オクタン,Okutank,Octillery,Octillery,Octillery,Octillery,Octillery,대포무노,Daepomuno,章魚桶,章鱼桶,Zhāngyútǒng
225,Delibird,デリバード,デリバード,Delibird,Cadoizo,Botogel,Delibird,Delibird,Delibird,딜리버드,Dillibeodeu,信使鳥,信使鸟,Xìnshǐniǎo
226,Mantine,マンタイン,マンタイン,Mantain,Démanta,Mantax,Mantine,Mantine,Mantine,만타인,Mantain,巨翅飛魚,巨翅飞鱼,Jùchìfēiyú
227,Skarmory,エアームド,エアームド,Airmd,Airmure,Panzaeron,Skarmory,Skarmory,Skarmory,무장조,Mujangjo,盔甲鳥,盔甲鸟,Kuījiǎniǎo
228,Houndour,デルビル,デルビル,Delvil,Malosse,Hunduster,Houndour,Houndour,Houndour,델빌,Delbil,戴魯比,戴鲁比,Dàilǔbǐ
229,Houndoom,ヘルガー,ヘルガー,Hellgar,Démolosse,Hundemon,Houndoom,Houndoom,Houndoom,헬가,Helga,黑魯加,黑鲁加,Hēilǔjiā
230,Kingdra,キングドラ,キングドラ,Kingdra,Hyporoi,Seedraking,Kingdra,Kingdra,Kingdra,킹드라,Kingdeura,刺龍王,刺龙王,Cìlóngwáng
231,Phanpy,ゴマゾウ,ゴマゾウ,Gomazou,Phanpy,Phanpy,Phanpy,Phanpy,Phanpy,코코리,Kokori,小小象,小小象,Xiǎoxiǎoxiàng
232,Donphan,ドンファン,ドンファン,Donfan,Donphan,Donphan,Donphan,Donphan,Donphan,코리갑,Korigap,頓甲,顿甲,Dùnjiǎ
233,Porygon2,ポリゴン２,ポリゴン２,Porygon2,Porygon2,Porygon2,Porygon2,Porygon2,Porygon2,폴리곤2,Polligontu,多邊獸Ⅱ,多边兽２型,Duōbiānshòu-II
234,Stantler,オドシシ,オドシシ,Odoshishi,Cerfrousse,Damhirplex,Stantler,Stantler,Stantler,노라키,Noraki,驚角鹿,惊角鹿,Jīngjiǎolù
235,Smeargle,ドーブル,ドーブル,Doble,Queulorior,Farbeagle,Smeargle,Smeargle,Smeargle,루브도,Rubeudo,圖圖犬,图图犬,Tútúquǎn
236,Tyrogue,バルキー,バルキー,Balkie,Debugant,Rabauz,Tyrogue,Tyrogue,Tyrogue,배루키,Baeruki,無畏小子,无畏小子,Wúwèixiǎozi
237,Hitmontop,カポエラー,カポエラー,Kapoerer,Kapoera,Kapoera,Hitmontop,Hitmontop,Hitmontop,카포에라,Kapoera,戰舞郎,战舞郎,Zhànwǔláng
238,Smoochum,ムチュール,ムチュール,Muchul,Lippouti,Kussilla,Smoochum,Smoochum,Smoochum,뽀뽀라,Ppoppora,迷唇娃,迷唇娃,Míchúnwá
239,Elekid,エレキッド,エレキッド,Elekid,Élekid,Elekid,Elekid,Elekid,Elekid,에레키드,Erekideu,電擊怪,电击怪,Diànjíguài
240,Magby,ブビィ,ブビィ,Buby,Magby,Magby,Magby,Magby,Magby,마그비,Mageubi,鴨嘴寶寶,鸭嘴宝宝,Yāzuǐbǎobao
241,Miltank,ミルタンク,ミルタンク,Miltank,Écrémeuh,Miltank,Miltank,Miltank,Miltank,밀탱크,Miltaengkeu,大奶罐,大奶罐,Dànǎiguàn
242,Blissey,ハピナス,ハピナス,Happinas,Leuphorie,Heiteira,Blissey,Blissey,Blissey,해피너스,Haepineoseu,幸福蛋,幸福蛋,Xìngfúdàn
243,Raikou,ライコウ,ライコウ,Raikou,Raikou,Raikou,Raikou,Raikou,Raikou,라이코,Raiko,雷公,雷公,Léigōng
244,Entei,エンテイ,エンテイ,Entei,Entei,Entei,Entei,Entei,Entei,앤테이,Aentei,炎帝,炎帝,Yándì
245,Suicune,スイクン,スイクン,Suicune,Suicune,Suicune,Suicune,Suicune,Suicune,스이쿤,Seuikun,水君,水君,Shuǐjūn
246,Larvitar,ヨーギラス,ヨーギラス,Yogiras,Embrylex,Larvitar,Larvitar,Larvitar,Larvitar,애버라스,Aebeoraseu,幼基拉斯,幼基拉斯,Yòujīlāsī
247,Pupitar,サナギラス,サナギラス,Sanagiras,Ymphect,Pupitar,Pupitar,Pupitar,Pupitar,데기라스,Degiraseu,沙基拉斯,沙基拉斯,Shājīlāsī
248,Tyranitar,バンギラス,バンギラス,Bangiras,Tyranocif,Despotar,Tyranitar,Tyranitar,Tyranitar,마기라스,Magiraseu,班基拉斯,班基拉斯,Bānjīlāsī
249,Lugia,ルギア,ルギア,Lugia,Lugia,Lugia,Lugia,Lugia,Lugia,루기아,Rugia,洛奇亞,洛奇亚,Luòqíyǎ
250,Ho-Oh,ホウオウ,ホウオウ,Houou,Ho-Oh,Ho-Oh,Ho-Oh,Ho-Oh,Ho-Oh,칠색조,Chilsaekjo,鳳王,凤王,Fèngwáng
251,Celebi,セレビィ,セレビィ,Celebi,Celebi,Celebi,Celebi,Celebi,Celebi,세레비,Serebi,時拉比,时拉比,Shílābǐ
252,Treecko,キモリ,キモリ,Kimori,Arcko,Geckarbor,Treecko,Treecko,Treecko,나무지기,Namujigi,木守宮,木守宫,Mùshǒugōng
253,Grovyle,ジュプトル,ジュプトル,Juptile,Massko,Reptain,Grovyle,Grovyle,Grovyle,나무돌이,Namudori,森林蜥蜴,森林蜥蜴,Sēnlínxīyì
254,Sceptile,ジュカイン,ジュカイン,Jukain,Jungko,Gewaldro,Sceptile,Sceptile,Sceptile,나무킹,Namuking,蜥蜴王,蜥蜴王,Xīyìwáng
255,Torchic,アチャモ,アチャモ,Achamo,Poussifeu,Flemmli,Torchic,Torchic,Torchic,아차모,Achamo,火稚雞,火稚鸡,Huǒzhìjī
256,Combusken,ワカシャモ,ワカシャモ,Wakasyamo,Galifeu,Jungglut,Combusken,Combusken,Combusken,영치코,Yeongchiko,力壯雞,力壮鸡,Lìzhuàngjī
257,Blaziken,バシャーモ,バシャーモ,Bursyamo,Braségali,Lohgock,Blaziken,Blaziken,Blaziken,번치코,Beonchiko,火焰雞,火焰鸡,Huǒyànjī
258,Mudkip,ミズゴロウ,ミズゴロウ,Mizugorou,Gobou,Hydropi,Mudkip,Mudkip,Mudkip,물짱이,Muljjangi,水躍魚,水跃鱼,Shuǐyuèyú
259,Marshtomp,ヌマクロー,ヌマクロー,Numacraw,Flobio,Moorabbel,Marshtomp,Marshtomp,Marshtomp,늪짱이,Neupjjangi,沼躍魚,沼跃鱼,Zhǎoyuèyú
260,Swampert,ラグラージ,ラグラージ,Laglarge,Laggron,Sumpex,Swampert,Swampert,Swampert,대짱이,Daejjangi,巨沼怪,巨沼怪,Jùzhǎoguài
261,Poochyena,ポチエナ,ポチエナ,Pochiena,Medhyèna,Fiffyen,Poochyena,Poochyena,Poochyena,포챠나,Pochyana,土狼犬,土狼犬,Tǔlángquǎn
262,Mightyena,グラエナ,グラエナ,Graena,Grahyèna,Magnayen,Mightyena,Mightyena,Mightyena,그라에나,Geuraena,大狼犬,大狼犬,Dàlángquǎn
263,Zigzagoon,ジグザグマ,ジグザグマ,Jiguzaguma,Zigzaton,Zigzachs,Zigzagoon,Zigzagoon,Zigzagoon,지그제구리,Jigeujeguri,蛇紋熊,蛇纹熊,Shéwénxióng
264,Linoone,マッスグマ,マッスグマ,Massuguma,Linéon,Geradaks,Linoone,Linoone,Linoone,직구리,Jikguri,直衝熊,直冲熊,Zhíchōngxióng
265,Wurmple,ケムッソ,ケムッソ,Kemusso,Chenipotte,Waumpel,Wurmple,Wurmple,Wurmple,개무소,Gaemuso,刺尾蟲,刺尾虫,Cìwěichóng
266,Silcoon,カラサリス,カラサリス,Karasalis,Armulys,Schaloko,Silcoon,Silcoon,Silcoon,실쿤,Silkun,甲殼繭,甲壳茧,Jiǎkéjiǎn
267,Beautifly,アゲハント,アゲハント,Agehunt,Charmillon,Papinella,Beautifly,Beautifly,Beautifly,뷰티플라이,Byutipeullai,狩獵鳳蝶,狩猎凤蝶,Shòulièfèngdié
268,Cascoon,マユルド,マユルド,Mayuld,Blindalys,Panekon,Cascoon,Cascoon,Cascoon,카스쿤,Kaseukun,盾甲繭,盾甲茧,Dùnjiǎjiǎn
269,Dustox,ドクケイル,ドクケイル,Dokucale,Papinox,Pudox,Dustox,Dustox,Dustox,독케일,Dokkeil,毒粉蛾,毒粉蛾,Dúfěn'é
270,Lotad,ハスボー,ハスボー,Hassboh,Nénupiot,Loturzel,Lotad,Lotad,Lotad,연꽃몬,Yeonkkonmon,蓮葉童子,莲叶童子,Liányètóngzǐ
271,Lombre,ハスブレロ,ハスブレロ,Hasubrero,Lombre,Lombrero,Lombre,Lombre,Lombre,로토스,Rotoseu,蓮帽小童,莲帽小童,Liánmàoxiǎotóng
272,Ludicolo,ルンパッパ,ルンパッパ,Runpappa,Ludicolo,Kappalores,Ludicolo,Ludicolo,Ludicolo,로파파,Ropapa,樂天河童,乐天河童,Lètiānhétóng
273,Seedot,タネボー,タネボー,Taneboh,Grainipiot,Samurzel,Seedot,Seedot,Seedot,도토링,Dotoring,橡實果,橡实果,Xiàngshíguǒ
274,Nuzleaf,コノハナ,コノハナ,Konohana,Pifeuil,Blanas,Nuzleaf,Nuzleaf,Nuzleaf,잎새코,Ipsaeko,長鼻葉,长鼻叶,Chángbíyè
275,Shiftry,ダーテング,ダーテング,Dirteng,Tengalice,Tengulist,Shiftry,Shiftry,Shiftry,다탱구,Dataenggu,狡猾天狗,狡猾天狗,Jiǎohuátiāngǒu
276,Taillow,スバメ,スバメ,Subame,Nirondelle,Schwalbini,Taillow,Taillow,Taillow,테일로,Teillo,傲骨燕,傲骨燕,Àogǔyàn
277,Swellow,オオスバメ,オオスバメ,Ohsubame,Hélédelle,Schwalboss,Swellow,Swellow,Swellow,스왈로,Seuwallo,大王燕,大王燕,Dàwángyàn
278,Wingull,キャモメ,キャモメ,Camome,Goélise,Wingull,Wingull,Wingull,Wingull,갈모매,Galmomae,長翅鷗,长翅鸥,Chángchì'ōu
279,Pelipper,ペリッパー,ペリッパー,Pelipper,Bekipan,Pelipper,Pelipper,Pelipper,Pelipper,패리퍼,Paeripeo,大嘴鷗,大嘴鸥,Dàzuǐ'ōu
280,Ralts,ラルトス,ラルトス,Ralts,Tarsal,Trasla,Ralts,Ralts,Ralts,랄토스,Raltoseu,拉魯拉絲,拉鲁拉丝,Lālǔlāsī
281,Kirlia,キルリア,キルリア,Kirlia,Kirlia,Kirlia,Kirlia,Kirlia,Kirlia,킬리아,Killia,奇魯莉安,奇鲁莉安,Qílǔlì'ān
282,Gardevoir,サーナイト,サーナイト,Sirnight,Gardevoir,Guardevoir,Gardevoir,Gardevoir,Gardevoir,가디안,Gadian,沙奈朵,沙奈朵,Shānàiduǒ
283,Surskit,アメタマ,アメタマ,Ametama,Arakdo,Gehweiher,Surskit,Surskit,Surskit,비구술,Bigusul,溜溜糖球,溜溜糖球,Liūliūtángqiú
284,Masquerain,アメモース,アメモース,Amemoth,Maskadra,Maskeregen,Masquerain,Masquerain,Masquerain,비나방,Binabang,雨翅蛾,雨翅蛾,Yǔchì'é
285,Shroomish,キノココ,キノココ,Kinococo,Balignon,Knilz,Shroomish,Shroomish,Shroomish,버섯꼬,Beoseotkko,蘑蘑菇,蘑蘑菇,Mómógū
286,Breloom,キノガッサ,キノガッサ,Kinogassa,Chapignon,Kapilz,Breloom,Breloom,Breloom,버섯모,Beoseonmo,斗笠菇,斗笠菇,Dǒulìgū
287,Slakoth,ナマケロ,ナマケロ,Namakero,Parecool,Bummelz,Slakoth,Slakoth,Slakoth,게을로,Geeullo,懶人獺,懒人獭,Lǎnréntà
288,Vigoroth,ヤルキモノ,ヤルキモノ,Yarukimono,Vigoroth,Muntier,Vigoroth,Vigoroth,Vigoroth,발바로,Balbaro,過動猿,过动猿,Guòdòngyuán
289,Slaking,ケッキング,ケッキング,Kekking,Monaflèmit,Letarking,Slaking,Slaking,Slaking,게을킹,Geeulking,請假王,请假王,Qǐngjiàwáng
290,Nincada,ツチニン,ツチニン,Tutinin,Ningale,Nincada,Nincada,Nincada,Nincada,토중몬,Tojungmon,土居忍士,土居忍士,Tǔjūrěnshì
291,Ninjask,テッカニン,テッカニン,Tekkanin,Ninjask,Ninjask,Ninjask,Ninjask,Ninjask,아이스크,Aiseukeu,鐵面忍者,铁面忍者,Tiěmiànrěnzhě
292,Shedinja,ヌケニン,ヌケニン,Nukenin,Munja,Ninjatom,Shedinja,Shedinja,Shedinja,껍질몬,Kkeopjilmon,脫殼忍者,脱壳忍者,Tuōkérěnzhě
293,Whismur,ゴニョニョ,ゴニョニョ,Gonyonyo,Chuchmur,Flurmel,Whismur,Whismur,Whismur,소곤룡,Sogonnyong,咕妞妞,咕妞妞,Gūniūniū
294,Loudred,ドゴーム,ドゴーム,Dogohmb,Ramboum,Krakeelo,Loudred,Loudred,Loudred,노공룡,Nogongnyong,吼爆彈,吼爆弹,Hǒubàodàn
295,Exploud,バクオング,バクオング,Bakuong,Brouhabam,Krawumms,Exploud,Exploud,Exploud,폭음룡,Pogeumnyong,爆音怪,爆音怪,Bàoyīnguài
296,Makuhita,マクノシタ,マクノシタ,Makunoshita,Makuhita,Makuhita,Makuhita,Makuhita,Makuhita,마크탕,Makeutang,幕下力士,幕下力士,Mùxiàlìshì
297,Hariyama,ハリテヤマ,ハリテヤマ,Hariteyama,Hariyama,Hariyama,Hariyama,Hariyama,Hariyama,하리뭉,Harimung,鐵掌力士,铁掌力士,Tiězhǎnglìshì
298,Azurill,ルリリ,ルリリ,Ruriri,Azurill,Azurill,Azurill,Azurill,Azurill,루리리,Ruriri,露力麗,露力丽,Lùlìlì
299,Nosepass,ノズパス,ノズパス,Nosepass,Tarinor,Nasgnet,Nosepass,Nosepass,Nosepass,코코파스,Kokopaseu,朝北鼻,朝北鼻,Cháoběibí
300,Skitty,エネコ,エネコ,Eneco,Skitty,Eneco,Skitty,Skitty,Skitty,에나비,Enabi,向尾喵,向尾喵,Xiàngwěimiāo
301,Delcatty,エネコロロ,エネコロロ,Enekororo,Delcatty,Enekoro,Delcatty,Delcatty,Delcatty,델케티,Delketi,優雅貓,优雅猫,Yōuyǎmāo
302,Sableye,ヤミラミ,ヤミラミ,Yamirami,Ténéfix,Zobiris,Sableye,Sableye,Sableye,깜까미,Kkamkkami,勾魂眼,勾魂眼,Gōuhúnyǎn
303,Mawile,クチート,クチート,Kucheat,Mysdibule,Flunkifer,Mawile,Mawile,Mawile,입치트,Ipchiteu,大嘴娃,大嘴娃,Dàzuǐwá
304,Aron,ココドラ,ココドラ,Cokodora,Galekid,Stollunior,Aron,Aron,Aron,가보리,Gabori,可可多拉,可可多拉,Kěkěduōlā
305,Lairon,コドラ,コドラ,Kodora,Galegon,Stollrak,Lairon,Lairon,Lairon,갱도라,Gaengdora,可多拉,可多拉,Kěduōlā
306,Aggron,ボスゴドラ,ボスゴドラ,Bossgodora,Galeking,Stolloss,Aggron,Aggron,Aggron,보스로라,Boseurora,波士可多拉,波士可多拉,Bōshìkěduōlā
307,Meditite,アサナン,アサナン,Asanan,Méditikka,Meditie,Meditite,Meditite,Meditite,요가랑,Yogarang,瑪沙那,玛沙那,Mǎshānà
308,Medicham,チャーレム,チャーレム,Charem,Charmina,Meditalis,Medicham,Medicham,Medicham,요가램,Yogaraem,恰雷姆,恰雷姆,Qiàléimǔ
309,Electrike,ラクライ,ラクライ,Rakurai,Dynavolt,Frizelbliz,Electrike,Electrike,Electrike,썬더라이,Sseondeorai,落雷獸,落雷兽,Luòléishòu
310,Manectric,ライボルト,ライボルト,Livolt,Élecsprint,Voltenso,Manectric,Manectric,Manectric,썬더볼트,Sseondeobolteu,雷電獸,雷电兽,Léidiànshòu
311,Plusle,プラスル,プラスル,Prasle,Posipi,Plusle,Plusle,Plusle,Plusle,플러시,Peulleosi,正電拍拍,正电拍拍,Zhèngdiànpāipāi
312,Minun,マイナン,マイナン,Minun,Négapi,Minun,Minun,Minun,Minun,마이농,Mainong,負電拍拍,负电拍拍,Fùdiànpāipāi
313,Volbeat,バルビート,バルビート,Barubeat,Muciole,Volbeat,Volbeat,Volbeat,Volbeat,볼비트,Bolbiteu,電螢蟲,电萤虫,Diànyíngchóng
314,Illumise,イルミーゼ,イルミーゼ,Illumise,Lumivole,Illumise,Illumise,Illumise,Illumise,네오비트,Neobiteu,甜甜螢,甜甜萤,Tiántiányíng
315,Roselia,ロゼリア,ロゼリア,Roselia,Rosélia,Roselia,Roselia,Roselia,Roselia,로젤리아,Rojellia,毒薔薇,毒蔷薇,Dúqiángwéi
316,Gulpin,ゴクリン,ゴクリン,Gokulin,Gloupti,Schluppuck,Gulpin,Gulpin,Gulpin,꼴깍몬,Kkolkkangmon,溶食獸,溶食兽,Róngshíshòu
317,Swalot,マルノーム,マルノーム,Marunoom,Avaltout,Schlukwech,Swalot,Swalot,Swalot,꿀꺽몬,Kkulkkeongmon,吞食獸,吞食兽,Tūnshíshòu
318,Carvanha,キバニア,キバニア,Kibanha,Carvanha,Kanivanha,Carvanha,Carvanha,Carvanha,샤프니아,Syapeunia,利牙魚,利牙鱼,Lìyáyú
319,Sharpedo,サメハダー,サメハダー,Samehader,Sharpedo,Tohaido,Sharpedo,Sharpedo,Sharpedo,샤크니아,Syakeunia,巨牙鯊,巨牙鲨,Jùyáshā
320,Wailmer,ホエルコ,ホエルコ,Hoeruko,Wailmer,Wailmer,Wailmer,Wailmer,Wailmer,고래왕자,Goraewangja,吼吼鯨,吼吼鲸,Hǒuhǒujīng
321,Wailord,ホエルオー,ホエルオー,Whaloh,Wailord,Wailord,Wailord,Wailord,Wailord,고래왕,Goraewang,吼鯨王,吼鲸王,Hǒujīngwáng
322,Numel,ドンメル,ドンメル,Donmel,Chamallot,Camaub,Numel,Numel,Numel,둔타,Dunta,呆火駝,呆火驼,Dāihuǒtuó
323,Camerupt,バクーダ,バクーダ,Bakuuda,Camérupt,Camerupt,Camerupt,Camerupt,Camerupt,폭타,Pokta,噴火駝,喷火驼,Pēnhuǒtuó
324,Torkoal,コータス,コータス,Cotoise,Chartor,Qurtel,Torkoal,Torkoal,Torkoal,코터스,Koteoseu,煤炭龜,煤炭龟,Méitàngūi
325,Spoink,バネブー,バネブー,Baneboo,Spoink,Spoink,Spoink,Spoink,Spoink,피그점프,Pigeujeompeu,跳跳豬,跳跳猪,Tiàotiàozhū
326,Grumpig,ブーピッグ,ブーピッグ,Boopig,Groret,Groink,Grumpig,Grumpig,Grumpig,피그킹,Pigeuking,噗噗豬,噗噗猪,Pūpūzhū
327,Spinda,パッチール,パッチール,Patcheel,Spinda,Pandir,Spinda,Spinda,Spinda,얼루기,Eollugi,晃晃斑,晃晃斑,Huànghuàngbān
328,Trapinch,ナックラー,ナックラー,Nuckrar,Kraknoix,Knacklion,Trapinch,Trapinch,Trapinch,톱치,Topchi,大顎蟻,大颚蚁,Dà'èyǐ
329,Vibrava,ビブラーバ,ビブラーバ,Vibrava,Vibraninf,Vibrava,Vibrava,Vibrava,Vibrava,비브라바,Bibeuraba,超音波幼蟲,超音波幼虫,Chāoyīnbōyòuchóng
330,Flygon,フライゴン,フライゴン,Flygon,Libégon,Libelldra,Flygon,Flygon,Flygon,플라이곤,Peullaigon,沙漠蜻蜓,沙漠蜻蜓,Shāmòqīngtíng
331,Cacnea,サボネア,サボネア,Sabonea,Cacnea,Tuska,Cacnea,Cacnea,Cacnea,선인왕,Seoninwang,刺球仙人掌,刺球仙人掌,Cìqiúxiānrénzhǎng
332,Cacturne,ノクタス,ノクタス,Noctus,Cacturne,Noktuska,Cacturne,Cacturne,Cacturne,밤선인,Bamseonin,夢歌仙人掌,梦歌仙人掌,Mènggēxiānrénzhǎng
333,Swablu,チルット,チルット,Tyltto,Tylton,Wablu,Swablu,Swablu,Swablu,파비코,Pabiko,青綿鳥,青绵鸟,Qīngmiánniǎo
334,Altaria,チルタリス,チルタリス,Tyltalis,Altaria,Altaria,Altaria,Altaria,Altaria,파비코리,Pabikori,七夕青鳥,七夕青鸟,Qīxìqīngniǎo
335,Zangoose,ザングース,ザングース,Zangoose,Mangriff,Sengo,Zangoose,Zangoose,Zangoose,쟝고,Jyanggo,貓鼬斬,猫鼬斩,Māoyòuzhǎn
336,Seviper,ハブネーク,ハブネーク,Habunake,Séviper,Vipitis,Seviper,Seviper,Seviper,세비퍼,Sebipeo,飯匙蛇,饭匙蛇,Fànchíshé
337,Lunatone,ルナトーン,ルナトーン,Lunatone,Séléroc,Lunastein,Lunatone,Lunatone,Lunatone,루나톤,Runaton,月石,月石,Yuèshí
338,Solrock,ソルロック,ソルロック,Solrock,Solaroc,Sonnfel,Solrock,Solrock,Solrock,솔록,Sollok,太陽岩,太阳岩,Tàiyángyán
339,Barboach,ドジョッチ,ドジョッチ,Dojoach,Barloche,Schmerbe,Barboach,Barboach,Barboach,미꾸리,Mikkuri,泥泥鰍,泥泥鳅,Níníqiū
340,Whiscash,ナマズン,ナマズン,Namazun,Barbicha,Welsar,Whiscash,Whiscash,Whiscash,메깅,Meging,鯰魚王,鲶鱼王,Niányúwáng
341,Corphish,ヘイガニ,ヘイガニ,Heigani,Écrapince,Krebscorps,Corphish,Corphish,Corphish,가재군,Gajaegun,龍蝦小兵,龙虾小兵,Lóngxiāxiǎobīng
342,Crawdaunt,シザリガー,シザリガー,Shizariger,Colhomard,Krebutack,Crawdaunt,Crawdaunt,Crawdaunt,가재장군,Gajaejanggun,鐵螯龍蝦,铁螯龙虾,Tiě'áolóngxiā
343,Baltoy,ヤジロン,ヤジロン,Yajilon,Balbuto,Puppance,Baltoy,Baltoy,Baltoy,오뚝군,Ottukgun,天秤偶,天秤偶,Tiānpíng'ǒu
344,Claydol,ネンドール,ネンドール,Nendoll,Kaorine,Lepumentas,Claydol,Claydol,Claydol,점토도리,Jeomtodori,念力土偶,念力土偶,Niànlìtǔ'ōu
345,Lileep,リリーラ,リリーラ,Lilyla,Lilia,Liliep,Lileep,Lileep,Lileep,릴링,Rilling,觸手百合,触手百合,Chùshǒubǎihé
346,Cradily,ユレイドル,ユレイドル,Yuradle,Vacilys,Wielie,Cradily,Cradily,Cradily,릴리요,Rilliyo,搖籃百合,摇篮百合,Yáolánbǎihé
347,Anorith,アノプス,アノプス,Anopth,Anorith,Anorith,Anorith,Anorith,Anorith,아노딥스,Anodipseu,太古羽蟲,太古羽虫,Tàigǔyǔchóng
348,Armaldo,アーマルド,アーマルド,Armaldo,Armaldo,Armaldo,Armaldo,Armaldo,Armaldo,아말도,Amaldo,太古盔甲,太古盔甲,Tàigǔkuījiǎ
349,Feebas,ヒンバス,ヒンバス,Hinbass,Barpau,Barschwa,Feebas,Feebas,Feebas,빈티나,Bintina,醜醜魚,丑丑鱼,Chǒuchǒuyú
350,Milotic,ミロカロス,ミロカロス,Milokaross,Milobellus,Milotic,Milotic,Milotic,Milotic,밀로틱,Millotik,美納斯,美纳斯,Měinàsī
351,Castform,ポワルン,ポワルン,Powalen,Morphéo,Formeo,Castform,Castform,Castform,캐스퐁,Kaeseupong,飄浮泡泡,飘浮泡泡,Piāofúpàopào
352,Kecleon,カクレオン,カクレオン,Kakureon,Kecleon,Kecleon,Kecleon,Kecleon,Kecleon,켈리몬,Kellimon,變隱龍,变隐龙,Biànyǐnlóng
353,Shuppet,カゲボウズ,カゲボウズ,Kagebouzu,Polichombr,Shuppet,Shuppet,Shuppet,Shuppet,어둠대신,Eodumdaesin,怨影娃娃,怨影娃娃,Yuànyǐngwáwá
354,Banette,ジュペッタ,ジュペッタ,Juppeta,Branette,Banette,Banette,Banette,Banette,다크펫,Dakeupet,詛咒娃娃,诅咒娃娃,Zǔzhòuwáwá
355,Duskull,ヨマワル,ヨマワル,Yomawaru,Skelénox,Zwirrlicht,Duskull,Duskull,Duskull,해골몽,Haegolmong,夜巡靈,夜巡灵,Yèxúnlíng
356,Dusclops,サマヨール,サマヨール,Samayouru,Téraclope,Zwirrklop,Dusclops,Dusclops,Dusclops,미라몽,Miramong,彷徨夜靈,彷徨夜灵,Fǎnghuángyèlíng
357,Tropius,トロピウス,トロピウス,Tropius,Tropius,Tropius,Tropius,Tropius,Tropius,트로피우스,Teuropiuseu,熱帶龍,热带龙,Rèdàilóng
358,Chimecho,チリーン,チリーン,Chirean,Éoko,Palimpalim,Chimecho,Chimecho,Chimecho,치렁,Chireong,風鈴鈴,风铃铃,Fēnglínglíng
359,Absol,アブソル,アブソル,Absol,Absol,Absol,Absol,Absol,Absol,앱솔,Aepsol,阿勃梭魯,阿勃梭鲁,Ābósuōlǔ
360,Wynaut,ソーナノ,ソーナノ,Sohnano,Okéoké,Isso,Wynaut,Wynaut,Wynaut,마자,Maja,小果然,小果然,Xiǎoguǒrán
361,Snorunt,ユキワラシ,ユキワラシ,Yukiwarashi,Stalgamin,Schneppke,Snorunt,Snorunt,Snorunt,눈꼬마,Nunkkoma,雪童子,雪童子,Xuětóngzǐ
362,Glalie,オニゴーリ,オニゴーリ,Onigohri,Oniglali,Firnontor,Glalie,Glalie,Glalie,얼음귀신,Eoreumgwisin,冰鬼護,冰鬼护,Bīngguǐhù
363,Spheal,タマザラシ,タマザラシ,Tamazarashi,Obalie,Seemops,Spheal,Spheal,Spheal,대굴레오,Daegulleo,海豹球,海豹球,Hǎibàoqiú
364,Sealeo,トドグラー,トドグラー,Todoggler,Phogleur,Seejong,Sealeo,Sealeo,Sealeo,씨레오,Ssireo,海魔獅,海魔狮,Hǎimóshī
365,Walrein,トドゼルガ,トドゼルガ,Todoseruga,Kaimorse,Walraisa,Walrein,Walrein,Walrein,씨카이저,Ssikaijeo,帝牙海獅,帝牙海狮,Dìyǎhǎishī
366,Clamperl,パールル,パールル,Pearlulu,Coquiperl,Perlu,Clamperl,Clamperl,Clamperl,진주몽,Jinjumong,珍珠貝,珍珠贝,Zhēnzhūbèi
367,Huntail,ハンテール,ハンテール,Huntail,Serpang,Aalabyss,Huntail,Huntail,Huntail,헌테일,Heonteil,獵斑魚,猎斑鱼,Lièbānyú
368,Gorebyss,サクラビス,サクラビス,Sakurabyss,Rosabyss,Saganabyss,Gorebyss,Gorebyss,Gorebyss,분홍장이,Bunhongjangi,櫻花魚,樱花鱼,Yīnghuāyú
369,Relicanth,ジーランス,ジーランス,Glanth,Relicanth,Relicanth,Relicanth,Relicanth,Relicanth,시라칸,Sirakan,古空棘魚,古空棘鱼,Gǔkōngjíyú
370,Luvdisc,ラブカス,ラブカス,Lovecus,Lovdisc,Liebiskus,Luvdisc,Luvdisc,Luvdisc,사랑동이,Sarangdongi,愛心魚,爱心鱼,Àixīnyú
371,Bagon,タツベイ,タツベイ,Tatsubay,Draby,Kindwurm,Bagon,Bagon,Bagon,아공이,Agongi,寶貝龍,宝贝龙,Bǎobèilóng
372,Shelgon,コモルー,コモルー,Komoruu,Drackhaus,Draschel,Shelgon,Shelgon,Shelgon,쉘곤,Swelgon,甲殼龍,甲壳龙,Jiákēlóng
373,Salamence,ボーマンダ,ボーマンダ,Bohmander,Drattak,Brutalanda,Salamence,Salamence,Salamence,보만다,Bomanda,暴飛龍,暴飞龙,Bàofēilóng
374,Beldum,ダンバル,ダンバル,Dumbber,Terhal,Tanhel,Beldum,Beldum,Beldum,메탕,Metang,鐵啞鈴,铁哑铃,Tiéyǎlíng
375,Metang,メタング,メタング,Metang,Métang,Metang,Metang,Metang,Metang,메탕구,Metanggu,金屬怪,金属怪,Jīnshǔguài
376,Metagross,メタグロス,メタグロス,Metagross,Métalosse,Metagross,Metagross,Metagross,Metagross,메타그로스,Metageuroseu,巨金怪,巨金怪,Jùjīnguài
377,Regirock,レジロック,レジロック,Regirock,Regirock,Regirock,Regirock,Regirock,Regirock,레지락,Rejirak,雷吉洛克,雷吉洛克,Léijīluòkě
378,Regice,レジアイス,レジアイス,Regice,Regice,Regice,Regice,Regice,Regice,레지아이스,Rejiaiseu,雷吉艾斯,雷吉艾斯,Léijī'àisī
379,Registeel,レジスチル,レジスチル,Registeel,Registeel,Registeel,Registeel,Registeel,Registeel,레지스틸,Rejiseutil,雷吉斯奇魯,雷吉斯奇鲁,Léijīsīqílù
380,Latias,ラティアス,ラティアス,Latias,Latias,Latias,Latias,Latias,Latias,라티아스,Ratiaseu,拉帝亞斯,拉帝亚斯,Lādìyǎsī
381,Latios,ラティオス,ラティオス,Latios,Latios,Latios,Latios,Latios,Latios,라티오스,Ratioseu,拉帝歐斯,拉帝欧斯,Lādì'ōusī
382,Kyogre,カイオーガ,カイオーガ,Kyogre,Kyogre,Kyogre,Kyogre,Kyogre,Kyogre,가이오가,Gaioga,蓋歐卡,盖欧卡,Gài'ōukǎ
383,Groudon,グラードン,グラードン,Groudon,Groudon,Groudon,Groudon,Groudon,Groudon,그란돈,Geurandon,固拉多,固拉多,Gūlādūo
384,Rayquaza,レックウザ,レックウザ,Rayquaza,Rayquaza,Rayquaza,Rayquaza,Rayquaza,Rayquaza,레쿠쟈,Rekujya,烈空坐,烈空坐,Lièkōngzuò
385,Jirachi,ジラーチ,ジラーチ,Jirachi,Jirachi,Jirachi,Jirachi,Jirachi,Jirachi,지라치,Jirachi,基拉祈,基拉祈,Jīlāqí
386,Deoxys,デオキシス,デオキシス,Deoxys,Deoxys,Deoxys,Deoxys,Deoxys,Deoxys,테오키스,Teokiseu,代歐奇希斯,代欧奇希斯,Dài'ōuqíxīsī
387,Turtwig,ナエトル,ナエトル,Naetle,Tortipouss,Chelast,Turtwig,Turtwig,Turtwig,모부기,Mobugi,草苗龜,草苗龟,Cǎomiáoguī
388,Grotle,ハヤシガメ,ハヤシガメ,Hayashigame,Boskara,Chelcarain,Grotle,Grotle,Grotle,수풀부기,Supulbugi,樹林龜,树林龟,Shùlínguī
389,Torterra,ドダイトス,ドダイトス,Dodaitose,Torterra,Chelterrar,Torterra,Torterra,Torterra,토대부기,Todaebugi,土台龜,土台龟,Tǔtáiguī
390,Chimchar,ヒコザル,ヒコザル,Hikozaru,Ouisticram,Panflam,Chimchar,Chimchar,Chimchar,불꽃숭이,Bulkkotsungi,小火焰猴,小火焰猴,Xiǎohuǒyànhóu
391,Monferno,モウカザル,モウカザル,Moukazaru,Chimpenfeu,Panpyro,Monferno,Monferno,Monferno,파이숭이,Paisungi,猛火猴,猛火猴,Měnghuǒhóu
392,Infernape,ゴウカザル,ゴウカザル,Goukazaru,Simiabraz,Panferno,Infernape,Infernape,Infernape,초염몽,Choyeommong,烈焰猴,烈焰猴,Lièyànhóu
393,Piplup,ポッチャマ,ポッチャマ,Pochama,Tiplouf,Plinfa,Piplup,Piplup,Piplup,팽도리,Paengdori,波加曼,波加曼,Bōjiāmàn
394,Prinplup,ポッタイシ,ポッタイシ,Pottaishi,Prinplouf,Pliprin,Prinplup,Prinplup,Prinplup,팽태자,Paengtaeja,波皇子,波皇子,Bōwángzǐ
395,Empoleon,エンペルト,エンペルト,Emperte,Pingoléon,Impoleon,Empoleon,Empoleon,Empoleon,엠페르트,Empereuteu,帝王拿波,帝王拿波,Dìwángnábō
396,Starly,ムックル,ムックル,Mukkuru,Étourmi,Staralili,Starly,Starly,Starly,찌르꼬,Jjireukko,姆克兒,姆克儿,Mǔkè'ér
397,Staravia,ムクバード,ムクバード,Mukubird,Étourvol,Staravia,Staravia,Staravia,Staravia,찌르버드,Jjireubeodeu,姆克鳥,姆克鸟,Mǔkèniǎo
398,Staraptor,ムクホーク,ムクホーク,Mukuhawk,Étouraptor,Staraptor,Staraptor,Staraptor,Staraptor,찌르호크,Jjireuhokeu,姆克鷹,姆克鹰,Mǔkèyīng
399,Bidoof,ビッパ,ビッパ,Bippa,Keunotor,Bidiza,Bidoof,Bidoof,Bidoof,비버니,Bibeoni,大牙狸,大牙狸,Dàyálí
400,Bibarel,ビーダル,ビーダル,Beadaru,Castorno,Bidifas,Bibarel,Bibarel,Bibarel,비버통,Bibeotong,大尾狸,大尾狸,Dàwěilí
401,Kricketot,コロボーシ,コロボーシ,Korobohshi,Crikzik,Zirpurze,Kricketot,Kricketot,Kricketot,귀뚤뚜기,Gwittulttugi,圓法師,圆法师,Yuánfǎshī
402,Kricketune,コロトック,コロトック,Korotock,Mélokrik,Zirpeise,Kricketune,Kricketune,Kricketune,귀뚤톡크,Gwittultokkeu,音箱蟀,音箱蟀,Yīnxiāngshuài
403,Shinx,コリンク,コリンク,Kolink,Lixy,Sheinux,Shinx,Shinx,Shinx,꼬링크,Kkoringkeu,小貓怪,小猫怪,Xiǎomāoguài
404,Luxio,ルクシオ,ルクシオ,Luxio,Luxio,Luxio,Luxio,Luxio,Luxio,럭시오,Reoksio,勒克貓,勒克猫,Lèkèmāo
405,Luxray,レントラー,レントラー,Rentorar,Luxray,Luxtra,Luxray,Luxray,Luxray,렌트라,Renteura,倫琴貓,伦琴猫,Lúnqínmāo
406,Budew,スボミー,スボミー,Subomie,Rozbouton,Knospi,Budew,Budew,Budew,꼬몽울,Kkomongul,含羞苞,含羞苞,Hánxiūbāo
407,Roserade,ロズレイド,ロズレイド,Roserade,Roserade,Roserade,Roserade,Roserade,Roserade,로즈레이드,Rojeureideu,羅絲雷朵,罗丝雷朵,Luósīléiduǒ
408,Cranidos,ズガイドス,ズガイドス,Zugaidos,Kranidos,Koknodon,Cranidos,Cranidos,Cranidos,두개도스,Dugaedoseu,頭蓋龍,头盖龙,Tóugàilóng
409,Rampardos,ラムパルド,ラムパルド,Rampald,Charkos,Rameidon,Rampardos,Rampardos,Rampardos,램펄드,Raempeoldeu,戰槌龍,战槌龙,Zhànchuílóng
410,Shieldon,タテトプス,タテトプス,Tatetops,Dinoclier,Schilterus,Shieldon,Shieldon,Shieldon,방패톱스,Bangpaetopseu,盾甲龍,盾甲龙,Dùnjiǎlóng
411,Bastiodon,トリデプス,トリデプス,Torideps,Bastiodon,Bollterus,Bastiodon,Bastiodon,Bastiodon,바리톱스,Baritopseu,護城龍,护城龙,Hùchénglóng
412,Burmy,ミノムッチ,ミノムッチ,Minomucchi,Cheniti,Burmy,Burmy,Burmy,Burmy,도롱충이,Dorongchungi,結草兒,结草儿,Jiécǎo'ér
413,Wormadam,ミノマダム,ミノマダム,Minomadam,Cheniselle,Burmadame,Wormadam,Wormadam,Wormadam,도롱마담,Dorongmadam,結草貴婦,结草贵妇,Jiécǎoguìfù
414,Mothim,ガーメイル,ガーメイル,Gamale,Papilord,Moterpel,Mothim,Mothim,Mothim,나메일,Nameil,紳士蛾,绅士蛾,Shēnshì'é
415,Combee,ミツハニー,ミツハニー,Mitsuhoney,Apitrini,Wadribie,Combee,Combee,Combee,세꿀버리,Sekkulbeori,三蜜蜂,三蜜蜂,Sānmìfēng
416,Vespiquen,ビークイン,ビークイン,Beequen,Apireine,Honweisel,Vespiquen,Vespiquen,Vespiquen,비퀸,Bikwin,蜂女王,蜂女王,Fēngnǚwáng
417,Pachirisu,パチリス,パチリス,Pachirisu,Pachirisu,Pachirisu,Pachirisu,Pachirisu,Pachirisu,파치리스,Pachiriseu,帕奇利茲,帕奇利兹,Pàqílìzī
418,Buizel,ブイゼル,ブイゼル,Buoysel,Mustébouée,Bamelin,Buizel,Buizel,Buizel,브이젤,Beuijel,泳圈鼬,泳圈鼬,Yǒngquānyòu
419,Floatzel,フローゼル,フローゼル,Floazel,Mustéflott,Bojelin,Floatzel,Floatzel,Floatzel,플로젤,Peullojel,浮潛鼬,浮潜鼬,Fúqiǎnyòu
420,Cherubi,チェリンボ,チェリンボ,Cherinbo,Ceribou,Kikugi,Cherubi,Cherubi,Cherubi,체리버,Cheribeo,櫻花寶,樱花宝,Yīnghuābǎo
421,Cherrim,チェリム,チェリム,Cherrim,Ceriflor,Kinoso,Cherrim,Cherrim,Cherrim,체리꼬,Cherikko,櫻花兒,樱花儿,Yīnghuā'ér
422,Shellos,カラナクシ,カラナクシ,Karanakushi,Sancoki,Schalellos,Shellos,Shellos,Shellos,깝질무,Kkapjilmu,無殼海兔,无壳海兔,Wúkéhǎitù
423,Gastrodon,トリトドン,トリトドン,Tritodon,Tritosor,Gastrodon,Gastrodon,Gastrodon,Gastrodon,트리토돈,Teuritodon,海兔獸,海兔兽,Hǎitùshòu
424,Ambipom,エテボース,エテボース,Eteboth,Capidextre,Ambidiffel,Ambipom,Ambipom,Ambipom,겟핸보숭,Gethaenbosung,雙尾怪手,双尾怪手,Shuāngwěiguàishǒu
425,Drifloon,フワンテ,フワンテ,Fuwante,Baudrive,Driftlon,Drifloon,Drifloon,Drifloon,흔들풍손,Heundeulpungson,飄飄球,飘飘球,Piāopiāoqiú
426,Drifblim,フワライド,フワライド,Fuwaride,Grodrive,Drifzepeli,Drifblim,Drifblim,Drifblim,둥실라이드,Dungsillaideu,隨風球,随风球,Suífēngqiú
427,Buneary,ミミロル,ミミロル,Mimirol,Laporeille,Haspiror,Buneary,Buneary,Buneary,이어롤,Ieorol,捲捲耳,卷卷耳,Juǎnjuǎn'ěr
428,Lopunny,ミミロップ,ミミロップ,Mimilop,Lockpin,Schlapor,Lopunny,Lopunny,Lopunny,이어롭,Ieorop,長耳兔,长耳兔,Cháng'ěrtù
429,Mismagius,ムウマージ,ムウマージ,Mumargi,Magirêve,Traunmagil,Mismagius,Mismagius,Mismagius,무우마직,Muumajik,夢妖魔,梦妖魔,Mèngyāomó
430,Honchkrow,ドンカラス,ドンカラス,Dongkarasu,Corboss,Kramshef,Honchkrow,Honchkrow,Honchkrow,돈크로우,Donkeurou,烏鴉頭頭,乌鸦头头,Wūyātóutóu
431,Glameow,ニャルマー,ニャルマー,Nyarmar,Chaglam,Charmian,Glameow,Glameow,Glameow,나옹마,Naongma,魅力喵,魅力喵,Mèilìmiāo
432,Purugly,ブニャット,ブニャット,Bunyatto,Chaffreux,Shnurgarst,Purugly,Purugly,Purugly,몬냥이,Monnyangi,東施喵,东施喵,Dōngshīmiāo
433,Chingling,リーシャン,リーシャン,Lisyan,Korillon,Klingplim,Chingling,Chingling,Chingling,랑딸랑,Rangttallang,鈴鐺響,铃铛响,Língdāngxiǎng
434,Stunky,スカンプー,スカンプー,Skunpuu,Moufouette,Skunkapuh,Stunky,Stunky,Stunky,스컹뿡,Seukeongppung,臭鼬噗,臭鼬噗,Chòuyòupū
435,Skuntank,スカタンク,スカタンク,Skutank,Moufflair,Skuntank,Skuntank,Skuntank,Skuntank,스컹탱크,Seukeongtaengkeu,坦克臭鼬,坦克臭鼬,Tǎnkèchòuyòu
436,Bronzor,ドーミラー,ドーミラー,Dohmirror,Archéomire,Bronzel,Bronzor,Bronzor,Bronzor,동미러,Dongmireo,銅鏡怪,铜镜怪,Tóngjìngguài
437,Bronzong,ドータクン,ドータクン,Dohtakun,Archéodong,Bronzong,Bronzong,Bronzong,Bronzong,동탁군,Dongtakgun,青銅鐘,青铜钟,Qīngtóngzhōng
438,Bonsly,ウソハチ,ウソハチ,Usohachi,Manzaï,Mobai,Bonsly,Bonsly,Bonsly,꼬지지,Kkojiji,盆才怪,盆才怪,Péncáiguài
439,Mime Jr.,マネネ,マネネ,Manene,Mime Jr.,Pantimimi,Mime Jr.,Mime Jr.,Mime Jr.,흉내내,Hyungnaenae,魔尼尼,魔尼尼,Móníní
440,Happiny,ピンプク,ピンプク,Pinpuku,Ptiravi,Wonneira,Happiny,Happiny,Happiny,핑복,Pingbok,小福蛋,小福蛋,Xiǎofúdàn
441,Chatot,ペラップ,ペラップ,Perap,Pijako,Plaudagei,Chatot,Chatot,Chatot,페라페,Perape,聒噪鳥,聒噪鸟,Guāzàoniǎo
442,Spiritomb,ミカルゲ,ミカルゲ,Mikaruge,Spiritomb,Kryppuk,Spiritomb,Spiritomb,Spiritomb,화강돌,Hwagangdol,花岩怪,花岩怪,Huāyánguài
443,Gible,フカマル,フカマル,Fukamaru,Griknot,Kaumalat,Gible,Gible,Gible,딥상어동,Dipsangeodong,圓陸鯊,圆陆鲨,Yuánlùshā
444,Gabite,ガバイト,ガバイト,Gabite,Carmache,Knarksel,Gabite,Gabite,Gabite,한바이트,Hanbaiteu,尖牙陸鯊,尖牙陆鲨,Jiānyálùshā
445,Garchomp,ガブリアス,ガブリアス,Gaburias,Carchacrok,Knakrack,Garchomp,Garchomp,Garchomp,한카리아스,Hankariaseu,烈咬陸鯊,烈咬陆鲨,Lièyǎolùshā
446,Munchlax,ゴンベ,ゴンベ,Gonbe,Goinfrex,Mampfaxo,Munchlax,Munchlax,Munchlax,먹고자,Meokgoja,小卡比獸,小卡比兽,Xiǎokǎbǐshòu
447,Riolu,リオル,リオル,Riolu,Riolu,Riolu,Riolu,Riolu,Riolu,리오르,Rioreu,利歐路,利欧路,Lì'ōulù
448,Lucario,ルカリオ,ルカリオ,Lucario,Lucario,Lucario,Lucario,Lucario,Lucario,루카리오,Rukario,路卡利歐,路卡利欧,Lùkǎlì'ōu
449,Hippopotas,ヒポポタス,ヒポポタス,Hippopotas,Hippopotas,Hippopotas,Hippopotas,Hippopotas,Hippopotas,히포포타스,Hipopotaseu,沙河馬,沙河马,Shāhémǎ
450,Hippowdon,カバルドン,カバルドン,Kabaldon,Hippodocus,Hippoterus,Hippowdon,Hippowdon,Hippowdon,하마돈,Hamadon,河馬獸,河马兽,Hémǎshòu
451,Skorupi,スコルピ,スコルピ,Scorupi,Rapion,Pionskora,Skorupi,Skorupi,Skorupi,스콜피,Seukolpi,鉗尾蠍,钳尾蝎,Qiánwěixiē
452,Drapion,ドラピオン,ドラピオン,Dorapion,Drascore,Piondragi,Drapion,Drapion,Drapion,드래피온,Deuraepion,龍王蠍,龙王蝎,Lóngwángxiē
453,Croagunk,グレッグル,グレッグル,Gureggru,Cradopaud,Glibunkel,Croagunk,Croagunk,Croagunk,삐딱구리,Ppittakguri,不良蛙,不良蛙,Bùliángwā
454,Toxicroak,ドクロッグ,ドクロッグ,Dokurog,Coatox,Toxiquak,Toxicroak,Toxicroak,Toxicroak,독개굴,Dokgaegul,毒骷蛙,毒骷蛙,Dúkūwā
455,Carnivine,マスキッパ,マスキッパ,Muskippa,Vortente,Venuflibis,Carnivine,Carnivine,Carnivine,무스틈니,Museuteumni,尖牙籠,尖牙笼,Jiānyálóng
456,Finneon,ケイコウオ,ケイコウオ,Keikouo,Écayon,Finneon,Finneon,Finneon,Finneon,형광어,Hyeonggwangeo,螢光魚,荧光鱼,Yíngguāngyú
457,Lumineon,ネオラント,ネオラント,Neolant,Luminéon,Lumineon,Lumineon,Lumineon,Lumineon,네오라이트,Neoraiteu,霓虹魚,霓虹鱼,Níhóngyú
458,Mantyke,タマンタ,タマンタ,Tamanta,Babimanta,Mantirps,Mantyke,Mantyke,Mantyke,타만타,Tamanta,小球飛魚,小球飞鱼,Xiǎoqiúfēiyú
459,Snover,ユキカブリ,ユキカブリ,Yukikaburi,Blizzi,Shnebedeck,Snover,Snover,Snover,눈쓰개,Nunsseugae,雪笠怪,雪笠怪,Xuělìguài
460,Abomasnow,ユキノオー,ユキノオー,Yukinooh,Blizzaroi,Rexblisar,Abomasnow,Abomasnow,Abomasnow,눈설왕,Nunseorwang,暴雪王,暴雪王,Bàoxuěwáng
461,Weavile,マニューラ,マニューラ,Manyula,Dimoret,Snibunna,Weavile,Weavile,Weavile,포푸니라,Popunira,瑪狃拉,玛狃拉,Mǎniǔlā
462,Magnezone,ジバコイル,ジバコイル,Jibacoil,Magnézone,Magnezone,Magnezone,Magnezone,Magnezone,자포코일,Japokoil,自爆磁怪,自爆磁怪,Zìbàocíguài
463,Lickilicky,ベロベルト,ベロベルト,Berobelt,Coudlangue,Schlurplek,Lickilicky,Lickilicky,Lickilicky,내룸벨트,Naerumbelteu,大舌舔,大舌舔,Dàshétiǎn
464,Rhyperior,ドサイドン,ドサイドン,Dosidon,Rhinastoc,Rihornior,Rhyperior,Rhyperior,Rhyperior,거대코뿌리,Geodaekoppuri,超甲狂犀,超甲狂犀,Chāojiǎkuángxī
465,Tangrowth,モジャンボ,モジャンボ,Mojumbo,Bouldeneu,Tangoloss,Tangrowth,Tangrowth,Tangrowth,덩쿠림보,Deongkurimbo,巨蔓藤,巨蔓藤,Jùmànténg
466,Electivire,エレキブル,エレキブル,Elekible,Élekable,Elevoltek,Electivire,Electivire,Electivire,에레키블,Erekibeul,電擊魔獸,电击魔兽,Diànjímóshòu
467,Magmortar,ブーバーン,ブーバーン,Booburn,Maganon,Magbrant,Magmortar,Magmortar,Magmortar,마그마번,Mageumabeon,鴨嘴炎獸,鸭嘴炎兽,Yāzuǐyánshòu
468,Togekiss,トゲキッス,トゲキッス,Togekiss,Togekiss,Togekiss,Togekiss,Togekiss,Togekiss,토게키스,Togekiseu,波克基斯,波克基斯,Bōkèjīsī
469,Yanmega,メガヤンマ,メガヤンマ,Megayanma,Yanméga,Yanmega,Yanmega,Yanmega,Yanmega,메가자리,Megajari,遠古巨蜓,远古巨蜓,Yuǎngǔjùtíng
470,Leafeon,リーフィア,リーフィア,Leafia,Phyllali,Folipurba,Leafeon,Leafeon,Leafeon,리피아,Ripia,葉伊布,叶伊布,Yèyībù
471,Glaceon,グレイシア,グレイシア,Glacia,Givrali,Glaziola,Glaceon,Glaceon,Glaceon,글레이시아,Geulleisia,冰伊布,冰伊布,Bīngyībù
472,Gliscor,グライオン,グライオン,Glion,Scorvol,Skorgro,Gliscor,Gliscor,Gliscor,글라이온,Geullaion,天蠍王,天蝎王,Tiānxiēwáng
473,Mamoswine,マンムー,マンムー,Mammoo,Mammochon,Mamutel,Mamoswine,Mamoswine,Mamoswine,맘모꾸리,Mammokkuri,象牙豬,象牙猪,Xiàngyázhū
474,Porygon-Z,ポリゴンＺ,ポリゴンＺ,Porygon-Z,Porygon-Z,Porygon-Z,Porygon-Z,Porygon-Z,Porygon-Z,폴리곤Z,Polligonjeteu,多邊獸Ｚ,多边兽乙型,Duōbiānshòu-Z
475,Gallade,エルレイド,エルレイド,Erureido,Gallame,Galagladi,Gallade,Gallade,Gallade,엘레이드,Elleideu,艾路雷朵,艾路雷朵,Àilùléiduǒ
476,Probopass,ダイノーズ,ダイノーズ,Dainose,Tarinorme,Voluminas,Probopass,Probopass,Probopass,대코파스,Daekopaseu,大朝北鼻,大朝北鼻,Dàcháoběibí
477,Dusknoir,ヨノワール,ヨノワール,Yonoir,Noctunoir,Zwirrfinst,Dusknoir,Dusknoir,Dusknoir,야느와르몽,Yaneuwareumong,黑夜魔靈,黑夜魔灵,Hēiyèmólíng
478,Froslass,ユキメノコ,ユキメノコ,Yukimenoko,Momartik,Frosdedje,Froslass,Froslass,Froslass,눈여아,Nunnyeoa,雪妖女,雪妖女,Xuěyāonǚ
479,Rotom,ロトム,ロトム,Rotom,Motisma,Rotom,Rotom,Rotom,Rotom,로토무,Rotomu,洛托姆,洛托姆,Luòtuōmǔ
480,Uxie,ユクシー,ユクシー,Yuxie,Créhelf,Selfe,Uxie,Uxie,Uxie,유크시,Yukeusi,由克希,由克希,Yóukèxī
481,Mesprit,エムリット,エムリット,Emrit,Créfollet,Vesprit,Mesprit,Mesprit,Mesprit,엠라이트,Emnaiteu,艾姆利多,艾姆利多,Àimǔlìduō
482,Azelf,アグノム,アグノム,Agnome,Créfadet,Tobutz,Azelf,Azelf,Azelf,아그놈,Ageunom,亞克諾姆,亚克诺姆,Yǎkènuòmǔ
483,Dialga,ディアルガ,ディアルガ,Dialga,Dialga,Dialga,Dialga,Dialga,Dialga,디아루가,Diaruga,帝牙盧卡,帝牙卢卡,Dìyálúkǎ
484,Palkia,パルキア,パルキア,Palkia,Palkia,Palkia,Palkia,Palkia,Palkia,펄기아,Peolgia,帕路奇亞,帕路奇亚,Pàlùqíyǎ
485,Heatran,ヒードラン,ヒードラン,Heatran,Heatran,Heatran,Heatran,Heatran,Heatran,히드런,Hideureon,席多藍恩,席多蓝恩,Xíduōlán'ēn
486,Regigigas,レジギガス,レジギガス,Regigigas,Regigigas,Regigigas,Regigigas,Regigigas,Regigigas,레지기가스,Rejigigaseu,雷吉奇卡斯,雷吉奇卡斯,Léijíqíkǎsī
487,Giratina,ギラティナ,ギラティナ,Giratina,Giratina,Giratina,Giratina,Giratina,Giratina,기라티나,Giratina,騎拉帝納,骑拉帝纳,Qílādìnà
488,Cresselia,クレセリア,クレセリア,Cresselia,Cresselia,Cresselia,Cresselia,Cresselia,Cresselia,크레세리아,Keureseria,克雷色利亞,克雷色利亚,Kèléisèlìyǎ
489,Phione,フィオネ,フィオネ,Phione,Phione,Phione,Phione,Phione,Phione,피오네,Pione,霏歐納,霏欧纳,Fēi'ōunà
490,Manaphy,マナフィ,マナフィ,Manaphy,Manaphy,Manaphy,Manaphy,Manaphy,Manaphy,마나피,Manapi,瑪納霏,玛纳霏,Mǎnàfēi
491,Darkrai,ダークライ,ダークライ,Darkrai,Darkrai,Darkrai,Darkrai,Darkrai,Darkrai,다크라이,Dakeurai,達克萊伊,达克莱伊,Dákèláiyī
492,Shaymin,シェイミ,シェイミ,Shaymin,Shaymin,Shaymin,Shaymin,Shaymin,Shaymin,쉐이미,Sweimi,謝米,谢米,Xièmǐ
493,Arceus,アルセウス,アルセウス,Arceus,Arceus,Arceus,Arceus,Arceus,Arceus,아르세우스,Areuseuseu,阿爾宙斯,阿尔宙斯,Ā'ěrzhòusī
494,Victini,ビクティニ,ビクティニ,Victini,Victini,Victini,Victini,Victini,Victini,비크티니,Bikeutini,比克提尼,比克提尼,Bǐkètíní
495,Snivy,ツタージャ,ツタージャ,Tsutarja,Vipélierre,Serpifeu,Snivy,Snivy,Snivy,주리비얀,Juribiyan,藤藤蛇,藤藤蛇,Téngténgshé
496,Servine,ジャノビー,ジャノビー,Janovy,Lianaja,Efoserp,Servine,Servine,Servine,샤비,Syabi,青藤蛇,青藤蛇,Qīngténgshé
497,Serperior,ジャローダ,ジャローダ,Jalorda,Majaspic,Serpiroyal,Serperior,Serperior,Serperior,샤로다,Syaroda,君主蛇,君主蛇,Jūnzhǔshé
498,Tepig,ポカブ,ポカブ,Pokabu,Gruikui,Floink,Tepig,Tepig,Tepig,뚜꾸리,Ttukkuri,暖暖豬,暖暖猪,Nuǎnnuǎnzhū
499,Pignite,チャオブー,チャオブー,Chaoboo,Grotichon,Ferkokel,Pignite,Pignite,Pignite,차오꿀,Chyaokkul,炒炒豬,炒炒猪,Chǎochǎozhū
500,Emboar,エンブオー,エンブオー,Enbuoh,Roitiflam,Flambirex,Emboar,Emboar,Emboar,염무왕,Yeommuwang,炎武王,炎武王,Yánwǔwáng
501,Oshawott,ミジュマル,ミジュマル,Mijumaru,Moustillon,Ottaro,Oshawott,Oshawott,Oshawott,수댕이,Sudaengi,水水獺,水水獭,Shuǐshuǐtà
502,Dewott,フタチマル,フタチマル,Futachimaru,Mateloutre,Zwottronin,Dewott,Dewott,Dewott,쌍검자비,Ssanggeomjabi,雙刃丸,双刃丸,Shuāngrènwán
503,Samurott,ダイケンキ,ダイケンキ,Daikenki,Clamiral,Admurai,Samurott,Samurott,Samurott,대검귀,Daegeomgwi,大劍鬼,大剑鬼,Dàjiànguǐ
504,Patrat,ミネズミ,ミネズミ,Minezumi,Ratentif,Nagelotz,Patrat,Patrat,Patrat,보르쥐,Boreujwi,探探鼠,探探鼠,Tàntànshǔ
505,Watchog,ミルホッグ,ミルホッグ,Miruhog,Miradar,Kukmarda,Watchog,Watchog,Watchog,보르그,Boreugeu,步哨鼠,步哨鼠,Bùshàoshǔ
506,Lillipup,ヨーテリー,ヨーテリー,Yorterrie,Ponchiot,Yorkleff,Lillipup,Lillipup,Lillipup,요테리,Yoteri,小約克,小约克,Xiǎoyuēkè
507,Herdier,ハーデリア,ハーデリア,Herderrie,Ponchien,Terribark,Herdier,Herdier,Herdier,하데리어,Haderieo,哈約克,哈约克,Hāyuēkè
508,Stoutland,ムーランド,ムーランド,Mooland,Mastouffe,Bissbark,Stoutland,Stoutland,Stoutland,바랜드,Baraendeu,長毛狗,长毛狗,Chángmáogǒu
509,Purrloin,チョロネコ,チョロネコ,Choroneko,Chacripan,Felilou,Purrloin,Purrloin,Purrloin,쌔비냥,Ssaebinyang,扒手貓,扒手猫,Páshǒumāo
510,Liepard,レパルダス,レパルダス,Lepardas,Léopardus,Kleoparda,Liepard,Liepard,Liepard,레파르다스,Repareudaseu,酷豹,酷豹,Kùbào
511,Pansage,ヤナップ,ヤナップ,Yanappu,Feuillajou,Vegimak,Pansage,Pansage,Pansage,야나프,Yanapeu,花椰猴,花椰猴,Huāyéhóu
512,Simisage,ヤナッキー,ヤナッキー,Yanakkie,Feuiloutan,Vegichita,Simisage,Simisage,Simisage,야나키,Yanaki,花椰猿,花椰猿,Huāyéyuán
513,Pansear,バオップ,バオップ,Baoppu,Flamajou,Grillmak,Pansear,Pansear,Pansear,바오프,Baopeu,爆香猴,爆香猴,Bàoxiānghóu
514,Simisear,バオッキー,バオッキー,Baokkie,Flamoutan,Grillchita,Simisear,Simisear,Simisear,바오키,Baoki,爆香猿,爆香猿,Bàoxiāngyuán
515,Panpour,ヒヤップ,ヒヤップ,Hiyappu,Flotajou,Sodamak,Panpour,Panpour,Panpour,앗차프,Atchapeu,冷水猴,冷水猴,Lěngshuǐhóu
516,Simipour,ヒヤッキー,ヒヤッキー,Hiyakkie,Flotoutan,Sodachita,Simipour,Simipour,Simipour,앗차키,Atchaki,冷水猿,冷水猿,Lěngshuǐyuán
517,Munna,ムンナ,ムンナ,Munna,Munna,Somniam,Munna,Munna,Munna,몽나,Mongna,食夢夢,食梦梦,Shímèngmèng
518,Musharna,ムシャーナ,ムシャーナ,Musharna,Mushana,Somnivora,Musharna,Musharna,Musharna,몽얌나,Mongyamna,夢夢蝕,梦梦蚀,Mèngmèngshí
519,Pidove,マメパト,マメパト,Mamepato,Poichigeon,Dusselgurr,Pidove,Pidove,Pidove,콩둘기,Kongdulgi,豆豆鴿,豆豆鸽,Dòudòugē
520,Tranquill,ハトーボー,ハトーボー,Hatoboh,Colombeau,Navitaub,Tranquill,Tranquill,Tranquill,유토브,Yutobeu,咕咕鴿,咕咕鸽,Gūgūgē
521,Unfezant,ケンホロウ,ケンホロウ,Kenhallow,Déflaisan,Fasasnob,Unfezant,Unfezant,Unfezant,켄호로우,Kenhorou,高傲雉雞,高傲雉鸡,Gāo'àozhìjī
522,Blitzle,シママ,シママ,Shimama,Zébibron,Elezeba,Blitzle,Blitzle,Blitzle,줄뮤마,Julmyuma,斑斑馬,斑斑马,Bānbānmǎ
523,Zebstrika,ゼブライカ,ゼブライカ,Zebraika,Zéblitz,Zebritz,Zebstrika,Zebstrika,Zebstrika,제브라이카,Jebeuraika,雷電斑馬,雷电斑马,Léidiànbānmǎ
524,Roggenrola,ダンゴロ,ダンゴロ,Dangoro,Nodulithe,Kiesling,Roggenrola,Roggenrola,Roggenrola,단굴,Dangul,石丸子,石丸子,Shíwánzi
525,Boldore,ガントル,ガントル,Gantle,Géolithe,Sedimantur,Boldore,Boldore,Boldore,암트르,Amteureu,地幔岩,地幔岩,Dìmànyán
526,Gigalith,ギガイアス,ギガイアス,Gigaiath,Gigalithe,Brockoloss,Gigalith,Gigalith,Gigalith,기가이어스,Gigaieoseu,龐岩怪,庞岩怪,Pángyánguài
527,Woobat,コロモリ,コロモリ,Koromori,Chovsourir,Fleknoil,Woobat,Woobat,Woobat,또르박쥐,Ttoreubakjwi,滾滾蝙蝠,滚滚蝙蝠,Gǔngǔnbiānfú
528,Swoobat,ココロモリ,ココロモリ,Kokoromori,Rhinolove,Fletiamo,Swoobat,Swoobat,Swoobat,맘박쥐,Mambakjwi,心蝙蝠,心蝙蝠,Xīnbiānfú
529,Drilbur,モグリュー,モグリュー,Mogurew,Rototaupe,Rotomurf,Drilbur,Drilbur,Drilbur,두더류,Dudeoryu,螺釘地鼠,螺钉地鼠,Luódīngdìshǔ
530,Excadrill,ドリュウズ,ドリュウズ,Doryuzu,Minotaupe,Stalobor,Excadrill,Excadrill,Excadrill,몰드류,Moldeuryu,龍頭地鼠,龙头地鼠,Lóngtóudìshǔ
531,Audino,タブンネ,タブンネ,Tabunne,Nanméouïe,Ohrdoch,Audino,Audino,Audino,다부니,Dabuni,差不多娃娃,差不多娃娃,Chàbùduōwáwá
532,Timburr,ドッコラー,ドッコラー,Dokkorer,Charpenti,Praktibalk,Timburr,Timburr,Timburr,으랏차,Euratcha,搬運小匠,搬运小匠,Bānyùnxiǎojiàng
533,Gurdurr,ドテッコツ,ドテッコツ,Dotekkotsu,Ouvrifier,Strepoli,Gurdurr,Gurdurr,Gurdurr,토쇠골,Tosoegol,鐵骨土人,铁骨土人,Tiěgǔtǔrén
534,Conkeldurr,ローブシン,ローブシン,Roubushin,Bétochef,Meistagrif,Conkeldurr,Conkeldurr,Conkeldurr,노보청,Nobocheong,修建老匠,修建老匠,Xiūjiànlǎojiàng
535,Tympole,オタマロ,オタマロ,Otamaro,Tritonde,Schallquap,Tympole,Tympole,Tympole,동챙이,Dongchaengi,圓蝌蚪,圆蝌蚪,Yuánkēdǒu
536,Palpitoad,ガマガル,ガマガル,Gamagaru,Batracné,Mebrana,Palpitoad,Palpitoad,Palpitoad,두까비,Dukkabi,藍蟾蜍,蓝蟾蜍,Lánchánchú
537,Seismitoad,ガマゲロゲ,ガマゲロゲ,Gamageroge,Crapustule,Branawarz,Seismitoad,Seismitoad,Seismitoad,두빅굴,Dubikgul,蟾蜍王,蟾蜍王,Chánchúwáng
538,Throh,ナゲキ,ナゲキ,Nageki,Judokrak,Jiutesto,Throh,Throh,Throh,던지미,Deonjimi,投摔鬼,投摔鬼,Tóushuāiguǐ
539,Sawk,ダゲキ,ダゲキ,Dageki,Karaclée,Karadonis,Sawk,Sawk,Sawk,타격귀,Tagyeokgwi,打擊鬼,打击鬼,Dǎjíguǐ
540,Sewaddle,クルミル,クルミル,Kurumiru,Larveyette,Strawickl,Sewaddle,Sewaddle,Sewaddle,두르보,Dureubo,蟲寶包,虫宝包,Chóngbǎobāo
541,Swadloon,クルマユ,クルマユ,Kurumayu,Couverdure,Folikon,Swadloon,Swadloon,Swadloon,두르쿤,Dureukun,寶包繭,宝包茧,Bǎobāojiǎn
542,Leavanny,ハハコモリ,ハハコモリ,Hahakomori,Manternel,Matrifol,Leavanny,Leavanny,Leavanny,모아머,Moameo,保母蟲,保姆虫,Bǎomǔchóng
543,Venipede,フシデ,フシデ,Fushide,Venipatte,Toxiped,Venipede,Venipede,Venipede,마디네,Madine,百足蜈蚣,百足蜈蚣,Bǎizúwúgōng
544,Whirlipede,ホイーガ,ホイーガ,Wheega,Scobolide,Rollum,Whirlipede,Whirlipede,Whirlipede,휠구,Hwilgu,車輪毬,车轮球,Chēlúnqiú
545,Scolipede,ペンドラー,ペンドラー,Pendror,Brutapode,Cerapendra,Scolipede,Scolipede,Scolipede,펜드라,Pendeura,蜈蚣王,蜈蚣王,Wúgōngwáng
546,Cottonee,モンメン,モンメン,Monmen,Doudouvet,Waumboll,Cottonee,Cottonee,Cottonee,소미안,Somian,木棉球,木棉球,Mùmiánqiú
547,Whimsicott,エルフーン,エルフーン,Elfuun,Farfaduvet,Elfun,Whimsicott,Whimsicott,Whimsicott,엘풍,Elpung,風妖精,风妖精,Fēngyāojing
548,Petilil,チュリネ,チュリネ,Churine,Chlorobule,Lilminip,Petilil,Petilil,Petilil,치릴리,Chirilli,百合根娃娃,百合根娃娃,Bǎihégēnwáwá
549,Lilligant,ドレディア,ドレディア,Dredear,Fragilady,Dressella,Lilligant,Lilligant,Lilligant,드레디어,Deuredieo,裙兒小姐,裙儿小姐,Qún'érxiǎojiě
550,Basculin,バスラオ,バスラオ,Bassrao,Bargantua,Barschuft,Basculin,Basculin,Basculin,배쓰나이,Baesseunai,野蠻鱸魚,野蛮鲈鱼,Yěmánlúyú
551,Sandile,メグロコ,メグロコ,Meguroco,Mascaïman,Ganovil,Sandile,Sandile,Sandile,깜눈크,Kkamnunkeu,黑眼鱷,黑眼鳄,Hēiyǎn'è
552,Krokorok,ワルビル,ワルビル,Waruvile,Escroco,Rokkaiman,Krokorok,Krokorok,Krokorok,악비르,Akbireu,混混鱷,混混鳄,Hùnhun'è
553,Krookodile,ワルビアル,ワルビアル,Waruvial,Crocorible,Rabigator,Krookodile,Krookodile,Krookodile,악비아르,Akbiareu,流氓鱷,流氓鳄,Liúmáng'è
554,Darumaka,ダルマッカ,ダルマッカ,Darumakka,Darumarond,Flampion,Darumaka,Darumaka,Darumaka,달막화,Dalmakhwa,火紅不倒翁,火红不倒翁,Huǒhóngbùdǎowēng
555,Darmanitan,ヒヒダルマ,ヒヒダルマ,Hihidaruma,Darumacho,Flampivian,Darmanitan,Darmanitan,Darmanitan,불비달마,Bulbidalma,達摩狒狒,达摩狒狒,Dámófèifèi
556,Maractus,マラカッチ,マラカッチ,Maracacchi,Maracachi,Maracamba,Maractus,Maractus,Maractus,마라카치,Marakachi,沙鈴仙人掌,沙铃仙人掌,Shālíngxiānrénzhǎng
557,Dwebble,イシズマイ,イシズマイ,Ishizumai,Crabicoque,Lithomith,Dwebble,Dwebble,Dwebble,돌살이,Dolsari,石居蟹,石居蟹,Shíjūxiè
558,Crustle,イワパレス,イワパレス,Iwapalace,Crabaraque,Castellith,Crustle,Crustle,Crustle,암팰리스,Ampaelliseu,岩殿居蟹,岩殿居蟹,Yándiànjūxiè
559,Scraggy,ズルッグ,ズルッグ,Zuruggu,Baggiguane,Zurrokex,Scraggy,Scraggy,Scraggy,곤율랭,Gonyullaeng,滑滑小子,滑滑小子,Huáhuáxiǎozi
560,Scrafty,ズルズキン,ズルズキン,Zuruzukin,Baggaïd,Irokex,Scrafty,Scrafty,Scrafty,곤율거니,Gonyulgeoni,頭巾混混,头巾混混,Tóujīnhùnhun
561,Sigilyph,シンボラー,シンボラー,Symboler,Cryptéro,Symvolara,Sigilyph,Sigilyph,Sigilyph,심보러,Simboreo,象徵鳥,象征鸟,Xiàngzhēngniǎo
562,Yamask,デスマス,デスマス,Desumasu,Tutafeh,Makabaja,Yamask,Yamask,Yamask,데스마스,Deseumaseu,哭哭面具,哭哭面具,Kūkūmiànjù
563,Cofagrigus,デスカーン,デスカーン,Desukarn,Tutankafer,Echnatoll,Cofagrigus,Cofagrigus,Cofagrigus,데스니칸,Deseunikan,死神棺,迭失棺,Sǐshénguān
564,Tirtouga,プロトーガ,プロトーガ,Protoga,Carapagos,Galapaflos,Tirtouga,Tirtouga,Tirtouga,프로토가,Peurotoga,原蓋海龜,原盖海龟,Yuángàihǎiguī
565,Carracosta,アバゴーラ,アバゴーラ,Abagoura,Mégapagos,Karippas,Carracosta,Carracosta,Carracosta,늑골라,Neukgolla,肋骨海龜,肋骨海龟,Lèigǔhǎiguī
566,Archen,アーケン,アーケン,Archen,Arkéapti,Flapteryx,Archen,Archen,Archen,아켄,Aken,始祖小鳥,始祖小鸟,Shǐzǔxiǎoniǎo
567,Archeops,アーケオス,アーケオス,Archeos,Aéroptéryx,Aeropteryx,Archeops,Archeops,Archeops,아케오스,Akeoseu,始祖大鳥,始祖大鸟,Shǐzǔdàniǎo
568,Trubbish,ヤブクロン,ヤブクロン,Yabukuron,Miamiasme,Unratütox,Trubbish,Trubbish,Trubbish,깨봉이,Kkaebongi,破破袋,破破袋,Pòpòdài
569,Garbodor,ダストダス,ダストダス,Dustdas,Miasmax,Deponitox,Garbodor,Garbodor,Garbodor,더스트나,Deoseuteuna,灰塵山,灰尘山,Huīchénshān
570,Zorua,ゾロア,ゾロア,Zorua,Zorua,Zorua,Zorua,Zorua,Zorua,조로아,Joroa,索羅亞,索罗亚,Suǒluóyǎ
571,Zoroark,ゾロアーク,ゾロアーク,Zoroark,Zoroark,Zoroark,Zoroark,Zoroark,Zoroark,조로아크,Joroakeu,索羅亞克,索罗亚克,Suǒluóyǎkè
572,Minccino,チラーミィ,チラーミィ,Chillarmy,Chinchidou,Picochilla,Minccino,Minccino,Minccino,치라미,Chirami,泡沫栗鼠,泡沫栗鼠,Pàomòlìshǔ
573,Cinccino,チラチーノ,チラチーノ,Chillaccino,Pashmilla,Chillabell,Cinccino,Cinccino,Cinccino,치라치노,Chirachino,奇諾栗鼠,奇诺栗鼠,Qínuòlìshǔ
574,Gothita,ゴチム,ゴチム,Gothimu,Scrutella,Mollimorba,Gothita,Gothita,Gothita,고디탱,Goditaeng,哥德寶寶,哥德宝宝,Gēdébǎobao
575,Gothorita,ゴチミル,ゴチミル,Gothimiru,Mesmérella,Hypnomorba,Gothorita,Gothorita,Gothorita,고디보미,Godibomi,哥德小童,哥德小童,Gēdéxiǎotóng
576,Gothitelle,ゴチルゼル,ゴチルゼル,Gothiruselle,Sidérella,Morbitesse,Gothitelle,Gothitelle,Gothitelle,고디모아젤,Godimoajel,哥德小姐,哥德小姐,Gēdéxiǎojiě
577,Solosis,ユニラン,ユニラン,Uniran,Nucléos,Monozyto,Solosis,Solosis,Solosis,유니란,Yuniran,單卵細胞球,单卵细胞球,Dānluǎnxìbāoqiú
578,Duosion,ダブラン,ダブラン,Doublan,Méios,Mitodos,Duosion,Duosion,Duosion,듀란,Dyuran,雙卵細胞球,双卵细胞球,Shuāngluǎnxìbāoqiú
579,Reuniclus,ランクルス,ランクルス,Lanculus,Symbios,Zytomega,Reuniclus,Reuniclus,Reuniclus,란쿨루스,Rankulluseu,人造細胞卵,人造细胞卵,Rénzàoxìbāoluǎn
580,Ducklett,コアルヒー,コアルヒー,Koaruhie,Couaneton,Piccolente,Ducklett,Ducklett,Ducklett,꼬지보리,Kkojibori,鴨寶寶,鸭宝宝,Yābǎobao
581,Swanna,スワンナ,スワンナ,Swanna,Lakmécygne,Swaroness,Swanna,Swanna,Swanna,스완나,Seuwanna,舞天鵝,舞天鹅,Wǔtiān'é
582,Vanillite,バニプッチ,バニプッチ,Vanipeti,Sorbébé,Gelatini,Vanillite,Vanillite,Vanillite,바닐프티,Banilpeuti,迷你冰,迷你冰,Mínǐbīng
583,Vanillish,バニリッチ,バニリッチ,Vanirich,Sorboul,Gelatroppo,Vanillish,Vanillish,Vanillish,바닐리치,Banillichi,多多冰,多多冰,Duōduōbīng
584,Vanilluxe,バイバニラ,バイバニラ,Baivanilla,Sorbouboul,Gelatwino,Vanilluxe,Vanilluxe,Vanilluxe,배바닐라,Baebanilla,雙倍多多冰,双倍多多冰,Shuāngbèiduōduōbīng
585,Deerling,シキジカ,シキジカ,Shikijika,Vivaldaim,Sesokitz,Deerling,Deerling,Deerling,사철록,Sacheollok,四季鹿,四季鹿,Sìjìlù
586,Sawsbuck,メブキジカ,メブキジカ,Mebukijika,Haydaim,Kronjuwild,Sawsbuck,Sawsbuck,Sawsbuck,바라철록,Baracheollok,萌芽鹿,萌芽鹿,Méngyálù
587,Emolga,エモンガ,エモンガ,Emolga,Emolga,Emolga,Emolga,Emolga,Emolga,에몽가,Emongga,電飛鼠,电飞鼠,Diànfēishǔ
588,Karrablast,カブルモ,カブルモ,Kaburumo,Carabing,Laukaps,Karrablast,Karrablast,Karrablast,딱정곤,Ttakjeonggon,蓋蓋蟲,盖盖虫,Gàigàichóng
589,Escavalier,シュバルゴ,シュバルゴ,Chevargo,Lançargot,Cavalanzas,Escavalier,Escavalier,Escavalier,슈바르고,Syubareugo,騎士蝸牛,骑士蜗牛,Qíshìguāniú
590,Foongus,タマゲタケ,タマゲタケ,Tamagetake,Trompignon,Tarnpignon,Foongus,Foongus,Foongus,깜놀버슬,Kkamnolbeoseul,哎呀球菇,哎呀球菇,Āiyāqiúgū
591,Amoonguss,モロバレル,モロバレル,Morobareru,Gaulet,Hutsassa,Amoonguss,Amoonguss,Amoonguss,뽀록나,Pporongna,敗露球菇,败露球菇,Bàilùqiúgū
592,Frillish,プルリル,プルリル,Pururill,Viskuse,Quabbel,Frillish,Frillish,Frillish,탱그릴,Taenggeuril,輕飄飄,轻飘飘,Qīngpiāopiāo
593,Jellicent,ブルンゲル,ブルンゲル,Burungel,Moyade,Apoquallyp,Jellicent,Jellicent,Jellicent,탱탱겔,Taengtaenggel,胖嘟嘟,胖嘟嘟,Pàngdūdū
594,Alomomola,ママンボウ,ママンボウ,Mamanbou,Mamanbo,Mamolida,Alomomola,Alomomola,Alomomola,맘복치,Mambokchi,保母曼波,保姆曼波,Bǎomǔmànbō
595,Joltik,バチュル,バチュル,Bachuru,Statitik,Wattzapf,Joltik,Joltik,Joltik,파쪼옥,Pajjook,電電蟲,电电虫,Diàndiànchóng
596,Galvantula,デンチュラ,デンチュラ,Dentula,Mygavolt,Voltula,Galvantula,Galvantula,Galvantula,전툴라,Jeontulla,電蜘蛛,电蜘蛛,Diànzhīzhū
597,Ferroseed,テッシード,テッシード,Tesseed,Grindur,Kastadur,Ferroseed,Ferroseed,Ferroseed,철시드,Cheolsideu,種子鐵球,种子铁球,Zhǒngzǐtiěqiú
598,Ferrothorn,ナットレイ,ナットレイ,Nutrey,Noacier,Tentantel,Ferrothorn,Ferrothorn,Ferrothorn,너트령,Neoteuryeong,堅果啞鈴,坚果哑铃,Jiānguǒyǎlíng
599,Klink,ギアル,ギアル,Giaru,Tic,Klikk,Klink,Klink,Klink,기어르,Gieoreu,齒輪兒,齿轮儿,Chǐlún'ér
600,Klang,ギギアル,ギギアル,Gigiaru,Clic,Kliklak,Klang,Klang,Klang,기기어르,Gigieoreu,齒輪組,齿轮组,Chǐlúnzǔ
601,Klinklang,ギギギアル,ギギギアル,Gigigiaru,Cliticlic,Klikdiklak,Klinklang,Klinklang,Klinklang,기기기어르,Gigigieoreu,齒輪怪,齿轮怪,Chǐlúnguài
602,Tynamo,シビシラス,シビシラス,Shibishirasu,Anchwatt,Zapplardin,Tynamo,Tynamo,Tynamo,저리어,Jeorieo,麻麻小魚,麻麻小鱼,Mámáxiǎoyú
603,Eelektrik,シビビール,シビビール,Shibibeel,Lampéroie,Zapplalek,Eelektrik,Eelektrik,Eelektrik,저리릴,Jeoriril,麻麻鰻,麻麻鳗,Mámámán
604,Eelektross,シビルドン,シビルドン,Shibirudon,Ohmassacre,Zapplarang,Eelektross,Eelektross,Eelektross,저리더프,Jeorideopeu,麻麻鰻魚王,麻麻鳗鱼王,Mámámányúwáng
605,Elgyem,リグレー,リグレー,Ligray,Lewsor,Pygraulon,Elgyem,Elgyem,Elgyem,리그레,Rigeure,小灰怪,小灰怪,Xiǎohuīguài
606,Beheeyem,オーベム,オーベム,Ohbem,Neitram,Megalon,Beheeyem,Beheeyem,Beheeyem,벰크,Bemkeu,大宇怪,大宇怪,Dàyǔguài
607,Litwick,ヒトモシ,ヒトモシ,Hitomoshi,Funécire,Lichtel,Litwick,Litwick,Litwick,불켜미,Bulkyeomi,燭光靈,烛光灵,Zhúguānglíng
608,Lampent,ランプラー,ランプラー,Lampler,Mélancolux,Laternecto,Lampent,Lampent,Lampent,램프라,Raempeura,燈火幽靈,灯火幽灵,Dēnghuǒyōulíng
609,Chandelure,シャンデラ,シャンデラ,Chandela,Lugulabre,Skelabra,Chandelure,Chandelure,Chandelure,샹델라,Syangdella,水晶燈火靈,水晶灯火灵,Shuǐjīngdēnghuǒlíng
610,Axew,キバゴ,キバゴ,Kibago,Coupenotte,Milza,Axew,Axew,Axew,터검니,Teogeomni,牙牙,牙牙,Yáyá
611,Fraxure,オノンド,オノンド,Onondo,Incisache,Sharfax,Fraxure,Fraxure,Fraxure,액슨도,Aekseundo,斧牙龍,斧牙龙,Fǔyálóng
612,Haxorus,オノノクス,オノノクス,Ononokus,Tranchodon,Maxax,Haxorus,Haxorus,Haxorus,액스라이즈,Aekseuraijeu,雙斧戰龍,双斧战龙,Shuāngfǔzhànlóng
613,Cubchoo,クマシュン,クマシュン,Kumasyun,Polarhume,Petznief,Cubchoo,Cubchoo,Cubchoo,코고미,Kogomi,噴嚏熊,喷嚏熊,Pēntìxióng
614,Beartic,ツンベアー,ツンベアー,Tunbear,Polagriffe,Siberio,Beartic,Beartic,Beartic,툰베어,Tunbeeo,凍原熊,冻原熊,Dòngyuánxióng
615,Cryogonal,フリージオ,フリージオ,Freegeo,Hexagel,Frigometri,Cryogonal,Cryogonal,Cryogonal,프리지오,Peurijio,幾何雪花,几何雪花,Jǐhéxuěhuā
616,Shelmet,チョボマキ,チョボマキ,Chobomaki,Escargaume,Schnuthelm,Shelmet,Shelmet,Shelmet,쪼마리,Jjomari,小嘴蝸,小嘴蜗,Xiǎozuǐguā
617,Accelgor,アギルダー,アギルダー,Agilder,Limaspeed,Hydragil,Accelgor,Accelgor,Accelgor,어지리더,Eojirideo,敏捷蟲,敏捷虫,Mǐnjiéchóng
618,Stunfisk,マッギョ,マッギョ,Maggyo,Limonde,Flunschlik,Stunfisk,Stunfisk,Stunfisk,메더,Medeo,泥巴魚,泥巴鱼,Níbāyú
619,Mienfoo,コジョフー,コジョフー,Kojofu,Kungfouine,Lin-Fu,Mienfoo,Mienfoo,Mienfoo,비조푸,Bijopu,功夫鼬,功夫鼬,Gōngfuyòu
620,Mienshao,コジョンド,コジョンド,Kojondo,Shaofouine,Wie-Shu,Mienshao,Mienshao,Mienshao,비조도,Bijodo,師父鼬,师父鼬,Shīfuyòu
621,Druddigon,クリムガン,クリムガン,Crimgan,Drakkarmin,Shardrago,Druddigon,Druddigon,Druddigon,크리만,Keuriman,赤面龍,赤面龙,Chìmiànlóng
622,Golett,ゴビット,ゴビット,Gobit,Gringolem,Golbit,Golett,Golett,Golett,골비람,Golbiram,泥偶小人,泥偶小人,Ní'ǒuxiǎorén
623,Golurk,ゴルーグ,ゴルーグ,Goloog,Golemastoc,Golgantes,Golurk,Golurk,Golurk,골루그,Gollugeu,泥偶巨人,泥偶巨人,Ní'ǒujùrén
624,Pawniard,コマタナ,コマタナ,Komatana,Scalpion,Gladiantri,Pawniard,Pawniard,Pawniard,자망칼,Jamangkal,駒刀小兵,驹刀小兵,Jūdāoxiǎobīng
625,Bisharp,キリキザン,キリキザン,Kirikizan,Scalproie,Caesurio,Bisharp,Bisharp,Bisharp,절각참,Jeolgakcham,劈斬司令,劈斩司令,Pīzhǎnsīlìng
626,Bouffalant,バッフロン,バッフロン,Buffron,Frison,Bisofank,Bouffalant,Bouffalant,Bouffalant,버프론,Beopeuron,爆炸頭水牛,爆炸头水牛,Bàozhàtóushuǐniú
627,Rufflet,ワシボン,ワシボン,Washibon,Furaiglon,Geronimatz,Rufflet,Rufflet,Rufflet,수리둥보,Suridungbo,毛頭小鷹,毛头小鹰,Máotóuxiǎoyīng
628,Braviary,ウォーグル,ウォーグル,Warrgle,Gueriaigle,Washakwil,Braviary,Braviary,Braviary,워글,Wogeul,勇士雄鷹,勇士雄鹰,Yǒngshìxióngyīng
629,Vullaby,バルチャイ,バルチャイ,Valchai,Vostourno,Skallyk,Vullaby,Vullaby,Vullaby,벌차이,Beolchai,禿鷹丫頭,秃鹰丫头,Tūyīngyātou
630,Mandibuzz,バルジーナ,バルジーナ,Vulgina,Vaututrice,Grypheldis,Mandibuzz,Mandibuzz,Mandibuzz,버랜지나,Beoraenjina,禿鷹娜,秃鹰娜,Tūyīngnà
631,Heatmor,クイタラン,クイタラン,Kuitaran,Aflamanoir,Furnifraß,Heatmor,Heatmor,Heatmor,앤티골,Aentigol,熔蟻獸,熔蚁兽,Róngyǐshòu
632,Durant,アイアント,アイアント,Aiant,Fermite,Fermicula,Durant,Durant,Durant,아이앤트,Aiaenteu,鐵蟻,铁蚁,Tiěyǐ
633,Deino,モノズ,モノズ,Monozu,Solochi,Kapuno,Deino,Deino,Deino,모노두,Monodu,單首龍,单首龙,Dānshǒulóng
634,Zweilous,ジヘッド,ジヘッド,Dihead,Diamat,Duodino,Zweilous,Zweilous,Zweilous,디헤드,Dihedeu,雙首暴龍,双首暴龙,Shuāngshǒubàolóng
635,Hydreigon,サザンドラ,サザンドラ,Sazandora,Trioxhydre,Trikephalo,Hydreigon,Hydreigon,Hydreigon,삼삼드래,Samsamdeurae,三首惡龍,三首恶龙,Sānshǒu'èlóng
636,Larvesta,メラルバ,メラルバ,Merlarva,Pyronille,Ignivor,Larvesta,Larvesta,Larvesta,활화르바,Hwalhwareuba,燃燒蟲,燃烧虫,Ránshāochóng
637,Volcarona,ウルガモス,ウルガモス,Ulgamoth,Pyrax,Ramoth,Volcarona,Volcarona,Volcarona,불카모스,Bulkamoseu,火神蛾,火神蛾,Huǒshén'é
638,Cobalion,コバルオン,コバルオン,Cobalon,Cobaltium,Kobalium,Cobalion,Cobalion,Cobalion,코바르온,Kobareuon,勾帕路翁,勾帕路翁,Gōupàlùwēng
639,Terrakion,テラキオン,テラキオン,Terrakion,Terrakium,Terrakium,Terrakion,Terrakion,Terrakion,테라키온,Terakion,代拉基翁,代拉基翁,Dàilājīwēng
640,Virizion,ビリジオン,ビリジオン,Virizion,Viridium,Viridium,Virizion,Virizion,Virizion,비리디온,Biridion,畢力吉翁,毕力吉翁,Bìlìjíwēng
641,Tornadus,トルネロス,トルネロス,Tornelos,Boréas,Boreos,Tornadus,Tornadus,Tornadus,토네로스,Toneroseu,龍捲雲,龙卷云,Lóngjuǎnyún
642,Thundurus,ボルトロス,ボルトロス,Voltolos,Fulguris,Voltolos,Thundurus,Thundurus,Thundurus,볼트로스,Bolteuroseu,雷電雲,雷电云,Léidiànyún
643,Reshiram,レシラム,レシラム,Reshiram,Reshiram,Reshiram,Reshiram,Reshiram,Reshiram,레시라무,Resiramu,萊希拉姆,莱希拉姆,Láixīlāmǔ
644,Zekrom,ゼクロム,ゼクロム,Zekrom,Zekrom,Zekrom,Zekrom,Zekrom,Zekrom,제크로무,Jekeuromu,捷克羅姆,捷克罗姆,Jiékèluómǔ
645,Landorus,ランドロス,ランドロス,Landlos,Démétéros,Demeteros,Landorus,Landorus,Landorus,랜드로스,Raendeuroseu,土地雲,土地云,Tǔdìyún
646,Kyurem,キュレム,キュレム,Kyurem,Kyurem,Kyurem,Kyurem,Kyurem,Kyurem,큐레무,Kyuremu,酋雷姆,酋雷姆,Qiúléimǔ
647,Keldeo,ケルディオ,ケルディオ,Keldeo,Keldeo,Keldeo,Keldeo,Keldeo,Keldeo,케르디오,Kereudio,凱路迪歐,凯路迪欧,Kǎilùdí'ōu
648,Meloetta,メロエッタ,メロエッタ,Meloetta,Meloetta,Meloetta,Meloetta,Meloetta,Meloetta,메로엣타,Meroetta,美洛耶塔,美洛耶塔,Měiluòyétǎ
649,Genesect,ゲノセクト,ゲノセクト,Genesect,Genesect,Genesect,Genesect,Genesect,Genesect,게노세크트,Genosekeuteu,蓋諾賽克特,盖诺赛克特,Gàinuòsàikètè
650,Chespin,ハリマロン,ハリマロン,Harimaron,Marisson,Igamaro,Chespin,Chespin,Chespin,도치마론,Dochimaron,哈力栗,哈力栗,Hālìlì
651,Quilladin,ハリボーグ,ハリボーグ,Hariborg,Boguérisse,Igastarnish,Quilladin,Quilladin,Quilladin,도치보구,Dochibogu,胖胖哈力,胖胖哈力,Pàngpànghālì
652,Chesnaught,ブリガロン,ブリガロン,Brigarron,Blindépique,Brigaron,Chesnaught,Chesnaught,Chesnaught,브리가론,Beurigaron,布里卡隆,布里卡隆,Bùlǐkǎlóng
653,Fennekin,フォッコ,フォッコ,Fokko,Feunnec,Fynx,Fennekin,Fennekin,Fennekin,푸호꼬,Puhokko,火狐狸,火狐狸,Huǒhúlí
654,Braixen,テールナー,テールナー,Tairenar,Roussil,Rutena,Braixen,Braixen,Braixen,테르나,Tereuna,長尾火狐,长尾火狐,Chángwěihuǒhú
655,Delphox,マフォクシー,マフォクシー,Mahoxy,Goupelin,Fennexis,Delphox,Delphox,Delphox,마폭시,Mapoksi,妖火紅狐,妖火红狐,Yāohuǒhónghú
656,Froakie,ケロマツ,ケロマツ,Keromatsu,Grenousse,Froxy,Froakie,Froakie,Froakie,개구마르,Gaegumareu,呱呱泡蛙,呱呱泡蛙,Guāguāpàowā
657,Frogadier,ゲコガシラ,ゲコガシラ,Gekogashira,Croâporal,Amphizel,Frogadier,Frogadier,Frogadier,개굴반장,Gaegulbanjang,呱頭蛙,呱头蛙,Guātóuwā
658,Greninja,ゲッコウガ,ゲッコウガ,Gekkouga,Amphinobi,Quajutsu,Greninja,Greninja,Greninja,개굴닌자,Gaegullinja,甲賀忍蛙,甲贺忍蛙,Jiǎhèrěnwā
659,Bunnelby,ホルビー,ホルビー,Horubee,Sapereau,Scoppel,Bunnelby,Bunnelby,Bunnelby,파르빗,Pareubit,掘掘兔,掘掘兔,Juéjuétù
660,Diggersby,ホルード,ホルード,Horudo,Excavarenne,Grebbit,Diggersby,Diggersby,Diggersby,파르토,Pareuto,掘地兔,掘地兔,Juédìtù
661,Fletchling,ヤヤコマ,ヤヤコマ,Yayakoma,Passerouge,Dartiri,Fletchling,Fletchling,Fletchling,화살꼬빈,Hwasalkkobin,小箭雀,小箭雀,Xiǎojiànquè
662,Fletchinder,ヒノヤコマ,ヒノヤコマ,Hinoyakoma,Braisillon,Dartignis,Fletchinder,Fletchinder,Fletchinder,불화살빈,Bulhwasalbin,火箭雀,火箭雀,Huǒjiànquè
663,Talonflame,ファイアロー,ファイアロー,Fiarrow,Flambusard,Fiaro,Talonflame,Talonflame,Talonflame,파이어로,Paieoro,烈箭鷹,烈箭鹰,Lièjiànyīng
664,Scatterbug,コフキムシ,コフキムシ,Kofukimushi,Lépidonille,Purmel,Scatterbug,Scatterbug,Scatterbug,분이벌레,Bunibeolle,粉蝶蟲,粉蝶虫,Fěndiéchóng
665,Spewpa,コフーライ,コフーライ,Kofuurai,Pérégrain,Puponcho,Spewpa,Spewpa,Spewpa,분떠도리,Buntteodori,粉蝶蛹,粉蝶蛹,Fěndiéyǒng
666,Vivillon,ビビヨン,ビビヨン,Viviyon,Prismillon,Vivillon,Vivillon,Vivillon,Vivillon,비비용,Bibiyong,彩粉蝶,彩粉蝶,Cǎifěndié
667,Litleo,シシコ,シシコ,Shishiko,Hélionceau,Leufeo,Litleo,Litleo,Litleo,레오꼬,Reokko,小獅獅,小狮狮,Xiǎoshīshī
668,Pyroar,カエンジシ,カエンジシ,Kaenjishi,Némélios,Pyroleo,Pyroar,Pyroar,Pyroar,화염레오,Hwayeomneo,火炎獅,火炎狮,Huǒyánshī
669,Flabébé,フラベベ,フラベベ,Flabebe,Flabébé,Flabébé,Flabébé,Flabébé,Flabébé,플라베베,Peullabebe,花蓓蓓,花蓓蓓,Huābèibèi
670,Floette,フラエッテ,フラエッテ,Floette,Floette,Floette,Floette,Floette,Floette,플라엣테,Peullaette,花葉蒂,花叶蒂,Huāyèdì
671,Florges,フラージェス,フラージェス,Florges,Florges,Florges,Florges,Florges,Florges,플라제스,Peullajeseu,花潔夫人,花洁夫人,Huājiéfūrén
672,Skiddo,メェークル,メェークル,Meecle,Cabriolaine,Mähikel,Skiddo,Skiddo,Skiddo,메이클,Meikeul,坐騎小羊,坐骑小羊,Zuòqíxiǎoyáng
673,Gogoat,ゴーゴート,ゴーゴート,Gogoat,Chevroum,Chevrumm,Gogoat,Gogoat,Gogoat,고고트,Gogoteu,坐騎山羊,坐骑山羊,Zuòqíshānyáng
674,Pancham,ヤンチャム,ヤンチャム,Yancham,Pandespiègle,Pam-Pam,Pancham,Pancham,Pancham,판짱,Panjjang,頑皮熊貓,顽皮熊猫,Wánpíxióngmāo
675,Pangoro,ゴロンダ,ゴロンダ,Goronda,Pandarbare,Pandagro,Pangoro,Pangoro,Pangoro,부란다,Buranda,流氓熊貓,霸道熊猫,Liúmángxióngmāo
676,Furfrou,トリミアン,トリミアン,Trimmien,Couafarel,Coiffwaff,Furfrou,Furfrou,Furfrou,트리미앙,Teurimiang,多麗米亞,多丽米亚,Duōlìmǐyǎ
677,Espurr,ニャスパー,ニャスパー,Nyasper,Psystigri,Psiau,Espurr,Espurr,Espurr,냐스퍼,Nyaseupeo,妙喵,妙喵,Miàomiāo
678,Meowstic,ニャオニクス,ニャオニクス,Nyaonix,Mistigrix,Psiaugon,Meowstic,Meowstic,Meowstic,냐오닉스,Nyaonikseu,超能妙喵,超能妙喵,Chāonéngmiàomiāo
679,Honedge,ヒトツキ,ヒトツキ,Hitotsuki,Monorpale,Gramokles,Honedge,Honedge,Honedge,단칼빙,Dankalbing,獨劍鞘,独剑鞘,Dújiànqiào
680,Doublade,ニダンギル,ニダンギル,Nidangill,Dimoclès,Duokles,Doublade,Doublade,Doublade,쌍검킬,Ssanggeomkil,雙劍鞘,双剑鞘,Shuāngjiànqiào
681,Aegislash,ギルガルド,ギルガルド,Gillgard,Exagide,Durengard,Aegislash,Aegislash,Aegislash,킬가르도,Kilgareudo,堅盾劍怪,坚盾剑怪,Jiāndùnjiànguài
682,Spritzee,シュシュプ,シュシュプ,Shushupu,Fluvetin,Parfi,Spritzee,Spritzee,Spritzee,슈쁘,Syuppeu,粉香香,粉香香,Fěnxiāngxiāng
683,Aromatisse,フレフワン,フレフワン,Frefuwan,Cocotine,Parfinesse,Aromatisse,Aromatisse,Aromatisse,프레프티르,Peurepeutireu,芳香精,芳香精,Fāngxiāngjīng
684,Swirlix,ペロッパフ,ペロッパフ,Peroppafu,Sucroquin,Flauschling,Swirlix,Swirlix,Swirlix,나룸퍼프,Narumpeopeu,綿綿泡芙,绵绵泡芙,Miánmiánpàofú
685,Slurpuff,ペロリーム,ペロリーム,Peroream,Cupcanaille,Sabbaione,Slurpuff,Slurpuff,Slurpuff,나루림,Narurim,胖甜妮,胖甜妮,Pàngtiánní
686,Inkay,マーイーカ,マーイーカ,Maaiika,Sepiatop,Iscalar,Inkay,Inkay,Inkay,오케이징,Okeijing,好啦魷,好啦鱿,Hǎolayóu
687,Malamar,カラマネロ,カラマネロ,Calamanero,Sepiatroce,Calamanero,Malamar,Malamar,Malamar,칼라마네로,Kallamanero,烏賊王,乌贼王,Wūzéiwáng
688,Binacle,カメテテ,カメテテ,Kametete,Opermine,Bithora,Binacle,Binacle,Binacle,거북손손,Geobuksonson,龜腳腳,龟脚脚,Guījiǎojiǎo
689,Barbaracle,ガメノデス,ガメノデス,Gamenodes,Golgopathe,Thanathora,Barbaracle,Barbaracle,Barbaracle,거북손데스,Geobuksondeseu,龜足巨鎧,龟足巨铠,Guīzújùkǎi
690,Skrelp,クズモー,クズモー,Kuzumo,Venalgue,Algitt,Skrelp,Skrelp,Skrelp,수레기,Suregi,垃垃藻,垃垃藻,Lèlèzǎo
691,Dragalge,ドラミドロ,ドラミドロ,Dramidoro,Kravarech,Tandrak,Dragalge,Dragalge,Dragalge,드래캄,Deuraekam,毒藻龍,毒藻龙,Dúzǎolóng
692,Clauncher,ウデッポウ,ウデッポウ,Udeppou,Flingouste,Scampisto,Clauncher,Clauncher,Clauncher,완철포,Wancheolpo,鐵臂槍蝦,铁臂枪虾,Tiěbìqiāngxiā
693,Clawitzer,ブロスター,ブロスター,Bloster,Gamblast,Wummer,Clawitzer,Clawitzer,Clawitzer,블로스터,Beulloseuteo,鋼炮臂蝦,钢炮臂虾,Gāngpàobìxiā
694,Helioptile,エリキテル,エリキテル,Erikiteru,Galvaran,Eguana,Helioptile,Helioptile,Helioptile,목도리키텔,Mokdorikitel,傘電蜥,伞电蜥,Sǎndiànxī
695,Heliolisk,エレザード,エレザード,Elezard,Iguolta,Elezard,Heliolisk,Heliolisk,Heliolisk,일레도리자드,Illedorijadeu,光電傘蜥,光电伞蜥,Guāngdiànsǎnxī
696,Tyrunt,チゴラス,チゴラス,Chigoras,Ptyranidur,Balgoras,Tyrunt,Tyrunt,Tyrunt,티고라스,Tigoraseu,寶寶暴龍,宝宝暴龙,Bǎobaobàolóng
697,Tyrantrum,ガチゴラス,ガチゴラス,Gachigoras,Rexillius,Monargoras,Tyrantrum,Tyrantrum,Tyrantrum,견고라스,Gyeongoraseu,怪顎龍,怪颚龙,Guài'èlóng
698,Amaura,アマルス,アマルス,Amarus,Amagara,Amarino,Amaura,Amaura,Amaura,아마루스,Amaruseu,冰雪龍,冰雪龙,Bīngxuělóng
699,Aurorus,アマルルガ,アマルルガ,Amaruruga,Dragmara,Amagarga,Aurorus,Aurorus,Aurorus,아마루르가,Amarureuga,冰雪巨龍,冰雪巨龙,Bīngxuějùlóng
700,Sylveon,ニンフィア,ニンフィア,Nymphia,Nymphali,Feelinara,Sylveon,Sylveon,Sylveon,님피아,Nimpia,仙子伊布,仙子伊布,Xiānzǐyībù
701,Hawlucha,ルチャブル,ルチャブル,Luchabull,Brutalibré,Resladero,Hawlucha,Hawlucha,Hawlucha,루차불,Ruchabul,摔角鷹人,摔角鹰人,Shuāijiǎoyīngrén
702,Dedenne,デデンネ,デデンネ,Dedenne,Dedenne,Dedenne,Dedenne,Dedenne,Dedenne,데덴네,Dedenne,咚咚鼠,咚咚鼠,Dōngdōngshǔ
703,Carbink,メレシー,メレシー,Melecie,Strassie,Rocara,Carbink,Carbink,Carbink,멜리시,Mellisi,小碎鑽,小碎钻,Xiǎosuìzuàn
704,Goomy,ヌメラ,ヌメラ,Numera,Mucuscule,Viscora,Goomy,Goomy,Goomy,미끄메라,Mikkeumera,黏黏寶,黏黏宝,Niánniánbǎo
705,Sliggoo,ヌメイル,ヌメイル,Numeil,Colimucus,Viscargot,Sliggoo,Sliggoo,Sliggoo,미끄네일,Mikkeuneil,黏美兒,黏美儿,Niánměi'er
706,Goodra,ヌメルゴン,ヌメルゴン,Numelgon,Muplodocus,Viscogon,Goodra,Goodra,Goodra,미끄래곤,Mikkeuraegon,黏美龍,黏美龙,Niánměilóng
707,Klefki,クレッフィ,クレッフィ,Cleffy,Trousselin,Clavion,Klefki,Klefki,Klefki,클레피,Keullepi,鑰圈兒,钥圈儿,Yàoquān'ér
708,Phantump,ボクレー,ボクレー,Bokurei,Brocélôme,Paragoni,Phantump,Phantump,Phantump,나목령,Namongnyeong,小木靈,小木灵,Xiǎomùlíng
709,Trevenant,オーロット,オーロット,Ohrot,Desséliande,Trombork,Trevenant,Trevenant,Trevenant,대로트,Daeroteu,朽木妖,朽木妖,Xiǔmùyāo
710,Pumpkaboo,バケッチャ,バケッチャ,Bakeccha,Pitrouille,Irrbis,Pumpkaboo,Pumpkaboo,Pumpkaboo,호바귀,Hobagwi,南瓜精,南瓜精,Nánguājīng
711,Gourgeist,パンプジン,パンプジン,Pumpjin,Banshitrouye,Pumpdjinn,Gourgeist,Gourgeist,Gourgeist,펌킨인,Peomkinin,南瓜怪人,南瓜怪人,Nánguāguàirén
712,Bergmite,カチコール,カチコール,Kachikohru,Grelaçon,Arktip,Bergmite,Bergmite,Bergmite,꽁어름,Kkongeoreum,冰寶,冰宝,Bīngbǎo
713,Avalugg,クレベース,クレベース,Crebase,Séracrawl,Arktilas,Avalugg,Avalugg,Avalugg,크레베이스,Keurebeisu,冰岩怪,冰岩怪,Bīngyánguài
714,Noibat,オンバット,オンバット,Onbat,Sonistrelle,eF-eM,Noibat,Noibat,Noibat,음뱃,Eumbaet,嗡蝠,嗡蝠,Wēngfú
715,Noivern,オンバーン,オンバーン,Onvern,Bruyverne,UHaFnir,Noivern,Noivern,Noivern,음번,Eumbeon,音波龍,音波龙,Yīnbōlóng
716,Xerneas,ゼルネアス,ゼルネアス,Xerneas,Xerneas,Xerneas,Xerneas,Xerneas,Xerneas,제르네아스,Jereuneaseu,哲爾尼亞斯,哲尔尼亚斯,Zhé'ěrníyǎsī
717,Yveltal,イベルタル,イベルタル,Yveltal,Yveltal,Yveltal,Yveltal,Yveltal,Yveltal,이벨타르,Ibeltareu,伊裴爾塔爾,伊裴尔塔尔,Yīpéi'ěrtǎ'ěr
718,Zygarde,ジガルデ,ジガルデ,Zygarde,Zygarde,Zygarde,Zygarde,Zygarde,Zygarde,지가르데,Jigareude,基格爾德,基格尔德,Jīgé'ěrdé
719,Diancie,ディアンシー,ディアンシー,Diancie,Diancie,Diancie,Diancie,Diancie,Diancie,디안시,Diansi,蒂安希,蒂安希,Dì'ānxī
720,Hoopa,フーパ,フーパ,Hoopa,Hoopa,Hoopa,Hoopa,Hoopa,Hoopa,후파,Hupa,胡帕,胡帕,Húpà
721,Volcanion,ボルケニオン,ボルケニオン,Volcanion,Volcanion,Volcanion,Volcanion,Volcanion,Volcanion,볼케니온,Bolkenion,波爾凱尼恩,波尔凯尼恩,Bō'ěrkǎiní'ēn
722,Rowlet,モクロー,モクロー,Mokuroh,Brindibou,Bauz,Rowlet,Rowlet,Rowlet,나몰빼미,Namolppaemi,木木梟,木木枭,Mùmùxiāo
723,Dartrix,フクスロー,フクスロー,Fukuthrow,Efflèche,Arboretoss,Dartrix,Dartrix,Dartrix,빼미스로우,Ppaemiseurou,投羽梟,投羽枭,Tóuyǔxiāo
724,Decidueye,ジュナイパー,ジュナイパー,Junaiper,Archéduc,Silvarro,Decidueye,Decidueye,Decidueye,모크나이퍼,Mokeunaipeo,狙射樹梟,狙射树枭,Jūshèshùxiāo
725,Litten,ニャビー,ニャビー,Nyabby,Flamiaou,Flamiau,Litten,Litten,Litten,냐오불,Nyaobul,火斑喵,火斑喵,Huǒbānmiāo
726,Torracat,ニャヒート,ニャヒート,Nyaheat,Matoufeu,Miezunder,Torracat,Torracat,Torracat,냐오히트,Nyaohiteu,炎熱喵,炎热喵,Yánrèmiāo
727,Incineroar,ガオガエン,ガオガエン,Gaogaen,Félinferno,Fuegro,Incineroar,Incineroar,Incineroar,어흥염,Eoheungyeom,熾焰咆哮虎,炽焰咆哮虎,Chìyànpáoxiāohǔ
728,Popplio,アシマリ,アシマリ,Ashimari,Otaquin,Robball,Popplio,Popplio,Popplio,누리공,Nurigong,球球海獅,球球海狮,Qiúqiúhǎishī
729,Brionne,オシャマリ,オシャマリ,Osyamari,Otarlette,Marikeck,Brionne,Brionne,Brionne,키요공,Kiyogong,花漾海獅,花漾海狮,Huāyànghǎishī
730,Primarina,アシレーヌ,アシレーヌ,Ashirene,Oratoria,Primarene,Primarina,Primarina,Primarina,누리레느,Nurireneu,西獅海壬,西狮海壬,Xīshīhǎirén
731,Pikipek,ツツケラ,ツツケラ,Tsutsukera,Picassaut,Peppeck,Pikipek,Pikipek,Pikipek,콕코구리,Kokkoguri,小篤兒,小笃儿,Xiǎodǔ'ér
732,Trumbeak,ケララッパ,ケララッパ,Kerarappa,Piclairon,Trompeck,Trumbeak,Trumbeak,Trumbeak,크라파,Keurapa,喇叭啄鳥,喇叭啄鸟,Lǎbāzhuóniǎo
733,Toucannon,ドデカバシ,ドデカバシ,Dodekabashi,Bazoucan,Tukanon,Toucannon,Toucannon,Toucannon,왕큰부리,Wangkeunburi,銃嘴大鳥,铳嘴大鸟,Chòngzuǐdàniǎo
734,Yungoos,ヤングース,ヤングース,Youngoose,Manglouton,Mangunior,Yungoos,Yungoos,Yungoos,영구스,Yeongguseu,貓鼬少,猫鼬少,Māoyòushào
735,Gumshoos,デカグース,デカグース,Dekagoose,Argouste,Manguspektor,Gumshoos,Gumshoos,Gumshoos,형사구스,Hyeongsaguseu,貓鼬探長,猫鼬探长,Māoyòutànzhǎng
736,Grubbin,アゴジムシ,アゴジムシ,Agojimushi,Larvibule,Mabula,Grubbin,Grubbin,Grubbin,턱지충이,Teokjichungi,強顎雞母蟲,强颚鸡母虫,Qiáng'èjīmǔchóng
737,Charjabug,デンヂムシ,デンヂムシ,Dendimushi,Chrysapile,Akkup,Charjabug,Charjabug,Charjabug,전지충이,Jeonjichungi,蟲電寶,虫电宝,Chóngdiànbǎo
738,Vikavolt,クワガノン,クワガノン,Kuwagannon,Lucanon,Donarion,Vikavolt,Vikavolt,Vikavolt,투구뿌논,Tuguppunon,鍬農炮蟲,锹农炮虫,Qiāonóngpàochóng
739,Crabrawler,マケンカニ,マケンカニ,Makenkani,Crabagarre,Krabbox,Crabrawler,Crabrawler,Crabrawler,오기지게,Ogijige,好勝蟹,好胜蟹,Hàoshèngxiè
740,Crabominable,ケケンカニ,ケケンカニ,Kekenkani,Crabominable,Krawell,Crabominable,Crabominable,Crabominable,모단단게,Modandange,好勝毛蟹,好胜毛蟹,Hàoshèngmáoxiè
741,Oricorio,オドリドリ,オドリドリ,Odoridori,Plumeline,Choreogel,Oricorio,Oricorio,Oricorio,춤추새,Chumchusae,花舞鳥,花舞鸟,Huāwǔniǎo
742,Cutiefly,アブリー,アブリー,Abuly,Bombydou,Wommel,Cutiefly,Cutiefly,Cutiefly,에블리,Ebeulli,萌虻,萌虻,Méngméng
743,Ribombee,アブリボン,アブリボン,Aburibbon,Rubombelle,Bandelby,Ribombee,Ribombee,Ribombee,에리본,Eribon,蝶結萌虻,蝶结萌虻,Diéjiéméngméng
744,Rockruff,イワンコ,イワンコ,Iwanko,Rocabot,Wuffels,Rockruff,Rockruff,Rockruff,암멍이,Ammeongi,岩狗狗,岩狗狗,Yángǒugǒu
745,Lycanroc,ルガルガン,ルガルガン,Lugarugan,Lougaroc,Wolwerock,Lycanroc,Lycanroc,Lycanroc,루가루암,Rugaruam,鬃岩狼人,鬃岩狼人,Zōngyánlángrén
746,Wishiwashi,ヨワシ,ヨワシ,Yowashi,Froussardine,Lusardin,Wishiwashi,Wishiwashi,Wishiwashi,약어리,Yageori,弱丁魚,弱丁鱼,Ruòdīngyú
747,Mareanie,ヒドイデ,ヒドイデ,Hidoide,Vorastérie,Garstella,Mareanie,Mareanie,Mareanie,시마사리,Simasari,好壞星,好坏星,Hǎohuàixīng
748,Toxapex,ドヒドイデ,ドヒドイデ,Dohidoide,Prédastérie,Aggrostella,Toxapex,Toxapex,Toxapex,더시마사리,Deosimasari,超壞星,超坏星,Chāohuàixīng
749,Mudbray,ドロバンコ,ドロバンコ,Dorobanko,Tiboudet,Pampuli,Mudbray,Mudbray,Mudbray,머드나기,Meodeunagi,泥驢仔,泥驴仔,Nílǘzǎi
750,Mudsdale,バンバドロ,バンバドロ,Banbadoro,Bourrinos,Pampross,Mudsdale,Mudsdale,Mudsdale,만마드,Manmadeu,重泥挽馬,重泥挽马,Zhòngníwǎnmǎ
751,Dewpider,シズクモ,シズクモ,Shizukumo,Araqua,Araqua,Dewpider,Dewpider,Dewpider,물거미,Mulgeomi,滴蛛,滴蛛,Dīzhū
752,Araquanid,オニシズクモ,オニシズクモ,Onishizukumo,Tarenbulle,Aranestro,Araquanid,Araquanid,Araquanid,깨비물거미,Kkaebimulgeomi,滴蛛霸,滴蛛霸,Dīzhūbà
753,Fomantis,カリキリ,カリキリ,Karikiri,Mimantis,Imantis,Fomantis,Fomantis,Fomantis,짜랑랑,Jjarangnang,偽螳草,伪螳草,Wěitángcǎo
754,Lurantis,ラランテス,ラランテス,Lalantes,Floramantis,Mantidea,Lurantis,Lurantis,Lurantis,라란티스,Rarantiseu,蘭螳花,兰螳花,Lántánghuā
755,Morelull,ネマシュ,ネマシュ,Nemasyu,Spododo,Bubungus,Morelull,Morelull,Morelull,자마슈,Jamasyu,睡睡菇,睡睡菇,Shuìshuìgū
756,Shiinotic,マシェード,マシェード,Mashade,Lampignon,Lamellux,Shiinotic,Shiinotic,Shiinotic,마셰이드,Masyeideu,燈罩夜菇,灯罩夜菇,Dēngzhàoyègū
757,Salandit,ヤトウモリ,ヤトウモリ,Yatoumori,Tritox,Molunk,Salandit,Salandit,Salandit,야도뇽,Yadonyong,夜盜火蜥,夜盗火蜥,Yèdàohuǒxī
758,Salazzle,エンニュート,エンニュート,Ennewt,Malamandre,Amfira,Salazzle,Salazzle,Salazzle,염뉴트,Yeomnyuteu,焰后蜥,焰后蜥,Yànhòuxī
759,Stufful,ヌイコグマ,ヌイコグマ,Nuikoguma,Nounourson,Velursi,Stufful,Stufful,Stufful,포곰곰,Pogomgom,童偶熊,童偶熊,Tóng'ǒuxióng
760,Bewear,キテルグマ,キテルグマ,Kiteruguma,Chelours,Kosturso,Bewear,Bewear,Bewear,이븐곰,Ibeungom,穿著熊,穿着熊,Chuānzhuóxióng
761,Bounsweet,アマカジ,アマカジ,Amakaji,Croquine,Frubberl,Bounsweet,Bounsweet,Bounsweet,달콤아,Dalkoma,甜竹竹,甜竹竹,Tiánzhúzhú
762,Steenee,アママイコ,アママイコ,Amamaiko,Candine,Frubaila,Steenee,Steenee,Steenee,달무리나,Dalmurina,甜舞妮,甜舞妮,Tiánwǔní
763,Tsareena,アマージョ,アマージョ,Amajo,Sucreine,Fruyal,Tsareena,Tsareena,Tsareena,달코퀸,Dalkokwin,甜冷美后,甜冷美后,Tiánlěngměihòu
764,Comfey,キュワワー,キュワワー,Cuwawa,Guérilande,Curelei,Comfey,Comfey,Comfey,큐아링,Kyuaring,花療環環,花疗环环,Huāliáohuánhuán
765,Oranguru,ヤレユータン,ヤレユータン,Yareyuutan,Gouroutan,Kommandutan,Oranguru,Oranguru,Oranguru,하랑우탄,Harang-utan,智揮猩,智挥猩,Zhìhuīxīng
766,Passimian,ナゲツケサル,ナゲツケサル,Nagetukesaru,Quartermac,Quartermak,Passimian,Passimian,Passimian,내던숭이,Naedeonsung-i,投擲猴,投掷猴,Tóuzhíhóu
767,Wimpod,コソクムシ,コソクムシ,Kosokumushi,Sovkipou,Reißlaus,Wimpod,Wimpod,Wimpod,꼬시레,Kkosire,膽小蟲,胆小虫,Dǎnxiǎochóng
768,Golisopod,グソクムシャ,グソクムシャ,Gusokumusha,Sarmuraï,Tectass,Golisopod,Golisopod,Golisopod,갑주무사,Gapjumusa,具甲武者,具甲武者,Jùjiǎwǔzhě
769,Sandygast,スナバァ,スナバァ,Sunaba,Bacabouh,Sankabuh,Sandygast,Sandygast,Sandygast,모래꿍,Moraekkung,沙丘娃,沙丘娃,Shāqiūwá
770,Palossand,シロデスナ,シロデスナ,Sirodethna,Trépassable,Colossand,Palossand,Palossand,Palossand,모래성이당,Moraeseongidang,噬沙堡爺,噬沙堡爷,Shìshābǎoyé
771,Pyukumuku,ナマコブシ,ナマコブシ,Namakobushi,Concombaffe,Gufa,Pyukumuku,Pyukumuku,Pyukumuku,해무기,Haemugi,拳海參,拳海参,Quánhǎishēn
772,Type: Null,タイプ：ヌル,タイプ：ヌル,Type:Null,Type:0,Typ:Null,Código Cero,Código Cero,Tipo Zero,타입:널,Taip:Neol,屬性：空,属性：空,Shǔxìng: Kōng
773,Silvally,シルヴァディ,シルヴァディ,Silvady,Silvallié,Amigento,Silvally,Silvally,Silvally,실버디,Silbeodi,銀伴戰獸,银伴战兽,Yínbànzhànshòu
774,Minior,メテノ,メテノ,Meteno,Météno,Meteno,Minior,Minior,Minior,메테노,Meteno,小隕星,小陨星,Xiǎoyǔnxīng
775,Komala,ネッコアラ,ネッコアラ,Nekkoara,Dodoala,Koalelu,Komala,Komala,Komala,자말라,Jamalla,樹枕尾熊,树枕尾熊,Shùzhěnwěixióng
776,Turtonator,バクガメス,バクガメス,Bakugames,Boumata,Tortunator,Turtonator,Turtonator,Turtonator,폭거북스,Pokgeobukseu,爆焰龜獸,爆焰龟兽,Bàoyànguīshòu
777,Togedemaru,トゲデマル,トゲデマル,Togedemaru,Togedemaru,Togedemaru,Togedemaru,Togedemaru,Togedemaru,토게데마루,Togedemaru,托戈德瑪爾,托戈德玛尔,Tuōgēdémǎ'ěr
778,Mimikyu,ミミッキュ,ミミッキュ,Mimikkyu,Mimiqui,Mimigma,Mimikyu,Mimikyu,Mimikyu,따라큐,Ttarakyu,謎擬Ｑ,谜拟丘,Mínǐ-Q
779,Bruxish,ハギギシリ,ハギギシリ,Hagigishiri,Denticrisse,Knirfish,Bruxish,Bruxish,Bruxish,치갈기,Chigalgi,磨牙彩皮魚,磨牙彩皮鱼,Móyácǎipíyú
780,Drampa,ジジーロン,ジジーロン,Jijilong,Draïeul,Sen-Long,Drampa,Drampa,Drampa,할비롱,Halbirong,老翁龍,老翁龙,Lǎowēnglóng
781,Dhelmise,ダダリン,ダダリン,Dadarin,Sinistrail,Moruda,Dhelmise,Dhelmise,Dhelmise,타타륜,Tataryun,破破舵輪,破破舵轮,Pòpòduòlún
782,Jangmo-o,ジャラコ,ジャラコ,Jyarako,Bébécaille,Miniras,Jangmo-o,Jangmo-o,Jangmo-o,짜랑꼬,Jjarangkko,心鱗寶,心鳞宝,Xīnlínbǎo
783,Hakamo-o,ジャランゴ,ジャランゴ,Jyarango,Écaïd,Mediras,Hakamo-o,Hakamo-o,Hakamo-o,짜랑고우,Jjaranggou,鱗甲龍,鳞甲龙,Línjiǎlóng
784,Kommo-o,ジャラランガ,ジャラランガ,Jyararanga,Ékaïser,Grandiras,Kommo-o,Kommo-o,Kommo-o,짜랑고우거,Jjaranggougeo,杖尾鱗甲龍,杖尾鳞甲龙,Zhàngwěilínjiǎlóng
785,Tapu Koko,カプ・コケコ,カプ・コケコ,Kapu-Kokeko,Tokorico,Kapu-Riki,Tapu Koko,Tapu Koko,Tapu Koko,카푸꼬꼬꼭,Kapukkokkokkok,卡璞・鳴鳴,卡璞・鸣鸣,Kǎpú Míngmíng
786,Tapu Lele,カプ・テテフ,カプ・テテフ,Kapu-Tetefu,Tokopiyon,Kapu-Fala,Tapu Lele,Tapu Lele,Tapu Lele,카푸나비나,Kapunabina,卡璞・蝶蝶,卡璞・蝶蝶,Kǎpú Diédié
787,Tapu Bulu,カプ・ブルル,カプ・ブルル,Kapu-Bulul,Tokotoro,Kapu-Toro,Tapu Bulu,Tapu Bulu,Tapu Bulu,카푸브루루,Kapubeururu,卡璞・哞哞,卡璞・哞哞,Kǎpú Mōumōu
788,Tapu Fini,カプ・レヒレ,カプ・レヒレ,Kapu-Rehire,Tokopisco,Kapu-Kime,Tapu Fini,Tapu Fini,Tapu Fini,카푸느지느,Kapuneujineu,卡璞・鰭鰭,卡璞・鳍鳍,Kǎpú Qíqí
789,Cosmog,コスモッグ,コスモッグ,Cosmog,Cosmog,Cosmog,Cosmog,Cosmog,Cosmog,코스모그,Koseumogeu,科斯莫古,科斯莫古,Kēsīmògǔ
790,Cosmoem,コスモウム,コスモウム,Cosmovum,Cosmovum,Cosmovum,Cosmoem,Cosmoem,Cosmoem,코스모움,Koseumoum,科斯莫姆,科斯莫姆,Kēsīmòmǔ
791,Solgaleo,ソルガレオ,ソルガレオ,Solgaleo,Solgaleo,Solgaleo,Solgaleo,Solgaleo,Solgaleo,솔가레오,Solgareo,索爾迦雷歐,索尔迦雷欧,Suǒ'ěrjiāléi'ōu
792,Lunala,ルナアーラ,ルナアーラ,Lunala,Lunala,Lunala,Lunala,Lunala,Lunala,루나아라,Runaara,露奈雅拉,露奈雅拉,Lùnàiyǎlā
793,Nihilego,ウツロイド,ウツロイド,Uturoid,Zéroïd,Anego,Nihilego,Nihilego,Nihilego,텅비드,Teongbideu,虛吾伊德,虚吾伊德,Xūwúyīdé
794,Buzzwole,マッシブーン,マッシブーン,Massivoon,Mouscoto,Masskito,Buzzwole,Buzzwole,Buzzwole,매시붕,Maesibung,爆肌蚊,爆肌蚊,Bàojīwén
795,Pheromosa,フェローチェ,フェローチェ,Pheroache,Cancrelove,Schabelle,Pheromosa,Pheromosa,Pheromosa,페로코체,Perokoche,費洛美螂,费洛美螂,Fèiluòměiláng
796,Xurkitree,デンジュモク,デンジュモク,Denjyumoku,Câblifère,Voltriant,Xurkitree,Xurkitree,Xurkitree,전수목,Jeonsumok,電束木,电束木,Diànshùmù
797,Celesteela,テッカグヤ,テッカグヤ,Tekkaguya,Bamboiselle,Kaguron,Celesteela,Celesteela,Celesteela,철화구야,Cheolhwaguya,鐵火輝夜,铁火辉夜,Tiěhuǒhuīyè
798,Kartana,カミツルギ,カミツルギ,Kamiturugi,Katagami,Katagami,Kartana,Kartana,Kartana,종이신도,Jong-isindo,紙御劍,纸御剑,Zhǐyùjiàn
799,Guzzlord,アクジキング,アクジキング,Akuziking,Engloutyran,Schlingking,Guzzlord,Guzzlord,Guzzlord,악식킹,Aksikking,惡食大王,恶食大王,Èshídàwáng
800,Necrozma,ネクロズマ,ネクロズマ,Necrozma,Necrozma,Necrozma,Necrozma,Necrozma,Necrozma,네크로즈마,Nekeurojeuma,奈克洛茲瑪,奈克洛兹玛,Nàikèluòzīmǎ
801,Magearna,マギアナ,マギアナ,Magearna,Magearna,Magearna,Magearna,Magearna,Magearna,마기아나,Magiana,瑪機雅娜,玛机雅娜,Mǎjīyǎnà
802,Marshadow,マーシャドー,マーシャドー,Marshadow,Marshadow,Marshadow,Marshadow,Marshadow,Marshadow,마샤도,Masyado,瑪夏多,玛夏多,Mǎxiàduō
803,Poipole,ベベノム,ベベノム,Bevenom,Vémini,Venicro,Poipole,Poipole,Poipole,베베놈,Bebenom,毒貝比,毒贝比,Dúbèibǐ
804,Naganadel,アーゴヨン,アーゴヨン,Agoyon,Mandrillon,Agoyon,Naganadel,Naganadel,Naganadel,아고용,Agoyong,四顎針龍,四颚针龙,Sì'èzhēnlóng
805,Stakataka,ツンデツンデ,ツンデツンデ,Tundetunde,Ama-Ama,Muramura,Stakataka,Stakataka,Stakataka,차곡차곡,Chagokchagok,壘磊石,垒磊石,Lěilěishí
806,Blacephalon,ズガドーン,ズガドーン,Zugadoon,Pierroteknik,Kopplosio,Blacephalon,Blacephalon,Blacephalon,두파팡,Dupapang,砰頭小丑,砰头小丑,Pēngtóuxiǎochǒu
807,Zeraora,ゼラオラ,ゼラオラ,Zeraora,Zeraora,Zeraora,Zeraora,Zeraora,Zeraora,제라오라,Jeraora,捷拉奧拉,捷拉奥拉,Jiélā'àolā
808,Meltan,メルタン,メルタン,Meltan,Meltan,Meltan,Meltan,Meltan,Meltan,멜탄,Meltan,美錄坦,美录坦,Měilùtǎn
809,Melmetal,メルメタル,メルメタル,Melmetal,Melmetal,Melmetal,Melmetal,Melmetal,Melmetal,멜메탈,Melmetal,美錄梅塔,美录梅塔,Měilùméitǎ
810,Grookey,サルノリ,サルノリ,Sarunori,Ouistempo,Chimpep,Grookey,Grookey,Grookey,흥나숭,Heungnasung,敲音猴,敲音猴,Qiāoyīnhóu
811,Thwackey,バチンキー,バチンキー,Bachinkey,Badabouin,Chimstix,Thwackey,Thwackey,Thwackey,채키몽,Chaekimong,啪咚猴,啪咚猴,Pādōnghóu
812,Rillaboom,ゴリランダー,ゴリランダー,Gorirander,Gorythmic,Gortrom,Rillaboom,Rillaboom,Rillaboom,고릴타,Gorilta,轟擂金剛猩,轰擂金刚猩,Hōngléijīngāngxīng
813,Scorbunny,ヒバニー,ヒバニー,Hibanny,Flambino,Hopplo,Scorbunny,Scorbunny,Scorbunny,염버니,Yeombeoni,炎兔兒,炎兔儿,Yántù'er
814,Raboot,ラビフット,ラビフット,Rabbifuto,Lapyro,Kickerlo,Raboot,Raboot,Raboot,래비풋,Raebiput,騰蹴小將,腾蹴小将,Téngcùxiǎojiàng
815,Cinderace,エースバーン,エースバーン,Aceburn,Pyrobut,Liberlo,Cinderace,Cinderace,Cinderace,에이스번,Eiseubeon,閃焰王牌,闪焰王牌,Shǎnyànwángpái
816,Sobble,メッソン,メッソン,Messon,Larméléon,Memmeon,Sobble,Sobble,Sobble,울머기,Ulmeogi,淚眼蜥,泪眼蜥,Lèiyǎnxī
817,Drizzile,ジメレオン,ジメレオン,Jimereon,Arrozard,Phlegleon,Drizzile,Drizzile,Drizzile,누겔레온,Nugelle-on,變澀蜥,变涩蜥,Biànsèxī
818,Inteleon,インテレオン,インテレオン,Intereon,Lézargus,Intelleon,Inteleon,Inteleon,Inteleon,인텔리레온,Intellire-on,千面避役,千面避役,Qiānmiànbìyì
819,Skwovet,ホシガリス,ホシガリス,Hoshigarisu,Rongourmand,Raffel,Skwovet,Skwovet,Skwovet,탐리스,Tamriseu,貪心栗鼠,贪心栗鼠,Tānxīnlìshǔ
820,Greedent,ヨクバリス,ヨクバリス,Yokubarisu,Rongrigou,Schlaraffel,Greedent,Greedent,Greedent,요씽리스,Yossingriseu,藏飽栗鼠,藏饱栗鼠,Cángbǎolìshǔ
821,Rookidee,ココガラ,ココガラ,Kokogara,Minisange,Meikro,Rookidee,Rookidee,Rookidee,파라꼬,Parakko,稚山雀,稚山雀,Zhìshānquè
822,Corvisquire,アオガラス,アオガラス,Aogarasu,Bleuseille,Kranoviz,Corvisquire,Corvisquire,Corvisquire,파크로우,Pakeurou,藍鴉,蓝鸦,Lányā
823,Corviknight,アーマーガア,アーマーガア,Armorga,Corvaillus,Krarmor,Corviknight,Corviknight,Corviknight,아머까오,Ameokkao,鋼鎧鴉,钢铠鸦,Gāngkǎiyā
824,Blipbug,サッチムシ,サッチムシ,Sacchimushi,Larvadar,Sensect,Blipbug,Blipbug,Blipbug,두루지벌레,Dulujibeolle,索偵蟲,索侦虫,Suǒzhēnchóng
825,Dottler,レドームシ,レドームシ,Redomushi,Coléodôme,Keradar,Dottler,Dottler,Dottler,레돔벌레,Redombeolle,天罩蟲,天罩虫,Tiānzhàochóng
826,Orbeetle,イオルブ,イオルブ,Eolb,Astronelle,Maritellit,Orbeetle,Orbeetle,Orbeetle,이올브,Iolbeu,以歐路普,以欧路普,Yǐ'ōulùpǔ
827,Nickit,クスネ,クスネ,Kusune,Goupilou,Kleptifux,Nickit,Nickit,Nickit,훔처우,Humcheou,偷兒狐,狡小狐,Tōu'erhú
828,Thievul,フォクスライ,フォクスライ,Foxly,Roublenard,Gaunux,Thievul,Thievul,Thievul,폭슬라이,Pokseullai,狐大盜,猾大狐,Húdàdào
829,Gossifleur,ヒメンカ,ヒメンカ,Himenka,Tournicoton,Cottini,Gossifleur,Gossifleur,Gossifleur,꼬모카,Kkomoka,幼棉棉,幼棉棉,Yòumiánmián
830,Eldegoss,ワタシラガ,ワタシラガ,Watashiraga,Blancoton,Cottomi,Eldegoss,Eldegoss,Eldegoss,백솜모카,Baeksommoka,白蓬蓬,白蓬蓬,Báipéngpéng
831,Wooloo,ウールー,ウールー,Wooluu,Moumouton,Wolly,Wooloo,Wooloo,Wooloo,우르,Ureu,毛辮羊,毛辫羊,Máobiànyáng
832,Dubwool,バイウールー,バイウールー,Baiwooluu,Moumouflon,Zwollock,Dubwool,Dubwool,Dubwool,배우르,Bae-ureu,毛毛角羊,毛毛角羊,Máomáojiǎoyáng
833,Chewtle,カムカメ,カムカメ,Kamukame,Khélocrok,Kamehaps,Chewtle,Chewtle,Chewtle,깨물부기,Kkaemulbugi,咬咬龜,咬咬龟,Yǎoyǎoguī
834,Drednaw,カジリガメ,カジリガメ,Kajirigame,Torgamord,Kamalm,Drednaw,Drednaw,Drednaw,갈가부기,Galgabugi,暴噬龜,暴噬龟,Bàoshìguī
835,Yamper,ワンパチ,ワンパチ,Wanpachi,Voltoutou,Voldi,Yamper,Yamper,Yamper,멍파치,Meongpachi,來電汪,来电汪,Láidiànwāng
836,Boltund,パルスワン,パルスワン,Pulsewan,Fulgudog,Bellektro,Boltund,Boltund,Boltund,펄스멍,Peolseumeong,逐電犬,逐电犬,Zhúdiànquǎn
837,Rolycoly,タンドン,タンドン,Tandon,Charbi,Klonkett,Rolycoly,Rolycoly,Rolycoly,탄동,Tandong,小炭仔,小炭仔,Xiǎotànzǎi
838,Carkol,トロッゴン,トロッゴン,Toroggon,Wagomine,Wagong,Carkol,Carkol,Carkol,탄차곤,Tanchagon,大炭車,大炭车,Dàtànchē
839,Coalossal,セキタンザン,セキタンザン,Sekitanzan,Monthracite,Montecarbo,Coalossal,Coalossal,Coalossal,석탄산,Seoktansan,巨炭山,巨炭山,Jùtànshān
840,Applin,カジッチュ,カジッチュ,Kajicchu,Verpom,Knapfel,Applin,Applin,Applin,과사삭벌레,Gwasasakbeolle,啃果蟲,啃果虫,Kěnguǒchóng
841,Flapple,アップリュー,アップリュー,Appryu,Pomdrapi,Drapfel,Flapple,Flapple,Flapple,애프룡,Aepeuryong,蘋裹龍,苹裹龙,Píngguǒlóng
842,Appletun,タルップル,タルップル,Tarupple,Dratatin,Schlapfel,Appletun,Appletun,Appletun,단지래플,Danjiraepeul,豐蜜龍,丰蜜龙,Fēngmìlóng
843,Silicobra,スナヘビ,スナヘビ,Sunahebi,Dunaja,Salanga,Silicobra,Silicobra,Silicobra,모래뱀,Moraebaem,沙包蛇,沙包蛇,Shābāoshé
844,Sandaconda,サダイジャ,サダイジャ,Sadaija,Dunaconda,Sanaconda,Sandaconda,Sandaconda,Sandaconda,사다이사,Sadaisa,沙螺蟒,沙螺蟒,Shāluómǎng
845,Cramorant,ウッウ,ウッウ,Uu,Nigosier,Urgl,Cramorant,Cramorant,Cramorant,윽우지,Euguji,古月鳥,古月鸟,Gǔyuèniǎo
846,Arrokuda,サシカマス,サシカマス,Sasikamasu,Embrochet,Pikuda,Arrokuda,Arrokuda,Arrokuda,찌로꼬치,Jjirokkochi,刺梭魚,刺梭鱼,Cìsuōyú
847,Barraskewda,カマスジョー,カマスジョー,Kamasujaw,Hastacuda,Barrakiefa,Barraskewda,Barraskewda,Barraskewda,꼬치조,Kkochijo,戽斗尖梭,戽斗尖梭,Hùdǒujiānsuō
848,Toxel,エレズン,エレズン,Eleson,Toxizap,Toxel,Toxel,Toxel,Toxel,일레즌,Illejeun,毒電嬰,电音婴,Dúdiànyīng
849,Toxtricity,ストリンダー,ストリンダー,Strinder,Salarsen,Riffex,Toxtricity,Toxtricity,Toxtricity,스트린더,Seuteurindeo,顫弦蠑螈,颤弦蝾螈,Chànxiánróngyuán
850,Sizzlipede,ヤクデ,ヤクデ,Yakude,Grillepattes,Thermopod,Sizzlipede,Sizzlipede,Sizzlipede,태우지네,Tae-ujine,燒火蚣,烧火蚣,Shāohuǒgōng
851,Centiskorch,マルヤクデ,マルヤクデ,Maruyakude,Scolocendre,Infernopod,Centiskorch,Centiskorch,Centiskorch,다태우지네,Datae-ujine,焚焰蚣,焚焰蚣,Fényàngōng
852,Clobbopus,タタッコ,タタッコ,Tatakko,Poulpaf,Klopptopus,Clobbopus,Clobbopus,Clobbopus,때때무노,Ttaettaemuno,拳拳蛸,拳拳蛸,Quánquánxiāo
853,Grapploct,オトスパス,オトスパス,Otosupus,Krakos,Kaocto,Grapploct,Grapploct,Grapploct,케오퍼스,Ke-opeosu,八爪武師,八爪武师,Bāzhuǎwǔshī
854,Sinistea,ヤバチャ,ヤバチャ,Yabacha,Théffroi,Fatalitee,Sinistea,Sinistea,Sinistea,데인차,Deincha,來悲茶,来悲茶,Láibēichá
855,Polteageist,ポットデス,ポットデス,Potdeath,Polthégeist,Mortipot,Polteageist,Polteageist,Polteageist,포트데스,Poteudeseu,怖思壺,怖思壶,Bùsīhú
856,Hatenna,ミブリム,ミブリム,Mibrim,Bibichut,Brimova,Hatenna,Hatenna,Hatenna,몸지브림,Momjibeurim,迷布莉姆,迷布莉姆,Míbùlìmǔ
857,Hattrem,テブリム,テブリム,Tebrim,Chapotus,Brimano,Hattrem,Hattrem,Hattrem,손지브림,Sonjibeurim,提布莉姆,提布莉姆,Tíbùlìmǔ
858,Hatterene,ブリムオン,ブリムオン,Brimuon,Sorcilence,Silembrim,Hatterene,Hatterene,Hatterene,브리무음,Beurimueum,布莉姆溫,布莉姆温,Bùlìmǔwēn
859,Impidimp,ベロバー,ベロバー,Beroba,Grimalin,Bähmon,Impidimp,Impidimp,Impidimp,메롱꿍,Melongkkung,搗蛋小妖,捣蛋小妖,Dǎodànxiǎoyāo
860,Morgrem,ギモー,ギモー,Gimoh,Fourbelin,Pelzebub,Morgrem,Morgrem,Morgrem,쏘겨모,Ssogyeomo,詐唬魔,诈唬魔,Zhàhǔmó
861,Grimmsnarl,オーロンゲ,オーロンゲ,Ohlonge,Angoliath,Olangaar,Grimmsnarl,Grimmsnarl,Grimmsnarl,오롱털,Orongteol,長毛巨魔,长毛巨魔,Chángmáojùmó
862,Obstagoon,タチフサグマ,タチフサグマ,Tachifusaguma,Ixon,Barrikadax,Obstagoon,Obstagoon,Obstagoon,가로막구리,Garomakguri,堵攔熊,堵拦熊,Dǔlánxióng
863,Perrserker,ニャイキング,ニャイキング,Nyaiking,Berserkatt,Mauzinger,Perrserker,Perrserker,Perrserker,나이킹,Naiking,喵頭目,喵头目,Miāotóumù
864,Cursola,サニゴーン,サニゴーン,Sunigoon,Corayôme,Gorgasonn,Cursola,Cursola,Cursola,산호르곤,Sanhoreugon,魔靈珊瑚,魔灵珊瑚,Mólíngshānhú
865,Sirfetch’d,ネギガナイト,ネギガナイト,Negigaknight,Palarticho,Lauchzelot,Sirfetch’d,Sirfetch’d,Sirfetch’d,창파나이트,Changpanaiteu,蔥遊兵,葱游兵,Cōngyóubīng
866,Mr. Rime,バリコオル,バリコオル,Barrikohru,M. Glaquette,Pantifrost,Mr. Rime,Mr. Rime,Mr. Rime,마임꽁꽁,Maimkkongkkong,踏冰人偶,踏冰人偶,Tàbīngrén'ǒu
867,Runerigus,デスバーン,デスバーン,Deathbarn,Tutétékri,Oghnatoll,Runerigus,Runerigus,Runerigus,데스판,Deseupan,死神板,迭失板,Sǐshénbǎn
868,Milcery,マホミル,マホミル,Mahomil,Crèmy,Hokumil,Milcery,Milcery,Milcery,마빌크,Mabilkeu,小仙奶,小仙奶,Xiǎoxiānnǎi
869,Alcremie,マホイップ,マホイップ,Mawhip,Charmilly,Pokusan,Alcremie,Alcremie,Alcremie,마휘핑,Mahwiping,霜奶仙,霜奶仙,Shuāngnǎixiān
870,Falinks,タイレーツ,タイレーツ,Tairetsu,Hexadron,Legios,Falinks,Falinks,Falinks,대여르,Daeyeoreu,列陣兵,列阵兵,Lièzhènbīng
871,Pincurchin,バチンウニ,バチンウニ,Bachinuni,Wattapik,Britzigel,Pincurchin,Pincurchin,Pincurchin,찌르성게,Jjireuseongge,啪嚓海膽,啪嚓海胆,Pācāhǎidǎn
872,Snom,ユキハミ,ユキハミ,Yukihami,Frissonille,Snomnom,Snom,Snom,Snom,누니머기,Nunimeogi,雪吞蟲,雪吞虫,Xuětūnchóng
873,Frosmoth,モスノウ,モスノウ,Mothnow,Beldeneige,Mottineva,Frosmoth,Frosmoth,Frosmoth,모스노우,Moseunou,雪絨蛾,雪绒蛾,Xuěróng'é
874,Stonjourner,イシヘンジン,イシヘンジン,Ishihengin,Dolman,Humanolith,Stonjourner,Stonjourner,Stonjourner,돌헨진,Dolhenjin,巨石丁,巨石丁,Jùshídīng
875,Eiscue,コオリッポ,コオリッポ,Korippo,Bekaglaçon,Kubuin,Eiscue,Eiscue,Eiscue,빙큐보,Bingkyubo,冰砌鵝,冰砌鹅,Bīngqì'é
876,Indeedee,イエッサン,イエッサン,Yessan,Wimessir,Servol,Indeedee,Indeedee,Indeedee,에써르,Esseoreu,愛管侍,爱管侍,Àiguǎnshì
877,Morpeko,モルペコ,モルペコ,Morpeko,Morpeko,Morpeko,Morpeko,Morpeko,Morpeko,모르페코,Moreupeko,莫魯貝可,莫鲁贝可,Mòlǔbèikě
878,Cufant,ゾウドウ,ゾウドウ,Zoudou,Charibari,Kupfanti,Cufant,Cufant,Cufant,끼리동,Kkiridong,銅象,铜象,Tóngxiàng
879,Copperajah,ダイオウドウ,ダイオウドウ,Daioudou,Pachyradjah,Patinaraja,Copperajah,Copperajah,Copperajah,대왕끼리동,Daewangkkiridong,大王銅象,大王铜象,Dàwángtóngxiàng
880,Dracozolt,パッチラゴン,パッチラゴン,Patchiragon,Galvagon,Lectragon,Dracozolt,Dracozolt,Dracozolt,파치래곤,Pachiraegon,雷鳥龍,雷鸟龙,Léiniǎolóng
881,Arctozolt,パッチルドン,パッチルドン,Patchilldon,Galvagla,Lecryodon,Arctozolt,Arctozolt,Arctozolt,파치르돈,Pachireudon,雷鳥海獸,雷鸟海兽,Léiniǎohǎishòu
882,Dracovish,ウオノラゴン,ウオノラゴン,Uonoragon,Hydragon,Pescragon,Dracovish,Dracovish,Dracovish,어래곤,Eoraegon,鰓魚龍,鳃鱼龙,Sāiyúlóng
883,Arctovish,ウオチルドン,ウオチルドン,Uochilldon,Hydragla,Pescryodon,Arctovish,Arctovish,Arctovish,어치르돈,Eochireudon,鰓魚海獸,鳃鱼海兽,Sāiyúhǎishòu
884,Duraludon,ジュラルドン,ジュラルドン,Duraludon,Duralugon,Duraludon,Duraludon,Duraludon,Duraludon,두랄루돈,Duralludon,鋁鋼龍,铝钢龙,Lǚgānglóng
885,Dreepy,ドラメシヤ,ドラメシヤ,Dorameshiya,Fantyrm,Grolldra,Dreepy,Dreepy,Dreepy,드라꼰,Deurakkon,多龍梅西亞,多龙梅西亚,Duōlóngméixīyǎ
886,Drakloak,ドロンチ,ドロンチ,Doronch,Dispareptil,Phandra,Drakloak,Drakloak,Drakloak,드래런치,Deuraereonchi,多龍奇,多龙奇,Duōlóngqí
887,Dragapult,ドラパルト,ドラパルト,Dorapult,Lanssorien,Katapuldra,Dragapult,Dragapult,Dragapult,드래펄트,Deuraepeolteu,多龍巴魯托,多龙巴鲁托,Duōlóngbālǔtuō
888,Zacian,ザシアン,ザシアン,Zacian,Zacian,Zacian,Zacian,Zacian,Zacian,자시안,Jasian,蒼響,苍响,Cāngxiǎng
889,Zamazenta,ザマゼンタ,ザマゼンタ,Zamazenta,Zamazenta,Zamazenta,Zamazenta,Zamazenta,Zamazenta,자마젠타,Jamajenta,藏瑪然特,藏玛然特,Zàngmǎrántè
890,Eternatus,ムゲンダイナ,ムゲンダイナ,Mugendina,Éthernatos,Endynalos,Eternatus,Eternatus,Eternatus,무한다이노,Muhandaino,無極汰那,无极汰那,Wújítàinà
891,Kubfu,ダクマ,ダクマ,Dakuma,Wushours,Dakuma,Kubfu,Kubfu,Kubfu,치고마,Chigoma,熊徒弟,熊徒弟,Xióngtúdì
892,Urshifu,ウーラオス,ウーラオス,Wulaosu,Shifours,Wulaosu,Urshifu,Urshifu,Urshifu,우라오스,Uraoseu,武道熊師,武道熊师,Wǔdàoxióngshī
893,Zarude,ザルード,ザルード,Zarude,Zarude,Zarude,Zarude,Zarude,Zarude,자루도,Jarudo,薩戮德,萨戮德,Sàlùdé
894,Regieleki,レジエレキ,レジエレキ,Regieleki,Regieleki,Regieleki,Regieleki,Regieleki,Regieleki,레지에레키,Rejiereki,雷吉艾勒奇,雷吉艾勒奇,Léijí'àilèqí
895,Regidrago,レジドラゴ,レジドラゴ,Regidorago,Regidrago,Regidrago,Regidrago,Regidrago,Regidrago,레지드래고,Rejideuraego,雷吉鐸拉戈,雷吉铎拉戈,Léijíduólāgē
896,Glastrier,ブリザポス,ブリザポス,Blizzapos,Blizzeval,Polaross,Glastrier,Glastrier,Glastrier,블리자포스,Beullijaposeu,雪暴馬,雪暴马,Xuěbàomǎ
897,Spectrier,レイスポス,レイスポス,Wraithpos,Spectreval,Phantoross,Spectrier,Spectrier,Spectrier,레이스포스,Reiseuposeu,靈幽馬,灵幽马,Língyōumǎ
898,Calyrex,バドレックス,バドレックス,Budrex,Sylveroy,Coronospa,Calyrex,Calyrex,Calyrex,버드렉스,Beodeurekseu,蕾冠王,蕾冠王,Lěiguànwáng
899,Wyrdeer,アヤシシ,アヤシシ,Ayashishi,Cerbyllin,Damythir,Wyrdeer,Wyrdeer,Wyrdeer,신비록,Sinbirok,詭角鹿,诡角鹿,Guǐjiǎolù
900,Kleavor,バサギリ,バサギリ,Basagiri,Hachécateur,Axantor,Kleavor,Kleavor,Kleavor,사마자르,Samajareu,劈斧螳螂,劈斧螳螂,Pīfǔtángláng
901,Ursaluna,ガチグマ,ガチグマ,Gachiguma,Ursaking,Ursaluna,Ursaluna,Ursaluna,Ursaluna,다투곰,Datugom,月月熊,月月熊,Yuèyuèxióng
902,Basculegion,イダイトウ,イダイトウ,Idaitou,Paragruel,Salmagnis,Basculegion,Basculegion,Basculegion,대쓰여너,Daesseuyeoneo,幽尾玄魚,幽尾玄鱼,Yōuwěixuányú
903,Sneasler,オオニューラ,オオニューラ,Ohnyula,Farfurex,Snieboss,Sneasler,Sneasler,Sneasler,포푸니크,Popunikeu,大狃拉,大狃拉,Dàniǔlā
904,Overqwil,ハリーマン,ハリーマン,Haryman,Qwilpik,Myriador,Overqwil,Overqwil,Overqwil,장침바루,Jangchimbaru,萬針魚,万针鱼,Wànzhēnyú
905,Enamorus,ラブトロス,ラブトロス,Lovetolos,Amovénus,Cupidos,Enamorus,Enamorus,Enamorus,러브로스,Reobeuroseu,眷戀雲,眷恋云,Juànliànyún
906,Sprigatito,ニャオハ,ニャオハ,Nyahoja,Poussacha,Felori,Sprigatito,Sprigatito,Sprigatito,나오하,Naoha,新葉喵,新叶喵,Xīnyèmiāo
907,Floragato,ニャローテ,ニャローテ,Nyarote,Matourgeon,Feliospa,Floragato,Floragato,Floragato,나로테,Narote,蒂蕾喵,蒂蕾喵,Dìlěimiāo
908,Meowscarada,マスカーニャ,マスカーニャ,Masquernya,Miascarade,Maskagato,Meowscarada,Meowscarada,Meowscarada,마스카나,Maseukana,魔幻假面喵,魔幻假面喵,Móhuànjiǎmiànmiāo
909,Fuecoco,ホゲータ,ホゲータ,Hogator,Chochodile,Krokel,Fuecoco,Fuecoco,Fuecoco,뜨아거,Tteuageo,呆火鱷,呆火鳄,Dāihuǒ'è
910,Crocalor,アチゲータ,アチゲータ,Achigator,Crocogril,Lokroko,Crocalor,Crocalor,Crocalor,악뜨거,Eoktteugeo,炙燙鱷,炙烫鳄,Zhìtàng'è
911,Skeledirge,ラウドボーン,ラウドボーン,Laudbon,Flâmigator,Skelokrok,Skeledirge,Skeledirge,Skeledirge,라우드본,Raudeubon,骨紋巨聲鱷,骨纹巨声鳄,Gǔwénjùshēng'è
912,Quaxly,クワッス,クワッス,Kuwassu,Coiffeton,Kwaks,Quaxly,Quaxly,Quaxly,꾸왁스,Kkuwakseu,潤水鴨,润水鸭,Rùnshuǐyā
913,Quaxwell,ウェルカモ,ウェルカモ,Welkamo,Canarbello,Fuentente,Quaxwell,Quaxwell,Quaxwell,아꾸왁,Akkuwak,湧躍鴨,涌跃鸭,Yǒngyuèyā
914,Quaquaval,ウェーニバル,ウェーニバル,Wanival,Palmaval,Bailonda,Quaquaval,Quaquaval,Quaquaval,웨이니발,Weinibal,狂歡浪舞鴨,狂欢浪舞鸭,Kuánghuānlàngwǔyā
915,Lechonk,グルトン,グルトン,Gourton,Gourmelet,Ferkuli,Lechonk,Lechonk,Lechonk,맛보돈,Matbodon,愛吃豚,爱吃豚,Àichītún
916,Oinkologne,パフュートン,パフュートン,Perfuton,Fragroin,Fragrunz,Oinkologne,Oinkologne,Oinkologne,퍼퓨돈,Peopyudon,飄香豚,飘香豚,Piāoxiāngtún
917,Tarountula,タマンチュラ,タマンチュラ,Tamantula,Tissenboule,Tarundel,Tarountula,Tarountula,Tarountula,타랜툴라,Taraentulla,團珠蛛,团珠蛛,Tuánzhūzhū
918,Spidops,ワナイダー,ワナイダー,Wanaider,Filentrappe,Spinsidias,Spidops,Spidops,Spidops,트래피더,Teuraepideo,操陷蛛,操陷蛛,Cāoxiànzhū
919,Nymble,マメバッタ,マメバッタ,Mamebatta,Lilliterelle,Micrick,Nymble,Nymble,Nymble,콩알뚜기,Kongalttugi,豆蟋蟀,豆蟋蟀,Dòuxīshuài
920,Lokix,エクスレッグ,エクスレッグ,Exleg,Gambex,Lextremo,Lokix,Lokix,Lokix,엑스레그,Ekseuregeu,烈腿蝗,烈腿蝗,Liètuǐhuáng
921,Pawmi,パモ,パモ,Pamo,Pohm,Pamo,Pawmi,Pawmi,Pawmi,빠모,Ppamo,布撥,布拨,Bùbō
922,Pawmo,パモット,パモット,Pamot,Pohmotte,Pamamo,Pawmo,Pawmo,Pawmo,빠모트,Ppamoteu,布土撥,布土拨,Bùtǔbō
923,Pawmot,パーモット,パーモット,Parmot,Pohmarmotte,Pamomamo,Pawmot,Pawmot,Pawmot,빠르모트,Ppareumoteu,巴布土撥,巴布土拨,Bābùtǔbō
924,Tandemaus,ワッカネズミ,ワッカネズミ,Wakkanezumi,Compagnol,Zwieps,Tandemaus,Tandemaus,Tandemaus,두리쥐,Durijwi,一對鼠,一对鼠,Yīduìshǔ
925,Maushold,イッカネズミ,イッカネズミ,Ikkanezumi,Famignol,Famieps,Maushold,Maushold,Maushold,파밀리쥐,Pamilljwi,一家鼠,一家鼠,Yījiāshǔ
926,Fidough,パピモッチ,パピモッチ,Pupimocchi,Pâtachiot,Hefel,Fidough,Fidough,Fidough,쫀도기,Jjondogi,狗仔包,狗仔包,Gǒuzǎibāo
927,Dachsbun,バウッツェル,バウッツェル,Bowtzel,Briochien,Backel,Dachsbun,Dachsbun,Dachsbun,바우첼,Bauchel,麻花犬,麻花犬,Máhuāquǎn
928,Smoliv,ミニーブ,ミニーブ,Minive,Olivini,Olini,Smoliv,Smoliv,Smoliv,미니브,Minibeu,迷你芙,迷你芙,Mínǐfú
929,Dolliv,オリーニョ,オリーニョ,Olinyo,Olivado,Olivinio,Dolliv,Dolliv,Dolliv,올리뇨,Ollinyo,奧利紐,奥利纽,Àolìniǔ
930,Arboliva,オリーヴァ,オリーヴァ,Oliva,Arboliva,Olithena,Arboliva,Arboliva,Arboliva,올리르바,Ollireuba,奧利瓦,奥利瓦,Àolìwǎ
931,Squawkabilly,イキリンコ,イキリンコ,Ikirinko,Tapatoès,Krawalloro,Squawkabilly,Squawkabilly,Squawkabilly,시비꼬,Sibikko,怒鸚哥,怒鹦哥,Nùyīnggē
932,Nacli,コジオ,コジオ,Kojio,Selutin,Geosali,Nacli,Nacli,Nacli,베베솔트,Bebesolteu,鹽石寶,盐石宝,Yánshíbǎo
933,Naclstack,ジオヅム,ジオヅム,Jiodumu,Amassel,Sedisal,Naclstack,Naclstack,Naclstack,스태솔트,Seutaesolteu,鹽石壘,盐石垒,Yánshílěi
934,Garganacl,キョジオーン,キョジオーン,Kyojiohn,Gigansel,Saltigant,Garganacl,Garganacl,Garganacl,콜로솔트,Kollosolteu,鹽石巨靈,盐石巨灵,Yánshíjùlíng
935,Charcadet,カルボウ,カルボウ,Carbou,Charbambin,Knarbon,Charcadet,Charcadet,Charcadet,카르본,Kareubon,炭小侍,炭小侍,Tànxiǎoshì
936,Armarouge,グレンアルマ,グレンアルマ,Gurenarma,Carmadura,Crimanzo,Armarouge,Armarouge,Armarouge,카디나르마,Kadinareuma,紅蓮鎧騎,红莲铠骑,Hóngliánkǎiqí
937,Ceruledge,ソウブレイズ,ソウブレイズ,Soublades,Malvalame,Azugladis,Ceruledge,Ceruledge,Ceruledge,파라블레이즈,Parabeulleijeu,蒼炎刃鬼,苍炎刃鬼,Cāngyánrènguǐ
938,Tadbulb,ズピカ,ズピカ,Zupika,Têtampoule,Blipp,Tadbulb,Tadbulb,Tadbulb,빈나두,Binnadu,光蚪仔,光蚪仔,Guāngdǒuzǎi
939,Bellibolt,ハラバリー,ハラバリー,Harabarie,Ampibidou,Wampitz,Bellibolt,Bellibolt,Bellibolt,찌리배리,Jjiribaeri,電肚蛙,电肚蛙,Diàndùwā
940,Wattrel,カイデン,カイデン,Kaiden,Zapétrel,Voltrel,Wattrel,Wattrel,Wattrel,찌리비,Jjiribi,電海燕,电海燕,Diànhǎiyàn
941,Kilowattrel,タイカイデン,タイカイデン,Taikaiden,Fulgulairo,Voltrean,Kilowattrel,Kilowattrel,Kilowattrel,찌리비크,Jjiribikeu,大電海燕,大电海燕,Dàdiànhǎiyàn
942,Maschiff,オラチフ,オラチフ,Orachifu,Grondogue,Mobtiff,Maschiff,Maschiff,Maschiff,오라티프,Oratipeu,偶叫獒,偶叫獒,Ǒujiào'áo
943,Mabosstiff,マフィティフ,マフィティフ,Mafitiff,Dogrino,Mastifioso,Mabosstiff,Mabosstiff,Mabosstiff,마피티프,Mapitipeu,獒教父,獒教父,Áojiàofù
944,Shroodle,シルシュルー,シルシュルー,Shirushrew,Gribouraigne,Sproxi,Shroodle,Shroodle,Shroodle,땃쭈르,Ttatjjureu,滋汁鼴,滋汁鼹,Zīzhīyǎn
945,Grafaiai,タギングル,タギングル,Taggingru,Tag-Tag,Affiti,Grafaiai,Grafaiai,Grafaiai,태깅구르,Taeginggureu,塗標客,涂标客,Túbiāokè
946,Bramblin,アノクサ,アノクサ,Anokusa,Virovent,Weherba,Bramblin,Bramblin,Bramblin,그푸리,Geupuri,納噬草,纳噬草,Nàshìcǎo
947,Brambleghast,アノホラグサ,アノホラグサ,Anohoragusa,Virevorreur,Horrerba,Brambleghast,Brambleghast,Brambleghast,공푸리,Gongpuri,怖納噬草,怖纳噬草,Bùnàshìcǎo
948,Toedscool,ノノクラゲ,ノノクラゲ,Nonokurage,Terracool,Tentagra,Toedscool,Toedscool,Toedscool,들눈해,Deulnunhae,原野水母,原野水母,Yuányěshuǐmǔ
949,Toedscruel,リククラゲ,リククラゲ,Rikukurage,Terracruel,Tenterra,Toedscruel,Toedscruel,Toedscruel,육파리,Yukpari,陸地水母,陆地水母,Lùdìshuǐmǔ
950,Klawf,ガケガニ,ガケガニ,Gakegani,Craparoi,Klibbe,Klawf,Klawf,Klawf,절벼게,Jeolbyeoge,毛崖蟹,毛崖蟹,Máoyáixiè
951,Capsakid,カプサイジ,カプサイジ,Capsaiji,Pimito,Chilingel,Capsakid,Capsakid,Capsakid,캡싸이,Kaepssai,熱辣娃,热辣娃,Rèlàwá
952,Scovillain,スコヴィラン,スコヴィラン,Scovillain,Scovilain,Halupenjo,Scovillain,Scovillain,Scovillain,스코빌런,Seukobilleon,狠辣椒,狠辣椒,Hěnlàjiāo
953,Rellor,シガロコ,シガロコ,Shigaroko,Léboulérou,Relluk,Rellor,Rellor,Rellor,구르데,Gureude,蟲滾泥,虫滚泥,Chónggǔnní
954,Rabsca,ベラカス,ベラカス,Beracas,Bérasca,Skarabaks,Rabsca,Rabsca,Rabsca,베라카스,Berakaseu,蟲甲聖,虫甲圣,Chóngjiǎshèng
955,Flittle,ヒラヒナ,ヒラヒナ,Hirahina,Flotillon,Flattutu,Flittle,Flittle,Flittle,하느라기,Haneuragi,飄飄雛,飘飘雏,Piāopiāochú
956,Espathra,クエスパトラ,クエスパトラ,Cuespatra,Cléopsytra,Psiopatra,Espathra,Espathra,Espathra,클레스퍼트라,Keulleseupeoteura,超能豔鴕,超能艳鸵,Chāonéngyàntuó
957,Tinkatink,カヌチャン,カヌチャン,Kanuchan,Forgerette,Forgita,Tinkatink,Tinkatink,Tinkatink,어리짱,Eorijjang,小鍛匠,小锻匠,Xiǎoduànjiàng
958,Tinkatuff,ナカヌチャン,ナカヌチャン,Nakanuchan,Forgella,Tafforgita,Tinkatuff,Tinkatuff,Tinkatuff,벼리짱,Byeorijjang,巧鍛匠,巧锻匠,Qiǎoduànjiàng
959,Tinkaton,デカヌチャン,デカヌチャン,Dekanuchan,Forgelina,Granforgita,Tinkaton,Tinkaton,Tinkaton,두드리짱,Dudeurijjang,巨鍛匠,巨锻匠,Jùduànjiàng
960,Wiglett,ウミディグダ,ウミディグダ,Umidigda,Taupikeau,Schligda,Wiglett,Wiglett,Wiglett,바다그다,Badageuda,海地鼠,海地鼠,Hǎidìshǔ
961,Wugtrio,ウミトリオ,ウミトリオ,Umitrio,Triopikeau,Schligdri,Wugtrio,Wugtrio,Wugtrio,바닥트리오,Badakteurio,三海地鼠,三海地鼠,Sānhǎidìshǔ
962,Bombirdier,オトシドリ,オトシドリ,Otoshidori,Lestombaile,Adebom,Bombirdier,Bombirdier,Bombirdier,떨구새,Tteolgusae,下石鳥,下石鸟,Xiàshíniǎo
963,Finizen,ナミイルカ,ナミイルカ,Namiiruka,Dofin,Normifin,Finizen,Finizen,Finizen,맨돌핀,Maendolpin,波普海豚,波普海豚,Bōpǔhǎitún
964,Palafin,イルカマン,イルカマン,Irukaman,Superdofin,Delfinator,Palafin,Palafin,Palafin,돌핀맨,Dolpinmaen,海豚俠,海豚侠,Hǎitúnxiá
965,Varoom,ブロロン,ブロロン,Buroron,Vrombi,Knattox,Varoom,Varoom,Varoom,부르롱,Bureurong,噗隆隆,噗隆隆,Pūlónglóng
966,Revavroom,ブロロローム,ブロロローム,Burororoom,Vrombotor,Knattatox,Revavroom,Revavroom,Revavroom,부르르룸,Bureureurum,普隆隆姆,普隆隆姆,Pǔlónglóngmǔ
967,Cyclizar,モトトカゲ,モトトカゲ,Mototokage,Motorizard,Mopex,Cyclizar,Cyclizar,Cyclizar,모토마,Motoma,摩托蜥,摩托蜥,Mótuōxī
968,Orthworm,ミミズズ,ミミズズ,Mimizuzu,Ferdeter,Schlurm,Orthworm,Orthworm,Orthworm,꿈트렁,KKumteureong,拖拖蚓,拖拖蚓,Tuōtuōyǐn
969,Glimmet,キラーメ,キラーメ,Kirame,Germéclat,Lumispross,Glimmet,Glimmet,Glimmet,초롱순,Chorongsun,晶光芽,晶光芽,Jīngguāngyá
970,Glimmora,キラフロル,キラフロル,Kiraflor,Floréclat,Lumiflora,Glimmora,Glimmora,Glimmora,킬라플로르,Killapeulloreu,晶光花,晶光花,Jīngguānghuā
971,Greavard,ボチ,ボチ,Bochi,Toutombe,Gruff,Greavard,Greavard,Greavard,망망이,Mangmangi,墓仔狗,墓仔狗,Mùzǎigǒu
972,Houndstone,ハカドッグ,ハカドッグ,Hakadog,Tomberro,Friedwuff,Houndstone,Houndstone,Houndstone,묘두기,Myodugi,墓揚犬,墓扬犬,Mùyángquǎn
973,Flamigo,カラミンゴ,カラミンゴ,Karamingo,Flamenroule,Flaminkno,Flamigo,Flamigo,Flamigo,꼬이밍고,Kkoiminggo,纏紅鶴,缠红鹤,Chánhónghè
974,Cetoddle,アルクジラ,アルクジラ,Arukujira,Piétacé,Flaniwal,Cetoddle,Cetoddle,Cetoddle,터벅고래,Teobeokgorae,走鯨,走鲸,Zǒujīng
975,Cetitan,ハルクジラ,ハルクジラ,Hulkujira,Balbalèze,Kolowal,Cetitan,Cetitan,Cetitan,우락고래,Urakgorae,浩大鯨,浩大鲸,Hàodàjīng
976,Veluza,ミガルーサ,ミガルーサ,Migalusa,Délestin,Agiluza,Veluza,Veluza,Veluza,가비루사,Gabirusa,輕身鱈,轻身鳕,Qīngshēnxuě
977,Dondozo,ヘイラッシャ,ヘイラッシャ,Heyrusher,Oyacata,Heerashai,Dondozo,Dondozo,Dondozo,어써러셔,Eosseoreosyeo,吃吼霸,吃吼霸,Chīhǒubà
978,Tatsugiri,シャリタツ,シャリタツ,Syaritatsu,Nigirigon,Nigiragi,Tatsugiri,Tatsugiri,Tatsugiri,싸리용,Ssariyong,米立龍,米立龙,Mǐlìlóng
979,Annihilape,コノヨザル,コノヨザル,Konoyozaru,Courrousinge,Epitaff,Annihilape,Annihilape,Annihilape,저승갓숭,Jeoseunggatsung,棄世猴,弃世猴,Qìshìhóu
980,Clodsire,ドオー,ドオー,Dooh,Terraiste,Suelord,Clodsire,Clodsire,Clodsire,토오,Too,土王,土王,Tǔwáng
981,Farigiraf,リキキリン,リキキリン,Rikikirin,Farigiraf,Farigiraf,Farigiraf,Farigiraf,Farigiraf,키키링,Kikiring,奇麒麟,奇麒麟,Qíqílín
982,Dudunsparce,ノココッチ,ノココッチ,Nokokocchi,Deusolourdo,Dummimisel,Dudunsparce,Dudunsparce,Dudunsparce,노고고치,Nogogochi,土龍節節,土龙节节,Tǔlóngjiéjié
983,Kingambit,ドドゲザン,ドドゲザン,Dodogezan,Scalpereur,Gladimperio,Kingambit,Kingambit,Kingambit,대도각참,Daedogakcham,仆斬將軍,仆刀将军,Pūzhǎnjiāngjūn
984,Great Tusk,イダイナキバ,イダイナキバ,Idainakiba,Fort-Ivoire,Riesenzahn,Colmilargo,Colmilargo,Grandizanne,위대한엄니,Widaehaneomni,雄偉牙,雄伟牙,Xióngwěiyá
985,Scream Tail,サケブシッポ,サケブシッポ,Sakebushippo,Hurle-Queue,Brüllschweif,Colagrito,Colagrito,Codaurlante,우렁찬꼬리,Ureongchankkori,吼叫尾,吼叫尾,Hǒujiàowěi
986,Brute Bonnet,アラブルタケ,アラブルタケ,Araburutake,Fongus-Furie,Wutpilz,Furioseta,Furioseta,Fungofurioso,사나운버섯,Sanaunbeoseot,猛惡菇,猛恶菇,Měng'ègū
987,Flutter Mane,ハバタクカミ,ハバタクカミ,Habatakukami,Flotte-Mèche,Flatterhaar,Melenaleteo,Melenaleteo,Crinealato,날개치는머리,Nalgaechineunmeori,振翼髮,振翼发,Zhènyìfă
988,Slither Wing,チヲハウハネ,チヲハウハネ,Chiwohauhane,Rampe-Ailes,Kriechflügel,Reptalada,Reptalada,Alirasenti,땅을기는날개,Ttangeulgineunnalgae,爬地翅,爬地翅,Pádìchì
989,Sandy Shocks,スナノケガワ,スナノケガワ,Sunanokegawa,Pelage-Sablé,Sandfell,Pelarena,Pelarena,Peldisabbia,모래털가죽,Moraeteolgajuk,沙鐵皮,沙铁皮,Shātiěpí
990,Iron Treads,テツノワダチ,テツノワダチ,Tetsunowadachi,Roue-de-Fer,Eisenrad,Ferrodada,Ferrodada,Solcoferreo,무쇠바퀴,Musoebakwi,鐵轍跡,铁辙迹,Tiězhéjī
991,Iron Bundle,テツノツツミ,テツノツツミ,Tetsunotsutsumi,Hotte-de-Fer,Eisenbündel,Ferrosaco,Ferrosaco,Saccoferreo,무쇠보따리,Musoebottari,鐵包袱,铁包袱,Tiěbāofú
992,Iron Hands,テツノカイナ,テツノカイナ,Tetsunokaina,Paume-de-Fer,Eisenhand,Ferropalmas,Ferropalmas,Manoferrea,무쇠손,Musoeson,鐵臂膀,铁臂膀,Tiěbìbǎng
993,Iron Jugulis,テツノコウベ,テツノコウベ,Tetsunokoube,Têtes-de-Fer,Eisenhals,Ferrocuello,Ferrocuello,Colloferreo,무쇠머리,Musoemeori,鐵脖頸,铁脖颈,Tiěbógěng
994,Iron Moth,テツノドクガ,テツノドクガ,Tetsunodokuga,Mite-de-Fer,Eisenfalter,Ferropolilla,Ferropolilla,Falenaferrea,무쇠독나방,Musoedongnabang,鐵毒蛾,铁毒蛾,Tiědú'é
995,Iron Thorns,テツノイバラ,テツノイバラ,Tetsunoibara,Épine-de-Fer,Eisendorn,Ferropúas,Ferropúas,Spineferree,무쇠가시,Musoegasi,鐵荊棘,铁荆棘,Tiějīngjí
996,Frigibax,セビエ,セビエ,Sebie,Frigodo,Frospino,Frigibax,Frigibax,Frigibax,드니차,Deunicha,涼脊龍,凉脊龙,Liángjílóng
997,Arctibax,セゴール,セゴール,Segohru,Cryodo,Cryospino,Arctibax,Arctibax,Arctibax,드니꽁,Deunikkong,凍脊龍,冻脊龙,Dòngjílóng
998,Baxcalibur,セグレイブ,セグレイブ,Seglaive,Glaivodo,Espinodon,Baxcalibur,Baxcalibur,Baxcalibur,드닐레이브,Deunilleibeu,戟脊龍,戟脊龙,Jǐjílóng
999,Gimmighoul,コレクレー,コレクレー,Collecurei,Mordudor,Gierspenst,Gimmighoul,Gimmighoul,Gimmighoul,모으령,Moeuryeong,索財靈,索财灵,Suǒcáilíng
1000,Gholdengo,サーフゴー,サーフゴー,Surfugo,Gromago,Monetigo,Gholdengo,Gholdengo,Gholdengo,타부자고,Tabujago,賽富豪,赛富豪,Sàifùháo
1001,Wo-Chien,チオンジェン,チオンジェン,Chionjen,Chongjian,Chongjian,Wo-Chien,Wo-Chien,Wo-Chien,총지엔,Chongjien,古簡蝸,古简蜗,Gǔjiǎnguā
1002,Chien-Pao,パオジアン,パオジアン,Paojian,Baojian,Baojian,Chien-Pao,Chien-Pao,Chien-Pao,파오젠,Paojen,古劍豹,古剑豹,Gǔjiànbào
1003,Ting-Lu,ディンルー,ディンルー,Dinlu,Dinglu,Dinglu,Ting-Lu,Ting-Lu,Ting-Lu,딩루,Dingru,古鼎鹿,古鼎鹿,Gǔdǐnglù
1004,Chi-Yu,イーユイ,イーユイ,Yiyui,Yuyu,Yuyu,Chi-Yu,Chi-Yu,Chi-Yu,위유이,Wiyui,古玉魚,古玉鱼,Gǔyùyú
1005,Roaring Moon,トドロクツキ,トドロクツキ,Todorokutsuki,Rugit-Lune,Donnersichel,Bramaluna,Bramaluna,Lunaruggente,고동치는달,Godonhchineundal,轟鳴月,轰鸣月,Hōngmíngyuè
1006,Iron Valiant,テツノブジン,テツノブジン,Tetsunobujin,Garde-de-Fer,Eisenkrieger,Ferropaladín,Ferropaladín,Eroeferreo,무쇠무인,Musoemuin,鐵武者,铁武者,Tiěwǔzhě
1007,Koraidon,コライドン,コライドン,Koraidon,Koraidon,Koraidon,Koraidon,Koraidon,Koraidon,코라이돈,Koraidon,故勒頓,故勒顿,Gùlèdùn
1008,Miraidon,ミライドン,ミライドン,Miraidon,Miraidon,Miraidon,Miraidon,Miraidon,Miraidon,미라이돈,Miraidon,密勒頓,密勒顿,Mìlèdùn
1009,Walking Wake,ウネルミナモ,ウネルミナモ,Uneruminamo,Serpente-Eau,Windewoge,Ondulagua,Ondulagua,Acquecrespe,굽이치는물결,Gubichineunmulgyeol,波盪水,波荡水,Bōdàngshuǐ
1010,Iron Leaves,テツノイサハ,テツノイサハ,Tetsunoisaha,Vert-de-Fer,Eisenblatt,Ferroverdor,Ferroverdor,Fogliaferrea,무쇠잎새,Musoeipsae,鐵斑葉,铁斑叶,Tiěbānyè
1011,Dipplin,カミッチュ,カミッチュ,Kamicchu,Pomdramour,Sirapfel,Dipplin,Dipplin,Dipplin,과미르,Gwamireu,裹蜜蟲,裹蜜虫,Guǒmìchóng
1012,Poltchageist,チャデス,チャデス,Chadeath,Poltchageist,Mortcha,Poltchageist,Poltchageist,Poltchageist,차데스,Chadeseu,斯魔茶,斯魔茶,Sīmōchàh
1013,Sinistcha,ヤバソチャ,ヤバソチャ,Yabasocha,Théffroyable,Fatalitcha,Sinistcha,Sinistcha,Sinistcha,그우린차,Geuurincha,來悲粗茶,来悲粗茶,Láibēicūchá
1014,Okidogi,イイネイヌ,イイネイヌ,Iineinu,Félicanis,Boninu,Okidogi,Okidogi,Okidogi,조타구,Jotagu,夠讚狗,够赞狗,Gòuzàngǒu
1015,Munkidori,マシマシラ,マシマシラ,Mashimashira,Fortusimia,Benesaru,Munkidori,Munkidori,Munkidori,이야후,Iyahu,願增猿,愿增猿,Yuànzēngyuán
1016,Fezandipiti,キチキギス,キチキギス,Kichikigisu,Favianos,Beatori,Fezandipiti,Fezandipiti,Fezandipiti,기로치,Girochi,吉雉雞,吉雉鸡,Jízhìjī
1017,Ogerpon,オーガポン,オーガポン,Ogerpon,Ogerpon,Ogerpon,Ogerpon,Ogerpon,Ogerpon,오거폰,Ogeopon,厄鬼椪,厄诡椪,Èguǐpèng
1018,Archaludon,ブリジュラス,ブリジュラス,Briduras,Pondralugon,Briduradon,Archaludon,Archaludon,Archaludon,브리두라스,Beuriduraseu,鋁鋼橋龍,铝钢桥龙,Lǚgāngqiáolóng
1019,Hydrapple,カミツオロチ,カミツオロチ,Kamitsuorochi,Pomdorochi,Hydrapfel,Hydrapple,Hydrapple,Hydrapple,과미드라,Gwamideura,蜜集大蛇,蜜集大蛇,Mìjídàshé
1020,Gouging Fire,ウガツホムラ,ウガツホムラ,Ugatsuhomura,Feu-Perçant,Keilflamme,Flamariete,Flamariete,Vampeaguzze,꿰뚫는화염,Kkwettulleunhwayeom,破空焰,破空焰,Pòkōngyàn
1021,Raging Bolt,タケルライコ,タケルライコ,Takeruraiko,Ire-Foudre,Furienblitz,Electrofuria,Electrofuria,Furiatonante,날뛰는우레,Nalttwineun-ure,猛雷鼓,猛雷鼓,Měngléigǔ
1022,Iron Boulder,テツノイワオ,テツノイワオ,Tetsunoiwao,Roc-de-Fer,Eisenfels,Ferromole,Ferromole,Massoferreo,무쇠암석,Musoeamseok,鐵磐岩,铁磐岩,Tiěpányán
1023,Iron Crown,テツノカシラ,テツノカシラ,Tetsunokashira,Chef-de-Fer,Eisenhaupt,Ferrotesta,Ferrotesta,Capoferreo,무쇠감투,Musoegamtu,鐵頭殼,铁头壳,Tiětóuké
1024,Terapagos,テラパゴス,テラパゴス,Terapagos,Terapagos,Terapagos,Terapagos,Terapagos,Terapagos,테라파고스,Terapagoseu,太樂巴戈斯,太乐巴戈斯,Tàilèbāgēsī
1025,Pecharunt,モモワロウ,モモワロウ,Momowarou,Pêchaminus,Infamomo,Pecharunt,Pecharunt,Pecharunt,복숭악동,Boksung-akdong,桃歹郎,桃歹郎,Táodǎiláng
