key,column,pokeapi,pokedb,chosen
breakneck-blitz/sun-moon/ja-hrkt,flavor_text(z-split),"Ｚパワーで　いきおいを　つけて
ぜんりょくで　あいてに　ぶつかる。
もとになった　わざで　いりょくが　かわる。",ダミーデータ,"Ｚパワーで　いきおいを　つけて
ぜんりょくで　あいてに　ぶつかる。
もとになった　わざで　いりょくが　かわる。"
breakneck-blitz/sun-moon/ko,flavor_text(z-split),"Z파워로 기세를 몰아
전력으로 상대에게 부딪친다.
원래 기술에 따라 위력이 변한다.",Dummy Data,"Z파워로 기세를 몰아
전력으로 상대에게 부딪친다.
원래 기술에 따라 위력이 변한다."
breakneck-blitz/sun-moon/zh-hant,flavor_text(z-split),"透過Ｚ力量氣勢猛烈地
全力撞擊對手。
威力會隨原本的招式而改變。",ダミーデータ,"透過Ｚ力量氣勢猛烈地
全力撞擊對手。
威力會隨原本的招式而改變。"
breakneck-blitz/sun-moon/fr,flavor_text(z-split),"Le Pokémon utilise la Force Z pour s’élancer à toute
vitesse sur l’adversaire. La puissance varie selon
celle de la capacité originale.",Dummy,"Le Pokémon utilise la Force Z pour s’élancer à toute
vitesse sur l’adversaire. La puissance varie selon
celle de la capacité originale."
breakneck-blitz/sun-moon/de,flavor_text(z-split),"Der durch Z-Kraft energiegeladene Anwender rennt
mit ganzer Kraft gegen das Ziel. Die Stärke variiert
je nach zugrunde liegender Attacke.",Dummy data,"Der durch Z-Kraft energiegeladene Anwender rennt
mit ganzer Kraft gegen das Ziel. Die Stärke variiert
je nach zugrunde liegender Attacke."
breakneck-blitz/sun-moon/es,flavor_text(z-split),"El usuario emplea el Poder Z para coger carrerilla y
arremeter contra el objetivo con gran fuerza. Su
potencia depende de la del movimiento original.",Dummy data,"El usuario emplea el Poder Z para coger carrerilla y
arremeter contra el objetivo con gran fuerza. Su
potencia depende de la del movimiento original."
breakneck-blitz/sun-moon/it,flavor_text(z-split),"Grazie al Potere Z, chi la usa accumula energia e si
lancia a tutta forza contro il bersaglio. La potenza
varia a seconda della mossa su cui si basa.",Dummy Data,"Grazie al Potere Z, chi la usa accumula energia e si
lancia a tutta forza contro il bersaglio. La potenza
varia a seconda della mossa su cui si basa."
breakneck-blitz/sun-moon/en,flavor_text(z-split),"The user builds up its momentum using its Z-Power
and crashes into the target at full speed. The power
varies, depending on the original move.",Dummy Data,"The user builds up its momentum using its Z-Power
and crashes into the target at full speed. The power
varies, depending on the original move."
breakneck-blitz/sun-moon/ja,flavor_text(z-split),"Ｚパワーで　勢いを　つけて
全力で　相手に　ぶつかる。
元になった　技で　威力が　変わる。",ダミーデータ,"Ｚパワーで　勢いを　つけて
全力で　相手に　ぶつかる。
元になった　技で　威力が　変わる。"
breakneck-blitz/sun-moon/zh-hans,flavor_text(z-split),"通过Ｚ力量气势猛烈地
全力撞上对手。
威力会根据原来的招式而改变。",ダミーデータ,"通过Ｚ力量气势猛烈地
全力撞上对手。
威力会根据原来的招式而改变。"
breakneck-blitz/sun-moon/es-419,flavor_text(z-split),"El usuario emplea el Poder Z para coger carrerilla y
arremeter contra el objetivo con gran fuerza. Su
potencia depende de la del movimiento original.",Dummy data,"El usuario emplea el Poder Z para coger carrerilla y
arremeter contra el objetivo con gran fuerza. Su
potencia depende de la del movimiento original."
breakneck-blitz/ultra-sun-ultra-moon/ja-hrkt,flavor_text(z-split),"Ｚパワーで　いきおいを　つけて
ぜんりょくで　あいてに　ぶつかる。
もとになった　わざで　いりょくが　かわる。",ダミーデータ,"Ｚパワーで　いきおいを　つけて
ぜんりょくで　あいてに　ぶつかる。
もとになった　わざで　いりょくが　かわる。"
breakneck-blitz/ultra-sun-ultra-moon/ko,flavor_text(z-split),"Z파워로 기세를 몰아
전력으로 상대에게 부딪친다.
원래 기술에 따라 위력이 변한다.",Dummy Data,"Z파워로 기세를 몰아
전력으로 상대에게 부딪친다.
원래 기술에 따라 위력이 변한다."
breakneck-blitz/ultra-sun-ultra-moon/zh-hant,flavor_text(z-split),"透過Ｚ力量氣勢猛烈地
全力撞擊對手。
威力會隨原本的招式而改變。",ダミーデータ,"透過Ｚ力量氣勢猛烈地
全力撞擊對手。
威力會隨原本的招式而改變。"
breakneck-blitz/ultra-sun-ultra-moon/fr,flavor_text(z-split),"Le Pokémon utilise la Force Z pour s’élancer à toute
vitesse sur l’adversaire. La puissance varie selon
celle de la capacité originale.",Dummy,"Le Pokémon utilise la Force Z pour s’élancer à toute
vitesse sur l’adversaire. La puissance varie selon
celle de la capacité originale."
breakneck-blitz/ultra-sun-ultra-moon/de,flavor_text(z-split),"Der durch Z-Kraft energiegeladene Anwender rennt
mit ganzer Kraft gegen das Ziel. Die Stärke variiert
je nach zugrunde liegender Attacke.",Dummy data,"Der durch Z-Kraft energiegeladene Anwender rennt
mit ganzer Kraft gegen das Ziel. Die Stärke variiert
je nach zugrunde liegender Attacke."
breakneck-blitz/ultra-sun-ultra-moon/es,flavor_text(z-split),"El usuario emplea el Poder Z para coger carrerilla y
arremeter contra el objetivo con gran fuerza. Su
potencia depende de la del movimiento original.",Dummy data,"El usuario emplea el Poder Z para coger carrerilla y
arremeter contra el objetivo con gran fuerza. Su
potencia depende de la del movimiento original."
breakneck-blitz/ultra-sun-ultra-moon/it,flavor_text(z-split),"Grazie al Potere Z, chi la usa accumula energia e si
lancia a tutta forza contro il bersaglio. La potenza
varia a seconda della mossa su cui si basa.",Dummy Data,"Grazie al Potere Z, chi la usa accumula energia e si
lancia a tutta forza contro il bersaglio. La potenza
varia a seconda della mossa su cui si basa."
breakneck-blitz/ultra-sun-ultra-moon/en,flavor_text(z-split),"The user builds up its momentum using its Z-Power
and crashes into the target at full speed. The power
varies, depending on the original move.",Dummy Data,"The user builds up its momentum using its Z-Power
and crashes into the target at full speed. The power
varies, depending on the original move."
breakneck-blitz/ultra-sun-ultra-moon/ja,flavor_text(z-split),"Ｚパワーで　勢いを　つけて
全力で　相手に　ぶつかる。
元になった　技で　威力が　変わる。",ダミーデータ,"Ｚパワーで　勢いを　つけて
全力で　相手に　ぶつかる。
元になった　技で　威力が　変わる。"
breakneck-blitz/ultra-sun-ultra-moon/zh-hans,flavor_text(z-split),"通过Ｚ力量气势猛烈地
全力撞上对手。
威力会根据原来的招式而改变。",ダミーデータ,"通过Ｚ力量气势猛烈地
全力撞上对手。
威力会根据原来的招式而改变。"
breakneck-blitz/ultra-sun-ultra-moon/es-419,flavor_text(z-split),"El usuario emplea el Poder Z para coger carrerilla y
arremeter contra el objetivo con gran fuerza. Su
potencia depende de la del movimiento original.",Dummy data,"El usuario emplea el Poder Z para coger carrerilla y
arremeter contra el objetivo con gran fuerza. Su
potencia depende de la del movimiento original."
breakneck-blitz/lets-go-pikachu-lets-go-eevee/ja-hrkt,flavor_text(z-split),"Ｚパワーで　いきおいを　つけて
ぜんりょくで　あいてに　ぶつかる。
もとになった　わざで　いりょくが　かわる。",ダミーデータ,"Ｚパワーで　いきおいを　つけて
ぜんりょくで　あいてに　ぶつかる。
もとになった　わざで　いりょくが　かわる。"
breakneck-blitz/lets-go-pikachu-lets-go-eevee/ko,flavor_text(z-split),"Z파워로 기세를 몰아
전력으로 상대에게 부딪친다.
원래 기술에 따라 위력이 변한다.",Dummy Data,"Z파워로 기세를 몰아
전력으로 상대에게 부딪친다.
원래 기술에 따라 위력이 변한다."
breakneck-blitz/lets-go-pikachu-lets-go-eevee/zh-hant,flavor_text(z-split),"透過Ｚ力量氣勢猛烈地
全力撞擊對手。
威力會隨原本的招式而改變。",ダミーデータ,"透過Ｚ力量氣勢猛烈地
全力撞擊對手。
威力會隨原本的招式而改變。"
breakneck-blitz/lets-go-pikachu-lets-go-eevee/fr,flavor_text(z-split),"Le Pokémon utilise la Force Z pour s’élancer
à toute vitesse sur l’adversaire. La puissance
varie selon celle de la capacité originale.",Dummy,"Le Pokémon utilise la Force Z pour s’élancer
à toute vitesse sur l’adversaire. La puissance
varie selon celle de la capacité originale."
breakneck-blitz/lets-go-pikachu-lets-go-eevee/de,flavor_text(z-split),"Der durch Z-Kraft energiegeladene Anwender rennt
mit ganzer Kraft gegen das Ziel. Die Stärke variiert
je nach zugrunde liegender Attacke.",Dummy data,"Der durch Z-Kraft energiegeladene Anwender rennt
mit ganzer Kraft gegen das Ziel. Die Stärke variiert
je nach zugrunde liegender Attacke."
breakneck-blitz/lets-go-pikachu-lets-go-eevee/es,flavor_text(z-split),"El usuario emplea el Poder Z para coger carrerilla y
arremeter contra el objetivo con gran fuerza. Su
potencia depende de la del movimiento original.",Dummy data,"El usuario emplea el Poder Z para coger carrerilla y
arremeter contra el objetivo con gran fuerza. Su
potencia depende de la del movimiento original."
breakneck-blitz/lets-go-pikachu-lets-go-eevee/it,flavor_text(z-split),"Grazie al Potere Z, chi la usa accumula energia e si
lancia a tutta forza contro il bersaglio. La potenza
varia a seconda della mossa su cui si basa.",Dummy Data,"Grazie al Potere Z, chi la usa accumula energia e si
lancia a tutta forza contro il bersaglio. La potenza
varia a seconda della mossa su cui si basa."
breakneck-blitz/lets-go-pikachu-lets-go-eevee/en,flavor_text(z-split),"The user builds up its momentum using its Z-Power
and crashes into the target at full speed. The power
varies, depending on the original move.",Dummy Data,"The user builds up its momentum using its Z-Power
and crashes into the target at full speed. The power
varies, depending on the original move."
breakneck-blitz/lets-go-pikachu-lets-go-eevee/ja,flavor_text(z-split),"Ｚパワーで　勢いを　つけて
全力で　相手に　ぶつかる。
元になった　技で　威力が　変わる。",ダミーデータ,"Ｚパワーで　勢いを　つけて
全力で　相手に　ぶつかる。
元になった　技で　威力が　変わる。"
breakneck-blitz/lets-go-pikachu-lets-go-eevee/zh-hans,flavor_text(z-split),"通过Ｚ力量气势猛烈地
全力撞上对手。
威力会根据原来的招式而改变。",ダミーデータ,"通过Ｚ力量气势猛烈地
全力撞上对手。
威力会根据原来的招式而改变。"
breakneck-blitz/lets-go-pikachu-lets-go-eevee/es-419,flavor_text(z-split),"El usuario emplea el Poder Z para coger carrerilla y
arremeter contra el objetivo con gran fuerza. Su
potencia depende de la del movimiento original.",Dummy data,"El usuario emplea el Poder Z para coger carrerilla y
arremeter contra el objetivo con gran fuerza. Su
potencia depende de la del movimiento original."
all-out-pummeling/sun-moon/ja-hrkt,flavor_text(z-split),"Ｚパワーで　つくった　エネルギーの　たまを
ぜんりょくで　あいてに　ぶつける。
もとになった　わざで　いりょくが　かわる。",ダミーデータ,"Ｚパワーで　つくった　エネルギーの　たまを
ぜんりょくで　あいてに　ぶつける。
もとになった　わざで　いりょくが　かわる。"
all-out-pummeling/sun-moon/ko,flavor_text(z-split),"Z파워로 만든 에너지 구슬을
전력으로 상대에게 부딪친다.
원래 기술에 따라 위력이 변한다.",Dummy Data,"Z파워로 만든 에너지 구슬을
전력으로 상대에게 부딪친다.
원래 기술에 따라 위력이 변한다."
all-out-pummeling/sun-moon/zh-hant,flavor_text(z-split),"將透過Ｚ力量製造的
能量彈全力撞向對手。
威力會隨原本的招式而改變。",ダミーデータ,"將透過Ｚ力量製造的
能量彈全力撞向對手。
威力會隨原本的招式而改變。"
all-out-pummeling/sun-moon/fr,flavor_text(z-split),"Le Pokémon utilise la Force Z pour créer une boule
d’énergie qu’il projette sur l’adversaire. La puissance
varie selon celle de la capacité originale.",Dummy,"Le Pokémon utilise la Force Z pour créer une boule
d’énergie qu’il projette sur l’adversaire. La puissance
varie selon celle de la capacité originale."
all-out-pummeling/sun-moon/de,flavor_text(z-split),"Aus Z-Kraft hergestellte Energiebälle prallen mit
voller Wucht auf das Ziel. Die Stärke variiert je nach
zugrunde liegender Attacke.",Dummy data,"Aus Z-Kraft hergestellte Energiebälle prallen mit
voller Wucht auf das Ziel. Die Stärke variiert je nach
zugrunde liegender Attacke."
all-out-pummeling/sun-moon/es,flavor_text(z-split),"Emplea el Poder Z para lanzar una sarta de golpes
demoledores contra el objetivo. Su potencia depende
de la del movimiento original.",Dummy data,"Emplea el Poder Z para lanzar una sarta de golpes
demoledores contra el objetivo. Su potencia depende
de la del movimiento original."
all-out-pummeling/sun-moon/it,flavor_text(z-split),"Chi la usa scaglia sul bersaglio una scarica di colpi
carichi di Potere Z. La potenza varia a seconda
della mossa su cui si basa.",Dummy Data,"Chi la usa scaglia sul bersaglio una scarica di colpi
carichi di Potere Z. La potenza varia a seconda
della mossa su cui si basa."
all-out-pummeling/sun-moon/en,flavor_text(z-split),"The user rams an energy orb created by its Z-Power
into the target with full force. The power varies,
depending on the original move.",Dummy Data,"The user rams an energy orb created by its Z-Power
into the target with full force. The power varies,
depending on the original move."
all-out-pummeling/sun-moon/ja,flavor_text(z-split),"Ｚパワーで　作った　エネルギーの　弾を
全力で　相手に　ぶつける。
元になった　技で　威力が　変わる。",ダミーデータ,"Ｚパワーで　作った　エネルギーの　弾を
全力で　相手に　ぶつける。
元になった　技で　威力が　変わる。"
all-out-pummeling/sun-moon/zh-hans,flavor_text(z-split),"通过Ｚ力量制造出能量弹，
全力撞向对手。
威力会根据原来的招式而改变。",ダミーデータ,"通过Ｚ力量制造出能量弹，
全力撞向对手。
威力会根据原来的招式而改变。"
all-out-pummeling/sun-moon/es-419,flavor_text(z-split),"Emplea el Poder Z para lanzar una sarta de golpes
demoledores contra el objetivo. Su potencia depende
de la del movimiento original.",Dummy data,"Emplea el Poder Z para lanzar una sarta de golpes
demoledores contra el objetivo. Su potencia depende
de la del movimiento original."
all-out-pummeling/ultra-sun-ultra-moon/ja-hrkt,flavor_text(z-split),"Ｚパワーで　つくった　エネルギーの　たまを
ぜんりょくで　あいてに　ぶつける。
もとになった　わざで　いりょくが　かわる。",ダミーデータ,"Ｚパワーで　つくった　エネルギーの　たまを
ぜんりょくで　あいてに　ぶつける。
もとになった　わざで　いりょくが　かわる。"
all-out-pummeling/ultra-sun-ultra-moon/ko,flavor_text(z-split),"Z파워로 만든 에너지 구슬을
전력으로 상대에게 부딪친다.
원래 기술에 따라 위력이 변한다.",Dummy Data,"Z파워로 만든 에너지 구슬을
전력으로 상대에게 부딪친다.
원래 기술에 따라 위력이 변한다."
all-out-pummeling/ultra-sun-ultra-moon/zh-hant,flavor_text(z-split),"將透過Ｚ力量製造的
能量彈全力撞向對手。
威力會隨原本的招式而改變。",ダミーデータ,"將透過Ｚ力量製造的
能量彈全力撞向對手。
威力會隨原本的招式而改變。"
all-out-pummeling/ultra-sun-ultra-moon/fr,flavor_text(z-split),"Le Pokémon utilise la Force Z pour créer une boule
d’énergie qu’il projette sur l’adversaire. La puissance
varie selon celle de la capacité originale.",Dummy,"Le Pokémon utilise la Force Z pour créer une boule
d’énergie qu’il projette sur l’adversaire. La puissance
varie selon celle de la capacité originale."
all-out-pummeling/ultra-sun-ultra-moon/de,flavor_text(z-split),"Aus Z-Kraft hergestellte Energiebälle prallen mit
voller Wucht auf das Ziel. Die Stärke variiert je nach
zugrunde liegender Attacke.",Dummy data,"Aus Z-Kraft hergestellte Energiebälle prallen mit
voller Wucht auf das Ziel. Die Stärke variiert je nach
zugrunde liegender Attacke."
all-out-pummeling/ultra-sun-ultra-moon/es,flavor_text(z-split),"Emplea el Poder Z para lanzar una sarta de golpes
demoledores contra el objetivo. Su potencia depende
de la del movimiento original.",Dummy data,"Emplea el Poder Z para lanzar una sarta de golpes
demoledores contra el objetivo. Su potencia depende
de la del movimiento original."
all-out-pummeling/ultra-sun-ultra-moon/it,flavor_text(z-split),"Chi la usa scaglia sul bersaglio una scarica di colpi
carichi di Potere Z. La potenza varia a seconda
della mossa su cui si basa.",Dummy Data,"Chi la usa scaglia sul bersaglio una scarica di colpi
carichi di Potere Z. La potenza varia a seconda
della mossa su cui si basa."
all-out-pummeling/ultra-sun-ultra-moon/en,flavor_text(z-split),"The user rams an energy orb created by its Z-Power
into the target with full force. The power varies,
depending on the original move.",Dummy Data,"The user rams an energy orb created by its Z-Power
into the target with full force. The power varies,
depending on the original move."
all-out-pummeling/ultra-sun-ultra-moon/ja,flavor_text(z-split),"Ｚパワーで　作った　エネルギーの　弾を
全力で　相手に　ぶつける。
元になった　技で　威力が　変わる。",ダミーデータ,"Ｚパワーで　作った　エネルギーの　弾を
全力で　相手に　ぶつける。
元になった　技で　威力が　変わる。"
all-out-pummeling/ultra-sun-ultra-moon/zh-hans,flavor_text(z-split),"通过Ｚ力量制造出能量弹，
全力撞向对手。
威力会根据原来的招式而改变。",ダミーデータ,"通过Ｚ力量制造出能量弹，
全力撞向对手。
威力会根据原来的招式而改变。"
all-out-pummeling/ultra-sun-ultra-moon/es-419,flavor_text(z-split),"Emplea el Poder Z para lanzar una sarta de golpes
demoledores contra el objetivo. Su potencia depende
de la del movimiento original.",Dummy data,"Emplea el Poder Z para lanzar una sarta de golpes
demoledores contra el objetivo. Su potencia depende
de la del movimiento original."
all-out-pummeling/lets-go-pikachu-lets-go-eevee/ja-hrkt,flavor_text(z-split),"Ｚパワーで　つくった　エネルギーの　たまを
ぜんりょくで　あいてに　ぶつける。
もとになった　わざで　いりょくが　かわる。",ダミーデータ,"Ｚパワーで　つくった　エネルギーの　たまを
ぜんりょくで　あいてに　ぶつける。
もとになった　わざで　いりょくが　かわる。"
all-out-pummeling/lets-go-pikachu-lets-go-eevee/ko,flavor_text(z-split),"Z파워로 만든 에너지 구슬을
전력으로 상대에게 부딪친다.
원래 기술에 따라 위력이 변한다.",Dummy Data,"Z파워로 만든 에너지 구슬을
전력으로 상대에게 부딪친다.
원래 기술에 따라 위력이 변한다."
all-out-pummeling/lets-go-pikachu-lets-go-eevee/zh-hant,flavor_text(z-split),"將透過Ｚ力量製造的
能量彈全力撞向對手。
威力會隨原本的招式而改變。",ダミーデータ,"將透過Ｚ力量製造的
能量彈全力撞向對手。
威力會隨原本的招式而改變。"
all-out-pummeling/lets-go-pikachu-lets-go-eevee/fr,flavor_text(z-split),"Le Pokémon utilise la Force Z pour créer une boule
d’énergie qu’il projette sur l’adversaire. La puissance
varie selon celle de la capacité originale.",Dummy,"Le Pokémon utilise la Force Z pour créer une boule
d’énergie qu’il projette sur l’adversaire. La puissance
varie selon celle de la capacité originale."
all-out-pummeling/lets-go-pikachu-lets-go-eevee/de,flavor_text(z-split),"Aus Z-Kraft hergestellte Energiebälle prallen mit
voller Wucht auf das Ziel. Die Stärke variiert je nach
zugrunde liegender Attacke.",Dummy data,"Aus Z-Kraft hergestellte Energiebälle prallen mit
voller Wucht auf das Ziel. Die Stärke variiert je nach
zugrunde liegender Attacke."
all-out-pummeling/lets-go-pikachu-lets-go-eevee/es,flavor_text(z-split),"Emplea el Poder Z para lanzar una sarta de golpes
demoledores contra el objetivo. Su potencia depende
de la del movimiento original.",Dummy data,"Emplea el Poder Z para lanzar una sarta de golpes
demoledores contra el objetivo. Su potencia depende
de la del movimiento original."
all-out-pummeling/lets-go-pikachu-lets-go-eevee/it,flavor_text(z-split),"Chi la usa scaglia sul bersaglio una scarica di colpi
carichi di Potere Z. La potenza varia a seconda
della mossa su cui si basa.",Dummy Data,"Chi la usa scaglia sul bersaglio una scarica di colpi
carichi di Potere Z. La potenza varia a seconda
della mossa su cui si basa."
all-out-pummeling/lets-go-pikachu-lets-go-eevee/en,flavor_text(z-split),"The user rams an energy orb created by its Z-Power
into the target with full force. The power varies,
depending on the original move.",Dummy Data,"The user rams an energy orb created by its Z-Power
into the target with full force. The power varies,
depending on the original move."
all-out-pummeling/lets-go-pikachu-lets-go-eevee/ja,flavor_text(z-split),"Ｚパワーで　作った　エネルギーの　弾を
全力で　相手に　ぶつける。
元になった　技で　威力が　変わる。",ダミーデータ,"Ｚパワーで　作った　エネルギーの　弾を
全力で　相手に　ぶつける。
元になった　技で　威力が　変わる。"
all-out-pummeling/lets-go-pikachu-lets-go-eevee/zh-hans,flavor_text(z-split),"通过Ｚ力量制造出能量弹，
全力撞向对手。
威力会根据原来的招式而改变。",ダミーデータ,"通过Ｚ力量制造出能量弹，
全力撞向对手。
威力会根据原来的招式而改变。"
all-out-pummeling/lets-go-pikachu-lets-go-eevee/es-419,flavor_text(z-split),"Emplea el Poder Z para lanzar una sarta de golpes
demoledores contra el objetivo. Su potencia depende
de la del movimiento original.",Dummy data,"Emplea el Poder Z para lanzar una sarta de golpes
demoledores contra el objetivo. Su potencia depende
de la del movimiento original."
supersonic-skystrike/sun-moon/ja-hrkt,flavor_text(z-split),"Ｚパワーで　いきおいよく　とびあがり
あいてに　むかって　ぜんりょくで　らっか。
もとになった　わざで　いりょくが　かわる。",ダミーデータ,"Ｚパワーで　いきおいよく　とびあがり
あいてに　むかって　ぜんりょくで　らっか。
もとになった　わざで　いりょくが　かわる。"
supersonic-skystrike/sun-moon/ko,flavor_text(z-split),"Z파워로 기세 좋게 날아올라
상대를 향해 전력으로 낙하한다.
원래 기술에 따라 위력이 변한다.",Dummy Data,"Z파워로 기세 좋게 날아올라
상대를 향해 전력으로 낙하한다.
원래 기술에 따라 위력이 변한다."
supersonic-skystrike/sun-moon/zh-hant,flavor_text(z-split),"透過Ｚ力量猛烈地飛向天空，
向著對手全力墜下。
威力會隨原本的招式而改變。",ダミーデータ,"透過Ｚ力量猛烈地飛向天空，
向著對手全力墜下。
威力會隨原本的招式而改變。"
supersonic-skystrike/sun-moon/fr,flavor_text(z-split),"Le Pokémon utilise la Force Z pour s’envoler très haut
dans le ciel avant de plonger sur l’adversaire. La
puissance varie selon celle de la capacité originale.",Dummy,"Le Pokémon utilise la Force Z pour s’envoler très haut
dans le ciel avant de plonger sur l’adversaire. La
puissance varie selon celle de la capacité originale."
supersonic-skystrike/sun-moon/de,flavor_text(z-split),"Der Anwender schwingt sich durch Z-Kraft in die
Lüfte und stürzt sich dann auf das Ziel hinab. Die
Stärke variiert je nach zugrunde liegender Attacke.",Dummy data,"Der Anwender schwingt sich durch Z-Kraft in die
Lüfte und stürzt sich dann auf das Ziel hinab. Die
Stärke variiert je nach zugrunde liegender Attacke."
supersonic-skystrike/sun-moon/es,flavor_text(z-split),"El usuario emplea el Poder Z para volar muy alto y
abalanzarse en picado sobre el objetivo. Su potencia
depende de la del movimiento original.",Dummy data,"El usuario emplea el Poder Z para volar muy alto y
abalanzarse en picado sobre el objetivo. Su potencia
depende de la del movimiento original."
supersonic-skystrike/sun-moon/it,flavor_text(z-split),"Chi la usa si serve del Potere Z per alzarsi in volo
e attaccare il bersaglio piombandogli addosso. La
potenza varia a seconda della mossa su cui si basa.",Dummy Data,"Chi la usa si serve del Potere Z per alzarsi in volo
e attaccare il bersaglio piombandogli addosso. La
potenza varia a seconda della mossa su cui si basa."
supersonic-skystrike/sun-moon/en,flavor_text(z-split),"The user soars up with its Z-Power and plummets
toward the target at full speed. The power varies,
depending on the original move.",Dummy Data,"The user soars up with its Z-Power and plummets
toward the target at full speed. The power varies,
depending on the original move."
supersonic-skystrike/sun-moon/ja,flavor_text(z-split),"Ｚパワーで　勢いよく　飛びあがり
相手に　向かって　全力で　落下。
元になった　技で　威力が　変わる。",ダミーデータ,"Ｚパワーで　勢いよく　飛びあがり
相手に　向かって　全力で　落下。
元になった　技で　威力が　変わる。"
supersonic-skystrike/sun-moon/zh-hans,flavor_text(z-split),"通过Ｚ力量猛烈地飞向天空，
朝对手全力落下。
威力会根据原来的招式而改变。",ダミーデータ,"通过Ｚ力量猛烈地飞向天空，
朝对手全力落下。
威力会根据原来的招式而改变。"
supersonic-skystrike/sun-moon/es-419,flavor_text(z-split),"El usuario emplea el Poder Z para volar muy alto y
abalanzarse en picado sobre el objetivo. Su potencia
depende de la del movimiento original.",Dummy data,"El usuario emplea el Poder Z para volar muy alto y
abalanzarse en picado sobre el objetivo. Su potencia
depende de la del movimiento original."
supersonic-skystrike/ultra-sun-ultra-moon/ja-hrkt,flavor_text(z-split),"Ｚパワーで　いきおいよく　とびあがり
あいてに　むかって　ぜんりょくで　らっか。
もとになった　わざで　いりょくが　かわる。",ダミーデータ,"Ｚパワーで　いきおいよく　とびあがり
あいてに　むかって　ぜんりょくで　らっか。
もとになった　わざで　いりょくが　かわる。"
supersonic-skystrike/ultra-sun-ultra-moon/ko,flavor_text(z-split),"Z파워로 기세 좋게 날아올라
상대를 향해 전력으로 낙하한다.
원래 기술에 따라 위력이 변한다.",Dummy Data,"Z파워로 기세 좋게 날아올라
상대를 향해 전력으로 낙하한다.
원래 기술에 따라 위력이 변한다."
supersonic-skystrike/ultra-sun-ultra-moon/zh-hant,flavor_text(z-split),"透過Ｚ力量猛烈地飛向天空，
向著對手全力墜下。
威力會隨原本的招式而改變。",ダミーデータ,"透過Ｚ力量猛烈地飛向天空，
向著對手全力墜下。
威力會隨原本的招式而改變。"
supersonic-skystrike/ultra-sun-ultra-moon/fr,flavor_text(z-split),"Le Pokémon utilise la Force Z pour s’envoler très haut
dans le ciel avant de plonger sur l’adversaire. La
puissance varie selon celle de la capacité originale.",Dummy,"Le Pokémon utilise la Force Z pour s’envoler très haut
dans le ciel avant de plonger sur l’adversaire. La
puissance varie selon celle de la capacité originale."
supersonic-skystrike/ultra-sun-ultra-moon/de,flavor_text(z-split),"Der Anwender schwingt sich durch Z-Kraft in die
Lüfte und stürzt sich dann auf das Ziel hinab. Die
Stärke variiert je nach zugrunde liegender Attacke.",Dummy data,"Der Anwender schwingt sich durch Z-Kraft in die
Lüfte und stürzt sich dann auf das Ziel hinab. Die
Stärke variiert je nach zugrunde liegender Attacke."
supersonic-skystrike/ultra-sun-ultra-moon/es,flavor_text(z-split),"El usuario emplea el Poder Z para volar muy alto y
abalanzarse en picado sobre el objetivo. Su potencia
depende de la del movimiento original.",Dummy data,"El usuario emplea el Poder Z para volar muy alto y
abalanzarse en picado sobre el objetivo. Su potencia
depende de la del movimiento original."
supersonic-skystrike/ultra-sun-ultra-moon/it,flavor_text(z-split),"Chi la usa si serve del Potere Z per alzarsi in volo
e attaccare il bersaglio piombandogli addosso. La
potenza varia a seconda della mossa su cui si basa.",Dummy Data,"Chi la usa si serve del Potere Z per alzarsi in volo
e attaccare il bersaglio piombandogli addosso. La
potenza varia a seconda della mossa su cui si basa."
supersonic-skystrike/ultra-sun-ultra-moon/en,flavor_text(z-split),"The user soars up with its Z-Power and plummets
toward the target at full speed. The power varies,
depending on the original move.",Dummy Data,"The user soars up with its Z-Power and plummets
toward the target at full speed. The power varies,
depending on the original move."
supersonic-skystrike/ultra-sun-ultra-moon/ja,flavor_text(z-split),"Ｚパワーで　勢いよく　飛びあがり
相手に　向かって　全力で　落下。
元になった　技で　威力が　変わる。",ダミーデータ,"Ｚパワーで　勢いよく　飛びあがり
相手に　向かって　全力で　落下。
元になった　技で　威力が　変わる。"
supersonic-skystrike/ultra-sun-ultra-moon/zh-hans,flavor_text(z-split),"通过Ｚ力量猛烈地飞向天空，
朝对手全力落下。
威力会根据原来的招式而改变。",ダミーデータ,"通过Ｚ力量猛烈地飞向天空，
朝对手全力落下。
威力会根据原来的招式而改变。"
supersonic-skystrike/ultra-sun-ultra-moon/es-419,flavor_text(z-split),"El usuario emplea el Poder Z para volar muy alto y
abalanzarse en picado sobre el objetivo. Su potencia
depende de la del movimiento original.",Dummy data,"El usuario emplea el Poder Z para volar muy alto y
abalanzarse en picado sobre el objetivo. Su potencia
depende de la del movimiento original."
supersonic-skystrike/lets-go-pikachu-lets-go-eevee/ja-hrkt,flavor_text(z-split),"Ｚパワーで　いきおいよく　とびあがり
あいてに　むかって　ぜんりょくで　らっか。
もとになった　わざで　いりょくが　かわる。",ダミーデータ,"Ｚパワーで　いきおいよく　とびあがり
あいてに　むかって　ぜんりょくで　らっか。
もとになった　わざで　いりょくが　かわる。"
supersonic-skystrike/lets-go-pikachu-lets-go-eevee/ko,flavor_text(z-split),"Z파워로 기세 좋게 날아올라
상대를 향해 전력으로 낙하한다.
원래 기술에 따라 위력이 변한다.",Dummy Data,"Z파워로 기세 좋게 날아올라
상대를 향해 전력으로 낙하한다.
원래 기술에 따라 위력이 변한다."
supersonic-skystrike/lets-go-pikachu-lets-go-eevee/zh-hant,flavor_text(z-split),"透過Ｚ力量猛烈地飛向天空，
向著對手全力墜下。
威力會隨原本的招式而改變。",ダミーデータ,"透過Ｚ力量猛烈地飛向天空，
向著對手全力墜下。
威力會隨原本的招式而改變。"
supersonic-skystrike/lets-go-pikachu-lets-go-eevee/fr,flavor_text(z-split),"Le Pokémon utilise la Force Z pour s’envoler très haut
dans le ciel avant de plonger sur l’adversaire.
La puissance varie selon celle de la capacité originale.",Dummy,"Le Pokémon utilise la Force Z pour s’envoler très haut
dans le ciel avant de plonger sur l’adversaire.
La puissance varie selon celle de la capacité originale."
supersonic-skystrike/lets-go-pikachu-lets-go-eevee/de,flavor_text(z-split),"Der Anwender schwingt sich durch Z-Kraft in die
Lüfte und stürzt sich dann auf das Ziel hinab. Die
Stärke variiert je nach zugrunde liegender Attacke.",Dummy data,"Der Anwender schwingt sich durch Z-Kraft in die
Lüfte und stürzt sich dann auf das Ziel hinab. Die
Stärke variiert je nach zugrunde liegender Attacke."
supersonic-skystrike/lets-go-pikachu-lets-go-eevee/es,flavor_text(z-split),"El usuario emplea el Poder Z para volar muy alto y
abalanzarse en picado sobre el objetivo. Su potencia
depende de la del movimiento original.",Dummy data,"El usuario emplea el Poder Z para volar muy alto y
abalanzarse en picado sobre el objetivo. Su potencia
depende de la del movimiento original."
supersonic-skystrike/lets-go-pikachu-lets-go-eevee/it,flavor_text(z-split),"Chi la usa si serve del Potere Z per alzarsi in volo
e attaccare il bersaglio piombandogli addosso. La
potenza varia a seconda della mossa su cui si basa.",Dummy Data,"Chi la usa si serve del Potere Z per alzarsi in volo
e attaccare il bersaglio piombandogli addosso. La
potenza varia a seconda della mossa su cui si basa."
supersonic-skystrike/lets-go-pikachu-lets-go-eevee/en,flavor_text(z-split),"The user soars up with its Z-Power and plummets
toward the target at full speed. The power varies,
depending on the original move.",Dummy Data,"The user soars up with its Z-Power and plummets
toward the target at full speed. The power varies,
depending on the original move."
supersonic-skystrike/lets-go-pikachu-lets-go-eevee/ja,flavor_text(z-split),"Ｚパワーで　勢いよく　飛びあがり
相手に　向かって　全力で　落下。
元になった　技で　威力が　変わる。",ダミーデータ,"Ｚパワーで　勢いよく　飛びあがり
相手に　向かって　全力で　落下。
元になった　技で　威力が　変わる。"
supersonic-skystrike/lets-go-pikachu-lets-go-eevee/zh-hans,flavor_text(z-split),"通过Ｚ力量猛烈地飞向天空，
朝对手全力落下。
威力会根据原来的招式而改变。",ダミーデータ,"通过Ｚ力量猛烈地飞向天空，
朝对手全力落下。
威力会根据原来的招式而改变。"
supersonic-skystrike/lets-go-pikachu-lets-go-eevee/es-419,flavor_text(z-split),"El usuario emplea el Poder Z para volar muy alto y
abalanzarse en picado sobre el objetivo. Su potencia
depende de la del movimiento original.",Dummy data,"El usuario emplea el Poder Z para volar muy alto y
abalanzarse en picado sobre el objetivo. Su potencia
depende de la del movimiento original."
acid-downpour/sun-moon/ja-hrkt,flavor_text(z-split),"Ｚパワーで　どくの　ぬまを　わきあがらせ
ぜんりょくで　あいてを　しずめる。
もとになった　わざで　いりょくが　かわる。",ダミーデータ,"Ｚパワーで　どくの　ぬまを　わきあがらせ
ぜんりょくで　あいてを　しずめる。
もとになった　わざで　いりょくが　かわる。"
acid-downpour/sun-moon/ko,flavor_text(z-split),"Z파워로 독의 늪을 만들어
전력으로 상대를 가라앉힌다.
원래 기술에 따라 위력이 변한다.",Dummy Data,"Z파워로 독의 늪을 만들어
전력으로 상대를 가라앉힌다.
원래 기술에 따라 위력이 변한다."
acid-downpour/sun-moon/zh-hant,flavor_text(z-split),"透過Ｚ力量湧起毒沼，
全力使對手下沉。
威力會隨原本的招式而改變。",ダミーデータ,"透過Ｚ力量湧起毒沼，
全力使對手下沉。
威力會隨原本的招式而改變。"
acid-downpour/sun-moon/fr,flavor_text(z-split),"Le Pokémon utilise la Force Z pour répandre
un marécage empoisonné où l’adversaire sombre. La
puissance varie selon celle de la capacité originale.",Dummy,"Le Pokémon utilise la Force Z pour répandre
un marécage empoisonné où l’adversaire sombre. La
puissance varie selon celle de la capacité originale."
acid-downpour/sun-moon/de,flavor_text(z-split),"Der Anwender kreiert mit Z-Kraft ein giftiges Moor,
in dem das Ziel versinkt. Die Stärke variiert je nach
zugrunde liegender Attacke.",Dummy data,"Der Anwender kreiert mit Z-Kraft ein giftiges Moor,
in dem das Ziel versinkt. Die Stärke variiert je nach
zugrunde liegender Attacke."
acid-downpour/sun-moon/es,flavor_text(z-split),"El usuario emplea el Poder Z para crear una ciénaga
venenosa en la que sumerge al objetivo. Su potencia
depende de la del movimiento original.",Dummy data,"El usuario emplea el Poder Z para crear una ciénaga
venenosa en la que sumerge al objetivo. Su potencia
depende de la del movimiento original."
acid-downpour/sun-moon/it,flavor_text(z-split),"Chi la usa sfrutta il Potere Z per creare una palude
velenosa che sommerge il bersaglio. La potenza
varia a seconda della mossa su cui si basa.",Dummy Data,"Chi la usa sfrutta il Potere Z per creare una palude
velenosa che sommerge il bersaglio. La potenza
varia a seconda della mossa su cui si basa."
acid-downpour/sun-moon/en,flavor_text(z-split),"The user creates a poisonous swamp using its
Z-Power and sinks the target into it at full force.
The power varies, depending on the original move.",Dummy Data,"The user creates a poisonous swamp using its
Z-Power and sinks the target into it at full force.
The power varies, depending on the original move."
acid-downpour/sun-moon/ja,flavor_text(z-split),"Ｚパワーで　毒の　沼を　湧きあがらせ
全力で　相手を　沈める。
元になった　技で　威力が　変わる。",ダミーデータ,"Ｚパワーで　毒の　沼を　湧きあがらせ
全力で　相手を　沈める。
元になった　技で　威力が　変わる。"
acid-downpour/sun-moon/zh-hans,flavor_text(z-split),"通过Ｚ力量使毒沼涌起，
全力让对手沉下去。
威力会根据原来的招式而改变。",ダミーデータ,"通过Ｚ力量使毒沼涌起，
全力让对手沉下去。
威力会根据原来的招式而改变。"
acid-downpour/sun-moon/es-419,flavor_text(z-split),"El usuario emplea el Poder Z para crear una ciénaga
venenosa en la que sumerge al objetivo. Su potencia
depende de la del movimiento original.",Dummy data,"El usuario emplea el Poder Z para crear una ciénaga
venenosa en la que sumerge al objetivo. Su potencia
depende de la del movimiento original."
acid-downpour/ultra-sun-ultra-moon/ja-hrkt,flavor_text(z-split),"Ｚパワーで　どくの　ぬまを　わきあがらせ
ぜんりょくで　あいてを　しずめる。
もとになった　わざで　いりょくが　かわる。",ダミーデータ,"Ｚパワーで　どくの　ぬまを　わきあがらせ
ぜんりょくで　あいてを　しずめる。
もとになった　わざで　いりょくが　かわる。"
acid-downpour/ultra-sun-ultra-moon/ko,flavor_text(z-split),"Z파워로 독의 늪을 만들어
전력으로 상대를 가라앉힌다.
원래 기술에 따라 위력이 변한다.",Dummy Data,"Z파워로 독의 늪을 만들어
전력으로 상대를 가라앉힌다.
원래 기술에 따라 위력이 변한다."
acid-downpour/ultra-sun-ultra-moon/zh-hant,flavor_text(z-split),"透過Ｚ力量湧起毒沼，
全力使對手下沉。
威力會隨原本的招式而改變。",ダミーデータ,"透過Ｚ力量湧起毒沼，
全力使對手下沉。
威力會隨原本的招式而改變。"
acid-downpour/ultra-sun-ultra-moon/fr,flavor_text(z-split),"Le Pokémon utilise la Force Z pour répandre
un marécage empoisonné où l’adversaire sombre. La
puissance varie selon celle de la capacité originale.",Dummy,"Le Pokémon utilise la Force Z pour répandre
un marécage empoisonné où l’adversaire sombre. La
puissance varie selon celle de la capacité originale."
acid-downpour/ultra-sun-ultra-moon/de,flavor_text(z-split),"Der Anwender kreiert mit Z-Kraft ein giftiges Moor,
in dem das Ziel versinkt. Die Stärke variiert je nach
zugrunde liegender Attacke.",Dummy data,"Der Anwender kreiert mit Z-Kraft ein giftiges Moor,
in dem das Ziel versinkt. Die Stärke variiert je nach
zugrunde liegender Attacke."
acid-downpour/ultra-sun-ultra-moon/es,flavor_text(z-split),"El usuario emplea el Poder Z para crear una ciénaga
venenosa en la que sumerge al objetivo. Su potencia
depende de la del movimiento original.",Dummy data,"El usuario emplea el Poder Z para crear una ciénaga
venenosa en la que sumerge al objetivo. Su potencia
depende de la del movimiento original."
acid-downpour/ultra-sun-ultra-moon/it,flavor_text(z-split),"Chi la usa sfrutta il Potere Z per creare una palude
velenosa che sommerge il bersaglio. La potenza
varia a seconda della mossa su cui si basa.",Dummy Data,"Chi la usa sfrutta il Potere Z per creare una palude
velenosa che sommerge il bersaglio. La potenza
varia a seconda della mossa su cui si basa."
acid-downpour/ultra-sun-ultra-moon/en,flavor_text(z-split),"The user creates a poisonous swamp using its
Z-Power and sinks the target into it at full force.
The power varies, depending on the original move.",Dummy Data,"The user creates a poisonous swamp using its
Z-Power and sinks the target into it at full force.
The power varies, depending on the original move."
acid-downpour/ultra-sun-ultra-moon/ja,flavor_text(z-split),"Ｚパワーで　毒の　沼を　湧きあがらせ
全力で　相手を　沈める。
元になった　技で　威力が　変わる。",ダミーデータ,"Ｚパワーで　毒の　沼を　湧きあがらせ
全力で　相手を　沈める。
元になった　技で　威力が　変わる。"
acid-downpour/ultra-sun-ultra-moon/zh-hans,flavor_text(z-split),"通过Ｚ力量使毒沼涌起，
全力让对手沉下去。
威力会根据原来的招式而改变。",ダミーデータ,"通过Ｚ力量使毒沼涌起，
全力让对手沉下去。
威力会根据原来的招式而改变。"
acid-downpour/ultra-sun-ultra-moon/es-419,flavor_text(z-split),"El usuario emplea el Poder Z para crear una ciénaga
venenosa en la que sumerge al objetivo. Su potencia
depende de la del movimiento original.",Dummy data,"El usuario emplea el Poder Z para crear una ciénaga
venenosa en la que sumerge al objetivo. Su potencia
depende de la del movimiento original."
acid-downpour/lets-go-pikachu-lets-go-eevee/ja-hrkt,flavor_text(z-split),"Ｚパワーで　どくの　ぬまを　わきあがらせ
ぜんりょくで　あいてを　しずめる。
もとになった　わざで　いりょくが　かわる。",ダミーデータ,"Ｚパワーで　どくの　ぬまを　わきあがらせ
ぜんりょくで　あいてを　しずめる。
もとになった　わざで　いりょくが　かわる。"
acid-downpour/lets-go-pikachu-lets-go-eevee/ko,flavor_text(z-split),"Z파워로 독의 늪을 만들어
전력으로 상대를 가라앉힌다.
원래 기술에 따라 위력이 변한다.",Dummy Data,"Z파워로 독의 늪을 만들어
전력으로 상대를 가라앉힌다.
원래 기술에 따라 위력이 변한다."
acid-downpour/lets-go-pikachu-lets-go-eevee/zh-hant,flavor_text(z-split),"透過Ｚ力量湧起毒沼，
全力使對手下沉。
威力會隨原本的招式而改變。",ダミーデータ,"透過Ｚ力量湧起毒沼，
全力使對手下沉。
威力會隨原本的招式而改變。"
acid-downpour/lets-go-pikachu-lets-go-eevee/fr,flavor_text(z-split),"Le Pokémon utilise la Force Z pour répandre
un marécage empoisonné où l’adversaire sombre.
La puissance varie selon celle de la capacité originale.",Dummy,"Le Pokémon utilise la Force Z pour répandre
un marécage empoisonné où l’adversaire sombre.
La puissance varie selon celle de la capacité originale."
acid-downpour/lets-go-pikachu-lets-go-eevee/de,flavor_text(z-split),"Der Anwender kreiert mit Z-Kraft ein giftiges Moor,
in dem das Ziel versinkt. Die Stärke variiert je nach
zugrunde liegender Attacke.",Dummy data,"Der Anwender kreiert mit Z-Kraft ein giftiges Moor,
in dem das Ziel versinkt. Die Stärke variiert je nach
zugrunde liegender Attacke."
acid-downpour/lets-go-pikachu-lets-go-eevee/es,flavor_text(z-split),"El usuario emplea el Poder Z para crear una ciénaga
venenosa en la que sumerge al objetivo. Su potencia
depende de la del movimiento original.",Dummy data,"El usuario emplea el Poder Z para crear una ciénaga
venenosa en la que sumerge al objetivo. Su potencia
depende de la del movimiento original."
acid-downpour/lets-go-pikachu-lets-go-eevee/it,flavor_text(z-split),"Chi la usa sfrutta il Potere Z per creare una palude
velenosa che sommerge il bersaglio. La potenza
varia a seconda della mossa su cui si basa.",Dummy Data,"Chi la usa sfrutta il Potere Z per creare una palude
velenosa che sommerge il bersaglio. La potenza
varia a seconda della mossa su cui si basa."
acid-downpour/lets-go-pikachu-lets-go-eevee/en,flavor_text(z-split),"The user creates a poisonous swamp using its
Z-Power and sinks the target into it at full force.
The power varies, depending on the original move.",Dummy Data,"The user creates a poisonous swamp using its
Z-Power and sinks the target into it at full force.
The power varies, depending on the original move."
acid-downpour/lets-go-pikachu-lets-go-eevee/ja,flavor_text(z-split),"Ｚパワーで　毒の　沼を　湧きあがらせ
全力で　相手を　沈める。
元になった　技で　威力が　変わる。",ダミーデータ,"Ｚパワーで　毒の　沼を　湧きあがらせ
全力で　相手を　沈める。
元になった　技で　威力が　変わる。"
acid-downpour/lets-go-pikachu-lets-go-eevee/zh-hans,flavor_text(z-split),"通过Ｚ力量使毒沼涌起，
全力让对手沉下去。
威力会根据原来的招式而改变。",ダミーデータ,"通过Ｚ力量使毒沼涌起，
全力让对手沉下去。
威力会根据原来的招式而改变。"
acid-downpour/lets-go-pikachu-lets-go-eevee/es-419,flavor_text(z-split),"El usuario emplea el Poder Z para crear una ciénaga
venenosa en la que sumerge al objetivo. Su potencia
depende de la del movimiento original.",Dummy data,"El usuario emplea el Poder Z para crear una ciénaga
venenosa en la que sumerge al objetivo. Su potencia
depende de la del movimiento original."
tectonic-rage/sun-moon/ja-hrkt,flavor_text(z-split),"Ｚパワーで　じめんの　おくふかくに　もぐり
ぜんりょくで　あいてに　ぶつかる。
もとになった　わざで　いりょくが　かわる。",ダミーデータ,"Ｚパワーで　じめんの　おくふかくに　もぐり
ぜんりょくで　あいてに　ぶつかる。
もとになった　わざで　いりょくが　かわる。"
tectonic-rage/sun-moon/ko,flavor_text(z-split),"Z파워로 땅 깊숙이 파고들어
전력으로 상대에게 부딪친다.
원래 기술에 따라 위력이 변한다.",Dummy Data,"Z파워로 땅 깊숙이 파고들어
전력으로 상대에게 부딪친다.
원래 기술에 따라 위력이 변한다."
tectonic-rage/sun-moon/zh-hant,flavor_text(z-split),"透過Ｚ力量潛入地底深處，
全力撞擊對手。
威力會隨原本的招式而改變。",ダミーデータ,"透過Ｚ力量潛入地底深處，
全力撞擊對手。
威力會隨原本的招式而改變。"
tectonic-rage/sun-moon/fr,flavor_text(z-split),"Le Pokémon utilise la Force Z pour entraîner
l’adversaire dans les profondeurs de la terre. La
puissance varie selon celle de la capacité originale.",Dummy,"Le Pokémon utilise la Force Z pour entraîner
l’adversaire dans les profondeurs de la terre. La
puissance varie selon celle de la capacité originale."
tectonic-rage/sun-moon/de,flavor_text(z-split),"Der Anwender zerrt das Ziel mit Z-Kraft tief in den
Boden und kollidiert dort mit ihm. Die Stärke variiert
je nach zugrunde liegender Attacke.",Dummy data,"Der Anwender zerrt das Ziel mit Z-Kraft tief in den
Boden und kollidiert dort mit ihm. Die Stärke variiert
je nach zugrunde liegender Attacke."
tectonic-rage/sun-moon/es,flavor_text(z-split),"Emplea el Poder Z para abrir una profunda grieta en
el suelo que se traga al oponente. Su potencia
depende de la del movimiento original.",Dummy data,"Emplea el Poder Z para abrir una profunda grieta en
el suelo que se traga al oponente. Su potencia
depende de la del movimiento original."
tectonic-rage/sun-moon/it,flavor_text(z-split),"Grazie al Potere Z, chi la usa si tuffa nelle viscere
della terra e colpisce con violenza il bersaglio. La
potenza varia a seconda della mossa su cui si basa.",Dummy Data,"Grazie al Potere Z, chi la usa si tuffa nelle viscere
della terra e colpisce con violenza il bersaglio. La
potenza varia a seconda della mossa su cui si basa."
tectonic-rage/sun-moon/en,flavor_text(z-split),"The user burrows deep into the ground and slams
into the target with the full force of its Z-Power.
The power varies, depending on the original move.",Dummy Data,"The user burrows deep into the ground and slams
into the target with the full force of its Z-Power.
The power varies, depending on the original move."
tectonic-rage/sun-moon/ja,flavor_text(z-split),"Ｚパワーで　地面の　奥深くに　潜り
全力で　相手に　ぶつかる。
元になった　技で　威力が　変わる。",ダミーデータ,"Ｚパワーで　地面の　奥深くに　潜り
全力で　相手に　ぶつかる。
元になった　技で　威力が　変わる。"
tectonic-rage/sun-moon/zh-hans,flavor_text(z-split),"通过Ｚ力量潜入地里最深处，
全力撞上对手。
威力会根据原来的招式而改变。",ダミーデータ,"通过Ｚ力量潜入地里最深处，
全力撞上对手。
威力会根据原来的招式而改变。"
tectonic-rage/sun-moon/es-419,flavor_text(z-split),"Emplea el Poder Z para abrir una profunda grieta en
el suelo que se traga al oponente. Su potencia
depende de la del movimiento original.",Dummy data,"Emplea el Poder Z para abrir una profunda grieta en
el suelo que se traga al oponente. Su potencia
depende de la del movimiento original."
tectonic-rage/ultra-sun-ultra-moon/ja-hrkt,flavor_text(z-split),"Ｚパワーで　じめんの　おくふかくに　もぐり
ぜんりょくで　あいてに　ぶつかる。
もとになった　わざで　いりょくが　かわる。",ダミーデータ,"Ｚパワーで　じめんの　おくふかくに　もぐり
ぜんりょくで　あいてに　ぶつかる。
もとになった　わざで　いりょくが　かわる。"
tectonic-rage/ultra-sun-ultra-moon/ko,flavor_text(z-split),"Z파워로 땅 깊숙이 파고들어
전력으로 상대에게 부딪친다.
원래 기술에 따라 위력이 변한다.",Dummy Data,"Z파워로 땅 깊숙이 파고들어
전력으로 상대에게 부딪친다.
원래 기술에 따라 위력이 변한다."
tectonic-rage/ultra-sun-ultra-moon/zh-hant,flavor_text(z-split),"透過Ｚ力量潛入地底深處，
全力撞擊對手。
威力會隨原本的招式而改變。",ダミーデータ,"透過Ｚ力量潛入地底深處，
全力撞擊對手。
威力會隨原本的招式而改變。"
tectonic-rage/ultra-sun-ultra-moon/fr,flavor_text(z-split),"Le Pokémon utilise la Force Z pour entraîner
l’adversaire dans les profondeurs de la terre. La
puissance varie selon celle de la capacité originale.",Dummy,"Le Pokémon utilise la Force Z pour entraîner
l’adversaire dans les profondeurs de la terre. La
puissance varie selon celle de la capacité originale."
tectonic-rage/ultra-sun-ultra-moon/de,flavor_text(z-split),"Der Anwender zerrt das Ziel mit Z-Kraft tief in den
Boden und kollidiert dort mit ihm. Die Stärke variiert
je nach zugrunde liegender Attacke.",Dummy data,"Der Anwender zerrt das Ziel mit Z-Kraft tief in den
Boden und kollidiert dort mit ihm. Die Stärke variiert
je nach zugrunde liegender Attacke."
tectonic-rage/ultra-sun-ultra-moon/es,flavor_text(z-split),"Emplea el Poder Z para abrir una profunda grieta en
el suelo que se traga al oponente. Su potencia
depende de la del movimiento original.",Dummy data,"Emplea el Poder Z para abrir una profunda grieta en
el suelo que se traga al oponente. Su potencia
depende de la del movimiento original."
tectonic-rage/ultra-sun-ultra-moon/it,flavor_text(z-split),"Grazie al Potere Z, chi la usa si tuffa nelle viscere
della terra e colpisce con violenza il bersaglio. La
potenza varia a seconda della mossa su cui si basa.",Dummy Data,"Grazie al Potere Z, chi la usa si tuffa nelle viscere
della terra e colpisce con violenza il bersaglio. La
potenza varia a seconda della mossa su cui si basa."
tectonic-rage/ultra-sun-ultra-moon/en,flavor_text(z-split),"The user burrows deep into the ground and slams
into the target with the full force of its Z-Power.
The power varies, depending on the original move.",Dummy Data,"The user burrows deep into the ground and slams
into the target with the full force of its Z-Power.
The power varies, depending on the original move."
tectonic-rage/ultra-sun-ultra-moon/ja,flavor_text(z-split),"Ｚパワーで　地面の　奥深くに　潜り
全力で　相手に　ぶつかる。
元になった　技で　威力が　変わる。",ダミーデータ,"Ｚパワーで　地面の　奥深くに　潜り
全力で　相手に　ぶつかる。
元になった　技で　威力が　変わる。"
tectonic-rage/ultra-sun-ultra-moon/zh-hans,flavor_text(z-split),"通过Ｚ力量潜入地里最深处，
全力撞上对手。
威力会根据原来的招式而改变。",ダミーデータ,"通过Ｚ力量潜入地里最深处，
全力撞上对手。
威力会根据原来的招式而改变。"
tectonic-rage/ultra-sun-ultra-moon/es-419,flavor_text(z-split),"Emplea el Poder Z para abrir una profunda grieta en
el suelo que se traga al oponente. Su potencia
depende de la del movimiento original.",Dummy data,"Emplea el Poder Z para abrir una profunda grieta en
el suelo que se traga al oponente. Su potencia
depende de la del movimiento original."
tectonic-rage/lets-go-pikachu-lets-go-eevee/ja-hrkt,flavor_text(z-split),"Ｚパワーで　じめんの　おくふかくに　もぐり
ぜんりょくで　あいてに　ぶつかる。
もとになった　わざで　いりょくが　かわる。",ダミーデータ,"Ｚパワーで　じめんの　おくふかくに　もぐり
ぜんりょくで　あいてに　ぶつかる。
もとになった　わざで　いりょくが　かわる。"
tectonic-rage/lets-go-pikachu-lets-go-eevee/ko,flavor_text(z-split),"Z파워로 땅 깊숙이 파고들어
전력으로 상대에게 부딪친다.
원래 기술에 따라 위력이 변한다.",Dummy Data,"Z파워로 땅 깊숙이 파고들어
전력으로 상대에게 부딪친다.
원래 기술에 따라 위력이 변한다."
tectonic-rage/lets-go-pikachu-lets-go-eevee/zh-hant,flavor_text(z-split),"透過Ｚ力量潛入地底深處，
全力撞擊對手。
威力會隨原本的招式而改變。",ダミーデータ,"透過Ｚ力量潛入地底深處，
全力撞擊對手。
威力會隨原本的招式而改變。"
tectonic-rage/lets-go-pikachu-lets-go-eevee/fr,flavor_text(z-split),"Le Pokémon utilise la Force Z pour entraîner l’adversaire
dans les profondeurs de la terre. La puissance varie
selon celle de la capacité originale.",Dummy,"Le Pokémon utilise la Force Z pour entraîner l’adversaire
dans les profondeurs de la terre. La puissance varie
selon celle de la capacité originale."
tectonic-rage/lets-go-pikachu-lets-go-eevee/de,flavor_text(z-split),"Der Anwender zerrt das Ziel mit Z-Kraft tief in den
Boden und kollidiert dort mit ihm. Die Stärke variiert
je nach zugrunde liegender Attacke.",Dummy data,"Der Anwender zerrt das Ziel mit Z-Kraft tief in den
Boden und kollidiert dort mit ihm. Die Stärke variiert
je nach zugrunde liegender Attacke."
tectonic-rage/lets-go-pikachu-lets-go-eevee/es,flavor_text(z-split),"Emplea el Poder Z para abrir una profunda grieta en
el suelo que se traga al oponente. Su potencia
depende de la del movimiento original.",Dummy data,"Emplea el Poder Z para abrir una profunda grieta en
el suelo que se traga al oponente. Su potencia
depende de la del movimiento original."
tectonic-rage/lets-go-pikachu-lets-go-eevee/it,flavor_text(z-split),"Grazie al Potere Z, chi la usa si tuffa nelle viscere
della terra e colpisce con violenza il bersaglio. La
potenza varia a seconda della mossa su cui si basa.",Dummy Data,"Grazie al Potere Z, chi la usa si tuffa nelle viscere
della terra e colpisce con violenza il bersaglio. La
potenza varia a seconda della mossa su cui si basa."
tectonic-rage/lets-go-pikachu-lets-go-eevee/en,flavor_text(z-split),"The user burrows deep into the ground and slams
into the target with the full force of its Z-Power.
The power varies, depending on the original move.",Dummy Data,"The user burrows deep into the ground and slams
into the target with the full force of its Z-Power.
The power varies, depending on the original move."
tectonic-rage/lets-go-pikachu-lets-go-eevee/ja,flavor_text(z-split),"Ｚパワーで　地面の　奥深くに　潜り
全力で　相手に　ぶつかる。
元になった　技で　威力が　変わる。",ダミーデータ,"Ｚパワーで　地面の　奥深くに　潜り
全力で　相手に　ぶつかる。
元になった　技で　威力が　変わる。"
tectonic-rage/lets-go-pikachu-lets-go-eevee/zh-hans,flavor_text(z-split),"通过Ｚ力量潜入地里最深处，
全力撞上对手。
威力会根据原来的招式而改变。",ダミーデータ,"通过Ｚ力量潜入地里最深处，
全力撞上对手。
威力会根据原来的招式而改变。"
tectonic-rage/lets-go-pikachu-lets-go-eevee/es-419,flavor_text(z-split),"Emplea el Poder Z para abrir una profunda grieta en
el suelo que se traga al oponente. Su potencia
depende de la del movimiento original.",Dummy data,"Emplea el Poder Z para abrir una profunda grieta en
el suelo que se traga al oponente. Su potencia
depende de la del movimiento original."
continental-crush/sun-moon/ja-hrkt,flavor_text(z-split),"Ｚパワーで　おおきな　いわやまを　よびだし
ぜんりょくで　あいてに　ぶつける。
もとになった　わざで　いりょくが　かわる。",ダミーデータ,"Ｚパワーで　おおきな　いわやまを　よびだし
ぜんりょくで　あいてに　ぶつける。
もとになった　わざで　いりょくが　かわる。"
continental-crush/sun-moon/ko,flavor_text(z-split),"Z파워로 큰 바위산을 불러내
전력으로 상대에게 부딪친다.
원래 기술에 따라 위력이 변한다.",Dummy Data,"Z파워로 큰 바위산을 불러내
전력으로 상대에게 부딪친다.
원래 기술에 따라 위력이 변한다."
continental-crush/sun-moon/zh-hant,flavor_text(z-split),"透過Ｚ力量召喚大大的岩山，
全力撞向對手。
威力會隨原本的招式而改變。",ダミーデータ,"透過Ｚ力量召喚大大的岩山，
全力撞向對手。
威力會隨原本的招式而改變。"
continental-crush/sun-moon/fr,flavor_text(z-split),"Le Pokémon utilise la Force Z pour créer un immense
rocher et écraser l’adversaire avec. La puissance
varie selon celle de la capacité originale.",Dummy,"Le Pokémon utilise la Force Z pour créer un immense
rocher et écraser l’adversaire avec. La puissance
varie selon celle de la capacité originale."
continental-crush/sun-moon/de,flavor_text(z-split),"Der Anwender beschwört mit Z-Kraft einen großen
Felsen herbei und lässt ihn auf das Ziel fallen. Die
Stärke variiert je nach zugrunde liegender Attacke.",Dummy data,"Der Anwender beschwört mit Z-Kraft einen großen
Felsen herbei und lässt ihn auf das Ziel fallen. Die
Stärke variiert je nach zugrunde liegender Attacke."
continental-crush/sun-moon/es,flavor_text(z-split),"El usuario emplea el Poder Z para crear una montaña
rocosa con la que aplasta al objetivo. Su potencia
depende de la del movimiento original.",Dummy data,"El usuario emplea el Poder Z para crear una montaña
rocosa con la que aplasta al objetivo. Su potencia
depende de la del movimiento original."
continental-crush/sun-moon/it,flavor_text(z-split),"Grazie al Potere Z, chi la usa crea un masso enorme
e lo lancia sul bersaglio schiacciandolo. La potenza
varia a seconda della mossa su cui si basa.",Dummy Data,"Grazie al Potere Z, chi la usa crea un masso enorme
e lo lancia sul bersaglio schiacciandolo. La potenza
varia a seconda della mossa su cui si basa."
continental-crush/sun-moon/en,flavor_text(z-split),"The user summons a huge rock mountain using its
Z-Power and drops it onto the target with full force.
The power varies, depending on the original move.",Dummy Data,"The user summons a huge rock mountain using its
Z-Power and drops it onto the target with full force.
The power varies, depending on the original move."
continental-crush/sun-moon/ja,flavor_text(z-split),"Ｚパワーで　大きな　岩山を　呼びだし
全力で　相手に　ぶつける。
元になった　技で　威力が　変わる。",ダミーデータ,"Ｚパワーで　大きな　岩山を　呼びだし
全力で　相手に　ぶつける。
元になった　技で　威力が　変わる。"
continental-crush/sun-moon/zh-hans,flavor_text(z-split),"通过Ｚ力量召唤大大的岩山，
全力撞向对手。
威力会根据原来的招式而改变。",ダミーデータ,"通过Ｚ力量召唤大大的岩山，
全力撞向对手。
威力会根据原来的招式而改变。"
continental-crush/sun-moon/es-419,flavor_text(z-split),"El usuario emplea el Poder Z para crear una montaña
rocosa con la que aplasta al objetivo. Su potencia
depende de la del movimiento original.",Dummy data,"El usuario emplea el Poder Z para crear una montaña
rocosa con la que aplasta al objetivo. Su potencia
depende de la del movimiento original."
continental-crush/ultra-sun-ultra-moon/ja-hrkt,flavor_text(z-split),"Ｚパワーで　おおきな　いわやまを　よびだし
ぜんりょくで　あいてに　ぶつける。
もとになった　わざで　いりょくが　かわる。",ダミーデータ,"Ｚパワーで　おおきな　いわやまを　よびだし
ぜんりょくで　あいてに　ぶつける。
もとになった　わざで　いりょくが　かわる。"
continental-crush/ultra-sun-ultra-moon/ko,flavor_text(z-split),"Z파워로 큰 바위산을 불러내
전력으로 상대에게 부딪친다.
원래 기술에 따라 위력이 변한다.",Dummy Data,"Z파워로 큰 바위산을 불러내
전력으로 상대에게 부딪친다.
원래 기술에 따라 위력이 변한다."
continental-crush/ultra-sun-ultra-moon/zh-hant,flavor_text(z-split),"透過Ｚ力量召喚大大的岩山，
全力撞向對手。
威力會隨原本的招式而改變。",ダミーデータ,"透過Ｚ力量召喚大大的岩山，
全力撞向對手。
威力會隨原本的招式而改變。"
continental-crush/ultra-sun-ultra-moon/fr,flavor_text(z-split),"Le Pokémon utilise la Force Z pour créer un immense
rocher et écraser l’adversaire avec. La puissance
varie selon celle de la capacité originale.",Dummy,"Le Pokémon utilise la Force Z pour créer un immense
rocher et écraser l’adversaire avec. La puissance
varie selon celle de la capacité originale."
continental-crush/ultra-sun-ultra-moon/de,flavor_text(z-split),"Der Anwender beschwört mit Z-Kraft einen großen
Felsen herbei und lässt ihn auf das Ziel fallen. Die
Stärke variiert je nach zugrunde liegender Attacke.",Dummy data,"Der Anwender beschwört mit Z-Kraft einen großen
Felsen herbei und lässt ihn auf das Ziel fallen. Die
Stärke variiert je nach zugrunde liegender Attacke."
continental-crush/ultra-sun-ultra-moon/es,flavor_text(z-split),"El usuario emplea el Poder Z para crear una montaña
rocosa con la que aplasta al objetivo. Su potencia
depende de la del movimiento original.",Dummy data,"El usuario emplea el Poder Z para crear una montaña
rocosa con la que aplasta al objetivo. Su potencia
depende de la del movimiento original."
continental-crush/ultra-sun-ultra-moon/it,flavor_text(z-split),"Grazie al Potere Z, chi la usa crea un masso enorme
e lo lancia sul bersaglio schiacciandolo. La potenza
varia a seconda della mossa su cui si basa.",Dummy Data,"Grazie al Potere Z, chi la usa crea un masso enorme
e lo lancia sul bersaglio schiacciandolo. La potenza
varia a seconda della mossa su cui si basa."
continental-crush/ultra-sun-ultra-moon/en,flavor_text(z-split),"The user summons a huge rock mountain using its
Z-Power and drops it onto the target with full force.
The power varies, depending on the original move.",Dummy Data,"The user summons a huge rock mountain using its
Z-Power and drops it onto the target with full force.
The power varies, depending on the original move."
continental-crush/ultra-sun-ultra-moon/ja,flavor_text(z-split),"Ｚパワーで　大きな　岩山を　呼びだし
全力で　相手に　ぶつける。
元になった　技で　威力が　変わる。",ダミーデータ,"Ｚパワーで　大きな　岩山を　呼びだし
全力で　相手に　ぶつける。
元になった　技で　威力が　変わる。"
continental-crush/ultra-sun-ultra-moon/zh-hans,flavor_text(z-split),"通过Ｚ力量召唤大大的岩山，
全力撞向对手。
威力会根据原来的招式而改变。",ダミーデータ,"通过Ｚ力量召唤大大的岩山，
全力撞向对手。
威力会根据原来的招式而改变。"
continental-crush/ultra-sun-ultra-moon/es-419,flavor_text(z-split),"El usuario emplea el Poder Z para crear una montaña
rocosa con la que aplasta al objetivo. Su potencia
depende de la del movimiento original.",Dummy data,"El usuario emplea el Poder Z para crear una montaña
rocosa con la que aplasta al objetivo. Su potencia
depende de la del movimiento original."
continental-crush/lets-go-pikachu-lets-go-eevee/ja-hrkt,flavor_text(z-split),"Ｚパワーで　おおきな　いわやまを　よびだし
ぜんりょくで　あいてに　ぶつける。
もとになった　わざで　いりょくが　かわる。",ダミーデータ,"Ｚパワーで　おおきな　いわやまを　よびだし
ぜんりょくで　あいてに　ぶつける。
もとになった　わざで　いりょくが　かわる。"
continental-crush/lets-go-pikachu-lets-go-eevee/ko,flavor_text(z-split),"Z파워로 큰 바위산을 불러내
전력으로 상대에게 부딪친다.
원래 기술에 따라 위력이 변한다.",Dummy Data,"Z파워로 큰 바위산을 불러내
전력으로 상대에게 부딪친다.
원래 기술에 따라 위력이 변한다."
continental-crush/lets-go-pikachu-lets-go-eevee/zh-hant,flavor_text(z-split),"透過Ｚ力量召喚大大的岩山，
全力撞向對手。
威力會隨原本的招式而改變。",ダミーデータ,"透過Ｚ力量召喚大大的岩山，
全力撞向對手。
威力會隨原本的招式而改變。"
continental-crush/lets-go-pikachu-lets-go-eevee/fr,flavor_text(z-split),"Le Pokémon utilise la Force Z pour créer un immense
rocher et écraser l’adversaire avec. La puissance varie
selon celle de la capacité originale.",Dummy,"Le Pokémon utilise la Force Z pour créer un immense
rocher et écraser l’adversaire avec. La puissance varie
selon celle de la capacité originale."
continental-crush/lets-go-pikachu-lets-go-eevee/de,flavor_text(z-split),"Der Anwender beschwört mit Z-Kraft einen großen
Felsen herbei und lässt ihn auf das Ziel fallen. Die
Stärke variiert je nach zugrunde liegender Attacke.",Dummy data,"Der Anwender beschwört mit Z-Kraft einen großen
Felsen herbei und lässt ihn auf das Ziel fallen. Die
Stärke variiert je nach zugrunde liegender Attacke."
continental-crush/lets-go-pikachu-lets-go-eevee/es,flavor_text(z-split),"El usuario emplea el Poder Z para crear una montaña
rocosa con la que aplasta al objetivo. Su potencia
depende de la del movimiento original.",Dummy data,"El usuario emplea el Poder Z para crear una montaña
rocosa con la que aplasta al objetivo. Su potencia
depende de la del movimiento original."
continental-crush/lets-go-pikachu-lets-go-eevee/it,flavor_text(z-split),"Grazie al Potere Z, chi la usa crea un masso enorme
e lo lancia sul bersaglio schiacciandolo. La potenza
varia a seconda della mossa su cui si basa.",Dummy Data,"Grazie al Potere Z, chi la usa crea un masso enorme
e lo lancia sul bersaglio schiacciandolo. La potenza
varia a seconda della mossa su cui si basa."
continental-crush/lets-go-pikachu-lets-go-eevee/en,flavor_text(z-split),"The user summons a huge rock mountain using its
Z-Power and drops it onto the target with full force.
The power varies, depending on the original move.",Dummy Data,"The user summons a huge rock mountain using its
Z-Power and drops it onto the target with full force.
The power varies, depending on the original move."
continental-crush/lets-go-pikachu-lets-go-eevee/ja,flavor_text(z-split),"Ｚパワーで　大きな　岩山を　呼びだし
全力で　相手に　ぶつける。
元になった　技で　威力が　変わる。",ダミーデータ,"Ｚパワーで　大きな　岩山を　呼びだし
全力で　相手に　ぶつける。
元になった　技で　威力が　変わる。"
continental-crush/lets-go-pikachu-lets-go-eevee/zh-hans,flavor_text(z-split),"通过Ｚ力量召唤大大的岩山，
全力撞向对手。
威力会根据原来的招式而改变。",ダミーデータ,"通过Ｚ力量召唤大大的岩山，
全力撞向对手。
威力会根据原来的招式而改变。"
continental-crush/lets-go-pikachu-lets-go-eevee/es-419,flavor_text(z-split),"El usuario emplea el Poder Z para crear una montaña
rocosa con la que aplasta al objetivo. Su potencia
depende de la del movimiento original.",Dummy data,"El usuario emplea el Poder Z para crear una montaña
rocosa con la que aplasta al objetivo. Su potencia
depende de la del movimiento original."
savage-spin-out/sun-moon/ja-hrkt,flavor_text(z-split),"Ｚパワーで　はきだした　いとが
ぜんりょくで　あいてを　しばりつける。
もとになった　わざで　いりょくが　かわる。",ダミーデータ,"Ｚパワーで　はきだした　いとが
ぜんりょくで　あいてを　しばりつける。
もとになった　わざで　いりょくが　かわる。"
savage-spin-out/sun-moon/ko,flavor_text(z-split),"Z파워로 뱉어낸 실이
전력으로 상대를 붙들어 맨다.
원래 기술에 따라 위력이 변한다.",Dummy Data,"Z파워로 뱉어낸 실이
전력으로 상대를 붙들어 맨다.
원래 기술에 따라 위력이 변한다."
savage-spin-out/sun-moon/zh-hant,flavor_text(z-split),"透過Ｚ力量用吐出的絲線
全力束縛對手。
威力會隨原本的招式而改變。",ダミーデータ,"透過Ｚ力量用吐出的絲線
全力束縛對手。
威力會隨原本的招式而改變。"
savage-spin-out/sun-moon/fr,flavor_text(z-split),"Le Pokémon utilise la Force Z pour cracher de longs
fils de soie et enserrer l’adversaire. La puissance
varie selon celle de la capacité originale.",Dummy,"Le Pokémon utilise la Force Z pour cracher de longs
fils de soie et enserrer l’adversaire. La puissance
varie selon celle de la capacité originale."
savage-spin-out/sun-moon/de,flavor_text(z-split),"Mithilfe von Z-Kraft umwickelt der Anwender das
Ziel mit Fäden. Die Stärke variiert je nach zugrunde
liegender Attacke.",Dummy data,"Mithilfe von Z-Kraft umwickelt der Anwender das
Ziel mit Fäden. Die Stärke variiert je nach zugrunde
liegender Attacke."
savage-spin-out/sun-moon/es,flavor_text(z-split),"Emplea el Poder Z para encerrar a su oponente en
un capullo contra el que arremete con fuerza.
Su potencia depende de la del movimiento original.",Dummy data,"Emplea el Poder Z para encerrar a su oponente en
un capullo contra el que arremete con fuerza.
Su potencia depende de la del movimiento original."
savage-spin-out/sun-moon/it,flavor_text(z-split),"Chi la usa sfrutta il Potere Z per creare dei
filamenti che intrappolano il bersaglio. La potenza
varia a seconda della mossa su cui si basa.",Dummy Data,"Chi la usa sfrutta il Potere Z per creare dei
filamenti che intrappolano il bersaglio. La potenza
varia a seconda della mossa su cui si basa."
savage-spin-out/sun-moon/en,flavor_text(z-split),"The user binds the target with full force with
threads of silk that the user spits using its Z-Power.
The power varies, depending on the original move.",Dummy Data,"The user binds the target with full force with
threads of silk that the user spits using its Z-Power.
The power varies, depending on the original move."
savage-spin-out/sun-moon/ja,flavor_text(z-split),"Ｚパワーで　吐きだした　糸が
全力で　相手を　縛りつける。
元になった　技で　威力が　変わる。",ダミーデータ,"Ｚパワーで　吐きだした　糸が
全力で　相手を　縛りつける。
元になった　技で　威力が　変わる。"
savage-spin-out/sun-moon/zh-hans,flavor_text(z-split),"通过Ｚ力量将吐出的丝线
全力束缚对手。
威力会根据原来的招式而改变。",ダミーデータ,"通过Ｚ力量将吐出的丝线
全力束缚对手。
威力会根据原来的招式而改变。"
savage-spin-out/sun-moon/es-419,flavor_text(z-split),"Emplea el Poder Z para encerrar a su oponente en
un capullo contra el que arremete con fuerza.
Su potencia depende de la del movimiento original.",Dummy data,"Emplea el Poder Z para encerrar a su oponente en
un capullo contra el que arremete con fuerza.
Su potencia depende de la del movimiento original."
savage-spin-out/ultra-sun-ultra-moon/ja-hrkt,flavor_text(z-split),"Ｚパワーで　はきだした　いとが
ぜんりょくで　あいてを　しばりつける。
もとになった　わざで　いりょくが　かわる。",ダミーデータ,"Ｚパワーで　はきだした　いとが
ぜんりょくで　あいてを　しばりつける。
もとになった　わざで　いりょくが　かわる。"
savage-spin-out/ultra-sun-ultra-moon/ko,flavor_text(z-split),"Z파워로 뱉어낸 실이
전력으로 상대를 붙들어 맨다.
원래 기술에 따라 위력이 변한다.",Dummy Data,"Z파워로 뱉어낸 실이
전력으로 상대를 붙들어 맨다.
원래 기술에 따라 위력이 변한다."
savage-spin-out/ultra-sun-ultra-moon/zh-hant,flavor_text(z-split),"透過Ｚ力量用吐出的絲線
全力束縛對手。
威力會隨原本的招式而改變。",ダミーデータ,"透過Ｚ力量用吐出的絲線
全力束縛對手。
威力會隨原本的招式而改變。"
savage-spin-out/ultra-sun-ultra-moon/fr,flavor_text(z-split),"Le Pokémon utilise la Force Z pour cracher de longs
fils de soie et enserrer l’adversaire. La puissance
varie selon celle de la capacité originale.",Dummy,"Le Pokémon utilise la Force Z pour cracher de longs
fils de soie et enserrer l’adversaire. La puissance
varie selon celle de la capacité originale."
savage-spin-out/ultra-sun-ultra-moon/de,flavor_text(z-split),"Mithilfe von Z-Kraft umwickelt der Anwender das
Ziel mit Fäden. Die Stärke variiert je nach zugrunde
liegender Attacke.",Dummy data,"Mithilfe von Z-Kraft umwickelt der Anwender das
Ziel mit Fäden. Die Stärke variiert je nach zugrunde
liegender Attacke."
savage-spin-out/ultra-sun-ultra-moon/es,flavor_text(z-split),"Emplea el Poder Z para encerrar a su oponente en
un capullo contra el que arremete con fuerza.
Su potencia depende de la del movimiento original.",Dummy data,"Emplea el Poder Z para encerrar a su oponente en
un capullo contra el que arremete con fuerza.
Su potencia depende de la del movimiento original."
savage-spin-out/ultra-sun-ultra-moon/it,flavor_text(z-split),"Chi la usa sfrutta il Potere Z per creare dei
filamenti che intrappolano il bersaglio. La potenza
varia a seconda della mossa su cui si basa.",Dummy Data,"Chi la usa sfrutta il Potere Z per creare dei
filamenti che intrappolano il bersaglio. La potenza
varia a seconda della mossa su cui si basa."
savage-spin-out/ultra-sun-ultra-moon/en,flavor_text(z-split),"The user binds the target with full force with
threads of silk that the user spits using its Z-Power.
The power varies, depending on the original move.",Dummy Data,"The user binds the target with full force with
threads of silk that the user spits using its Z-Power.
The power varies, depending on the original move."
savage-spin-out/ultra-sun-ultra-moon/ja,flavor_text(z-split),"Ｚパワーで　吐きだした　糸が
全力で　相手を　縛りつける。
元になった　技で　威力が　変わる。",ダミーデータ,"Ｚパワーで　吐きだした　糸が
全力で　相手を　縛りつける。
元になった　技で　威力が　変わる。"
savage-spin-out/ultra-sun-ultra-moon/zh-hans,flavor_text(z-split),"通过Ｚ力量将吐出的丝线
全力束缚对手。
威力会根据原来的招式而改变。",ダミーデータ,"通过Ｚ力量将吐出的丝线
全力束缚对手。
威力会根据原来的招式而改变。"
savage-spin-out/ultra-sun-ultra-moon/es-419,flavor_text(z-split),"Emplea el Poder Z para encerrar a su oponente en
un capullo contra el que arremete con fuerza.
Su potencia depende de la del movimiento original.",Dummy data,"Emplea el Poder Z para encerrar a su oponente en
un capullo contra el que arremete con fuerza.
Su potencia depende de la del movimiento original."
savage-spin-out/lets-go-pikachu-lets-go-eevee/ja-hrkt,flavor_text(z-split),"Ｚパワーで　はきだした　いとが
ぜんりょくで　あいてを　しばりつける。
もとになった　わざで　いりょくが　かわる。",ダミーデータ,"Ｚパワーで　はきだした　いとが
ぜんりょくで　あいてを　しばりつける。
もとになった　わざで　いりょくが　かわる。"
savage-spin-out/lets-go-pikachu-lets-go-eevee/ko,flavor_text(z-split),"Z파워로 뱉어낸 실이
전력으로 상대를 붙들어 맨다.
원래 기술에 따라 위력이 변한다.",Dummy Data,"Z파워로 뱉어낸 실이
전력으로 상대를 붙들어 맨다.
원래 기술에 따라 위력이 변한다."
savage-spin-out/lets-go-pikachu-lets-go-eevee/zh-hant,flavor_text(z-split),"透過Ｚ力量用吐出的絲線
全力束縛對手。
威力會隨原本的招式而改變。",ダミーデータ,"透過Ｚ力量用吐出的絲線
全力束縛對手。
威力會隨原本的招式而改變。"
savage-spin-out/lets-go-pikachu-lets-go-eevee/fr,flavor_text(z-split),"Le Pokémon utilise la Force Z pour cracher de longs
fils de soie et enserrer l’adversaire. La puissance varie
selon celle de la capacité originale.",Dummy,"Le Pokémon utilise la Force Z pour cracher de longs
fils de soie et enserrer l’adversaire. La puissance varie
selon celle de la capacité originale."
savage-spin-out/lets-go-pikachu-lets-go-eevee/de,flavor_text(z-split),"Mithilfe von Z-Kraft umwickelt der Anwender das
Ziel mit Fäden. Die Stärke variiert je nach zugrunde
liegender Attacke.",Dummy data,"Mithilfe von Z-Kraft umwickelt der Anwender das
Ziel mit Fäden. Die Stärke variiert je nach zugrunde
liegender Attacke."
savage-spin-out/lets-go-pikachu-lets-go-eevee/es,flavor_text(z-split),"Emplea el Poder Z para encerrar a su oponente en
un capullo contra el que arremete con fuerza.
Su potencia depende de la del movimiento original.",Dummy data,"Emplea el Poder Z para encerrar a su oponente en
un capullo contra el que arremete con fuerza.
Su potencia depende de la del movimiento original."
savage-spin-out/lets-go-pikachu-lets-go-eevee/it,flavor_text(z-split),"Chi la usa sfrutta il Potere Z per creare dei
filamenti che intrappolano il bersaglio. La potenza
varia a seconda della mossa su cui si basa.",Dummy Data,"Chi la usa sfrutta il Potere Z per creare dei
filamenti che intrappolano il bersaglio. La potenza
varia a seconda della mossa su cui si basa."
savage-spin-out/lets-go-pikachu-lets-go-eevee/en,flavor_text(z-split),"The user binds the target with full force with
threads of silk that the user spits using its Z-Power.
The power varies, depending on the original move.",Dummy Data,"The user binds the target with full force with
threads of silk that the user spits using its Z-Power.
The power varies, depending on the original move."
savage-spin-out/lets-go-pikachu-lets-go-eevee/ja,flavor_text(z-split),"Ｚパワーで　吐きだした　糸が
全力で　相手を　縛りつける。
元になった　技で　威力が　変わる。",ダミーデータ,"Ｚパワーで　吐きだした　糸が
全力で　相手を　縛りつける。
元になった　技で　威力が　変わる。"
savage-spin-out/lets-go-pikachu-lets-go-eevee/zh-hans,flavor_text(z-split),"通过Ｚ力量将吐出的丝线
全力束缚对手。
威力会根据原来的招式而改变。",ダミーデータ,"通过Ｚ力量将吐出的丝线
全力束缚对手。
威力会根据原来的招式而改变。"
savage-spin-out/lets-go-pikachu-lets-go-eevee/es-419,flavor_text(z-split),"Emplea el Poder Z para encerrar a su oponente en
un capullo contra el que arremete con fuerza.
Su potencia depende de la del movimiento original.",Dummy data,"Emplea el Poder Z para encerrar a su oponente en
un capullo contra el que arremete con fuerza.
Su potencia depende de la del movimiento original."
never-ending-nightmare/sun-moon/ja-hrkt,flavor_text(z-split),"Ｚパワーで　よびよせた　つよい　おんねんが
ぜんりょくで　あいてに　ふりかかる。
もとになった　わざで　いりょくが　かわる。",ダミーデータ,"Ｚパワーで　よびよせた　つよい　おんねんが
ぜんりょくで　あいてに　ふりかかる。
もとになった　わざで　いりょくが　かわる。"
never-ending-nightmare/sun-moon/ko,flavor_text(z-split),"Z파워로 불러낸 강한 원념이
전력으로 상대에게 쏟아진다.
원래 기술에 따라 위력이 변한다.",Dummy Data,"Z파워로 불러낸 강한 원념이
전력으로 상대에게 쏟아진다.
원래 기술에 따라 위력이 변한다."
never-ending-nightmare/sun-moon/zh-hant,flavor_text(z-split),"透過Ｚ力量召喚強烈的怨念，
全力降禍到對手身上。
威力會隨原本的招式而改變。",ダミーデータ,"透過Ｚ力量召喚強烈的怨念，
全力降禍到對手身上。
威力會隨原本的招式而改變。"
never-ending-nightmare/sun-moon/fr,flavor_text(z-split),"Le Pokémon utilise la Force Z pour invoquer des
esprits rancuniers qui s’abattent sur l’adversaire. La
puissance varie selon celle de la capacité originale.",Dummy,"Le Pokémon utilise la Force Z pour invoquer des
esprits rancuniers qui s’abattent sur l’adversaire. La
puissance varie selon celle de la capacité originale."
never-ending-nightmare/sun-moon/de,flavor_text(z-split),"Der Anwender beschwört mit Z-Kraft tiefen Groll
herbei und lässt diesen auf das Ziel los. Die Stärke
variiert je nach zugrunde liegender Attacke.",Dummy data,"Der Anwender beschwört mit Z-Kraft tiefen Groll
herbei und lässt diesen auf das Ziel los. Die Stärke
variiert je nach zugrunde liegender Attacke."
never-ending-nightmare/sun-moon/es,flavor_text(z-split),"El usuario emplea el Poder Z para invocar a unos
espectros encolerizados que apresan al objetivo.
Su potencia depende de la del movimiento original.",Dummy data,"El usuario emplea el Poder Z para invocar a unos
espectros encolerizados que apresan al objetivo.
Su potencia depende de la del movimiento original."
never-ending-nightmare/sun-moon/it,flavor_text(z-split),"Grazie al Potere Z, chi la usa intrappola il bersaglio
in una morsa generata dal proprio rancore. La
potenza varia a seconda della mossa su cui si basa.",Dummy Data,"Grazie al Potere Z, chi la usa intrappola il bersaglio
in una morsa generata dal proprio rancore. La
potenza varia a seconda della mossa su cui si basa."
never-ending-nightmare/sun-moon/en,flavor_text(z-split),"Deep-seated grudges summoned by the user’s
Z-Power trap the target. The power varies,
depending on the original move.",Dummy Data,"Deep-seated grudges summoned by the user’s
Z-Power trap the target. The power varies,
depending on the original move."
never-ending-nightmare/sun-moon/ja,flavor_text(z-split),"Ｚパワーで　呼びよせた　強い　怨念が
全力で　相手に　降りかかる。
元になった　技で　威力が　変わる。",ダミーデータ,"Ｚパワーで　呼びよせた　強い　怨念が
全力で　相手に　降りかかる。
元になった　技で　威力が　変わる。"
never-ending-nightmare/sun-moon/zh-hans,flavor_text(z-split),"通过Ｚ力量召唤强烈的怨念，
全力降临到对手身上。
威力会根据原来的招式而改变。",ダミーデータ,"通过Ｚ力量召唤强烈的怨念，
全力降临到对手身上。
威力会根据原来的招式而改变。"
never-ending-nightmare/sun-moon/es-419,flavor_text(z-split),"El usuario emplea el Poder Z para invocar a unos
espectros encolerizados que apresan al objetivo.
Su potencia depende de la del movimiento original.",Dummy data,"El usuario emplea el Poder Z para invocar a unos
espectros encolerizados que apresan al objetivo.
Su potencia depende de la del movimiento original."
never-ending-nightmare/ultra-sun-ultra-moon/ja-hrkt,flavor_text(z-split),"Ｚパワーで　よびよせた　つよい　おんねんが
ぜんりょくで　あいてに　ふりかかる。
もとになった　わざで　いりょくが　かわる。",ダミーデータ,"Ｚパワーで　よびよせた　つよい　おんねんが
ぜんりょくで　あいてに　ふりかかる。
もとになった　わざで　いりょくが　かわる。"
never-ending-nightmare/ultra-sun-ultra-moon/ko,flavor_text(z-split),"Z파워로 불러낸 강한 원념이
전력으로 상대에게 쏟아진다.
원래 기술에 따라 위력이 변한다.",Dummy Data,"Z파워로 불러낸 강한 원념이
전력으로 상대에게 쏟아진다.
원래 기술에 따라 위력이 변한다."
never-ending-nightmare/ultra-sun-ultra-moon/zh-hant,flavor_text(z-split),"透過Ｚ力量召喚強烈的怨念，
全力降禍到對手身上。
威力會隨原本的招式而改變。",ダミーデータ,"透過Ｚ力量召喚強烈的怨念，
全力降禍到對手身上。
威力會隨原本的招式而改變。"
never-ending-nightmare/ultra-sun-ultra-moon/fr,flavor_text(z-split),"Le Pokémon utilise la Force Z pour invoquer des
esprits rancuniers qui s’abattent sur l’adversaire. La
puissance varie selon celle de la capacité originale.",Dummy,"Le Pokémon utilise la Force Z pour invoquer des
esprits rancuniers qui s’abattent sur l’adversaire. La
puissance varie selon celle de la capacité originale."
never-ending-nightmare/ultra-sun-ultra-moon/de,flavor_text(z-split),"Der Anwender beschwört mit Z-Kraft tiefen Groll
herbei und lässt diesen auf das Ziel los. Die Stärke
variiert je nach zugrunde liegender Attacke.",Dummy data,"Der Anwender beschwört mit Z-Kraft tiefen Groll
herbei und lässt diesen auf das Ziel los. Die Stärke
variiert je nach zugrunde liegender Attacke."
never-ending-nightmare/ultra-sun-ultra-moon/es,flavor_text(z-split),"El usuario emplea el Poder Z para invocar a unos
espectros encolerizados que apresan al objetivo.
Su potencia depende de la del movimiento original.",Dummy data,"El usuario emplea el Poder Z para invocar a unos
espectros encolerizados que apresan al objetivo.
Su potencia depende de la del movimiento original."
never-ending-nightmare/ultra-sun-ultra-moon/it,flavor_text(z-split),"Grazie al Potere Z, chi la usa intrappola il bersaglio
in una morsa generata dal proprio rancore. La
potenza varia a seconda della mossa su cui si basa.",Dummy Data,"Grazie al Potere Z, chi la usa intrappola il bersaglio
in una morsa generata dal proprio rancore. La
potenza varia a seconda della mossa su cui si basa."
never-ending-nightmare/ultra-sun-ultra-moon/en,flavor_text(z-split),"Deep-seated grudges summoned by the user’s
Z-Power trap the target. The power varies,
depending on the original move.",Dummy Data,"Deep-seated grudges summoned by the user’s
Z-Power trap the target. The power varies,
depending on the original move."
never-ending-nightmare/ultra-sun-ultra-moon/ja,flavor_text(z-split),"Ｚパワーで　呼びよせた　強い　怨念が
全力で　相手に　降りかかる。
元になった　技で　威力が　変わる。",ダミーデータ,"Ｚパワーで　呼びよせた　強い　怨念が
全力で　相手に　降りかかる。
元になった　技で　威力が　変わる。"
never-ending-nightmare/ultra-sun-ultra-moon/zh-hans,flavor_text(z-split),"通过Ｚ力量召唤强烈的怨念，
全力降临到对手身上。
威力会根据原来的招式而改变。",ダミーデータ,"通过Ｚ力量召唤强烈的怨念，
全力降临到对手身上。
威力会根据原来的招式而改变。"
never-ending-nightmare/ultra-sun-ultra-moon/es-419,flavor_text(z-split),"El usuario emplea el Poder Z para invocar a unos
espectros encolerizados que apresan al objetivo.
Su potencia depende de la del movimiento original.",Dummy data,"El usuario emplea el Poder Z para invocar a unos
espectros encolerizados que apresan al objetivo.
Su potencia depende de la del movimiento original."
never-ending-nightmare/lets-go-pikachu-lets-go-eevee/ja-hrkt,flavor_text(z-split),"Ｚパワーで　よびよせた　つよい　おんねんが
ぜんりょくで　あいてに　ふりかかる。
もとになった　わざで　いりょくが　かわる。",ダミーデータ,"Ｚパワーで　よびよせた　つよい　おんねんが
ぜんりょくで　あいてに　ふりかかる。
もとになった　わざで　いりょくが　かわる。"
never-ending-nightmare/lets-go-pikachu-lets-go-eevee/ko,flavor_text(z-split),"Z파워로 불러낸 강한 원념이
전력으로 상대에게 쏟아진다.
원래 기술에 따라 위력이 변한다.",Dummy Data,"Z파워로 불러낸 강한 원념이
전력으로 상대에게 쏟아진다.
원래 기술에 따라 위력이 변한다."
never-ending-nightmare/lets-go-pikachu-lets-go-eevee/zh-hant,flavor_text(z-split),"透過Ｚ力量召喚強烈的怨念，
全力降禍到對手身上。
威力會隨原本的招式而改變。",ダミーデータ,"透過Ｚ力量召喚強烈的怨念，
全力降禍到對手身上。
威力會隨原本的招式而改變。"
never-ending-nightmare/lets-go-pikachu-lets-go-eevee/fr,flavor_text(z-split),"Le Pokémon utilise la Force Z pour invoquer des esprits
rancuniers qui s’abattent sur l’adversaire. La puissance
varie selon celle de la capacité originale.",Dummy,"Le Pokémon utilise la Force Z pour invoquer des esprits
rancuniers qui s’abattent sur l’adversaire. La puissance
varie selon celle de la capacité originale."
never-ending-nightmare/lets-go-pikachu-lets-go-eevee/de,flavor_text(z-split),"Der Anwender beschwört mit Z-Kraft tiefen Groll
herbei und lässt diesen auf das Ziel los. Die Stärke
variiert je nach zugrunde liegender Attacke.",Dummy data,"Der Anwender beschwört mit Z-Kraft tiefen Groll
herbei und lässt diesen auf das Ziel los. Die Stärke
variiert je nach zugrunde liegender Attacke."
never-ending-nightmare/lets-go-pikachu-lets-go-eevee/es,flavor_text(z-split),"El usuario emplea el Poder Z para invocar a unos
espectros encolerizados que apresan al objetivo.
Su potencia depende de la del movimiento original.",Dummy data,"El usuario emplea el Poder Z para invocar a unos
espectros encolerizados que apresan al objetivo.
Su potencia depende de la del movimiento original."
never-ending-nightmare/lets-go-pikachu-lets-go-eevee/it,flavor_text(z-split),"Grazie al Potere Z, chi la usa intrappola il bersaglio
in una morsa generata dal proprio rancore. La
potenza varia a seconda della mossa su cui si basa.",Dummy Data,"Grazie al Potere Z, chi la usa intrappola il bersaglio
in una morsa generata dal proprio rancore. La
potenza varia a seconda della mossa su cui si basa."
never-ending-nightmare/lets-go-pikachu-lets-go-eevee/en,flavor_text(z-split),"Deep-seated grudges summoned by the user’s
Z-Power trap the target. The power varies,
depending on the original move.",Dummy Data,"Deep-seated grudges summoned by the user’s
Z-Power trap the target. The power varies,
depending on the original move."
never-ending-nightmare/lets-go-pikachu-lets-go-eevee/ja,flavor_text(z-split),"Ｚパワーで　呼びよせた　強い　怨念が
全力で　相手に　降りかかる。
元になった　技で　威力が　変わる。",ダミーデータ,"Ｚパワーで　呼びよせた　強い　怨念が
全力で　相手に　降りかかる。
元になった　技で　威力が　変わる。"
never-ending-nightmare/lets-go-pikachu-lets-go-eevee/zh-hans,flavor_text(z-split),"通过Ｚ力量召唤强烈的怨念，
全力降临到对手身上。
威力会根据原来的招式而改变。",ダミーデータ,"通过Ｚ力量召唤强烈的怨念，
全力降临到对手身上。
威力会根据原来的招式而改变。"
never-ending-nightmare/lets-go-pikachu-lets-go-eevee/es-419,flavor_text(z-split),"El usuario emplea el Poder Z para invocar a unos
espectros encolerizados que apresan al objetivo.
Su potencia depende de la del movimiento original.",Dummy data,"El usuario emplea el Poder Z para invocar a unos
espectros encolerizados que apresan al objetivo.
Su potencia depende de la del movimiento original."
corkscrew-crash/sun-moon/ja-hrkt,flavor_text(z-split),"Ｚパワーで　こうそくかいてんを　おこない
ぜんりょくで　あいてに　ぶつかる。
もとになった　わざで　いりょくが　かわる。",ダミーデータ,"Ｚパワーで　こうそくかいてんを　おこない
ぜんりょくで　あいてに　ぶつかる。
もとになった　わざで　いりょくが　かわる。"
corkscrew-crash/sun-moon/ko,flavor_text(z-split),"Z파워로 고속 회전을 하여
전력으로 상대에게 부딪친다.
원래 기술에 따라 위력이 변한다.",Dummy Data,"Z파워로 고속 회전을 하여
전력으로 상대에게 부딪친다.
원래 기술에 따라 위력이 변한다."
corkscrew-crash/sun-moon/zh-hant,flavor_text(z-split),"透過Ｚ力量進行高速旋轉，
全力撞擊對手。
威力會隨原本的招式而改變。",ダミーデータ,"透過Ｚ力量進行高速旋轉，
全力撞擊對手。
威力會隨原本的招式而改變。"
corkscrew-crash/sun-moon/fr,flavor_text(z-split),"Le Pokémon utilise la Force Z pour tourner à toute
vitesse et écraser l’adversaire. La puissance varie
selon celle de la capacité originale.",Dummy,"Le Pokémon utilise la Force Z pour tourner à toute
vitesse et écraser l’adversaire. La puissance varie
selon celle de la capacité originale."
corkscrew-crash/sun-moon/de,flavor_text(z-split),"Der Anwender wirbelt durch Z-Kraft sehr schnell
umher und prallt mit dem Ziel zusammen. Die Stärke
variiert je nach zugrunde liegender Attacke.",Dummy data,"Der Anwender wirbelt durch Z-Kraft sehr schnell
umher und prallt mit dem Ziel zusammen. Die Stärke
variiert je nach zugrunde liegender Attacke."
corkscrew-crash/sun-moon/es,flavor_text(z-split),"El usuario emplea el Poder Z para girar a toda
velocidad y perforar al objetivo. Su potencia
depende de la del movimiento original.",Dummy data,"El usuario emplea el Poder Z para girar a toda
velocidad y perforar al objetivo. Su potencia
depende de la del movimiento original."
corkscrew-crash/sun-moon/it,flavor_text(z-split),"Grazie al Potere Z, chi la usa vortica su se stesso
e si scaglia sul bersaglio con tutte le sue forze. La
potenza varia a seconda della mossa su cui si basa.",Dummy Data,"Grazie al Potere Z, chi la usa vortica su se stesso
e si scaglia sul bersaglio con tutte le sue forze. La
potenza varia a seconda della mossa su cui si basa."
corkscrew-crash/sun-moon/en,flavor_text(z-split),"The user spins very fast and rams into the target
with the full force of its Z-Power. The power varies,
depending on the original move.",Dummy Data,"The user spins very fast and rams into the target
with the full force of its Z-Power. The power varies,
depending on the original move."
corkscrew-crash/sun-moon/ja,flavor_text(z-split),"Ｚパワーで　高速回転を　おこない
全力で　相手に　ぶつかる。
元になった　技で　威力が　変わる。",ダミーデータ,"Ｚパワーで　高速回転を　おこない
全力で　相手に　ぶつかる。
元になった　技で　威力が　変わる。"
corkscrew-crash/sun-moon/zh-hans,flavor_text(z-split),"通过Ｚ力量进行高速旋转，
全力撞上对手。
威力会根据原来的招式而改变。",ダミーデータ,"通过Ｚ力量进行高速旋转，
全力撞上对手。
威力会根据原来的招式而改变。"
corkscrew-crash/sun-moon/es-419,flavor_text(z-split),"El usuario emplea el Poder Z para girar a toda
velocidad y perforar al objetivo. Su potencia
depende de la del movimiento original.",Dummy data,"El usuario emplea el Poder Z para girar a toda
velocidad y perforar al objetivo. Su potencia
depende de la del movimiento original."
corkscrew-crash/ultra-sun-ultra-moon/ja-hrkt,flavor_text(z-split),"Ｚパワーで　こうそくかいてんを　おこない
ぜんりょくで　あいてに　ぶつかる。
もとになった　わざで　いりょくが　かわる。",ダミーデータ,"Ｚパワーで　こうそくかいてんを　おこない
ぜんりょくで　あいてに　ぶつかる。
もとになった　わざで　いりょくが　かわる。"
corkscrew-crash/ultra-sun-ultra-moon/ko,flavor_text(z-split),"Z파워로 고속 회전을 하여
전력으로 상대에게 부딪친다.
원래 기술에 따라 위력이 변한다.",Dummy Data,"Z파워로 고속 회전을 하여
전력으로 상대에게 부딪친다.
원래 기술에 따라 위력이 변한다."
corkscrew-crash/ultra-sun-ultra-moon/zh-hant,flavor_text(z-split),"透過Ｚ力量進行高速旋轉，
全力撞擊對手。
威力會隨原本的招式而改變。",ダミーデータ,"透過Ｚ力量進行高速旋轉，
全力撞擊對手。
威力會隨原本的招式而改變。"
corkscrew-crash/ultra-sun-ultra-moon/fr,flavor_text(z-split),"Le Pokémon utilise la Force Z pour tourner à toute
vitesse et écraser l’adversaire. La puissance varie
selon celle de la capacité originale.",Dummy,"Le Pokémon utilise la Force Z pour tourner à toute
vitesse et écraser l’adversaire. La puissance varie
selon celle de la capacité originale."
corkscrew-crash/ultra-sun-ultra-moon/de,flavor_text(z-split),"Der Anwender wirbelt durch Z-Kraft sehr schnell
umher und prallt mit dem Ziel zusammen. Die Stärke
variiert je nach zugrunde liegender Attacke.",Dummy data,"Der Anwender wirbelt durch Z-Kraft sehr schnell
umher und prallt mit dem Ziel zusammen. Die Stärke
variiert je nach zugrunde liegender Attacke."
corkscrew-crash/ultra-sun-ultra-moon/es,flavor_text(z-split),"El usuario emplea el Poder Z para girar a toda
velocidad y perforar al objetivo. Su potencia
depende de la del movimiento original.",Dummy data,"El usuario emplea el Poder Z para girar a toda
velocidad y perforar al objetivo. Su potencia
depende de la del movimiento original."
corkscrew-crash/ultra-sun-ultra-moon/it,flavor_text(z-split),"Grazie al Potere Z, chi la usa vortica su se stesso
e si scaglia sul bersaglio con tutte le sue forze. La
potenza varia a seconda della mossa su cui si basa.",Dummy Data,"Grazie al Potere Z, chi la usa vortica su se stesso
e si scaglia sul bersaglio con tutte le sue forze. La
potenza varia a seconda della mossa su cui si basa."
corkscrew-crash/ultra-sun-ultra-moon/en,flavor_text(z-split),"The user spins very fast and rams into the target
with the full force of its Z-Power. The power varies,
depending on the original move.",Dummy Data,"The user spins very fast and rams into the target
with the full force of its Z-Power. The power varies,
depending on the original move."
corkscrew-crash/ultra-sun-ultra-moon/ja,flavor_text(z-split),"Ｚパワーで　高速回転を　おこない
全力で　相手に　ぶつかる。
元になった　技で　威力が　変わる。",ダミーデータ,"Ｚパワーで　高速回転を　おこない
全力で　相手に　ぶつかる。
元になった　技で　威力が　変わる。"
corkscrew-crash/ultra-sun-ultra-moon/zh-hans,flavor_text(z-split),"通过Ｚ力量进行高速旋转，
全力撞上对手。
威力会根据原来的招式而改变。",ダミーデータ,"通过Ｚ力量进行高速旋转，
全力撞上对手。
威力会根据原来的招式而改变。"
corkscrew-crash/ultra-sun-ultra-moon/es-419,flavor_text(z-split),"El usuario emplea el Poder Z para girar a toda
velocidad y perforar al objetivo. Su potencia
depende de la del movimiento original.",Dummy data,"El usuario emplea el Poder Z para girar a toda
velocidad y perforar al objetivo. Su potencia
depende de la del movimiento original."
corkscrew-crash/lets-go-pikachu-lets-go-eevee/ja-hrkt,flavor_text(z-split),"Ｚパワーで　こうそくかいてんを　おこない
ぜんりょくで　あいてに　ぶつかる。
もとになった　わざで　いりょくが　かわる。",ダミーデータ,"Ｚパワーで　こうそくかいてんを　おこない
ぜんりょくで　あいてに　ぶつかる。
もとになった　わざで　いりょくが　かわる。"
corkscrew-crash/lets-go-pikachu-lets-go-eevee/ko,flavor_text(z-split),"Z파워로 고속 회전을 하여
전력으로 상대에게 부딪친다.
원래 기술에 따라 위력이 변한다.",Dummy Data,"Z파워로 고속 회전을 하여
전력으로 상대에게 부딪친다.
원래 기술에 따라 위력이 변한다."
corkscrew-crash/lets-go-pikachu-lets-go-eevee/zh-hant,flavor_text(z-split),"透過Ｚ力量進行高速旋轉，
全力撞擊對手。
威力會隨原本的招式而改變。",ダミーデータ,"透過Ｚ力量進行高速旋轉，
全力撞擊對手。
威力會隨原本的招式而改變。"
corkscrew-crash/lets-go-pikachu-lets-go-eevee/fr,flavor_text(z-split),"Le Pokémon utilise la Force Z pour tourner à toute
vitesse et écraser l’adversaire. La puissance varie
selon celle de la capacité originale.",Dummy,"Le Pokémon utilise la Force Z pour tourner à toute
vitesse et écraser l’adversaire. La puissance varie
selon celle de la capacité originale."
corkscrew-crash/lets-go-pikachu-lets-go-eevee/de,flavor_text(z-split),"Der Anwender wirbelt durch Z-Kraft sehr schnell
umher und prallt mit dem Ziel zusammen. Die Stärke
variiert je nach zugrunde liegender Attacke.",Dummy data,"Der Anwender wirbelt durch Z-Kraft sehr schnell
umher und prallt mit dem Ziel zusammen. Die Stärke
variiert je nach zugrunde liegender Attacke."
corkscrew-crash/lets-go-pikachu-lets-go-eevee/es,flavor_text(z-split),"El usuario emplea el Poder Z para girar a toda
velocidad y perforar al objetivo. Su potencia
depende de la del movimiento original.",Dummy data,"El usuario emplea el Poder Z para girar a toda
velocidad y perforar al objetivo. Su potencia
depende de la del movimiento original."
corkscrew-crash/lets-go-pikachu-lets-go-eevee/it,flavor_text(z-split),"Grazie al Potere Z, chi la usa vortica su se stesso
e si scaglia sul bersaglio con tutte le sue forze. La
potenza varia a seconda della mossa su cui si basa.",Dummy Data,"Grazie al Potere Z, chi la usa vortica su se stesso
e si scaglia sul bersaglio con tutte le sue forze. La
potenza varia a seconda della mossa su cui si basa."
corkscrew-crash/lets-go-pikachu-lets-go-eevee/en,flavor_text(z-split),"The user spins very fast and rams into the target
with the full force of its Z-Power. The power varies,
depending on the original move.",Dummy Data,"The user spins very fast and rams into the target
with the full force of its Z-Power. The power varies,
depending on the original move."
corkscrew-crash/lets-go-pikachu-lets-go-eevee/ja,flavor_text(z-split),"Ｚパワーで　高速回転を　おこない
全力で　相手に　ぶつかる。
元になった　技で　威力が　変わる。",ダミーデータ,"Ｚパワーで　高速回転を　おこない
全力で　相手に　ぶつかる。
元になった　技で　威力が　変わる。"
corkscrew-crash/lets-go-pikachu-lets-go-eevee/zh-hans,flavor_text(z-split),"通过Ｚ力量进行高速旋转，
全力撞上对手。
威力会根据原来的招式而改变。",ダミーデータ,"通过Ｚ力量进行高速旋转，
全力撞上对手。
威力会根据原来的招式而改变。"
corkscrew-crash/lets-go-pikachu-lets-go-eevee/es-419,flavor_text(z-split),"El usuario emplea el Poder Z para girar a toda
velocidad y perforar al objetivo. Su potencia
depende de la del movimiento original.",Dummy data,"El usuario emplea el Poder Z para girar a toda
velocidad y perforar al objetivo. Su potencia
depende de la del movimiento original."
inferno-overdrive/sun-moon/ja-hrkt,flavor_text(z-split),"Ｚパワーで　もえさかる　ほのおを　はきだし
ぜんりょくで　あいてに　ぶつける。
もとになった　わざで　いりょくが　かわる。",ダミーデータ,"Ｚパワーで　もえさかる　ほのおを　はきだし
ぜんりょくで　あいてに　ぶつける。
もとになった　わざで　いりょくが　かわる。"
inferno-overdrive/sun-moon/ko,flavor_text(z-split),"Z파워로 활활 타는 불꽃을 뱉어내
전력으로 상대에게 부딪친다.
원래 기술에 따라 위력이 변한다.",Dummy Data,"Z파워로 활활 타는 불꽃을 뱉어내
전력으로 상대에게 부딪친다.
원래 기술에 따라 위력이 변한다."
inferno-overdrive/sun-moon/zh-hant,flavor_text(z-split),"透過Ｚ力量噴出熊熊烈火，
全力撞向對手。
威力會隨原本的招式而改變。",ダミーデータ,"透過Ｚ力量噴出熊熊烈火，
全力撞向對手。
威力會隨原本的招式而改變。"
inferno-overdrive/sun-moon/fr,flavor_text(z-split),"Le Pokémon utilise la Force Z pour cracher une boule
de feu qui réduit l’adversaire en cendres. La
puissance varie selon celle de la capacité originale.",Dummy,"Le Pokémon utilise la Force Z pour cracher une boule
de feu qui réduit l’adversaire en cendres. La
puissance varie selon celle de la capacité originale."
inferno-overdrive/sun-moon/de,flavor_text(z-split),"Der Anwender speit dank Z-Kraft eine gewaltige
Kugel aus Flammen auf das Ziel. Die Stärke variiert
je nach zugrunde liegender Attacke.",Dummy data,"Der Anwender speit dank Z-Kraft eine gewaltige
Kugel aus Flammen auf das Ziel. Die Stärke variiert
je nach zugrunde liegender Attacke."
inferno-overdrive/sun-moon/es,flavor_text(z-split),"El usuario emplea el Poder Z para lanzar una
enorme llamarada con la que calcina a su objetivo.
Su potencia depende de la del movimiento original.",Dummy data,"El usuario emplea el Poder Z para lanzar una
enorme llamarada con la que calcina a su objetivo.
Su potencia depende de la del movimiento original."
inferno-overdrive/sun-moon/it,flavor_text(z-split),"Chi la usa sfrutta il Potere Z per emettere fiamme
incandescenti che inceneriscono il bersaglio. La
potenza varia a seconda della mossa su cui si basa.",Dummy Data,"Chi la usa sfrutta il Potere Z per emettere fiamme
incandescenti che inceneriscono il bersaglio. La
potenza varia a seconda della mossa su cui si basa."
inferno-overdrive/sun-moon/en,flavor_text(z-split),"The user breathes a stream of intense fire toward
the target with the full force of its Z-Power.
The power varies depending on the original move.",Dummy Data,"The user breathes a stream of intense fire toward
the target with the full force of its Z-Power.
The power varies depending on the original move."
inferno-overdrive/sun-moon/ja,flavor_text(z-split),"Ｚパワーで　燃えさかる　炎を　吐きだし
全力で　相手に　ぶつける。
元になった　技で　威力が　変わる。",ダミーデータ,"Ｚパワーで　燃えさかる　炎を　吐きだし
全力で　相手に　ぶつける。
元になった　技で　威力が　変わる。"
inferno-overdrive/sun-moon/zh-hans,flavor_text(z-split),"通过Ｚ力量喷出熊熊烈火，
全力撞向对手。
威力会根据原来的招式而改变。",ダミーデータ,"通过Ｚ力量喷出熊熊烈火，
全力撞向对手。
威力会根据原来的招式而改变。"
inferno-overdrive/sun-moon/es-419,flavor_text(z-split),"El usuario emplea el Poder Z para lanzar una
enorme llamarada con la que calcina a su objetivo.
Su potencia depende de la del movimiento original.",Dummy data,"El usuario emplea el Poder Z para lanzar una
enorme llamarada con la que calcina a su objetivo.
Su potencia depende de la del movimiento original."
inferno-overdrive/ultra-sun-ultra-moon/ja-hrkt,flavor_text(z-split),"Ｚパワーで　もえさかる　ほのおを　はきだし
ぜんりょくで　あいてに　ぶつける。
もとになった　わざで　いりょくが　かわる。",ダミーデータ,"Ｚパワーで　もえさかる　ほのおを　はきだし
ぜんりょくで　あいてに　ぶつける。
もとになった　わざで　いりょくが　かわる。"
inferno-overdrive/ultra-sun-ultra-moon/ko,flavor_text(z-split),"Z파워로 활활 타는 불꽃을 뱉어내
전력으로 상대에게 부딪친다.
원래 기술에 따라 위력이 변한다.",Dummy Data,"Z파워로 활활 타는 불꽃을 뱉어내
전력으로 상대에게 부딪친다.
원래 기술에 따라 위력이 변한다."
inferno-overdrive/ultra-sun-ultra-moon/zh-hant,flavor_text(z-split),"透過Ｚ力量噴出熊熊烈火，
全力撞向對手。
威力會隨原本的招式而改變。",ダミーデータ,"透過Ｚ力量噴出熊熊烈火，
全力撞向對手。
威力會隨原本的招式而改變。"
inferno-overdrive/ultra-sun-ultra-moon/fr,flavor_text(z-split),"Le Pokémon utilise la Force Z pour cracher une boule
de feu qui réduit l’adversaire en cendres. La
puissance varie selon celle de la capacité originale.",Dummy,"Le Pokémon utilise la Force Z pour cracher une boule
de feu qui réduit l’adversaire en cendres. La
puissance varie selon celle de la capacité originale."
inferno-overdrive/ultra-sun-ultra-moon/de,flavor_text(z-split),"Der Anwender speit dank Z-Kraft eine gewaltige
Kugel aus Flammen auf das Ziel. Die Stärke variiert
je nach zugrunde liegender Attacke.",Dummy data,"Der Anwender speit dank Z-Kraft eine gewaltige
Kugel aus Flammen auf das Ziel. Die Stärke variiert
je nach zugrunde liegender Attacke."
inferno-overdrive/ultra-sun-ultra-moon/es,flavor_text(z-split),"El usuario emplea el Poder Z para lanzar una
enorme llamarada con la que calcina a su objetivo.
Su potencia depende de la del movimiento original.",Dummy data,"El usuario emplea el Poder Z para lanzar una
enorme llamarada con la que calcina a su objetivo.
Su potencia depende de la del movimiento original."
inferno-overdrive/ultra-sun-ultra-moon/it,flavor_text(z-split),"Chi la usa sfrutta il Potere Z per emettere fiamme
incandescenti che inceneriscono il bersaglio. La
potenza varia a seconda della mossa su cui si basa.",Dummy Data,"Chi la usa sfrutta il Potere Z per emettere fiamme
incandescenti che inceneriscono il bersaglio. La
potenza varia a seconda della mossa su cui si basa."
inferno-overdrive/ultra-sun-ultra-moon/en,flavor_text(z-split),"The user breathes a stream of intense fire toward
the target with the full force of its Z-Power.
The power varies depending on the original move.",Dummy Data,"The user breathes a stream of intense fire toward
the target with the full force of its Z-Power.
The power varies depending on the original move."
inferno-overdrive/ultra-sun-ultra-moon/ja,flavor_text(z-split),"Ｚパワーで　燃えさかる　炎を　吐きだし
全力で　相手に　ぶつける。
元になった　技で　威力が　変わる。",ダミーデータ,"Ｚパワーで　燃えさかる　炎を　吐きだし
全力で　相手に　ぶつける。
元になった　技で　威力が　変わる。"
inferno-overdrive/ultra-sun-ultra-moon/zh-hans,flavor_text(z-split),"通过Ｚ力量喷出熊熊烈火，
全力撞向对手。
威力会根据原来的招式而改变。",ダミーデータ,"通过Ｚ力量喷出熊熊烈火，
全力撞向对手。
威力会根据原来的招式而改变。"
inferno-overdrive/ultra-sun-ultra-moon/es-419,flavor_text(z-split),"El usuario emplea el Poder Z para lanzar una
enorme llamarada con la que calcina a su objetivo.
Su potencia depende de la del movimiento original.",Dummy data,"El usuario emplea el Poder Z para lanzar una
enorme llamarada con la que calcina a su objetivo.
Su potencia depende de la del movimiento original."
inferno-overdrive/lets-go-pikachu-lets-go-eevee/ja-hrkt,flavor_text(z-split),"Ｚパワーで　もえさかる　ほのおを　はきだし
ぜんりょくで　あいてに　ぶつける。
もとになった　わざで　いりょくが　かわる。",ダミーデータ,"Ｚパワーで　もえさかる　ほのおを　はきだし
ぜんりょくで　あいてに　ぶつける。
もとになった　わざで　いりょくが　かわる。"
inferno-overdrive/lets-go-pikachu-lets-go-eevee/ko,flavor_text(z-split),"Z파워로 활활 타는 불꽃을 뱉어내
전력으로 상대에게 부딪친다.
원래 기술에 따라 위력이 변한다.",Dummy Data,"Z파워로 활활 타는 불꽃을 뱉어내
전력으로 상대에게 부딪친다.
원래 기술에 따라 위력이 변한다."
inferno-overdrive/lets-go-pikachu-lets-go-eevee/zh-hant,flavor_text(z-split),"透過Ｚ力量噴出熊熊烈火，
全力撞向對手。
威力會隨原本的招式而改變。",ダミーデータ,"透過Ｚ力量噴出熊熊烈火，
全力撞向對手。
威力會隨原本的招式而改變。"
inferno-overdrive/lets-go-pikachu-lets-go-eevee/fr,flavor_text(z-split),"Le Pokémon utilise la Force Z pour cracher une boule
de feu qui réduit l’adversaire en cendres. La puissance
varie selon celle de la capacité originale.",Dummy,"Le Pokémon utilise la Force Z pour cracher une boule
de feu qui réduit l’adversaire en cendres. La puissance
varie selon celle de la capacité originale."
inferno-overdrive/lets-go-pikachu-lets-go-eevee/de,flavor_text(z-split),"Der Anwender speit dank Z-Kraft eine gewaltige
Kugel aus Flammen auf das Ziel. Die Stärke variiert
je nach zugrunde liegender Attacke.",Dummy data,"Der Anwender speit dank Z-Kraft eine gewaltige
Kugel aus Flammen auf das Ziel. Die Stärke variiert
je nach zugrunde liegender Attacke."
inferno-overdrive/lets-go-pikachu-lets-go-eevee/es,flavor_text(z-split),"El usuario emplea el Poder Z para lanzar una
enorme llamarada con la que calcina a su objetivo.
Su potencia depende de la del movimiento original.",Dummy data,"El usuario emplea el Poder Z para lanzar una
enorme llamarada con la que calcina a su objetivo.
Su potencia depende de la del movimiento original."
inferno-overdrive/lets-go-pikachu-lets-go-eevee/it,flavor_text(z-split),"Chi la usa sfrutta il Potere Z per emettere fiamme
incandescenti che inceneriscono il bersaglio. La
potenza varia a seconda della mossa su cui si basa.",Dummy Data,"Chi la usa sfrutta il Potere Z per emettere fiamme
incandescenti che inceneriscono il bersaglio. La
potenza varia a seconda della mossa su cui si basa."
inferno-overdrive/lets-go-pikachu-lets-go-eevee/en,flavor_text(z-split),"The user breathes a stream of intense fire toward
the target with the full force of its Z-Power.
The power varies depending on the original move.",Dummy Data,"The user breathes a stream of intense fire toward
the target with the full force of its Z-Power.
The power varies depending on the original move."
inferno-overdrive/lets-go-pikachu-lets-go-eevee/ja,flavor_text(z-split),"Ｚパワーで　燃えさかる　炎を　吐きだし
全力で　相手に　ぶつける。
元になった　技で　威力が　変わる。",ダミーデータ,"Ｚパワーで　燃えさかる　炎を　吐きだし
全力で　相手に　ぶつける。
元になった　技で　威力が　変わる。"
inferno-overdrive/lets-go-pikachu-lets-go-eevee/zh-hans,flavor_text(z-split),"通过Ｚ力量喷出熊熊烈火，
全力撞向对手。
威力会根据原来的招式而改变。",ダミーデータ,"通过Ｚ力量喷出熊熊烈火，
全力撞向对手。
威力会根据原来的招式而改变。"
inferno-overdrive/lets-go-pikachu-lets-go-eevee/es-419,flavor_text(z-split),"El usuario emplea el Poder Z para lanzar una
enorme llamarada con la que calcina a su objetivo.
Su potencia depende de la del movimiento original.",Dummy data,"El usuario emplea el Poder Z para lanzar una
enorme llamarada con la que calcina a su objetivo.
Su potencia depende de la del movimiento original."
hydro-vortex/sun-moon/ja-hrkt,flavor_text(z-split),"Ｚパワーで　おおきな　うずしおを　つくり
ぜんりょくで　あいてを　のみこむ。
もとになった　わざで　いりょくが　かわる。",ダミーデータ,"Ｚパワーで　おおきな　うずしおを　つくり
ぜんりょくで　あいてを　のみこむ。
もとになった　わざで　いりょくが　かわる。"
hydro-vortex/sun-moon/ko,flavor_text(z-split),"Z파워로 큰 바다회오리를 만들어
전력으로 상대를 집어삼킨다.
원래 기술에 따라 위력이 변한다.",Dummy Data,"Z파워로 큰 바다회오리를 만들어
전력으로 상대를 집어삼킨다.
원래 기술에 따라 위력이 변한다."
hydro-vortex/sun-moon/zh-hant,flavor_text(z-split),"透過Ｚ力量製造大大的潮旋，
全力吞沒對手。
威力會隨原本的招式而改變。",ダミーデータ,"透過Ｚ力量製造大大的潮旋，
全力吞沒對手。
威力會隨原本的招式而改變。"
hydro-vortex/sun-moon/fr,flavor_text(z-split),"Le Pokémon utilise la Force Z pour créer un tourbillon
gigantesque qui avale l’adversaire. La puissance
varie selon celle de la capacité originale.",Dummy,"Le Pokémon utilise la Force Z pour créer un tourbillon
gigantesque qui avale l’adversaire. La puissance
varie selon celle de la capacité originale."
hydro-vortex/sun-moon/de,flavor_text(z-split),"Der Anwender kreiert mit Z-Kraft einen riesigen
Wasserstrudel, der das Ziel verschluckt. Die Stärke
variiert je nach zugrunde liegender Attacke.",Dummy data,"Der Anwender kreiert mit Z-Kraft einen riesigen
Wasserstrudel, der das Ziel verschluckt. Die Stärke
variiert je nach zugrunde liegender Attacke."
hydro-vortex/sun-moon/es,flavor_text(z-split),"El usuario emplea el Poder Z para crear un potente
torbellino de agua que engulle al objetivo. Su
potencia depende de la del movimiento original.",Dummy data,"El usuario emplea el Poder Z para crear un potente
torbellino de agua que engulle al objetivo. Su
potencia depende de la del movimiento original."
hydro-vortex/sun-moon/it,flavor_text(z-split),"Grazie al Potere Z, chi la usa crea un enorme vortice
che inghiotte il bersaglio. La potenza varia
a seconda della mossa su cui si basa.",Dummy Data,"Grazie al Potere Z, chi la usa crea un enorme vortice
che inghiotte il bersaglio. La potenza varia
a seconda della mossa su cui si basa."
hydro-vortex/sun-moon/en,flavor_text(z-split),"The user creates a huge whirling current using
its Z-Power to swallow the target with full force.
The power varies, depending on the original move.",Dummy Data,"The user creates a huge whirling current using
its Z-Power to swallow the target with full force.
The power varies, depending on the original move."
hydro-vortex/sun-moon/ja,flavor_text(z-split),"Ｚパワーで　大きな　渦潮を　作り
全力で　相手を　飲みこむ。
元になった　技で　威力が　変わる。",ダミーデータ,"Ｚパワーで　大きな　渦潮を　作り
全力で　相手を　飲みこむ。
元になった　技で　威力が　変わる。"
hydro-vortex/sun-moon/zh-hans,flavor_text(z-split),"通过Ｚ力量制造大大的潮旋，
全力吞没对手。
威力会根据原来的招式而改变。",ダミーデータ,"通过Ｚ力量制造大大的潮旋，
全力吞没对手。
威力会根据原来的招式而改变。"
hydro-vortex/sun-moon/es-419,flavor_text(z-split),"El usuario emplea el Poder Z para crear un potente
torbellino de agua que engulle al objetivo. Su
potencia depende de la del movimiento original.",Dummy data,"El usuario emplea el Poder Z para crear un potente
torbellino de agua que engulle al objetivo. Su
potencia depende de la del movimiento original."
hydro-vortex/ultra-sun-ultra-moon/ja-hrkt,flavor_text(z-split),"Ｚパワーで　おおきな　うずしおを　つくり
ぜんりょくで　あいてを　のみこむ。
もとになった　わざで　いりょくが　かわる。",ダミーデータ,"Ｚパワーで　おおきな　うずしおを　つくり
ぜんりょくで　あいてを　のみこむ。
もとになった　わざで　いりょくが　かわる。"
hydro-vortex/ultra-sun-ultra-moon/ko,flavor_text(z-split),"Z파워로 큰 바다회오리를 만들어
전력으로 상대를 집어삼킨다.
원래 기술에 따라 위력이 변한다.",Dummy Data,"Z파워로 큰 바다회오리를 만들어
전력으로 상대를 집어삼킨다.
원래 기술에 따라 위력이 변한다."
hydro-vortex/ultra-sun-ultra-moon/zh-hant,flavor_text(z-split),"透過Ｚ力量製造大大的潮旋，
全力吞沒對手。
威力會隨原本的招式而改變。",ダミーデータ,"透過Ｚ力量製造大大的潮旋，
全力吞沒對手。
威力會隨原本的招式而改變。"
hydro-vortex/ultra-sun-ultra-moon/fr,flavor_text(z-split),"Le Pokémon utilise la Force Z pour créer un tourbillon
gigantesque qui avale l’adversaire. La puissance
varie selon celle de la capacité originale.",Dummy,"Le Pokémon utilise la Force Z pour créer un tourbillon
gigantesque qui avale l’adversaire. La puissance
varie selon celle de la capacité originale."
hydro-vortex/ultra-sun-ultra-moon/de,flavor_text(z-split),"Der Anwender kreiert mit Z-Kraft einen riesigen
Wasserstrudel, der das Ziel verschluckt. Die Stärke
variiert je nach zugrunde liegender Attacke.",Dummy data,"Der Anwender kreiert mit Z-Kraft einen riesigen
Wasserstrudel, der das Ziel verschluckt. Die Stärke
variiert je nach zugrunde liegender Attacke."
hydro-vortex/ultra-sun-ultra-moon/es,flavor_text(z-split),"El usuario emplea el Poder Z para crear un potente
torbellino de agua que engulle al objetivo. Su
potencia depende de la del movimiento original.",Dummy data,"El usuario emplea el Poder Z para crear un potente
torbellino de agua que engulle al objetivo. Su
potencia depende de la del movimiento original."
hydro-vortex/ultra-sun-ultra-moon/it,flavor_text(z-split),"Grazie al Potere Z, chi la usa crea un enorme vortice
che inghiotte il bersaglio. La potenza varia
a seconda della mossa su cui si basa.",Dummy Data,"Grazie al Potere Z, chi la usa crea un enorme vortice
che inghiotte il bersaglio. La potenza varia
a seconda della mossa su cui si basa."
hydro-vortex/ultra-sun-ultra-moon/en,flavor_text(z-split),"The user creates a huge whirling current using
its Z-Power to swallow the target with full force.
The power varies, depending on the original move.",Dummy Data,"The user creates a huge whirling current using
its Z-Power to swallow the target with full force.
The power varies, depending on the original move."
hydro-vortex/ultra-sun-ultra-moon/ja,flavor_text(z-split),"Ｚパワーで　大きな　渦潮を　作り
全力で　相手を　飲みこむ。
元になった　技で　威力が　変わる。",ダミーデータ,"Ｚパワーで　大きな　渦潮を　作り
全力で　相手を　飲みこむ。
元になった　技で　威力が　変わる。"
hydro-vortex/ultra-sun-ultra-moon/zh-hans,flavor_text(z-split),"通过Ｚ力量制造大大的潮旋，
全力吞没对手。
威力会根据原来的招式而改变。",ダミーデータ,"通过Ｚ力量制造大大的潮旋，
全力吞没对手。
威力会根据原来的招式而改变。"
hydro-vortex/ultra-sun-ultra-moon/es-419,flavor_text(z-split),"El usuario emplea el Poder Z para crear un potente
torbellino de agua que engulle al objetivo. Su
potencia depende de la del movimiento original.",Dummy data,"El usuario emplea el Poder Z para crear un potente
torbellino de agua que engulle al objetivo. Su
potencia depende de la del movimiento original."
hydro-vortex/lets-go-pikachu-lets-go-eevee/ja-hrkt,flavor_text(z-split),"Ｚパワーで　おおきな　うずしおを　つくり
ぜんりょくで　あいてを　のみこむ。
もとになった　わざで　いりょくが　かわる。",ダミーデータ,"Ｚパワーで　おおきな　うずしおを　つくり
ぜんりょくで　あいてを　のみこむ。
もとになった　わざで　いりょくが　かわる。"
hydro-vortex/lets-go-pikachu-lets-go-eevee/ko,flavor_text(z-split),"Z파워로 큰 바다회오리를 만들어
전력으로 상대를 집어삼킨다.
원래 기술에 따라 위력이 변한다.",Dummy Data,"Z파워로 큰 바다회오리를 만들어
전력으로 상대를 집어삼킨다.
원래 기술에 따라 위력이 변한다."
hydro-vortex/lets-go-pikachu-lets-go-eevee/zh-hant,flavor_text(z-split),"透過Ｚ力量製造大大的潮旋，
全力吞沒對手。
威力會隨原本的招式而改變。",ダミーデータ,"透過Ｚ力量製造大大的潮旋，
全力吞沒對手。
威力會隨原本的招式而改變。"
hydro-vortex/lets-go-pikachu-lets-go-eevee/fr,flavor_text(z-split),"Le Pokémon utilise la Force Z pour créer un tourbillon
gigantesque qui avale l’adversaire. La puissance varie
selon celle de la capacité originale.",Dummy,"Le Pokémon utilise la Force Z pour créer un tourbillon
gigantesque qui avale l’adversaire. La puissance varie
selon celle de la capacité originale."
hydro-vortex/lets-go-pikachu-lets-go-eevee/de,flavor_text(z-split),"Der Anwender kreiert mit Z-Kraft einen riesigen
Wasserstrudel, der das Ziel verschluckt. Die Stärke
variiert je nach zugrunde liegender Attacke.",Dummy data,"Der Anwender kreiert mit Z-Kraft einen riesigen
Wasserstrudel, der das Ziel verschluckt. Die Stärke
variiert je nach zugrunde liegender Attacke."
hydro-vortex/lets-go-pikachu-lets-go-eevee/es,flavor_text(z-split),"El usuario emplea el Poder Z para crear un potente
torbellino de agua que engulle al objetivo. Su
potencia depende de la del movimiento original.",Dummy data,"El usuario emplea el Poder Z para crear un potente
torbellino de agua que engulle al objetivo. Su
potencia depende de la del movimiento original."
hydro-vortex/lets-go-pikachu-lets-go-eevee/it,flavor_text(z-split),"Grazie al Potere Z, chi la usa crea un enorme vortice
che inghiotte il bersaglio. La potenza varia
a seconda della mossa su cui si basa.",Dummy Data,"Grazie al Potere Z, chi la usa crea un enorme vortice
che inghiotte il bersaglio. La potenza varia
a seconda della mossa su cui si basa."
hydro-vortex/lets-go-pikachu-lets-go-eevee/en,flavor_text(z-split),"The user creates a huge whirling current using
its Z-Power to swallow the target with full force.
The power varies, depending on the original move.",Dummy Data,"The user creates a huge whirling current using
its Z-Power to swallow the target with full force.
The power varies, depending on the original move."
hydro-vortex/lets-go-pikachu-lets-go-eevee/ja,flavor_text(z-split),"Ｚパワーで　大きな　渦潮を　作り
全力で　相手を　飲みこむ。
元になった　技で　威力が　変わる。",ダミーデータ,"Ｚパワーで　大きな　渦潮を　作り
全力で　相手を　飲みこむ。
元になった　技で　威力が　変わる。"
hydro-vortex/lets-go-pikachu-lets-go-eevee/zh-hans,flavor_text(z-split),"通过Ｚ力量制造大大的潮旋，
全力吞没对手。
威力会根据原来的招式而改变。",ダミーデータ,"通过Ｚ力量制造大大的潮旋，
全力吞没对手。
威力会根据原来的招式而改变。"
hydro-vortex/lets-go-pikachu-lets-go-eevee/es-419,flavor_text(z-split),"El usuario emplea el Poder Z para crear un potente
torbellino de agua que engulle al objetivo. Su
potencia depende de la del movimiento original.",Dummy data,"El usuario emplea el Poder Z para crear un potente
torbellino de agua que engulle al objetivo. Su
potencia depende de la del movimiento original."
bloom-doom/sun-moon/ja-hrkt,flavor_text(z-split),"Ｚパワーで　くさばなの　エネルギーを　かり
ぜんりょくで　あいてを　こうげきする。
もとになった　わざで　いりょくが　かわる。",ダミーデータ,"Ｚパワーで　くさばなの　エネルギーを　かり
ぜんりょくで　あいてを　こうげきする。
もとになった　わざで　いりょくが　かわる。"
bloom-doom/sun-moon/ko,flavor_text(z-split),"Z파워로 화초들의 에너지를 빌려
전력으로 상대를 공격한다.
원래 기술에 따라 위력이 변한다.",Dummy Data,"Z파워로 화초들의 에너지를 빌려
전력으로 상대를 공격한다.
원래 기술에 따라 위력이 변한다."
bloom-doom/sun-moon/zh-hant,flavor_text(z-split),"透過Ｚ力量借助花草的能量，
全力攻擊對手。
威力會隨原本的招式而改變。",ダミーデータ,"透過Ｚ力量借助花草的能量，
全力攻擊對手。
威力會隨原本的招式而改變。"
bloom-doom/sun-moon/fr,flavor_text(z-split),"Le Pokémon utilise la Force Z pour libérer l’énergie
des plantes et attaquer l’adversaire. La puissance
varie selon celle de la capacité originale.",Dummy,"Le Pokémon utilise la Force Z pour libérer l’énergie
des plantes et attaquer l’adversaire. La puissance
varie selon celle de la capacité originale."
bloom-doom/sun-moon/de,flavor_text(z-split),"Der Anwender leiht sich durch Z-Kraft die Energie
von Wiesenblumen und greift das Ziel damit an. Die
Stärke variiert je nach zugrunde liegender Attacke.",Dummy data,"Der Anwender leiht sich durch Z-Kraft die Energie
von Wiesenblumen und greift das Ziel damit an. Die
Stärke variiert je nach zugrunde liegender Attacke."
bloom-doom/sun-moon/es,flavor_text(z-split),"Emplea el Poder Z para concentrar la energía de la
vegetación que lo rodea y atacar al objetivo. Su
potencia depende de la del movimiento original.",Dummy data,"Emplea el Poder Z para concentrar la energía de la
vegetación que lo rodea y atacar al objetivo. Su
potencia depende de la del movimiento original."
bloom-doom/sun-moon/it,flavor_text(z-split),"Grazie al Potere Z, chi la usa concentra l’energia
delle piante per scatenare un potente attacco. La
potenza varia a seconda della mossa su cui si basa.",Dummy Data,"Grazie al Potere Z, chi la usa concentra l’energia
delle piante per scatenare un potente attacco. La
potenza varia a seconda della mossa su cui si basa."
bloom-doom/sun-moon/en,flavor_text(z-split),"The user collects energy from plants using its
Z-Power and attacks the target with full force.
The power varies, depending on the original move.",Dummy Data,"The user collects energy from plants using its
Z-Power and attacks the target with full force.
The power varies, depending on the original move."
bloom-doom/sun-moon/ja,flavor_text(z-split),"Ｚパワーで　草花の　エネルギーを　借り
全力で　相手を　攻撃する。
元になった　技で　威力が　変わる。",ダミーデータ,"Ｚパワーで　草花の　エネルギーを　借り
全力で　相手を　攻撃する。
元になった　技で　威力が　変わる。"
bloom-doom/sun-moon/zh-hans,flavor_text(z-split),"通过Ｚ力量借助花草的能量，
全力攻击对手。
威力会根据原来的招式而改变。",ダミーデータ,"通过Ｚ力量借助花草的能量，
全力攻击对手。
威力会根据原来的招式而改变。"
bloom-doom/sun-moon/es-419,flavor_text(z-split),"Emplea el Poder Z para concentrar la energía de la
vegetación que lo rodea y atacar al objetivo. Su
potencia depende de la del movimiento original.",Dummy data,"Emplea el Poder Z para concentrar la energía de la
vegetación que lo rodea y atacar al objetivo. Su
potencia depende de la del movimiento original."
bloom-doom/ultra-sun-ultra-moon/ja-hrkt,flavor_text(z-split),"Ｚパワーで　くさばなの　エネルギーを　かり
ぜんりょくで　あいてを　こうげきする。
もとになった　わざで　いりょくが　かわる。",ダミーデータ,"Ｚパワーで　くさばなの　エネルギーを　かり
ぜんりょくで　あいてを　こうげきする。
もとになった　わざで　いりょくが　かわる。"
bloom-doom/ultra-sun-ultra-moon/ko,flavor_text(z-split),"Z파워로 화초들의 에너지를 빌려
전력으로 상대를 공격한다.
원래 기술에 따라 위력이 변한다.",Dummy Data,"Z파워로 화초들의 에너지를 빌려
전력으로 상대를 공격한다.
원래 기술에 따라 위력이 변한다."
bloom-doom/ultra-sun-ultra-moon/zh-hant,flavor_text(z-split),"透過Ｚ力量借助花草的能量，
全力攻擊對手。
威力會隨原本的招式而改變。",ダミーデータ,"透過Ｚ力量借助花草的能量，
全力攻擊對手。
威力會隨原本的招式而改變。"
bloom-doom/ultra-sun-ultra-moon/fr,flavor_text(z-split),"Le Pokémon utilise la Force Z pour libérer l’énergie
des plantes et attaquer l’adversaire. La puissance
varie selon celle de la capacité originale.",Dummy,"Le Pokémon utilise la Force Z pour libérer l’énergie
des plantes et attaquer l’adversaire. La puissance
varie selon celle de la capacité originale."
bloom-doom/ultra-sun-ultra-moon/de,flavor_text(z-split),"Der Anwender leiht sich durch Z-Kraft die Energie
von Wiesenblumen und greift das Ziel damit an. Die
Stärke variiert je nach zugrunde liegender Attacke.",Dummy data,"Der Anwender leiht sich durch Z-Kraft die Energie
von Wiesenblumen und greift das Ziel damit an. Die
Stärke variiert je nach zugrunde liegender Attacke."
bloom-doom/ultra-sun-ultra-moon/es,flavor_text(z-split),"Emplea el Poder Z para concentrar la energía de la
vegetación que lo rodea y atacar al objetivo. Su
potencia depende de la del movimiento original.",Dummy data,"Emplea el Poder Z para concentrar la energía de la
vegetación que lo rodea y atacar al objetivo. Su
potencia depende de la del movimiento original."
bloom-doom/ultra-sun-ultra-moon/it,flavor_text(z-split),"Grazie al Potere Z, chi la usa concentra l’energia
delle piante per scatenare un potente attacco. La
potenza varia a seconda della mossa su cui si basa.",Dummy Data,"Grazie al Potere Z, chi la usa concentra l’energia
delle piante per scatenare un potente attacco. La
potenza varia a seconda della mossa su cui si basa."
bloom-doom/ultra-sun-ultra-moon/en,flavor_text(z-split),"The user collects energy from plants using its
Z-Power and attacks the target with full force.
The power varies, depending on the original move.",Dummy Data,"The user collects energy from plants using its
Z-Power and attacks the target with full force.
The power varies, depending on the original move."
bloom-doom/ultra-sun-ultra-moon/ja,flavor_text(z-split),"Ｚパワーで　草花の　エネルギーを　借り
全力で　相手を　攻撃する。
元になった　技で　威力が　変わる。",ダミーデータ,"Ｚパワーで　草花の　エネルギーを　借り
全力で　相手を　攻撃する。
元になった　技で　威力が　変わる。"
bloom-doom/ultra-sun-ultra-moon/zh-hans,flavor_text(z-split),"通过Ｚ力量借助花草的能量，
全力攻击对手。
威力会根据原来的招式而改变。",ダミーデータ,"通过Ｚ力量借助花草的能量，
全力攻击对手。
威力会根据原来的招式而改变。"
bloom-doom/ultra-sun-ultra-moon/es-419,flavor_text(z-split),"Emplea el Poder Z para concentrar la energía de la
vegetación que lo rodea y atacar al objetivo. Su
potencia depende de la del movimiento original.",Dummy data,"Emplea el Poder Z para concentrar la energía de la
vegetación que lo rodea y atacar al objetivo. Su
potencia depende de la del movimiento original."
bloom-doom/lets-go-pikachu-lets-go-eevee/ja-hrkt,flavor_text(z-split),"Ｚパワーで　くさばなの　エネルギーを　かり
ぜんりょくで　あいてを　こうげきする。
もとになった　わざで　いりょくが　かわる。",ダミーデータ,"Ｚパワーで　くさばなの　エネルギーを　かり
ぜんりょくで　あいてを　こうげきする。
もとになった　わざで　いりょくが　かわる。"
bloom-doom/lets-go-pikachu-lets-go-eevee/ko,flavor_text(z-split),"Z파워로 화초들의 에너지를 빌려
전력으로 상대를 공격한다.
원래 기술에 따라 위력이 변한다.",Dummy Data,"Z파워로 화초들의 에너지를 빌려
전력으로 상대를 공격한다.
원래 기술에 따라 위력이 변한다."
bloom-doom/lets-go-pikachu-lets-go-eevee/zh-hant,flavor_text(z-split),"透過Ｚ力量借助花草的能量，
全力攻擊對手。
威力會隨原本的招式而改變。",ダミーデータ,"透過Ｚ力量借助花草的能量，
全力攻擊對手。
威力會隨原本的招式而改變。"
bloom-doom/lets-go-pikachu-lets-go-eevee/fr,flavor_text(z-split),"Le Pokémon utilise la Force Z pour libérer l’énergie
des plantes et attaquer l’adversaire. La puissance varie
selon celle de la capacité originale.",Dummy,"Le Pokémon utilise la Force Z pour libérer l’énergie
des plantes et attaquer l’adversaire. La puissance varie
selon celle de la capacité originale."
bloom-doom/lets-go-pikachu-lets-go-eevee/de,flavor_text(z-split),"Der Anwender leiht sich durch Z-Kraft die Energie
von Wiesenblumen und greift das Ziel damit an. Die
Stärke variiert je nach zugrunde liegender Attacke.",Dummy data,"Der Anwender leiht sich durch Z-Kraft die Energie
von Wiesenblumen und greift das Ziel damit an. Die
Stärke variiert je nach zugrunde liegender Attacke."
bloom-doom/lets-go-pikachu-lets-go-eevee/es,flavor_text(z-split),"Emplea el Poder Z para concentrar la energía de la
vegetación que lo rodea y atacar al objetivo. Su
potencia depende de la del movimiento original.",Dummy data,"Emplea el Poder Z para concentrar la energía de la
vegetación que lo rodea y atacar al objetivo. Su
potencia depende de la del movimiento original."
bloom-doom/lets-go-pikachu-lets-go-eevee/it,flavor_text(z-split),"Grazie al Potere Z, chi la usa concentra l’energia
delle piante per scatenare un potente attacco. La
potenza varia a seconda della mossa su cui si basa.",Dummy Data,"Grazie al Potere Z, chi la usa concentra l’energia
delle piante per scatenare un potente attacco. La
potenza varia a seconda della mossa su cui si basa."
bloom-doom/lets-go-pikachu-lets-go-eevee/en,flavor_text(z-split),"The user collects energy from plants using its
Z-Power and attacks the target with full force.
The power varies, depending on the original move.",Dummy Data,"The user collects energy from plants using its
Z-Power and attacks the target with full force.
The power varies, depending on the original move."
bloom-doom/lets-go-pikachu-lets-go-eevee/ja,flavor_text(z-split),"Ｚパワーで　草花の　エネルギーを　借り
全力で　相手を　攻撃する。
元になった　技で　威力が　変わる。",ダミーデータ,"Ｚパワーで　草花の　エネルギーを　借り
全力で　相手を　攻撃する。
元になった　技で　威力が　変わる。"
bloom-doom/lets-go-pikachu-lets-go-eevee/zh-hans,flavor_text(z-split),"通过Ｚ力量借助花草的能量，
全力攻击对手。
威力会根据原来的招式而改变。",ダミーデータ,"通过Ｚ力量借助花草的能量，
全力攻击对手。
威力会根据原来的招式而改变。"
bloom-doom/lets-go-pikachu-lets-go-eevee/es-419,flavor_text(z-split),"Emplea el Poder Z para concentrar la energía de la
vegetación que lo rodea y atacar al objetivo. Su
potencia depende de la del movimiento original.",Dummy data,"Emplea el Poder Z para concentrar la energía de la
vegetación que lo rodea y atacar al objetivo. Su
potencia depende de la del movimiento original."
gigavolt-havoc/sun-moon/ja-hrkt,flavor_text(z-split),"Ｚパワーで　ためた　つよい　でんきを
ぜんりょくで　あいてに　ぶつける。
もとになった　わざで　いりょくが　かわる。",ダミーデータ,"Ｚパワーで　ためた　つよい　でんきを
ぜんりょくで　あいてに　ぶつける。
もとになった　わざで　いりょくが　かわる。"
gigavolt-havoc/sun-moon/ko,flavor_text(z-split),"Z파워로 비축한 강한 전기를
전력으로 상대에게 부딪친다.
원래 기술에 따라 위력이 변한다.",Dummy Data,"Z파워로 비축한 강한 전기를
전력으로 상대에게 부딪친다.
원래 기술에 따라 위력이 변한다."
gigavolt-havoc/sun-moon/zh-hant,flavor_text(z-split),"透過Ｚ力量將蓄積的強大電流
全力撞向對手。
威力會隨原本的招式而改變。",ダミーデータ,"透過Ｚ力量將蓄積的強大電流
全力撞向對手。
威力會隨原本的招式而改變。"
gigavolt-havoc/sun-moon/fr,flavor_text(z-split),"Le Pokémon utilise la Force Z pour générer un courant
électrique puissant qu’il projette sur l’adversaire. La
puissance varie selon celle de la capacité originale.",Dummy,"Le Pokémon utilise la Force Z pour générer un courant
électrique puissant qu’il projette sur l’adversaire. La
puissance varie selon celle de la capacité originale."
gigavolt-havoc/sun-moon/de,flavor_text(z-split),"Der Anwender greift das Ziel mit durch Z-Kraft
gesammelter starker Elektrizität an. Die Stärke
variiert je nach zugrunde liegender Attacke.",Dummy data,"Der Anwender greift das Ziel mit durch Z-Kraft
gesammelter starker Elektrizität an. Die Stärke
variiert je nach zugrunde liegender Attacke."
gigavolt-havoc/sun-moon/es,flavor_text(z-split),"El usuario emplea el Poder Z para generar una fuerte
descarga eléctrica con la que electrocuta al objetivo.
Su potencia depende de la del movimiento original.",Dummy data,"El usuario emplea el Poder Z para generar una fuerte
descarga eléctrica con la que electrocuta al objetivo.
Su potencia depende de la del movimiento original."
gigavolt-havoc/sun-moon/it,flavor_text(z-split),"Grazie al Potere Z, chi la usa genera una fortissima
scarica elettrica che colpisce il bersaglio. La potenza
varia a seconda della mossa su cui si basa.",Dummy Data,"Grazie al Potere Z, chi la usa genera una fortissima
scarica elettrica che colpisce il bersaglio. La potenza
varia a seconda della mossa su cui si basa."
gigavolt-havoc/sun-moon/en,flavor_text(z-split),"The user hits the target with a powerful electric
current collected by its Z-Power. The power varies,
depending on the original move.",Dummy Data,"The user hits the target with a powerful electric
current collected by its Z-Power. The power varies,
depending on the original move."
gigavolt-havoc/sun-moon/ja,flavor_text(z-split),"Ｚパワーで　溜めた　強い　電気を
全力で　相手に　ぶつける。
元になった　技で　威力が　変わる。",ダミーデータ,"Ｚパワーで　溜めた　強い　電気を
全力で　相手に　ぶつける。
元になった　技で　威力が　変わる。"
gigavolt-havoc/sun-moon/zh-hans,flavor_text(z-split),"通过Ｚ力量将蓄积的强大电流
全力撞向对手。
威力会根据原来的招式而改变。",ダミーデータ,"通过Ｚ力量将蓄积的强大电流
全力撞向对手。
威力会根据原来的招式而改变。"
gigavolt-havoc/sun-moon/es-419,flavor_text(z-split),"El usuario emplea el Poder Z para generar una fuerte
descarga eléctrica con la que electrocuta al objetivo.
Su potencia depende de la del movimiento original.",Dummy data,"El usuario emplea el Poder Z para generar una fuerte
descarga eléctrica con la que electrocuta al objetivo.
Su potencia depende de la del movimiento original."
gigavolt-havoc/ultra-sun-ultra-moon/ja-hrkt,flavor_text(z-split),"Ｚパワーで　ためた　つよい　でんきを
ぜんりょくで　あいてに　ぶつける。
もとになった　わざで　いりょくが　かわる。",ダミーデータ,"Ｚパワーで　ためた　つよい　でんきを
ぜんりょくで　あいてに　ぶつける。
もとになった　わざで　いりょくが　かわる。"
gigavolt-havoc/ultra-sun-ultra-moon/ko,flavor_text(z-split),"Z파워로 비축한 강한 전기를
전력으로 상대에게 부딪친다.
원래 기술에 따라 위력이 변한다.",Dummy Data,"Z파워로 비축한 강한 전기를
전력으로 상대에게 부딪친다.
원래 기술에 따라 위력이 변한다."
gigavolt-havoc/ultra-sun-ultra-moon/zh-hant,flavor_text(z-split),"透過Ｚ力量將蓄積的強大電流
全力撞向對手。
威力會隨原本的招式而改變。",ダミーデータ,"透過Ｚ力量將蓄積的強大電流
全力撞向對手。
威力會隨原本的招式而改變。"
gigavolt-havoc/ultra-sun-ultra-moon/fr,flavor_text(z-split),"Le Pokémon utilise la Force Z pour générer un courant
électrique puissant qu’il projette sur l’adversaire. La
puissance varie selon celle de la capacité originale.",Dummy,"Le Pokémon utilise la Force Z pour générer un courant
électrique puissant qu’il projette sur l’adversaire. La
puissance varie selon celle de la capacité originale."
gigavolt-havoc/ultra-sun-ultra-moon/de,flavor_text(z-split),"Der Anwender greift das Ziel mit durch Z-Kraft
gesammelter starker Elektrizität an. Die Stärke
variiert je nach zugrunde liegender Attacke.",Dummy data,"Der Anwender greift das Ziel mit durch Z-Kraft
gesammelter starker Elektrizität an. Die Stärke
variiert je nach zugrunde liegender Attacke."
gigavolt-havoc/ultra-sun-ultra-moon/es,flavor_text(z-split),"El usuario emplea el Poder Z para generar una fuerte
descarga eléctrica con la que electrocuta al objetivo.
Su potencia depende de la del movimiento original.",Dummy data,"El usuario emplea el Poder Z para generar una fuerte
descarga eléctrica con la que electrocuta al objetivo.
Su potencia depende de la del movimiento original."
gigavolt-havoc/ultra-sun-ultra-moon/it,flavor_text(z-split),"Grazie al Potere Z, chi la usa genera una fortissima
scarica elettrica che colpisce il bersaglio. La potenza
varia a seconda della mossa su cui si basa.",Dummy Data,"Grazie al Potere Z, chi la usa genera una fortissima
scarica elettrica che colpisce il bersaglio. La potenza
varia a seconda della mossa su cui si basa."
gigavolt-havoc/ultra-sun-ultra-moon/en,flavor_text(z-split),"The user hits the target with a powerful electric
current collected by its Z-Power. The power varies,
depending on the original move.",Dummy Data,"The user hits the target with a powerful electric
current collected by its Z-Power. The power varies,
depending on the original move."
gigavolt-havoc/ultra-sun-ultra-moon/ja,flavor_text(z-split),"Ｚパワーで　溜めた　強い　電気を
全力で　相手に　ぶつける。
元になった　技で　威力が　変わる。",ダミーデータ,"Ｚパワーで　溜めた　強い　電気を
全力で　相手に　ぶつける。
元になった　技で　威力が　変わる。"
gigavolt-havoc/ultra-sun-ultra-moon/zh-hans,flavor_text(z-split),"通过Ｚ力量将蓄积的强大电流
全力撞向对手。
威力会根据原来的招式而改变。",ダミーデータ,"通过Ｚ力量将蓄积的强大电流
全力撞向对手。
威力会根据原来的招式而改变。"
gigavolt-havoc/ultra-sun-ultra-moon/es-419,flavor_text(z-split),"El usuario emplea el Poder Z para generar una fuerte
descarga eléctrica con la que electrocuta al objetivo.
Su potencia depende de la del movimiento original.",Dummy data,"El usuario emplea el Poder Z para generar una fuerte
descarga eléctrica con la que electrocuta al objetivo.
Su potencia depende de la del movimiento original."
gigavolt-havoc/lets-go-pikachu-lets-go-eevee/ja-hrkt,flavor_text(z-split),"Ｚパワーで　ためた　つよい　でんきを
ぜんりょくで　あいてに　ぶつける。
もとになった　わざで　いりょくが　かわる。",ダミーデータ,"Ｚパワーで　ためた　つよい　でんきを
ぜんりょくで　あいてに　ぶつける。
もとになった　わざで　いりょくが　かわる。"
gigavolt-havoc/lets-go-pikachu-lets-go-eevee/ko,flavor_text(z-split),"Z파워로 비축한 강한 전기를
전력으로 상대에게 부딪친다.
원래 기술에 따라 위력이 변한다.",Dummy Data,"Z파워로 비축한 강한 전기를
전력으로 상대에게 부딪친다.
원래 기술에 따라 위력이 변한다."
gigavolt-havoc/lets-go-pikachu-lets-go-eevee/zh-hant,flavor_text(z-split),"透過Ｚ力量將蓄積的強大電流
全力撞向對手。
威力會隨原本的招式而改變。",ダミーデータ,"透過Ｚ力量將蓄積的強大電流
全力撞向對手。
威力會隨原本的招式而改變。"
gigavolt-havoc/lets-go-pikachu-lets-go-eevee/fr,flavor_text(z-split),"Le Pokémon utilise la Force Z pour générer un courant
électrique puissant qu’il projette sur l’adversaire.
La puissance varie selon celle de la capacité originale.",Dummy,"Le Pokémon utilise la Force Z pour générer un courant
électrique puissant qu’il projette sur l’adversaire.
La puissance varie selon celle de la capacité originale."
gigavolt-havoc/lets-go-pikachu-lets-go-eevee/de,flavor_text(z-split),"Der Anwender greift das Ziel mit durch Z-Kraft
gesammelter starker Elektrizität an. Die Stärke
variiert je nach zugrunde liegender Attacke.",Dummy data,"Der Anwender greift das Ziel mit durch Z-Kraft
gesammelter starker Elektrizität an. Die Stärke
variiert je nach zugrunde liegender Attacke."
gigavolt-havoc/lets-go-pikachu-lets-go-eevee/es,flavor_text(z-split),"El usuario emplea el Poder Z para generar una fuerte
descarga eléctrica con la que electrocuta al objetivo.
Su potencia depende de la del movimiento original.",Dummy data,"El usuario emplea el Poder Z para generar una fuerte
descarga eléctrica con la que electrocuta al objetivo.
Su potencia depende de la del movimiento original."
gigavolt-havoc/lets-go-pikachu-lets-go-eevee/it,flavor_text(z-split),"Grazie al Potere Z, chi la usa genera una fortissima
scarica elettrica che colpisce il bersaglio. La potenza
varia a seconda della mossa su cui si basa.",Dummy Data,"Grazie al Potere Z, chi la usa genera una fortissima
scarica elettrica che colpisce il bersaglio. La potenza
varia a seconda della mossa su cui si basa."
gigavolt-havoc/lets-go-pikachu-lets-go-eevee/en,flavor_text(z-split),"The user hits the target with a powerful electric
current collected by its Z-Power. The power varies,
depending on the original move.",Dummy Data,"The user hits the target with a powerful electric
current collected by its Z-Power. The power varies,
depending on the original move."
gigavolt-havoc/lets-go-pikachu-lets-go-eevee/ja,flavor_text(z-split),"Ｚパワーで　溜めた　強い　電気を
全力で　相手に　ぶつける。
元になった　技で　威力が　変わる。",ダミーデータ,"Ｚパワーで　溜めた　強い　電気を
全力で　相手に　ぶつける。
元になった　技で　威力が　変わる。"
gigavolt-havoc/lets-go-pikachu-lets-go-eevee/zh-hans,flavor_text(z-split),"通过Ｚ力量将蓄积的强大电流
全力撞向对手。
威力会根据原来的招式而改变。",ダミーデータ,"通过Ｚ力量将蓄积的强大电流
全力撞向对手。
威力会根据原来的招式而改变。"
gigavolt-havoc/lets-go-pikachu-lets-go-eevee/es-419,flavor_text(z-split),"El usuario emplea el Poder Z para generar una fuerte
descarga eléctrica con la que electrocuta al objetivo.
Su potencia depende de la del movimiento original.",Dummy data,"El usuario emplea el Poder Z para generar una fuerte
descarga eléctrica con la que electrocuta al objetivo.
Su potencia depende de la del movimiento original."
shattered-psyche/sun-moon/ja-hrkt,flavor_text(z-split),"Ｚパワーで　あいてを　あやつり
ぜんりょくで　いたい　おもいを　させる。
もとになった　わざで　いりょくが　かわる。",ダミーデータ,"Ｚパワーで　あいてを　あやつり
ぜんりょくで　いたい　おもいを　させる。
もとになった　わざで　いりょくが　かわる。"
shattered-psyche/sun-moon/ko,flavor_text(z-split),"Z파워로 상대를 조종해
전력으로 매서운 맛을 보여준다.
원래 기술에 따라 위력이 변한다.",Dummy Data,"Z파워로 상대를 조종해
전력으로 매서운 맛을 보여준다.
원래 기술에 따라 위력이 변한다."
shattered-psyche/sun-moon/zh-hant,flavor_text(z-split),"透過Ｚ力量操縱對手，
全力使其感受到痛苦。
威力會隨原本的招式而改變。",ダミーデータ,"透過Ｚ力量操縱對手，
全力使其感受到痛苦。
威力會隨原本的招式而改變。"
shattered-psyche/sun-moon/fr,flavor_text(z-split),"Le Pokémon utilise la Force Z pour manipuler
l’adversaire et lui infliger de sérieux dégâts. La
puissance varie selon celle de la capacité originale.",Dummy,"Le Pokémon utilise la Force Z pour manipuler
l’adversaire et lui infliger de sérieux dégâts. La
puissance varie selon celle de la capacité originale."
shattered-psyche/sun-moon/de,flavor_text(z-split),"Der Anwender kontrolliert das Ziel mit Z-Kraft und
macht ihm so das Leben schwer. Die Stärke variiert
je nach zugrunde liegender Attacke.",Dummy data,"Der Anwender kontrolliert das Ziel mit Z-Kraft und
macht ihm so das Leben schwer. Die Stärke variiert
je nach zugrunde liegender Attacke."
shattered-psyche/sun-moon/es,flavor_text(z-split),"Emplea el Poder Z para manipular la mente del
objetivo, infligiéndole un daño ingente. Su potencia
depende de la del movimiento original.",Dummy data,"Emplea el Poder Z para manipular la mente del
objetivo, infligiéndole un daño ingente. Su potencia
depende de la del movimiento original."
shattered-psyche/sun-moon/it,flavor_text(z-split),"Chi la usa si serve del Potere Z per manipolare
la mente del bersaglio causando ingenti danni. La
potenza varia a seconda della mossa su cui si basa.",Dummy Data,"Chi la usa si serve del Potere Z per manipolare
la mente del bersaglio causando ingenti danni. La
potenza varia a seconda della mossa su cui si basa."
shattered-psyche/sun-moon/en,flavor_text(z-split),"The user controls the target with its Z-Power and
hurts the target with full force. The power varies,
depending on the original move.",Dummy Data,"The user controls the target with its Z-Power and
hurts the target with full force. The power varies,
depending on the original move."
shattered-psyche/sun-moon/ja,flavor_text(z-split),"Ｚパワーで　相手を　操り
全力で　痛い　思いを　させる。
元になった　技で　威力が　変わる。",ダミーデータ,"Ｚパワーで　相手を　操り
全力で　痛い　思いを　させる。
元になった　技で　威力が　変わる。"
shattered-psyche/sun-moon/zh-hans,flavor_text(z-split),"通过Ｚ力量操纵对手，
全力使其感受到痛苦。
威力会根据原来的招式而改变。",ダミーデータ,"通过Ｚ力量操纵对手，
全力使其感受到痛苦。
威力会根据原来的招式而改变。"
shattered-psyche/sun-moon/es-419,flavor_text(z-split),"Emplea el Poder Z para manipular la mente del
objetivo, infligiéndole un daño ingente. Su potencia
depende de la del movimiento original.",Dummy data,"Emplea el Poder Z para manipular la mente del
objetivo, infligiéndole un daño ingente. Su potencia
depende de la del movimiento original."
shattered-psyche/ultra-sun-ultra-moon/ja-hrkt,flavor_text(z-split),"Ｚパワーで　あいてを　あやつり
ぜんりょくで　いたい　おもいを　させる。
もとになった　わざで　いりょくが　かわる。",ダミーデータ,"Ｚパワーで　あいてを　あやつり
ぜんりょくで　いたい　おもいを　させる。
もとになった　わざで　いりょくが　かわる。"
shattered-psyche/ultra-sun-ultra-moon/ko,flavor_text(z-split),"Z파워로 상대를 조종해
전력으로 매서운 맛을 보여준다.
원래 기술에 따라 위력이 변한다.",Dummy Data,"Z파워로 상대를 조종해
전력으로 매서운 맛을 보여준다.
원래 기술에 따라 위력이 변한다."
shattered-psyche/ultra-sun-ultra-moon/zh-hant,flavor_text(z-split),"透過Ｚ力量操縱對手，
全力使其感受到痛苦。
威力會隨原本的招式而改變。",ダミーデータ,"透過Ｚ力量操縱對手，
全力使其感受到痛苦。
威力會隨原本的招式而改變。"
shattered-psyche/ultra-sun-ultra-moon/fr,flavor_text(z-split),"Le Pokémon utilise la Force Z pour manipuler
l’adversaire et lui infliger de sérieux dégâts. La
puissance varie selon celle de la capacité originale.",Dummy,"Le Pokémon utilise la Force Z pour manipuler
l’adversaire et lui infliger de sérieux dégâts. La
puissance varie selon celle de la capacité originale."
shattered-psyche/ultra-sun-ultra-moon/de,flavor_text(z-split),"Der Anwender kontrolliert das Ziel mit Z-Kraft und
macht ihm so das Leben schwer. Die Stärke variiert
je nach zugrunde liegender Attacke.",Dummy data,"Der Anwender kontrolliert das Ziel mit Z-Kraft und
macht ihm so das Leben schwer. Die Stärke variiert
je nach zugrunde liegender Attacke."
shattered-psyche/ultra-sun-ultra-moon/es,flavor_text(z-split),"Emplea el Poder Z para manipular la mente del
objetivo, infligiéndole un daño ingente. Su potencia
depende de la del movimiento original.",Dummy data,"Emplea el Poder Z para manipular la mente del
objetivo, infligiéndole un daño ingente. Su potencia
depende de la del movimiento original."
shattered-psyche/ultra-sun-ultra-moon/it,flavor_text(z-split),"Chi la usa si serve del Potere Z per manipolare
la mente del bersaglio causando ingenti danni. La
potenza varia a seconda della mossa su cui si basa.",Dummy Data,"Chi la usa si serve del Potere Z per manipolare
la mente del bersaglio causando ingenti danni. La
potenza varia a seconda della mossa su cui si basa."
shattered-psyche/ultra-sun-ultra-moon/en,flavor_text(z-split),"The user controls the target with its Z-Power and
hurts the target with full force. The power varies,
depending on the original move.",Dummy Data,"The user controls the target with its Z-Power and
hurts the target with full force. The power varies,
depending on the original move."
shattered-psyche/ultra-sun-ultra-moon/ja,flavor_text(z-split),"Ｚパワーで　相手を　操り
全力で　痛い　思いを　させる。
元になった　技で　威力が　変わる。",ダミーデータ,"Ｚパワーで　相手を　操り
全力で　痛い　思いを　させる。
元になった　技で　威力が　変わる。"
shattered-psyche/ultra-sun-ultra-moon/zh-hans,flavor_text(z-split),"通过Ｚ力量操纵对手，
全力使其感受到痛苦。
威力会根据原来的招式而改变。",ダミーデータ,"通过Ｚ力量操纵对手，
全力使其感受到痛苦。
威力会根据原来的招式而改变。"
shattered-psyche/ultra-sun-ultra-moon/es-419,flavor_text(z-split),"Emplea el Poder Z para manipular la mente del
objetivo, infligiéndole un daño ingente. Su potencia
depende de la del movimiento original.",Dummy data,"Emplea el Poder Z para manipular la mente del
objetivo, infligiéndole un daño ingente. Su potencia
depende de la del movimiento original."
shattered-psyche/lets-go-pikachu-lets-go-eevee/ja-hrkt,flavor_text(z-split),"Ｚパワーで　あいてを　あやつり
ぜんりょくで　いたい　おもいを　させる。
もとになった　わざで　いりょくが　かわる。",ダミーデータ,"Ｚパワーで　あいてを　あやつり
ぜんりょくで　いたい　おもいを　させる。
もとになった　わざで　いりょくが　かわる。"
shattered-psyche/lets-go-pikachu-lets-go-eevee/ko,flavor_text(z-split),"Z파워로 상대를 조종해
전력으로 매서운 맛을 보여준다.
원래 기술에 따라 위력이 변한다.",Dummy Data,"Z파워로 상대를 조종해
전력으로 매서운 맛을 보여준다.
원래 기술에 따라 위력이 변한다."
shattered-psyche/lets-go-pikachu-lets-go-eevee/zh-hant,flavor_text(z-split),"透過Ｚ力量操縱對手，
全力使其感受到痛苦。
威力會隨原本的招式而改變。",ダミーデータ,"透過Ｚ力量操縱對手，
全力使其感受到痛苦。
威力會隨原本的招式而改變。"
shattered-psyche/lets-go-pikachu-lets-go-eevee/fr,flavor_text(z-split),"Le Pokémon utilise la Force Z pour manipuler l’adversaire
et lui infliger de sérieux dégâts. La puissance varie selon
celle de la capacité originale.",Dummy,"Le Pokémon utilise la Force Z pour manipuler l’adversaire
et lui infliger de sérieux dégâts. La puissance varie selon
celle de la capacité originale."
shattered-psyche/lets-go-pikachu-lets-go-eevee/de,flavor_text(z-split),"Der Anwender kontrolliert das Ziel mit Z-Kraft und
macht ihm so das Leben schwer. Die Stärke variiert
je nach zugrunde liegender Attacke.",Dummy data,"Der Anwender kontrolliert das Ziel mit Z-Kraft und
macht ihm so das Leben schwer. Die Stärke variiert
je nach zugrunde liegender Attacke."
shattered-psyche/lets-go-pikachu-lets-go-eevee/es,flavor_text(z-split),"Emplea el Poder Z para manipular la mente del
objetivo, infligiéndole un daño ingente. Su potencia
depende de la del movimiento original.",Dummy data,"Emplea el Poder Z para manipular la mente del
objetivo, infligiéndole un daño ingente. Su potencia
depende de la del movimiento original."
shattered-psyche/lets-go-pikachu-lets-go-eevee/it,flavor_text(z-split),"Chi la usa si serve del Potere Z per manipolare
la mente del bersaglio causando ingenti danni. La
potenza varia a seconda della mossa su cui si basa.",Dummy Data,"Chi la usa si serve del Potere Z per manipolare
la mente del bersaglio causando ingenti danni. La
potenza varia a seconda della mossa su cui si basa."
shattered-psyche/lets-go-pikachu-lets-go-eevee/en,flavor_text(z-split),"The user controls the target with its Z-Power and
hurts the target with full force. The power varies,
depending on the original move.",Dummy Data,"The user controls the target with its Z-Power and
hurts the target with full force. The power varies,
depending on the original move."
shattered-psyche/lets-go-pikachu-lets-go-eevee/ja,flavor_text(z-split),"Ｚパワーで　相手を　操り
全力で　痛い　思いを　させる。
元になった　技で　威力が　変わる。",ダミーデータ,"Ｚパワーで　相手を　操り
全力で　痛い　思いを　させる。
元になった　技で　威力が　変わる。"
shattered-psyche/lets-go-pikachu-lets-go-eevee/zh-hans,flavor_text(z-split),"通过Ｚ力量操纵对手，
全力使其感受到痛苦。
威力会根据原来的招式而改变。",ダミーデータ,"通过Ｚ力量操纵对手，
全力使其感受到痛苦。
威力会根据原来的招式而改变。"
shattered-psyche/lets-go-pikachu-lets-go-eevee/es-419,flavor_text(z-split),"Emplea el Poder Z para manipular la mente del
objetivo, infligiéndole un daño ingente. Su potencia
depende de la del movimiento original.",Dummy data,"Emplea el Poder Z para manipular la mente del
objetivo, infligiéndole un daño ingente. Su potencia
depende de la del movimiento original."
subzero-slammer/sun-moon/ja-hrkt,flavor_text(z-split),"Ｚパワーで　きおんを　きゅうげきに　さげ
ぜんりょくで　あいてを　こおらせる。
もとになった　わざで　いりょくが　かわる。",ダミーデータ,"Ｚパワーで　きおんを　きゅうげきに　さげ
ぜんりょくで　あいてを　こおらせる。
もとになった　わざで　いりょくが　かわる。"
subzero-slammer/sun-moon/ko,flavor_text(z-split),"Z파워로 기온을 급격하게 떨어뜨려
전력으로 상대를 얼린다.
원래 기술에 따라 위력이 변한다.",Dummy Data,"Z파워로 기온을 급격하게 떨어뜨려
전력으로 상대를 얼린다.
원래 기술에 따라 위력이 변한다."
subzero-slammer/sun-moon/zh-hant,flavor_text(z-split),"透過Ｚ力量急遽降低氣溫，
全力冰凍對手。
威力會隨原本的招式而改變。",ダミーデータ,"透過Ｚ力量急遽降低氣溫，
全力冰凍對手。
威力會隨原本的招式而改變。"
subzero-slammer/sun-moon/fr,flavor_text(z-split),"Le Pokémon utilise la Force Z pour baisser la
température brutalement et congeler l’adversaire. La
puissance varie selon celle de la capacité originale.",Dummy,"Le Pokémon utilise la Force Z pour baisser la
température brutalement et congeler l’adversaire. La
puissance varie selon celle de la capacité originale."
subzero-slammer/sun-moon/de,flavor_text(z-split),"Der Anwender senkt mit Z-Kraft die Temperatur
drastisch und lässt das Ziel einfrieren. Die Stärke
variiert je nach zugrunde liegender Attacke.",Dummy data,"Der Anwender senkt mit Z-Kraft die Temperatur
drastisch und lässt das Ziel einfrieren. Die Stärke
variiert je nach zugrunde liegender Attacke."
subzero-slammer/sun-moon/es,flavor_text(z-split),"Emplea el Poder Z para lanzar un rayo de hielo que
baja la temperatura de golpe y congela al objetivo.
Su potencia depende de la del movimiento original.",Dummy data,"Emplea el Poder Z para lanzar un rayo de hielo que
baja la temperatura de golpe y congela al objetivo.
Su potencia depende de la del movimiento original."
subzero-slammer/sun-moon/it,flavor_text(z-split),"Chi la usa sfrutta il Potere Z per far calare di colpo
la temperatura e congelare il bersaglio. La potenza
varia a seconda della mossa su cui si basa.",Dummy Data,"Chi la usa sfrutta il Potere Z per far calare di colpo
la temperatura e congelare il bersaglio. La potenza
varia a seconda della mossa su cui si basa."
subzero-slammer/sun-moon/en,flavor_text(z-split),"The user dramatically drops the temperature using
its Z-Power and freezes the target with full force.
The power varies, depending on the original move.",Dummy Data,"The user dramatically drops the temperature using
its Z-Power and freezes the target with full force.
The power varies, depending on the original move."
subzero-slammer/sun-moon/ja,flavor_text(z-split),"Ｚパワーで　気温を　急激に　下げ
全力で　相手を　凍らせる。
元になった　技で　威力が　変わる。",ダミーデータ,"Ｚパワーで　気温を　急激に　下げ
全力で　相手を　凍らせる。
元になった　技で　威力が　変わる。"
subzero-slammer/sun-moon/zh-hans,flavor_text(z-split),"通过Ｚ力量急剧降低气温，
全力冰冻对手。
威力会根据原来的招式而改变。",ダミーデータ,"通过Ｚ力量急剧降低气温，
全力冰冻对手。
威力会根据原来的招式而改变。"
subzero-slammer/sun-moon/es-419,flavor_text(z-split),"Emplea el Poder Z para lanzar un rayo de hielo que
baja la temperatura de golpe y congela al objetivo.
Su potencia depende de la del movimiento original.",Dummy data,"Emplea el Poder Z para lanzar un rayo de hielo que
baja la temperatura de golpe y congela al objetivo.
Su potencia depende de la del movimiento original."
subzero-slammer/ultra-sun-ultra-moon/ja-hrkt,flavor_text(z-split),"Ｚパワーで　きおんを　きゅうげきに　さげ
ぜんりょくで　あいてを　こおらせる。
もとになった　わざで　いりょくが　かわる。",ダミーデータ,"Ｚパワーで　きおんを　きゅうげきに　さげ
ぜんりょくで　あいてを　こおらせる。
もとになった　わざで　いりょくが　かわる。"
subzero-slammer/ultra-sun-ultra-moon/ko,flavor_text(z-split),"Z파워로 기온을 급격하게 떨어뜨려
전력으로 상대를 얼린다.
원래 기술에 따라 위력이 변한다.",Dummy Data,"Z파워로 기온을 급격하게 떨어뜨려
전력으로 상대를 얼린다.
원래 기술에 따라 위력이 변한다."
subzero-slammer/ultra-sun-ultra-moon/zh-hant,flavor_text(z-split),"透過Ｚ力量急遽降低氣溫，
全力冰凍對手。
威力會隨原本的招式而改變。",ダミーデータ,"透過Ｚ力量急遽降低氣溫，
全力冰凍對手。
威力會隨原本的招式而改變。"
subzero-slammer/ultra-sun-ultra-moon/fr,flavor_text(z-split),"Le Pokémon utilise la Force Z pour baisser la
température brutalement et congeler l’adversaire. La
puissance varie selon celle de la capacité originale.",Dummy,"Le Pokémon utilise la Force Z pour baisser la
température brutalement et congeler l’adversaire. La
puissance varie selon celle de la capacité originale."
subzero-slammer/ultra-sun-ultra-moon/de,flavor_text(z-split),"Der Anwender senkt mit Z-Kraft die Temperatur
drastisch und lässt das Ziel einfrieren. Die Stärke
variiert je nach zugrunde liegender Attacke.",Dummy data,"Der Anwender senkt mit Z-Kraft die Temperatur
drastisch und lässt das Ziel einfrieren. Die Stärke
variiert je nach zugrunde liegender Attacke."
subzero-slammer/ultra-sun-ultra-moon/es,flavor_text(z-split),"Emplea el Poder Z para lanzar un rayo de hielo que
baja la temperatura de golpe y congela al objetivo.
Su potencia depende de la del movimiento original.",Dummy data,"Emplea el Poder Z para lanzar un rayo de hielo que
baja la temperatura de golpe y congela al objetivo.
Su potencia depende de la del movimiento original."
subzero-slammer/ultra-sun-ultra-moon/it,flavor_text(z-split),"Chi la usa sfrutta il Potere Z per far calare di colpo
la temperatura e congelare il bersaglio. La potenza
varia a seconda della mossa su cui si basa.",Dummy Data,"Chi la usa sfrutta il Potere Z per far calare di colpo
la temperatura e congelare il bersaglio. La potenza
varia a seconda della mossa su cui si basa."
subzero-slammer/ultra-sun-ultra-moon/en,flavor_text(z-split),"The user dramatically drops the temperature using
its Z-Power and freezes the target with full force.
The power varies, depending on the original move.",Dummy Data,"The user dramatically drops the temperature using
its Z-Power and freezes the target with full force.
The power varies, depending on the original move."
subzero-slammer/ultra-sun-ultra-moon/ja,flavor_text(z-split),"Ｚパワーで　気温を　急激に　下げ
全力で　相手を　凍らせる。
元になった　技で　威力が　変わる。",ダミーデータ,"Ｚパワーで　気温を　急激に　下げ
全力で　相手を　凍らせる。
元になった　技で　威力が　変わる。"
subzero-slammer/ultra-sun-ultra-moon/zh-hans,flavor_text(z-split),"通过Ｚ力量急剧降低气温，
全力冰冻对手。
威力会根据原来的招式而改变。",ダミーデータ,"通过Ｚ力量急剧降低气温，
全力冰冻对手。
威力会根据原来的招式而改变。"
subzero-slammer/ultra-sun-ultra-moon/es-419,flavor_text(z-split),"Emplea el Poder Z para lanzar un rayo de hielo que
baja la temperatura de golpe y congela al objetivo.
Su potencia depende de la del movimiento original.",Dummy data,"Emplea el Poder Z para lanzar un rayo de hielo que
baja la temperatura de golpe y congela al objetivo.
Su potencia depende de la del movimiento original."
subzero-slammer/lets-go-pikachu-lets-go-eevee/ja-hrkt,flavor_text(z-split),"Ｚパワーで　きおんを　きゅうげきに　さげ
ぜんりょくで　あいてを　こおらせる。
もとになった　わざで　いりょくが　かわる。",ダミーデータ,"Ｚパワーで　きおんを　きゅうげきに　さげ
ぜんりょくで　あいてを　こおらせる。
もとになった　わざで　いりょくが　かわる。"
subzero-slammer/lets-go-pikachu-lets-go-eevee/ko,flavor_text(z-split),"Z파워로 기온을 급격하게 떨어뜨려
전력으로 상대를 얼린다.
원래 기술에 따라 위력이 변한다.",Dummy Data,"Z파워로 기온을 급격하게 떨어뜨려
전력으로 상대를 얼린다.
원래 기술에 따라 위력이 변한다."
subzero-slammer/lets-go-pikachu-lets-go-eevee/zh-hant,flavor_text(z-split),"透過Ｚ力量急遽降低氣溫，
全力冰凍對手。
威力會隨原本的招式而改變。",ダミーデータ,"透過Ｚ力量急遽降低氣溫，
全力冰凍對手。
威力會隨原本的招式而改變。"
subzero-slammer/lets-go-pikachu-lets-go-eevee/fr,flavor_text(z-split),"Le Pokémon utilise la Force Z pour baisser la température
brutalement et congeler l’adversaire. La puissance varie
selon celle de la capacité originale.",Dummy,"Le Pokémon utilise la Force Z pour baisser la température
brutalement et congeler l’adversaire. La puissance varie
selon celle de la capacité originale."
subzero-slammer/lets-go-pikachu-lets-go-eevee/de,flavor_text(z-split),"Der Anwender senkt mit Z-Kraft die Temperatur
drastisch und lässt das Ziel einfrieren. Die Stärke
variiert je nach zugrunde liegender Attacke.",Dummy data,"Der Anwender senkt mit Z-Kraft die Temperatur
drastisch und lässt das Ziel einfrieren. Die Stärke
variiert je nach zugrunde liegender Attacke."
subzero-slammer/lets-go-pikachu-lets-go-eevee/es,flavor_text(z-split),"Emplea el Poder Z para lanzar un rayo de hielo que
baja la temperatura de golpe y congela al objetivo.
Su potencia depende de la del movimiento original.",Dummy data,"Emplea el Poder Z para lanzar un rayo de hielo que
baja la temperatura de golpe y congela al objetivo.
Su potencia depende de la del movimiento original."
subzero-slammer/lets-go-pikachu-lets-go-eevee/it,flavor_text(z-split),"Chi la usa sfrutta il Potere Z per far calare di colpo
la temperatura e congelare il bersaglio. La potenza
varia a seconda della mossa su cui si basa.",Dummy Data,"Chi la usa sfrutta il Potere Z per far calare di colpo
la temperatura e congelare il bersaglio. La potenza
varia a seconda della mossa su cui si basa."
subzero-slammer/lets-go-pikachu-lets-go-eevee/en,flavor_text(z-split),"The user dramatically drops the temperature using
its Z-Power and freezes the target with full force.
The power varies, depending on the original move.",Dummy Data,"The user dramatically drops the temperature using
its Z-Power and freezes the target with full force.
The power varies, depending on the original move."
subzero-slammer/lets-go-pikachu-lets-go-eevee/ja,flavor_text(z-split),"Ｚパワーで　気温を　急激に　下げ
全力で　相手を　凍らせる。
元になった　技で　威力が　変わる。",ダミーデータ,"Ｚパワーで　気温を　急激に　下げ
全力で　相手を　凍らせる。
元になった　技で　威力が　変わる。"
subzero-slammer/lets-go-pikachu-lets-go-eevee/zh-hans,flavor_text(z-split),"通过Ｚ力量急剧降低气温，
全力冰冻对手。
威力会根据原来的招式而改变。",ダミーデータ,"通过Ｚ力量急剧降低气温，
全力冰冻对手。
威力会根据原来的招式而改变。"
subzero-slammer/lets-go-pikachu-lets-go-eevee/es-419,flavor_text(z-split),"Emplea el Poder Z para lanzar un rayo de hielo que
baja la temperatura de golpe y congela al objetivo.
Su potencia depende de la del movimiento original.",Dummy data,"Emplea el Poder Z para lanzar un rayo de hielo que
baja la temperatura de golpe y congela al objetivo.
Su potencia depende de la del movimiento original."
devastating-drake/sun-moon/ja-hrkt,flavor_text(z-split),"Ｚパワーで　オーラを　じったいかし
ぜんりょくで　あいてに　おそいかかる。
もとになった　わざで　いりょくが　かわる。",ダミーデータ,"Ｚパワーで　オーラを　じったいかし
ぜんりょくで　あいてに　おそいかかる。
もとになった　わざで　いりょくが　かわる。"
devastating-drake/sun-moon/ko,flavor_text(z-split),"Z파워로 오라를 실체화시켜
전력으로 상대를 공격한다.
원래 기술에 따라 위력이 변한다.",Dummy Data,"Z파워로 오라를 실체화시켜
전력으로 상대를 공격한다.
원래 기술에 따라 위력이 변한다."
devastating-drake/sun-moon/zh-hant,flavor_text(z-split),"透過Ｚ力量將氣場實體化，
向對手全力發動襲擊。
威力會隨原本的招式而改變。",ダミーデータ,"透過Ｚ力量將氣場實體化，
向對手全力發動襲擊。
威力會隨原本的招式而改變。"
devastating-drake/sun-moon/fr,flavor_text(z-split),"Le Pokémon utilise la Force Z pour matérialiser
son aura et assaillir l’adversaire. La puissance varie
selon celle de la capacité originale.",Dummy,"Le Pokémon utilise la Force Z pour matérialiser
son aura et assaillir l’adversaire. La puissance varie
selon celle de la capacité originale."
devastating-drake/sun-moon/de,flavor_text(z-split),"Der Anwender materialisiert durch Z-Kraft seine
Aura und greift damit das Ziel an. Die Stärke variiert
je nach zugrunde liegender Attacke.",Dummy data,"Der Anwender materialisiert durch Z-Kraft seine
Aura und greift damit das Ziel an. Die Stärke variiert
je nach zugrunde liegender Attacke."
devastating-drake/sun-moon/es,flavor_text(z-split),"El usuario emplea el Poder Z para materializar su
aura y golpear al objetivo. Su potencia depende de
la del movimiento original.",Dummy data,"El usuario emplea el Poder Z para materializar su
aura y golpear al objetivo. Su potencia depende de
la del movimiento original."
devastating-drake/sun-moon/it,flavor_text(z-split),"Grazie al Potere Z, chi la usa materializza la propria
aura per colpire con forza il nemico. La potenza
varia a seconda della mossa su cui si basa.",Dummy Data,"Grazie al Potere Z, chi la usa materializza la propria
aura per colpire con forza il nemico. La potenza
varia a seconda della mossa su cui si basa."
devastating-drake/sun-moon/en,flavor_text(z-split),"The user materializes its aura using its Z-Power and
attacks the target with full force. The power varies,
depending on the original move.",Dummy Data,"The user materializes its aura using its Z-Power and
attacks the target with full force. The power varies,
depending on the original move."
devastating-drake/sun-moon/ja,flavor_text(z-split),"Ｚパワーで　オーラを　実体化し
全力で　相手に　襲いかかる。
元になった　技で　威力が　変わる。",ダミーデータ,"Ｚパワーで　オーラを　実体化し
全力で　相手に　襲いかかる。
元になった　技で　威力が　変わる。"
devastating-drake/sun-moon/zh-hans,flavor_text(z-split),"通过Ｚ力量将气场实体化，
向对手全力发动袭击。
威力会根据原来的招式而改变。",ダミーデータ,"通过Ｚ力量将气场实体化，
向对手全力发动袭击。
威力会根据原来的招式而改变。"
devastating-drake/sun-moon/es-419,flavor_text(z-split),"El usuario emplea el Poder Z para materializar su
aura y golpear al objetivo. Su potencia depende de
la del movimiento original.",Dummy data,"El usuario emplea el Poder Z para materializar su
aura y golpear al objetivo. Su potencia depende de
la del movimiento original."
devastating-drake/ultra-sun-ultra-moon/ja-hrkt,flavor_text(z-split),"Ｚパワーで　オーラを　じったいかし
ぜんりょくで　あいてに　おそいかかる。
もとになった　わざで　いりょくが　かわる。",ダミーデータ,"Ｚパワーで　オーラを　じったいかし
ぜんりょくで　あいてに　おそいかかる。
もとになった　わざで　いりょくが　かわる。"
devastating-drake/ultra-sun-ultra-moon/ko,flavor_text(z-split),"Z파워로 오라를 실체화시켜
전력으로 상대를 공격한다.
원래 기술에 따라 위력이 변한다.",Dummy Data,"Z파워로 오라를 실체화시켜
전력으로 상대를 공격한다.
원래 기술에 따라 위력이 변한다."
devastating-drake/ultra-sun-ultra-moon/zh-hant,flavor_text(z-split),"透過Ｚ力量將氣場實體化，
向對手全力發動襲擊。
威力會隨原本的招式而改變。",ダミーデータ,"透過Ｚ力量將氣場實體化，
向對手全力發動襲擊。
威力會隨原本的招式而改變。"
devastating-drake/ultra-sun-ultra-moon/fr,flavor_text(z-split),"Le Pokémon utilise la Force Z pour matérialiser
son aura et assaillir l’adversaire. La puissance varie
selon celle de la capacité originale.",Dummy,"Le Pokémon utilise la Force Z pour matérialiser
son aura et assaillir l’adversaire. La puissance varie
selon celle de la capacité originale."
devastating-drake/ultra-sun-ultra-moon/de,flavor_text(z-split),"Der Anwender materialisiert durch Z-Kraft seine
Aura und greift damit das Ziel an. Die Stärke variiert
je nach zugrunde liegender Attacke.",Dummy data,"Der Anwender materialisiert durch Z-Kraft seine
Aura und greift damit das Ziel an. Die Stärke variiert
je nach zugrunde liegender Attacke."
devastating-drake/ultra-sun-ultra-moon/es,flavor_text(z-split),"El usuario emplea el Poder Z para materializar su
aura y golpear al objetivo. Su potencia depende de
la del movimiento original.",Dummy data,"El usuario emplea el Poder Z para materializar su
aura y golpear al objetivo. Su potencia depende de
la del movimiento original."
devastating-drake/ultra-sun-ultra-moon/it,flavor_text(z-split),"Grazie al Potere Z, chi la usa materializza la propria
aura per colpire con forza il nemico. La potenza
varia a seconda della mossa su cui si basa.",Dummy Data,"Grazie al Potere Z, chi la usa materializza la propria
aura per colpire con forza il nemico. La potenza
varia a seconda della mossa su cui si basa."
devastating-drake/ultra-sun-ultra-moon/en,flavor_text(z-split),"The user materializes its aura using its Z-Power and
attacks the target with full force. The power varies,
depending on the original move.",Dummy Data,"The user materializes its aura using its Z-Power and
attacks the target with full force. The power varies,
depending on the original move."
devastating-drake/ultra-sun-ultra-moon/ja,flavor_text(z-split),"Ｚパワーで　オーラを　実体化し
全力で　相手に　襲いかかる。
元になった　技で　威力が　変わる。",ダミーデータ,"Ｚパワーで　オーラを　実体化し
全力で　相手に　襲いかかる。
元になった　技で　威力が　変わる。"
devastating-drake/ultra-sun-ultra-moon/zh-hans,flavor_text(z-split),"通过Ｚ力量将气场实体化，
向对手全力发动袭击。
威力会根据原来的招式而改变。",ダミーデータ,"通过Ｚ力量将气场实体化，
向对手全力发动袭击。
威力会根据原来的招式而改变。"
devastating-drake/ultra-sun-ultra-moon/es-419,flavor_text(z-split),"El usuario emplea el Poder Z para materializar su
aura y golpear al objetivo. Su potencia depende de
la del movimiento original.",Dummy data,"El usuario emplea el Poder Z para materializar su
aura y golpear al objetivo. Su potencia depende de
la del movimiento original."
devastating-drake/lets-go-pikachu-lets-go-eevee/ja-hrkt,flavor_text(z-split),"Ｚパワーで　オーラを　じったいかし
ぜんりょくで　あいてに　おそいかかる。
もとになった　わざで　いりょくが　かわる。",ダミーデータ,"Ｚパワーで　オーラを　じったいかし
ぜんりょくで　あいてに　おそいかかる。
もとになった　わざで　いりょくが　かわる。"
devastating-drake/lets-go-pikachu-lets-go-eevee/ko,flavor_text(z-split),"Z파워로 오라를 실체화시켜
전력으로 상대를 공격한다.
원래 기술에 따라 위력이 변한다.",Dummy Data,"Z파워로 오라를 실체화시켜
전력으로 상대를 공격한다.
원래 기술에 따라 위력이 변한다."
devastating-drake/lets-go-pikachu-lets-go-eevee/zh-hant,flavor_text(z-split),"透過Ｚ力量將氣場實體化，
向對手全力發動襲擊。
威力會隨原本的招式而改變。",ダミーデータ,"透過Ｚ力量將氣場實體化，
向對手全力發動襲擊。
威力會隨原本的招式而改變。"
devastating-drake/lets-go-pikachu-lets-go-eevee/fr,flavor_text(z-split),"Le Pokémon utilise la Force Z pour matérialiser son aura
et assaillir l’adversaire. La puissance varie selon celle
de la capacité originale.",Dummy,"Le Pokémon utilise la Force Z pour matérialiser son aura
et assaillir l’adversaire. La puissance varie selon celle
de la capacité originale."
devastating-drake/lets-go-pikachu-lets-go-eevee/de,flavor_text(z-split),"Der Anwender materialisiert durch Z-Kraft seine
Aura und greift damit das Ziel an. Die Stärke variiert
je nach zugrunde liegender Attacke.",Dummy data,"Der Anwender materialisiert durch Z-Kraft seine
Aura und greift damit das Ziel an. Die Stärke variiert
je nach zugrunde liegender Attacke."
devastating-drake/lets-go-pikachu-lets-go-eevee/es,flavor_text(z-split),"El usuario emplea el Poder Z para materializar su
aura y golpear al objetivo. Su potencia depende de
la del movimiento original.",Dummy data,"El usuario emplea el Poder Z para materializar su
aura y golpear al objetivo. Su potencia depende de
la del movimiento original."
devastating-drake/lets-go-pikachu-lets-go-eevee/it,flavor_text(z-split),"Grazie al Potere Z, chi la usa materializza la propria
aura per colpire con forza il nemico. La potenza
varia a seconda della mossa su cui si basa.",Dummy Data,"Grazie al Potere Z, chi la usa materializza la propria
aura per colpire con forza il nemico. La potenza
varia a seconda della mossa su cui si basa."
devastating-drake/lets-go-pikachu-lets-go-eevee/en,flavor_text(z-split),"The user materializes its aura using its Z-Power and
attacks the target with full force. The power varies,
depending on the original move.",Dummy Data,"The user materializes its aura using its Z-Power and
attacks the target with full force. The power varies,
depending on the original move."
devastating-drake/lets-go-pikachu-lets-go-eevee/ja,flavor_text(z-split),"Ｚパワーで　オーラを　実体化し
全力で　相手に　襲いかかる。
元になった　技で　威力が　変わる。",ダミーデータ,"Ｚパワーで　オーラを　実体化し
全力で　相手に　襲いかかる。
元になった　技で　威力が　変わる。"
devastating-drake/lets-go-pikachu-lets-go-eevee/zh-hans,flavor_text(z-split),"通过Ｚ力量将气场实体化，
向对手全力发动袭击。
威力会根据原来的招式而改变。",ダミーデータ,"通过Ｚ力量将气场实体化，
向对手全力发动袭击。
威力会根据原来的招式而改变。"
devastating-drake/lets-go-pikachu-lets-go-eevee/es-419,flavor_text(z-split),"El usuario emplea el Poder Z para materializar su
aura y golpear al objetivo. Su potencia depende de
la del movimiento original.",Dummy data,"El usuario emplea el Poder Z para materializar su
aura y golpear al objetivo. Su potencia depende de
la del movimiento original."
black-hole-eclipse/sun-moon/ja-hrkt,flavor_text(z-split),"Ｚパワーで　あくの　エネルギーを　あつめ
ぜんりょくで　あいてを　すいよせる。
もとになった　わざで　いりょくが　かわる。",ダミーデータ,"Ｚパワーで　あくの　エネルギーを　あつめ
ぜんりょくで　あいてを　すいよせる。
もとになった　わざで　いりょくが　かわる。"
black-hole-eclipse/sun-moon/ko,flavor_text(z-split),"Z파워로 어둠의 에너지를 모아
전력으로 상대를 끌어당긴다.
원래 기술에 따라 위력이 변한다.",Dummy Data,"Z파워로 어둠의 에너지를 모아
전력으로 상대를 끌어당긴다.
원래 기술에 따라 위력이 변한다."
black-hole-eclipse/sun-moon/zh-hant,flavor_text(z-split),"透過Ｚ力量收集惡能量，
全力將對手吸入。
威力會隨原本的招式而改變。",ダミーデータ,"透過Ｚ力量收集惡能量，
全力將對手吸入。
威力會隨原本的招式而改變。"
black-hole-eclipse/sun-moon/fr,flavor_text(z-split),"Le Pokémon utilise la Force Z pour rassembler
l’énergie négative et y aspirer l’adversaire. La
puissance varie selon celle de la capacité originale.",Dummy,"Le Pokémon utilise la Force Z pour rassembler
l’énergie négative et y aspirer l’adversaire. La
puissance varie selon celle de la capacité originale."
black-hole-eclipse/sun-moon/de,flavor_text(z-split),"Der Anwender sammelt mit Z-Kraft dunkle Energie
an, die das Ziel verschlingt. Die Stärke variiert je
nach zugrunde liegender Attacke.",Dummy data,"Der Anwender sammelt mit Z-Kraft dunkle Energie
an, die das Ziel verschlingt. Die Stärke variiert je
nach zugrunde liegender Attacke."
black-hole-eclipse/sun-moon/es,flavor_text(z-split),"El usuario emplea el Poder Z para generar un agujero
negro que absorbe al objetivo. Su potencia depende
de la del movimiento original.",Dummy data,"El usuario emplea el Poder Z para generar un agujero
negro que absorbe al objetivo. Su potencia depende
de la del movimiento original."
black-hole-eclipse/sun-moon/it,flavor_text(z-split),"Chi la usa si serve del Potere Z per concentrare
energia negativa con cui inghiotte il bersaglio. La
potenza varia a seconda della mossa su cui si basa.",Dummy Data,"Chi la usa si serve del Potere Z per concentrare
energia negativa con cui inghiotte il bersaglio. La
potenza varia a seconda della mossa su cui si basa."
black-hole-eclipse/sun-moon/en,flavor_text(z-split),"The user gathers dark energy using its Z-Power
and sucks the target into it. The power varies,
depending on the original move.",Dummy Data,"The user gathers dark energy using its Z-Power
and sucks the target into it. The power varies,
depending on the original move."
black-hole-eclipse/sun-moon/ja,flavor_text(z-split),"Ｚパワーで　悪の　エネルギーを　集め
全力で　相手を　吸いよせる。
元になった　技で　威力が　変わる。",ダミーデータ,"Ｚパワーで　悪の　エネルギーを　集め
全力で　相手を　吸いよせる。
元になった　技で　威力が　変わる。"
black-hole-eclipse/sun-moon/zh-hans,flavor_text(z-split),"通过Ｚ力量收集恶能量，
全力将对手吸入。
威力会根据原来的招式而改变。",ダミーデータ,"通过Ｚ力量收集恶能量，
全力将对手吸入。
威力会根据原来的招式而改变。"
black-hole-eclipse/sun-moon/es-419,flavor_text(z-split),"El usuario emplea el Poder Z para generar un agujero
negro que absorbe al objetivo. Su potencia depende
de la del movimiento original.",Dummy data,"El usuario emplea el Poder Z para generar un agujero
negro que absorbe al objetivo. Su potencia depende
de la del movimiento original."
black-hole-eclipse/ultra-sun-ultra-moon/ja-hrkt,flavor_text(z-split),"Ｚパワーで　あくの　エネルギーを　あつめ
ぜんりょくで　あいてを　すいよせる。
もとになった　わざで　いりょくが　かわる。",ダミーデータ,"Ｚパワーで　あくの　エネルギーを　あつめ
ぜんりょくで　あいてを　すいよせる。
もとになった　わざで　いりょくが　かわる。"
black-hole-eclipse/ultra-sun-ultra-moon/ko,flavor_text(z-split),"Z파워로 어둠의 에너지를 모아
전력으로 상대를 끌어당긴다.
원래 기술에 따라 위력이 변한다.",Dummy Data,"Z파워로 어둠의 에너지를 모아
전력으로 상대를 끌어당긴다.
원래 기술에 따라 위력이 변한다."
black-hole-eclipse/ultra-sun-ultra-moon/zh-hant,flavor_text(z-split),"透過Ｚ力量收集惡能量，
全力將對手吸入。
威力會隨原本的招式而改變。",ダミーデータ,"透過Ｚ力量收集惡能量，
全力將對手吸入。
威力會隨原本的招式而改變。"
black-hole-eclipse/ultra-sun-ultra-moon/fr,flavor_text(z-split),"Le Pokémon utilise la Force Z pour rassembler
l’énergie négative et y aspirer l’adversaire. La
puissance varie selon celle de la capacité originale.",Dummy,"Le Pokémon utilise la Force Z pour rassembler
l’énergie négative et y aspirer l’adversaire. La
puissance varie selon celle de la capacité originale."
black-hole-eclipse/ultra-sun-ultra-moon/de,flavor_text(z-split),"Der Anwender sammelt mit Z-Kraft dunkle Energie
an, die das Ziel verschlingt. Die Stärke variiert je
nach zugrunde liegender Attacke.",Dummy data,"Der Anwender sammelt mit Z-Kraft dunkle Energie
an, die das Ziel verschlingt. Die Stärke variiert je
nach zugrunde liegender Attacke."
black-hole-eclipse/ultra-sun-ultra-moon/es,flavor_text(z-split),"El usuario emplea el Poder Z para generar un agujero
negro que absorbe al objetivo. Su potencia depende
de la del movimiento original.",Dummy data,"El usuario emplea el Poder Z para generar un agujero
negro que absorbe al objetivo. Su potencia depende
de la del movimiento original."
black-hole-eclipse/ultra-sun-ultra-moon/it,flavor_text(z-split),"Chi la usa si serve del Potere Z per concentrare
energia negativa con cui inghiotte il bersaglio. La
potenza varia a seconda della mossa su cui si basa.",Dummy Data,"Chi la usa si serve del Potere Z per concentrare
energia negativa con cui inghiotte il bersaglio. La
potenza varia a seconda della mossa su cui si basa."
black-hole-eclipse/ultra-sun-ultra-moon/en,flavor_text(z-split),"The user gathers dark energy using its Z-Power
and sucks the target into it. The power varies,
depending on the original move.",Dummy Data,"The user gathers dark energy using its Z-Power
and sucks the target into it. The power varies,
depending on the original move."
black-hole-eclipse/ultra-sun-ultra-moon/ja,flavor_text(z-split),"Ｚパワーで　悪の　エネルギーを　集め
全力で　相手を　吸いよせる。
元になった　技で　威力が　変わる。",ダミーデータ,"Ｚパワーで　悪の　エネルギーを　集め
全力で　相手を　吸いよせる。
元になった　技で　威力が　変わる。"
black-hole-eclipse/ultra-sun-ultra-moon/zh-hans,flavor_text(z-split),"通过Ｚ力量收集恶能量，
全力将对手吸入。
威力会根据原来的招式而改变。",ダミーデータ,"通过Ｚ力量收集恶能量，
全力将对手吸入。
威力会根据原来的招式而改变。"
black-hole-eclipse/ultra-sun-ultra-moon/es-419,flavor_text(z-split),"El usuario emplea el Poder Z para generar un agujero
negro que absorbe al objetivo. Su potencia depende
de la del movimiento original.",Dummy data,"El usuario emplea el Poder Z para generar un agujero
negro que absorbe al objetivo. Su potencia depende
de la del movimiento original."
black-hole-eclipse/lets-go-pikachu-lets-go-eevee/ja-hrkt,flavor_text(z-split),"Ｚパワーで　あくの　エネルギーを　あつめ
ぜんりょくで　あいてを　すいよせる。
もとになった　わざで　いりょくが　かわる。",ダミーデータ,"Ｚパワーで　あくの　エネルギーを　あつめ
ぜんりょくで　あいてを　すいよせる。
もとになった　わざで　いりょくが　かわる。"
black-hole-eclipse/lets-go-pikachu-lets-go-eevee/ko,flavor_text(z-split),"Z파워로 어둠의 에너지를 모아
전력으로 상대를 끌어당긴다.
원래 기술에 따라 위력이 변한다.",Dummy Data,"Z파워로 어둠의 에너지를 모아
전력으로 상대를 끌어당긴다.
원래 기술에 따라 위력이 변한다."
black-hole-eclipse/lets-go-pikachu-lets-go-eevee/zh-hant,flavor_text(z-split),"透過Ｚ力量收集惡能量，
全力將對手吸入。
威力會隨原本的招式而改變。",ダミーデータ,"透過Ｚ力量收集惡能量，
全力將對手吸入。
威力會隨原本的招式而改變。"
black-hole-eclipse/lets-go-pikachu-lets-go-eevee/fr,flavor_text(z-split),"Le Pokémon utilise la Force Z pour rassembler l’énergie
négative et y aspirer l’adversaire. La puissance varie selon
celle de la capacité originale.",Dummy,"Le Pokémon utilise la Force Z pour rassembler l’énergie
négative et y aspirer l’adversaire. La puissance varie selon
celle de la capacité originale."
black-hole-eclipse/lets-go-pikachu-lets-go-eevee/de,flavor_text(z-split),"Der Anwender sammelt mit Z-Kraft dunkle Energie
an, die das Ziel verschlingt. Die Stärke variiert je
nach zugrunde liegender Attacke.",Dummy data,"Der Anwender sammelt mit Z-Kraft dunkle Energie
an, die das Ziel verschlingt. Die Stärke variiert je
nach zugrunde liegender Attacke."
black-hole-eclipse/lets-go-pikachu-lets-go-eevee/es,flavor_text(z-split),"El usuario emplea el Poder Z para generar un agujero
negro que absorbe al objetivo. Su potencia depende
de la del movimiento original.",Dummy data,"El usuario emplea el Poder Z para generar un agujero
negro que absorbe al objetivo. Su potencia depende
de la del movimiento original."
black-hole-eclipse/lets-go-pikachu-lets-go-eevee/it,flavor_text(z-split),"Chi la usa si serve del Potere Z per concentrare
energia negativa con cui inghiotte il bersaglio. La
potenza varia a seconda della mossa su cui si basa.",Dummy Data,"Chi la usa si serve del Potere Z per concentrare
energia negativa con cui inghiotte il bersaglio. La
potenza varia a seconda della mossa su cui si basa."
black-hole-eclipse/lets-go-pikachu-lets-go-eevee/en,flavor_text(z-split),"The user gathers dark energy using its Z-Power
and sucks the target into it. The power varies,
depending on the original move.",Dummy Data,"The user gathers dark energy using its Z-Power
and sucks the target into it. The power varies,
depending on the original move."
black-hole-eclipse/lets-go-pikachu-lets-go-eevee/ja,flavor_text(z-split),"Ｚパワーで　悪の　エネルギーを　集め
全力で　相手を　吸いよせる。
元になった　技で　威力が　変わる。",ダミーデータ,"Ｚパワーで　悪の　エネルギーを　集め
全力で　相手を　吸いよせる。
元になった　技で　威力が　変わる。"
black-hole-eclipse/lets-go-pikachu-lets-go-eevee/zh-hans,flavor_text(z-split),"通过Ｚ力量收集恶能量，
全力将对手吸入。
威力会根据原来的招式而改变。",ダミーデータ,"通过Ｚ力量收集恶能量，
全力将对手吸入。
威力会根据原来的招式而改变。"
black-hole-eclipse/lets-go-pikachu-lets-go-eevee/es-419,flavor_text(z-split),"El usuario emplea el Poder Z para generar un agujero
negro que absorbe al objetivo. Su potencia depende
de la del movimiento original.",Dummy data,"El usuario emplea el Poder Z para generar un agujero
negro que absorbe al objetivo. Su potencia depende
de la del movimiento original."
twinkle-tackle/sun-moon/ja-hrkt,flavor_text(z-split),"Ｚパワーで　みわくの　くうかんを　つくり
ぜんりょくで　あいてを　もてあそぶ。
もとになった　わざで　いりょくが　かわる。",ダミーデータ,"Ｚパワーで　みわくの　くうかんを　つくり
ぜんりょくで　あいてを　もてあそぶ。
もとになった　わざで　いりょくが　かわる。"
twinkle-tackle/sun-moon/ko,flavor_text(z-split),"Z파워로 매혹의 공간을 만들어
전력으로 상대를 가지고 논다.
원래 기술에 따라 위력이 변한다.",Dummy Data,"Z파워로 매혹의 공간을 만들어
전력으로 상대를 가지고 논다.
원래 기술에 따라 위력이 변한다."
twinkle-tackle/sun-moon/zh-hant,flavor_text(z-split),"透過Ｚ力量製造魅惑空間，
全力玩弄對手。
威力會隨原本的招式而改變。",ダミーデータ,"透過Ｚ力量製造魅惑空間，
全力玩弄對手。
威力會隨原本的招式而改變。"
twinkle-tackle/sun-moon/fr,flavor_text(z-split),"Le Pokémon utilise la Force Z pour créer une
dimension irréelle où l’adversaire est à sa merci. La
puissance varie selon celle de la capacité originale.",Dummy,"Le Pokémon utilise la Force Z pour créer une
dimension irréelle où l’adversaire est à sa merci. La
puissance varie selon celle de la capacité originale."
twinkle-tackle/sun-moon/de,flavor_text(z-split),"Der Anwender kreiert mit Z-Kraft eine zauberhafte
Dimension und treibt dort sein Spiel mit dem Ziel. Die
Stärke variiert je nach zugrunde liegender Attacke.",Dummy data,"Der Anwender kreiert mit Z-Kraft eine zauberhafte
Dimension und treibt dort sein Spiel mit dem Ziel. Die
Stärke variiert je nach zugrunde liegender Attacke."
twinkle-tackle/sun-moon/es,flavor_text(z-split),"El usuario emplea el Poder Z para crear una
dimensión fascinante que deja al rival a su merced.
Su potencia depende de la del movimiento original.",Dummy data,"El usuario emplea el Poder Z para crear una
dimensión fascinante que deja al rival a su merced.
Su potencia depende de la del movimiento original."
twinkle-tackle/sun-moon/it,flavor_text(z-split),"Grazie al Potere Z, chi la usa crea una dimensione
fatata in cui fa ciò che vuole del proprio bersaglio. La
potenza varia a seconda della mossa su cui si basa.",Dummy Data,"Grazie al Potere Z, chi la usa crea una dimensione
fatata in cui fa ciò che vuole del proprio bersaglio. La
potenza varia a seconda della mossa su cui si basa."
twinkle-tackle/sun-moon/en,flavor_text(z-split),"The user creates a very charming space using its
Z-Power and totally toys with the target. The power
varies, depending on the original move.",Dummy Data,"The user creates a very charming space using its
Z-Power and totally toys with the target. The power
varies, depending on the original move."
twinkle-tackle/sun-moon/ja,flavor_text(z-split),"Ｚパワーで　魅惑の　空間を　作り
全力で　相手を　もてあそぶ。
元になった　技で　威力が　変わる。",ダミーデータ,"Ｚパワーで　魅惑の　空間を　作り
全力で　相手を　もてあそぶ。
元になった　技で　威力が　変わる。"
twinkle-tackle/sun-moon/zh-hans,flavor_text(z-split),"通过Ｚ力量制造魅惑空间，
全力捉弄对手。
威力会根据原来的招式而改变。",ダミーデータ,"通过Ｚ力量制造魅惑空间，
全力捉弄对手。
威力会根据原来的招式而改变。"
twinkle-tackle/sun-moon/es-419,flavor_text(z-split),"El usuario emplea el Poder Z para crear una
dimensión fascinante que deja al rival a su merced.
Su potencia depende de la del movimiento original.",Dummy data,"El usuario emplea el Poder Z para crear una
dimensión fascinante que deja al rival a su merced.
Su potencia depende de la del movimiento original."
twinkle-tackle/ultra-sun-ultra-moon/ja-hrkt,flavor_text(z-split),"Ｚパワーで　みわくの　くうかんを　つくり
ぜんりょくで　あいてを　もてあそぶ。
もとになった　わざで　いりょくが　かわる。",ダミーデータ,"Ｚパワーで　みわくの　くうかんを　つくり
ぜんりょくで　あいてを　もてあそぶ。
もとになった　わざで　いりょくが　かわる。"
twinkle-tackle/ultra-sun-ultra-moon/ko,flavor_text(z-split),"Z파워로 매혹의 공간을 만들어
전력으로 상대를 가지고 논다.
원래 기술에 따라 위력이 변한다.",Dummy Data,"Z파워로 매혹의 공간을 만들어
전력으로 상대를 가지고 논다.
원래 기술에 따라 위력이 변한다."
twinkle-tackle/ultra-sun-ultra-moon/zh-hant,flavor_text(z-split),"透過Ｚ力量製造魅惑空間，
全力玩弄對手。
威力會隨原本的招式而改變。",ダミーデータ,"透過Ｚ力量製造魅惑空間，
全力玩弄對手。
威力會隨原本的招式而改變。"
twinkle-tackle/ultra-sun-ultra-moon/fr,flavor_text(z-split),"Le Pokémon utilise la Force Z pour créer une
dimension irréelle où l’adversaire est à sa merci. La
puissance varie selon celle de la capacité originale.",Dummy,"Le Pokémon utilise la Force Z pour créer une
dimension irréelle où l’adversaire est à sa merci. La
puissance varie selon celle de la capacité originale."
twinkle-tackle/ultra-sun-ultra-moon/de,flavor_text(z-split),"Der Anwender kreiert mit Z-Kraft eine zauberhafte
Dimension und treibt dort sein Spiel mit dem Ziel. Die
Stärke variiert je nach zugrunde liegender Attacke.",Dummy data,"Der Anwender kreiert mit Z-Kraft eine zauberhafte
Dimension und treibt dort sein Spiel mit dem Ziel. Die
Stärke variiert je nach zugrunde liegender Attacke."
twinkle-tackle/ultra-sun-ultra-moon/es,flavor_text(z-split),"El usuario emplea el Poder Z para crear una
dimensión fascinante que deja al rival a su merced.
Su potencia depende de la del movimiento original.",Dummy data,"El usuario emplea el Poder Z para crear una
dimensión fascinante que deja al rival a su merced.
Su potencia depende de la del movimiento original."
twinkle-tackle/ultra-sun-ultra-moon/it,flavor_text(z-split),"Grazie al Potere Z, chi la usa crea una dimensione
fatata in cui fa ciò che vuole del proprio bersaglio. La
potenza varia a seconda della mossa su cui si basa.",Dummy Data,"Grazie al Potere Z, chi la usa crea una dimensione
fatata in cui fa ciò che vuole del proprio bersaglio. La
potenza varia a seconda della mossa su cui si basa."
twinkle-tackle/ultra-sun-ultra-moon/en,flavor_text(z-split),"The user creates a very charming space using its
Z-Power and totally toys with the target. The power
varies, depending on the original move.",Dummy Data,"The user creates a very charming space using its
Z-Power and totally toys with the target. The power
varies, depending on the original move."
twinkle-tackle/ultra-sun-ultra-moon/ja,flavor_text(z-split),"Ｚパワーで　魅惑の　空間を　作り
全力で　相手を　もてあそぶ。
元になった　技で　威力が　変わる。",ダミーデータ,"Ｚパワーで　魅惑の　空間を　作り
全力で　相手を　もてあそぶ。
元になった　技で　威力が　変わる。"
twinkle-tackle/ultra-sun-ultra-moon/zh-hans,flavor_text(z-split),"通过Ｚ力量制造魅惑空间，
全力捉弄对手。
威力会根据原来的招式而改变。",ダミーデータ,"通过Ｚ力量制造魅惑空间，
全力捉弄对手。
威力会根据原来的招式而改变。"
twinkle-tackle/ultra-sun-ultra-moon/es-419,flavor_text(z-split),"El usuario emplea el Poder Z para crear una
dimensión fascinante que deja al rival a su merced.
Su potencia depende de la del movimiento original.",Dummy data,"El usuario emplea el Poder Z para crear una
dimensión fascinante que deja al rival a su merced.
Su potencia depende de la del movimiento original."
twinkle-tackle/lets-go-pikachu-lets-go-eevee/ja-hrkt,flavor_text(z-split),"Ｚパワーで　みわくの　くうかんを　つくり
ぜんりょくで　あいてを　もてあそぶ。
もとになった　わざで　いりょくが　かわる。",ダミーデータ,"Ｚパワーで　みわくの　くうかんを　つくり
ぜんりょくで　あいてを　もてあそぶ。
もとになった　わざで　いりょくが　かわる。"
twinkle-tackle/lets-go-pikachu-lets-go-eevee/ko,flavor_text(z-split),"Z파워로 매혹의 공간을 만들어
전력으로 상대를 가지고 논다.
원래 기술에 따라 위력이 변한다.",Dummy Data,"Z파워로 매혹의 공간을 만들어
전력으로 상대를 가지고 논다.
원래 기술에 따라 위력이 변한다."
twinkle-tackle/lets-go-pikachu-lets-go-eevee/zh-hant,flavor_text(z-split),"透過Ｚ力量製造魅惑空間，
全力玩弄對手。
威力會隨原本的招式而改變。",ダミーデータ,"透過Ｚ力量製造魅惑空間，
全力玩弄對手。
威力會隨原本的招式而改變。"
twinkle-tackle/lets-go-pikachu-lets-go-eevee/fr,flavor_text(z-split),"Le Pokémon utilise la Force Z pour créer une dimension
irréelle où l’adversaire est à sa merci. La puissance varie
selon celle de la capacité originale.",Dummy,"Le Pokémon utilise la Force Z pour créer une dimension
irréelle où l’adversaire est à sa merci. La puissance varie
selon celle de la capacité originale."
twinkle-tackle/lets-go-pikachu-lets-go-eevee/de,flavor_text(z-split),"Der Anwender kreiert mit Z-Kraft eine zauberhafte
Dimension und treibt dort sein Spiel mit dem Ziel. Die
Stärke variiert je nach zugrunde liegender Attacke.",Dummy data,"Der Anwender kreiert mit Z-Kraft eine zauberhafte
Dimension und treibt dort sein Spiel mit dem Ziel. Die
Stärke variiert je nach zugrunde liegender Attacke."
twinkle-tackle/lets-go-pikachu-lets-go-eevee/es,flavor_text(z-split),"El usuario emplea el Poder Z para crear una
dimensión fascinante que deja al rival a su merced.
Su potencia depende de la del movimiento original.",Dummy data,"El usuario emplea el Poder Z para crear una
dimensión fascinante que deja al rival a su merced.
Su potencia depende de la del movimiento original."
twinkle-tackle/lets-go-pikachu-lets-go-eevee/it,flavor_text(z-split),"Grazie al Potere Z, chi la usa crea una dimensione
fatata in cui fa ciò che vuole del proprio bersaglio. La
potenza varia a seconda della mossa su cui si basa.",Dummy Data,"Grazie al Potere Z, chi la usa crea una dimensione
fatata in cui fa ciò che vuole del proprio bersaglio. La
potenza varia a seconda della mossa su cui si basa."
twinkle-tackle/lets-go-pikachu-lets-go-eevee/en,flavor_text(z-split),"The user creates a very charming space using its
Z-Power and totally toys with the target. The power
varies, depending on the original move.",Dummy Data,"The user creates a very charming space using its
Z-Power and totally toys with the target. The power
varies, depending on the original move."
twinkle-tackle/lets-go-pikachu-lets-go-eevee/ja,flavor_text(z-split),"Ｚパワーで　魅惑の　空間を　作り
全力で　相手を　もてあそぶ。
元になった　技で　威力が　変わる。",ダミーデータ,"Ｚパワーで　魅惑の　空間を　作り
全力で　相手を　もてあそぶ。
元になった　技で　威力が　変わる。"
twinkle-tackle/lets-go-pikachu-lets-go-eevee/zh-hans,flavor_text(z-split),"通过Ｚ力量制造魅惑空间，
全力捉弄对手。
威力会根据原来的招式而改变。",ダミーデータ,"通过Ｚ力量制造魅惑空间，
全力捉弄对手。
威力会根据原来的招式而改变。"
twinkle-tackle/lets-go-pikachu-lets-go-eevee/es-419,flavor_text(z-split),"El usuario emplea el Poder Z para crear una
dimensión fascinante que deja al rival a su merced.
Su potencia depende de la del movimiento original.",Dummy data,"El usuario emplea el Poder Z para crear una
dimensión fascinante que deja al rival a su merced.
Su potencia depende de la del movimiento original."
tackle/emerald,flavor_text,"Charges the foe with a full-
body tackle.",Charges the foe with a full- body tackle.,"Charges the foe with a full-
body tackle."
tackle/ruby-sapphire,flavor_text,"Charges the foe with a full-
body tackle.",Charges the foe with a full- body tackle.,"Charges the foe with a full-
body tackle."
take-down/firered-leafgreen,flavor_text,"A reckless, full-
body charge attack
that also hurts the
user a little.","A reckless, full- body charge attack that also hurts the user a little.","A reckless, full-
body charge attack
that also hurts the
user a little."
double-edge/diamond-pearl,flavor_text,"A reckless, life-
risking tackle.
It also damages the
user by a fairly large
amount, however.","A reckless, life- risking tackle. It also damages the user by a fairly large amount, however.","A reckless, life-
risking tackle.
It also damages the
user by a fairly large
amount, however."
double-edge/firered-leafgreen,flavor_text,"A reckless, life-
risking tackle that
also hurts the user
a little.","A reckless, life- risking tackle that also hurts the user a little.","A reckless, life-
risking tackle that
also hurts the user
a little."
double-edge/heartgold-soulsilver,flavor_text,"A reckless, life-
risking tackle.
It also damages the
user by a fairly large
amount, however.","A reckless, life- risking tackle. It also damages the user by a fairly large amount, however.","A reckless, life-
risking tackle.
It also damages the
user by a fairly large
amount, however."
double-edge/platinum,flavor_text,"A reckless, life-
risking tackle.
It also damages the
user by a fairly large
amount, however.","A reckless, life- risking tackle. It also damages the user by a fairly large amount, however.","A reckless, life-
risking tackle.
It also damages the
user by a fairly large
amount, however."
sonic-boom/firered-leafgreen,flavor_text,"The foe is hit with
a shock wave that
always inflicts 20-
HP damage.",The foe is hit with a shock wave that always inflicts 20- HP damage.,"The foe is hit with
a shock wave that
always inflicts 20-
HP damage."
acid/firered-leafgreen,flavor_text,"The foe is sprayed
with a harsh, hide-
melting acid that
may lower DEFENSE.","The foe is sprayed with a harsh, hide- melting acid that may lower DEFENSE.","The foe is sprayed
with a harsh, hide-
melting acid that
may lower DEFENSE."
hydro-pump/crystal,flavor_text,"A powerful water-
type attack.",A powerful water- type attack.,"A powerful water-
type attack."
hydro-pump/gold-silver,flavor_text,"A powerful water-
type attack.",A powerful water- type attack.,"A powerful water-
type attack."
surf/crystal,flavor_text,"A strong water-
type attack.",A strong water- type attack.,"A strong water-
type attack."
surf/gold-silver,flavor_text,"A strong water-
type attack.",A strong water- type attack.,"A strong water-
type attack."
submission/firered-leafgreen,flavor_text,"A reckless, full-
body throw attack
that also hurts the
user a little.","A reckless, full- body throw attack that also hurts the user a little.","A reckless, full-
body throw attack
that also hurts the
user a little."
sleep-powder/diamond-pearl,flavor_text,"The user scatters a
big cloud of sleep-
inducing dust around
the foe.",The user scatters a big cloud of sleep- inducing dust around the foe.,"The user scatters a
big cloud of sleep-
inducing dust around
the foe."
sleep-powder/heartgold-soulsilver,flavor_text,"The user scatters a
big cloud of sleep-
inducing dust around
the foe.",The user scatters a big cloud of sleep- inducing dust around the foe.,"The user scatters a
big cloud of sleep-
inducing dust around
the foe."
sleep-powder/platinum,flavor_text,"The user scatters a
big cloud of sleep-
inducing dust around
the foe.",The user scatters a big cloud of sleep- inducing dust around the foe.,"The user scatters a
big cloud of sleep-
inducing dust around
the foe."
dragon-rage/firered-leafgreen,flavor_text,"The foe is hit with
a shock wave that
always inflicts 40-
HP damage.",The foe is hit with a shock wave that always inflicts 40- HP damage.,"The foe is hit with
a shock wave that
always inflicts 40-
HP damage."
tri-attack/diamond-pearl,flavor_text,"The user strikes with
a simultaneous three-
beam attack. May also
paralyze, burn, or
freeze the target.","The user strikes with a simultaneous three- beam attack. May also paralyze, burn, or freeze the target.","The user strikes with
a simultaneous three-
beam attack. May also
paralyze, burn, or
freeze the target."
tri-attack/heartgold-soulsilver,flavor_text,"The user strikes with
a simultaneous three-
beam attack. May also
paralyze, burn, or
freeze the target.","The user strikes with a simultaneous three- beam attack. May also paralyze, burn, or freeze the target.","The user strikes with
a simultaneous three-
beam attack. May also
paralyze, burn, or
freeze the target."
tri-attack/platinum,flavor_text,"The user strikes with
a simultaneous three-
beam attack. May also
paralyze, burn, or
freeze the target.","The user strikes with a simultaneous three- beam attack. May also paralyze, burn, or freeze the target.","The user strikes with
a simultaneous three-
beam attack. May also
paralyze, burn, or
freeze the target."
substitute/firered-leafgreen,flavor_text,"The user creates a
decoy using one-
quarter of its full
HP.",The user creates a decoy using one- quarter of its full HP.,"The user creates a
decoy using one-
quarter of its full
HP."
triple-kick/diamond-pearl,flavor_text,"A consecutive three-
kick attack that
becomes more
powerful with each
successive hit.",A consecutive three- kick attack that becomes more powerful with each successive hit.,"A consecutive three-
kick attack that
becomes more
powerful with each
successive hit."
triple-kick/heartgold-soulsilver,flavor_text,"A consecutive three-
kick attack that
becomes more
powerful with each
successive hit.",A consecutive three- kick attack that becomes more powerful with each successive hit.,"A consecutive three-
kick attack that
becomes more
powerful with each
successive hit."
triple-kick/platinum,flavor_text,"A consecutive three-
kick attack that
becomes more
powerful with each
successive hit.",A consecutive three- kick attack that becomes more powerful with each successive hit.,"A consecutive three-
kick attack that
becomes more
powerful with each
successive hit."
foresight/lets-go-pikachu-lets-go-eevee,flavor_text,"Enables a Ghost-type target to be hit by Normal-
and Fighting-type attacks. This also enables an
evasive target to be hit.",Enables a Ghost-type target to be hit by Normal- and Fighting-type attacks. This also enables an evasive target to be hit.,"Enables a Ghost-type target to be hit by Normal-
and Fighting-type attacks. This also enables an
evasive target to be hit."
foresight/sun-moon,flavor_text,"Enables a Ghost-type target to be hit by Normal-
and Fighting-type attacks. This also enables an
evasive target to be hit.",Enables a Ghost-type target to be hit by Normal- and Fighting-type attacks. This also enables an evasive target to be hit.,"Enables a Ghost-type target to be hit by Normal-
and Fighting-type attacks. This also enables an
evasive target to be hit."
foresight/ultra-sun-ultra-moon,flavor_text,"Enables a Ghost-type target to be hit by Normal-
and Fighting-type attacks. This also enables an
evasive target to be hit.",Enables a Ghost-type target to be hit by Normal- and Fighting-type attacks. This also enables an evasive target to be hit.,"Enables a Ghost-type target to be hit by Normal-
and Fighting-type attacks. This also enables an
evasive target to be hit."
rain-dance/diamond-pearl,flavor_text,"The user summons a
heavy rain that falls
for five turns,
powering up Water-
type moves.","The user summons a heavy rain that falls for five turns, powering up Water- type moves.","The user summons a
heavy rain that falls
for five turns,
powering up Water-
type moves."
rain-dance/emerald,flavor_text,"Boosts the power of WATER-
type moves for 5 turns.",Boosts the power of WATER- type moves for 5 turns.,"Boosts the power of WATER-
type moves for 5 turns."
rain-dance/firered-leafgreen,flavor_text,"A heavy rain falls
for five turns,
powering up WATER-
type moves.","A heavy rain falls for five turns, powering up WATER- type moves.","A heavy rain falls
for five turns,
powering up WATER-
type moves."
rain-dance/heartgold-soulsilver,flavor_text,"The user summons a
heavy rain that falls
for five turns,
powering up Water-
type moves.","The user summons a heavy rain that falls for five turns, powering up Water- type moves.","The user summons a
heavy rain that falls
for five turns,
powering up Water-
type moves."
rain-dance/platinum,flavor_text,"The user summons a
heavy rain that falls
for five turns,
powering up Water-
type moves.","The user summons a heavy rain that falls for five turns, powering up Water- type moves.","The user summons a
heavy rain that falls
for five turns,
powering up Water-
type moves."
rain-dance/ruby-sapphire,flavor_text,"Boosts the power of WATER-
type moves for 5 turns.",Boosts the power of WATER- type moves for 5 turns.,"Boosts the power of WATER-
type moves for 5 turns."
sunny-day/emerald,flavor_text,"Boosts the power of FIRE-
type moves for 5 turns.",Boosts the power of FIRE- type moves for 5 turns.,"Boosts the power of FIRE-
type moves for 5 turns."
sunny-day/ruby-sapphire,flavor_text,"Boosts the power of FIRE-
type moves for 5 turns.",Boosts the power of FIRE- type moves for 5 turns.,"Boosts the power of FIRE-
type moves for 5 turns."
extreme-speed/crystal,flavor_text,"A powerful first-
strike move.",A powerful first- strike move.,"A powerful first-
strike move."
extreme-speed/gold-silver,flavor_text,"A powerful first-
strike move.",A powerful first- strike move.,"A powerful first-
strike move."
magic-coat/firered-leafgreen,flavor_text,"Reflects back the
foe’s LEECH SEED
and any status-
damaging move.",Reflects back the foe’s LEECH SEED and any status- damaging move.,"Reflects back the
foe’s LEECH SEED
and any status-
damaging move."
snatch/diamond-pearl,flavor_text,"The user steals the
effects of any
healing or status-
changing move the foe
attempts to use.",The user steals the effects of any healing or status- changing move the foe attempts to use.,"The user steals the
effects of any
healing or status-
changing move the foe
attempts to use."
snatch/firered-leafgreen,flavor_text,"Steals the effects
of the foe’s
healing or status-
changing move.",Steals the effects of the foe’s healing or status- changing move.,"Steals the effects
of the foe’s
healing or status-
changing move."
snatch/heartgold-soulsilver,flavor_text,"The user steals the
effects of any
healing or stat-
changing move the foe
attempts to use.",The user steals the effects of any healing or stat- changing move the foe attempts to use.,"The user steals the
effects of any
healing or stat-
changing move the foe
attempts to use."
snatch/platinum,flavor_text,"The user steals the
effects of any
healing or stat-
changing move the foe
attempts to use.",The user steals the effects of any healing or stat- changing move the foe attempts to use.,"The user steals the
effects of any
healing or stat-
changing move the foe
attempts to use."
blaze-kick/emerald,flavor_text,"A kick with a high critical-
hit ratio. May cause a burn.",A kick with a high critical- hit ratio. May cause a burn.,"A kick with a high critical-
hit ratio. May cause a burn."
blaze-kick/ruby-sapphire,flavor_text,"A kick with a high critical-
hit ratio. May cause a burn.",A kick with a high critical- hit ratio. May cause a burn.,"A kick with a high critical-
hit ratio. May cause a burn."
mud-sport/diamond-pearl,flavor_text,"The user covers
itself with mud. It
weakens Electric-
type moves while the
user is in the battle.",The user covers itself with mud. It weakens Electric- type moves while the user is in the battle.,"The user covers
itself with mud. It
weakens Electric-
type moves while the
user is in the battle."
mud-sport/firered-leafgreen,flavor_text,"Weakens ELECTRIC-
type attacks while
the user is in the
battle.",Weakens ELECTRIC- type attacks while the user is in the battle.,"Weakens ELECTRIC-
type attacks while
the user is in the
battle."
mud-sport/heartgold-soulsilver,flavor_text,"The user covers
itself with mud. It
weakens Electric-
type moves while the
user is in the battle.",The user covers itself with mud. It weakens Electric- type moves while the user is in the battle.,"The user covers
itself with mud. It
weakens Electric-
type moves while the
user is in the battle."
mud-sport/platinum,flavor_text,"The user covers
itself with mud. It
weakens Electric-
type moves while the
user is in the battle.",The user covers itself with mud. It weakens Electric- type moves while the user is in the battle.,"The user covers
itself with mud. It
weakens Electric-
type moves while the
user is in the battle."
odor-sleuth/lets-go-pikachu-lets-go-eevee,flavor_text,"Enables a Ghost-type target to be hit by Normal-
and Fighting-type attacks. This also enables an
evasive target to be hit.",Enables a Ghost-type target to be hit by Normal- and Fighting-type attacks. This also enables an evasive target to be hit.,"Enables a Ghost-type target to be hit by Normal-
and Fighting-type attacks. This also enables an
evasive target to be hit."
odor-sleuth/sun-moon,flavor_text,"Enables a Ghost-type target to be hit by Normal-
and Fighting-type attacks. This also enables an
evasive target to be hit.",Enables a Ghost-type target to be hit by Normal- and Fighting-type attacks. This also enables an evasive target to be hit.,"Enables a Ghost-type target to be hit by Normal-
and Fighting-type attacks. This also enables an
evasive target to be hit."
odor-sleuth/ultra-sun-ultra-moon,flavor_text,"Enables a Ghost-type target to be hit by Normal-
and Fighting-type attacks. This also enables an
evasive target to be hit.",Enables a Ghost-type target to be hit by Normal- and Fighting-type attacks. This also enables an evasive target to be hit.,"Enables a Ghost-type target to be hit by Normal-
and Fighting-type attacks. This also enables an
evasive target to be hit."
seed-bomb/diamond-pearl,flavor_text,"The user slams a
barrage of hard-
shelled seeds
down on the foe
from above.",The user slams a barrage of hard- shelled seeds down on the foe from above.,"The user slams a
barrage of hard-
shelled seeds
down on the foe
from above."
seed-bomb/heartgold-soulsilver,flavor_text,"The user slams a
barrage of hard-
shelled seeds
down on the foe
from above.",The user slams a barrage of hard- shelled seeds down on the foe from above.,"The user slams a
barrage of hard-
shelled seeds
down on the foe
from above."
seed-bomb/platinum,flavor_text,"The user slams a
barrage of hard-
shelled seeds
down on the foe
from above.",The user slams a barrage of hard- shelled seeds down on the foe from above.,"The user slams a
barrage of hard-
shelled seeds
down on the foe
from above."
heat-crash/black-2-white-2,flavor_text,"The user slams its target with its flame-
covered body. The more the user outweighs
the target, the greater the damage.","The user slams its target with its flame- covered body. The more the user outweighs the target, the greater the damage.","The user slams its target with its flame-
covered body. The more the user outweighs
the target, the greater the damage."
heat-crash/black-white,flavor_text,"The user slams its target with its flame-
covered body. The more the user outweighs
the target, the greater the damage.","The user slams its target with its flame- covered body. The more the user outweighs the target, the greater the damage.","The user slams its target with its flame-
covered body. The more the user outweighs
the target, the greater the damage."
heat-crash/omega-ruby-alpha-sapphire,flavor_text,"The user slams its target with its flame-
covered body. The more the user outweighs
the target, the greater the move’s power.","The user slams its target with its flame- covered body. The more the user outweighs the target, the greater the move’s power.","The user slams its target with its flame-
covered body. The more the user outweighs
the target, the greater the move’s power."
heat-crash/x-y,flavor_text,"The user slams its target with its flame-
covered body. The more the user outweighs
the target, the greater the move’s power.","The user slams its target with its flame- covered body. The more the user outweighs the target, the greater the move’s power.","The user slams its target with its flame-
covered body. The more the user outweighs
the target, the greater the move’s power."
