key,column,pokeapi,pokedb,chosen
absorb-bulb/lets-go-pikachu-lets-go-eevee,flavor_text,"An item to be held by a Pokémon. It boosts Sp. Atk
if the holder is hit with a Water-type attack. It can only
be used once.",An item to be held by a Pokémon. It boosts Sp. Atk if hit with a Water-type attack. It can only be used once.,"An item to be held by a Pokémon. It boosts Sp. Atk
if the holder is hit with a Water-type attack. It can only
be used once."
adamant-orb/black-2-white-2,flavor_text,"A brightly gleaming orb to be held by
Dialga. It boosts the power of Dragon-​
and Steel-type moves.",A brightly gleaming orb to be held by Dialga. It boosts the power of Dragon- and Steel-type moves.,"A brightly gleaming orb to be held by
Dialga. It boosts the power of Dragon-​
and Steel-type moves."
adamant-orb/black-white,flavor_text,"A brightly gleaming orb to be held by
Dialga. It boosts the power of Dragon-​
and Steel-type moves.",A brightly gleaming orb to be held by Dialga. It boosts the power of Dragon- and Steel-type moves.,"A brightly gleaming orb to be held by
Dialga. It boosts the power of Dragon-​
and Steel-type moves."
adamant-orb/diamond-pearl,flavor_text,"A brightly gleaming orb to be held by
DIALGA. It boosts the power of Dragon-​
and Steel-type moves.",A brightly gleaming orb to be held by Dialga. It boosts the power of Dragon- and Steel-type moves.,"A brightly gleaming orb to be held by
DIALGA. It boosts the power of Dragon-​
and Steel-type moves."
adamant-orb/heartgold-soulsilver,flavor_text,"A brightly gleaming orb to be held by
DIALGA. It boosts the power of Dragon-​
and Steel-type moves.",A brightly gleaming orb to be held by Dialga. It boosts the power of Dragon- and Steel-type moves.,"A brightly gleaming orb to be held by
DIALGA. It boosts the power of Dragon-​
and Steel-type moves."
adamant-orb/platinum,flavor_text,"A brightly gleaming orb to be held by
DIALGA. It boosts the power of Dragon-​
and Steel-type moves.",A brightly gleaming orb to be held by Dialga. It boosts the power of Dragon- and Steel-type moves.,"A brightly gleaming orb to be held by
DIALGA. It boosts the power of Dragon-​
and Steel-type moves."
adamant-orb/x-y,flavor_text,"A brightly gleaming orb to be held by
Dialga. It boosts the power of Dragon-​
and Steel-type moves when it is held.",A brightly gleaming orb to be held by Dialga. It boosts the power of Dragon- and Steel-type moves when it is held.,"A brightly gleaming orb to be held by
Dialga. It boosts the power of Dragon-​
and Steel-type moves when it is held."
aguav-berry/diamond-pearl,flavor_text,"A Poffin ingredient. If held by a
Pokémon, it restores the user’s HP in
a pinch, but may also cause confusion.","If held by a Pokémon, it restores the user's HP in a pinch, but may also cause confusion.","A Poffin ingredient. If held by a
Pokémon, it restores the user’s HP in
a pinch, but may also cause confusion."
aguav-berry/platinum,flavor_text,"A Poffin ingredient. If held by a
Pokémon, it restores the user’s HP in
a pinch, but may also cause confusion.","If held by a Pokémon, it restores the user's HP in a pinch, but may also cause confusion.","A Poffin ingredient. If held by a
Pokémon, it restores the user’s HP in
a pinch, but may also cause confusion."
aloraichium-z--held/sun-moon,flavor_text,"This is a crystallized form of Z-Power. It upgrades
Alolan Raichu’s Thunderbolt to a Z-Move.",It converts Z-Power into crystals that upgrade Alolan Raichu's Thunderbolt to an exclusive Z-Move.,"This is a crystallized form of Z-Power. It upgrades
Alolan Raichu’s Thunderbolt to a Z-Move."
aloraichium-z--held/ultra-sun-ultra-moon,flavor_text,"This is a crystallized form of Z-Power. It upgrades
Alolan Raichu’s Thunderbolt to a Z-Move.",It converts Z-Power into crystals that upgrade Alolan Raichu's Thunderbolt to an exclusive Z-Move.,"This is a crystallized form of Z-Power. It upgrades
Alolan Raichu’s Thunderbolt to a Z-Move."
black-apricorn/black-2-white-2,flavor_text,"A black Apricorn
It has an indescribable scent.",A black Apricorn. It has an indescribable scent.,"A black Apricorn
It has an indescribable scent."
black-apricorn/black-white,flavor_text,"A black Apricorn
It has an indescribable scent.",A black Apricorn. It has an indescribable scent.,"A black Apricorn
It has an indescribable scent."
black-apricorn/heartgold-soulsilver,flavor_text,"A black Apricorn
It has an indescribable scent.",A black Apricorn. It has an indescribable scent.,"A black Apricorn
It has an indescribable scent."
black-belt/diamond-pearl,flavor_text,"An item to be held by a Pokémon.
It is a belt that boosts determination
and Fighting-type moves.",It is a belt that boosts determination and Fighting-type moves.,"An item to be held by a Pokémon.
It is a belt that boosts determination
and Fighting-type moves."
black-belt/x-y,flavor_text,"An item to be held by a Pokémon.
This belt helps the wearer to focus and
boosts the power of Fighting-type moves.",This belt helps the wearer to focus and boosts the power of Fighting-type moves.,"An item to be held by a Pokémon.
This belt helps the wearer to focus and
boosts the power of Fighting-type moves."
buginium-z--held/sun-moon,flavor_text,"This is a crystallized form of Z-Power.
It upgrades Bug-type moves to Z-Moves.",It converts Z-Power into crystals that upgrade Bug-type moves to Bug-type Z-Moves.,"This is a crystallized form of Z-Power.
It upgrades Bug-type moves to Z-Moves."
buginium-z--held/sword-shield,flavor_text,"This is a crystallized form of Z-Power.
It upgrades Bug-type moves to Z-Moves.",It converts Z-Power into crystals that upgrade Bug-type moves to Bug-type Z-Moves.,"This is a crystallized form of Z-Power.
It upgrades Bug-type moves to Z-Moves."
buginium-z--held/ultra-sun-ultra-moon,flavor_text,"This is a crystallized form of Z-Power.
It upgrades Bug-type moves to Z-Moves.",It converts Z-Power into crystals that upgrade Bug-type moves to Bug-type Z-Moves.,"This is a crystallized form of Z-Power.
It upgrades Bug-type moves to Z-Moves."
card-key/emerald,flavor_text,"A card-type door
key used in SILPH
CO’s office.",A card-type door key used in Silph Co.'s office.,"A card-type door
key used in SILPH
CO’s office."
card-key/lets-go-pikachu-lets-go-eevee,flavor_text,"A card key that opens a shutter in the
Radio Tower.",A card key that unlocks doors in Silph Co.'s head office in Saffron City.,"A card key that opens a shutter in the
Radio Tower."
card-key/sword-shield,flavor_text,"A card key that opens a shutter in the
Radio Tower.",A card key that unlocks doors in Silph Co.'s head office in Saffron City.,"A card key that opens a shutter in the
Radio Tower."
charcoal/black-2-white-2,flavor_text,"An item to be held by a Pokémon.
It is a combustible fuel that boosts
the power of Fire-type moves.",It is a combustible fuel that boosts the power of Fire-type moves.,"An item to be held by a Pokémon.
It is a combustible fuel that boosts
the power of Fire-type moves."
charcoal/black-white,flavor_text,"An item to be held by a Pokémon.
It is a combustible fuel that boosts
the power of Fire-type moves.",It is a combustible fuel that boosts the power of Fire-type moves.,"An item to be held by a Pokémon.
It is a combustible fuel that boosts
the power of Fire-type moves."
charcoal/diamond-pearl,flavor_text,"An item to be held by a Pokémon.
It is a combustible fuel that boosts
the power of Fire-type moves.",It is a combustible fuel that boosts the power of Fire-type moves.,"An item to be held by a Pokémon.
It is a combustible fuel that boosts
the power of Fire-type moves."
charcoal/firered-leafgreen,flavor_text,"An item to be held by a POKéMON.
A combustible fuel that boosts the
power of FIRE-type moves.",A combustible fuel that boosts the power of Fire-type moves.,"An item to be held by a POKéMON.
A combustible fuel that boosts the
power of FIRE-type moves."
charcoal/heartgold-soulsilver,flavor_text,"An item to be held by a Pokémon.
It is a combustible fuel that boosts
the power of Fire-type moves.",It is a combustible fuel that boosts the power of Fire-type moves.,"An item to be held by a Pokémon.
It is a combustible fuel that boosts
the power of Fire-type moves."
charcoal/platinum,flavor_text,"An item to be held by a Pokémon.
It is a combustible fuel that boosts
the power of Fire-type moves.",It is a combustible fuel that boosts the power of Fire-type moves.,"An item to be held by a Pokémon.
It is a combustible fuel that boosts
the power of Fire-type moves."
charcoal/sun-moon,flavor_text,"An item to be held by a Pokémon. It’s a combustible
fuel that boosts the power of Fire-type moves.",It's a combustible fuel that boosts the power of Fire-type moves.,"An item to be held by a Pokémon. It’s a combustible
fuel that boosts the power of Fire-type moves."
charcoal/sword-shield,flavor_text,"An item to be held by a Pokémon. It’s a combustible
fuel that boosts the power of Fire-type moves.",It's a combustible fuel that boosts the power of Fire-type moves.,"An item to be held by a Pokémon. It’s a combustible
fuel that boosts the power of Fire-type moves."
charcoal/ultra-sun-ultra-moon,flavor_text,"An item to be held by a Pokémon. It’s a combustible
fuel that boosts the power of Fire-type moves.",It's a combustible fuel that boosts the power of Fire-type moves.,"An item to be held by a Pokémon. It’s a combustible
fuel that boosts the power of Fire-type moves."
charcoal/x-y,flavor_text,"An item to be held by a Pokémon.
It is a combustible fuel that boosts
the power of Fire-type moves.",It is a combustible fuel that boosts the power of Fire-type moves.,"An item to be held by a Pokémon.
It is a combustible fuel that boosts
the power of Fire-type moves."
chesto-berry/diamond-pearl,flavor_text,"A Poffin ingredient. It may be used
or held by a Pokémon to recover from
sleep.",It may be used or held by a Pokémon to recover from sleep.,"A Poffin ingredient. It may be used
or held by a Pokémon to recover from
sleep."
chesto-berry/platinum,flavor_text,"A Poffin ingredient. It may be used
or held by a Pokémon to recover from
sleep.",It may be used or held by a Pokémon to recover from sleep.,"A Poffin ingredient. It may be used
or held by a Pokémon to recover from
sleep."
chesto-berry/x-y,flavor_text,"A Berry to be consumed by Pokémon.
If a Pokémon holds one, it can recover
from sleep on its own in battle.","A Berry to be consumed by Pokémon. If held, it can recover from sleep in battle.","A Berry to be consumed by Pokémon.
If a Pokémon holds one, it can recover
from sleep on its own in battle."
courage-candy/lets-go-pikachu-lets-go-eevee,flavor_text,"A candy that is packed with energy. When given to
a Pokémon, it will increase that Pokémon’s Sp. Def stat.","A candy that is packed with energy. When given to a Pokémon, it will increase that Pokémon's Sp. Defense.","A candy that is packed with energy. When given to
a Pokémon, it will increase that Pokémon’s Sp. Def stat."
courage-candy/sword-shield,flavor_text,"A candy that is packed with energy. When given to
a Pokémon, it will increase that Pokémon’s Sp. Def stat.","A candy that is packed with energy. When given to a Pokémon, it will increase that Pokémon's Sp. Defense.","A candy that is packed with energy. When given to
a Pokémon, it will increase that Pokémon’s Sp. Def stat."
courage-candy-l/lets-go-pikachu-lets-go-eevee,flavor_text,"A big candy that is packed with energy. When given to
a Pokémon at Lv. 30 or higher, it will increase that
Pokémon’s Sp. Def stat.","A big candy that is packed with energy. When given to a Pokémon Lv. 30 or higher, it will increase that Pokémon's Sp. Defense.","A big candy that is packed with energy. When given to
a Pokémon at Lv. 30 or higher, it will increase that
Pokémon’s Sp. Def stat."
courage-candy-l/sword-shield,flavor_text,"A big candy that is packed with energy. When given to
a Pokémon at Lv. 30 or higher, it will increase that
Pokémon’s Sp. Def stat.","A big candy that is packed with energy. When given to a Pokémon Lv. 30 or higher, it will increase that Pokémon's Sp. Defense.","A big candy that is packed with energy. When given to
a Pokémon at Lv. 30 or higher, it will increase that
Pokémon’s Sp. Def stat."
courage-candy-xl/lets-go-pikachu-lets-go-eevee,flavor_text,"A huge candy that is packed with energy. When given
to a Pokémon at Lv. 60 or higher, it will increase that
Pokémon’s Sp. Def stat.","A huge candy that is packed with energy. When given to a Pokémon, it will increase that Pokémon's Sp. Defense.","A huge candy that is packed with energy. When given
to a Pokémon at Lv. 60 or higher, it will increase that
Pokémon’s Sp. Def stat."
courage-candy-xl/sword-shield,flavor_text,"A huge candy that is packed with energy. When given
to a Pokémon at Lv. 60 or higher, it will increase that
Pokémon’s Sp. Def stat.","A huge candy that is packed with energy. When given to a Pokémon, it will increase that Pokémon's Sp. Defense.","A huge candy that is packed with energy. When given
to a Pokémon at Lv. 60 or higher, it will increase that
Pokémon’s Sp. Def stat."
data-card-01/x-y,flavor_text,"It holds Pokéathlon records. It is a
card that shows how many victories
you have had in the Pokéathlon.",Pokéathlon records. It is a card that shows how many victories you have had in the Pokéathlon.,"It holds Pokéathlon records. It is a
card that shows how many victories
you have had in the Pokéathlon."
decidium-z--held/sun-moon,flavor_text,"This is a crystallized form of Z-Power.
It upgrades Decidueye’s Spirit Shackle to a Z-Move.",It converts Z-Power into crystals that upgrade Decidueye's Spirit Shackle to an exclusive Z-Move.,"This is a crystallized form of Z-Power.
It upgrades Decidueye’s Spirit Shackle to a Z-Move."
decidium-z--held/ultra-sun-ultra-moon,flavor_text,"This is a crystallized form of Z-Power.
It upgrades Decidueye’s Spirit Shackle to a Z-Move.",It converts Z-Power into crystals that upgrade Decidueye's Spirit Shackle to an exclusive Z-Move.,"This is a crystallized form of Z-Power.
It upgrades Decidueye’s Spirit Shackle to a Z-Move."
dragonium-z--held/lets-go-pikachu-lets-go-eevee,flavor_text,"This is a crystallized form of Z-Power.
It upgrades Dragon-type moves to Z-Moves.",It converts Z-Power into crystals that upgrade Dragon-type moves to Dragon-type Z-Moves.,"This is a crystallized form of Z-Power.
It upgrades Dragon-type moves to Z-Moves."
dragonium-z--held/sun-moon,flavor_text,"This is a crystallized form of Z-Power.
It upgrades Dragon-type moves to Z-Moves.",It converts Z-Power into crystals that upgrade Dragon-type moves to Dragon-type Z-Moves.,"This is a crystallized form of Z-Power.
It upgrades Dragon-type moves to Z-Moves."
dragonium-z--held/sword-shield,flavor_text,"This is a crystallized form of Z-Power.
It upgrades Dragon-type moves to Z-Moves.",It converts Z-Power into crystals that upgrade Dragon-type moves to Dragon-type Z-Moves.,"This is a crystallized form of Z-Power.
It upgrades Dragon-type moves to Z-Moves."
dragonium-z--held/ultra-sun-ultra-moon,flavor_text,"This is a crystallized form of Z-Power.
It upgrades Dragon-type moves to Z-Moves.",It converts Z-Power into crystals that upgrade Dragon-type moves to Dragon-type Z-Moves.,"This is a crystallized form of Z-Power.
It upgrades Dragon-type moves to Z-Moves."
dropped-item/black-2-white-2,flavor_text,"The Xtransceiver found at the
Nimbasa City amusement park.
It seems it belongs to a boy.",The Xtransceiver found at the Nimbasa City amusement park. It seems it belongs to a boy. The Xtransceiver found at the Nimbasa City amusement park. It seems it belongs to a girl.,"The Xtransceiver found at the
Nimbasa City amusement park.
It seems it belongs to a boy."
dropped-item/sword-shield,flavor_text,"The Xtransceiver found at the Nimbasa City
amusement park. It seems it belongs to a boy.",The Xtransceiver found at the Nimbasa City amusement park. It seems it belongs to a boy. The Xtransceiver found at the Nimbasa City amusement park. It seems it belongs to a girl.,"The Xtransceiver found at the Nimbasa City
amusement park. It seems it belongs to a boy."
dropped-item/x-y,flavor_text,"The Xtransceiver found at the
Nimbasa City amusement park.
It seems it belongs to a boy.",The Xtransceiver found at the Nimbasa City amusement park. It seems it belongs to a boy. The Xtransceiver found at the Nimbasa City amusement park. It seems it belongs to a girl.,"The Xtransceiver found at the
Nimbasa City amusement park.
It seems it belongs to a boy."
eevium-z--held/lets-go-pikachu-lets-go-eevee,flavor_text,"This is a crystallized form of Z-Power.
It upgrades Eevee’s Last Resort to a Z-Move.",It converts Z-Power into crystals that upgrade Eevee's Last Resort to an exclusive Z-Move.,"This is a crystallized form of Z-Power.
It upgrades Eevee’s Last Resort to a Z-Move."
eevium-z--held/sun-moon,flavor_text,"This is a crystallized form of Z-Power.
It upgrades Eevee’s Last Resort to a Z-Move.",It converts Z-Power into crystals that upgrade Eevee's Last Resort to an exclusive Z-Move.,"This is a crystallized form of Z-Power.
It upgrades Eevee’s Last Resort to a Z-Move."
eevium-z--held/sword-shield,flavor_text,"This is a crystallized form of Z-Power.
It upgrades Eevee’s Last Resort to a Z-Move.",It converts Z-Power into crystals that upgrade Eevee's Last Resort to an exclusive Z-Move.,"This is a crystallized form of Z-Power.
It upgrades Eevee’s Last Resort to a Z-Move."
eevium-z--held/ultra-sun-ultra-moon,flavor_text,"This is a crystallized form of Z-Power.
It upgrades Eevee’s Last Resort to a Z-Move.",It converts Z-Power into crystals that upgrade Eevee's Last Resort to an exclusive Z-Move.,"This is a crystallized form of Z-Power.
It upgrades Eevee’s Last Resort to a Z-Move."
electrium-z--held/lets-go-pikachu-lets-go-eevee,flavor_text,"This is a crystallized form of Z-Power.
It upgrades Electric-type moves to Z-Moves.",It converts Z-Power into crystals that upgrade Electric-type moves to Electric-type Z-Moves.,"This is a crystallized form of Z-Power.
It upgrades Electric-type moves to Z-Moves."
electrium-z--held/sun-moon,flavor_text,"This is a crystallized form of Z-Power.
It upgrades Electric-type moves to Z-Moves.",It converts Z-Power into crystals that upgrade Electric-type moves to Electric-type Z-Moves.,"This is a crystallized form of Z-Power.
It upgrades Electric-type moves to Z-Moves."
electrium-z--held/sword-shield,flavor_text,"This is a crystallized form of Z-Power.
It upgrades Electric-type moves to Z-Moves.",It converts Z-Power into crystals that upgrade Electric-type moves to Electric-type Z-Moves.,"This is a crystallized form of Z-Power.
It upgrades Electric-type moves to Z-Moves."
electrium-z--held/ultra-sun-ultra-moon,flavor_text,"This is a crystallized form of Z-Power.
It upgrades Electric-type moves to Z-Moves.",It converts Z-Power into crystals that upgrade Electric-type moves to Electric-type Z-Moves.,"This is a crystallized form of Z-Power.
It upgrades Electric-type moves to Z-Moves."
explorer-kit/black-2-white-2,flavor_text,"A bag filled with convenient tools
for exploring. It provides access to
the Underground.",A bag filled with convenient tools for exploring. It provides access to the Underground in the Sinnoh region.,"A bag filled with convenient tools
for exploring. It provides access to
the Underground."
explorer-kit/black-white,flavor_text,"A bag filled with convenient tools
for exploring. It provides access to
the Underground.",A bag filled with convenient tools for exploring. It provides access to the Underground in the Sinnoh region.,"A bag filled with convenient tools
for exploring. It provides access to
the Underground."
fairium-z--held/lets-go-pikachu-lets-go-eevee,flavor_text,"This is a crystallized form of Z-Power.
It upgrades Fairy-type moves to Z-Moves.",It converts Z-Power into crystals that upgrade Fairy-type moves to Fairy-type Z-Moves.,"This is a crystallized form of Z-Power.
It upgrades Fairy-type moves to Z-Moves."
fairium-z--held/sun-moon,flavor_text,"This is a crystallized form of Z-Power.
It upgrades Fairy-type moves to Z-Moves.",It converts Z-Power into crystals that upgrade Fairy-type moves to Fairy-type Z-Moves.,"This is a crystallized form of Z-Power.
It upgrades Fairy-type moves to Z-Moves."
fairium-z--held/sword-shield,flavor_text,"This is a crystallized form of Z-Power.
It upgrades Fairy-type moves to Z-Moves.",It converts Z-Power into crystals that upgrade Fairy-type moves to Fairy-type Z-Moves.,"This is a crystallized form of Z-Power.
It upgrades Fairy-type moves to Z-Moves."
fairium-z--held/ultra-sun-ultra-moon,flavor_text,"This is a crystallized form of Z-Power.
It upgrades Fairy-type moves to Z-Moves.",It converts Z-Power into crystals that upgrade Fairy-type moves to Fairy-type Z-Moves.,"This is a crystallized form of Z-Power.
It upgrades Fairy-type moves to Z-Moves."
lafeather-ball/legends-arceus,flavor_text,"Can be thrown further than a regular Poké Ball.
Is more effective for catching Pokémon that fly high in the air.",A ball that flies fast and true—ideal for catching nimble Pokémon or Pokémon that fly high in the air.,"Can be thrown further than a regular Poké Ball.
Is more effective for catching Pokémon that fly high in the air."
fightinium-z--held/sun-moon,flavor_text,"This is a crystallized form of Z-Power.
It upgrades Fighting-type moves to Z-Moves.",It converts Z-Power into crystals that upgrade Fighting-type moves to Fighting-type Z-Moves.,"This is a crystallized form of Z-Power.
It upgrades Fighting-type moves to Z-Moves."
fightinium-z--held/ultra-sun-ultra-moon,flavor_text,"This is a crystallized form of Z-Power.
It upgrades Fighting-type moves to Z-Moves.",It converts Z-Power into crystals that upgrade Fighting-type moves to Fighting-type Z-Moves.,"This is a crystallized form of Z-Power.
It upgrades Fighting-type moves to Z-Moves."
figy-berry/diamond-pearl,flavor_text,"A Poffin ingredient. If held by a
Pokémon, it restores the user’s HP in
a pinch, but may also cause confusion.","If held by a Pokémon, it restores the user's HP in a pinch, but may also cause confusion.","A Poffin ingredient. If held by a
Pokémon, it restores the user’s HP in
a pinch, but may also cause confusion."
figy-berry/platinum,flavor_text,"A Poffin ingredient. If held by a
Pokémon, it restores the user’s HP in
a pinch, but may also cause confusion.","If held by a Pokémon, it restores the user's HP in a pinch, but may also cause confusion.","A Poffin ingredient. If held by a
Pokémon, it restores the user’s HP in
a pinch, but may also cause confusion."
firium-z--held/sun-moon,flavor_text,"This is a crystallized form of Z-Power.
It upgrades Fire-type moves to Z-Moves.",It converts Z-Power into crystals that upgrade Fire-type moves to Fire-type Z-Moves.,"This is a crystallized form of Z-Power.
It upgrades Fire-type moves to Z-Moves."
firium-z--held/sword-shield,flavor_text,"This is a crystallized form of Z-Power.
It upgrades Fire-type moves to Z-Moves.",It converts Z-Power into crystals that upgrade Fire-type moves to Fire-type Z-Moves.,"This is a crystallized form of Z-Power.
It upgrades Fire-type moves to Z-Moves."
firium-z--held/ultra-sun-ultra-moon,flavor_text,"This is a crystallized form of Z-Power.
It upgrades Fire-type moves to Z-Moves.",It converts Z-Power into crystals that upgrade Fire-type moves to Fire-type Z-Moves.,"This is a crystallized form of Z-Power.
It upgrades Fire-type moves to Z-Moves."
fishing-rod/sword-shield,flavor_text,"A fishing rod made by Captain Lana. Cast a line
over piles of underwater rocks to fish for wild
aquatic Pokémon.",Use it by the water to fish up various kinds of Pokémon.,"A fishing rod made by Captain Lana. Cast a line
over piles of underwater rocks to fish for wild
aquatic Pokémon."
flyinium-z--held/lets-go-pikachu-lets-go-eevee,flavor_text,"This is a crystallized form of Z-Power.
It upgrades Flying-type moves to Z-Moves.",It converts Z-Power into crystals that upgrade Flying-type moves to Flying-type Z-Moves.,"This is a crystallized form of Z-Power.
It upgrades Flying-type moves to Z-Moves."
flyinium-z--held/sun-moon,flavor_text,"This is a crystallized form of Z-Power.
It upgrades Flying-type moves to Z-Moves.",It converts Z-Power into crystals that upgrade Flying-type moves to Flying-type Z-Moves.,"This is a crystallized form of Z-Power.
It upgrades Flying-type moves to Z-Moves."
flyinium-z--held/sword-shield,flavor_text,"This is a crystallized form of Z-Power.
It upgrades Flying-type moves to Z-Moves.",It converts Z-Power into crystals that upgrade Flying-type moves to Flying-type Z-Moves.,"This is a crystallized form of Z-Power.
It upgrades Flying-type moves to Z-Moves."
flyinium-z--held/ultra-sun-ultra-moon,flavor_text,"This is a crystallized form of Z-Power.
It upgrades Flying-type moves to Z-Moves.",It converts Z-Power into crystals that upgrade Flying-type moves to Flying-type Z-Moves.,"This is a crystallized form of Z-Power.
It upgrades Flying-type moves to Z-Moves."
focus-band/diamond-pearl,flavor_text,"An item to be held by a Pokémon.
The holder may endure a potential KO
attack, leaving it with just 1 HP.","The holder may endure a potential KO attack, leaving it with just 1 HP.","An item to be held by a Pokémon.
The holder may endure a potential KO
attack, leaving it with just 1 HP."
focus-band/firered-leafgreen,flavor_text,"An item to be held by a POKéMON.
The holding POKéMON may endure an
attack, leaving just 1 HP.","The holding Pokémon may endure an attack, leaving just 1 HP.","An item to be held by a POKéMON.
The holding POKéMON may endure an
attack, leaving just 1 HP."
focus-band/platinum,flavor_text,"An item to be held by a Pokémon.
The holder may endure a potential KO
attack, leaving it with just 1 HP.","The holder may endure a potential KO attack, leaving it with just 1 HP.","An item to be held by a Pokémon.
The holder may endure a potential KO
attack, leaving it with just 1 HP."
galactic-key/black-2-white-2,flavor_text,"A card key for disengaging security
systems in the Galactic HQ. Losing it
can result in punishment, apparently.","A card key for disengaging the security systems in the Galactic HQ. Losing it can result in punishment, apparently.","A card key for disengaging security
systems in the Galactic HQ. Losing it
can result in punishment, apparently."
galactic-key/black-white,flavor_text,"A card key for disengaging security
systems in the Galactic HQ. Losing it
can result in punishment, apparently.","A card key for disengaging the security systems in the Galactic HQ. Losing it can result in punishment, apparently.","A card key for disengaging security
systems in the Galactic HQ. Losing it
can result in punishment, apparently."
ghostium-z--held/sun-moon,flavor_text,"This is a crystallized form of Z-Power.
It upgrades Ghost-type moves to Z-Moves.",It converts Z-Power into crystals that upgrade Ghost-type moves to Ghost-type Z-Moves.,"This is a crystallized form of Z-Power.
It upgrades Ghost-type moves to Z-Moves."
ghostium-z--held/ultra-sun-ultra-moon,flavor_text,"This is a crystallized form of Z-Power.
It upgrades Ghost-type moves to Z-Moves.",It converts Z-Power into crystals that upgrade Ghost-type moves to Ghost-type Z-Moves.,"This is a crystallized form of Z-Power.
It upgrades Ghost-type moves to Z-Moves."
lagigaton-ball/legends-arceus,flavor_text,"Upgraded version of the Leaden Ball. Doesn't fly far,
but is more effective if the Pokémon hasn't noticed the player.","The ultimate iteration of the Heavy Ball. A ball that is too heavy to fly high or far, but it is highly effective if you manage to hit an unsuspecting Pokémon.","Upgraded version of the Leaden Ball. Doesn't fly far,
but is more effective if the Pokémon hasn't noticed the player."
grassium-z--held/sun-moon,flavor_text,"This is a crystallized form of Z-Power.
It upgrades Grass-type moves to Z-Moves.",It converts Z-Power into crystals that upgrade Grass-type moves to Grass-type Z-Moves.,"This is a crystallized form of Z-Power.
It upgrades Grass-type moves to Z-Moves."
grassium-z--held/sword-shield,flavor_text,"This is a crystallized form of Z-Power.
It upgrades Grass-type moves to Z-Moves.",It converts Z-Power into crystals that upgrade Grass-type moves to Grass-type Z-Moves.,"This is a crystallized form of Z-Power.
It upgrades Grass-type moves to Z-Moves."
grassium-z--held/ultra-sun-ultra-moon,flavor_text,"This is a crystallized form of Z-Power.
It upgrades Grass-type moves to Z-Moves.",It converts Z-Power into crystals that upgrade Grass-type moves to Grass-type Z-Moves.,"This is a crystallized form of Z-Power.
It upgrades Grass-type moves to Z-Moves."
grepa-berry/diamond-pearl,flavor_text,"A Poffin ingredient. Using it on a
Pokémon makes it more friendly, but
it also lowers its base Sp. Def stat.","Using it on a Pokémon makes it more friendly, but it also lowers its base Sp. Def stat.","A Poffin ingredient. Using it on a
Pokémon makes it more friendly, but
it also lowers its base Sp. Def stat."
grepa-berry/platinum,flavor_text,"A Poffin ingredient. Using it on a
Pokémon makes it more friendly, but
it also lowers its base Sp. Def stat.","Using it on a Pokémon makes it more friendly, but it also lowers its base Sp. Def stat.","A Poffin ingredient. Using it on a
Pokémon makes it more friendly, but
it also lowers its base Sp. Def stat."
grepa-berry/sword-shield,flavor_text,"A Berry to be consumed by Pokémon. Using it on a
Pokémon makes it more friendly but lowers its
Sp. Def base points.",A Berry to be consumed by Pokémon. Using it makes it more friendly but lowers its Sp. Def base points.,"A Berry to be consumed by Pokémon. Using it on a
Pokémon makes it more friendly but lowers its
Sp. Def base points."
groundium-z--held/lets-go-pikachu-lets-go-eevee,flavor_text,"This is a crystallized form of Z-Power.
It upgrades Ground-type moves to Z-Moves.",It converts Z-Power into crystals that upgrade Ground-type moves to Ground-type Z-Moves.,"This is a crystallized form of Z-Power.
It upgrades Ground-type moves to Z-Moves."
groundium-z--held/sun-moon,flavor_text,"This is a crystallized form of Z-Power.
It upgrades Ground-type moves to Z-Moves.",It converts Z-Power into crystals that upgrade Ground-type moves to Ground-type Z-Moves.,"This is a crystallized form of Z-Power.
It upgrades Ground-type moves to Z-Moves."
groundium-z--held/sword-shield,flavor_text,"This is a crystallized form of Z-Power.
It upgrades Ground-type moves to Z-Moves.",It converts Z-Power into crystals that upgrade Ground-type moves to Ground-type Z-Moves.,"This is a crystallized form of Z-Power.
It upgrades Ground-type moves to Z-Moves."
groundium-z--held/ultra-sun-ultra-moon,flavor_text,"This is a crystallized form of Z-Power.
It upgrades Ground-type moves to Z-Moves.",It converts Z-Power into crystals that upgrade Ground-type moves to Ground-type Z-Moves.,"This is a crystallized form of Z-Power.
It upgrades Ground-type moves to Z-Moves."
grubby-hanky/black-2-white-2,flavor_text,"A handkerchief dropped by
a regular at Café Warehouse.
It smells faintly like a Pokémon.",A handkerchief dropped by a regular at the Café Warehouse. It smells faintly like a Pokémon.,"A handkerchief dropped by
a regular at Café Warehouse.
It smells faintly like a Pokémon."
grubby-hanky/lets-go-pikachu-lets-go-eevee,flavor_text,"A handkerchief dropped by a regular at
Café Warehouse. It smells faintly like a Pokémon.",A handkerchief dropped by a regular at the Café Warehouse. It smells faintly like a Pokémon.,"A handkerchief dropped by a regular at
Café Warehouse. It smells faintly like a Pokémon."
grubby-hanky/sun-moon,flavor_text,"A handkerchief dropped by a regular at
Café Warehouse. It smells faintly like a Pokémon.",A handkerchief dropped by a regular at the Café Warehouse. It smells faintly like a Pokémon.,"A handkerchief dropped by a regular at
Café Warehouse. It smells faintly like a Pokémon."
grubby-hanky/sword-shield,flavor_text,"A handkerchief dropped by a regular at
Café Warehouse. It smells faintly like a Pokémon.",A handkerchief dropped by a regular at the Café Warehouse. It smells faintly like a Pokémon.,"A handkerchief dropped by a regular at
Café Warehouse. It smells faintly like a Pokémon."
grubby-hanky/ultra-sun-ultra-moon,flavor_text,"A handkerchief dropped by a regular at
Café Warehouse. It smells faintly like a Pokémon.",A handkerchief dropped by a regular at the Café Warehouse. It smells faintly like a Pokémon.,"A handkerchief dropped by a regular at
Café Warehouse. It smells faintly like a Pokémon."
grubby-hanky/x-y,flavor_text,"A handkerchief dropped by
a regular at Café Warehouse.
It smells faintly like a Pokémon.",A handkerchief dropped by a regular at the Café Warehouse. It smells faintly like a Pokémon.,"A handkerchief dropped by
a regular at Café Warehouse.
It smells faintly like a Pokémon."
haban-berry/black-2-white-2,flavor_text,"Weakens a supereffective Dragon-type
attack against the holding Pokémon.",Weakens a super effective Dragon-type attack against the holding Pokémon.,"Weakens a supereffective Dragon-type
attack against the holding Pokémon."
haban-berry/black-white,flavor_text,"Weakens a supereffective Dragon-type
attack against the holding Pokémon.",Weakens a super effective Dragon-type attack against the holding Pokémon.,"Weakens a supereffective Dragon-type
attack against the holding Pokémon."
haban-berry/diamond-pearl,flavor_text,"A Poffin ingredient. If held by a
Pokémon, it weakens a foe’s
supereffective Dragon-type attack.","A Poffin ingredient. If held by a Pokémon, it weakens a foe's super effective Dragon-type attack.","A Poffin ingredient. If held by a
Pokémon, it weakens a foe’s
supereffective Dragon-type attack."
haban-berry/heartgold-soulsilver,flavor_text,"If held by a Pokémon, it weakens a foe’s
supereffective Dragon-type attack.","If held by a Pokémon, it weakens a foe's super effective Dragon-type attack.","If held by a Pokémon, it weakens a foe’s
supereffective Dragon-type attack."
haban-berry/lets-go-pikachu-lets-go-eevee,flavor_text,"If held by a Pokémon, this Berry will lessen the
damage taken from one supereffective
Dragon-type attack.","If held by a Pokémon, this Berry will lessen the damage taken from one super effective Dragon-type attack.","If held by a Pokémon, this Berry will lessen the
damage taken from one supereffective
Dragon-type attack."
haban-berry/platinum,flavor_text,"A Poffin ingredient. If held by a
Pokémon, it weakens a foe’s
supereffective Dragon-type attack.","A Poffin ingredient. If held by a Pokémon, it weakens a foe's super effective Dragon-type attack.","A Poffin ingredient. If held by a
Pokémon, it weakens a foe’s
supereffective Dragon-type attack."
haban-berry/sun-moon,flavor_text,"If held by a Pokémon, this Berry will lessen the
damage taken from one supereffective
Dragon-type attack.","If held by a Pokémon, this Berry will lessen the damage taken from one super effective Dragon-type attack.","If held by a Pokémon, this Berry will lessen the
damage taken from one supereffective
Dragon-type attack."
haban-berry/sword-shield,flavor_text,"If held by a Pokémon, this Berry will lessen the
damage taken from one supereffective
Dragon-type attack.","If held by a Pokémon, this Berry will lessen the damage taken from one super effective Dragon-type attack.","If held by a Pokémon, this Berry will lessen the
damage taken from one supereffective
Dragon-type attack."
haban-berry/ultra-sun-ultra-moon,flavor_text,"If held by a Pokémon, this Berry will lessen the
damage taken from one supereffective
Dragon-type attack.","If held by a Pokémon, this Berry will lessen the damage taken from one super effective Dragon-type attack.","If held by a Pokémon, this Berry will lessen the
damage taken from one supereffective
Dragon-type attack."
haban-berry/x-y,flavor_text,"If held by a Pokémon, this Berry will
lessen the damage taken from one
supereffective Dragon-type attack.","If held by a Pokémon, this Berry will lessen the damage taken from one super effective Dragon-type attack.","If held by a Pokémon, this Berry will
lessen the damage taken from one
supereffective Dragon-type attack."
health-candy-l/lets-go-pikachu-lets-go-eevee,flavor_text,"A big candy that is packed with energy. When given to
a Pokémon at Lv. 30 or higher, it will increase
that Pokémon’s HP.","A big candy that is packed with energy. When given to a Pokémon Lv. 30 or higher, it will increase that Pokémon's HP.","A big candy that is packed with energy. When given to
a Pokémon at Lv. 30 or higher, it will increase
that Pokémon’s HP."
health-candy-l/sword-shield,flavor_text,"A big candy that is packed with energy. When given to
a Pokémon at Lv. 30 or higher, it will increase
that Pokémon’s HP.","A big candy that is packed with energy. When given to a Pokémon Lv. 30 or higher, it will increase that Pokémon's HP.","A big candy that is packed with energy. When given to
a Pokémon at Lv. 30 or higher, it will increase
that Pokémon’s HP."
health-candy-xl/lets-go-pikachu-lets-go-eevee,flavor_text,"A huge candy that is packed with energy. When given
to a Pokémon at Lv. 60 or higher, it will increase
that Pokémon’s HP.","A huge candy that is packed with energy. When given to a Pokémon Lv. 60 or higher, it will increase that Pokémon's HP.","A huge candy that is packed with energy. When given
to a Pokémon at Lv. 60 or higher, it will increase
that Pokémon’s HP."
health-candy-xl/sword-shield,flavor_text,"A huge candy that is packed with energy. When given
to a Pokémon at Lv. 60 or higher, it will increase
that Pokémon’s HP.","A huge candy that is packed with energy. When given to a Pokémon Lv. 60 or higher, it will increase that Pokémon's HP.","A huge candy that is packed with energy. When given
to a Pokémon at Lv. 60 or higher, it will increase
that Pokémon’s HP."
heavy-ball/legends-arceus,flavor_text,"A ball that is too heavy to fly high or far, but it is highly effective if you manage to hit an unsuspecting Pokémon.",A Poké Ball that is better than usual at catching very heavy Pokémon.,"A ball that is too heavy to fly high or far, but it is highly effective if you manage to hit an unsuspecting Pokémon."
heavy-ball/scarlet-violet,flavor_text,"A ball that is too heavy to fly high or far, but it is highly effective if you manage to hit an unsuspecting Pokémon.",A somewhat different Poké Ball that becomes more effective the heavier the Pokémon is.,"A ball that is too heavy to fly high or far, but it is highly effective if you manage to hit an unsuspecting Pokémon."
hondew-berry/diamond-pearl,flavor_text,"A Poffin ingredient. Using it on a
Pokémon makes it more friendly, but
it also lowers its base Sp. Atk stat.","Using it on a Pokémon makes it more friendly, but it also lowers its base Sp. Atk stat.","A Poffin ingredient. Using it on a
Pokémon makes it more friendly, but
it also lowers its base Sp. Atk stat."
hondew-berry/platinum,flavor_text,"A Poffin ingredient. Using it on a
Pokémon makes it more friendly, but
it also lowers its base Sp. Atk stat.","Using it on a Pokémon makes it more friendly, but it also lowers its base Sp. Atk stat.","A Poffin ingredient. Using it on a
Pokémon makes it more friendly, but
it also lowers its base Sp. Atk stat."
hyper-potion/sun-moon,flavor_text,"A spray-type medicine for treating wounds. It can
be used to restore 120 HP to an injured Pokémon.",It can be used to restore 120 HP to an injured Pokémon.,"A spray-type medicine for treating wounds. It can
be used to restore 120 HP to an injured Pokémon."
hyper-potion/ultra-sun-ultra-moon,flavor_text,"A spray-type medicine for treating wounds. It can
be used to restore 120 HP to an injured Pokémon.",It can be used to restore 120 HP to an injured Pokémon.,"A spray-type medicine for treating wounds. It can
be used to restore 120 HP to an injured Pokémon."
iapapa-berry/diamond-pearl,flavor_text,"A Poffin ingredient. If held by a
Pokémon, it restores the user’s HP in
a pinch, but may also cause confusion.","A Poffin ingredient. If held by a Pokémon, it restores HP in a pinch, but may cause confusion.","A Poffin ingredient. If held by a
Pokémon, it restores the user’s HP in
a pinch, but may also cause confusion."
iapapa-berry/platinum,flavor_text,"A Poffin ingredient. If held by a
Pokémon, it restores the user’s HP in
a pinch, but may also cause confusion.","A Poffin ingredient. If held by a Pokémon, it restores HP in a pinch, but may cause confusion.","A Poffin ingredient. If held by a
Pokémon, it restores the user’s HP in
a pinch, but may also cause confusion."
iapapa-berry/sword-shield,flavor_text,"If held by a Pokémon, it restores the user’s HP in a
pinch, but it will cause confusion if the user hates
the taste.","If held by a Pokémon, it restores HP in a pinch, but may cause confusion if it hates the taste.","If held by a Pokémon, it restores the user’s HP in a
pinch, but it will cause confusion if the user hates
the taste."
ice-gem/sun-moon,flavor_text,"A gem with an essence of ice. When held, it
strengthens the power of an Ice-type move
one time.","A gem with an essence of ice. When held, it strengthens the power of a Ice-type move one time.","A gem with an essence of ice. When held, it
strengthens the power of an Ice-type move
one time."
ice-gem/ultra-sun-ultra-moon,flavor_text,"A gem with an essence of ice. When held, it
strengthens the power of an Ice-type move
one time.","A gem with an essence of ice. When held, it strengthens the power of a Ice-type move one time.","A gem with an essence of ice. When held, it
strengthens the power of an Ice-type move
one time."
ice-gem/x-y,flavor_text,"A gem with an essence of ice.
When held, it strengthens the power
of an Ice-type move one time.","A gem with an essence of ice. When held, it strengthens the power of a Ice-type move one time.","A gem with an essence of ice.
When held, it strengthens the power
of an Ice-type move one time."
icium-z--held/sun-moon,flavor_text,"This is a crystallized form of Z-Power.
It upgrades Ice-type moves to Z-Moves.",It converts Z-Power into crystals that upgrade Ice-type moves to Ice-type Z-Moves.,"This is a crystallized form of Z-Power.
It upgrades Ice-type moves to Z-Moves."
icium-z--held/sword-shield,flavor_text,"This is a crystallized form of Z-Power.
It upgrades Ice-type moves to Z-Moves.",It converts Z-Power into crystals that upgrade Ice-type moves to Ice-type Z-Moves.,"This is a crystallized form of Z-Power.
It upgrades Ice-type moves to Z-Moves."
icium-z--held/ultra-sun-ultra-moon,flavor_text,"This is a crystallized form of Z-Power.
It upgrades Ice-type moves to Z-Moves.",It converts Z-Power into crystals that upgrade Ice-type moves to Ice-type Z-Moves.,"This is a crystallized form of Z-Power.
It upgrades Ice-type moves to Z-Moves."
incinium-z--held/sun-moon,flavor_text,"This is a crystallized form of Z-Power.
It upgrades Incineroar’s Darkest Lariat to a Z-Move.",It converts Z-Power into crystals that upgrade Incineroar's Darkest Lariat to an exclusive Z-Move.,"This is a crystallized form of Z-Power.
It upgrades Incineroar’s Darkest Lariat to a Z-Move."
incinium-z--held/sword-shield,flavor_text,"This is a crystallized form of Z-Power.
It upgrades Incineroar’s Darkest Lariat to a Z-Move.",It converts Z-Power into crystals that upgrade Incineroar's Darkest Lariat to an exclusive Z-Move.,"This is a crystallized form of Z-Power.
It upgrades Incineroar’s Darkest Lariat to a Z-Move."
incinium-z--held/ultra-sun-ultra-moon,flavor_text,"This is a crystallized form of Z-Power.
It upgrades Incineroar’s Darkest Lariat to a Z-Move.",It converts Z-Power into crystals that upgrade Incineroar's Darkest Lariat to an exclusive Z-Move.,"This is a crystallized form of Z-Power.
It upgrades Incineroar’s Darkest Lariat to a Z-Move."
lajet-ball/legends-arceus,flavor_text,"Can be thrown further than a Wing Ball.
Is more effective for catching Pokémon that fly high in the air.",The ultimate iteration of the Feather Ball. A ball that flies fast and true—ideal for catching nimble Pokémon or Pokémon that fly high in the air.,"Can be thrown further than a Wing Ball.
Is more effective for catching Pokémon that fly high in the air."
kommonium-z--held/ultra-sun-ultra-moon,flavor_text,"This is a crystallized form of Z-Power.
It upgrades Kommo-o’s Clanging Scales to
a Z-Move.",It converts Z-Power into crystals that upgrade Kommo-o's Clanging Scales to an exclusive Z-Move.,"This is a crystallized form of Z-Power.
It upgrades Kommo-o’s Clanging Scales to
a Z-Move."
laleaden-ball/legends-arceus,flavor_text,"Upgraded version of the Heavy Ball. Doesn't fly far,
but is more effective if the Pokémon hasn't noticed the player.","An improvement on the original Heavy Ball design. A ball that is too heavy to fly high or far, but it is highly effective if you manage to hit an unsuspecting Pokémon.","Upgraded version of the Heavy Ball. Doesn't fly far,
but is more effective if the Pokémon hasn't noticed the player."
leaf-letter--pikachu/lets-go-pikachu-lets-go-eevee,flavor_text,"A letter written on a leaf. Something is written using
Pikachu’s footprints.",A letter written on a leaf. Something is written using Pikachu/Eevee's footprints.,"A letter written on a leaf. Something is written using
Pikachu’s footprints."
leaf-letter--pikachu/sword-shield,flavor_text,"A letter written on a leaf. Something is written using
Pikachu’s footprints.",A letter written on a leaf. Something is written using Pikachu/Eevee's footprints.,"A letter written on a leaf. Something is written using
Pikachu’s footprints."
liechi-berry/diamond-pearl,flavor_text,"A Poffin ingredient.
If held by a Pokémon, it raises its
Attack stat in a pinch.","If held by a Pokémon, it raises its Attack stat in a pinch.","A Poffin ingredient.
If held by a Pokémon, it raises its
Attack stat in a pinch."
liechi-berry/platinum,flavor_text,"A Poffin ingredient.
If held by a Pokémon, it raises its
Attack stat in a pinch.","If held by a Pokémon, it raises its Attack stat in a pinch.","A Poffin ingredient.
If held by a Pokémon, it raises its
Attack stat in a pinch."
lum-berry/emerald,flavor_text,"A hold item that
heals any status
problem in battle.",A hold item that heals status in battle.,"A hold item that
heals any status
problem in battle."
lunalium-z--held/ultra-sun-ultra-moon,flavor_text,"This is a crystallized form of Z-Power.
It upgrades Lunala’s Moongeist Beam to a Z-Move.",It converts Z-Power into crystals that upgrade Lunala's Moongeist Beam to an exclusive Z-Move.,"This is a crystallized form of Z-Power.
It upgrades Lunala’s Moongeist Beam to a Z-Move."
lustrous-orb/black-2-white-2,flavor_text,"A beautifully glowing orb to be held by
Palkia. It boosts the power of Dragon-​
and Water-type moves.",A beautifully glowing orb to be held by Palkia. It boosts the power of Dragon- and Water-type moves.,"A beautifully glowing orb to be held by
Palkia. It boosts the power of Dragon-​
and Water-type moves."
lustrous-orb/black-white,flavor_text,"A beautifully glowing orb to be held by
Palkia. It boosts the power of Dragon-​
and Water-type moves.",A beautifully glowing orb to be held by Palkia. It boosts the power of Dragon- and Water-type moves.,"A beautifully glowing orb to be held by
Palkia. It boosts the power of Dragon-​
and Water-type moves."
lustrous-orb/diamond-pearl,flavor_text,"A beautifully glowing orb to be held by
PALKIA. It boosts the power of Dragon-​
and Water-type moves.",A beautifully glowing orb to be held by Palkia. It boosts the power of Dragon- and Water-type moves.,"A beautifully glowing orb to be held by
PALKIA. It boosts the power of Dragon-​
and Water-type moves."
lustrous-orb/heartgold-soulsilver,flavor_text,"A beautifully glowing orb to be held by
PALKIA. It boosts the power of Dragon-​
and Water-type moves.",A beautifully glowing orb to be held by Palkia. It boosts the power of Dragon- and Water-type moves.,"A beautifully glowing orb to be held by
PALKIA. It boosts the power of Dragon-​
and Water-type moves."
lustrous-orb/platinum,flavor_text,"A beautifully glowing orb to be held by
PALKIA. It boosts the power of Dragon-​
and Water-type moves.",A beautifully glowing orb to be held by Palkia. It boosts the power of Dragon- and Water-type moves.,"A beautifully glowing orb to be held by
PALKIA. It boosts the power of Dragon-​
and Water-type moves."
lustrous-orb/x-y,flavor_text,"A beautifully glowing orb to be held by
Palkia. It boosts the power of Dragon-​
and Water-type moves when it is held.",A beautifully glowing orb to be held by Palkia. It boosts the power of Dragon- and Water-type moves when it is held.,"A beautifully glowing orb to be held by
Palkia. It boosts the power of Dragon-​
and Water-type moves when it is held."
lycanium-z--held/sword-shield,flavor_text,"This is a crystallized form of Z-Power.
It upgrades Lycanroc’s Stone Edge to a Z-Move.",It converts Z-Power into crystals that upgrade Lycanroc's Stone Edge to an exclusive Z-Move.,"This is a crystallized form of Z-Power.
It upgrades Lycanroc’s Stone Edge to a Z-Move."
lycanium-z--held/ultra-sun-ultra-moon,flavor_text,"This is a crystallized form of Z-Power.
It upgrades Lycanroc’s Stone Edge to a Z-Move.",It converts Z-Power into crystals that upgrade Lycanroc's Stone Edge to an exclusive Z-Move.,"This is a crystallized form of Z-Power.
It upgrades Lycanroc’s Stone Edge to a Z-Move."
mago-berry/diamond-pearl,flavor_text,"A Poffin ingredient. If held by a
Pokémon, it restores the user’s HP in
a pinch, but may also cause confusion.","If held by a Pokémon, it restores the user's HP in a pinch, but may also cause confusion.","A Poffin ingredient. If held by a
Pokémon, it restores the user’s HP in
a pinch, but may also cause confusion."
mago-berry/platinum,flavor_text,"A Poffin ingredient. If held by a
Pokémon, it restores the user’s HP in
a pinch, but may also cause confusion.","If held by a Pokémon, it restores the user's HP in a pinch, but may also cause confusion.","A Poffin ingredient. If held by a
Pokémon, it restores the user’s HP in
a pinch, but may also cause confusion."
marshadium-z--held/sun-moon,flavor_text,"This is a crystallized form of Z-Power.
It upgrades Marshadow’s Spectral Thief to
a Z-Move.",It converts Z-Power into crystals that upgrade Marshadow's Spectral Thief to an exclusive Z-Move.,"This is a crystallized form of Z-Power.
It upgrades Marshadow’s Spectral Thief to
a Z-Move."
marshadium-z--held/sword-shield,flavor_text,"This is a crystallized form of Z-Power.
It upgrades Marshadow’s Spectral Thief to
a Z-Move.",It converts Z-Power into crystals that upgrade Marshadow's Spectral Thief to an exclusive Z-Move.,"This is a crystallized form of Z-Power.
It upgrades Marshadow’s Spectral Thief to
a Z-Move."
marshadium-z--held/ultra-sun-ultra-moon,flavor_text,"This is a crystallized form of Z-Power.
It upgrades Marshadow’s Spectral Thief to
a Z-Move.",It converts Z-Power into crystals that upgrade Marshadow's Spectral Thief to an exclusive Z-Move.,"This is a crystallized form of Z-Power.
It upgrades Marshadow’s Spectral Thief to
a Z-Move."
mega-ring/x-y,flavor_text,"This ring contains an untold power that
somehow enables Pokémon carrying
Mega Stones to Mega Evolve in battle.",This ring contains an untold power that somehow enables Pokémon carrying a Mega Stone to Mega Evolve in battle.,"This ring contains an untold power that
somehow enables Pokémon carrying
Mega Stones to Mega Evolve in battle."
mewnium-z--held/lets-go-pikachu-lets-go-eevee,flavor_text,"This is a crystallized form of Z-Power.
It upgrades Mew’s Psychic to a Z-Move.",It converts Z-Power into crystals that upgrade Mew's Psychic to an exclusive Z-Move.,"This is a crystallized form of Z-Power.
It upgrades Mew’s Psychic to a Z-Move."
mewnium-z--held/sun-moon,flavor_text,"This is a crystallized form of Z-Power.
It upgrades Mew’s Psychic to a Z-Move.",It converts Z-Power into crystals that upgrade Mew's Psychic to an exclusive Z-Move.,"This is a crystallized form of Z-Power.
It upgrades Mew’s Psychic to a Z-Move."
mewnium-z--held/sword-shield,flavor_text,"This is a crystallized form of Z-Power.
It upgrades Mew’s Psychic to a Z-Move.",It converts Z-Power into crystals that upgrade Mew's Psychic to an exclusive Z-Move.,"This is a crystallized form of Z-Power.
It upgrades Mew’s Psychic to a Z-Move."
mewnium-z--held/ultra-sun-ultra-moon,flavor_text,"This is a crystallized form of Z-Power.
It upgrades Mew’s Psychic to a Z-Move.",It converts Z-Power into crystals that upgrade Mew's Psychic to an exclusive Z-Move.,"This is a crystallized form of Z-Power.
It upgrades Mew’s Psychic to a Z-Move."
mighty-candy/lets-go-pikachu-lets-go-eevee,flavor_text,"A candy that is packed with energy. When given to
a Pokémon, it will increase that Pokémon’s Attack stat.","A candy that is packed with energy. When given to a Pokémon, it will increase that Pokémon's Attack.","A candy that is packed with energy. When given to
a Pokémon, it will increase that Pokémon’s Attack stat."
mighty-candy/sword-shield,flavor_text,"A candy that is packed with energy. When given to
a Pokémon, it will increase that Pokémon’s Attack stat.","A candy that is packed with energy. When given to a Pokémon, it will increase that Pokémon's Attack.","A candy that is packed with energy. When given to
a Pokémon, it will increase that Pokémon’s Attack stat."
mighty-candy-l/lets-go-pikachu-lets-go-eevee,flavor_text,"A big candy that is packed with energy. When given to
a Pokémon at Lv. 30 or higher, it will increase that
Pokémon’s Attack stat.","A big candy that is packed with energy. When given to a Pokémon Lv. 30 or higher, it will increase that Pokémon's Attack.","A big candy that is packed with energy. When given to
a Pokémon at Lv. 30 or higher, it will increase that
Pokémon’s Attack stat."
mighty-candy-l/sword-shield,flavor_text,"A big candy that is packed with energy. When given to
a Pokémon at Lv. 30 or higher, it will increase that
Pokémon’s Attack stat.","A big candy that is packed with energy. When given to a Pokémon Lv. 30 or higher, it will increase that Pokémon's Attack.","A big candy that is packed with energy. When given to
a Pokémon at Lv. 30 or higher, it will increase that
Pokémon’s Attack stat."
mighty-candy-xl/lets-go-pikachu-lets-go-eevee,flavor_text,"A huge candy that is packed with energy. When given
to a Pokémon at Lv. 60 or higher, it will increase that
Pokémon’s Attack stat.","A huge candy that is packed with energy. When given to a Pokémon Lv. 60 or higher, it will increase that Pokémon's Attack.","A huge candy that is packed with energy. When given
to a Pokémon at Lv. 60 or higher, it will increase that
Pokémon’s Attack stat."
mighty-candy-xl/sword-shield,flavor_text,"A huge candy that is packed with energy. When given
to a Pokémon at Lv. 60 or higher, it will increase that
Pokémon’s Attack stat.","A huge candy that is packed with energy. When given to a Pokémon Lv. 60 or higher, it will increase that Pokémon's Attack.","A huge candy that is packed with energy. When given
to a Pokémon at Lv. 60 or higher, it will increase that
Pokémon’s Attack stat."
mimikium-z--held/sword-shield,flavor_text,"This is a crystallized form of Z-Power.
It upgrades Mimikyu’s Play Rough to a Z-Move.",It converts Z-Power into crystals that upgrade Mimikyu's Play Rough to an exclusive Z-Move.,"This is a crystallized form of Z-Power.
It upgrades Mimikyu’s Play Rough to a Z-Move."
mimikium-z--held/ultra-sun-ultra-moon,flavor_text,"This is a crystallized form of Z-Power.
It upgrades Mimikyu’s Play Rough to a Z-Move.",It converts Z-Power into crystals that upgrade Mimikyu's Play Rough to an exclusive Z-Move.,"This is a crystallized form of Z-Power.
It upgrades Mimikyu’s Play Rough to a Z-Move."
miracle-seed/diamond-pearl,flavor_text,"An item to be held by a Pokémon.
It is a seed imbued with life that ups
the power of Grass-type moves.",A seed imbued with life that ups the power of Grass-type moves.,"An item to be held by a Pokémon.
It is a seed imbued with life that ups
the power of Grass-type moves."
miracle-seed/firered-leafgreen,flavor_text,"An item to be held by a POKéMON.
A seed imbued with life that boosts
the power of GRASS-type moves.",A seed imbued with life that boosts the power of Grass-type moves.,"An item to be held by a POKéMON.
A seed imbued with life that boosts
the power of GRASS-type moves."
miracle-seed/platinum,flavor_text,"An item to be held by a Pokémon.
It is a seed imbued with life that ups
the power of Grass-type moves.",A seed imbued with life that ups the power of Grass-type moves.,"An item to be held by a Pokémon.
It is a seed imbued with life that ups
the power of Grass-type moves."
miracle-seed/sun-moon,flavor_text,"An item to be held by a Pokémon. It’s a seed
imbued with life force that boosts the power of
Grass-type moves.",A seed imbued with life force that boosts the power of Grass-type moves.,"An item to be held by a Pokémon. It’s a seed
imbued with life force that boosts the power of
Grass-type moves."
miracle-seed/sword-shield,flavor_text,"An item to be held by a Pokémon. It’s a seed
imbued with life-force that boosts the power of
Grass-type moves.",A seed imbued with life-force that boosts the power of Grass-type moves.,"An item to be held by a Pokémon. It’s a seed
imbued with life-force that boosts the power of
Grass-type moves."
miracle-seed/ultra-sun-ultra-moon,flavor_text,"An item to be held by a Pokémon. It’s a seed
imbued with life force that boosts the power of
Grass-type moves.",A seed imbued with life force that boosts the power of Grass-type moves.,"An item to be held by a Pokémon. It’s a seed
imbued with life force that boosts the power of
Grass-type moves."
miracle-seed/x-y,flavor_text,"An item to be held by a Pokémon.
It is a seed imbued with life force that
boosts the power of Grass-type moves.",A seed imbued with life force that boosts the power of Grass-type moves.,"An item to be held by a Pokémon.
It is a seed imbued with life force that
boosts the power of Grass-type moves."
misty-seed/sun-moon,flavor_text,"An item to be held by a Pokémon. It boosts Sp. Def
on Misty Terrain. It can only be used once.",An item to be held by a Pokémon. It boosts Sp. Defense on Misty Terrain. It can only be used once.,"An item to be held by a Pokémon. It boosts Sp. Def
on Misty Terrain. It can only be used once."
misty-seed/sword-shield,flavor_text,"An item to be held by a Pokémon. It boosts Sp. Def
on Misty Terrain. It can only be used once.",An item to be held by a Pokémon. It boosts Sp. Defense on Misty Terrain. It can only be used once.,"An item to be held by a Pokémon. It boosts Sp. Def
on Misty Terrain. It can only be used once."
misty-seed/ultra-sun-ultra-moon,flavor_text,"An item to be held by a Pokémon. It boosts Sp. Def
on Misty Terrain. It can only be used once.",An item to be held by a Pokémon. It boosts Sp. Defense on Misty Terrain. It can only be used once.,"An item to be held by a Pokémon. It boosts Sp. Def
on Misty Terrain. It can only be used once."
mystic-water/diamond-pearl,flavor_text,"An item to be held by a Pokémon.
It is a teardrop-shaped gem that ups
the power of Water-type moves.",A teardrop-shaped gem that ups the power of Water-type moves.,"An item to be held by a Pokémon.
It is a teardrop-shaped gem that ups
the power of Water-type moves."
mystic-water/firered-leafgreen,flavor_text,"An item to be held by a POKéMON.
A teardrop-shaped gem that boosts
the power of WATER-type moves.",A teardrop-shaped gem that boosts the power of Water-type moves.,"An item to be held by a POKéMON.
A teardrop-shaped gem that boosts
the power of WATER-type moves."
mystic-water/heartgold-soulsilver,flavor_text,"An item to be held by a Pokémon.
It is a teardrop-shaped gem that ups
the power of Water-type moves.",A teardrop-shaped gem that ups the power of Water-type moves.,"An item to be held by a Pokémon.
It is a teardrop-shaped gem that ups
the power of Water-type moves."
mystic-water/platinum,flavor_text,"An item to be held by a Pokémon.
It is a teardrop-shaped gem that ups
the power of Water-type moves.",A teardrop-shaped gem that ups the power of Water-type moves.,"An item to be held by a Pokémon.
It is a teardrop-shaped gem that ups
the power of Water-type moves."
mystic-water/sun-moon,flavor_text,"An item to be held by a Pokémon. This
teardrop-shaped gem boosts the power of
Water-type moves.",This teardrop-shaped gem boosts the power of Water-type moves.,"An item to be held by a Pokémon. This
teardrop-shaped gem boosts the power of
Water-type moves."
mystic-water/ultra-sun-ultra-moon,flavor_text,"An item to be held by a Pokémon. This
teardrop-shaped gem boosts the power of
Water-type moves.",This teardrop-shaped gem boosts the power of Water-type moves.,"An item to be held by a Pokémon. This
teardrop-shaped gem boosts the power of
Water-type moves."
mystic-water/x-y,flavor_text,"An item to be held by a Pokémon.
This teardrop-shaped gem boosts
the power of Water-type moves.",This teardrop-shaped gem boosts the power of Water-type moves.,"An item to be held by a Pokémon.
This teardrop-shaped gem boosts
the power of Water-type moves."
never-melt-ice/diamond-pearl,flavor_text,"An item to be held by a Pokémon.
It is a piece of ice that repels heat
and boosts Ice-type moves.",A piece of ice that repels heat and boosts Ice-type moves.,"An item to be held by a Pokémon.
It is a piece of ice that repels heat
and boosts Ice-type moves."
never-melt-ice/firered-leafgreen,flavor_text,"An item to be held by a POKéMON.
A piece of ice that repels heat
and boosts ICE-type moves.",A piece of ice that repels heat and boosts Ice-type moves.,"An item to be held by a POKéMON.
A piece of ice that repels heat
and boosts ICE-type moves."
never-melt-ice/heartgold-soulsilver,flavor_text,"An item to be held by a Pokémon.
It is a piece of ice that repels heat
and boosts Ice-type moves.",A piece of ice that repels heat and boosts Ice-type moves.,"An item to be held by a Pokémon.
It is a piece of ice that repels heat
and boosts Ice-type moves."
never-melt-ice/platinum,flavor_text,"An item to be held by a Pokémon.
It is a piece of ice that repels heat
and boosts Ice-type moves.",A piece of ice that repels heat and boosts Ice-type moves.,"An item to be held by a Pokémon.
It is a piece of ice that repels heat
and boosts Ice-type moves."
never-melt-ice/sun-moon,flavor_text,"An item to be held by a Pokémon. It’s a heat-
repelling piece of ice that boosts the power of
Ice-type moves.",A heat-repelling piece of ice that boosts the power of Ice-type moves.,"An item to be held by a Pokémon. It’s a heat-
repelling piece of ice that boosts the power of
Ice-type moves."
never-melt-ice/ultra-sun-ultra-moon,flavor_text,"An item to be held by a Pokémon. It’s a heat-
repelling piece of ice that boosts the power of
Ice-type moves.",A heat-repelling piece of ice that boosts the power of Ice-type moves.,"An item to be held by a Pokémon. It’s a heat-
repelling piece of ice that boosts the power of
Ice-type moves."
never-melt-ice/x-y,flavor_text,"An item to be held by a Pokémon.
It’s a piece of ice that repels heat
effects and boosts Ice-type moves.",A piece of ice that repels heat effects and boosts Ice-type moves.,"An item to be held by a Pokémon.
It’s a piece of ice that repels heat
effects and boosts Ice-type moves."
normalium-z--held/sun-moon,flavor_text,"This is a crystallized form of Z-Power.
It upgrades Normal-type moves to Z-Moves.",It converts Z-Power into crystals that upgrade Normal-type moves to Normal-type Z-Moves.,"This is a crystallized form of Z-Power.
It upgrades Normal-type moves to Z-Moves."
normalium-z--held/sword-shield,flavor_text,"This is a crystallized form of Z-Power.
It upgrades Normal-type moves to Z-Moves.",It converts Z-Power into crystals that upgrade Normal-type moves to Normal-type Z-Moves.,"This is a crystallized form of Z-Power.
It upgrades Normal-type moves to Z-Moves."
normalium-z--held/ultra-sun-ultra-moon,flavor_text,"This is a crystallized form of Z-Power.
It upgrades Normal-type moves to Z-Moves.",It converts Z-Power into crystals that upgrade Normal-type moves to Normal-type Z-Moves.,"This is a crystallized form of Z-Power.
It upgrades Normal-type moves to Z-Moves."
oran-berry/diamond-pearl,flavor_text,"A Poffin ingredient. It may be used
or held by a Pokémon to heal the
user by just 10 HP.",It may be used or held by a Pokémon to heal the user by just 10 HP.,"A Poffin ingredient. It may be used
or held by a Pokémon to heal the
user by just 10 HP."
oran-berry/platinum,flavor_text,"A Poffin ingredient. It may be used
or held by a Pokémon to heal the
user by just 10 HP.",It may be used or held by a Pokémon to heal the user by just 10 HP.,"A Poffin ingredient. It may be used
or held by a Pokémon to heal the
user by just 10 HP."
parcel/lets-go-pikachu-lets-go-eevee,flavor_text,"A parcel entrusted into your care. You’re supposed
to deliver it to your childhood friend who left
Twinleaf Town.",A parcel to be delivered to Professor Oak from Viridian City's Pokémon Mart.,"A parcel entrusted into your care. You’re supposed
to deliver it to your childhood friend who left
Twinleaf Town."
persim-berry/diamond-pearl,flavor_text,"A Poffin ingredient. It may be used
or held by a Pokémon to recover from
confusion.",It may be used or held by a Pokémon to recover from confusion.,"A Poffin ingredient. It may be used
or held by a Pokémon to recover from
confusion."
persim-berry/platinum,flavor_text,"A Poffin ingredient. It may be used
or held by a Pokémon to recover from
confusion.",It may be used or held by a Pokémon to recover from confusion.,"A Poffin ingredient. It may be used
or held by a Pokémon to recover from
confusion."
petaya-berry/sword-shield,flavor_text,"A Berry to be consumed by Pokémon. If a Pokémon
holds one, its Sp. Atk stat will increase when it’s in
a pinch.","A slightly rare Berry. It's eye-poppingly spicy and bitter, but it's packed with nutrients.","A Berry to be consumed by Pokémon. If a Pokémon
holds one, its Sp. Atk stat will increase when it’s in
a pinch."
pikanium-z--held/sun-moon,flavor_text,"This is a crystallized form of Z-Power.
It upgrades Pikachu’s Volt Tackle to a Z-Move.",It converts Z-Power into crystals that upgrade Pikachu's Volt Tackle to an exclusive Z-Move.,"This is a crystallized form of Z-Power.
It upgrades Pikachu’s Volt Tackle to a Z-Move."
pikanium-z--held/sword-shield,flavor_text,"This is a crystallized form of Z-Power.
It upgrades Pikachu’s Volt Tackle to a Z-Move.",It converts Z-Power into crystals that upgrade Pikachu's Volt Tackle to an exclusive Z-Move.,"This is a crystallized form of Z-Power.
It upgrades Pikachu’s Volt Tackle to a Z-Move."
pikanium-z--held/ultra-sun-ultra-moon,flavor_text,"This is a crystallized form of Z-Power.
It upgrades Pikachu’s Volt Tackle to a Z-Move.",It converts Z-Power into crystals that upgrade Pikachu's Volt Tackle to an exclusive Z-Move.,"This is a crystallized form of Z-Power.
It upgrades Pikachu’s Volt Tackle to a Z-Move."
pikashunium-z--held/sun-moon,flavor_text,"This is a crystallized form of Z-Power.
It upgrades a Thunderbolt by Pikachu in a cap to
a Z-Move.",It converts Z-Power into crystals that upgrade a Thunderbolt by Pikachu in a cap to an exclusive Z-Move.,"This is a crystallized form of Z-Power.
It upgrades a Thunderbolt by Pikachu in a cap to
a Z-Move."
pinap-berry/lets-go-pikachu-lets-go-eevee,flavor_text,"A Berry that makes you slightly more likely
to get an item when it’s given to Pokémon you’re
trying to catch.",A Berry that makes you slightly more likely to get an item when catching Pokémon.,"A Berry that makes you slightly more likely
to get an item when it’s given to Pokémon you’re
trying to catch."
poison-barb/black-2-white-2,flavor_text,"An item to be held by a Pokémon.
It is a small, poisonous barb that ups
the power of Poison-type moves.","It is a small, poisonous barb that ups the power of Poison-type moves.","An item to be held by a Pokémon.
It is a small, poisonous barb that ups
the power of Poison-type moves."
poison-barb/black-white,flavor_text,"An item to be held by a Pokémon.
It is a small, poisonous barb that ups
the power of Poison-type moves.","It is a small, poisonous barb that ups the power of Poison-type moves.","An item to be held by a Pokémon.
It is a small, poisonous barb that ups
the power of Poison-type moves."
poison-barb/diamond-pearl,flavor_text,"An item to be held by a Pokémon.
It is a small, poisonous barb that ups
the power of Poison-type moves.","It is a small, poisonous barb that ups the power of Poison-type moves.","An item to be held by a Pokémon.
It is a small, poisonous barb that ups
the power of Poison-type moves."
poison-barb/firered-leafgreen,flavor_text,"An item to be held by a POKéMON.
A small, poisonous barb that boosts
the power of POISON-type moves.","A small, poisonous barb that boosts the power of Poison-type moves.","An item to be held by a POKéMON.
A small, poisonous barb that boosts
the power of POISON-type moves."
poison-barb/platinum,flavor_text,"An item to be held by a Pokémon.
It is a small, poisonous barb that ups
the power of Poison-type moves.","It is a small, poisonous barb that ups the power of Poison-type moves.","An item to be held by a Pokémon.
It is a small, poisonous barb that ups
the power of Poison-type moves."
poison-barb/sun-moon,flavor_text,"An item to be held by a Pokémon. This small,
poisonous barb boosts the power of
Poison-type moves.","This small, poisonous barb boosts the power of Poison-type moves.","An item to be held by a Pokémon. This small,
poisonous barb boosts the power of
Poison-type moves."
poison-barb/sword-shield,flavor_text,"An item to be held by a Pokémon. This small,
poisonous barb boosts the power of
Poison-type moves.","This small, poisonous barb boosts the power of Poison-type moves.","An item to be held by a Pokémon. This small,
poisonous barb boosts the power of
Poison-type moves."
poison-barb/ultra-sun-ultra-moon,flavor_text,"An item to be held by a Pokémon. This small,
poisonous barb boosts the power of
Poison-type moves.","This small, poisonous barb boosts the power of Poison-type moves.","An item to be held by a Pokémon. This small,
poisonous barb boosts the power of
Poison-type moves."
poison-barb/x-y,flavor_text,"An item to be held by a Pokémon.
This small, poisonous barb boosts
the power of Poison-type moves.","This small, poisonous barb boosts the power of Poison-type moves.","An item to be held by a Pokémon.
This small, poisonous barb boosts
the power of Poison-type moves."
poisonium-z--held/sun-moon,flavor_text,"This is a crystallized form of Z-Power.
It upgrades Poison-type moves to Z-Moves.",It converts Z-Power into crystals that upgrade Poison-type moves to Poison-type Z-Moves.,"This is a crystallized form of Z-Power.
It upgrades Poison-type moves to Z-Moves."
poisonium-z--held/ultra-sun-ultra-moon,flavor_text,"This is a crystallized form of Z-Power.
It upgrades Poison-type moves to Z-Moves.",It converts Z-Power into crystals that upgrade Poison-type moves to Poison-type Z-Moves.,"This is a crystallized form of Z-Power.
It upgrades Poison-type moves to Z-Moves."
poke-ball/emerald,flavor_text,"A tool used for
catching wild
POKéMON.",A tool for catching wild Pokémon.,"A tool used for
catching wild
POKéMON."
poke-ball/ruby-sapphire,flavor_text,"A tool used for
catching wild
POKéMON.",A tool for catching wild Pokémon.,"A tool used for
catching wild
POKéMON."
poke-ball/x-y,flavor_text,"A device for catching wild Pokémon.
It’s thrown like a ball at a Pokémon,
comfortably encapsulating its target.","A device for catching wild Pokémon. It's thrown like a ball, comfortably encapsulating its target.","A device for catching wild Pokémon.
It’s thrown like a ball at a Pokémon,
comfortably encapsulating its target."
pomeg-berry/diamond-pearl,flavor_text,"A Poffin ingredient. Using it on a
Pokémon makes it more friendly, but
it also lowers its base HP.","Using it on a Pokémon makes it more friendly, but it also lowers its base HP.","A Poffin ingredient. Using it on a
Pokémon makes it more friendly, but
it also lowers its base HP."
pomeg-berry/platinum,flavor_text,"A Poffin ingredient. Using it on a
Pokémon makes it more friendly, but
it also lowers its base HP.","Using it on a Pokémon makes it more friendly, but it also lowers its base HP.","A Poffin ingredient. Using it on a
Pokémon makes it more friendly, but
it also lowers its base HP."
pomeg-berry/sword-shield,flavor_text,"A Berry to be consumed by Pokémon. Using it on a
Pokémon makes it more friendly but lowers its
HP base points.",A Berry to be consumed by Pokémon. Using it makes it more friendly but lowers its HP base points.,"A Berry to be consumed by Pokémon. Using it on a
Pokémon makes it more friendly but lowers its
HP base points."
pretty-wing/sun-moon,flavor_text,"Though this feather is beautiful, it’s just a regular
feather and has no effect on Pokémon.","Though this feather is beautiful, it's just a regular feather and has no effect.","Though this feather is beautiful, it’s just a regular
feather and has no effect on Pokémon."
primarium-z--held/sun-moon,flavor_text,"This is a crystallized form of Z-Power.
It upgrades Primarina’s Sparkling Aria to a Z-Move.",It converts Z-Power into crystals that upgrade Primarina's Sparkling Aria to an exclusive Z-Move.,"This is a crystallized form of Z-Power.
It upgrades Primarina’s Sparkling Aria to a Z-Move."
primarium-z--held/ultra-sun-ultra-moon,flavor_text,"This is a crystallized form of Z-Power.
It upgrades Primarina’s Sparkling Aria to a Z-Move.",It converts Z-Power into crystals that upgrade Primarina's Sparkling Aria to an exclusive Z-Move.,"This is a crystallized form of Z-Power.
It upgrades Primarina’s Sparkling Aria to a Z-Move."
psychic-seed/sun-moon,flavor_text,"An item to be held by a Pokémon. It boosts Sp. Def
on Psychic Terrain. It can only be used once.",An item to be held by a Pokémon. It boosts Sp. Defense on Psychic Terrain. It can only be used once.,"An item to be held by a Pokémon. It boosts Sp. Def
on Psychic Terrain. It can only be used once."
psychic-seed/sword-shield,flavor_text,"An item to be held by a Pokémon. It boosts Sp. Def
on Psychic Terrain. It can only be used once.",An item to be held by a Pokémon. It boosts Sp. Defense on Psychic Terrain. It can only be used once.,"An item to be held by a Pokémon. It boosts Sp. Def
on Psychic Terrain. It can only be used once."
psychium-z--held/sun-moon,flavor_text,"This is a crystallized form of Z-Power.
It upgrades Psychic-type moves to Z-Moves.",It converts Z-Power into crystals that upgrade Psychic-type moves to Psychic-type Z-Moves.,"This is a crystallized form of Z-Power.
It upgrades Psychic-type moves to Z-Moves."
psychium-z--held/ultra-sun-ultra-moon,flavor_text,"This is a crystallized form of Z-Power.
It upgrades Psychic-type moves to Z-Moves.",It converts Z-Power into crystals that upgrade Psychic-type moves to Psychic-type Z-Moves.,"This is a crystallized form of Z-Power.
It upgrades Psychic-type moves to Z-Moves."
quick-candy/lets-go-pikachu-lets-go-eevee,flavor_text,"A candy that is packed with energy. When given to
a Pokémon, it will increase that Pokémon’s Speed stat.","A candy that is packed with energy. When given to a Pokémon, it will increase that Pokémon's Speed.","A candy that is packed with energy. When given to
a Pokémon, it will increase that Pokémon’s Speed stat."
quick-candy/sword-shield,flavor_text,"A candy that is packed with energy. When given to
a Pokémon, it will increase that Pokémon’s Speed stat.","A candy that is packed with energy. When given to a Pokémon, it will increase that Pokémon's Speed.","A candy that is packed with energy. When given to
a Pokémon, it will increase that Pokémon’s Speed stat."
quick-candy-l/lets-go-pikachu-lets-go-eevee,flavor_text,"A big candy that is packed with energy. When given to
a Pokémon at Lv. 30 or higher, it will increase that
Pokémon’s Speed stat.","A big candy that is packed with energy. When given to a Pokémon Lv. 30 or higher, it will increase that Pokémon's Speed.","A big candy that is packed with energy. When given to
a Pokémon at Lv. 30 or higher, it will increase that
Pokémon’s Speed stat."
quick-candy-l/sword-shield,flavor_text,"A big candy that is packed with energy. When given to
a Pokémon at Lv. 30 or higher, it will increase that
Pokémon’s Speed stat.","A big candy that is packed with energy. When given to a Pokémon Lv. 30 or higher, it will increase that Pokémon's Speed.","A big candy that is packed with energy. When given to
a Pokémon at Lv. 30 or higher, it will increase that
Pokémon’s Speed stat."
quick-candy-xl/lets-go-pikachu-lets-go-eevee,flavor_text,"A huge candy that is packed with energy. When given
to a Pokémon at Lv. 60 or higher, it will increase that
Pokémon’s Speed stat.","A huge candy that is packed with energy. When given to a Pokémon Lv. 60 or higher, it will increase that Pokémon's Speed.","A huge candy that is packed with energy. When given
to a Pokémon at Lv. 60 or higher, it will increase that
Pokémon’s Speed stat."
quick-candy-xl/sword-shield,flavor_text,"A huge candy that is packed with energy. When given
to a Pokémon at Lv. 60 or higher, it will increase that
Pokémon’s Speed stat.","A huge candy that is packed with energy. When given to a Pokémon Lv. 60 or higher, it will increase that Pokémon's Speed.","A huge candy that is packed with energy. When given
to a Pokémon at Lv. 60 or higher, it will increase that
Pokémon’s Speed stat."
quick-claw/black-2-white-2,flavor_text,"An item to be held by a Pokémon.
A light, sharp claw that lets the
bearer move first occasionally.","A light, sharp claw that lets the bearer move first occasionally.","An item to be held by a Pokémon.
A light, sharp claw that lets the
bearer move first occasionally."
quick-claw/black-white,flavor_text,"An item to be held by a Pokémon.
A light, sharp claw that lets the
bearer move first occasionally.","A light, sharp claw that lets the bearer move first occasionally.","An item to be held by a Pokémon.
A light, sharp claw that lets the
bearer move first occasionally."
quick-claw/diamond-pearl,flavor_text,"An item to be held by a Pokémon.
A light, sharp claw that lets the
bearer move first occasionally.","A light, sharp claw that lets the bearer move first occasionally.","An item to be held by a Pokémon.
A light, sharp claw that lets the
bearer move first occasionally."
quick-claw/firered-leafgreen,flavor_text,"An item to be held by a POKéMON.
A light and sharp claw. The holder
may be able to strike first.",A light and sharp claw. The holder may be able to strike first.,"An item to be held by a POKéMON.
A light and sharp claw. The holder
may be able to strike first."
quick-claw/heartgold-soulsilver,flavor_text,"An item to be held by a Pokémon.
A light, sharp claw that lets the
bearer move first occasionally.","A light, sharp claw that lets the bearer move first occasionally.","An item to be held by a Pokémon.
A light, sharp claw that lets the
bearer move first occasionally."
quick-claw/lets-go-pikachu-lets-go-eevee,flavor_text,"An item to be held by a Pokémon. This light, sharp
claw lets the bearer move first occasionally.","This light, sharp claw lets the bearer move first occasionally.","An item to be held by a Pokémon. This light, sharp
claw lets the bearer move first occasionally."
quick-claw/platinum,flavor_text,"An item to be held by a Pokémon.
A light, sharp claw that lets the
bearer move first occasionally.","A light, sharp claw that lets the bearer move first occasionally.","An item to be held by a Pokémon.
A light, sharp claw that lets the
bearer move first occasionally."
quick-claw/sun-moon,flavor_text,"An item to be held by a Pokémon. This light, sharp
claw lets the bearer move first occasionally.","This light, sharp claw lets the bearer move first occasionally.","An item to be held by a Pokémon. This light, sharp
claw lets the bearer move first occasionally."
quick-claw/sword-shield,flavor_text,"An item to be held by a Pokémon. This light, sharp
claw lets the bearer move first occasionally.","This light, sharp claw lets the bearer move first occasionally.","An item to be held by a Pokémon. This light, sharp
claw lets the bearer move first occasionally."
quick-claw/ultra-sun-ultra-moon,flavor_text,"An item to be held by a Pokémon. This light, sharp
claw lets the bearer move first occasionally.","This light, sharp claw lets the bearer move first occasionally.","An item to be held by a Pokémon. This light, sharp
claw lets the bearer move first occasionally."
quick-claw/x-y,flavor_text,"An item to be held by a Pokémon.
This light, sharp claw lets the
bearer move first occasionally.","This light, sharp claw lets the bearer move first occasionally.","An item to be held by a Pokémon.
This light, sharp claw lets the
bearer move first occasionally."
reins-of-unity/sword-shield,flavor_text,"Cords that shine when you hold them up to the light.
The people of old times presented these to the King of
Bountiful Harvests to express their gratitude.",Reins that people presented to the king. They enhance Calyrex’s power over bountiful harvests and unite Calyrex with its beloved steed.,"Cords that shine when you hold them up to the light.
The people of old times presented these to the King of
Bountiful Harvests to express their gratitude."
repeat-ball/x-y,flavor_text,"A somewhat different Poké Ball that
works especially well on a Pokémon
species that has been caught before.",A somewhat different Poké Ball that works especially well on Pokémon species that have been caught before.,"A somewhat different Poké Ball that
works especially well on a Pokémon
species that has been caught before."
rockium-z--held/lets-go-pikachu-lets-go-eevee,flavor_text,"This is a crystallized form of Z-Power.
It upgrades Rock-type moves to Z-Moves.",It converts Z-Power into crystals that upgrade Rock-type moves to Rock-type Z-Moves.,"This is a crystallized form of Z-Power.
It upgrades Rock-type moves to Z-Moves."
rockium-z--held/sun-moon,flavor_text,"This is a crystallized form of Z-Power.
It upgrades Rock-type moves to Z-Moves.",It converts Z-Power into crystals that upgrade Rock-type moves to Rock-type Z-Moves.,"This is a crystallized form of Z-Power.
It upgrades Rock-type moves to Z-Moves."
rockium-z--held/sword-shield,flavor_text,"This is a crystallized form of Z-Power.
It upgrades Rock-type moves to Z-Moves.",It converts Z-Power into crystals that upgrade Rock-type moves to Rock-type Z-Moves.,"This is a crystallized form of Z-Power.
It upgrades Rock-type moves to Z-Moves."
rockium-z--held/ultra-sun-ultra-moon,flavor_text,"This is a crystallized form of Z-Power.
It upgrades Rock-type moves to Z-Moves.",It converts Z-Power into crystals that upgrade Rock-type moves to Rock-type Z-Moves.,"This is a crystallized form of Z-Power.
It upgrades Rock-type moves to Z-Moves."
rotom-bike/sword-shield,flavor_text,"This bike can be combined with the Pokémon Rotom to
use a turbo boost.","This bike can be combined with the Pokémon Rotom to use a turbo boost and, in Water Mode, run on the water.","This bike can be combined with the Pokémon Rotom to
use a turbo boost."
secret-key/lets-go-pikachu-lets-go-eevee,flavor_text,"A high-tech key that has to be used at a specific
location. It emits a special electronic signal to open
a door.",The key that unlocks the front door of the Pokémon Gym on Cinnabar Island. It has a red decoration.,"A high-tech key that has to be used at a specific
location. It emits a special electronic signal to open
a door."
shoal-salt/emerald,flavor_text,"Salt obtained from
deep inside the
SHOAL CAVE.",Salt obtained deep inside the Shoal Cave.,"Salt obtained from
deep inside the
SHOAL CAVE."
shoal-salt/ruby-sapphire,flavor_text,"Salt obtained from
deep inside the
SHOAL CAVE.",Salt obtained deep inside the Shoal Cave.,"Salt obtained from
deep inside the
SHOAL CAVE."
silph-scope/emerald,flavor_text,"SILPH CO’s scope
makes unseeable
POKéMON visible.",Silph Co.'s scope makes unseeable Pokémon visible.,"SILPH CO’s scope
makes unseeable
POKéMON visible."
sitrus-berry/diamond-pearl,flavor_text,"A Poffin ingredient. It may be used
or held by a Pokémon to heal the
user’s HP a little.",It may be used or held by a Pokémon to heal the user's HP a little.,"A Poffin ingredient. It may be used
or held by a Pokémon to heal the
user’s HP a little."
smart-candy/lets-go-pikachu-lets-go-eevee,flavor_text,"A candy that is packed with energy. When given to
a Pokémon, it will increase that Pokémon’s Sp. Atk stat.","A candy that is packed with energy. When given to a Pokémon, it will increase that Pokémon's Sp. Attack.","A candy that is packed with energy. When given to
a Pokémon, it will increase that Pokémon’s Sp. Atk stat."
smart-candy/sword-shield,flavor_text,"A candy that is packed with energy. When given to
a Pokémon, it will increase that Pokémon’s Sp. Atk stat.","A candy that is packed with energy. When given to a Pokémon, it will increase that Pokémon's Sp. Attack.","A candy that is packed with energy. When given to
a Pokémon, it will increase that Pokémon’s Sp. Atk stat."
smart-candy-l/lets-go-pikachu-lets-go-eevee,flavor_text,"A big candy that is packed with energy. When given to
a Pokémon at Lv. 30 or higher, it will increase that
Pokémon’s Sp. Atk stat.","A big candy that is packed with energy. When given to a Pokémon Lv. 30 or higher, it will increase that Pokémon's Sp. Attack.","A big candy that is packed with energy. When given to
a Pokémon at Lv. 30 or higher, it will increase that
Pokémon’s Sp. Atk stat."
smart-candy-l/sword-shield,flavor_text,"A big candy that is packed with energy. When given to
a Pokémon at Lv. 30 or higher, it will increase that
Pokémon’s Sp. Atk stat.","A big candy that is packed with energy. When given to a Pokémon Lv. 30 or higher, it will increase that Pokémon's Sp. Attack.","A big candy that is packed with energy. When given to
a Pokémon at Lv. 30 or higher, it will increase that
Pokémon’s Sp. Atk stat."
smart-candy-xl/lets-go-pikachu-lets-go-eevee,flavor_text,"A huge candy that is packed with energy. When given
to a Pokémon at Lv. 60 or higher, it will increase that
Pokémon’s Sp. Atk stat.","A huge candy that is packed with energy. When given to a Pokémon Lv. 60 or higher, it will increase that Pokémon's Sp. Attack.","A huge candy that is packed with energy. When given
to a Pokémon at Lv. 60 or higher, it will increase that
Pokémon’s Sp. Atk stat."
smart-candy-xl/sword-shield,flavor_text,"A huge candy that is packed with energy. When given
to a Pokémon at Lv. 60 or higher, it will increase that
Pokémon’s Sp. Atk stat.","A huge candy that is packed with energy. When given to a Pokémon Lv. 60 or higher, it will increase that Pokémon's Sp. Attack.","A huge candy that is packed with energy. When given
to a Pokémon at Lv. 60 or higher, it will increase that
Pokémon’s Sp. Atk stat."
snorlium-z--held/sun-moon,flavor_text,"This is a crystallized form of Z-Power.
It upgrades Snorlax’s Giga Impact to a Z-Move.",It converts Z-Power into crystals that upgrade Snorlax's Giga Impact to an exclusive Z-Move.,"This is a crystallized form of Z-Power.
It upgrades Snorlax’s Giga Impact to a Z-Move."
snorlium-z--held/ultra-sun-ultra-moon,flavor_text,"This is a crystallized form of Z-Power.
It upgrades Snorlax’s Giga Impact to a Z-Move.",It converts Z-Power into crystals that upgrade Snorlax's Giga Impact to an exclusive Z-Move.,"This is a crystallized form of Z-Power.
It upgrades Snorlax’s Giga Impact to a Z-Move."
snowball/sun-moon,flavor_text,"An item to be held by a Pokémon. It boosts Attack
if hit with an Ice-type attack. It can only be
used once.",An item to be held by a Pokémon. It boosts Attack if the holder is hit with an Ice-type attack. It can only be used once.,"An item to be held by a Pokémon. It boosts Attack
if hit with an Ice-type attack. It can only be
used once."
snowball/ultra-sun-ultra-moon,flavor_text,"An item to be held by a Pokémon. It boosts Attack
if hit with an Ice-type attack. It can only be
used once.",An item to be held by a Pokémon. It boosts Attack if the holder is hit with an Ice-type attack. It can only be used once.,"An item to be held by a Pokémon. It boosts Attack
if hit with an Ice-type attack. It can only be
used once."
soft-sand/diamond-pearl,flavor_text,"An item to be held by a Pokémon.
It is a loose, silky sand that boosts
the power of Ground-type moves.","A loose, silky sand that boosts the power of Ground-type moves.","An item to be held by a Pokémon.
It is a loose, silky sand that boosts
the power of Ground-type moves."
soft-sand/firered-leafgreen,flavor_text,"An item to be held by a POKéMON.
A loose, silky sand that boosts the
power of GROUND-type moves.","A loose, silky sand that boosts the power of Ground-type moves.","An item to be held by a POKéMON.
A loose, silky sand that boosts the
power of GROUND-type moves."
soft-sand/platinum,flavor_text,"An item to be held by a Pokémon.
It is a loose, silky sand that boosts
the power of Ground-type moves.","A loose, silky sand that boosts the power of Ground-type moves.","An item to be held by a Pokémon.
It is a loose, silky sand that boosts
the power of Ground-type moves."
soft-sand/sun-moon,flavor_text,"An item to be held by a Pokémon. It’s a loose, silky
sand that boosts the power of Ground-type moves.","A loose, silky sand that boosts the power of Ground-type moves.","An item to be held by a Pokémon. It’s a loose, silky
sand that boosts the power of Ground-type moves."
soft-sand/ultra-sun-ultra-moon,flavor_text,"An item to be held by a Pokémon. It’s a loose, silky
sand that boosts the power of Ground-type moves.","A loose, silky sand that boosts the power of Ground-type moves.","An item to be held by a Pokémon. It’s a loose, silky
sand that boosts the power of Ground-type moves."
solganium-z--held/ultra-sun-ultra-moon,flavor_text,"This is a crystallized form of Z-Power.
It upgrades Solgaleo’s Sunsteel Strike to a Z-Move.",It converts Z-Power into crystals that upgrade Solgaleo's Sunsteel Strike to an exclusive Z-Move.,"This is a crystallized form of Z-Power.
It upgrades Solgaleo’s Sunsteel Strike to a Z-Move."
sport-ball/sword-shield,flavor_text,"A special Poké Ball that was used during the
Bug-Catching Contest in the Johto region.",A special Poké Ball that is used during the Bug-Catching Contest.,"A special Poké Ball that was used during the
Bug-Catching Contest in the Johto region."
ss-ticket/lets-go-pikachu-lets-go-eevee,flavor_text,"A ticket required for sailing on the ferry S.S. Aqua.
It has a drawing of a ship on its front.",The ticket required to board the S.S. Anne. It has a drawing of a ship on it.,"A ticket required for sailing on the ferry S.S. Aqua.
It has a drawing of a ship on its front."
steelium-z--held/sun-moon,flavor_text,"This is a crystallized form of Z-Power.
It upgrades Steel-type moves to Z-Moves.",It converts Z-Power into crystals that upgrade Steel-type moves to Steel-type Z-Moves.,"This is a crystallized form of Z-Power.
It upgrades Steel-type moves to Z-Moves."
steelium-z--held/ultra-sun-ultra-moon,flavor_text,"This is a crystallized form of Z-Power.
It upgrades Steel-type moves to Z-Moves.",It converts Z-Power into crystals that upgrade Steel-type moves to Steel-type Z-Moves.,"This is a crystallized form of Z-Power.
It upgrades Steel-type moves to Z-Moves."
storage-key/sword-shield,flavor_text,"The key to Team Galactic’s sinister warehouse
located at the edge of Veilstone City.",A key that opens the storage hold inside Sea Mauville.,"The key to Team Galactic’s sinister warehouse
located at the edge of Veilstone City."
tamato-berry/diamond-pearl,flavor_text,"A Poffin ingredient. Using it on a
Pokémon makes it more friendly, but
it also lowers its base Speed stat.",A Poffin ingredient. Using it makes a Pokémon more friendly but lowers its Speed.,"A Poffin ingredient. Using it on a
Pokémon makes it more friendly, but
it also lowers its base Speed stat."
tamato-berry/emerald,flavor_text,"Makes a POKéMON
friendly but lowers
base SPEED.",Makes a Pokémon friendly but lowers its base Speed.,"Makes a POKéMON
friendly but lowers
base SPEED."
tamato-berry/platinum,flavor_text,"A Poffin ingredient. Using it on a
Pokémon makes it more friendly, but
it also lowers its base Speed stat.",A Poffin ingredient. Using it makes a Pokémon more friendly but lowers its Speed.,"A Poffin ingredient. Using it on a
Pokémon makes it more friendly, but
it also lowers its base Speed stat."
tamato-berry/sword-shield,flavor_text,"A Berry to be consumed by Pokémon. Using it on a
Pokémon makes it more friendly but lowers its
Speed base points.",A Berry to be consumed by Pokémon. It makes a Pokémon more friendly but lowers its Speed base points.,"A Berry to be consumed by Pokémon. Using it on a
Pokémon makes it more friendly but lowers its
Speed base points."
tapunium-z--held/lets-go-pikachu-lets-go-eevee,flavor_text,"This is a crystallized form of Z-Power. It upgrades
the tapu’s Nature’s Madness to a Z-Move.",It converts Z-Power into crystals that upgrade the tapu's Nature's Madness to an exclusive Z-Move.,"This is a crystallized form of Z-Power. It upgrades
the tapu’s Nature’s Madness to a Z-Move."
tapunium-z--held/sun-moon,flavor_text,"This is a crystallized form of Z-Power. It upgrades
the tapu’s Nature’s Madness to a Z-Move.",It converts Z-Power into crystals that upgrade the tapu's Nature's Madness to an exclusive Z-Move.,"This is a crystallized form of Z-Power. It upgrades
the tapu’s Nature’s Madness to a Z-Move."
tapunium-z--held/sword-shield,flavor_text,"This is a crystallized form of Z-Power. It upgrades
the tapu’s Nature’s Madness to a Z-Move.",It converts Z-Power into crystals that upgrade the tapu's Nature's Madness to an exclusive Z-Move.,"This is a crystallized form of Z-Power. It upgrades
the tapu’s Nature’s Madness to a Z-Move."
tapunium-z--held/ultra-sun-ultra-moon,flavor_text,"This is a crystallized form of Z-Power. It upgrades
the tapu’s Nature’s Madness to a Z-Move.",It converts Z-Power into crystals that upgrade the tapu's Nature's Madness to an exclusive Z-Move.,"This is a crystallized form of Z-Power. It upgrades
the tapu’s Nature’s Madness to a Z-Move."
tm01/black-2-white-2,flavor_text,"The user sharpens its claws to
boost its Attack stat and accuracy.",A Technical Machine that teaches Hone Claws.,"The user sharpens its claws to
boost its Attack stat and accuracy."
tm01/black-white,flavor_text,"The user sharpens its claws to
boost its Attack stat and accuracy.",A Technical Machine that teaches Hone Claws.,"The user sharpens its claws to
boost its Attack stat and accuracy."
tm01/emerald,flavor_text,"Powerful, but makes
the user flinch if
hit by the foe.",A Technical Machine that teaches Focus Punch.,"Powerful, but makes
the user flinch if
hit by the foe."
tm01/ruby-sapphire,flavor_text,"Powerful, but makes
the user flinch if
hit by the foe.",A Technical Machine that teaches Focus Punch.,"Powerful, but makes
the user flinch if
hit by the foe."
tm01/sun-moon,flavor_text,"The user is roused, and its Attack and Sp. Atk
stats increase.",A Technical Machine that teaches Work Up.,"The user is roused, and its Attack and Sp. Atk
stats increase."
tm01/sword-shield,flavor_text,"The target is attacked by a kick launched with
muscle-packed power.",A Technical Machine that teaches Mega Kick.,"The target is attacked by a kick launched with
muscle-packed power."
tm01/ultra-sun-ultra-moon,flavor_text,"The user is roused, and its Attack and Sp. Atk
stats increase.",A Technical Machine that teaches Work Up.,"The user is roused, and its Attack and Sp. Atk
stats increase."
tm02/lets-go-pikachu-lets-go-eevee,flavor_text,"The target is taunted into a rage that allows it to use
only attack moves for three turns.",A TM that teaches Taunt.,"The target is taunted into a rage that allows it to use
only attack moves for three turns."
tm02/ruby-sapphire,flavor_text,"Hooks and slashes
the foe with long,
sharp claws.",A TM that teaches Dragon Claw.,"Hooks and slashes
the foe with long,
sharp claws."
tm02/sword-shield,flavor_text,"Numerous coins are hurled at the target to inflict
damage. Money is earned after the battle.",A TM that teaches Pay Day.,"Numerous coins are hurled at the target to inflict
damage. Money is earned after the battle."
tm04/ruby-sapphire,flavor_text,"Raises SP. ATK and
SP. DEF by focusing
the mind.",A Technical Machine that teaches Calm Mind.,"Raises SP. ATK and
SP. DEF by focusing
the mind."
tm04/sword-shield,flavor_text,"The target is punched with an icy fist. This may also
leave the target frozen.",A Technical Machine that teaches Ice Punch.,"The target is punched with an icy fist. This may also
leave the target frozen."
tm05/sword-shield,flavor_text,"The target is punched with an electrified fist.
This may also leave the target with paralysis.",A TM that teaches Thunder Punch.,"The target is punched with an electrified fist.
This may also leave the target with paralysis."
tm07/emerald,flavor_text,"Creates a hailstorm
that damages all
types except ICE.",A TM that teaches Hail.,"Creates a hailstorm
that damages all
types except ICE."
tm07/ruby-sapphire,flavor_text,"Summons a hailstorm
that hurts all
types except ICE.",A TM that teaches Hail.,"Summons a hailstorm
that hurts all
types except ICE."
tm08/black-2-white-2,flavor_text,"The user tenses its muscles to bulk up
its body, boosting both its Attack and
Defense stats.",A TM that teaches Bulk Up.,"The user tenses its muscles to bulk up
its body, boosting both its Attack and
Defense stats."
tm08/black-white,flavor_text,"The user tenses its muscles to bulk up
its body, boosting both its Attack and
Defense stats.",A TM that teaches Bulk Up.,"The user tenses its muscles to bulk up
its body, boosting both its Attack and
Defense stats."
tm08/diamond-pearl,flavor_text,"The user tenses its muscles to bulk up
its body, boosting both its Attack and
Defense stats.",A TM that teaches Bulk Up.,"The user tenses its muscles to bulk up
its body, boosting both its Attack and
Defense stats."
tm08/emerald,flavor_text,"Bulks up the body
to boost both
ATTACK & DEFENSE.",A TM that teaches Bulk Up.,"Bulks up the body
to boost both
ATTACK & DEFENSE."
tm08/lets-go-pikachu-lets-go-eevee,flavor_text,"The user makes a copy of itself using some of its HP.
The copy serves as the user’s decoy.",A TM that teaches Substitute.,"The user makes a copy of itself using some of its HP.
The copy serves as the user’s decoy."
tm08/platinum,flavor_text,"The user tenses its muscles to bulk up
its body, boosting both its Attack and
Defense stats.",A TM that teaches Bulk Up.,"The user tenses its muscles to bulk up
its body, boosting both its Attack and
Defense stats."
tm08/ruby-sapphire,flavor_text,"Bulks up the body
to boost both
ATTACK & DEFENSE.",A TM that teaches Bulk Up.,"Bulks up the body
to boost both
ATTACK & DEFENSE."
tm08/sun-moon,flavor_text,"The user tenses its muscles to bulk up its body,
raising both its Attack and Defense stats.",A TM that teaches Bulk Up.,"The user tenses its muscles to bulk up its body,
raising both its Attack and Defense stats."
tm08/sword-shield,flavor_text,"The target is attacked with a powerful beam.
The user can’t move on the next turn.",A TM that teaches Hyper Beam.,"The target is attacked with a powerful beam.
The user can’t move on the next turn."
tm08/ultra-sun-ultra-moon,flavor_text,"The user tenses its muscles to bulk up its body,
raising both its Attack and Defense stats.",A TM that teaches Bulk Up.,"The user tenses its muscles to bulk up its body,
raising both its Attack and Defense stats."
tm08/x-y,flavor_text,"The user tenses its muscles to bulk up
its body, raising both its Attack and
Defense stats.",A TM that teaches Bulk Up.,"The user tenses its muscles to bulk up
its body, raising both its Attack and
Defense stats."
tm09/black-2-white-2,flavor_text,"The user drenches the target in a
special poisonous liquid. Its power
is doubled if the target is poisoned.",A Technical Machine that teaches the move Venoshock.,"The user drenches the target in a
special poisonous liquid. Its power
is doubled if the target is poisoned."
tm09/black-white,flavor_text,"The user drenches the target in a
special poisonous liquid. Its power
is doubled if the target is poisoned.",A Technical Machine that teaches the move Venoshock.,"The user drenches the target in a
special poisonous liquid. Its power
is doubled if the target is poisoned."
tm09/emerald,flavor_text,"Shoots 2 to 5 seeds
in a row to strike
the foe.",A Technical Machine that teaches the move Bullet Seed.,"Shoots 2 to 5 seeds
in a row to strike
the foe."
tm09/ruby-sapphire,flavor_text,"Shoots 2 to 5 seeds
in a row to strike
the foe.",A Technical Machine that teaches the move Bullet Seed.,"Shoots 2 to 5 seeds
in a row to strike
the foe."
tm14/ruby-sapphire,flavor_text,"A vicious snow-and-
wind attack that
may freeze the foe.",A TM that teaches Blizzard.,"A vicious snow-and-
wind attack that
may freeze the foe."
tm14/sword-shield,flavor_text,"The user launches a weak jolt of electricity that
paralyzes the target.",A TM that teaches Thunder Wave.,"The user launches a weak jolt of electricity that
paralyzes the target."
tm17/diamond-pearl,flavor_text,"It enables the user to evade all
attacks. Its chance of failing rises
if it is used in succession.",A Technical Machine that teaches Protect.,"It enables the user to evade all
attacks. Its chance of failing rises
if it is used in succession."
tm17/emerald,flavor_text,"Negates all damage,
but may fail if used
in succession.",A Technical Machine that teaches Protect.,"Negates all damage,
but may fail if used
in succession."
tm17/heartgold-soulsilver,flavor_text,"It enables the user to evade all
attacks. Its chance of failing rises
if it is used in succession.",A Technical Machine that teaches Protect.,"It enables the user to evade all
attacks. Its chance of failing rises
if it is used in succession."
tm17/platinum,flavor_text,"It enables the user to evade all
attacks. Its chance of failing rises
if it is used in succession.",A Technical Machine that teaches Protect.,"It enables the user to evade all
attacks. Its chance of failing rises
if it is used in succession."
tm17/ruby-sapphire,flavor_text,"Negates all damage,
but may fail if used
in succession.",A Technical Machine that teaches Protect.,"Negates all damage,
but may fail if used
in succession."
tm17/sword-shield,flavor_text,"A wondrous wall of light is put up to reduce damage
from special attacks for five turns.",A Technical Machine that teaches Light Screen.,"A wondrous wall of light is put up to reduce damage
from special attacks for five turns."
tm18/diamond-pearl,flavor_text,"The user summons a heavy rain that
falls for five turns, powering up
Water-type moves.",A TM that teaches Rain Dance.,"The user summons a heavy rain that
falls for five turns, powering up
Water-type moves."
tm18/emerald,flavor_text,"Raises the power of
WATER-type moves
for 5 turns.",A TM that teaches Rain Dance.,"Raises the power of
WATER-type moves
for 5 turns."
tm18/platinum,flavor_text,"The user summons a heavy rain that
falls for five turns, powering up
Water-type moves.",A TM that teaches Rain Dance.,"The user summons a heavy rain that
falls for five turns, powering up
Water-type moves."
tm18/ruby-sapphire,flavor_text,"Raises the power of
WATER-type moves
for 5 turns.",A TM that teaches Rain Dance.,"Raises the power of
WATER-type moves
for 5 turns."
tm18/sword-shield,flavor_text,"A wondrous wall of light is put up to reduce damage
from physical attacks for five turns.",A TM that teaches Reflect.,"A wondrous wall of light is put up to reduce damage
from physical attacks for five turns."
tm23/black-white,flavor_text,"The user throws a stone or projectile
to attack an opponent. A flying Pokémon
will fall to the ground when it’s hit.",A Technical Machine that teaches Smack Down.,"The user throws a stone or projectile
to attack an opponent. A flying Pokémon
will fall to the ground when it’s hit."
tm23/sword-shield,flavor_text,"The user attacks and steals the target’s held item
simultaneously. The user can’t steal anything if it
already holds an item.",A Technical Machine that teaches Thief.,"The user attacks and steals the target’s held item
simultaneously. The user can’t steal anything if it
already holds an item."
tm25/emerald,flavor_text,"Strikes the foe
with a thunderbolt.
It may paralyze.",A TM that teaches Thunder.,"Strikes the foe
with a thunderbolt.
It may paralyze."
tm25/ruby-sapphire,flavor_text,"Strikes the foe
with a thunderbolt.
It may paralyze.",A TM that teaches Thunder.,"Strikes the foe
with a thunderbolt.
It may paralyze."
tm25/sword-shield,flavor_text,"This move enables the user to protect itself from
all attacks. Its chance of failing rises if it is used
in succession.",A TM that teaches Protect.,"This move enables the user to protect itself from
all attacks. Its chance of failing rises if it is used
in succession."
tm26/sword-shield,flavor_text,"The user frightens the target with a scary face to
harshly lower its Speed stat.",A TM that teaches the move Scary Face.,"The user frightens the target with a scary face to
harshly lower its Speed stat."
tm36/emerald,flavor_text,"Hurls sludge at the
foe. It may poison
the foe.",A TM that teaches Sludge Bomb.,"Hurls sludge at the
foe. It may poison
the foe."
tm36/ruby-sapphire,flavor_text,"Hurls sludge at the
foe. It may poison
the foe.",A TM that teaches Sludge Bomb.,"Hurls sludge at the
foe. It may poison
the foe."
tm36/sword-shield,flavor_text,"The user traps the target in a violent swirling
whirlpool for four to five turns.",A TM that teaches Whirlpool.,"The user traps the target in a violent swirling
whirlpool for four to five turns."
tm38/lets-go-pikachu-lets-go-eevee,flavor_text,"A wicked thunderbolt is dropped on the target to
inflict damage. This may also leave the target
with paralysis.",A TM that teaches Thunder.,"A wicked thunderbolt is dropped on the target to
inflict damage. This may also leave the target
with paralysis."
tm38/sword-shield,flavor_text,"The user shoots a sinister flame at the target to inflict
a burn.",A TM that teaches Will-O-Wisp.,"The user shoots a sinister flame at the target to inflict
a burn."
tm41/diamond-pearl,flavor_text,"The user torments and enrages the
foe, making it incapable of using the
same move twice in a row.",A TM that teaches Torment.,"The user torments and enrages the
foe, making it incapable of using the
same move twice in a row."
tm41/emerald,flavor_text,"Prevents the foe
from using the same
move in a row.",A TM that teaches Torment.,"Prevents the foe
from using the same
move in a row."
tm41/platinum,flavor_text,"The user torments and enrages the
foe, making it incapable of using the
same move twice in a row.",A TM that teaches Torment.,"The user torments and enrages the
foe, making it incapable of using the
same move twice in a row."
tm41/ruby-sapphire,flavor_text,"Prevents the foe
from using the same
move in a row.",A TM that teaches Torment.,"Prevents the foe
from using the same
move in a row."
tm41/sword-shield,flavor_text,"The user assists an ally by boosting the power of
that ally’s attack.",A TM that teaches Helping Hand.,"The user assists an ally by boosting the power of
that ally’s attack."
tm44/diamond-pearl,flavor_text,"The user goes to sleep for two
turns. It fully restores the user’s HP
and heals any status problem.",A TM that teaches Rest.,"The user goes to sleep for two
turns. It fully restores the user’s HP
and heals any status problem."
tm44/emerald,flavor_text,"The user sleeps for
2 turns to restore
health and status.",A TM that teaches Rest.,"The user sleeps for
2 turns to restore
health and status."
tm44/platinum,flavor_text,"The user goes to sleep for two
turns. It fully restores the user’s HP
and heals any status problem.",A TM that teaches Rest.,"The user goes to sleep for two
turns. It fully restores the user’s HP
and heals any status problem."
tm44/ruby-sapphire,flavor_text,"The user sleeps for
2 turns to restore
health and status.",A TM that teaches Rest.,"The user sleeps for
2 turns to restore
health and status."
tm44/sun-moon,flavor_text,"The user goes to sleep for two turns. This fully
restores the user’s HP and heals any
status conditions.",A TM that teaches Rest.,"The user goes to sleep for two turns. This fully
restores the user’s HP and heals any
status conditions."
tm44/sword-shield,flavor_text,"If opposing Pokémon know any move also known by
the user, they are prevented from using it.",A TM that teaches Imprison.,"If opposing Pokémon know any move also known by
the user, they are prevented from using it."
tm44/ultra-sun-ultra-moon,flavor_text,"The user goes to sleep for two turns. This fully
restores the user’s HP and heals any
status conditions.",A TM that teaches Rest.,"The user goes to sleep for two turns. This fully
restores the user’s HP and heals any
status conditions."
tm50/emerald,flavor_text,"Enables full-power
attack, but sharply
lowers SP. ATK.",A TM that teaches the move Overheat.,"Enables full-power
attack, but sharply
lowers SP. ATK."
tm50/ruby-sapphire,flavor_text,"Enables full-power
attack, but sharply
lowers SP. ATK.",A TM that teaches the move Overheat.,"Enables full-power
attack, but sharply
lowers SP. ATK."
tm50/sword-shield,flavor_text,"The user forcefully shoots seeds at the target two
to five times in a row.",A TM that teaches the move Bullet Seed.,"The user forcefully shoots seeds at the target two
to five times in a row."
tm51/black-2-white-2,flavor_text,"The user teleports using a strange
power and switches its place with one of
its allies.",A TM that teaches the move Ally Switch.,"The user teleports using a strange
power and switches its place with one of
its allies."
tm51/black-white,flavor_text,"The user teleports using a strange
power and switches its place with one of
its allies.",A TM that teaches the move Ally Switch.,"The user teleports using a strange
power and switches its place with one of
its allies."
tm51/diamond-pearl,flavor_text,"The user lands and rests its body.
It restores the user’s HP by up to
half of its top HP.",A TM that teaches the move Roost.,"The user lands and rests its body.
It restores the user’s HP by up to
half of its top HP."
tm51/lets-go-pikachu-lets-go-eevee,flavor_text,"A howling blizzard is summoned to strike opposing
Pokémon. This may also leave the opposing
Pokémon frozen.",A TM that teaches the move Blizzard.,"A howling blizzard is summoned to strike opposing
Pokémon. This may also leave the opposing
Pokémon frozen."
tm51/platinum,flavor_text,"The user lands and rests its body.
It restores the user’s HP by up to
half of its max HP.",A TM that teaches the move Roost.,"The user lands and rests its body.
It restores the user’s HP by up to
half of its max HP."
tm51/sun-moon,flavor_text,"The target is hit with wings of steel. This may also
raise the user’s Defense stat.",A TM that teaches the move Steel Wing.,"The target is hit with wings of steel. This may also
raise the user’s Defense stat."
tm51/sword-shield,flavor_text,"The user launches sharp icicles at the target two to
five times in a row.",A TM that teaches the move Icicle Spear.,"The user launches sharp icicles at the target two to
five times in a row."
tm51/ultra-sun-ultra-moon,flavor_text,"The target is hit with wings of steel. This may also
raise the user’s Defense stat.",A TM that teaches the move Steel Wing.,"The target is hit with wings of steel. This may also
raise the user’s Defense stat."
tm51/x-y,flavor_text,"The target is hit with wings of steel.
This may also raise the user’s Defense stat.",A TM that teaches the move Steel Wing.,"The target is hit with wings of steel.
This may also raise the user’s Defense stat."
tm53/diamond-pearl,flavor_text,"The user draws power from nature and
fires it at the foe. It may also lower
the target’s Sp. Def.",A Technical Machine that teaches the move Energy Ball.,"The user draws power from nature and
fires it at the foe. It may also lower
the target’s Sp. Def."
tm53/platinum,flavor_text,"The user draws power from nature and
fires it at the foe. It may also lower
the target’s Sp. Def.",A Technical Machine that teaches the move Energy Ball.,"The user draws power from nature and
fires it at the foe. It may also lower
the target’s Sp. Def."
tm53/sword-shield,flavor_text,"The user attacks by hurling a blob of mud at the
target. This also lowers the target’s Speed stat.",A Technical Machine that teaches the move Mud Shot.,"The user attacks by hurling a blob of mud at the
target. This also lowers the target’s Speed stat."
tm55/black-2-white-2,flavor_text,"The user shoots boiling hot water at
its target. It may also leave the
target with a burn.",A Technical Machine that teaches Scald.,"The user shoots boiling hot water at
its target. It may also leave the
target with a burn."
tm55/black-white,flavor_text,"The user shoots boiling hot water at
its target. It may also leave the
target with a burn.",A Technical Machine that teaches Scald.,"The user shoots boiling hot water at
its target. It may also leave the
target with a burn."
tm55/diamond-pearl,flavor_text,"If the foe’s HP is down to under half,
this attack will hit with double the
power.",A Technical Machine that teaches Brine.,"If the foe’s HP is down to under half,
this attack will hit with double the
power."
tm55/lets-go-pikachu-lets-go-eevee,flavor_text,"The target is struck with an icy-cold beam of energy.
This may also leave the target frozen.",A Technical Machine that teaches Ice Beam.,"The target is struck with an icy-cold beam of energy.
This may also leave the target frozen."
tm55/platinum,flavor_text,"If the foe’s HP is down to under half,
this attack will hit with double the
power.",A Technical Machine that teaches Brine.,"If the foe’s HP is down to under half,
this attack will hit with double the
power."
tm55/sun-moon,flavor_text,"The user shoots boiling hot water at its target.
This may also leave the target with a burn.",A Technical Machine that teaches Scald.,"The user shoots boiling hot water at its target.
This may also leave the target with a burn."
tm55/sword-shield,flavor_text,"If the target’s HP is half or less, this attack will hit
with double the power.",A Technical Machine that teaches Brine.,"If the target’s HP is half or less, this attack will hit
with double the power."
tm55/ultra-sun-ultra-moon,flavor_text,"The user shoots boiling hot water at its target.
This may also leave the target with a burn.",A Technical Machine that teaches Scald.,"The user shoots boiling hot water at its target.
This may also leave the target with a burn."
tm55/x-y,flavor_text,"The user shoots boiling hot water at
its target. This may also leave the
target with a burn.",A Technical Machine that teaches Scald.,"The user shoots boiling hot water at
its target. This may also leave the
target with a burn."
tm56/black-2-white-2,flavor_text,"The user flings its held item at the
target as an attack. Its power and
effects depend on the item.",A Technical Machine that teaches the move Fling.,"The user flings its held item at the
target as an attack. Its power and
effects depend on the item."
tm56/black-white,flavor_text,"The user flings its held item at the
target as an attack. Its power and
effects depend on the item.",A Technical Machine that teaches the move Fling.,"The user flings its held item at the
target as an attack. Its power and
effects depend on the item."
tm56/diamond-pearl,flavor_text,"The user flings its held item at the
foe to attack. Its power and effects
depend on the item.",A Technical Machine that teaches the move Fling.,"The user flings its held item at the
foe to attack. Its power and effects
depend on the item."
tm56/lets-go-pikachu-lets-go-eevee,flavor_text,"The user lays a trap of levitating stones around the
opposing team. The trap hurts opposing Pokémon
that switch into battle.",A Technical Machine that teaches the move Stealth Rock.,"The user lays a trap of levitating stones around the
opposing team. The trap hurts opposing Pokémon
that switch into battle."
tm56/platinum,flavor_text,"The user flings its held item at the
foe to attack. Its power and effects
depend on the item.",A Technical Machine that teaches the move Fling.,"The user flings its held item at the
foe to attack. Its power and effects
depend on the item."
tm56/sun-moon,flavor_text,"The user flings its held item at the target to attack.
This move’s power and effects depend on the item.",A Technical Machine that teaches the move Fling.,"The user flings its held item at the target to attack.
This move’s power and effects depend on the item."
tm56/sword-shield,flavor_text,"After making its attack, the user rushes back to
switch places with a party Pokémon in waiting.",A Technical Machine that teaches the move U-turn.,"After making its attack, the user rushes back to
switch places with a party Pokémon in waiting."
tm56/ultra-sun-ultra-moon,flavor_text,"The user flings its held item at the target to attack.
This move’s power and effects depend on the item.",A Technical Machine that teaches the move Fling.,"The user flings its held item at the target to attack.
This move’s power and effects depend on the item."
tm56/x-y,flavor_text,"The user flings its held item at the target
to attack. This move’s power and effects
depend on the item.",A Technical Machine that teaches the move Fling.,"The user flings its held item at the target
to attack. This move’s power and effects
depend on the item."
tm60/black-2-white-2,flavor_text,"The user suppresses the target and
makes its move go last.",A Technical Machine that teaches Quash.,"The user suppresses the target and
makes its move go last."
tm60/black-white,flavor_text,"The user suppresses the target and
makes its move go last.",A Technical Machine that teaches Quash.,"The user suppresses the target and
makes its move go last."
tm60/diamond-pearl,flavor_text,"An energy-draining punch. The user’s
HP is restored by half the damage
taken by the target.",A Technical Machine that teaches Drain Punch.,"An energy-draining punch. The user’s
HP is restored by half the damage
taken by the target."
tm60/lets-go-pikachu-lets-go-eevee,flavor_text,"Using its tough and impressive horn, the user rams
into the target with no letup.",A Technical Machine that teaches Megahorn.,"Using its tough and impressive horn, the user rams
into the target with no letup."
tm60/platinum,flavor_text,"An energy-draining punch. The user’s
HP is restored by half the damage
taken by the target.",A Technical Machine that teaches Drain Punch.,"An energy-draining punch. The user’s
HP is restored by half the damage
taken by the target."
tm60/sun-moon,flavor_text,"The user suppresses the target and makes its
move go last.",A Technical Machine that teaches Quash.,"The user suppresses the target and makes its
move go last."
tm60/sword-shield,flavor_text,"The user employs its psychic power to switch
changes to its Attack and Sp. Atk stats with
the target.",A Technical Machine that teaches Power Swap.,"The user employs its psychic power to switch
changes to its Attack and Sp. Atk stats with
the target."
tm60/ultra-sun-ultra-moon,flavor_text,"The user suppresses the target and makes its
move go last.",A Technical Machine that teaches Quash.,"The user suppresses the target and makes its
move go last."
tm60/x-y,flavor_text,"The user suppresses the target and
makes its move go last.",A Technical Machine that teaches Quash.,"The user suppresses the target and
makes its move go last."
tm67/black-2-white-2,flavor_text,"The user gets revenge for a fainted
ally. If an ally fainted in the previous
turn, this attack’s damage increases.",A Technical Machine that teaches Retaliate.,"The user gets revenge for a fainted
ally. If an ally fainted in the previous
turn, this attack’s damage increases."
tm67/black-white,flavor_text,"The user gets revenge for a fainted
ally. If an ally fainted in the previous
turn, this attack’s damage increases.",A Technical Machine that teaches Retaliate.,"The user gets revenge for a fainted
ally. If an ally fainted in the previous
turn, this attack’s damage increases."
tm67/diamond-pearl,flavor_text,"The user recycles a single-use item
that has been used in battle so it can
be used again.",A Technical Machine that teaches Recycle.,"The user recycles a single-use item
that has been used in battle so it can
be used again."
tm67/platinum,flavor_text,"The user recycles a single-use item
that has been used in battle so it can
be used again.",A Technical Machine that teaches Recycle.,"The user recycles a single-use item
that has been used in battle so it can
be used again."
tm67/sun-moon,flavor_text,"The user stabs the target with a sharp horn.
The attack never misses.",A Technical Machine that teaches Smart Strike.,"The user stabs the target with a sharp horn.
The attack never misses."
tm67/sword-shield,flavor_text,"The user bites with cold-infused fangs. This may
also make the target flinch or leave it frozen.",A Technical Machine that teaches Ice Fang.,"The user bites with cold-infused fangs. This may
also make the target flinch or leave it frozen."
tm67/ultra-sun-ultra-moon,flavor_text,"The user stabs the target with a sharp horn.
The attack never misses.",A Technical Machine that teaches Smart Strike.,"The user stabs the target with a sharp horn.
The attack never misses."
tm69/black-2-white-2,flavor_text,"The user polishes its body to reduce
drag. It sharply raises the Speed
stat.",A Technical Machine that teaches Rock Polish.,"The user polishes its body to reduce
drag. It sharply raises the Speed
stat."
tm69/black-white,flavor_text,"The user polishes its body to reduce
drag. It sharply raises the Speed
stat.",A Technical Machine that teaches Rock Polish.,"The user polishes its body to reduce
drag. It sharply raises the Speed
stat."
tm69/diamond-pearl,flavor_text,"The user polishes its body to reduce
drag. It sharply raises the Speed
stat.",A Technical Machine that teaches Rock Polish.,"The user polishes its body to reduce
drag. It sharply raises the Speed
stat."
tm69/heartgold-soulsilver,flavor_text,"The user polishes its body to reduce
drag. It sharply raises the Speed
stat.",A Technical Machine that teaches Rock Polish.,"The user polishes its body to reduce
drag. It sharply raises the Speed
stat."
tm69/platinum,flavor_text,"The user polishes its body to reduce
drag. It sharply raises the Speed
stat.",A Technical Machine that teaches Rock Polish.,"The user polishes its body to reduce
drag. It sharply raises the Speed
stat."
tm69/sun-moon,flavor_text,"The user polishes its body to reduce drag.
This can sharply raise the Speed stat.",A Technical Machine that teaches Rock Polish.,"The user polishes its body to reduce drag.
This can sharply raise the Speed stat."
tm69/sword-shield,flavor_text,"The user tears at the target with blades formed by
psychic power. Critical hits land more easily.",A Technical Machine that teaches Psycho Cut.,"The user tears at the target with blades formed by
psychic power. Critical hits land more easily."
tm69/ultra-sun-ultra-moon,flavor_text,"The user polishes its body to reduce drag.
This can sharply raise the Speed stat.",A Technical Machine that teaches Rock Polish.,"The user polishes its body to reduce drag.
This can sharply raise the Speed stat."
tm69/x-y,flavor_text,"The user polishes its body to reduce drag.
This can sharply raise the Speed stat.",A Technical Machine that teaches Rock Polish.,"The user polishes its body to reduce drag.
This can sharply raise the Speed stat."
tm71/black-2-white-2,flavor_text,"The user stabs the foe with
sharpened stones from below.
It has a high critical-hit ratio.",A Technical Machine that teaches Stone Edge.,"The user stabs the foe with
sharpened stones from below.
It has a high critical-hit ratio."
tm71/black-white,flavor_text,"The user stabs the foe with
sharpened stones from below.
It has a high critical-hit ratio.",A Technical Machine that teaches Stone Edge.,"The user stabs the foe with
sharpened stones from below.
It has a high critical-hit ratio."
tm71/diamond-pearl,flavor_text,"The user stabs the foe with a
sharpened stone from below. It has
a high critical-hit ratio.",A Technical Machine that teaches Stone Edge.,"The user stabs the foe with a
sharpened stone from below. It has
a high critical-hit ratio."
tm71/platinum,flavor_text,"The user stabs the foe with a
sharpened stone from below. It has
a high critical-hit ratio.",A Technical Machine that teaches Stone Edge.,"The user stabs the foe with a
sharpened stone from below. It has
a high critical-hit ratio."
tm71/sun-moon,flavor_text,"The user stabs the target from below with
sharpened stones. Critical hits land more easily.",A Technical Machine that teaches Stone Edge.,"The user stabs the target from below with
sharpened stones. Critical hits land more easily."
tm71/sword-shield,flavor_text,"The user creates a bizarre area in which Pokémon’s
Defense and Sp. Def stats are swapped for
five turns.",A Technical Machine that teaches Wonder Room.,"The user creates a bizarre area in which Pokémon’s
Defense and Sp. Def stats are swapped for
five turns."
tm71/ultra-sun-ultra-moon,flavor_text,"The user stabs the target from below with
sharpened stones. Critical hits land more easily.",A Technical Machine that teaches Stone Edge.,"The user stabs the target from below with
sharpened stones. Critical hits land more easily."
tm71/x-y,flavor_text,"The user stabs the target with
sharpened stones from below.
Critical hits land more easily.",A Technical Machine that teaches Stone Edge.,"The user stabs the target with
sharpened stones from below.
Critical hits land more easily."
tm72/black-2-white-2,flavor_text,"After making its attack, the user
rushes back to switch places with
a party Pokémon in waiting.",A Technical Machine that teaches Volt Switch.,"After making its attack, the user
rushes back to switch places with
a party Pokémon in waiting."
tm72/black-white,flavor_text,"After making its attack, the user
rushes back to switch places with
a party Pokémon in waiting.",A Technical Machine that teaches Volt Switch.,"After making its attack, the user
rushes back to switch places with
a party Pokémon in waiting."
tm72/diamond-pearl,flavor_text,"An attack move that inflicts double
the damage if the user has been hurt
by the foe in the same turn.",A Technical Machine that teaches Avalanche.,"An attack move that inflicts double
the damage if the user has been hurt
by the foe in the same turn."
tm72/platinum,flavor_text,"An attack move that inflicts double
the damage if the user has been hurt
by the foe in the same turn.",A Technical Machine that teaches Avalanche.,"An attack move that inflicts double
the damage if the user has been hurt
by the foe in the same turn."
tm72/sword-shield,flavor_text,"The user creates a bizarre area in which Pokémon’s
held items lose their effects for five turns.",A Technical Machine that teaches Magic Room.,"The user creates a bizarre area in which Pokémon’s
held items lose their effects for five turns."
tm73/diamond-pearl,flavor_text,"A weak electric charge is launched
at the foe. It causes paralysis if it
hits.",A Technical Machine that teaches Thunder Wave.,"A weak electric charge is launched
at the foe. It causes paralysis if it
hits."
tm73/platinum,flavor_text,"A weak electric charge is launched
at the foe. It causes paralysis if it
hits.",A Technical Machine that teaches Thunder Wave.,"A weak electric charge is launched
at the foe. It causes paralysis if it
hits."
tm73/sword-shield,flavor_text,"A slashing attack with a poisonous blade that may
also poison the target. Critical hits land more easily.",A Technical Machine that teaches Cross Poison.,"A slashing attack with a poisonous blade that may
also poison the target. Critical hits land more easily."
tm77/diamond-pearl,flavor_text,"The user hypnotizes itself into
copying any stat change made
by the foe.",A TM that teaches the move Psych Up.,"The user hypnotizes itself into
copying any stat change made
by the foe."
tm77/platinum,flavor_text,"The user hypnotizes itself into
copying any stat change made
by the foe.",A TM that teaches the move Psych Up.,"The user hypnotizes itself into
copying any stat change made
by the foe."
tm77/sword-shield,flavor_text,"This relentless attack does massive damage to a
target affected by status conditions.",A TM that teaches the move Hex.,"This relentless attack does massive damage to a
target affected by status conditions."
tm80/black-2-white-2,flavor_text,"Large boulders are hurled at the
opposing team to inflict damage. They
may also make the targets flinch.",A TM that teaches the move Rock Slide.,"Large boulders are hurled at the
opposing team to inflict damage. They
may also make the targets flinch."
tm80/black-white,flavor_text,"Large boulders are hurled at the
opposing team to inflict damage. They
may also make the targets flinch.",A TM that teaches the move Rock Slide.,"Large boulders are hurled at the
opposing team to inflict damage. They
may also make the targets flinch."
tm80/diamond-pearl,flavor_text,"Large boulders are hurled at the foe
to inflict damage. It may also make the
target flinch.",A TM that teaches the move Rock Slide.,"Large boulders are hurled at the foe
to inflict damage. It may also make the
target flinch."
tm80/platinum,flavor_text,"Large boulders are hurled at the foe
to inflict damage. It may also make the
target flinch.",A TM that teaches the move Rock Slide.,"Large boulders are hurled at the foe
to inflict damage. It may also make the
target flinch."
tm80/sun-moon,flavor_text,"Large boulders are hurled at the opposing Pokémon
to inflict damage. This may also make the opposing
Pokémon flinch.",A TM that teaches the move Rock Slide.,"Large boulders are hurled at the opposing Pokémon
to inflict damage. This may also make the opposing
Pokémon flinch."
tm80/sword-shield,flavor_text,"After making its attack, the user rushes back to
switch places with a party Pokémon in waiting.",A TM that teaches the move Volt Switch.,"After making its attack, the user rushes back to
switch places with a party Pokémon in waiting."
tm80/ultra-sun-ultra-moon,flavor_text,"Large boulders are hurled at the opposing Pokémon
to inflict damage. This may also make the opposing
Pokémon flinch.",A TM that teaches the move Rock Slide.,"Large boulders are hurled at the opposing Pokémon
to inflict damage. This may also make the opposing
Pokémon flinch."
tm80/x-y,flavor_text,"Large boulders are hurled at the opposing
Pokémon to inflict damage. This may also
make the opposing Pokémon flinch.",A TM that teaches the move Rock Slide.,"Large boulders are hurled at the opposing
Pokémon to inflict damage. This may also
make the opposing Pokémon flinch."
tm82/black-2-white-2,flavor_text,"The user knocks away the target and
drags out another Pokémon in its party.
In the wild, the battle ends.",A Technical Machine that teaches Dragon Tail.,"The user knocks away the target and
drags out another Pokémon in its party.
In the wild, the battle ends."
tm82/black-white,flavor_text,"The user knocks away the target and
drags out another Pokémon in its party.
In the wild, the battle ends.",A Technical Machine that teaches Dragon Tail.,"The user knocks away the target and
drags out another Pokémon in its party.
In the wild, the battle ends."
tm82/diamond-pearl,flavor_text,"While it is asleep, the user
randomly uses one of the moves
it knows.",A Technical Machine that teaches Sleep Talk.,"While it is asleep, the user
randomly uses one of the moves
it knows."
tm82/platinum,flavor_text,"While it is asleep, the user
randomly uses one of the moves
it knows.",A Technical Machine that teaches Sleep Talk.,"While it is asleep, the user
randomly uses one of the moves
it knows."
tm82/sword-shield,flavor_text,"The user attacks and captures opposing Pokémon
using an electric net. This lowers their Speed stats.",A Technical Machine that teaches Electroweb.,"The user attacks and captures opposing Pokémon
using an electric net. This lowers their Speed stats."
tm83/black-2-white-2,flavor_text,"The user is roused, and its Attack
and Sp. Atk stats increase.",Teaches Work Up to a compatible Pokémon.,"The user is roused, and its Attack
and Sp. Atk stats increase."
tm83/black-white,flavor_text,"The user is roused, and its Attack
and Sp. Atk stats increase.",Teaches Work Up to a compatible Pokémon.,"The user is roused, and its Attack
and Sp. Atk stats increase."
tm83/diamond-pearl,flavor_text,"The user draws power from the Berry
it is holding to attack. The Berry
determines its type and power.",Teaches Natural Gift to a compatible Pokémon.,"The user draws power from the Berry
it is holding to attack. The Berry
determines its type and power."
tm83/platinum,flavor_text,"The user draws power from the Berry
it is holding to attack. The Berry
determines its type and power.",Teaches Natural Gift to a compatible Pokémon.,"The user draws power from the Berry
it is holding to attack. The Berry
determines its type and power."
tm83/sun-moon,flavor_text,"The target is infested and attacked for four to five
turns. The target can’t flee during this time.",Teaches Infestation to a compatible Pokémon.,"The target is infested and attacked for four to five
turns. The target can’t flee during this time."
tm83/sword-shield,flavor_text,"The user cuts its target with sharp shells. This may
also lower the target’s Defense stat.",Teaches Razor Shell to a compatible Pokémon.,"The user cuts its target with sharp shells. This may
also lower the target’s Defense stat."
tm83/ultra-sun-ultra-moon,flavor_text,"The target is infested and attacked for four to five
turns. The target can’t flee during this time.",Teaches Infestation to a compatible Pokémon.,"The target is infested and attacked for four to five
turns. The target can’t flee during this time."
tm83/x-y,flavor_text,"The target is infested and attacked
for four to five turns.
The target can’t flee during this time.",Teaches Infestation to a compatible Pokémon.,"The target is infested and attacked
for four to five turns.
The target can’t flee during this time."
tm87/diamond-pearl,flavor_text,"The user enrages the foe into
confusion. However, it also sharply
raises the foe’s Attack stat.",A Technical Machine that teaches the move Swagger.,"The user enrages the foe into
confusion. However, it also sharply
raises the foe’s Attack stat."
tm87/platinum,flavor_text,"The user enrages the foe into
confusion. However, it also sharply
raises the foe’s Attack stat.",A Technical Machine that teaches the move Swagger.,"The user enrages the foe into
confusion. However, it also sharply
raises the foe’s Attack stat."
tm87/sword-shield,flavor_text,"The user steals the target’s HP with a kiss. The
user’s HP is restored by over half of the damage
taken by the target.",A Technical Machine that teaches the move Draining Kiss.,"The user steals the target’s HP with a kiss. The
user’s HP is restored by over half of the damage
taken by the target."
tm88/diamond-pearl,flavor_text,"The user pecks the foe. If the foe is
holding a Berry, the user plucks it and
gains its effect.",A Technical Machine that teaches Pluck.,"The user pecks the foe. If the foe is
holding a Berry, the user plucks it and
gains its effect."
tm88/platinum,flavor_text,"The user pecks the foe. If the foe is
holding a Berry, the user plucks it and
gains its effect.",A Technical Machine that teaches Pluck.,"The user pecks the foe. If the foe is
holding a Berry, the user plucks it and
gains its effect."
tm88/sword-shield,flavor_text,"The user turns the ground to grass for five turns.
This restores the HP of Pokémon on the ground a
little every turn and powers up Grass-type moves.",A Technical Machine that teaches Grassy Terrain.,"The user turns the ground to grass for five turns.
This restores the HP of Pokémon on the ground a
little every turn and powers up Grass-type moves."
tm88/x-y,flavor_text,"While it is asleep, the user randomly uses
one of the moves it knows.",A Technical Machine that teaches Sleep Talk.,"While it is asleep, the user randomly uses
one of the moves it knows."
tm90/diamond-pearl,flavor_text,"The user makes a copy of itself using
some of its HP. The copy serves as
the user’s decoy.",A TM that teaches the move Substitute.,"The user makes a copy of itself using
some of its HP. The copy serves as
the user’s decoy."
tm90/platinum,flavor_text,"The user makes a copy of itself using
some of its HP. The copy serves as
the user’s decoy.",A TM that teaches the move Substitute.,"The user makes a copy of itself using
some of its HP. The copy serves as
the user’s decoy."
tm90/sword-shield,flavor_text,"The user electrifies the ground for five turns,
powering up Electric-type moves. Pokémon on the
ground no longer fall asleep.",A TM that teaches the move Electric Terrain.,"The user electrifies the ground for five turns,
powering up Electric-type moves. Pokémon on the
ground no longer fall asleep."
tm91/diamond-pearl,flavor_text,"The user gathers all its light energy
and releases it in one shot. It may
also lower the foe’s Sp. Def stat.",A TM that teaches the move Flash Cannon.,"The user gathers all its light energy
and releases it in one shot. It may
also lower the foe’s Sp. Def stat."
tm91/platinum,flavor_text,"The user gathers all its light energy
and releases it in one shot. It may
also lower the foe’s Sp. Def stat.",A TM that teaches the move Flash Cannon.,"The user gathers all its light energy
and releases it in one shot. It may
also lower the foe’s Sp. Def stat."
tm91/sword-shield,flavor_text,"This protects Pokémon on the ground from priority
moves and powers up Psychic-type moves for
five turns.",A TM that teaches the move Psychic Terrain.,"This protects Pokémon on the ground from priority
moves and powers up Psychic-type moves for
five turns."
tm92/black-2-white-2,flavor_text,"The user creates a bizarre space in
which slower Pokémon get to move
first for five turns.",A Technical Machine that teaches Trick Room.,"The user creates a bizarre space in
which slower Pokémon get to move
first for five turns."
tm92/black-white,flavor_text,"The user creates a bizarre space in
which slower Pokémon get to move
first for five turns.",A Technical Machine that teaches Trick Room.,"The user creates a bizarre space in
which slower Pokémon get to move
first for five turns."
tm92/diamond-pearl,flavor_text,"The user creates a bizarre space in
which slower Pokémon get to move
first for five turns.",A Technical Machine that teaches Trick Room.,"The user creates a bizarre space in
which slower Pokémon get to move
first for five turns."
tm92/heartgold-soulsilver,flavor_text,"The user creates a bizarre space in
which slower Pokémon get to move
first for five turns.",A Technical Machine that teaches Trick Room.,"The user creates a bizarre space in
which slower Pokémon get to move
first for five turns."
tm92/platinum,flavor_text,"The user creates a bizarre space in
which slower Pokémon get to move
first for five turns.",A Technical Machine that teaches Trick Room.,"The user creates a bizarre space in
which slower Pokémon get to move
first for five turns."
tm92/sun-moon,flavor_text,"The user creates a bizarre area in which slower
Pokémon get to move first for five turns.",A Technical Machine that teaches Trick Room.,"The user creates a bizarre area in which slower
Pokémon get to move first for five turns."
tm92/sword-shield,flavor_text,"The user attacks by breathing a special, hot fire.
This also lowers the target’s Sp. Atk stat.",A Technical Machine that teaches Mystical Fire.,"The user attacks by breathing a special, hot fire.
This also lowers the target’s Sp. Atk stat."
tm92/ultra-sun-ultra-moon,flavor_text,"The user creates a bizarre area in which slower
Pokémon get to move first for five turns.",A Technical Machine that teaches Trick Room.,"The user creates a bizarre area in which slower
Pokémon get to move first for five turns."
tm92/x-y,flavor_text,"The user creates a bizarre area in
which slower Pokémon get to move
first for five turns.",A Technical Machine that teaches Trick Room.,"The user creates a bizarre area in
which slower Pokémon get to move
first for five turns."
tm93/black-white,flavor_text,"The user shrouds itself in electricity
and smashes into its target.
It also damages the user a little.",A TM that teaches the move Wild Charge.,"The user shrouds itself in electricity
and smashes into its target.
It also damages the user a little."
tm93/sword-shield,flavor_text,"The user’s body generates an eerie impulse.
Exposing the target to it harshly lowers the target’s
Sp. Atk stat.",A TM that teaches the move Eerie Impulse.,"The user’s body generates an eerie impulse.
Exposing the target to it harshly lowers the target’s
Sp. Atk stat."
tm94/black-white,flavor_text,"The user attacks with a punch that can
shatter a rock. It may also lower the
target’s Defense stat.",A TM that teaches the move Rock Smash.,"The user attacks with a punch that can
shatter a rock. It may also lower the
target’s Defense stat."
tm94/sun-moon,flavor_text,"The user attacks everything around it by swamping
its surroundings with a giant wave.",A TM that teaches the move Surf.,"The user attacks everything around it by swamping
its surroundings with a giant wave."
tm94/sword-shield,flavor_text,"A restrained attack that prevents the target from
fainting. The target is left with at least 1 HP.",A TM that teaches the move False Swipe.,"A restrained attack that prevents the target from
fainting. The target is left with at least 1 HP."
tm94/ultra-sun-ultra-moon,flavor_text,"The user attacks everything around it by swamping
its surroundings with a giant wave.",A TM that teaches the move Surf.,"The user attacks everything around it by swamping
its surroundings with a giant wave."
tm94/x-y,flavor_text,"The user attacks with a punch. This may
also lower the target’s Defense stat. This
move can also shatter rocks in the field.",A TM that teaches the move Rock Smash.,"The user attacks with a punch. This may
also lower the target’s Defense stat. This
move can also shatter rocks in the field."
tm95/black-white,flavor_text,"The user yells as if it is ranting about
something, making the target’s Sp. Atk
stat decrease.",A TM that teaches Snarl.,"The user yells as if it is ranting about
something, making the target’s Sp. Atk
stat decrease."
tm95/sun-moon,flavor_text,"The user yells as if it’s ranting about something,
which lowers the Sp. Atk stat of
opposing Pokémon.",A TM that teaches Snarl.,"The user yells as if it’s ranting about something,
which lowers the Sp. Atk stat of
opposing Pokémon."
tm95/sword-shield,flavor_text,"The user attacks with a blade of air that slices even
the sky. This may also make the target flinch.",A TM that teaches Air Slash.,"The user attacks with a blade of air that slices even
the sky. This may also make the target flinch."
tm95/ultra-sun-ultra-moon,flavor_text,"The user yells as if it’s ranting about something,
which lowers the Sp. Atk stat of
opposing Pokémon.",A TM that teaches Snarl.,"The user yells as if it’s ranting about something,
which lowers the Sp. Atk stat of
opposing Pokémon."
tm95/x-y,flavor_text,"The user yells as if it’s ranting about
something, which lowers the Sp. Atk stat
of opposing Pokémon.",A TM that teaches Snarl.,"The user yells as if it’s ranting about
something, which lowers the Sp. Atk stat
of opposing Pokémon."
tm100/sun-moon,flavor_text,"The user tells the target a secret, and the target
loses its ability to concentrate. This lowers the
target’s Sp. Atk stat.",A Technical Machine that teaches the move Confide.,"The user tells the target a secret, and the target
loses its ability to concentrate. This lowers the
target’s Sp. Atk stat."
tm100/ultra-sun-ultra-moon,flavor_text,"The user tells the target a secret, and the target
loses its ability to concentrate. This lowers the
target’s Sp. Atk stat.",A Technical Machine that teaches the move Confide.,"The user tells the target a secret, and the target
loses its ability to concentrate. This lowers the
target’s Sp. Atk stat."
tm100/x-y,flavor_text,"The user tells the target a secret, and
the target loses its ability to concentrate.
This lowers the target’s Sp. Atk stat.",A Technical Machine that teaches the move Confide.,"The user tells the target a secret, and
the target loses its ability to concentrate.
This lowers the target’s Sp. Atk stat."
tough-candy/lets-go-pikachu-lets-go-eevee,flavor_text,"A candy that is packed with energy. When given to
a Pokémon, it will increase that Pokémon’s Defense stat.","A candy that is packed with energy. When given to a Pokémon, it will increase that Pokémon's Defense.","A candy that is packed with energy. When given to
a Pokémon, it will increase that Pokémon’s Defense stat."
tough-candy/sword-shield,flavor_text,"A candy that is packed with energy. When given to
a Pokémon, it will increase that Pokémon’s Defense stat.","A candy that is packed with energy. When given to a Pokémon, it will increase that Pokémon's Defense.","A candy that is packed with energy. When given to
a Pokémon, it will increase that Pokémon’s Defense stat."
tough-candy-l/lets-go-pikachu-lets-go-eevee,flavor_text,"A big candy that is packed with energy. When given to
a Pokémon at Lv. 30 or higher, it will increase
that Pokémon’s Defense stat.","A big candy that is packed with energy. When given to a Pokémon Lv. 30 or higher, it will increase that Pokémon's Defense.","A big candy that is packed with energy. When given to
a Pokémon at Lv. 30 or higher, it will increase
that Pokémon’s Defense stat."
tough-candy-xl/lets-go-pikachu-lets-go-eevee,flavor_text,"A huge candy that is packed with energy. When given
to a Pokémon at Lv. 60 or higher, it will increase
that Pokémon’s Defense stat.","A huge candy that is packed with energy. When given to a Pokémon Lv. 60 or higher, it will increase that Pokémon's Defense.","A huge candy that is packed with energy. When given
to a Pokémon at Lv. 60 or higher, it will increase
that Pokémon’s Defense stat."
tough-candy-xl/sword-shield,flavor_text,"A huge candy that is packed with energy. When given
to a Pokémon at Lv. 60 or higher, it will increase
that Pokémon’s Defense stat.","A huge candy that is packed with energy. When given to a Pokémon Lv. 60 or higher, it will increase that Pokémon's Defense.","A huge candy that is packed with energy. When given
to a Pokémon at Lv. 60 or higher, it will increase
that Pokémon’s Defense stat."
tr01/sword-shield,flavor_text,"The user drops onto the target with its full body
weight. This may also leave the target with paralysis.","It teaches a compatible Pokémon a move, once only.","The user drops onto the target with its full body
weight. This may also leave the target with paralysis."
tr03/sword-shield,flavor_text,"The target is blasted by a huge volume of water
launched under great pressure.",A TR that teaches the move Hydro Pump.,"The target is blasted by a huge volume of water
launched under great pressure."
tr05/sword-shield,flavor_text,"The target is struck with an icy-cold beam of energy.
This may also leave the target frozen.",It teaches a compatible Pokémon the move Ice Beam. It can be used only once.,"The target is struck with an icy-cold beam of energy.
This may also leave the target frozen."
tr06/sword-shield,flavor_text,"A howling blizzard is summoned to strike opposing
Pokémon. This may also leave the opposing
Pokémon frozen.",A Technical Record that teaches the move Blizzard.,"A howling blizzard is summoned to strike opposing
Pokémon. This may also leave the opposing
Pokémon frozen."
tr09/sword-shield,flavor_text,"A wicked thunderbolt is dropped on the target to
inflict damage. This may also leave the target
with paralysis.","It teaches a compatible Pokémon a move, once only.","A wicked thunderbolt is dropped on the target to
inflict damage. This may also leave the target
with paralysis."
tr11/sword-shield,flavor_text,"The target is hit by a strong telekinetic force.
This may also lower the target’s Sp. Def stat.","It teaches a compatible Pokémon a move, once only.","The target is hit by a strong telekinetic force.
This may also lower the target’s Sp. Def stat."
tr12/sword-shield,flavor_text,"The user relaxes and lightens its body to move
faster. This sharply raises the Speed stat.","It teaches a compatible Pokémon a move, once only.","The user relaxes and lightens its body to move
faster. This sharply raises the Speed stat."
tr13/sword-shield,flavor_text,"The user takes a deep breath and focuses so that
critical hits land more easily.","It teaches a compatible Pokémon a move, once only.","The user takes a deep breath and focuses so that
critical hits land more easily."
tr17/sword-shield,flavor_text,"The user temporarily empties its mind to forget its
concerns. This sharply raises the user’s Sp. Def stat.",It teaches a compatible Pokémon the move Amnesia. This is a one-time use Technical Record.,"The user temporarily empties its mind to forget its
concerns. This sharply raises the user’s Sp. Def stat."
tr21/sword-shield,flavor_text,"An all-out attack that becomes more powerful the
less HP the user has.",A Technical Record that teaches the move Reversal.,"An all-out attack that becomes more powerful the
less HP the user has."
tr26/sword-shield,flavor_text,"The user endures any attack with at least 1 HP.
Its chance of failing rises if it is used in succession.","It teaches a compatible Pokémon a move, once only.","The user endures any attack with at least 1 HP.
Its chance of failing rises if it is used in succession."
tr38/sword-shield,flavor_text,"The user catches the target off guard and swaps its
held item with its own.",A Technical Record that teaches the move Trick.,"The user catches the target off guard and swaps its
held item with its own."
tr40/sword-shield,flavor_text,"The user employs its psychic power to exchange
Abilities with the target.","It teaches a compatible Pokémon a move, once only.","The user employs its psychic power to exchange
Abilities with the target."
tr49/sword-shield,flavor_text,"The user quietly focuses its mind and calms its
spirit to raise its Sp. Atk and Sp. Def stats.","It teaches a compatible Pokémon a move, once only.","The user quietly focuses its mind and calms its
spirit to raise its Sp. Atk and Sp. Def stats."
tr50/sword-shield,flavor_text,"The user handles a sharp leaf like a sword and
attacks by cutting its target. Critical hits land
more easily.",It teaches the move Leaf Blade to a compatible Pokémon. It can be used only once.,"The user handles a sharp leaf like a sword and
attacks by cutting its target. Critical hits land
more easily."
tr51/sword-shield,flavor_text,"The user vigorously performs a mystic, powerful
dance that raises its Attack and Speed stats.","It teaches a compatible Pokémon a move, once only.","The user vigorously performs a mystic, powerful
dance that raises its Attack and Speed stats."
tr52/sword-shield,flavor_text,"The user tackles the target with a high-speed spin.
The slower the user compared to the target, the
greater the move’s power.","It teaches a compatible Pokémon a move, once only.","The user tackles the target with a high-speed spin.
The slower the user compared to the target, the
greater the move’s power."
tr57/sword-shield,flavor_text,"The target is stabbed with a tentacle, arm, or the like
steeped in poison. This may also poison the target.",It teaches a compatible Pokémon the move Poison Jab. It can be used only once.,"The target is stabbed with a tentacle, arm, or the like
steeped in poison. This may also poison the target."
tr59/sword-shield,flavor_text,"The user slams a barrage of hard-shelled seeds
down on the target from above.","It teaches a compatible Pokémon a move, once only.","The user slams a barrage of hard-shelled seeds
down on the target from above."
tr72/sword-shield,flavor_text,"The user violently whirls its vines, tentacles, or the
like to harshly lash the target.",A Technical Record that teaches the move Power Whip.,"The user violently whirls its vines, tentacles, or the
like to harshly lash the target."
tr75/sword-shield,flavor_text,"The user stabs the target from below with
sharpened stones. Critical hits land more easily.",Teaches the move Stone Edge.,"The user stabs the target from below with
sharpened stones. Critical hits land more easily."
tr76/sword-shield,flavor_text,"The user lays a trap of levitating stones around the
opposing team. The trap hurts opposing Pokémon
that switch into battle.","It teaches a compatible Pokémon a move, once only.","The user lays a trap of levitating stones around the
opposing team. The trap hurts opposing Pokémon
that switch into battle."
tr81/sword-shield,flavor_text,"The user turns the target’s power against it.
The higher the target’s Attack stat, the greater
the damage it deals.",A TR that teaches the move Foul Play.,"The user turns the target’s power against it.
The higher the target’s Attack stat, the greater
the damage it deals."
tr84/sword-shield,flavor_text,"The user shoots boiling hot water at its target.
This may also leave the target with a burn.",It teaches a compatible Pokémon the move Scald. It can be used only once.,"The user shoots boiling hot water at its target.
This may also leave the target with a burn."
tr87/sword-shield,flavor_text,"The user crashes into its target while rotating its
body like a drill. Critical hits land more easily.",A Technical Record that teaches the move Drill Run to a compatible Pokémon once.,"The user crashes into its target while rotating its
body like a drill. Critical hits land more easily."
tr88/sword-shield,flavor_text,"The user slams its target with its flame-covered
body. The more the user outweighs the target, the
greater the move’s power.",It teaches a compatible Pokémon the move Heat Crash. It can be used only once.,"The user slams its target with its flame-covered
body. The more the user outweighs the target, the
greater the move’s power."
tr99/sword-shield,flavor_text,"The user attacks by slamming its body into the target.
The higher the user’s Defense, the more damage it can
inflict on the target.",A Technical Record that teaches the move Body Press.,"The user attacks by slamming its body into the target.
The higher the user’s Defense, the more damage it can
inflict on the target."
ultranecrozium-z--held/sword-shield,flavor_text,"This is a crystallized form of Z-Power.
It upgrades Necrozma’s Photon Geyser to
a Z-Move.",It's a crystal that turns Necrozma fused with Solgaleo or Lunala into a new form.,"This is a crystallized form of Z-Power.
It upgrades Necrozma’s Photon Geyser to
a Z-Move."
ultranecrozium-z--held/ultra-sun-ultra-moon,flavor_text,"This is a crystallized form of Z-Power.
It upgrades Necrozma’s Photon Geyser to
a Z-Move.",It's a crystal that turns Necrozma fused with Solgaleo or Lunala into a new form.,"This is a crystallized form of Z-Power.
It upgrades Necrozma’s Photon Geyser to
a Z-Move."
utility-umbrella/sword-shield,flavor_text,"An item to be held by a Pokémon. This sturdy umbrella
protects the holder from the effects of rain and
harsh sunlight.",An item to be held by a Pokémon. This sturdy umbrella protects the holder from the effects of weather.,"An item to be held by a Pokémon. This sturdy umbrella
protects the holder from the effects of rain and
harsh sunlight."
waterium-z--held/lets-go-pikachu-lets-go-eevee,flavor_text,"This is a crystallized form of Z-Power.
It upgrades Water-type moves to Z-Moves.",It converts Z-Power into crystals that upgrade Water-type moves to Water-type Z-Moves.,"This is a crystallized form of Z-Power.
It upgrades Water-type moves to Z-Moves."
waterium-z--held/sun-moon,flavor_text,"This is a crystallized form of Z-Power.
It upgrades Water-type moves to Z-Moves.",It converts Z-Power into crystals that upgrade Water-type moves to Water-type Z-Moves.,"This is a crystallized form of Z-Power.
It upgrades Water-type moves to Z-Moves."
waterium-z--held/sword-shield,flavor_text,"This is a crystallized form of Z-Power.
It upgrades Water-type moves to Z-Moves.",It converts Z-Power into crystals that upgrade Water-type moves to Water-type Z-Moves.,"This is a crystallized form of Z-Power.
It upgrades Water-type moves to Z-Moves."
waterium-z--held/ultra-sun-ultra-moon,flavor_text,"This is a crystallized form of Z-Power.
It upgrades Water-type moves to Z-Moves.",It converts Z-Power into crystals that upgrade Water-type moves to Water-type Z-Moves.,"This is a crystallized form of Z-Power.
It upgrades Water-type moves to Z-Moves."
wiki-berry/black-white,flavor_text,"If held by a Pokémon, it restores the
user’s HP in a pinch, but will cause
confusion if it hates the taste.","If held by a Pokémon, it restores HP in a pinch, but will cause confusion if it hates the taste.","If held by a Pokémon, it restores the
user’s HP in a pinch, but will cause
confusion if it hates the taste."
wiki-berry/diamond-pearl,flavor_text,"A Poffin ingredient. If held by a
Pokémon, it restores the user’s HP in
a pinch, but may also cause confusion.","A Poffin ingredient. If held by a Pokémon, it restores HP in a pinch, but may also cause confusion.","A Poffin ingredient. If held by a
Pokémon, it restores the user’s HP in
a pinch, but may also cause confusion."
wiki-berry/heartgold-soulsilver,flavor_text,"If held by a Pokémon, it restores the
user’s HP in a pinch, but will cause
confusion if it hates dry food.","If held by a Pokémon, it restores HP in a pinch, but will cause confusion if it hates dry food.","If held by a Pokémon, it restores the
user’s HP in a pinch, but will cause
confusion if it hates dry food."
wiki-berry/platinum,flavor_text,"A Poffin ingredient. If held by a
Pokémon, it restores the user’s HP in
a pinch, but may also cause confusion.","A Poffin ingredient. If held by a Pokémon, it restores HP in a pinch, but may also cause confusion.","A Poffin ingredient. If held by a
Pokémon, it restores the user’s HP in
a pinch, but may also cause confusion."
wiki-berry/sword-shield,flavor_text,"If held by a Pokémon, it restores the user’s HP in a
pinch, but it will cause confusion if the user hates
the taste.","If held by a Pokémon, it restores HP in a pinch, but it will cause confusion if the user hates the taste.","If held by a Pokémon, it restores the user’s HP in a
pinch, but it will cause confusion if the user hates
the taste."
lawing-ball/legends-arceus,flavor_text,"Can be thrown further than a Feather Ball.
Is more effective for catching Pokémon that fly high in the air.",An improvement on the original Feather Ball design. A ball that flies fast and true—ideal for catching nimble Pokémon or Pokémon that fly high in the air.,"Can be thrown further than a Feather Ball.
Is more effective for catching Pokémon that fly high in the air."
yellow-flute/sun-moon,flavor_text,"A flute made from yellow glass that snaps Pokémon
out of confusion.",A flute made from yellow glass. It snaps Pokémon out of confusion.,"A flute made from yellow glass that snaps Pokémon
out of confusion."
yellow-flute/ultra-sun-ultra-moon,flavor_text,"A flute made from yellow glass that snaps Pokémon
out of confusion.",A flute made from yellow glass. It snaps Pokémon out of confusion.,"A flute made from yellow glass that snaps Pokémon
out of confusion."
