key,column,pokeapi,pokedb,chosen
142/default/silver,flavor_text,"This vicious POKé­
MON is said to
have flown in an­cient skies while
shrieking high-
pitched cries.",This vicious Pokémon is said to have flown in ancient skies while shrieking high-pitched cries.,"This vicious POKé­
MON is said to
have flown in an­cient skies while
shrieking high-
pitched cries."
65/default/firered,flavor_text,"It does not like physical attacks very
much. Instead, it freely uses extra­
sensory powers to defeat foes.","It does not like physical attacks very much. Instead, it freely uses extra-sensory powers to defeat foes.","It does not like physical attacks very
much. Instead, it freely uses extra­
sensory powers to defeat foes."
869/default/scarlet,flavor_text,"Slight vibrations shook its cells when it evolved, giving it a mixed flavor.","Slight vibrations shook its cells when it evolved, giving it a complex flavor.","Slight vibrations shook its cells when it evolved, giving it a mixed flavor."
869/default/scarlet,flavor_text,"Slight vibrations shook its cells when it evolved, giving it a mixed flavor.","Slight vibrations shook its cells when it evolved, giving it a sour flavor.","Slight vibrations shook its cells when it evolved, giving it a mixed flavor."
869/default/scarlet,flavor_text,"Slight vibrations shook its cells when it evolved, giving it a mixed flavor.","Slight vibrations shook its cells when it evolved, giving it a salty flavor.","Slight vibrations shook its cells when it evolved, giving it a mixed flavor."
869/default/scarlet,flavor_text,"Slight vibrations shook its cells when it evolved, giving it a mixed flavor.","Slight vibrations shook its cells when it evolved, giving it a bitter flavor.","Slight vibrations shook its cells when it evolved, giving it a mixed flavor."
869/default/scarlet,flavor_text,"Slight vibrations shook its cells when it evolved, giving it a mixed flavor.","Desserts that Alcremie have decorated with their cream have a rich, sweet flavor and bring happiness to all who eat them.","Slight vibrations shook its cells when it evolved, giving it a mixed flavor."
869/default/scarlet,flavor_text,"Slight vibrations shook its cells when it evolved, giving it a mixed flavor.","Slight vibrations shook its cells when it evolved, giving it an aromatic flavor.","Slight vibrations shook its cells when it evolved, giving it a mixed flavor."
869/default/scarlet,flavor_text,"Slight vibrations shook its cells when it evolved, giving it a mixed flavor.","Slight vibrations shook its cells when it evolved, giving it a refreshing flavor.","Slight vibrations shook its cells when it evolved, giving it a mixed flavor."
869/default/scarlet,flavor_text,"Slight vibrations shook its cells when it evolved, giving it a mixed flavor.","Slight vibrations shook its cells when it evolved, giving it a sweet and tart flavor.","Slight vibrations shook its cells when it evolved, giving it a mixed flavor."
869/default/shield,flavor_text,"When Alcremie is content, the cream it
secretes from its hands becomes sweeter
and richer.","The cells that compose its cream fluctuated suddenly during evolution, giving the cream a salty flavor.","When Alcremie is content, the cream it
secretes from its hands becomes sweeter
and richer."
869/default/shield,flavor_text,"When Alcremie is content, the cream it
secretes from its hands becomes sweeter
and richer.","The cells that compose its cream fluctuated suddenly during evolution, giving the cream a mixed flavor.","When Alcremie is content, the cream it
secretes from its hands becomes sweeter
and richer."
869/default/shield,flavor_text,"When Alcremie is content, the cream it
secretes from its hands becomes sweeter
and richer.","The cells that compose its cream fluctuated suddenly during evolution, giving the cream a bitter flavor.","When Alcremie is content, the cream it
secretes from its hands becomes sweeter
and richer."
869/default/shield,flavor_text,"When Alcremie is content, the cream it
secretes from its hands becomes sweeter
and richer.","The cells that compose its cream fluctuated suddenly during evolution, giving the cream a complex flavor.","When Alcremie is content, the cream it
secretes from its hands becomes sweeter
and richer."
869/default/shield,flavor_text,"When Alcremie is content, the cream it
secretes from its hands becomes sweeter
and richer.","The cells that compose its cream fluctuated suddenly during evolution, giving the cream a sweet and tart flavor.","When Alcremie is content, the cream it
secretes from its hands becomes sweeter
and richer."
869/default/shield,flavor_text,"When Alcremie is content, the cream it
secretes from its hands becomes sweeter
and richer.","The cells that compose its cream fluctuated suddenly during evolution, giving the cream an aromatic flavor.","When Alcremie is content, the cream it
secretes from its hands becomes sweeter
and richer."
869/default/shield,flavor_text,"When Alcremie is content, the cream it
secretes from its hands becomes sweeter
and richer.","The cells that compose its cream fluctuated suddenly during evolution, giving the cream a refreshing flavor.","When Alcremie is content, the cream it
secretes from its hands becomes sweeter
and richer."
869/default/shield,flavor_text,"When Alcremie is content, the cream it
secretes from its hands becomes sweeter
and richer.","The cells that compose its cream fluctuated suddenly during evolution, giving the cream a sour flavor.","When Alcremie is content, the cream it
secretes from its hands becomes sweeter
and richer."
869/default/sword,flavor_text,"When it trusts a Trainer, it will treat them to
berries it’s decorated with cream.","The moment it evolved, it took on an aromatic flavor. This is because of the way its cells spontaneously shifted during evolution.","When it trusts a Trainer, it will treat them to
berries it’s decorated with cream."
869/default/sword,flavor_text,"When it trusts a Trainer, it will treat them to
berries it’s decorated with cream.","The moment it evolved, it took on a complex flavor. This is because of the way its cells spontaneously shifted during evolution.","When it trusts a Trainer, it will treat them to
berries it’s decorated with cream."
869/default/sword,flavor_text,"When it trusts a Trainer, it will treat them to
berries it’s decorated with cream.","The moment it evolved, it took on a bitter flavor. This is because of the way its cells spontaneously shifted during evolution.","When it trusts a Trainer, it will treat them to
berries it’s decorated with cream."
869/default/sword,flavor_text,"When it trusts a Trainer, it will treat them to
berries it’s decorated with cream.","The moment it evolved, it took on a mixed flavor. This is because of the way its cells spontaneously shifted during evolution.","When it trusts a Trainer, it will treat them to
berries it’s decorated with cream."
869/default/sword,flavor_text,"When it trusts a Trainer, it will treat them to
berries it’s decorated with cream.","The moment it evolved, it took on a salty flavor. This is because of the way its cells spontaneously shifted during evolution.","When it trusts a Trainer, it will treat them to
berries it’s decorated with cream."
869/default/sword,flavor_text,"When it trusts a Trainer, it will treat them to
berries it’s decorated with cream.","The moment it evolved, it took on a sweet and tart flavor. This is because of the way its cells spontaneously shifted during evolution.","When it trusts a Trainer, it will treat them to
berries it’s decorated with cream."
869/default/sword,flavor_text,"When it trusts a Trainer, it will treat them to
berries it’s decorated with cream.","The moment it evolved, it took on a sour flavor. This is because of the way its cells spontaneously shifted during evolution.","When it trusts a Trainer, it will treat them to
berries it’s decorated with cream."
869/default/sword,flavor_text,"When it trusts a Trainer, it will treat them to
berries it’s decorated with cream.","The moment it evolved, it took on a refreshing flavor. This is because of the way its cells spontaneously shifted during evolution.","When it trusts a Trainer, it will treat them to
berries it’s decorated with cream."
869/default/violet,flavor_text,"When attacked, it strikes back by throwing cream accented with a bitter flavor.","When attacked, it strikes back by throwing cream accented with sweet and tart flavors.","When attacked, it strikes back by throwing cream accented with a bitter flavor."
869/default/violet,flavor_text,"When attacked, it strikes back by throwing cream accented with a bitter flavor.","When attacked, it strikes back by throwing cream accented with an aromatic flavor.","When attacked, it strikes back by throwing cream accented with a bitter flavor."
869/default/violet,flavor_text,"When attacked, it strikes back by throwing cream accented with a bitter flavor.","When attacked, it strikes back by throwing cream accented with a refreshing flavor.","When attacked, it strikes back by throwing cream accented with a bitter flavor."
869/default/violet,flavor_text,"When attacked, it strikes back by throwing cream accented with a bitter flavor.","Alcremie that have been cherished produce exquisite cream, so Trainers always raise them lovingly.","When attacked, it strikes back by throwing cream accented with a bitter flavor."
869/default/violet,flavor_text,"When attacked, it strikes back by throwing cream accented with a bitter flavor.","When attacked, it strikes back by throwing cream accented with a sour flavor.","When attacked, it strikes back by throwing cream accented with a bitter flavor."
869/default/violet,flavor_text,"When attacked, it strikes back by throwing cream accented with a bitter flavor.","When attacked, it strikes back by throwing cream accented with a salty flavor.","When attacked, it strikes back by throwing cream accented with a bitter flavor."
869/default/violet,flavor_text,"When attacked, it strikes back by throwing cream accented with a bitter flavor.","When attacked, it strikes back by throwing cream accented with a mix of flavors.","When attacked, it strikes back by throwing cream accented with a bitter flavor."
869/default/violet,flavor_text,"When attacked, it strikes back by throwing cream accented with a bitter flavor.","When attacked, it strikes back by throwing cream accented with complex flavors.","When attacked, it strikes back by throwing cream accented with a bitter flavor."
591/default/shield,flavor_text,"Amoonguss generally doesn’t move much. It
tends to stand still near Poké Balls that have
been dropped on the ground.",Amoonguss generally doesn't move as much. It tends to stand still near Poké Balls that have been dropped on the ground.,"Amoonguss generally doesn’t move much. It
tends to stand still near Poké Balls that have
been dropped on the ground."
59/default/gold,flavor_text,"This legendary
Chinese POKEMON is
considered magnif­icent. Many people
are enchanted by
its grand mane.",This legendary Chinese Pokémon is considered magnificent. Many people are enchanted by its grand mane.,"This legendary
Chinese POKEMON is
considered magnif­icent. Many people
are enchanted by
its grand mane."
411/default/moon,flavor_text,"It lived in the same environments as Rampardos.
Their fossils have been found together—
seemingly from after they’d fought to the finish.",It lived in the same environments as Rampardos. Their fossils have been found together—seemingly from after they'd fought to the finish.,"It lived in the same environments as Rampardos.
Their fossils have been found together—
seemingly from after they’d fought to the finish."
15/default/gold,flavor_text,"It can take down
any opponent with
its powerful poi­son stingers. It
sometimes attacks
in swarms.",It can take down any opponent with its powerful poison stingers. It sometimes attacks in swarms.,"It can take down
any opponent with
its powerful poi­son stingers. It
sometimes attacks
in swarms."
15/default/ruby,flavor_text,"BEEDRILL is extremely territorial.
No one should ever approach its nest -
this is for their own safety.If angered, they will attack in a furious
swarm.","Beedrill is extremely territorial. No one should ever approach its nest - this is for their own safety. If angered, they will attack in a furious swarm.","BEEDRILL is extremely territorial.
No one should ever approach its nest -
this is for their own safety.If angered, they will attack in a furious
swarm."
15/default/sapphire,flavor_text,"BEEDRILL is extremely territorial.
No one should ever approach its nest -
this is for their own safety.If angered, they will attack in a furious
swarm.","Beedrill is extremely territorial. No one should ever approach its nest - this is for their own safety. If angered, they will attack in a furious swarm.","BEEDRILL is extremely territorial.
No one should ever approach its nest -
this is for their own safety.If angered, they will attack in a furious
swarm."
69/default/silver,flavor_text,"It plants its feet
deep underground
to replenish wa­ter. It can't es­
cape its enemy
while it's rooted.",It plants its feet deep underground to replenish water. It can't escape its enemy while it's rooted.,"It plants its feet
deep underground
to replenish wa­ter. It can't es­
cape its enemy
while it's rooted."
712/default/sword,flavor_text,"They chill the air around them to −150 degrees
Fahrenheit, freezing the water in the air into ice
that they use as armor.","They chill the air around them to -150 degrees Fahrenheit, freezing the water in the air into ice that they use as armor.","They chill the air around them to −150 degrees
Fahrenheit, freezing the water in the air into ice
that they use as armor."
9/default/gold,flavor_text,"It deliberately
makes itself heavy
so it can with­stand the recoil
of the water jets
it fires.",It deliberately makes itself heavy so it can withstand the recoil of the water jets it fires.,"It deliberately
makes itself heavy
so it can with­stand the recoil
of the water jets
it fires."
9/default/leafgreen,flavor_text,"The pressurized water jets on this brutal
POKéMON’s shell are used for high-
speed tackles.",The pressurized water jets on this brutal Pokémon's shell are used for high- speed tackles.,"The pressurized water jets on this brutal
POKéMON’s shell are used for high-
speed tackles."
257/default/sapphire,flavor_text,"BLAZIKEN has incredibly strong legs -
it can easily clear a 30-story building
in one leap.This POKéMON’s blazing punches leave
its foes scorched and blackened.",Blaziken has incredibly strong legs - it can easily clear a 30-story building in one leap. This Pokémon's blazing punches leave its foes scorched and blackened.,"BLAZIKEN has incredibly strong legs -
it can easily clear a 30-story building
in one leap.This POKéMON’s blazing punches leave
its foes scorched and blackened."
242/default/gold,flavor_text,"Anyone who takes
even one bite of
BLISSEY's egg be­comes unfailingly
caring and pleas­
ant to everyone.",Anyone who takes even one bite of Blissey's egg becomes unfailingly caring and pleasant to everyone.,"Anyone who takes
even one bite of
BLISSEY's egg be­comes unfailingly
caring and pleas­
ant to everyone."
729/default/shield,flavor_text,"On nights when the sea is calm, Brionne dance
with one another to the singing of the Primarina
that’s leading them.","On nights when the sea is calm, Brionne dance with one another to the singing of the Primarina that's leading them.*","On nights when the sea is calm, Brionne dance
with one another to the singing of the Primarina
that’s leading them."
729/default/sword,flavor_text,"As if dancing, it artfully dodges the attacks of its
enemies. All the while, it’s busy forming a bunch
of balloons to overwhelm its foes.","As if dancing, it artfully dodges the attacks of its enemies. All the while, it's busy forming a bunch of balloons to overwhelm its foes.*","As if dancing, it artfully dodges the attacks of its
enemies. All the while, it’s busy forming a bunch
of balloons to overwhelm its foes."
412/default/legends-arceus,flavor_text,"If its cloak is even slightly damaged, Burmy will immediately
repair it with whatever is close at hand. The Pokémon within the
cloak is scrawny and vulnerable to the cold.","It creates a cloak by weaving together sand, mud, and silk it has spat out. This earthen cloak is ruined by wind and rain, so the Pokémon hides away in caves and other such places.","If its cloak is even slightly damaged, Burmy will immediately
repair it with whatever is close at hand. The Pokémon within the
cloak is scrawny and vulnerable to the cold."
412/default/legends-arceus,flavor_text,"If its cloak is even slightly damaged, Burmy will immediately
repair it with whatever is close at hand. The Pokémon within the
cloak is scrawny and vulnerable to the cold.","When confronted by a lack of other materials, Burmy will create its cloak using dust and refuse. The cloak seems to be more comfortable than one would think.","If its cloak is even slightly damaged, Burmy will immediately
repair it with whatever is close at hand. The Pokémon within the
cloak is scrawny and vulnerable to the cold."
251/default/shield,flavor_text,"This Pokémon traveled through time to come
from the future. It bolsters grass and trees with
its own strength, and it can heal wounds, too.","This Pokémon traveled through time to come from the future. It bolsters grass and trees with its own strength, and it can heal wounds, too.*","This Pokémon traveled through time to come
from the future. It bolsters grass and trees with
its own strength, and it can heal wounds, too."
251/default/sword,flavor_text,"This Pokémon has the ability to move through
time. Records describing it as a forest deity can
be found from many different eras.",This Pokémon has the ability to move through time. Records describing it as a forest deity can be found from many different eras.*,"This Pokémon has the ability to move through
time. Records describing it as a forest deity can
be found from many different eras."
113/default/legends-arceus,flavor_text,This purehearted Pokémon shares its eggs with the injured.,"This purehearted Pokémon shares its eggs with the injured. These eggs are so nutritious that they've been nicknamed ""doctors' doubles.""",This purehearted Pokémon shares its eggs with the injured.
113/default/yellow,flavor_text,"A gentle and kind­
hearted POKéMON
that shares itsnutritious eggs
if it sees an
injured POKéMON.",A gentle and kind-hearted Pokémon that shares its nutritious eggs if it sees an injured Pokémon.,"A gentle and kind­
hearted POKéMON
that shares itsnutritious eggs
if it sees an
injured POKéMON."
6/default/silver,flavor_text,"Breathing intense,
hot flames, it can
melt almost any­thing. Its breath
inflicts terrible
pain on enemies.","Breathing intense, hot flames, it can melt almost anything. Its breath inflicts terrible pain on enemies.","Breathing intense,
hot flames, it can
melt almost any­thing. Its breath
inflicts terrible
pain on enemies."
5/default/gold,flavor_text,"It is very hot­
headed by nature,
so it constantlyseeks opponents.
It calms down only
when it wins.","It is very hot-headed by nature, so it constantly seeks opponents. It calms down only when it wins.","It is very hot­
headed by nature,
so it constantlyseeks opponents.
It calms down only
when it wins."
421/default/legends-arceus,flavor_text,"Motionless, save for the occasional quiver. A rich array of
Pokémon can be found gathered around it, drawn by the
scent exuded from Cherrim's folded petals.","Cheerfully active on sunny days. Immediately closes its petals and becomes immobile once the sun becomes hidden, however.","Motionless, save for the occasional quiver. A rich array of
Pokémon can be found gathered around it, drawn by the
scent exuded from Cherrim's folded petals."
421/default/shield,flavor_text,"Its folded petals are pretty tough. Bird Pokémon
can peck at them all they want, and Cherrim
won’t be bothered at all.",The faint scent that emanates from its full blossom entices bug Pokémon to it.,"Its folded petals are pretty tough. Bird Pokémon
can peck at them all they want, and Cherrim
won’t be bothered at all."
421/default/sword,flavor_text,"As a bud, it barely moves. It sits still, placidly
waiting for sunlight to appear.","After absorbing plenty of sunlight, Cherrim takes this form. It's full of energy while it's like this, and its liveliness will go on until sundown.","As a bud, it barely moves. It sits still, placidly
waiting for sunlight to appear."
152/default/firered,flavor_text,"Its pleasantly aromatic leaves have the
ability to check the humidity and
temperature.",Its pleasantly aromatic leaf has the ability to check the humidity and temperature.,"Its pleasantly aromatic leaves have the
ability to check the humidity and
temperature."
170/default/crystal,flavor_text,"Its antennae, whi­
ch evolved from a
fin, have both po­sitive and neg­
ative charges flo­
wing through them.","Its antennae, which evolved from a fin, have both positive and negative charges flowing through them.","Its antennae, whi­
ch evolved from a
fin, have both po­sitive and neg­
ative charges flo­
wing through them."
170/default/silver,flavor_text,"On the dark ocean
floor, its only
means of communi­cation is its
constantly flash­
ing lights.","On the dark ocean floor, its only means of communication is its constantly flashing lights.","On the dark ocean
floor, its only
means of communi­cation is its
constantly flash­
ing lights."
222/default/silver,flavor_text,"In a south sea
nation, the people
live in communi­ties that are
built on groups of
these POKéMON.","In a south sea nation, the people live in communities that are built on groups of these Pokémon.","In a south sea
nation, the people
live in communi­ties that are
built on groups of
these POKéMON."
790/default/shield,flavor_text,"It sucks in dust from the air at an astounding rate,
frantically building up energy within its core as
preparation for evolution.","It sucks in dust from the air at an astounding rate, frantically building up energy within its core as preparation for evolution.*","It sucks in dust from the air at an astounding rate,
frantically building up energy within its core as
preparation for evolution."
790/default/sword,flavor_text,"The absorption of starlight fuels this Pokémon’s
growth. The shell that encases it is harder than
any known material.",The absorption of starlight fuels this Pokémon's growth. The shell that encases it is harder than any known material.*,"The absorption of starlight fuels this Pokémon’s
growth. The shell that encases it is harder than
any known material."
789/default/shield,flavor_text,"Cosmog is very curious but not very cautious,
often placing itself in danger. If things start to
look dicey, it teleports away.","Cosmog is very curious but not very cautious, often placing itself in danger. If things start to look dicey, it teleports away.*","Cosmog is very curious but not very cautious,
often placing itself in danger. If things start to
look dicey, it teleports away."
789/default/sword,flavor_text,"This Pokémon came from another universe.
Its gaseous body is so light that even a gentle
breeze can blow it away.",This Pokémon came from another universe. Its gaseous body is so light that even a gentle breeze can blow it away.*,"This Pokémon came from another universe.
Its gaseous body is so light that even a gentle
breeze can blow it away."
546/default/moon,flavor_text,"Pillows and beds stuffed with cotton exhaled
by Cottonee are soft and puffy, light and airy—
altogether top quality.","Pillows and beds stuffed with cotton exhaled by Cottonee are soft and puffy, light and airy—altogether top quality.","Pillows and beds stuffed with cotton exhaled
by Cottonee are soft and puffy, light and airy—
altogether top quality."
702/default/shield,flavor_text,"Since Dedenne can’t generate much electricity on
its own, it steals electricity from outlets or other
electric Pokémon.","Since Dedenne can't generate as much electricity on its own, it steals electricity from outlets or other electric Pokémon.","Since Dedenne can’t generate much electricity on
its own, it steals electricity from outlets or other
electric Pokémon."
585/default/scarlet,flavor_text,"These Pokémon are not shy—they will behave as they please, even in front of people. If you feed one of them, it will quickly take a liking to you.","Deerling have different scents depending on the season. In early spring, these Pokémon give off a delicate, sweet, and calming scent.","These Pokémon are not shy—they will behave as they please, even in front of people. If you feed one of them, it will quickly take a liking to you."
585/default/violet,flavor_text,"Deerling have different scents depending on the season. In this form, Deerling have a softly sweet scent that lingers in the nose.","Despite Deerling's adorable appearance, farmers consider it a nuisance since it loves plant shoots and will eat them all up.","Deerling have different scents depending on the season. In this form, Deerling have a softly sweet scent that lingers in the nose."
585/default/scarlet,flavor_text,"These Pokémon are not shy—they will behave as they please, even in front of people. If you feed one of them, it will quickly take a liking to you.","To prevent Deerling from entering their fields, many farmers will have several Lycanroc stand guard, as they are the natural enemy of Deerling.","These Pokémon are not shy—they will behave as they please, even in front of people. If you feed one of them, it will quickly take a liking to you."
585/default/violet,flavor_text,"Deerling have different scents depending on the season. In this form, Deerling have a softly sweet scent that lingers in the nose.","Deerling have different scents depending on the season. When a distinct grassy smell starts to waft from one, you know that summer has begun.","Deerling have different scents depending on the season. In this form, Deerling have a softly sweet scent that lingers in the nose."
585/default/scarlet,flavor_text,"These Pokémon are not shy—they will behave as they please, even in front of people. If you feed one of them, it will quickly take a liking to you.","Deerling’s scent changes with the seasons, but when the Pokémon is in its Winter Form, it has hardly any scent at all.","These Pokémon are not shy—they will behave as they please, even in front of people. If you feed one of them, it will quickly take a liking to you."
585/default/violet,flavor_text,"Deerling have different scents depending on the season. In this form, Deerling have a softly sweet scent that lingers in the nose.","This Pokémon will playfully headbutt those it gets along well with. It has antlers hidden under its flower, so the headbutts are a little painful.","Deerling have different scents depending on the season. In this form, Deerling have a softly sweet scent that lingers in the nose."
301/default/sapphire,flavor_text,"DELCATTY sleeps anywhere it wants
without keeping a permanent nest.
If other POKéMON approach it as itsleeps, this POKéMON will never fight -
it will just move away somewhere else.","Delcatty sleeps anywhere it wants without keeping a permanent nest. If other Pokémon approach it as it sleeps, this Pokémon will never fight - it will just move away somewhere else.","DELCATTY sleeps anywhere it wants
without keeping a permanent nest.
If other POKéMON approach it as itsleeps, this POKéMON will never fight -
it will just move away somewhere else."
85/default/ruby,flavor_text,"Watch out if DODRIO’s three heads are
looking in three separate directions.
It’s a sure sign that it is on its guard.Don’t go near this POKéMON if it’s being
wary - it may decide to peck you.",Watch out if Dodrio's three heads are looking in three separate directions. It's a sure sign that it is on its guard. Don't go near this Pokémon if it's being wary -it may decide to peck you.,"Watch out if DODRIO’s three heads are
looking in three separate directions.
It’s a sure sign that it is on its guard.Don’t go near this POKéMON if it’s being
wary - it may decide to peck you."
147/default/crystal,flavor_text,"It sheds many lay­
ers of skin as it
grows larger. Dur­ing this process,
it is protected by
a rapid waterfall.","It sheds many layers of skin as it grows larger. During this process, it is protected by a rapid waterfall.","It sheds many lay­
ers of skin as it
grows larger. Dur­ing this process,
it is protected by
a rapid waterfall."
206/default/gold,flavor_text,"When spotted, this
POKéMON escapes
backward by furi­ously boring into
the ground with
its tail.","When spotted, this Pokémon escapes backward by furiously boring into the ground with its tail.","When spotted, this
POKéMON escapes
backward by furi­ously boring into
the ground with
its tail."
356/default/ruby,flavor_text,"DUSCLOPS’s body is completely hollow -
there is nothing at all inside.
It is said that its body is like a blackhole. This POKéMON will absorb anything
into its body, but nothing will ever come
back out.","Dusclops's body is completely hollow - there is nothing at all inside. It is said that its body is like a black hole. This Pokémon will absorb anything into its body, but nothing will ever come back out.","DUSCLOPS’s body is completely hollow -
there is nothing at all inside.
It is said that its body is like a blackhole. This POKéMON will absorb anything
into its body, but nothing will ever come
back out."
133/default/red,flavor_text,"Its genetic code
is irregular.
It may mutate ifit is exposed to
radiation from
element STONEs.",An extremely rare Pokémon that may evolve in a number of different ways depending on stimuli.,"Its genetic code
is irregular.
It may mutate ifit is exposed to
radiation from
element STONEs."
125/default/silver,flavor_text,"Its body constant­
ly discharges
electricity. Get­ting close to it
will make your
hair stand on end.",Its body constantly discharges electricity. Getting close to it will make your hair stand on end.,"Its body constant­
ly discharges
electricity. Get­ting close to it
will make your
hair stand on end."
83/default/silver,flavor_text,"If it eats the
plant stick it
carries as emer­gency rations, it
runs off in search
of a new stick.","If it eats the plant stick it carries as emergency rations, it runs off in search of a new stick.","If it eats the
plant stick it
carries as emer­gency rations, it
runs off in search
of a new stick."
22/default/platinum,flavor_text,"It has the stamina to fly all
day on its broad wings. It
fights by using its sharp beak.",It has the stamina to fly all day on its broad wings. It fights using its sharp beak.,"It has the stamina to fly all
day on its broad wings. It
fights by using its sharp beak."
669/default/legends-za,flavor_text,This Pokémon likes blue flowers best of all. It floats upward using the power emanating from its flower and bobs along lightly through the air.,It receives strength from flowers and gives them some of its energy in return. This Pokémon likes orange flowers best of all.,This Pokémon likes blue flowers best of all. It floats upward using the power emanating from its flower and bobs along lightly through the air.
669/default/scarlet,flavor_text,"Once it finds a flower it likes, this Pokémon will spend the rest of its life taking care of its flower. This Flabébé rides a blue flower.","This Flabébé rides an orange flower. On its head, it wears a crown of pollen that has healing properties.","Once it finds a flower it likes, this Pokémon will spend the rest of its life taking care of its flower. This Flabébé rides a blue flower."
669/default/violet,flavor_text,This Pokémon likes blue flowers best of all. It floats upward using the power emanating from its flower and bobs along lightly through the air.,It receives strength from flowers and gives them some of its energy in return. This Pokémon likes orange flowers best of all.,This Pokémon likes blue flowers best of all. It floats upward using the power emanating from its flower and bobs along lightly through the air.
669/default/legends-za,flavor_text,This Pokémon likes blue flowers best of all. It floats upward using the power emanating from its flower and bobs along lightly through the air.,This Pokémon can draw forth the power hidden within blooming wild flowers. It is particularly fond of red flowers.,This Pokémon likes blue flowers best of all. It floats upward using the power emanating from its flower and bobs along lightly through the air.
669/default/scarlet,flavor_text,"Once it finds a flower it likes, this Pokémon will spend the rest of its life taking care of its flower. This Flabébé rides a blue flower.",This Pokémon can draw forth the power hidden within blooming wild flowers. It is particularly fond of red flowers.,"Once it finds a flower it likes, this Pokémon will spend the rest of its life taking care of its flower. This Flabébé rides a blue flower."
669/default/violet,flavor_text,This Pokémon likes blue flowers best of all. It floats upward using the power emanating from its flower and bobs along lightly through the air.,"This Flabébé rides a red flower. Immediately after birth, this Pokémon begins flying around in search of a flower it likes.",This Pokémon likes blue flowers best of all. It floats upward using the power emanating from its flower and bobs along lightly through the air.
669/default/legends-za,flavor_text,This Pokémon likes blue flowers best of all. It floats upward using the power emanating from its flower and bobs along lightly through the air.,"When evening falls, it searches out a place blooming with flowers of the same white color as its own flower, and then it goes to sleep.",This Pokémon likes blue flowers best of all. It floats upward using the power emanating from its flower and bobs along lightly through the air.
669/default/scarlet,flavor_text,"Once it finds a flower it likes, this Pokémon will spend the rest of its life taking care of its flower. This Flabébé rides a blue flower.",This Flabébé rides a white flower. The wind blows this Pokémon around as it drifts in search of flower gardens.,"Once it finds a flower it likes, this Pokémon will spend the rest of its life taking care of its flower. This Flabébé rides a blue flower."
669/default/violet,flavor_text,This Pokémon likes blue flowers best of all. It floats upward using the power emanating from its flower and bobs along lightly through the air.,"When evening falls, it searches out a place blooming with flowers of the same white color as itself, and then it goes to sleep.",This Pokémon likes blue flowers best of all. It floats upward using the power emanating from its flower and bobs along lightly through the air.
669/default/legends-za,flavor_text,This Pokémon likes blue flowers best of all. It floats upward using the power emanating from its flower and bobs along lightly through the air.,This Flabébé rides a yellow flower. The Pokémon is defenseless and vulnerable before it has found and received power from a flower.,This Pokémon likes blue flowers best of all. It floats upward using the power emanating from its flower and bobs along lightly through the air.
669/default/scarlet,flavor_text,"Once it finds a flower it likes, this Pokémon will spend the rest of its life taking care of its flower. This Flabébé rides a blue flower.",This Flabébé rides a yellow flower. The Pokémon is defenseless and vulnerable before it has found and received power from a flower.,"Once it finds a flower it likes, this Pokémon will spend the rest of its life taking care of its flower. This Flabébé rides a blue flower."
669/default/violet,flavor_text,This Pokémon likes blue flowers best of all. It floats upward using the power emanating from its flower and bobs along lightly through the air.,It unleashes a variety of moves by drawing forth the power hidden within flowers. This Pokémon is particularly fond of yellow flowers.,This Pokémon likes blue flowers best of all. It floats upward using the power emanating from its flower and bobs along lightly through the air.
670/default/legends-za,flavor_text,"Whenever this Pokémon finds flowering plants that are withering, it will bring them back to its territory and care for them until they are healthy.","This Pokémon can draw forth the most power when in sync with orange flowers, compared to flowers of other colors.","Whenever this Pokémon finds flowering plants that are withering, it will bring them back to its territory and care for them until they are healthy."
670/default/scarlet,flavor_text,"Whenever this Pokémon finds flowering plants that are withering, it will bring them back to its territory and care for them until they are healthy.","This Pokémon can draw forth the most power when in sync with orange flowers, compared to flowers of other colors.","Whenever this Pokémon finds flowering plants that are withering, it will bring them back to its territory and care for them until they are healthy."
670/default/violet,flavor_text,It exchanges power with flowers via wavelengths of visible light. This form of Floette can sync with the wavelength that produces the color blue.,"This Pokémon cannot use moves on its own. When it syncs with flowers, it becomes able to use Grass-type moves.",It exchanges power with flowers via wavelengths of visible light. This form of Floette can sync with the wavelength that produces the color blue.
670/default/legends-za,flavor_text,"Whenever this Pokémon finds flowering plants that are withering, it will bring them back to its territory and care for them until they are healthy.",This Pokémon uses red wavelengths of light to pour its own energy into flowers and draw forth their latent potential.,"Whenever this Pokémon finds flowering plants that are withering, it will bring them back to its territory and care for them until they are healthy."
670/default/scarlet,flavor_text,"Whenever this Pokémon finds flowering plants that are withering, it will bring them back to its territory and care for them until they are healthy.",This Pokémon draws forth what power is left in withered flowers to make them healthy again. It holds a red flower.,"Whenever this Pokémon finds flowering plants that are withering, it will bring them back to its territory and care for them until they are healthy."
670/default/violet,flavor_text,It exchanges power with flowers via wavelengths of visible light. This form of Floette can sync with the wavelength that produces the color blue.,This Pokémon uses red wavelengths of light to pour its own energy into flowers and draw forth their latent potential.,It exchanges power with flowers via wavelengths of visible light. This form of Floette can sync with the wavelength that produces the color blue.
670/default/legends-za,flavor_text,"Whenever this Pokémon finds flowering plants that are withering, it will bring them back to its territory and care for them until they are healthy.","If it finds someone messing up a flower bed, it will attack them without mercy. This Floette takes particularly good care of white flowers.","Whenever this Pokémon finds flowering plants that are withering, it will bring them back to its territory and care for them until they are healthy."
670/default/scarlet,flavor_text,"Whenever this Pokémon finds flowering plants that are withering, it will bring them back to its territory and care for them until they are healthy.",Floette that are fond of white flowers can also easily sync with flowers of other colors.,"Whenever this Pokémon finds flowering plants that are withering, it will bring them back to its territory and care for them until they are healthy."
670/default/violet,flavor_text,It exchanges power with flowers via wavelengths of visible light. This form of Floette can sync with the wavelength that produces the color blue.,"If it finds someone messing up a flower bed, it will attack them without mercy. This Floette takes particularly good care of white flowers.",It exchanges power with flowers via wavelengths of visible light. This form of Floette can sync with the wavelength that produces the color blue.
670/default/legends-za,flavor_text,"Whenever this Pokémon finds flowering plants that are withering, it will bring them back to its territory and care for them until they are healthy.",This Pokémon can draw forth the power hidden within yellow flowers. This power then becomes the moves Floette uses to protect itself.,"Whenever this Pokémon finds flowering plants that are withering, it will bring them back to its territory and care for them until they are healthy."
670/default/scarlet,flavor_text,"Whenever this Pokémon finds flowering plants that are withering, it will bring them back to its territory and care for them until they are healthy.",This Pokémon can draw forth the power hidden within yellow flowers. This power then becomes the moves Floette uses to protect itself.,"Whenever this Pokémon finds flowering plants that are withering, it will bring them back to its territory and care for them until they are healthy."
670/default/violet,flavor_text,It exchanges power with flowers via wavelengths of visible light. This form of Floette can sync with the wavelength that produces the color blue.,Floette can draw forth the latent capabilities of Grass-type Pokémon. It syncs with yellow flowers.,It exchanges power with flowers via wavelengths of visible light. This form of Floette can sync with the wavelength that produces the color blue.
671/default/legends-za,flavor_text,"Blue pigments were tremendously expensive in the past, so paintings of blue Florges are highly valuable.","When Florges attacks, its orange flowers fire off powerful beams as if they were a battery of artillery.","Blue pigments were tremendously expensive in the past, so paintings of blue Florges are highly valuable."
671/default/scarlet,flavor_text,"Though usually compassionate, Florges will hunt down anyone who vandalizes its flower garden, showing no mercy even if they beg for their lives.","Its orange flowers fire off powerful beams, attacking as if they were a battery of artillery.","Though usually compassionate, Florges will hunt down anyone who vandalizes its flower garden, showing no mercy even if they beg for their lives."
671/default/violet,flavor_text,"Blue pigments were tremendously expensive in the past, so paintings of blue Florges are highly valuable.","In times long past, castle governors would lovingly raise Florges to care for their castles' exquisite gardens.","Blue pigments were tremendously expensive in the past, so paintings of blue Florges are highly valuable."
671/default/legends-za,flavor_text,"Blue pigments were tremendously expensive in the past, so paintings of blue Florges are highly valuable.",They say that flower gardens created by Florges constantly emit a power that can heal both body and spirit.,"Blue pigments were tremendously expensive in the past, so paintings of blue Florges are highly valuable."
671/default/scarlet,flavor_text,"Though usually compassionate, Florges will hunt down anyone who vandalizes its flower garden, showing no mercy even if they beg for their lives.",This Pokémon creates an impressive flower garden in its territory. It draws forth the power of the red flowers around its neck.,"Though usually compassionate, Florges will hunt down anyone who vandalizes its flower garden, showing no mercy even if they beg for their lives."
671/default/violet,flavor_text,"Blue pigments were tremendously expensive in the past, so paintings of blue Florges are highly valuable.",They say that flower gardens created by Florges are constantly showered with a power that can heal both body and spirit.,"Blue pigments were tremendously expensive in the past, so paintings of blue Florges are highly valuable."
671/default/legends-za,flavor_text,"Blue pigments were tremendously expensive in the past, so paintings of blue Florges are highly valuable.",A flower garden made by a white-flowered Florges will be beautifully decorated with flowering plants of many different colors.,"Blue pigments were tremendously expensive in the past, so paintings of blue Florges are highly valuable."
671/default/scarlet,flavor_text,"Though usually compassionate, Florges will hunt down anyone who vandalizes its flower garden, showing no mercy even if they beg for their lives.",A flower garden made by a white-flowered Florges will be beautifully decorated with flowering plants of many different colors.,"Though usually compassionate, Florges will hunt down anyone who vandalizes its flower garden, showing no mercy even if they beg for their lives."
671/default/violet,flavor_text,"Blue pigments were tremendously expensive in the past, so paintings of blue Florges are highly valuable.",A Florges adorned with white flowers can sync with the wavelengths of various colors to draw forth their power.,"Blue pigments were tremendously expensive in the past, so paintings of blue Florges are highly valuable."
671/default/legends-za,flavor_text,"Blue pigments were tremendously expensive in the past, so paintings of blue Florges are highly valuable.",It is said that there was once a Florges that protected the garden of a castle for over 300 years.,"Blue pigments were tremendously expensive in the past, so paintings of blue Florges are highly valuable."
671/default/scarlet,flavor_text,"Though usually compassionate, Florges will hunt down anyone who vandalizes its flower garden, showing no mercy even if they beg for their lives.",It is said that there was once a Florges that protected the garden of a castle for over 300 years.,"Though usually compassionate, Florges will hunt down anyone who vandalizes its flower garden, showing no mercy even if they beg for their lives."
671/default/violet,flavor_text,"Blue pigments were tremendously expensive in the past, so paintings of blue Florges are highly valuable.",This Pokémon battles by drawing forth the power of yellow flowers. It ruthlessly punishes anyone who tramples on flowering plants.,"Blue pigments were tremendously expensive in the past, so paintings of blue Florges are highly valuable."
590/default/sword,flavor_text,"No one knows what the Poké Ball–like pattern on
Foongus means or why Foongus has it.",No one knows what the Poké Ball-like pattern on Foongus means or why Foongus has it.,"No one knows what the Poké Ball–like pattern on
Foongus means or why Foongus has it."
592/default/shield,flavor_text,"Legend has it that the residents of a sunken
ancient city changed into these Pokémon.","Its thin, veillike arms have tens of thousands of poisonous stingers. Females have slightly longer stingers.*","Legend has it that the residents of a sunken
ancient city changed into these Pokémon."
592/default/shield,flavor_text,"Legend has it that the residents of a sunken
ancient city changed into these Pokémon.",Legend has it that the residents of a sunken ancient city changed into these Pokémon.*,"Legend has it that the residents of a sunken
ancient city changed into these Pokémon."
478/default/black,flavor_text,"It freezes prey by blowing its -58
degrees F breath. It is said to
then secretly display its prey.",It freezes prey by blowing its -58 degree F breath. It is said to then secretly display its prey.,"It freezes prey by blowing its -58
degrees F breath. It is said to
then secretly display its prey."
478/default/black-2,flavor_text,"It freezes prey by blowing its -58
degrees F breath. It is said to
then secretly display its prey.",It freezes prey by blowing its -58 degree F breath. It is said to then secretly display its prey.,"It freezes prey by blowing its -58
degrees F breath. It is said to
then secretly display its prey."
478/default/platinum,flavor_text,"It freezes prey by blowing its -58
degrees F breath. It is said to
then secretly display its prey.",It freezes prey by blowing its -58 degree F breath. It is said to then secretly display its prey.,"It freezes prey by blowing its -58
degrees F breath. It is said to
then secretly display its prey."
478/default/soulsilver,flavor_text,"Legends in snowy regions say that
a woman who was lost on an icy
mountain was reborn as FROSLASS",Legends in snowy regions say that a woman who was lost on an icy mountain was reborn as Froslass[sic],"Legends in snowy regions say that
a woman who was lost on an icy
mountain was reborn as FROSLASS"
478/default/white,flavor_text,"It freezes prey by blowing its -58
degrees F breath. It is said to
then secretly display its prey.",It freezes prey by blowing its -58 degree F breath. It is said to then secretly display its prey.,"It freezes prey by blowing its -58
degrees F breath. It is said to
then secretly display its prey."
478/default/white-2,flavor_text,"It freezes prey by blowing its -58
degrees F breath. It is said to
then secretly display its prey.",It freezes prey by blowing its -58 degree F breath. It is said to then secretly display its prey.,"It freezes prey by blowing its -58
degrees F breath. It is said to
then secretly display its prey."
162/default/crystal,flavor_text,"It lives in narrow
burrows that fit
its slim body. Thedeeper the nests
go, the more maze­
like they become.","It lives in narrow burrows that fit its slim body. The deeper the nests go, the more maze-like they become.","It lives in narrow
burrows that fit
its slim body. Thedeeper the nests
go, the more maze­
like they become."
92/default/legends-arceus,flavor_text,"Gaseous and completely impalpable. Also highly dangerous—
inhaling part of its poisonous body will cause one to
faint instantly.",Gaseous and completely impalpable. Also highly dangerous—inhaling part of its poisonous body will cause one to faint instantly.,"Gaseous and completely impalpable. Also highly dangerous—
inhaling part of its poisonous body will cause one to
faint instantly."
423/default/legends-arceus,flavor_text,"Eats beach sand for nourishment. Should one Gastrodon
encounter another of a different color, a fierce battle will inevitably ensue.",Found more often on the land than in the sea. More active when it's cloudy or rainy out than when the weather is fair.,"Eats beach sand for nourishment. Should one Gastrodon
encounter another of a different color, a fierce battle will inevitably ensue."
423/default/moon,flavor_text,"Plankton, invisible to the naked eye, is its main
food source. It comes onto the land periodically,
but the reason for this is not known.",Experiments are being conducted to discover what happens when a Gastrodon is raised in a location other than the sea where it was born.,"Plankton, invisible to the naked eye, is its main
food source. It comes onto the land periodically,
but the reason for this is not known."
423/default/shield,flavor_text,"The softness of its body helps disperse the force
of impacts, so although its body is uncommonly
squishy, it’s also surprisingly resilient.","Its body is covered in a sticky slime. It's very susceptible to dehydration, so it can't spend too much time on land.","The softness of its body helps disperse the force
of impacts, so although its body is uncommonly
squishy, it’s also surprisingly resilient."
423/default/sun,flavor_text,"It has strong regenerative capabilities. Even if
parts of it are bitten off by fish Pokémon, it will
return to normal within a few hours.",A team of researchers is scouring the oceans of the world in search of a Gastrodon in a color never seen before.,"It has strong regenerative capabilities. Even if
parts of it are bitten off by fish Pokémon, it will
return to normal within a few hours."
423/default/sword,flavor_text,"Its search for food sometimes leads it onto land,
where it leaves behind a sticky trail of slime as it
passes through.","It secretes a purple fluid to deter enemies. This fluid isn't poisonous—instead, it's super sticky, and once it sticks, it's very hard to unstick.","Its search for food sometimes leads it onto land,
where it leaves behind a sticky trail of slime as it
passes through."
423/default/ultra-moon,flavor_text,"Their shape and color change, depending on
their environment and diet. There are many of
them at beaches where the waves are calm.","A relative of Shellder and Cloyster, this ocean dweller sometimes comes onto land in search of food.","Their shape and color change, depending on
their environment and diet. There are many of
them at beaches where the waves are calm."
423/default/ultra-sun,flavor_text,"Long ago, it had a shell on its back. There’s now
a vestigial plate on its back that’s hard but thin.","When it's attacked, it gushes a purple liquid that's not poisonous but makes Gastrodon's meat bitter and inedible.","Long ago, it had a shell on its back. There’s now
a vestigial plate on its back that’s hard but thin."
423/default/scarlet,flavor_text,"They normally inhabit rocky seashores, but in times of continuous rain, they can sometimes be found in the mountains, far from the sea.","Its whole body is sticky with mucus. In the past, this form of Gastrodon was by far the more numerous one.","They normally inhabit rocky seashores, but in times of continuous rain, they can sometimes be found in the mountains, far from the sea."
423/default/violet,flavor_text,"Fishers say that they didn't see many of these Pokémon in the past, but this form of Gastrodon is now increasing in number.","It appears on beaches where the waters are shallow. Once it catches prey, it will slowly melt them with its mucus before slurping them up.","Fishers say that they didn't see many of these Pokémon in the past, but this form of Gastrodon is now increasing in number."
649/default/legends-za,flavor_text,Genesect possesses sharp steel claws. Its current form is equipped with a cassette loaded with fire energy.,Genesect is devoid of mercy. Its current form is equipped with a cassette loaded with ice energy.,Genesect possesses sharp steel claws. Its current form is equipped with a cassette loaded with fire energy.
649/default/legends-za,flavor_text,Genesect possesses sharp steel claws. Its current form is equipped with a cassette loaded with fire energy.,"This bug Pokémon of the Paleozoic era was revived by a certain organization, which also upgraded the cannon on Genesect's back.",Genesect possesses sharp steel claws. Its current form is equipped with a cassette loaded with fire energy.
649/default/legends-za,flavor_text,Genesect possesses sharp steel claws. Its current form is equipped with a cassette loaded with fire energy.,Genesect assumes its flight configuration to soar through the sky. Its current form is equipped with a cassette loaded with water energy.,Genesect possesses sharp steel claws. Its current form is equipped with a cassette loaded with fire energy.
649/default/legends-za,flavor_text,Genesect possesses sharp steel claws. Its current form is equipped with a cassette loaded with fire energy.,Genesect fires off projectile energy blasts. Its current form is equipped with a cassette loaded with electric energy.,Genesect possesses sharp steel claws. Its current form is equipped with a cassette loaded with fire energy.
526/default/shield,flavor_text,"Although its energy blasts can blow away
a dump truck, they have a limitation—
they can only be fired when the sun is out.","Although its energy blasts can blow away a dump truck, they have a limitation—they can only be fired when the sun is out.","Although its energy blasts can blow away
a dump truck, they have a limitation—
they can only be fired when the sun is out."
55/default/silver,flavor_text,"It appears by
waterways at dusk.
It may use tele­kinetic powers if
its forehead glows
mysteriously.",It appears by waterways at dusk. It may use telekinetic powers if its forehead glows mysteriously.,"It appears by
waterways at dusk.
It may use tele­kinetic powers if
its forehead glows
mysteriously."
210/default/gold,flavor_text,"It is actually
timid and easily
spooked. If at­tacked, it flails
about to fend off
its attacker.","It is actually timid and easily spooked. If attacked, it flails about to fend off its attacker.","It is actually
timid and easily
spooked. If at­tacked, it flails
about to fend off
its attacker."
58/default/gold,flavor_text,"It has a brave and
trustworthy na­
ture. It fear­lessly stands up
to bigger and
stronger foes.",It has a brave and trustworthy nature. It fearlessly stands up to bigger and stronger foes.,"It has a brave and
trustworthy na­
ture. It fear­lessly stands up
to bigger and
stronger foes."
58/default/silver,flavor_text,"Extremely loyal,
it will fearlessly
bark at any oppo­nent to protect
its own trainer
from harm.","Extremely loyal, it will fearlessly bark at any opponent to protect its own trainer from harm.","Extremely loyal,
it will fearlessly
bark at any oppo­nent to protect
its own trainer
from harm."
297/default/moon,flavor_text,"They love to compare their freakish strength—
strength enough to send a truck flying with a
single slap.",They love to compare their freakish strength—strength enough to send a truck flying with a single slap.,"They love to compare their freakish strength—
strength enough to send a truck flying with a
single slap."
214/default/crystal,flavor_text,"With its Herculean
powers, it can
easily throw arou­nd an object that
is 100 times its
own weight.","With its Herculean powers, it can easily throw around an object that is 100 times its own weight.","With its Herculean
powers, it can
easily throw arou­nd an object that
is 100 times its
own weight."
449/default/shield,flavor_text,"This Pokémon is active during the day and passes
the cold desert nights burrowed snugly into
the sand.",This Pokémon is active during the day and passes the cold desert nights burrowed snuggly into the sand.,"This Pokémon is active during the day and passes
the cold desert nights burrowed snugly into
the sand."
250/default/gold,flavor_text,"Legends claim this
POKéMON flies the
world's skies con­tinuously on its
magnificent seven-
colored wings.",Legends claim this Pokémon flies the world's skies continuously on its magnificent seven-colored wings.,"Legends claim this
POKéMON flies the
world's skies con­tinuously on its
magnificent seven-
colored wings."
116/default/red,flavor_text,"Known to shoot
down flying bugs
with precisionblasts of ink
from the surface
of the water.","It maintains balance using its tail, which is wound up like a coil. It may spray ink from its mouth.","Known to shoot
down flying bugs
with precisionblasts of ink
from the surface
of the water."
727/default/shield,flavor_text,"Incineroar’s rough and aggressive behavior is its
most notable trait, but the way it helps out small
Pokémon shows that it has a kind side as well.","Incineroar's rough and aggressive behavior is its most notable trait, but the way it helps out small Pokémon shows that it has a kind side as well.*","Incineroar’s rough and aggressive behavior is its
most notable trait, but the way it helps out small
Pokémon shows that it has a kind side as well."
727/default/sword,flavor_text,"It excels at violent, no-holds-barred battles.
The temperature of the flames that issue from its
navel exceeds 3,600 degrees Fahrenheit.","It excels at violent, no-holds-barred battles. The temperature of the flames that issue from its navel exceeds 3,600 degrees Fahrenheit.*","It excels at violent, no-holds-barred battles.
The temperature of the flames that issue from its
navel exceeds 3,600 degrees Fahrenheit."
593/default/shield,flavor_text,"Whenever a full moon hangs in the night sky,
schools of Jellicent gather near the surface of
the sea, waiting for their prey to appear.",The crown on its head gets bigger and bigger as it absorbs more and more of the life-force of other creatures.*,"Whenever a full moon hangs in the night sky,
schools of Jellicent gather near the surface of
the sea, waiting for their prey to appear."
593/default/sword,flavor_text,"Most of this Pokémon’s body composition is
identical to sea water. It makes sunken ships
its lair.",These Pokémon have body compositions that are mostly identical to seawater. They make their lairs from sunken ships.*,"Most of this Pokémon’s body composition is
identical to sea water. It makes sunken ships
its lair."
593/default/shield,flavor_text,"Whenever a full moon hangs in the night sky,
schools of Jellicent gather near the surface of
the sea, waiting for their prey to appear.","Whenever a full moon hangs in the night sky, schools of Jellicent gather near the surface of the sea, waiting for their prey to appear.*","Whenever a full moon hangs in the night sky,
schools of Jellicent gather near the surface of
the sea, waiting for their prey to appear."
593/default/sword,flavor_text,"Most of this Pokémon’s body composition is
identical to sea water. It makes sunken ships
its lair.",Most of this Pokémon's body composition is identical to sea water. It makes sunken ships its lair.*,"Most of this Pokémon’s body composition is
identical to sea water. It makes sunken ships
its lair."
385/default/shield,flavor_text,"It’s believed that when this Pokémon wakes from
its 1,000-year slumber, it will grant any wishes
written on the notes attached to its head.","It's believed that when this Pokémon wakes from its 1,000-year slumber, it will grant any wishes written on the notes attached to its head.*","It’s believed that when this Pokémon wakes from
its 1,000-year slumber, it will grant any wishes
written on the notes attached to its head."
385/default/sword,flavor_text,"Once every 1,000 years, the singing of a pure
voice will rouse this Pokémon from its near-
perpetual slumber. It wakes for only seven days.","Once every 1,000 years, the singing of a pure voice will rouse this Pokémon from its near-perpetual slumber. It wakes for only seven days.*","Once every 1,000 years, the singing of a pure
voice will rouse this Pokémon from its near-
perpetual slumber. It wakes for only seven days."
141/default/red,flavor_text,"Its sleek shape is
perfect for swim­
ming. It slashesprey with its
claws and drains
the body fluids.",It swims freely through water. It catches prey with its scythe-like arms and drains the victim's fluids.,"Its sleek shape is
perfect for swim­
ming. It slashesprey with its
claws and drains
the body fluids."
64/default/crystal,flavor_text,"When it closes its
eyes, twice as
many alpha parti­cles come out of
the surface of its
body.","When it closes its eyes, twice as many alpha particles come out of the surface of its body.","When it closes its
eyes, twice as
many alpha parti­cles come out of
the surface of its
body."
64/default/firered,flavor_text,"It happened one morning - a boy with
extrasensory powers awoke in bed
transformed into KADABRA.",It happened one morning -a boy with extrasensory powers awoke in bed transformed into Kadabra.,"It happened one morning - a boy with
extrasensory powers awoke in bed
transformed into KADABRA."
64/default/pearl,flavor_text,"When it uses its psychic power, it
emits strong ha waves that can
ruin precision devices.","When it uses its psychic power, it emits strong alpha waves that can ruin precision devices.","When it uses its psychic power, it
emits strong ha waves that can
ruin precision devices."
109/default/crystal,flavor_text,"If one gets close
enough to it when
it expels poison­ous gas, the gas
swirling inside it
can be seen.","If one gets close enough to it when it expels poisonous gas, the gas swirling inside it can be seen.","If one gets close
enough to it when
it expels poison­ous gas, the gas
swirling inside it
can be seen."
1007/default/scarlet,flavor_text,This seems to be the Winged King mentioned in an old expedition journal. It was said to have split the land with its bare fists.,The ecology and other data about this Pokémon are unknown. It was named Koraidon by the professor who discovered it.*,This seems to be the Winged King mentioned in an old expedition journal. It was said to have split the land with its bare fists.
1007/default/violet,flavor_text,"This Pokémon resembles Cyclizar, but it is far burlier and more ferocious. Nothing is known about its ecology or other features.",It has similar characteristics to a creature described in an old book as the Winged King.*,"This Pokémon resembles Cyclizar, but it is far burlier and more ferocious. Nothing is known about its ecology or other features."
171/default/y,flavor_text,"It blinds prey with an intense burst of light.
With the prey incapacitated, the Pokémon
swallows it in a single gulp.",This Pokémon flashes a bright light that blinds its prey. This creates an opening for it to deliver an electrical attack.,"It blinds prey with an intense burst of light.
With the prey incapacitated, the Pokémon
swallows it in a single gulp."
108/default/crystal,flavor_text,"It has a tongue
that is over 6’6’’
long. It uses thislong tongue to
lick its body
clean.","It has a tongue that is over 6'6"" long. It uses this long tongue to lick its body clean.","It has a tongue
that is over 6’6’’
long. It uses thislong tongue to
lick its body
clean."
428/default/sword,flavor_text,"Lopunny is constantly monitoring its surroundings.
If danger approaches, this Pokémon responds
with superdestructive kicks.","Lopunny is constantly monitoring its surroundings. If dangers approaches, this Pokémon responds with superdestructive kicks.","Lopunny is constantly monitoring its surroundings.
If danger approaches, this Pokémon responds
with superdestructive kicks."
448/default/moon,flavor_text,"They can detect the species of a living being—
and its emotions—from over half a mile away.
They control auras and hunt their prey in packs.",They can detect the species of a living being—and its emotions—from over half a mile away. They control auras and hunt their prey in packs.,"They can detect the species of a living being—
and its emotions—from over half a mile away.
They control auras and hunt their prey in packs."
249/default/crystal,flavor_text,"It has an incred­
ible ability to
calm raging sto­rms. It is said
that LUGIA appears
when storms start.",It has an incredible ability to calm raging storms. It is said that Lugia appears when storms start.,"It has an incred­
ible ability to
calm raging sto­rms. It is said
that LUGIA appears
when storms start."
249/default/ruby,flavor_text,"LUGIA’s wings pack devastating power -
a light fluttering of its wings can blow
apart regular houses.As a result, this POKéMON chooses to
live out of sight deep under the sea.","Lugia's wings pack devastating power - a light fluttering of its wings can blow apart regular houses. As a result, this Pokémon chooses to live out of sight deep under the sea.","LUGIA’s wings pack devastating power -
a light fluttering of its wings can blow
apart regular houses.As a result, this POKéMON chooses to
live out of sight deep under the sea."
249/default/sapphire,flavor_text,"LUGIA’s wings pack devastating power -
a light fluttering of its wings can blow
apart regular houses.As a result, this POKéMON chooses to
live out of sight deep under the sea.","Lugia's wings pack devastating power - a light fluttering of its wings can blow apart regular houses. As a result, this Pokémon chooses to live out of sight deep under the sea.","LUGIA’s wings pack devastating power -
a light fluttering of its wings can blow
apart regular houses.As a result, this POKéMON chooses to
live out of sight deep under the sea."
457/default/legends-arceus,flavor_text,"Uses its gleaming fins to hunt its prey. The view of Lumineon
schooling near the surface of the sea at night is breathtaking—
it's as though there were shining stars right there.",Uses its gleaming fins to hunt its prey. The view of Lumineon schooling near the surface of the sea at night is breathtaking—it's as though there were shining stars right there.,"Uses its gleaming fins to hunt its prey. The view of Lumineon
schooling near the surface of the sea at night is breathtaking—
it's as though there were shining stars right there."
792/default/shield,flavor_text,"It steals the light from its surroundings and then
becomes the full moon, showering its own light
across the night sky.","It steals the light from its surroundings and then becomes the full moon, showering its own light across the night sky.*","It steals the light from its surroundings and then
becomes the full moon, showering its own light
across the night sky."
792/default/sword,flavor_text,"Known as the Beast That Calls the Moon, this
Pokémon lives by taking in any and all light and
converting it into its own energy.","Known as the Beast That Calls the Moon, this Pokémon lives by taking in any and all light and converting it into its own energy.*","Known as the Beast That Calls the Moon, this
Pokémon lives by taking in any and all light and
converting it into its own energy."
745/default/moon,flavor_text,"When properly raised from a young age, it will
become a trustworthy partner that will
absolutely never betray its Trainer.","It goads its enemies into attacking, withstands the hits, and in return, delivers a headbutt, crushing their bones with its rocky mane.","When properly raised from a young age, it will
become a trustworthy partner that will
absolutely never betray its Trainer."
745/default/shield,flavor_text,"With swift movements, this Pokémon gradually
backs its prey into a corner. Lycanroc’s fangs are
always aimed toward opponents’ weak spots.",It's invigorated by powerful opponents–the stronger the better. A full-force headbutt from one of these Lycanroc can shatter giant boulders.,"With swift movements, this Pokémon gradually
backs its prey into a corner. Lycanroc’s fangs are
always aimed toward opponents’ weak spots."
745/default/sun,flavor_text,"Its quick movements confuse its enemies.
Well equipped with claws and fangs, it also uses
the sharp rocks in its mane as weapons.","The more intimidating the opponent it faces, the more this Pokémon's blood boils. It will attack with no regard for its own safety.","Its quick movements confuse its enemies.
Well equipped with claws and fangs, it also uses
the sharp rocks in its mane as weapons."
745/default/sword,flavor_text,"This Lycanroc is calm and cautious. The rocks
jutting from its mane are razor sharp.","This form of Lycanroc is reckless. It charges headlong at its opponents, attacking without any care about what injuries it might receive.","This Lycanroc is calm and cautious. The rocks
jutting from its mane are razor sharp."
745/default/ultra-moon,flavor_text,"The rocks in its mane are sharper than a knife.
Fragments that break off are treasured as
good luck charms.",They live alone without forming packs. They will only listen to orders from Trainers who can draw out their true power.,"The rocks in its mane are sharper than a knife.
Fragments that break off are treasured as
good luck charms."
745/default/ultra-sun,flavor_text,"The sharp rocks in its mane can cut like knives.
Lycanroc wears its prey down by degrees
before finishing them off.",It has no problem ignoring orders it doesn't like. It doesn't seem to mind getting hurt at all—as long as it can finish off its opponent.,"The sharp rocks in its mane can cut like knives.
Lycanroc wears its prey down by degrees
before finishing them off."
240/default/ultra-moon,flavor_text,"Its body temperature is always around 1,100
degrees Fahrenheit. If Magby falls into a small-
enough pond, the whole thing will dry up.","Its body temperature is always around 1,100 degrees Fahrenheit. If Magby falls into a small- enough pond, the whole thing will dry up.","Its body temperature is always around 1,100
degrees Fahrenheit. If Magby falls into a small-
enough pond, the whole thing will dry up."
467/default/black-2,flavor_text,"When shooting 3,600 degree F fireballs
from its arms, its body takes on a
whitish hue from the intense heat.","When shooting 3,600 degrees F fireballs from its arms, its body takes on a whitish hue from the intense heat.","When shooting 3,600 degree F fireballs
from its arms, its body takes on a
whitish hue from the intense heat."
467/default/shield,flavor_text,"Living in the crater of a volcano has caused this
Pokémon’s body to resemble its environment—
it has an organ similar to a magma chamber.",Living in the crater of a volcano has caused this Pokémon's body to resemble its environment—it has an organ similar to a magma chamber.,"Living in the crater of a volcano has caused this
Pokémon’s body to resemble its environment—
it has an organ similar to a magma chamber."
467/default/white-2,flavor_text,"When shooting 3,600 degree F fireballs
from its arms, its body takes on a
whitish hue from the intense heat.","When shooting 3,600 degrees F fireballs from its arms, its body takes on a whitish hue from the intense heat.","When shooting 3,600 degree F fireballs
from its arms, its body takes on a
whitish hue from the intense heat."
81/default/silver,flavor_text,"The units at the
sides of its body
generate anti­gravity energy to
keep it aloft in
the air.",The units at the sides of its body generate anti-gravity energy to keep it aloft in the air.,"The units at the
sides of its body
generate anti­gravity energy to
keep it aloft in
the air."
82/default/silver,flavor_text,"The MAGNEMITE are
united by a mag­
netism so power­ful, it dries all
moisture in its
vicinities.","The Magnemite are united by a magnetism so powerful, it dries all moisture in its vicinities.","The MAGNEMITE are
united by a mag­
netism so power­ful, it dries all
moisture in its
vicinities."
82/default/yellow,flavor_text,"Generates strange
radio signals. It
raises the tem­perature by 3.6F
degrees within
3,300 feet.","Generates strange radio signals. It raises the temperature by 3.6F degrees within 3,300 feet.","Generates strange
radio signals. It
raises the tem­perature by 3.6F
degrees within
3,300 feet."
296/default/sapphire,flavor_text,"MAKUHITA has a tireless spirit -
it will never give up hope. It eats a lot
of food, gets plenty of sleep, and ittrains very rigorously. By living that
way, this POKéMON packs its body with
energy.","Makuhita has a tireless spirit - it will never give up hope. It eats a lot of food, gets plenty of sleep, and it trains very rigorously. By living that way, this Pokémon packs its body with energy.","MAKUHITA has a tireless spirit -
it will never give up hope. It eats a lot
of food, gets plenty of sleep, and ittrains very rigorously. By living that
way, this POKéMON packs its body with
energy."
802/default/shield,flavor_text,"This Pokémon can conceal itself in any shadow,
so it went undiscovered for a long time.","This Pokémon can conceal itself in any shadow, so it went undiscovered for a long time.*","This Pokémon can conceal itself in any shadow,
so it went undiscovered for a long time."
802/default/sword,flavor_text,"By slipping into the shadow of a martial arts
master and copying their movements, this
Pokémon learned the ultimate techniques.","By slipping into the shadow of a martial arts master and copying their movements, this Pokémon learned the ultimate techniques.*","By slipping into the shadow of a martial arts
master and copying their movements, this
Pokémon learned the ultimate techniques."
303/default/ruby,flavor_text,"MAWHILE’s huge jaws are actually steel
horns that have been transformed.
Its docile-looking face serves to lullits foe into letting down its guard.
When the foe least expects it, MAWHILE
chomps it with its gaping jaws.","Mawile's huge jaws are actually steel horns that have been transformed. Its docile-looking face serves to lull its foe into letting down its guard. When the foe least expects it, Mawile chomps it with its gaping jaws.","MAWHILE’s huge jaws are actually steel
horns that have been transformed.
Its docile-looking face serves to lullits foe into letting down its guard.
When the foe least expects it, MAWHILE
chomps it with its gaping jaws."
303/default/sapphire,flavor_text,"Don’t be taken in by this POKéMON’s
cute face - it’s very dangerous. MAWILE
fools the foe into letting down itsguard, then chomps down with its
massive jaws. The steel jaws are really
horns that have been transformed.",Don't be taken by this Pokémon's cute face - it's very dangerous. Mawile fools the foe into letting down its guard then chomps down with its massive jaws. The steel jaws are really horns that have been transformed.,"Don’t be taken in by this POKéMON’s
cute face - it’s very dangerous. MAWILE
fools the foe into letting down itsguard, then chomps down with its
massive jaws. The steel jaws are really
horns that have been transformed."
808/default/shield,flavor_text,"They live as a group, but when the time comes,
one strong Meltan will absorb all the others
and evolve.","They live as a group, but when the time comes, one strong Meltan will absorb all the others and evolve.*","They live as a group, but when the time comes,
one strong Meltan will absorb all the others
and evolve."
808/default/sword,flavor_text,"It dissolves and eats metal. Circulating liquid
metal within its body is how it generates energy.",It dissolves and eats metal. Circulating liquid metal within its body is how it generates energy.*,"It dissolves and eats metal. Circulating liquid
metal within its body is how it generates energy."
908/default/scarlet,flavor_text,"This Pokémon uses the reflective fur lining its cape to camouflage the stem of its flower, creating the illusion that the flower is floating.","This Pokémon uses the reflective fur lining in its cape to camouflage the stem of its flower, creating the illusion that the flower is floating.","This Pokémon uses the reflective fur lining its cape to camouflage the stem of its flower, creating the illusion that the flower is floating."
11/default/gold,flavor_text,"Inside the shell,
it is soft and
weak as it pre­pares to evolve.
It stays motion­
less in the shell.","Inside the shell, it is soft and weak as it prepares to evolve. It stays motionless in the shell.","Inside the shell,
it is soft and
weak as it pre­pares to evolve.
It stays motion­
less in the shell."
619/default/shield,flavor_text,"Though small, Mienfoo’s temperament is fierce.
Any creature that approaches Mienfoo carelessly
will be greeted with a flurry of graceful attacks.","Though small, Mienfoo's temperament is fierce. Any creature that approaches Mienfoo carelessly will be met with a flurry of attacks.","Though small, Mienfoo’s temperament is fierce.
Any creature that approaches Mienfoo carelessly
will be greeted with a flurry of graceful attacks."
241/default/silver,flavor_text,"If it has just had
a baby, the milk
it produces con­tains much more
nutrition than
usual.","If it has just had a baby, the milk it produces contains much more nutrition than usual.","If it has just had
a baby, the milk
it produces con­tains much more
nutrition than
usual."
1008/default/scarlet,flavor_text,"Much remains unknown about this creature. It resembles Cyclizar, but it is far more ruthless and powerful.",Its characteristics match those of a mysterious object recorded in an old expedition journal as the Iron Serpent.*,"Much remains unknown about this creature. It resembles Cyclizar, but it is far more ruthless and powerful."
1008/default/violet,flavor_text,This seems to be the Iron Serpent mentioned in an old book. The Iron Serpent is said to have turned the land to ash with its lightning.,It was given the name Miraidon by the professor who discovered it. Its ecology and other details are unknown.*,This seems to be the Iron Serpent mentioned in an old book. The Iron Serpent is said to have turned the land to ash with its lightning.
89/default/gold,flavor_text,"They love to gath­
er in smelly areas
where sludge ac­cumulates, making
the stench around
them worse.","They love to gather in smelly areas where sludge accumulates, making the stench around them worse.","They love to gath­
er in smelly areas
where sludge ac­cumulates, making
the stench around
them worse."
800/default/shield,flavor_text,"It needs light to survive, and it goes on a
rampage seeking it out. Its laser beams will
cut anything to pieces.","It needs light to survive, and it goes on a rampage seeking it out. Its laser beams will cut anything to pieces.*","It needs light to survive, and it goes on a
rampage seeking it out. Its laser beams will
cut anything to pieces."
800/default/sword,flavor_text,"It survives by absorbing light. After a long time
spent slumbering underground, impurities
accumulated within it, causing its body to darken.","It survives by absorbing light. After a long time spent slumbering underground, impurities accumulated within it, causing its body to darken.*","It survives by absorbing light. After a long time
spent slumbering underground, impurities
accumulated within it, causing its body to darken."
31/default/red,flavor_text,"Its hard scales
provide strong
protection. Ituses its hefty
bulk to execute
powerful moves.","The body is covered by stiff, needle-like scales. If it becomes excited, the needles bristle outwards.","Its hard scales
provide strong
protection. Ituses its hefty
bulk to execute
powerful moves."
29/default/emerald,flavor_text,"Its highly toxic barbs are thought to have
developed as protection for this small-
bodied POKéMON. When enraged, it releases
a horrible toxin from its horn.","Its highly toxic barbs are thought to have developed as protection for this small- bodied Pokémon. When enraged, it releases a horrible toxin from its horn.","Its highly toxic barbs are thought to have
developed as protection for this small-
bodied POKéMON. When enraged, it releases
a horrible toxin from its horn."
29/default/gold,flavor_text,"The poison hidden
in its small horn
is extremely po­tent. Even a tiny
scratch can have
fatal results.",The poison hidden in its small horn is extremely potent. Even a tiny scratch can have fatal results.,"The poison hidden
in its small horn
is extremely po­tent. Even a tiny
scratch can have
fatal results."
30/default/gold,flavor_text,"When feeding its
young, it first
chews and tender­izes the food,
then spits it out
for the offspring.","When feeding its young, it first chews and tenderizes the food, then spits it out for the offspring.","When feeding its
young, it first
chews and tender­izes the food,
then spits it out
for the offspring."
38/default/sapphire,flavor_text,"Legend has it that NINETALES came into
being when nine wizards possessing
sacred powers merged into one.This POKéMON is highly intelligent - it
can understand human speech.",Legend has it that Ninetales came into being when nine wizards possessing sacred powers merged into one. This Pokémon is highly intelligent -it can understand human speech.,"Legend has it that NINETALES came into
being when nine wizards possessing
sacred powers merged into one.This POKéMON is highly intelligent - it
can understand human speech."
164/default/silver,flavor_text,"When it needs to
think, it rotates
its head 180 de­grees to sharpen
its intellectual
power.","When it needs to think, it rotates its head 180 degrees to sharpen its intellectual power.","When it needs to
think, it rotates
its head 180 de­grees to sharpen
its intellectual
power."
224/default/sword,flavor_text,"It has a tendency to want to be in holes. It
prefers rock crags or pots and sprays ink from
them before attacking.",It has a tendency to want to be in holes. It prefers rock crags or pots and sprays ink from them before attacking. (English) Its instinct is to bury itself in holes. It often steals the nesting holes of others to sleep in them. (Japanese),"It has a tendency to want to be in holes. It
prefers rock crags or pots and sprays ink from
them before attacking."
138/default/silver,flavor_text,"This POKéMON from
ancient times is
said to have navi­gated the sea by
adeptly twisting
its 10 tentacles.",This Pokémon from ancient times is said to have navigated the sea by adeptly twisting its 10 tentacles.,"This POKéMON from
ancient times is
said to have navi­gated the sea by
adeptly twisting
its 10 tentacles."
501/default/legends-arceus,flavor_text,"This Pokémon from the Unova region uses the shell on its belly
as a weapon to cut down its foes. Thus, I've conferred upon this
shell the name ”scalchop”.","This Pokémon from the Unova region uses the shell on its belly as a weapon to cut down its foes. Thus, I've conferred upon this shell the name ""scalchop.""","This Pokémon from the Unova region uses the shell on its belly
as a weapon to cut down its foes. Thus, I've conferred upon this
shell the name ”scalchop”."
46/default/alpha-sapphire,flavor_text,"Paras has parasitic mushrooms growing on its back called
tochukaso. They grow large by drawing nutrients from this
Bug Pokémon host. They are highly valued as a medicine
for extending life.",Paras has parasitic mushrooms growing on its back called tochukaso. They grow large by drawing nutrients from this Bug Pokémon host. They are highly valued as a medicine for extending life. (matches Pokémon Sapphire version 1.0),"Paras has parasitic mushrooms growing on its back called
tochukaso. They grow large by drawing nutrients from this
Bug Pokémon host. They are highly valued as a medicine
for extending life."
46/default/omega-ruby,flavor_text,"Paras has parasitic mushrooms growing on its back called
tochukaso. They grow large by drawing nutrients from this
Bug Pokémon host. They are highly valued as a medicine
for extending life.",Paras has parasitic mushrooms growing on its back called tochukaso. They grow large by drawing nutrients from this Bug Pokémon host. They are highly valued as a medicine for extending life. (matches Pokémon Sapphire version 1.0),"Paras has parasitic mushrooms growing on its back called
tochukaso. They grow large by drawing nutrients from this
Bug Pokémon host. They are highly valued as a medicine
for extending life."
46/default/ruby,flavor_text,"PARAS has parasitic mushrooms growing
on its back called tochukaso. They grow
large by drawing nutrients from the BUGPOKéMON host. They are highly valued as
a medicine for extending life.",Paras has parasitic mushrooms growing on its back called tochukaso. They grow large by drawing nutrients from the Bug Pokémon host. They are highly valued as a medicine for extending life. (Version 1.0) Paras has parasitic mushrooms growing on its back called tochukaso. They grow large by drawing nutrients from this Bug/Grass Pokémon host. They are highly valued as a medicine for extending life. (Versions 1.1 and 1.2),"PARAS has parasitic mushrooms growing
on its back called tochukaso. They grow
large by drawing nutrients from the BUGPOKéMON host. They are highly valued as
a medicine for extending life."
46/default/sapphire,flavor_text,"PARAS has parasitic mushrooms growing
on its back called tochukaso. They grow
large by drawing nutrients from thisBUG POKéMON host. They are highly
valued as a medicine for extending life.",Paras has parasitic mushrooms growing on its back called tochukaso. They grow large by drawing nutrients from this Bug Pokémon host. They are highly valued as a medicine for extending life. (Version 1.0) Paras has parasitic mushrooms growing on its back called tochukaso. They grow large by drawing nutrients from this Bug/Grass Pokémon host. They are highly valued as a medicine for extending life. (Versions 1.1 and 1.2),"PARAS has parasitic mushrooms growing
on its back called tochukaso. They grow
large by drawing nutrients from thisBUG POKéMON host. They are highly
valued as a medicine for extending life."
548/default/shield,flavor_text,"The deeper the color of a Petilil’s leaves, the
healthier the Pokémon is. Petilil sometimes makes
its home in a well-tended field or flowerbed.","The deeper the color of a Petilil's leaves, the healthier the Pokémon is. Petilil sometimes make its home in a well-tended field or flowerbed.","The deeper the color of a Petilil’s leaves, the
healthier the Pokémon is. Petilil sometimes makes
its home in a well-tended field or flowerbed."
1012/default/scarlet,flavor_text,"Supposedly, the regrets of a tea ceremony master who died before perfecting his craft lingered in some matcha and became a Pokémon.",It sprinkles some of its powdery body onto food and drains the life-force from those who so much as lick it.,"Supposedly, the regrets of a tea ceremony master who died before perfecting his craft lingered in some matcha and became a Pokémon."
1012/default/violet,flavor_text,"Poltchageist looks like a regional form of Sinistea, but it was recently discovered that the two Pokémon are entirely unrelated.",It has taken up residence in a very expensive tea caddy. It takes an expert to distinguish the expensive tea caddies from the cheap ones.,"Poltchageist looks like a regional form of Sinistea, but it was recently discovered that the two Pokémon are entirely unrelated."
855/default/shield,flavor_text,"Leaving leftover black tea unattended is asking
for this Pokémon to come along and pour itself
into it, turning the tea into a new Polteageist.","When angered, it launches tea from its body at the offender's mouth. The tea causes strong chills if swallowed.","Leaving leftover black tea unattended is asking
for this Pokémon to come along and pour itself
into it, turning the tea into a new Polteageist."
855/default/sword,flavor_text,"This species lives in antique teapots.
Most pots are forgeries, but on rare occasions,
an authentic work is found.",Trainers Polteageist trusts will be allowed to experience its distinctive flavor and aroma firsthand by sampling just a tiny bit of its tea.,"This species lives in antique teapots.
Most pots are forgeries, but on rare occasions,
an authentic work is found."
855/default/scarlet,flavor_text,Apparently a Polteageist’s disposition is affected by the type of tea the Pokémon came from. What teapot it inhabits makes no difference.,"The tea that composes Polteageist’s body has a distinct and enjoyable flavor. Drinking too much, however, can be fatal.",Apparently a Polteageist’s disposition is affected by the type of tea the Pokémon came from. What teapot it inhabits makes no difference.
855/default/violet,flavor_text,"Though risky to drink, this Pokémon's tea tastes delicious. Gourmets who have no fear of danger drink Polteageist tea day after day.",These Pokémon multiply by creeping into teapots and pouring themselves into leftover tea.,"Though risky to drink, this Pokémon's tea tastes delicious. Gourmets who have no fear of danger drink Polteageist tea day after day."
728/default/shield,flavor_text,"If Popplio want to create big, powerful balloons,
they must be persistent. It takes daily practice for
these Pokémon to develop their skills.","If Popplio want to create big, powerful balloons, they must be persistent. It takes daily practice for these Pokémon to develop their skills.*","If Popplio want to create big, powerful balloons,
they must be persistent. It takes daily practice for
these Pokémon to develop their skills."
728/default/sword,flavor_text,"It creates special bouncy balloons to send at its
opponents. When the balloons pop, the sheer
force of their bursting is what deals damage.","It creates special bouncy balloons to send at its opponents. When the balloons pop, the sheer force of their bursting is what deals damage.*","It creates special bouncy balloons to send at its
opponents. When the balloons pop, the sheer
force of their bursting is what deals damage."
137/default/silver,flavor_text,"A manmade POKéMON
that came about as
a result of re­search. It is pro­
grammed with only
basic motions.",A manmade Pokémon that came about as a result of research. It is programmed with only basic motions.,"A manmade POKéMON
that came about as
a result of re­search. It is pro­
grammed with only
basic motions."
26/default/gold,flavor_text,"When its electric­
ity builds, its
muscles are stimu­lated, and it be­
comes more aggres­
sive than usual.","When its electricity builds, its muscles are stimulated, and it becomes more aggressive than usual.","When its electric­
ity builds, its
muscles are stimu­lated, and it be­
comes more aggres­
sive than usual."
26/default/legends-arceus,flavor_text,"It can discharge bursts of electricity exceeding 100,000 volts—
a single strike with that amount of power would incapacitate one
of the Copperajah of my homeland.","It can discharge bursts of electricity exceeding 100,000 volts—a single strike with that amount of power would incapacitate one of the Copperajah of my homeland.","It can discharge bursts of electricity exceeding 100,000 volts—
a single strike with that amount of power would incapacitate one
of the Copperajah of my homeland."
78/default/crystal,flavor_text,"It just loves to
gallop. The faster
it goes, the long­er the swaying
flames of its mane
will become.","It just loves to gallop. The faster it goes, the longer the swaying flames of its mane will become.","It just loves to
gallop. The faster
it goes, the long­er the swaying
flames of its mane
will become."
19/default/ruby,flavor_text,"RATTATA is cautious in the extreme.
Even while it is asleep, it constantly
listens by moving its ears around.It is not picky about where it lives -
it will make its nest anywhere.","Rattata is cautious in the extreme. Even while it is asleep, it constantly listens by moving its ears around. It is not picky about where it lives - it will make its nest anywhere.","RATTATA is cautious in the extreme.
Even while it is asleep, it constantly
listens by moving its ears around.It is not picky about where it lives -
it will make its nest anywhere."
19/default/sapphire,flavor_text,"RATTATA is cautious in the extreme.
Even while it is asleep, it constantly
listens by moving its ears around.It is not picky about where it lives -
it will make its nest anywhere.","Rattata is cautious in the extreme. Even while it is asleep, it constantly listens by moving its ears around. It is not picky about where it lives - it will make its nest anywhere.","RATTATA is cautious in the extreme.
Even while it is asleep, it constantly
listens by moving its ears around.It is not picky about where it lives -
it will make its nest anywhere."
486/default/shield,flavor_text,"It’s said that Regigigas created other Pokémon
from many different materials before it moved
the continents to where they are today.",It's said that Regigigas created other Pokémon from many different materials before it moved the continents to where they are today.*,"It’s said that Regigigas created other Pokémon
from many different materials before it moved
the continents to where they are today."
486/default/sword,flavor_text,"All over the world, there are legends that tell
of Regigigas creating other Pokémon in its
own image.","All over the world, there are legends that tell of Regigigas creating other Pokémon in its own image.*","All over the world, there are legends that tell
of Regigigas creating other Pokémon in its
own image."
27/default/shield,flavor_text,"It burrows into the ground to create its nest. If
hard stones impede its tunneling, it uses its sharp
claws to shatter them and then carries on digging.","It burrows into the ground to create its nest. If hard stones impede its tunneling, it uses its sharp claws to scatter them and then carries on digging.","It burrows into the ground to create its nest. If
hard stones impede its tunneling, it uses its sharp
claws to shatter them and then carries on digging."
27/default/sword,flavor_text,"It loves to bathe in the grit of dry, sandy areas.
By sand bathing, the Pokémon rids itself of dirt
and moisture clinging to its body.","It loves to bathe in the grit of dry, sandy areas. By sand bathing, this Pokémon rids itself of dirt and moisture clinging to its body.","It loves to bathe in the grit of dry, sandy areas.
By sand bathing, the Pokémon rids itself of dirt
and moisture clinging to its body."
28/default/sword,flavor_text,"The drier the area Sandslash lives in, the harder
and smoother the Pokémon’s spikes will feel
when touched.","The drier the area Sandslash lives in, the harder and smoother the Pokémon's spikes feel when touched.","The drier the area Sandslash lives in, the harder
and smoother the Pokémon’s spikes will feel
when touched."
586/default/scarlet,flavor_text,"There are many Sawsbuck enthusiasts. The darker the red of the foliage that hangs from its antlers, the more stylish the Sawsbuck is thought to be.",It seems that a Sawsbuck with many flowers on its antlers will grow at a slightly slower pace because the flowers absorb the Pokémon’s nutrients.,"There are many Sawsbuck enthusiasts. The darker the red of the foliage that hangs from its antlers, the more stylish the Sawsbuck is thought to be."
586/default/violet,flavor_text,Sawsbuck in their Autumn Form are known for having very short tempers. The males fight each other incessantly.,"There are many Sawsbuck enthusiasts. The paler the pink flowers that bloom on its antlers, the more beautiful the Sawsbuck is considered to be.",Sawsbuck in their Autumn Form are known for having very short tempers. The males fight each other incessantly.
586/default/scarlet,flavor_text,"There are many Sawsbuck enthusiasts. The darker the red of the foliage that hangs from its antlers, the more stylish the Sawsbuck is thought to be.","There are many Sawsbuck enthusiasts. The thicker and larger the branches and leaves on its antlers, the more majestic the Sawsbuck is thought to be.","There are many Sawsbuck enthusiasts. The darker the red of the foliage that hangs from its antlers, the more stylish the Sawsbuck is thought to be."
586/default/violet,flavor_text,Sawsbuck in their Autumn Form are known for having very short tempers. The males fight each other incessantly.,"This Pokémon's leaves can be made into a black tea, the taste of which varies depending on the region of origin. Paldea's is especially aromatic.",Sawsbuck in their Autumn Form are known for having very short tempers. The males fight each other incessantly.
586/default/scarlet,flavor_text,"There are many Sawsbuck enthusiasts. The darker the red of the foliage that hangs from its antlers, the more stylish the Sawsbuck is thought to be.","It’s said that Sawsbuck are calm and easy to tame during the season when they take on this form, so it’s the perfect time to make one your partner.","There are many Sawsbuck enthusiasts. The darker the red of the foliage that hangs from its antlers, the more stylish the Sawsbuck is thought to be."
586/default/violet,flavor_text,Sawsbuck in their Autumn Form are known for having very short tempers. The males fight each other incessantly.,"Though there are many enthusiasts for Sawsbuck as a species, this seasonal form in particular is not very popular.",Sawsbuck in their Autumn Form are known for having very short tempers. The males fight each other incessantly.
545/default/sword,flavor_text,"Scolipede latches on to its prey with the claws on
its neck before slamming them into the ground
and jabbing them with its claws’ toxic spikes.",Scolipede latches on to its prey with the claws on its neck before slamming them into the ground and jabbing them with its claw's toxic spikes.,"Scolipede latches on to its prey with the claws on
its neck before slamming them into the ground
and jabbing them with its claws’ toxic spikes."
119/default/emerald,flavor_text,"It punches holes in boulders on stream­
beds. This is a clever innovation that
prevents its eggs from being attacked or
washed away by the current.",It punches holes in boulders on stream-beds. This is a clever innovation that prevents its eggs from being attacked or washed away by the current.,"It punches holes in boulders on stream­
beds. This is a clever innovation that
prevents its eggs from being attacked or
washed away by the current."
319/default/sword,flavor_text,"As soon as it catches the scent of prey, Sharpedo
will jet seawater from its backside, hurtling
toward the target to attack at 75 mph.","As soon as it catches the scent of its prey, Sharpedo will jet seawater from its backside, hurtling toward the target to attack at 75 mph.","As soon as it catches the scent of prey, Sharpedo
will jet seawater from its backside, hurtling
toward the target to attack at 75 mph."
292/default/ruby,flavor_text,"SHEDINJA’s hard body doesn’t move -
not even a twitch. In fact, its body
appears to be merely a hollow shell.It is believed that this POKéMON will
steal the spirit of anyone peering into
its hollow body from its back.","Shedinja's hard body doesn't move - not even a twitch. In fact, its body appears to be merely a hollow shell. It is believed that this Pokémon will steal the spirit of anyone peering into its hollow body from its back.","SHEDINJA’s hard body doesn’t move -
not even a twitch. In fact, its body
appears to be merely a hollow shell.It is believed that this POKéMON will
steal the spirit of anyone peering into
its hollow body from its back."
422/default/legends-arceus,flavor_text,"Found in abundance on seashores bordering warm waters.
Shellos are unexpectedly friendly and will crawl toward any
person they see. Take care not to get coated in mucus!","Found in abundance on seashores bordering cold waters. When pressed upon, the Pokémon will secrete from its body's surface a purple fluid that will stain one's clothes.","Found in abundance on seashores bordering warm waters.
Shellos are unexpectedly friendly and will crawl toward any
person they see. Take care not to get coated in mucus!"
422/default/moon,flavor_text,"Purple mucus sticks to the hands of anyone
who touches it. Take care, as the substance is
troublesome to wash off.",The difference in color from one Shellos to another seems to be a result of their diet. No large changes can be seen in their capabilities.,"Purple mucus sticks to the hands of anyone
who touches it. Take care, as the substance is
troublesome to wash off."
422/default/shield,flavor_text,"Subjecting this Pokémon to a strong force
causes it to secrete a strange purple fluid.
Though harmless, the fluid is awfully sticky.",Its appearance changes depending on the environment. One theory suggests that living in cold seas causes Shellos to take on this form.,"Subjecting this Pokémon to a strong force
causes it to secrete a strange purple fluid.
Though harmless, the fluid is awfully sticky."
422/default/sun,flavor_text,"For the most part, it makes its home along
the seashore. Its color and form differ according
to its habitat and the quality of its food.","Shellos lives in the sea and feasts on plankton. The lovelier the ocean where Shellos resides, the more vibrant its color becomes.","For the most part, it makes its home along
the seashore. Its color and form differ according
to its habitat and the quality of its food."
422/default/sword,flavor_text,"This Pokémon’s habitat shapes its physique.
According to some theories, life in warm ocean
waters causes this variation to develop.","There's speculation that its appearance is determined by what it eats, but the truth remains elusive.","This Pokémon’s habitat shapes its physique.
According to some theories, life in warm ocean
waters causes this variation to develop."
422/default/ultra-moon,flavor_text,"When it senses danger, a purple liquid oozes out
of it. The liquid is thought to be something like
greasy sweat.",Scientists interested in its great regenerative capabilities are currently analyzing the materials from which its cells are made.,"When it senses danger, a purple liquid oozes out
of it. The liquid is thought to be something like
greasy sweat."
422/default/ultra-sun,flavor_text,"While they normally live in the sea, they can
function on land, too, until their skin dries out.","When it senses danger, it gushes a purple liquid. Some theories suggest this liquid is a greasy sweat induced by stress.","While they normally live in the sea, they can
function on land, too, until their skin dries out."
422/default/scarlet,flavor_text,A recently published research paper states that this form of Shellos is gradually decreasing in number.,It used to have a shell on its back long ago. This species is closely related to Pokémon like Shellder.,A recently published research paper states that this form of Shellos is gradually decreasing in number.
422/default/violet,flavor_text,This Pokémon can often be seen along seashores. It's capable of spending a limited amount of time on land.,"It oozes a purple fluid to deter enemies. Apparently, there are more West Sea Shellos now than there were in the past.",This Pokémon can often be seen along seashores. It's capable of spending a limited amount of time on land.
773/default/moon,flavor_text,"Although its name was Type: Null at first, the
boy who evolved it into this form gave it the
name by which it is now known.","Upon awakening, its RKS System is activated. By employing specific memories, this Pokémon can adapt its type to confound its enemies.","Although its name was Type: Null at first, the
boy who evolved it into this form gave it the
name by which it is now known."
773/default/shield,flavor_text,"The final factor needed to release this
Pokémon’s true power was a strong bond
with a Trainer it trusts.",It has the ability to change its type based on the memory it's holding. This is its <Type>-type form.,"The final factor needed to release this
Pokémon’s true power was a strong bond
with a Trainer it trusts."
773/default/sun,flavor_text,"Its trust in its partner is what awakens it.
This Pokémon is capable of changing its type,
a flexibility that is well displayed in battle.",It destroyed its own control mask. It has become capable of changing its type by equipping special memories.,"Its trust in its partner is what awakens it.
This Pokémon is capable of changing its type,
a flexibility that is well displayed in battle."
773/default/sword,flavor_text,"A solid bond of trust between this Pokémon and
its Trainer awakened the strength hidden within
Silvally. It can change its type at will.","Thanks to its awakened powers, it can change to the <Type> type to match the memory it has equipped.","A solid bond of trust between this Pokémon and
its Trainer awakened the strength hidden within
Silvally. It can change its type at will."
773/default/ultra-moon,flavor_text,"Through the bond it formed with its Trainer, its
will was strengthened, and it was able to
destroy its control mask.","Its capacity to change types unleashed, it shines silver due to the energy springing forth from within.","Through the bond it formed with its Trainer, its
will was strengthened, and it was able to
destroy its control mask."
773/default/ultra-sun,flavor_text,"This is its form once it has awakened and
evolved. Freed from its heavy mask, its speed is
greatly increased.","Having been awakened successfully, it can change its type and battle—just like a certain Pokémon depicted in legends.","This is its form once it has awakened and
evolved. Freed from its heavy mask, its speed is
greatly increased."
1013/default/scarlet,flavor_text,"It pretends to be tea, trying to fool people into drinking it so it can drain their life-force. Its ruse is generally unsuccessful.",It lives inside a superb teacup that was crafted by a potter of great renown. Collectors positively adore this Pokémon.,"It pretends to be tea, trying to fool people into drinking it so it can drain their life-force. Its ruse is generally unsuccessful."
1013/default/violet,flavor_text,"It prefers cool, dark places, such as the back of a shelf or the space beneath a home's floorboards. It wanders in search of prey after sunset.","The more stirring it does with the tea whisk on its head, the more energy it builds up. It does this to prepare for battle.","It prefers cool, dark places, such as the back of a shelf or the space beneath a home's floorboards. It wanders in search of prey after sunset."
854/default/shield,flavor_text,"The teacup in which this Pokémon makes its
home is a famous piece of antique tableware.
Many forgeries are in circulation.","It absorbs the life-force of those who drink it. It waits patiently, but opportunities are fleeting—it tastes so bad that it gets spat out immediately.","The teacup in which this Pokémon makes its
home is a famous piece of antique tableware.
Many forgeries are in circulation."
854/default/sword,flavor_text,"This Pokémon is said to have been born when
a lonely spirit possessed a cold, leftover cup
of tea.","The swirl pattern in this Pokémon's body is its weakness. If it gets stirred, the swirl loses its shape, and Sinistea gets dizzy.","This Pokémon is said to have been born when
a lonely spirit possessed a cold, leftover cup
of tea."
854/default/scarlet,flavor_text,"Some fanatics will go to great pains to prepare the perfect tea and teacup, eagerly waiting for a Sinistea to come and possess their selections.",The soul of someone who died alone possessed some leftover tea. This Pokémon appears in hotels and houses.,"Some fanatics will go to great pains to prepare the perfect tea and teacup, eagerly waiting for a Sinistea to come and possess their selections."
854/default/violet,flavor_text,"This Sinistea lives in an antique teacup. As valuable as this Pokémon is, its awful taste remains unchanged.","Sinistea gets into your body when you drink it, and then it steals your vitality from within. It also tastes awful.","This Sinistea lives in an antique teacup. As valuable as this Pokémon is, its awful taste remains unchanged."
199/default/crystal,flavor_text,"Every time it ya­
wns, SHELLDER
injects more poi­son into it. The
poison makes it
more intelligent.","Every time it yawns, Shellder injects more poison into it. The poison makes it more intelligent.","Every time it ya­
wns, SHELLDER
injects more poi­son into it. The
poison makes it
more intelligent."
238/default/silver,flavor_text,"It always rocks
its head slowly
backwards and for­wards as if it is
trying to kiss
someone.",It always rocks its head slowly backwards and forwards as if it is trying to kiss someone.,"It always rocks
its head slowly
backwards and for­wards as if it is
trying to kiss
someone."
215/default/gold,flavor_text,"Its paws conceal
sharp claws. If
attacked, it sud­denly extends the
claws and startles
its enemy.","Its paws conceal sharp claws. If attacked, it suddenly extends the claws and startles its enemy.","Its paws conceal
sharp claws. If
attacked, it sud­denly extends the
claws and startles
its enemy."
215/default/legends-arceus,flavor_text,"Its sturdy, curved claws are ideal for traversing precipitous cliffs.
From the tips of these claws drips a venom that infiltrates the
nerves of any prey caught in Sneasel's grasp.","This Pokémon shares roots with the Sneasel of Hisui, but unlike that species, this one is spiteful in personality. I hypothesize that water and earth can affect Sneasel's mind and body.","Its sturdy, curved claws are ideal for traversing precipitous cliffs.
From the tips of these claws drips a venom that infiltrates the
nerves of any prey caught in Sneasel's grasp."
121/default/ruby,flavor_text,"STARMIE’s center section - the core -
glows brightly in seven colors.
Because of its luminous nature, thisPOKéMON has been given the nickname
“the gem of the sea.”","Starmie's center section - the core - glows brightly in seven colors. Because of its luminous nature, this Pokémon has been given the nickname “the gem of the sea.”","STARMIE’s center section - the core -
glows brightly in seven colors.
Because of its luminous nature, thisPOKéMON has been given the nickname
“the gem of the sea.”"
185/default/gold,flavor_text,"Although it always
pretends to be a
tree, its composi­tion appears to be
closer to a rock
than a plant.","Although it always pretends to be a tree, its composition appears to be closer to a rock than a plant.","Although it always
pretends to be a
tree, its composi­tion appears to be
closer to a rock
than a plant."
128/default/crystal,flavor_text,"These violent
POKéMON fight
with other mem­bers of their herd
in order to prove
their strength.",These violent Pokémon fight with other members of their herd in order to prove their strength.,"These violent
POKéMON fight
with other mem­bers of their herd
in order to prove
their strength."
128/default/shield,flavor_text,"The Tauros of the Galar region are volatile in
nature, and they won’t allow people to ride on
their backs.","The Tauros of Galar are volatile in nature, and they won't allow people to ride on their backs.","The Tauros of the Galar region are volatile in
nature, and they won’t allow people to ride on
their backs."
175/default/silver,flavor_text,"A proverb claims
that happiness
will come to any­one who can make a
sleeping TOGEPI
stand up.",A proverb claims that happiness will come to anyone who can make a sleeping Togepi stand up.,"A proverb claims
that happiness
will come to any­one who can make a
sleeping TOGEPI
stand up."
176/default/gold,flavor_text,"They say that it
will appear before
kindhearted, car­ing people and
shower them with
happiness.","They say that it will appear before kindhearted, caring people and shower them with happiness.","They say that it
will appear before
kindhearted, car­ing people and
shower them with
happiness."
176/default/platinum,flavor_text,"To share its happiness, it flies
around the world seeking kind­
hearted people.","To share its happiness, it flies around the world seeking kind-hearted people.","To share its happiness, it flies
around the world seeking kind­
hearted people."
255/default/sapphire,flavor_text,"TORCHIC has a place inside its body
where it keeps its flame. Give it a hug -
it will be glowing with warmth.This POKéMON is covered all over by a
fluffy coat of down.",Torchic has a place inside its body where it keeps its flame. Give it a hug - it will be glowing with warmth. This Pokémon is covered all over by a fluffy coat of down.,"TORCHIC has a place inside its body
where it keeps its flame. Give it a hug -
it will be glowing with warmth.This POKéMON is covered all over by a
fluffy coat of down."
252/default/sapphire,flavor_text,"TREECKO is cool, calm, and collected -
it never panics under any situation.
If a bigger foe were to glare at thisPOKéMON, it would glare right back
without conceding an inch of ground.","Treecko is cool, calm, and collected - it never panics under any situation. If a bigger foe were to glare at this Pokémon, it would glare right back without conceding an inch of ground.","TREECKO is cool, calm, and collected -
it never panics under any situation.
If a bigger foe were to glare at thisPOKéMON, it would glare right back
without conceding an inch of ground."
157/default/silver,flavor_text,"It has a secret,
devastating move.
It rubs its blaz­
ing fur together
to cause huge
explosions.","It has a secret, devastating move. It rubs its blazing fur together to cause huge explosions.","It has a secret,
devastating move.
It rubs its blaz­
ing fur together
to cause huge
explosions."
248/default/firered,flavor_text,"Its body can’t be harmed by any sort of
attack, so it is very eager to make
challenges against enemies.","Its body can't be harmed by any sort of attack, so it is very eager to make challenges against enemies. (Version 1.0) It has an impudent nature. Having great strength, it can even change surrounding landforms. (Version 1.1)","Its body can’t be harmed by any sort of
attack, so it is very eager to make
challenges against enemies."
236/default/gold,flavor_text,"It is always
bursting with en­
ergy. To make it­self stronger, it
keeps on fighting
even if it loses.","It is always bursting with energy. To make itself stronger, it keeps on fighting even if it loses.","It is always
bursting with en­
ergy. To make it­self stronger, it
keeps on fighting
even if it loses."
521/default/sword,flavor_text,"Unfezant are exceptional fliers. The females
are known for their stamina, while the males
outclass them in terms of speed.","Females of this species are very capable fliers, particularly notable for their stamina. They also take longer to adjust to people.","Unfezant are exceptional fliers. The females
are known for their stamina, while the males
outclass them in terms of speed."
201/default/gold,flavor_text,"Their shapes look
like hieroglyphs
on ancient tab­lets. It is said
that the two are
somehow related.",Their shapes look like hieroglyphs on ancient tablets. It is said that the two are somehow related.,"Their shapes look
like hieroglyphs
on ancient tab­lets. It is said
that the two are
somehow related."
217/default/silver,flavor_text,"With its ability
to distinguish any
aroma, it unfail­ingly finds all
food buried deep
underground.","With its ability to distinguish any aroma, it unfailingly finds all food buried deep underground.","With its ability
to distinguish any
aroma, it unfail­ingly finds all
food buried deep
underground."
666/default/legends-za,flavor_text,The patterns on this Pokémon depend on the climate and topography of the land it was born in. This form is from places with many islands.,The patterns on this Pokémon depend on the climate and topography of the land it was born in. This form is from lands of vast space.,The patterns on this Pokémon depend on the climate and topography of the land it was born in. This form is from places with many islands.
666/default/scarlet,flavor_text,The patterns on this Pokémon depend on the climate and topography of the land it was born in. This form is from places with many islands.,The patterns on this Pokémon depend on the climate and topography of the land it was born in. This form is from lands of vast space.,The patterns on this Pokémon depend on the climate and topography of the land it was born in. This form is from places with many islands.
666/default/violet,flavor_text,"This Pokémon was born in a place with many islands. It scatters colorful, toxic scales from its wings during battle.","This Pokémon was born in a land of vast space. It scatters colorful, toxic scales from its wings during battle.","This Pokémon was born in a place with many islands. It scatters colorful, toxic scales from its wings during battle."
666/default/legends-za,flavor_text,The patterns on this Pokémon depend on the climate and topography of the land it was born in. This form is from places with many islands.,The patterns on this Pokémon depend on the climate and topography of the land it was born in. This form is from lands with distinct seasons.,The patterns on this Pokémon depend on the climate and topography of the land it was born in. This form is from places with many islands.
666/default/scarlet,flavor_text,The patterns on this Pokémon depend on the climate and topography of the land it was born in. This form is from places with many islands.,The patterns on this Pokémon depend on the climate and topography of the land it was born in. This form is from lands with distinct seasons.,The patterns on this Pokémon depend on the climate and topography of the land it was born in. This form is from places with many islands.
666/default/violet,flavor_text,"This Pokémon was born in a place with many islands. It scatters colorful, toxic scales from its wings during battle.","This Pokémon was born in a land with distinct seasons. It scatters colorful, toxic scales from its wings during battle.","This Pokémon was born in a place with many islands. It scatters colorful, toxic scales from its wings during battle."
666/default/legends-za,flavor_text,The patterns on this Pokémon depend on the climate and topography of the land it was born in. This form is from places with many islands.,The patterns on this Pokémon depend on the climate and topography of the land it was born in. This form is from a mysterious land.,The patterns on this Pokémon depend on the climate and topography of the land it was born in. This form is from places with many islands.
666/default/scarlet,flavor_text,The patterns on this Pokémon depend on the climate and topography of the land it was born in. This form is from places with many islands.,The patterns on this Pokémon depend on the climate and topography of the land it was born in. This form is from a mysterious land.,The patterns on this Pokémon depend on the climate and topography of the land it was born in. This form is from places with many islands.
666/default/violet,flavor_text,"This Pokémon was born in a place with many islands. It scatters colorful, toxic scales from its wings during battle.","This Pokémon was born in a mysterious land. It scatters colorful, toxic scales from its wings during battle.","This Pokémon was born in a place with many islands. It scatters colorful, toxic scales from its wings during battle."
666/default/legends-za,flavor_text,The patterns on this Pokémon depend on the climate and topography of the land it was born in. This form is from places with many islands.,The patterns on this Pokémon depend on the climate and topography of the land it was born in. This form is from verdant lands.,The patterns on this Pokémon depend on the climate and topography of the land it was born in. This form is from places with many islands.
666/default/scarlet,flavor_text,The patterns on this Pokémon depend on the climate and topography of the land it was born in. This form is from places with many islands.,The patterns on this Pokémon depend on the climate and topography of the land it was born in. This form is from verdant lands.,The patterns on this Pokémon depend on the climate and topography of the land it was born in. This form is from places with many islands.
666/default/violet,flavor_text,"This Pokémon was born in a place with many islands. It scatters colorful, toxic scales from its wings during battle.","This Pokémon was born in a verdant land. It scatters colorful, toxic scales from its wings during battle.","This Pokémon was born in a place with many islands. It scatters colorful, toxic scales from its wings during battle."
666/default/legends-za,flavor_text,The patterns on this Pokémon depend on the climate and topography of the land it was born in. This form is from places with many islands.,The patterns on this Pokémon depend on the climate and topography of the land it was born in. This form is from lands with little rain.,The patterns on this Pokémon depend on the climate and topography of the land it was born in. This form is from places with many islands.
666/default/scarlet,flavor_text,The patterns on this Pokémon depend on the climate and topography of the land it was born in. This form is from places with many islands.,The patterns on this Pokémon depend on the climate and topography of the land it was born in. This form is from lands with little rain.,The patterns on this Pokémon depend on the climate and topography of the land it was born in. This form is from places with many islands.
666/default/violet,flavor_text,"This Pokémon was born in a place with many islands. It scatters colorful, toxic scales from its wings during battle.","This Pokémon was born in a land with little rain. It scatters colorful, toxic scales from its wings during battle.","This Pokémon was born in a place with many islands. It scatters colorful, toxic scales from its wings during battle."
666/default/legends-za,flavor_text,The patterns on this Pokémon depend on the climate and topography of the land it was born in. This form is from places with many islands.,The patterns on this Pokémon depend on the climate and topography of the land it was born in. This form is from frigid lands.,The patterns on this Pokémon depend on the climate and topography of the land it was born in. This form is from places with many islands.
666/default/scarlet,flavor_text,The patterns on this Pokémon depend on the climate and topography of the land it was born in. This form is from places with many islands.,The patterns on this Pokémon depend on the climate and topography of the land it was born in. This form is from frigid lands.,The patterns on this Pokémon depend on the climate and topography of the land it was born in. This form is from places with many islands.
666/default/violet,flavor_text,"This Pokémon was born in a place with many islands. It scatters colorful, toxic scales from its wings during battle.","This Pokémon was born in frigid lands. It scatters colorful, toxic scales from its wings during battle.","This Pokémon was born in a place with many islands. It scatters colorful, toxic scales from its wings during battle."
666/default/legends-za,flavor_text,The patterns on this Pokémon depend on the climate and topography of the land it was born in. This form is from places with many islands.,The patterns on this Pokémon depend on the climate and topography of the land it was born in. This form is from lands of tropical rain forests.,The patterns on this Pokémon depend on the climate and topography of the land it was born in. This form is from places with many islands.
666/default/scarlet,flavor_text,The patterns on this Pokémon depend on the climate and topography of the land it was born in. This form is from places with many islands.,The patterns on this Pokémon depend on the climate and topography of the land it was born in. This form is from lands of tropical rain forests.,The patterns on this Pokémon depend on the climate and topography of the land it was born in. This form is from places with many islands.
666/default/violet,flavor_text,"This Pokémon was born in a place with many islands. It scatters colorful, toxic scales from its wings during battle.","This Pokémon was born in a land of tropical rain forests. It scatters colorful, toxic scales from its wings during battle.","This Pokémon was born in a place with many islands. It scatters colorful, toxic scales from its wings during battle."
666/default/legends-za,flavor_text,The patterns on this Pokémon depend on the climate and topography of the land it was born in. This form is from places with many islands.,The patterns on this Pokémon depend on the climate and topography of the land it was born in. This form is from lands with ocean breezes.,The patterns on this Pokémon depend on the climate and topography of the land it was born in. This form is from places with many islands.
666/default/scarlet,flavor_text,The patterns on this Pokémon depend on the climate and topography of the land it was born in. This form is from places with many islands.,The patterns on this Pokémon depend on the climate and topography of the land it was born in. This form is from lands with ocean breezes.,The patterns on this Pokémon depend on the climate and topography of the land it was born in. This form is from places with many islands.
666/default/violet,flavor_text,"This Pokémon was born in a place with many islands. It scatters colorful, toxic scales from its wings during battle.","This Pokémon was born in a land with ocean breezes. It scatters colorful, toxic scales from its wings during battle.","This Pokémon was born in a place with many islands. It scatters colorful, toxic scales from its wings during battle."
666/default/legends-za,flavor_text,The patterns on this Pokémon depend on the climate and topography of the land it was born in. This form is from places with many islands.,The patterns on this Pokémon depend on the climate and topography of the land it was born in. This form is from lands where flowers bloom.,The patterns on this Pokémon depend on the climate and topography of the land it was born in. This form is from places with many islands.
666/default/scarlet,flavor_text,The patterns on this Pokémon depend on the climate and topography of the land it was born in. This form is from places with many islands.,The patterns on this Pokémon depend on the climate and topography of the land it was born in. This form is from lands where flowers bloom.,The patterns on this Pokémon depend on the climate and topography of the land it was born in. This form is from places with many islands.
666/default/violet,flavor_text,"This Pokémon was born in a place with many islands. It scatters colorful, toxic scales from its wings during battle.","This Pokémon was born in a land where flowers bloom. It scatters colorful, toxic scales from its wings during battle.","This Pokémon was born in a place with many islands. It scatters colorful, toxic scales from its wings during battle."
666/default/legends-za,flavor_text,The patterns on this Pokémon depend on the climate and topography of the land it was born in. This form is from places with many islands.,The patterns on this Pokémon depend on the climate and topography of the land it was born in. This form is from sun-drenched lands.,The patterns on this Pokémon depend on the climate and topography of the land it was born in. This form is from places with many islands.
666/default/scarlet,flavor_text,The patterns on this Pokémon depend on the climate and topography of the land it was born in. This form is from places with many islands.,The patterns on this Pokémon depend on the climate and topography of the land it was born in. This form is from sun-drenched lands.,The patterns on this Pokémon depend on the climate and topography of the land it was born in. This form is from places with many islands.
666/default/violet,flavor_text,"This Pokémon was born in a place with many islands. It scatters colorful, toxic scales from its wings during battle.","This Pokémon was born in a sun-drenched land. It scatters colorful, toxic scales from its wings during battle.","This Pokémon was born in a place with many islands. It scatters colorful, toxic scales from its wings during battle."
666/default/legends-za,flavor_text,The patterns on this Pokémon depend on the climate and topography of the land it was born in. This form is from places with many islands.,The patterns on this Pokémon depend on the climate and topography of the land it was born in. This form is from lands with intense rainfall.,The patterns on this Pokémon depend on the climate and topography of the land it was born in. This form is from places with many islands.
666/default/scarlet,flavor_text,The patterns on this Pokémon depend on the climate and topography of the land it was born in. This form is from places with many islands.,The patterns on this Pokémon depend on the climate and topography of the land it was born in. This form is from lands with intense rainfall.,The patterns on this Pokémon depend on the climate and topography of the land it was born in. This form is from places with many islands.
666/default/violet,flavor_text,"This Pokémon was born in a place with many islands. It scatters colorful, toxic scales from its wings during battle.","This Pokémon was born in a land with intense rainfall. It scatters colorful, toxic scales from its wings during battle.","This Pokémon was born in a place with many islands. It scatters colorful, toxic scales from its wings during battle."
666/default/legends-za,flavor_text,The patterns on this Pokémon depend on the climate and topography of the land it was born in. This form is from places with many islands.,The patterns on this Pokémon depend on the climate and topography of the land it was born in. This form is from lands of perpetual summer.,The patterns on this Pokémon depend on the climate and topography of the land it was born in. This form is from places with many islands.
666/default/scarlet,flavor_text,The patterns on this Pokémon depend on the climate and topography of the land it was born in. This form is from places with many islands.,The patterns on this Pokémon depend on the climate and topography of the land it was born in. This form is from lands of perpetual summer.,The patterns on this Pokémon depend on the climate and topography of the land it was born in. This form is from places with many islands.
666/default/violet,flavor_text,"This Pokémon was born in a place with many islands. It scatters colorful, toxic scales from its wings during battle.","This Pokémon was born in a land of perpetual summer. It scatters colorful, toxic scales from its wings during battle.","This Pokémon was born in a place with many islands. It scatters colorful, toxic scales from its wings during battle."
666/default/legends-za,flavor_text,The patterns on this Pokémon depend on the climate and topography of the land it was born in. This form is from places with many islands.,The patterns on this Pokémon depend on the climate and topography of the land it was born in. This form is from a special land.,The patterns on this Pokémon depend on the climate and topography of the land it was born in. This form is from places with many islands.
666/default/scarlet,flavor_text,The patterns on this Pokémon depend on the climate and topography of the land it was born in. This form is from places with many islands.,The patterns on this Pokémon depend on the climate and topography of the land it was born in. This form is from a special land.,The patterns on this Pokémon depend on the climate and topography of the land it was born in. This form is from places with many islands.
666/default/violet,flavor_text,"This Pokémon was born in a place with many islands. It scatters colorful, toxic scales from its wings during battle.","This Pokémon was born in a special land. It scatters colorful, toxic scales from its wings during battle.","This Pokémon was born in a place with many islands. It scatters colorful, toxic scales from its wings during battle."
666/default/legends-za,flavor_text,The patterns on this Pokémon depend on the climate and topography of the land it was born in. This form is from places with many islands.,The patterns on this Pokémon depend on the climate and topography of the land it was born in. This form is from snowy lands.,The patterns on this Pokémon depend on the climate and topography of the land it was born in. This form is from places with many islands.
666/default/scarlet,flavor_text,The patterns on this Pokémon depend on the climate and topography of the land it was born in. This form is from places with many islands.,The patterns on this Pokémon depend on the climate and topography of the land it was born in. This form is from snowy lands.,The patterns on this Pokémon depend on the climate and topography of the land it was born in. This form is from places with many islands.
666/default/violet,flavor_text,"This Pokémon was born in a place with many islands. It scatters colorful, toxic scales from its wings during battle.","This Pokémon was born in a snowy land. It scatters colorful, toxic scales from its wings during battle.","This Pokémon was born in a place with many islands. It scatters colorful, toxic scales from its wings during battle."
666/default/legends-za,flavor_text,The patterns on this Pokémon depend on the climate and topography of the land it was born in. This form is from places with many islands.,The patterns on this Pokémon depend on the climate and topography of the land it was born in. This form is from lands where large rivers flow.,The patterns on this Pokémon depend on the climate and topography of the land it was born in. This form is from places with many islands.
666/default/scarlet,flavor_text,The patterns on this Pokémon depend on the climate and topography of the land it was born in. This form is from places with many islands.,The patterns on this Pokémon depend on the climate and topography of the land it was born in. This form is from lands where large rivers flow.,The patterns on this Pokémon depend on the climate and topography of the land it was born in. This form is from places with many islands.
666/default/violet,flavor_text,"This Pokémon was born in a place with many islands. It scatters colorful, toxic scales from its wings during battle.","This Pokémon was born in a land where large rivers flow. It scatters colorful, toxic scales from its wings during battle.","This Pokémon was born in a place with many islands. It scatters colorful, toxic scales from its wings during battle."
666/default/legends-za,flavor_text,The patterns on this Pokémon depend on the climate and topography of the land it was born in. This form is from places with many islands.,The patterns on this Pokémon depend on the climate and topography of the land it was born in. This form is from parched lands.,The patterns on this Pokémon depend on the climate and topography of the land it was born in. This form is from places with many islands.
666/default/scarlet,flavor_text,The patterns on this Pokémon depend on the climate and topography of the land it was born in. This form is from places with many islands.,The patterns on this Pokémon depend on the climate and topography of the land it was born in. This form is from parched lands.,The patterns on this Pokémon depend on the climate and topography of the land it was born in. This form is from places with many islands.
666/default/violet,flavor_text,"This Pokémon was born in a place with many islands. It scatters colorful, toxic scales from its wings during battle.","This Pokémon was born in a parched land. It scatters colorful, toxic scales from its wings during battle.","This Pokémon was born in a place with many islands. It scatters colorful, toxic scales from its wings during battle."
666/default/legends-za,flavor_text,The patterns on this Pokémon depend on the climate and topography of the land it was born in. This form is from places with many islands.,The patterns on this Pokémon depend on the climate and topography of the land it was born in. This form is from lands with a tropical climate.,The patterns on this Pokémon depend on the climate and topography of the land it was born in. This form is from places with many islands.
666/default/scarlet,flavor_text,The patterns on this Pokémon depend on the climate and topography of the land it was born in. This form is from places with many islands.,The patterns on this Pokémon depend on the climate and topography of the land it was born in. This form is from lands with a tropical climate.,The patterns on this Pokémon depend on the climate and topography of the land it was born in. This form is from places with many islands.
666/default/violet,flavor_text,"This Pokémon was born in a place with many islands. It scatters colorful, toxic scales from its wings during battle.","This Pokémon was born in a land with a tropical climate. It scatters colorful, toxic scales from its wings during battle.","This Pokémon was born in a place with many islands. It scatters colorful, toxic scales from its wings during battle."
666/default/legends-za,flavor_text,The patterns on this Pokémon depend on the climate and topography of the land it was born in. This form is from places with many islands.,The patterns on this Pokémon depend on the climate and topography of the land it was born in. This form is from lands bathed in light.,The patterns on this Pokémon depend on the climate and topography of the land it was born in. This form is from places with many islands.
666/default/scarlet,flavor_text,The patterns on this Pokémon depend on the climate and topography of the land it was born in. This form is from places with many islands.,The patterns on this Pokémon depend on the climate and topography of the land it was born in. This form is from lands bathed in light.,The patterns on this Pokémon depend on the climate and topography of the land it was born in. This form is from places with many islands.
666/default/violet,flavor_text,"This Pokémon was born in a place with many islands. It scatters colorful, toxic scales from its wings during battle.","This Pokémon was born in a land bathed in light. It scatters colorful, toxic scales from its wings during battle.","This Pokémon was born in a place with many islands. It scatters colorful, toxic scales from its wings during battle."
666/default/legends-za,flavor_text,The patterns on this Pokémon depend on the climate and topography of the land it was born in. This form is from places with many islands.,The patterns on this Pokémon depend on the climate and topography of the land it was born in. This form is from lands of severe cold.,The patterns on this Pokémon depend on the climate and topography of the land it was born in. This form is from places with many islands.
666/default/scarlet,flavor_text,The patterns on this Pokémon depend on the climate and topography of the land it was born in. This form is from places with many islands.,The patterns on this Pokémon depend on the climate and topography of the land it was born in. This form is from lands of severe cold.,The patterns on this Pokémon depend on the climate and topography of the land it was born in. This form is from places with many islands.
666/default/violet,flavor_text,"This Pokémon was born in a place with many islands. It scatters colorful, toxic scales from its wings during battle.","This Pokémon was born in a land of severe cold. It scatters colorful, toxic scales from its wings during battle.","This Pokémon was born in a place with many islands. It scatters colorful, toxic scales from its wings during battle."
293/default/ruby,flavor_text,"Normally, WHISMUR’s voice is very quiet -
it is barely audible even if one is
paying close attention.However, if this POKéMON senses danger,
it starts crying at an earsplitting
volume.","Normally, Whismur's voice is very quiet - it is barely audible even if one is paying close attention. However, if this Pokémon senses danger, it starts crying at an earsplitting volume.","Normally, WHISMUR’s voice is very quiet -
it is barely audible even if one is
paying close attention.However, if this POKéMON senses danger,
it starts crying at an earsplitting
volume."
293/default/shield,flavor_text,"When Whismur cries, the sound of its own voice
startles it, making the Pokémon cry even louder.
It cries until it’s exhausted, then it falls asleep.","When Whismur cries, the sound of its own voice startles it, making the Pokémon cry even louder. It cries until its exhausted, then it falls asleep.","When Whismur cries, the sound of its own voice
startles it, making the Pokémon cry even louder.
It cries until it’s exhausted, then it falls asleep."
807/default/shield,flavor_text,"Electricity sparks from the pads on its limbs.
Wherever Zeraora runs, lightning flashes and
thunder echoes.","Electricity sparks from the pads on its limbs. Wherever Zeraora runs, lightning flashes and thunder echoes.*","Electricity sparks from the pads on its limbs.
Wherever Zeraora runs, lightning flashes and
thunder echoes."
807/default/sword,flavor_text,"It runs as fast as lightning strikes, shredding its
opponents with its high-voltage claws.","It runs as fast as lightning strikes, shredding its opponents with its high-voltage claws.*","It runs as fast as lightning strikes, shredding its
opponents with its high-voltage claws."
571/default/shield,flavor_text,"Seeking to ease the burden of their solitude,
lonely Trainers tell Zoroark to show illusions
to them.","Seeking to ease the burden of solitude, lonely Trainers tell Zoroark to show illusions to them.","Seeking to ease the burden of their solitude,
lonely Trainers tell Zoroark to show illusions
to them."
